external_code,retail,season,category,actual,naive_prediction,ses_prediction
5198,100,SS19,culottes,0.0188679245283018,0.0,0.024013717129662812
5180,74,SS19,long dress,0.0,0.1132075471698113,0.13722126430746687
5159,43,SS19,culottes,0.0,0.0,0.012006856064175779
5207,30,SS19,doll dress,0.0,0.0188679245283018,0.08061749075262002
5172,2,SS19,jumpsuit,0.0,0.0188679245283018,0.02401371712053109
5166,22,SS19,long dress,0.0,0.0,0.005259738138932744
5159,3,SS19,culottes,0.0,0.0,0.018867919523747705
5172,12,SS19,jumpsuit,0.0188679245283018,0.0,0.015547319012080167
5148,66,SS19,sleeveless,0.0943396226415094,0.0,0.020583185394912464
5113,14,SS19,culottes,0.0,0.0377358490566037,0.07032589548172305
5198,29,SS19,culottes,0.0188679245283018,0.0,0.020583185396965846
5172,10,SS19,jumpsuit,0.0,0.0188679245283018,0.011563458339802282
5148,84,SS19,sleeveless,0.0377358490566037,0.0,0.020583185390651248
5180,81,SS19,long dress,0.0566037735849056,0.2452830188679245,0.21482669465293902
5207,90,SS19,doll dress,0.0188679245283018,0.0943396226415094,0.030874780562900116
5207,46,SS19,doll dress,0.0,0.0754716981132075,0.08037383115005656
5207,36,SS19,doll dress,0.0,0.0377358490566037,0.03773585018121964
5148,75,SS19,sleeveless,0.0377358490566037,0.0188679245283018,0.01886791952988369
5180,46,SS19,long dress,0.0188679245283018,0.2075471698113207,0.20926243054108612
5166,101,SS19,long dress,0.0,0.0,0.0377358472267951
5166,20,SS19,long dress,0.0,0.0,0.015437387796083866
5207,69,SS19,doll dress,0.0,0.0188679245283018,0.06861062962168935
5166,38,SS19,long dress,0.0,0.0,0.017152653664065622
5147,57,SS19,capris,0.0188679245283018,0.0,8.37904175771291e-18
5166,61,SS19,long dress,0.0,0.0,0.01543738779576221
5180,67,SS19,long dress,0.0188679245283018,0.1509433962264151,0.20754716769123355
5166,109,SS19,long dress,0.0,0.0188679245283018,0.018867919524484363
4204,20,SS19,culottes,0.0,0.0188679245283018,0.01735589889947251
5127,75,SS19,sleeveless,0.0188679245283018,0.0188679245283018,0.012006856064603857
5166,85,SS19,long dress,0.0,0.0,0.0
5159,2,SS19,culottes,0.0,0.0,0.02229845125828214
5145,94,SS19,doll dress,0.0188679245283018,0.0,0.010291593849877047
4204,24,SS19,culottes,0.0,0.0,0.01886791952905807
5127,79,SS19,sleeveless,0.0,0.0188679245283018,0.01886791953095325
5125,42,SS19,culottes,0.0,0.0754716981132075,0.041228604936522244
5148,99,SS19,sleeveless,0.0188679245283018,0.0,0.017152653661587056
5127,86,SS19,sleeveless,0.0,0.0,0.0257289829923056
5166,72,SS19,long dress,0.0,0.0,0.020583185366308505
5136,15,SS19,jumpsuit,0.0,0.0,0.01372212192971216
5148,5,SS19,sleeveless,0.0188679245283018,0.0188679245283018,0.017152653663318574
5166,83,SS19,long dress,0.0,0.0,0.03773584406171165
5122,59,SS19,solid color top,0.0377358490566037,0.0,0.015437387792726789
5180,44,SS19,long dress,0.1132075471698113,0.0754716981132075,0.05317323685398239
4204,43,SS19,culottes,0.0,0.0188679245283018,0.012006856063319976
5207,40,SS19,doll dress,0.0,0.0188679245283018,0.056603768590534724
5166,33,SS19,long dress,0.0,0.0,0.0038693368467143966
5124,25,SS19,drop sleeve,0.0188679245283018,0.0188679245283018,0.01372212192705845
5159,65,SS19,culottes,0.0188679245283018,0.0188679245283018,0.008576324331436083
5124,21,SS19,drop sleeve,0.0,0.0,0.012006856064078086
5166,82,SS19,long dress,0.0,0.0,0.011615035394584876
5127,99,SS19,sleeveless,0.0,0.0,0.0343053123471501
5148,3,SS19,sleeveless,0.0188679245283018,0.0377358490566037,0.0274442488467303
5159,4,SS19,culottes,0.0,0.0188679245283018,0.017152653662232807
5124,6,SS19,drop sleeve,0.0,0.0,0.02229845126544678
5143,54,SS19,capris,0.0188679245283018,0.0188679245283018,0.015437387796131838
5124,32,SS19,drop sleeve,0.0,0.0,0.0257289829928109
5207,35,SS19,doll dress,0.0,0.0,0.0806174907057893
5113,6,SS19,culottes,0.0377358490566037,0.0188679245283018,0.017152653663581794
5148,86,SS19,sleeveless,0.0188679245283018,0.0377358490566037,0.024013720599393495
5125,22,SS19,culottes,0.0377358490566037,0.0,0.032590046449635784
5180,8,SS19,long dress,0.0943396226415094,0.0188679245283018,0.0634648321017448
5180,59,SS19,long dress,0.0566037735849056,0.0754716981132075,0.09964534910063448
5180,104,SS19,long dress,0.0,0.1132075471698113,0.17470692833708523
5130,9,SS19,culottes,0.0,0.0,0.01886791952935203
5127,61,SS19,sleeveless,0.0188679245283018,0.0188679245283018,0.01715265366998603
5150,104,SS19,doll dress,0.0188679245283018,0.0,0.01543738780078683
5124,67,SS19,drop sleeve,0.0,0.0377358490566037,0.024013717121757122
5127,20,SS19,sleeveless,0.0,0.0,0.02058318538955407
5180,63,SS19,long dress,0.0943396226415094,0.1886792452830188,0.14450741827745556
5180,100,SS19,long dress,0.0,0.0754716981132075,0.08919382004901778
5180,21,SS19,long dress,0.0377358490566037,0.0188679245283018,0.04459690752246691
5127,93,SS19,sleeveless,0.0,0.0,0.013722121934337026
4236,104,SS19,culottes,0.0188679245283018,0.0,0.01372212192897536
5180,102,SS19,long dress,0.0566037735849056,0.1509433962264151,0.09415018231389422
5124,0,SS19,drop sleeve,0.0377358490566037,0.0,0.0012329542166749862
5143,16,SS19,capris,0.0,0.0188679245283018,0.015437387795077927
5127,45,SS19,sleeveless,0.0,0.0,0.02229845126112584
5130,83,SS19,culottes,0.0188679245283018,0.0,0.015437393845339806
5130,53,SS19,culottes,0.0,0.0188679245283018,0.012006856062270557
5124,46,SS19,drop sleeve,0.0,0.0188679245283018,0.018867919542724994
5147,4,SS19,capris,0.0,0.0,0.020583185396320706
5122,57,SS19,solid color top,0.0566037735849056,0.0,0.030874780590950286
5130,18,SS19,culottes,0.0,0.0188679245283018,0.015437387797340382
5166,47,SS19,long dress,0.0,0.0188679245283018,0.030874784187138918
5130,10,SS19,culottes,0.0,0.0377358490566037,0.01715265366239921
5136,75,SS19,jumpsuit,0.0,0.0188679245283018,0.012006856062978135
5127,16,SS19,sleeveless,0.0188679245283018,0.0,0.0137221219298342
5124,99,SS19,drop sleeve,0.0754716981132075,0.0,0.015437387799561232
5125,76,SS19,culottes,0.0188679245283018,0.0377358490566037,0.036020578192585584
5166,51,SS19,long dress,0.0,0.0,0.0002333665820879059
4222,109,SS19,printed shirt,0.0,0.0,0.0205831853943155
5124,24,SS19,drop sleeve,0.0188679245283018,0.0188679245283018,0.015437387798799964
5113,5,SS19,culottes,0.0188679245283018,0.0188679245283018,0.0325900464553978
5136,101,SS19,jumpsuit,0.0,0.0,0.015437387797855938
5127,117,SS19,sleeveless,0.0,0.0188679245283018,0.018867919526231226
5180,18,SS19,long dress,0.0,0.0754716981132075,0.23327615293983084
5125,16,SS19,culottes,0.0,0.0,0.017152657722424063
5124,109,SS19,drop sleeve,0.0,0.0,0.02229845127477832
5136,104,SS19,jumpsuit,0.0377358490566037,0.0377358490566037,0.015437387797265487
5143,15,SS19,capris,0.0,0.0,0.017152653671207926
5180,0,SS19,long dress,0.0566037735849056,0.0943396226415094,0.02401371711699721
5207,2,SS19,doll dress,0.0,0.0566037735849056,0.05663869480145388
5180,41,SS19,long dress,0.0377358490566037,0.0566037735849056,0.1543739260392753
5180,64,SS19,long dress,0.1320754716981132,0.1886792452830188,0.17216323907189576
5093,84,SS19,culottes,0.0,0.0188679245283018,0.02744424886236974
5130,4,SS19,culottes,0.0,0.0,0.017152657081020435
4161,80,SS19,long sleeve,0.0943396226415094,0.0,0.0003170050124278876
5124,1,SS19,drop sleeve,0.0,0.0,0.027444253844069823
4204,101,SS19,culottes,0.0,0.0,0.01372212192647373
5147,44,SS19,capris,0.0,0.0,0.013722121929214919
4204,61,SS19,culottes,0.0,0.0,0.0008048135868000757
5125,5,SS19,culottes,0.0377358490566037,0.0,0.037735846505681285
4179,117,SS19,culottes,0.0188679245283018,0.0188679245283018,0.005145792603123881
5222,81,SS19,culottes,0.0,0.0,0.012006856064147373
4222,5,SS19,printed shirt,0.0,0.0188679245283018,0.07375643032364622
5180,110,SS19,long dress,0.0377358490566037,0.1698113207547169,0.1555535930904729
4222,117,SS19,printed shirt,0.0188679245283018,0.0377358490566037,0.025728982994798474
5180,47,SS19,long dress,0.0566037735849056,0.1509433962264151,0.13550599842266534
5125,19,SS19,culottes,0.0377358490566037,0.0,0.029159514728027226
5147,20,SS19,capris,0.0,0.0,0.0222984512687518
5147,82,SS19,capris,0.0,0.0188679245283018,0.02401371712594188
4220,9,SS19,culottes,0.0188679245283018,0.0,0.010291590196338522
5212,36,SS19,culottes,0.0188679245283018,0.0377358490566037,0.06587927216612866
5147,107,SS19,capris,0.0,0.0188679245283018,0.017152653661781987
5166,81,SS19,long dress,0.0,0.0,0.030874780588746705
5198,40,SS19,culottes,0.0188679245283018,0.0,0.015437387800624383
5180,99,SS19,long dress,0.0377358490566037,0.1320754716981132,0.09948541912815516
5180,73,SS19,long dress,0.0377358490566037,0.0566037735849056,0.09646809292651443
5207,8,SS19,doll dress,0.0188679245283018,0.0377358490566037,0.04802743923988681
4186,68,SS19,sheath dress,0.0,0.0188679245283018,0.012006856063796999
5125,75,SS19,culottes,0.0188679245283018,0.0377358490566037,0.013722127208642377
4204,18,SS19,culottes,0.0,0.0,0.010291590198757325
5147,45,SS19,capris,0.0,0.0188679245283018,0.017640346760143137
5180,24,SS19,long dress,0.1320754716981132,0.1509433962264151,0.15283515040769932
5125,48,SS19,culottes,0.0,0.0,0.02229845126184506
5147,75,SS19,capris,0.0,0.0,0.020583185385418243
5147,16,SS19,capris,0.0,0.0,0.01372212193290661
5125,79,SS19,culottes,0.0566037735849056,0.0377358490566037,0.0324745444055318
5233,16,SS19,long sleeve,0.0,0.0188679245283018,0.017152653650238846
5147,13,SS19,capris,0.0188679245283018,0.0,0.015437387794383974
5143,18,SS19,capris,0.0,0.0,0.003510691238977654
5180,117,SS19,long dress,0.0188679245283018,0.0377358490566037,0.0857632883060375
5212,40,SS19,culottes,0.0188679245283018,0.0188679245283018,0.030874780594562543
5180,50,SS19,long dress,0.0754716981132075,0.1509433962264151,0.144402731445159
5212,69,SS19,culottes,0.0566037735849056,0.0754716981132075,0.07547169811320749
5147,19,SS19,capris,0.0,0.0,0.02915951474522856
5147,79,SS19,capris,0.0188679245283018,0.0188679245283018,0.01715265731658859
5143,46,SS19,capris,0.0,0.0,0.015437387798881808
5180,33,SS19,long dress,0.0188679245283018,0.1886792452830188,0.19610216697195576
4228,49,SS19,short sleeves,0.0,0.0,0.018867919530388046
4222,16,SS19,printed shirt,0.0,0.0,0.0960548835518768
5180,45,SS19,long dress,0.0943396226415094,0.0754716981132075,0.07887162851888907
4220,26,SS19,culottes,0.0,0.0188679245283018,0.01372212192782547
5212,35,SS19,culottes,0.0188679245283018,0.1698113207547169,0.08747855417636302
5125,46,SS19,culottes,0.0188679245283018,0.0188679245283018,0.02744424885216405
5180,20,SS19,long dress,0.0,0.0377358490566037,0.24013721636222327
5180,101,SS19,long dress,0.0566037735849056,0.0566037735849056,0.06346483204704159
5180,61,SS19,long dress,0.0754716981132075,0.0566037735849056,0.04116637579129215
4204,83,SS19,culottes,0.0,0.0,0.015437387794719896
5113,99,SS19,culottes,0.0,0.0,0.015437387798003533
4222,6,SS19,printed shirt,0.0754716981132075,0.0754716981132075,0.07547169839436148
5148,54,SS19,sleeveless,0.0,0.0,0.036020578189865336
5180,109,SS19,long dress,0.0188679245283018,0.1320754716981132,0.13207547113580523
5180,72,SS19,long dress,0.0566037735849056,0.2075471698113207,0.16415567122019128
5180,86,SS19,long dress,0.1132075471698113,0.1698113207547169,0.13379073259655244
4219,1,SS19,short sleeves,0.0,0.0377358490566037,0.03945110992917577
4183,99,SS19,trapeze dress,0.0188679245283018,0.0,0.008576324331241097
5148,7,SS19,sleeveless,0.0,0.0377358490566037,0.034305312324457056
5125,107,SS19,culottes,0.0,0.0,0.024013717137045303
5147,46,SS19,capris,0.0188679245283018,0.0188679245283018,0.02058318539796161
5143,51,SS19,capris,0.0,0.0,0.02229845126390343
5180,82,SS19,long dress,0.0188679245283018,0.1509433962264151,0.0926243517645902
5166,53,SS19,long dress,0.0188679245283018,0.0,0.03430531231486033
5166,32,SS19,long dress,0.0377358490566037,0.0377358490566037,0.027444248853659505
5229,36,SS19,short sleeves,0.0188679245283018,0.0,0.006164049577587968
5125,66,SS19,culottes,0.0188679245283018,0.0566037735849056,0.03968680492086713
5166,69,SS19,long dress,0.0,0.0,0.0007800992634722284
5147,40,SS19,capris,0.0,0.0,0.02229845126537305
4220,2,SS19,culottes,0.0188679245283018,0.0188679245283018,0.013722121953729533
5166,40,SS19,long dress,0.0,0.0,0.02248722402079187
5212,53,SS19,culottes,0.0,0.0188679245283018,0.04002342031632675
5226,49,SS19,culottes,0.0,0.0,0.027444252375379608
5211,40,SS19,culottes,0.0188679245283018,0.0188679245283018,0.008576324331825562
5166,67,SS19,long dress,0.0,0.0,0.008996400639099988
5147,0,SS19,capris,0.0188679245283018,0.0,0.02058318539713398
5207,59,SS19,doll dress,0.0188679245283018,0.0566037735849056,0.01886791952717161
5180,27,SS19,long dress,0.0377358490566037,0.0377358490566037,0.024013717131555774
5211,53,SS19,culottes,0.0,0.0,0.012006856063652368
5125,57,SS19,culottes,0.0,0.0188679245283018,0.037735844053347484
5224,1,SS19,long sleeve,0.0,0.0,0.029159514727905136
5209,12,SS19,patterned top,0.0,0.0188679245283018,0.013304678947080789
5209,14,SS19,patterned top,0.0188679245283018,0.0188679245283018,0.010291590197515398
5209,7,SS19,patterned top,0.0188679245283018,0.0,0.01029159019734926
5143,79,SS19,capris,0.0,0.0,0.0137221274567772
5209,75,SS19,patterned top,0.0,0.0188679245283018,0.013722124197434567
5231,12,SS19,short sleeves,0.0377358490566037,0.0,0.015437387796136426
5231,65,SS19,short sleeves,0.0188679245283018,0.0,0.00857632433115545
5170,32,SS19,jumpsuit,0.0188679245283018,0.0,0.0009332134505846378
5284,86,SS19,long dress,0.0,0.0,0.022298455958798372
5224,47,SS19,long sleeve,0.0,0.0,0.01715265365939516
5170,39,SS19,jumpsuit,0.0,0.0,0.012006856064471605
5125,21,SS19,culottes,0.0377358490566037,0.0,0.013722121929407279
5147,80,SS19,capris,0.0,0.0,0.005711320805554183
5209,19,SS19,patterned top,0.0,0.0377358490566037,0.020583185397249043
5284,94,SS19,long dress,0.0,0.0188679245283018,0.015437387794591487
5155,24,SS19,culottes,0.0,0.0188679245283018,0.013722121929654208
5224,20,SS19,long sleeve,0.0,0.0,0.015437387803090065
5209,65,SS19,patterned top,0.0188679245283018,0.0,0.001625196557152785
5275,67,SS19,gitana skirt,0.0377358490566037,0.0,0.020583185392064874
5209,31,SS19,patterned top,0.0,0.0,0.017152653663365533
5125,63,SS19,culottes,0.0377358490566037,0.0,0.012006856064127961
5147,6,SS19,capris,0.0,0.0188679245283018,0.025728982990124643
5143,73,SS19,capris,0.0,0.0,0.022298451262040754
5266,36,SS19,sleeveless,0.0377358490566037,0.0,0.013722121935057924
5209,2,SS19,patterned top,0.0,0.0,0.010291590197846586
5213,12,SS19,long dress,0.0,0.0188679245283018,0.013884439199312718
5152,29,SS19,capris,0.0,0.0,1.3861962303902997e-41
5200,66,SS19,drop sleeve,0.0,0.0,0.017152653657341674
5200,65,SS19,drop sleeve,0.0188679245283018,0.0188679245283018,0.011554742589157922
5200,31,SS19,drop sleeve,0.0188679245283018,0.0,0.016253333145539867
5250,35,SS19,long dress,0.0,0.0,0.018867919526947056
5169,22,SS19,jumpsuit,0.0,0.0,0.017152653665569586
5213,35,SS19,long dress,0.0,0.0,0.00528344458490901
5200,12,SS19,drop sleeve,0.0566037735849056,0.0566037735849056,0.05555680187715127
5200,2,SS19,drop sleeve,0.0,0.0566037735849056,0.04694985142202493
5125,53,SS19,culottes,0.0188679245283018,0.0,0.0411663757958759
5169,9,SS19,jumpsuit,0.0,0.0188679245283018,0.012006856063072408
5200,19,SS19,drop sleeve,0.0943396226415094,0.0,0.0021707728627664746
5147,25,SS19,capris,0.0,0.0,0.017152653655101047
4203,104,SS19,printed shirt,0.0188679245283018,0.0188679245283018,0.01715265366383846
5213,72,SS19,long dress,0.0,0.0,0.0016836799630787498
5224,41,SS19,long sleeve,0.0,0.0188679245283018,0.010291594898927146
5224,57,SS19,long sleeve,0.0,0.0188679245283018,0.018867919528025367
5224,69,SS19,long sleeve,0.0,0.0188679245283018,0.025728982988837037
5224,35,SS19,long sleeve,0.0,0.0,0.013722121935863033
5175,20,SS19,jumpsuit,0.0,0.0,0.015437387792808363
5268,30,SS19,printed shirt,0.0566037735849056,0.0,0.10291594704213793
5279,100,SS19,doll dress,0.0,0.0,0.013825396940032708
5224,18,SS19,long sleeve,0.0,0.0,0.013722121928980941
5200,54,SS19,drop sleeve,0.0,0.0,0.0007403425878555427
5125,52,SS19,culottes,0.0,0.0377358490566037,0.015437387799872972
5279,36,SS19,doll dress,0.0188679245283018,0.0377358490566037,0.053173236817100504
5279,35,SS19,doll dress,0.0,0.0,0.04974270511806065
5250,8,SS19,long dress,0.0188679245283018,0.0188679245283018,0.01029159019711892
5200,28,SS19,drop sleeve,0.0,0.0377358490566037,0.013722121935480499
5200,99,SS19,drop sleeve,0.0,0.0,6.24287254756999e-26
5200,5,SS19,drop sleeve,0.0,0.0,0.0071198452611728
5200,3,SS19,drop sleeve,0.0188679245283018,0.0377358490566037,0.035409421321760184
5200,110,SS19,drop sleeve,0.0,0.0,2.8115398478957717e-10
5200,9,SS19,drop sleeve,0.0188679245283018,0.0,0.012006856063461115
5148,53,SS19,sleeveless,0.0,0.0377358490566037,0.04459690751116803
5162,0,SS19,long sleeve,0.0,0.0,0.013722121931479132
5224,4,SS19,long sleeve,0.0,0.0,0.017152653659475353
5147,74,SS19,capris,0.0,0.0188679245283018,0.01886791952814652
5200,43,SS19,drop sleeve,0.0,0.0,0.0074408190398753075
5147,51,SS19,capris,0.0,0.0188679245283018,0.027444248859912125
5213,18,SS19,long dress,0.0,0.0,0.010215614853611754
5147,47,SS19,capris,0.0,0.0,0.02744424886356663
5174,109,SS19,miniskirt,0.0188679245283018,0.0,0.01200685606588741
5279,67,SS19,doll dress,0.0,0.0,0.029159514721850754
5213,19,SS19,long dress,0.0,0.0,9.33962896844844e-05
5200,48,SS19,drop sleeve,0.0,0.0,3.484553194256588e-08
5200,75,SS19,drop sleeve,0.0,0.0,9.302604875779066e-34
5279,69,SS19,doll dress,0.0188679245283018,0.0,0.03945110992985747
5224,85,SS19,long sleeve,0.0,0.0188679245283018,0.01029159019732174
5213,66,SS19,long dress,0.0,0.0,0.013722126319081467
5209,79,SS19,patterned top,0.0,0.0188679245283018,0.013722121928744987
5203,51,SS19,sleeveless,0.0,0.0,0.0085662204901246
5209,6,SS19,patterned top,0.0,0.0188679245283018,0.0188679245283018
5143,77,SS19,capris,0.0377358490566037,0.0377358490566037,0.02724277257804733
5209,21,SS19,patterned top,0.0,0.0,2.341153243573237e-09
5149,21,SS19,capris,0.0377358490566037,0.0188679245283018,0.02058318539575989
5106,40,SS19,short sleeves,0.0188679245283018,0.0,0.008576324331724653
5209,57,SS19,patterned top,0.0,0.0,0.005208102336788239
5106,18,SS19,short sleeves,0.0,0.0,0.012006856063585841
5284,41,SS19,long dress,0.0377358490566037,0.0,0.024013717123861463
5209,104,SS19,patterned top,0.0943396226415094,0.0,0.0012104420312537536
5209,64,SS19,patterned top,0.0,0.0377358490566037,0.015437387797674446
5148,104,SS19,sleeveless,0.0188679245283018,0.0188679245283018,0.017152653666055697
5143,68,SS19,capris,0.0,0.0,0.012006856065220613
5209,41,SS19,patterned top,0.0,0.0,0.022298451266302408
5149,41,SS19,capris,0.0,0.0,0.018867919540385705
5208,30,SS19,patterned top,0.0,0.0188679245283018,0.0171526536627863
5209,29,SS19,patterned top,0.0188679245283018,0.0188679245283018,0.018867924528301796
5209,4,SS19,patterned top,0.0188679245283018,0.0,0.012006860024195895
5209,90,SS19,patterned top,0.0,0.0,0.024013717125778152
5275,100,SS19,gitana skirt,0.0,0.0,0.01715265366182752
5209,93,SS19,patterned top,0.0188679245283018,0.0188679245283018,0.012006856063614452
5276,36,SS19,sleeveless,0.0,0.0,0.018867919528813292
5209,24,SS19,patterned top,0.0188679245283018,0.0,0.01543738779211231
5146,7,SS19,culottes,0.0,0.0,0.03602057819300783
5107,15,SS19,long dress,0.0188679245283018,0.0188679245283018,0.010291590197078314
5209,51,SS19,patterned top,0.0,0.0,0.015437393495564338
5209,77,SS19,patterned top,0.0,0.0,0.015204385930525224
5209,68,SS19,patterned top,0.0,0.0,0.018867919528539098
5209,47,SS19,patterned top,0.0754716981132075,0.0,0.03259004642578269
5209,82,SS19,patterned top,0.0,0.0188679245283018,0.018775429632631978
5209,85,SS19,patterned top,0.0377358490566037,0.0,0.015437387796064949
5209,67,SS19,patterned top,0.0188679245283018,0.0,0.0
5209,74,SS19,patterned top,0.0188679245283018,0.0,4.189520785213355e-18
5209,35,SS19,patterned top,0.0,0.0,0.0031425080634676465
5209,36,SS19,patterned top,0.0188679245283018,0.0,4.1311865719510275e-49
5143,83,SS19,capris,0.0,0.0,0.010291590197669892
5284,36,SS19,long dress,0.0,0.0,0.0205831854024036
5143,85,SS19,capris,0.0,0.0,0.013722121930982115
5232,46,SS19,sleeveless,0.0,0.0,0.0154373877961993
5203,26,SS19,sleeveless,0.0,0.0,0.010291590197483672
5126,101,SS19,culottes,0.0377358490566037,0.0188679245283018,0.03945110992604714
5217,54,SS19,sleeveless,0.0,0.0,0.012006856061646441
5203,69,SS19,sleeveless,0.0,0.0,0.007244469297305242
5217,2,SS19,sleeveless,0.0,0.0,0.01200685606321688
5217,12,SS19,sleeveless,0.0,0.0,0.01372212192932411
5201,53,SS19,long dress,0.0566037735849056,0.0377358490566037,0.013722121931841157
5203,74,SS19,sleeveless,0.0,0.0,0.010291590197715604
5201,29,SS19,long dress,0.0,0.0188679245283018,0.013722121930434745
5217,80,SS19,sleeveless,0.0,0.0377358490566037,0.018867922260401643
5217,9,SS19,sleeveless,0.0377358490566037,0.0,0.00857632764792796
5143,41,SS19,capris,0.0,0.0,0.02401371712970889
5203,31,SS19,sleeveless,0.0,0.0,0.018867924578254324
5203,85,SS19,sleeveless,0.0188679245283018,0.0,0.010291590198265832
5217,43,SS19,sleeveless,0.0,0.0,0.017152653664519776
5203,63,SS19,sleeveless,0.0,0.0,0.0021117034167701045
5208,65,SS19,patterned top,0.0,0.0377358490566037,0.02058319083944949
5208,31,SS19,patterned top,0.0,0.0188679245283018,0.017152653674266417
5232,36,SS19,sleeveless,0.0,0.0,0.017152653661545527
5268,86,SS19,printed shirt,0.0566037735849056,0.0754716981132075,0.08747855417572972
5258,7,SS19,culottes,0.0188679245283018,0.0,0.013722121927455833
5232,69,SS19,sleeveless,0.0,0.0,0.01715265366174819
5232,83,SS19,sleeveless,0.0,0.0,2.3600036132433477e-11
5143,35,SS19,capris,0.0,0.0,0.018867923385826938
5232,47,SS19,sleeveless,0.0,0.0,0.013722121928076128
5232,45,SS19,sleeveless,0.0377358490566037,0.0188679245283018,0.013722121930497964
5232,13,SS19,sleeveless,0.0,0.0,0.01200685606218962
5143,26,SS19,capris,0.0,0.0,0.015437387794567313
5232,80,SS19,sleeveless,0.0,0.0,0.004912620700773258
5175,110,SS19,jumpsuit,0.0,0.0,0.022298451254072746
5143,95,SS19,capris,0.0188679245283018,0.0,0.01029159019759119
5232,43,SS19,sleeveless,0.0,0.0,0.018867924445508326
4226,48,SS19,short sleeves,0.0,0.0,0.015437391169332411
5175,14,SS19,jumpsuit,0.0,0.0,0.006148866709719756
5284,77,SS19,long dress,0.0,0.0377358490566037,0.0257289829940431
5192,12,SS19,sleeveless,0.0,0.0,0.0009647640011486906
5148,21,SS19,sleeveless,0.0188679245283018,0.0566037735849056,0.020583185392229895
5200,101,SS19,drop sleeve,0.0,0.0188679245283018,0.014472330165612491
4009,117,SS19,culottes,0.0188679245283018,0.0,0.00857632433173433
5200,61,SS19,drop sleeve,0.0,0.0377358490566037,0.018867919530300818
5200,109,SS19,drop sleeve,0.0188679245283018,0.0377358490566037,0.037511550056737925
5200,82,SS19,drop sleeve,0.0,0.0377358490566037,0.027444248849567632
5200,72,SS19,drop sleeve,0.0,0.0188679245283018,0.01715265743089546
5200,42,SS19,drop sleeve,0.0188679245283018,0.0188679245283018,0.013731993967076578
5200,85,SS19,drop sleeve,0.0,0.0377358490566037,0.025728982983325425
5203,14,SS19,sleeveless,0.0,0.0,0.01715265366054071
5148,4,SS19,sleeveless,0.0,0.0188679245283018,0.018867927616030362
5152,68,SS19,capris,0.0,0.0,0.017152653663902635
5279,94,SS19,doll dress,0.0377358490566037,0.0754716981132075,0.04288164165906456
5152,99,SS19,capris,0.0,0.0,0.012006856062207812
5200,26,SS19,drop sleeve,0.0188679245283018,0.0,0.006998101841728342
5234,51,SS19,short sleeves,0.0,0.0377358490566037,0.01886791952487596
5279,80,SS19,doll dress,0.0566037735849056,0.0188679245283018,0.05831903444139486
5200,20,SS19,drop sleeve,0.0377358490566037,0.0,0.011726901244123492
5200,38,SS19,drop sleeve,0.0188679245283018,0.0377358490566037,0.017152653661601576
5209,3,SS19,patterned top,0.0,0.0,0.006478995485365802
5209,16,SS19,patterned top,0.0377358490566037,0.0188679245283018,0.012006856064839868
5209,13,SS19,patterned top,0.0188679245283018,0.0,0.00475178474415547
5209,50,SS19,patterned top,0.0377358490566037,0.0188679245283018,0.02058318539102516
5200,50,SS19,drop sleeve,0.0,0.0,0.00970200205244654
5279,77,SS19,doll dress,0.0188679245283018,0.0,5.623079779581976e-10
5200,22,SS19,drop sleeve,0.0566037735849056,0.0188679245283018,0.011670402521285247
5200,76,SS19,drop sleeve,0.0,0.0188679245283018,0.012006856063668045
5200,51,SS19,drop sleeve,0.0,0.0188679245283018,0.017152656331551358
5275,69,SS19,gitana skirt,0.0188679245283018,0.0566037735849056,0.020583185390275472
5279,56,SS19,doll dress,0.0,0.0,8.379041882570359e-18
5173,30,SS19,kimono dress,0.0,0.0,2.811539847895771e-10
5268,39,SS19,printed shirt,0.0188679245283018,0.1320754716981132,0.13207547085465124
5268,43,SS19,printed shirt,0.0377358490566037,0.0943396226415094,0.0771869589751562
5200,47,SS19,drop sleeve,0.0566037735849056,0.0,0.0057334029748998755
5200,46,SS19,drop sleeve,0.0566037735849056,0.0566037735849056,0.056603772741443646
5145,22,SS19,doll dress,0.0188679245283018,0.0,0.00857632433105806
5200,18,SS19,drop sleeve,0.0,0.0188679245283018,0.014542053364768234
5200,4,SS19,drop sleeve,0.0188679245283018,0.0188679245283018,0.0188679245283018
5284,35,SS19,long dress,0.0,0.0,0.032590046455741935
4226,54,SS19,short sleeves,0.0,0.0188679245283018,0.027444248861314864
5276,30,SS19,sleeveless,0.0,0.0377358490566037,0.03259004645722272
5126,24,SS19,culottes,0.0754716981132075,0.0377358490566037,0.048027439272910914
5276,94,SS19,sleeveless,0.0,0.0,0.015437387795011599
5192,18,SS19,sleeveless,0.0,0.0,0.012006856062553759
5284,40,SS19,long dress,0.0566037735849056,0.0,0.013722121932181171
5276,80,SS19,sleeveless,0.0,0.0188679245283018,0.020583185398262392
5176,104,SS19,jumpsuit,0.0188679245283018,0.0,0.015437387790470557
5192,69,SS19,sleeveless,0.0,0.0,0.017152653671733787
5192,20,SS19,sleeveless,0.0,0.0,0.015437387797659687
5192,45,SS19,sleeveless,0.0,0.0566037735849056,0.01543739328626724
5192,56,SS19,sleeveless,0.0,0.0188679245283018,0.01372212192997939
5106,20,SS19,short sleeves,0.0,0.0,0.0002883615611777337
5192,35,SS19,sleeveless,0.0,0.0,0.013722121928173564
5146,5,SS19,culottes,0.0,0.0,0.025728982998508128
5094,50,SS19,long sleeve,0.0188679245283018,0.0,0.015437393270510727
5146,117,SS19,culottes,0.0188679245283018,0.0,0.014923744669803767
5125,54,SS19,culottes,0.0188679245283018,0.0188679245283018,0.024013940175371506
5200,59,SS19,drop sleeve,0.0,0.0566037735849056,0.018867924619028958
5252,52,SS19,culottes,0.0,0.0,0.010291590196994169
5200,63,SS19,drop sleeve,0.0,0.0566037735849056,0.045965482964032606
5200,100,SS19,drop sleeve,0.0188679245283018,0.0188679245283018,0.012499883536240463
5258,100,SS19,culottes,0.0,0.0377358490566037,0.013722121931700042
5200,102,SS19,drop sleeve,0.0377358490566037,0.0188679245283018,0.014191447352719995
5200,104,SS19,drop sleeve,0.0188679245283018,0.0377358490566037,0.01543738779787551
5200,64,SS19,drop sleeve,0.0188679245283018,0.0,0.004792627925000334
5258,36,SS19,culottes,0.0,0.0188679245283018,0.01715265365469177
5200,41,SS19,drop sleeve,0.0188679245283018,0.0188679245283018,0.01886791626251395
5176,0,SS19,jumpsuit,0.0188679245283018,0.0,0.008576324331504251
5258,69,SS19,culottes,0.0,0.0,0.02058318539879505
5258,67,SS19,culottes,0.0188679245283018,0.0,0.0007296609021308645
5252,53,SS19,culottes,0.0188679245283018,0.0188679245283018,0.015437387795990354
5258,29,SS19,culottes,0.0,0.0188679245283018,0.01200685606296585
5231,19,SS19,short sleeves,0.0188679245283018,0.0,0.025728983005584776
5230,6,SS19,short sleeves,0.0,0.0,0.015437387795937504
5224,77,SS19,long sleeve,0.0,0.0,0.015437387793500922
5198,61,SS19,culottes,0.0188679245283018,0.0,6.242872640596039e-26
5215,45,SS19,jumpsuit,0.0,0.0,0.010291590196609074
5274,30,SS19,sleeveless,0.0,0.0,0.017152653658116183
5274,43,SS19,sleeveless,0.0,0.0,0.022298451260883385
5274,80,SS19,sleeveless,0.0,0.0,0.009752951585639725
5227,117,SS19,sleeveless,0.0,0.0,0.013722128171507355
5227,107,SS19,sleeveless,0.0,0.0,0.01372212193613829
5274,56,SS19,sleeveless,0.0,0.0,0.018867923778614848
4220,83,SS19,culottes,0.0,0.0,0.013722121931933279
5274,52,SS19,sleeveless,0.0,0.0,0.012006856064904042
5227,81,SS19,sleeveless,0.0,0.0,0.003748603192698062
5198,20,SS19,culottes,0.0,0.0,0.024013717130839957
5198,47,SS19,culottes,0.0,0.0188679245283018,0.027444248859199237
4220,31,SS19,culottes,0.0,0.0,0.017152653664251425
5227,36,SS19,sleeveless,0.0188679245283018,0.0,0.01886791952771805
5198,1,SS19,culottes,0.0,0.0,0.024013717114056643
5114,62,SS19,long dress,0.0377358490566037,0.0377358490566037,0.012006856064114798
5215,77,SS19,jumpsuit,0.0377358490566037,0.0,0.015437387793638804
4227,49,SS19,short sleeves,0.0,0.0,0.013722121930955684
5198,51,SS19,culottes,0.0188679245283018,0.0,0.025728983002968765
5215,82,SS19,jumpsuit,0.0188679245283018,0.0,0.01372212192732963
5227,3,SS19,sleeveless,0.0188679245283018,0.0188679245283018,0.018962218662002057
5114,49,SS19,long dress,0.0566037735849056,0.0188679245283018,0.06346483206469476
5265,80,SS19,sleeveless,0.0,0.0,0.017152656986598225
5271,13,SS19,long sleeve,0.0188679245283018,0.0377358490566037,0.020583185390467624
5215,62,SS19,jumpsuit,0.0188679245283018,0.0,0.008576331709160896
5122,45,SS19,solid color top,0.0,0.0566037735849056,0.027444248855039356
5255,69,SS19,gitana skirt,0.0377358490566037,0.0,0.012006856058829191
5198,8,SS19,culottes,0.0,0.0,0.018867919529616913
5255,100,SS19,gitana skirt,0.0,0.0,0.01715265770671521
5198,90,SS19,culottes,0.0188679245283018,0.0188679245283018,0.018867919529094303
5198,69,SS19,culottes,0.0,0.0,0.03259004646286266
5122,117,SS19,solid color top,0.0377358490566037,0.0,0.022298451259705504
5271,41,SS19,long sleeve,0.0,0.0377358490566037,0.013722121935102987
5198,32,SS19,culottes,0.0,0.0,0.01715265366026258
5122,13,SS19,solid color top,0.0,0.0566037735849056,0.04459691193467178
5215,79,SS19,jumpsuit,0.0188679245283018,0.0188679245283018,0.011564966174045791
4230,59,SS19,culottes,0.0,0.0,0.012006860859841621
5198,83,SS19,culottes,0.0,0.0,0.030874780595301316
4184,54,SS19,short sleeves,0.0,0.0,0.015437387798813344
5227,12,SS19,sleeveless,0.0377358490566037,0.0,0.01886792279714878
5240,94,SS19,long sleeve,0.0,0.0188679245283018,0.013722121931163941
5271,77,SS19,long sleeve,0.0,0.0377358490566037,0.017152653662079284
5265,43,SS19,sleeveless,0.0,0.0,0.00797922807726644
5227,84,SS19,sleeveless,0.0,0.0188679245283018,0.017152653660260322
5227,14,SS19,sleeveless,0.0188679245283018,0.0188679245283018,0.008576324331216143
5227,80,SS19,sleeveless,0.0,0.0,0.020583185391105565
5132,77,SS19,maxi,0.0188679245283018,0.0188679245283018,0.01372212192898623
5198,93,SS19,culottes,0.0188679245283018,0.0188679245283018,0.025728982995954608
5215,69,SS19,jumpsuit,0.0,0.0,0.02058318539425299
5191,4,SS19,solid color top,0.0188679245283018,0.0377358490566037,0.010291590197286968
5156,110,SS19,solid color top,0.0,0.0,0.013722121931880408
5198,84,SS19,culottes,0.0,0.0377358490566037,0.017152653657319036
5156,25,SS19,solid color top,0.0188679245283018,0.0,0.008576328683884313
5149,39,SS19,capris,0.0,0.0188679245283018,0.015437387801313061
5198,66,SS19,culottes,0.0,0.0377358490566037,0.02058319068656038
5191,85,SS19,solid color top,0.0,0.0,0.01200685606419568
5151,4,SS19,solid color top,0.0,0.0188679245283018,0.012006856064101127
5085,57,SS19,doll dress,0.0,0.0,0.015437387797942794
5221,65,SS19,sleeveless,0.0,0.0,0.0009347983751625742
5191,48,SS19,solid color top,0.0,0.0,0.013722121931734933
5191,60,SS19,solid color top,0.0377358490566037,0.0188679245283018,0.013722121931085879
5198,94,SS19,culottes,0.0,0.0,0.02058318539689279
5168,12,SS19,short sleeves,0.0377358490566037,0.0566037735849056,0.024013717124873168
5198,31,SS19,culottes,0.0377358490566037,0.0,0.01200685606280924
5167,31,SS19,long sleeve,0.0,0.0188679245283018,0.015437387792978345
5207,63,SS19,doll dress,0.0,0.0,0.03259004645443965
5256,81,SS19,long sleeve,0.0,0.0188679245283018,0.013722121925794743
5256,80,SS19,long sleeve,0.0,0.0,0.020583185395246256
5256,86,SS19,long sleeve,0.0377358490566037,0.0,0.010291590194166983
5256,94,SS19,long sleeve,0.0,0.0,0.0015975858527439478
4173,94,SS19,short sleeves,0.0,0.0,0.01372212192969471
5191,63,SS19,solid color top,0.0188679245283018,0.0,0.008576324331336463
5191,64,SS19,solid color top,0.0,0.0,0.012006856064078086
5191,41,SS19,solid color top,0.0,0.0,0.010291590197034258
5198,16,SS19,culottes,0.0,0.0,0.022298451262038912
5132,46,SS19,maxi,0.0,0.0188679245283018,0.028480223470121822
5227,8,SS19,sleeveless,0.0,0.0,0.013722121920844826
5271,80,SS19,long sleeve,0.0,0.0,0.02058318539128468
5228,49,SS19,sleeveless,0.0,0.0188679245283018,0.012006856062688104
5271,30,SS19,long sleeve,0.0188679245283018,0.0,0.015437391340245245
5228,8,SS19,sleeveless,0.0,0.0188679245283018,0.015437387795386224
5198,99,SS19,culottes,0.0377358490566037,0.0188679245283018,0.022298451268887763
5207,53,SS19,doll dress,0.0,0.0188679245283018,0.051457970997261245
5198,5,SS19,culottes,0.0,0.0,0.02744424886256575
5223,54,SS19,gitana skirt,0.0188679245283018,0.0188679245283018,0.01372212193195344
5179,93,SS19,doll dress,0.0,0.0377358490566037,0.020583185390327517
5198,6,SS19,culottes,0.0,0.0,0.0015573794577438947
5179,76,SS19,doll dress,0.0,0.0377358490566037,0.018867919530897618
5198,9,SS19,culottes,0.0,0.0,0.02572898299512592
5179,47,SS19,doll dress,0.0188679245283018,0.0188679245283018,0.024013717125386972
5179,85,SS19,doll dress,0.0,0.0188679245283018,0.024013717126170613
5179,74,SS19,doll dress,0.0,0.0,0.044596907537369154
5281,43,SS19,sleeveless,0.0,0.0,0.0018436926058856544
5239,13,SS19,sleeveless,0.0,0.0,0.020583185391219196
5239,69,SS19,sleeveless,0.0,0.0,0.009970888433560768
5190,22,SS19,solid color top,0.0,0.0,0.013722121927672417
5198,3,SS19,culottes,0.0,0.0,0.044596907496134645
5256,49,SS19,long sleeve,0.0,0.0,0.010291590198691504
5223,12,SS19,gitana skirt,0.0,0.1132075471698113,0.03773584407403751
5223,65,SS19,gitana skirt,0.0,0.0,0.012006856061886308
5226,3,SS19,culottes,0.0,0.0,0.04974270511478737
5226,5,SS19,culottes,0.0,0.0,0.03602057818875747
5226,56,SS19,culottes,0.0,0.0,0.020583185382091324
5226,13,SS19,culottes,0.0,0.0,0.036020578189868944
5226,33,SS19,culottes,0.0377358490566037,0.0188679245283018,0.027444248871491488
5127,43,SS19,sleeveless,0.0,0.0,0.01886791952435827
5122,8,SS19,solid color top,0.0188679245283018,0.0566037735849056,0.030874780592659627
5226,45,SS19,culottes,0.0188679245283018,0.0,0.017152653652076463
5127,28,SS19,sleeveless,0.0,0.0,0.012006856064250537
4200,94,SS19,jumpsuit,0.0,0.0754716981132075,0.07022927610215533
5117,48,SS19,sleeveless,0.0,0.0,0.012006856063900027
5226,1,SS19,culottes,0.0,0.0,0.034305312287722725
5122,95,SS19,solid color top,0.0,0.0188679245283018,0.02058318539490767
5226,83,SS19,culottes,0.0,0.0,0.042881641684180266
5226,32,SS19,culottes,0.0188679245283018,0.0,0.01715265366171288
5124,59,SS19,drop sleeve,0.0,0.0377358490566037,0.022298451260883097
5226,74,SS19,culottes,0.0,0.0,4.189520972499531e-18
5226,40,SS19,culottes,0.0,0.0,0.01715265365446121
5226,69,SS19,culottes,0.0188679245283018,0.0188679245283018,0.020565714676027667
5226,46,SS19,culottes,0.0188679245283018,0.0188679245283018,0.02401371712641743
5270,14,SS19,long dress,0.0943396226415094,0.0188679245283018,0.022298451258653824
5226,2,SS19,culottes,0.0,0.0,0.02744424886526046
5270,86,SS19,long dress,0.0,0.0754716981132075,0.030874780594566543
5229,57,SS19,short sleeves,0.0188679245283018,0.0,0.010291590199906574
5229,46,SS19,short sleeves,0.0,0.0,0.013722121927989338
5230,66,SS19,short sleeves,0.0188679245283018,0.0,0.005894928045421023
5230,4,SS19,short sleeves,0.0,0.0,0.000794558669486716
5226,10,SS19,culottes,0.0,0.0,5.623079821477182e-10
5230,12,SS19,short sleeves,0.0,0.0,0.017152653660566057
5197,100,SS19,short sleeves,0.0,0.0,9.302605153018298e-34
5226,15,SS19,culottes,0.0566037735849056,0.0188679245283018,0.03259004645542059
5197,85,SS19,short sleeves,0.0188679245283018,0.0,0.008576324331335972
5197,82,SS19,short sleeves,0.0,0.0,0.010291590195327834
5229,12,SS19,short sleeves,0.0,0.0188679245283018,0.022298451260536645
5197,43,SS19,short sleeves,0.0,0.0188679245283018,0.010291590197136734
5197,19,SS19,short sleeves,0.0,0.0,0.012006859434935187
5197,7,SS19,short sleeves,0.0,0.0377358490566037,0.024013717120909373
5226,65,SS19,culottes,0.0,0.0188679245283018,0.024013717127498793
5226,66,SS19,culottes,0.0754716981132075,0.0,0.029159514722881256
5226,75,SS19,culottes,0.0188679245283018,0.0,0.017152653663443738
5226,14,SS19,culottes,0.0188679245283018,0.0377358490566037,0.030874780587519985
5229,3,SS19,short sleeves,0.0,0.0,0.012566487057152433
5226,43,SS19,culottes,0.0377358490566037,0.0,0.03087478059255147
5226,9,SS19,culottes,0.0,0.0,0.029159514726751323
5226,110,SS19,culottes,0.0188679245283018,0.0188679245283018,0.012006856065147621
5229,85,SS19,short sleeves,0.0,0.0,0.010291592972253575
5117,74,SS19,sleeveless,0.0,0.0,0.0008092900267200048
5270,39,SS19,long dress,0.0,0.0377358490566037,0.015437393585027102
5270,80,SS19,long dress,0.0188679245283018,0.0188679245283018,0.03602057819394417
5153,57,SS19,sleeveless,0.0,0.0,0.01543738779588087
5270,40,SS19,long dress,0.0188679245283018,0.0188679245283018,0.02572898299362184
5198,25,SS19,culottes,0.0188679245283018,0.0188679245283018,0.020583185396340218
5270,81,SS19,long dress,0.0,0.0377358490566037,0.03773584905660109
5205,12,SS19,short sleeves,0.0566037735849056,0.0377358490566037,0.037735848775449714
5205,66,SS19,short sleeves,0.0188679245283018,0.0,0.008576324329937173
5205,48,SS19,short sleeves,0.0,0.0377358490566037,0.013722121929065936
5205,43,SS19,short sleeves,0.0,0.0,0.0038264877227798593
5205,99,SS19,short sleeves,0.0,0.0,0.012006856063446642
5205,50,SS19,short sleeves,0.0,0.0,0.010291593592639137
5205,24,SS19,short sleeves,0.0188679245283018,0.0188679245283018,0.012006856062704631
5205,101,SS19,short sleeves,0.0188679245283018,0.0377358490566037,0.010291590196909188
5205,74,SS19,short sleeves,0.0,0.0,0.01372212192900489
5205,90,SS19,short sleeves,0.0,0.0,0.00224520300484485
5255,10,SS19,gitana skirt,0.0377358490566037,0.0,0.015437387801248734
5205,8,SS19,short sleeves,0.0,0.0,0.008576324332465725
5122,77,SS19,solid color top,0.0377358490566037,0.0,0.02915951473149951
5223,16,SS19,gitana skirt,0.0,0.0,0.015437387795230975
5223,28,SS19,gitana skirt,0.0,0.0,0.0120068560665766
5223,5,SS19,gitana skirt,0.0566037735849056,0.0,0.017152653663432577
5223,3,SS19,gitana skirt,0.0188679245283018,0.0,0.018867919516146307
5223,14,SS19,gitana skirt,0.0,0.0188679245283018,0.015437387794899844
5144,13,SS19,maxi,0.0,0.0,0.012006856062505697
5144,3,SS19,maxi,0.0188679245283018,0.0,0.00011032825119037878
5198,41,SS19,culottes,0.0,0.0,0.036020578190092065
5207,95,SS19,doll dress,0.0,0.0,0.03773584404813457
5124,8,SS19,drop sleeve,0.0188679245283018,0.0188679245283018,0.01029159019756726
5153,102,SS19,sleeveless,0.0,0.0,0.009559717673087068
5226,63,SS19,culottes,0.0,0.0188679245283018,0.022298451253076498
5226,25,SS19,culottes,0.0188679245283018,0.0,0.01372212193202678
5127,51,SS19,sleeveless,0.0,0.0,0.015437387797431321
5226,104,SS19,culottes,0.0188679245283018,0.0,0.013357918856909354
5226,29,SS19,culottes,0.0,0.0566037735849056,0.05145797098244655
5124,26,SS19,drop sleeve,0.0566037735849056,0.0377358490566037,0.029159514720095706
5153,47,SS19,sleeveless,0.0,0.0,0.0222984512708429
5124,35,SS19,drop sleeve,0.0,0.0,0.017152653664485675
5223,31,SS19,gitana skirt,0.0,0.0188679245283018,0.017152653662808923
5153,51,SS19,sleeveless,0.0,0.0,0.008070619317911707
5153,117,SS19,sleeveless,0.0,0.0,0.01715265366420892
4145,27,SS19,culottes,0.0,0.0188679245283018,0.010291590197489481
5153,5,SS19,sleeveless,0.0,0.0,0.024013717122347067
5124,61,SS19,drop sleeve,0.0,0.0,0.022298451255444156
5136,109,SS19,jumpsuit,0.0188679245283018,0.0188679245283018,0.01543738779447292
5134,32,SS19,drop sleeve,0.0,0.0188679245283018,0.015437391128219265
4152,80,SS19,drop sleeve,0.0,0.0566037735849056,0.056603772741443646
5207,81,SS19,doll dress,0.0377358490566037,0.0,0.04116637579843412
5122,61,SS19,solid color top,0.0188679245283018,0.0188679245283018,0.01715265366143889
5207,18,SS19,doll dress,0.0188679245283018,0.0,0.0411663758016153
5124,83,SS19,drop sleeve,0.0,0.0,0.02058318539683433
5231,80,SS19,short sleeves,0.0,0.0188679245283018,0.015358857766590135
5248,41,SS19,long sleeve,0.0,0.0377358490566037,0.013722121930563241
5167,54,SS19,long sleeve,0.0188679245283018,0.0,0.010291590197992364
5246,79,SS19,long sleeve,0.0188679245283018,0.0188679245283018,0.02744424885977541
5219,33,SS19,culottes,0.0377358490566037,0.0,0.010291590196746277
5175,41,SS19,jumpsuit,0.0,0.0,0.013722121933207636
5246,56,SS19,long sleeve,0.0,0.0377358490566037,0.0377358482026377
5246,69,SS19,long sleeve,0.0,0.0188679245283018,0.029159514721030802
5246,36,SS19,long sleeve,0.1509433962264151,0.1320754716981132,0.04974270508698107
5219,36,SS19,culottes,0.0,0.0,0.005450158444964224
5246,8,SS19,long sleeve,0.0754716981132075,0.0188679245283018,0.024013717129397687
5243,100,SS19,shorts,0.0,0.0,0.015437387794967302
5175,57,SS19,jumpsuit,0.0188679245283018,0.0188679245283018,0.018867924809455785
5246,100,SS19,long sleeve,0.0,0.0188679245283018,0.027444248856027174
5199,2,SS19,long sleeve,0.0,0.0,0.0010140134108703356
5199,12,SS19,long sleeve,0.0,0.0,0.08919382526871203
5175,59,SS19,jumpsuit,0.0,0.0,0.0015949321525869221
5199,7,SS19,long sleeve,0.0,0.0377358490566037,0.03840621614316575
5199,65,SS19,long sleeve,0.0377358490566037,0.0377358490566037,0.024013717128979956
5199,66,SS19,long sleeve,0.0,0.0188679245283018,0.020583185400389215
5199,48,SS19,long sleeve,0.0188679245283018,0.0,0.012006856060954568
5252,10,SS19,culottes,0.0188679245283018,0.0188679245283018,0.01372212192671298
5199,43,SS19,long sleeve,0.0,0.0377358490566037,0.022298451260746272
5199,9,SS19,long sleeve,0.0,0.0188679245283018,0.032590046465771315
5246,94,SS19,long sleeve,0.0377358490566037,0.0754716981132075,0.03773584406131203
5082,93,SS19,culottes,0.0188679245283018,0.0,0.00015308163584944233
5246,7,SS19,long sleeve,0.0,0.0,0.03430531230335444
5246,62,SS19,long sleeve,0.0,0.0,0.013722121930038137
5112,65,SS19,doll dress,0.0188679245283018,0.0,0.029159514722181482
5112,60,SS19,doll dress,0.0,0.0,0.015437387799051747
5269,29,SS19,culottes,0.0,0.0,0.024576117038173795
5269,41,SS19,culottes,0.0,0.0,0.02744424887528435
5220,25,SS19,culottes,0.0,0.0,0.013722121930651858
5220,57,SS19,culottes,0.0377358490566037,0.0377358490566037,0.027444248857383845
5220,29,SS19,culottes,0.0377358490566037,0.0754716981132075,0.02058318538987234
5220,41,SS19,culottes,0.0,0.0188679245283018,0.017152653663741576
5219,12,SS19,culottes,0.0,0.0377358490566037,0.020583185396409538
5194,2,SS19,long sleeve,0.0188679245283018,0.0,0.012006856069243453
5194,12,SS19,long sleeve,0.0,0.0,0.0021567805680811764
5219,19,SS19,culottes,0.0,0.0188679245283018,0.010291590197718357
5194,15,SS19,long sleeve,0.0,0.0,0.020583185391658296
5194,94,SS19,long sleeve,0.0,0.0,0.0137221274567772
5194,99,SS19,long sleeve,0.0,0.0,0.010291590198195033
5194,56,SS19,long sleeve,0.0,0.0188679245283018,0.015437387791830539
5194,117,SS19,long sleeve,0.0377358490566037,0.0188679245283018,0.013722121933208455
5194,22,SS19,long sleeve,0.0,0.0,0.01715265366108009
5194,101,SS19,long sleeve,0.0,0.0,0.012006856064254839
5194,72,SS19,long sleeve,0.0188679245283018,0.0,0.01029159019622179
5194,53,SS19,long sleeve,0.0,0.0,0.013722121919663089
5246,10,SS19,long sleeve,0.0943396226415094,0.0754716981132075,0.058329519942487765
5199,3,SS19,long sleeve,0.0,0.0,0.025227826703725476
5155,22,SS19,culottes,0.0,0.0,0.0188679195259975
5199,99,SS19,long sleeve,0.0,0.0,0.030874780592192494
5199,63,SS19,long sleeve,0.0,0.0377358490566037,0.02915951472463809
5199,21,SS19,long sleeve,0.0566037735849056,0.0377358490566037,0.025728982991175244
5199,102,SS19,long sleeve,0.0188679245283018,0.0188679245283018,0.020583185389194757
5199,25,SS19,long sleeve,0.0,0.0377358490566037,0.02401371712640216
5199,57,SS19,long sleeve,0.0,0.0,1.2568562667783737e-17
5199,41,SS19,long sleeve,0.0,0.0,0.05145797096259611
5224,30,SS19,long sleeve,0.0188679245283018,0.0377358490566037,0.01886791952686903
5224,2,SS19,long sleeve,0.0,0.0,0.018867919528082037
5224,10,SS19,long sleeve,0.0,0.0,0.02058318539181549
5224,31,SS19,long sleeve,0.0,0.0,0.018867919528347852
5224,66,SS19,long sleeve,0.0188679245283018,0.0188679245283018,0.015437387797235412
5224,84,SS19,long sleeve,0.0,0.0377358490566037,0.015437387798080175
5224,86,SS19,long sleeve,0.0377358490566037,0.0,0.012006856061228007
5224,5,SS19,long sleeve,0.0,0.0188679245283018,0.013722121925246418
5224,16,SS19,long sleeve,0.0188679245283018,0.0377358490566037,0.037735849056603696
5224,117,SS19,long sleeve,0.0188679245283018,0.0,0.012006856063097067
5231,13,SS19,short sleeves,0.0,0.0,0.015437387794086575
5224,50,SS19,long sleeve,0.0,0.0,0.03259004646656395
5224,33,SS19,long sleeve,0.0,0.0,0.024013717134009023
5224,22,SS19,long sleeve,0.0,0.0188679245283018,0.03259005111824099
5224,51,SS19,long sleeve,0.0,0.0188679245283018,0.012007034173365627
3973,94,SS19,culottes,0.0188679245283018,0.0,0.008576324332225216
5199,59,SS19,long sleeve,0.0188679245283018,0.0188679245283018,0.015437387797153755
5199,8,SS19,long sleeve,0.0377358490566037,0.0566037735849056,0.02744424886254115
5199,4,SS19,long sleeve,0.0,0.0,0.027444248861917448
5231,100,SS19,short sleeves,0.0,0.0,0.0071760577864107625
5175,72,SS19,jumpsuit,0.0,0.0,0.01715265366071002
5199,16,SS19,long sleeve,0.0,0.0,0.03945110990221073
5199,13,SS19,long sleeve,0.0377358490566037,0.0566037735849056,0.036020578191398575
5199,117,SS19,long sleeve,0.0188679245283018,0.0,0.022298451259419073
5199,93,SS19,long sleeve,0.0188679245283018,0.0,0.007222102569248193
5199,22,SS19,long sleeve,0.0,0.0,0.04974270511030253
5199,45,SS19,long sleeve,0.0,0.0,0.027444248861732773
5199,51,SS19,long sleeve,0.0,0.0566037735849056,0.042881641656243606
5199,77,SS19,long sleeve,0.0,0.0,0.025728982989141145
4228,102,SS19,short sleeves,0.0188679245283018,0.0,1.3861961890784345e-41
5231,18,SS19,short sleeves,0.0188679245283018,0.0377358490566037,0.013722121931815066
5199,1,SS19,long sleeve,0.0,0.0,0.002173107290261198
5199,47,SS19,long sleeve,0.0188679245283018,0.0188679245283018,0.022298451271873625
5199,20,SS19,long sleeve,0.0,0.0,0.01200685897026965
5199,42,SS19,long sleeve,0.0377358490566037,0.0,0.006849490932141975
5199,85,SS19,long sleeve,0.0,0.0188679245283018,0.023483154470502737
5231,46,SS19,short sleeves,0.0,0.0,0.018867919528763332
5199,74,SS19,long sleeve,0.0188679245283018,0.0566037735849056,0.0394511099258668
5199,35,SS19,long sleeve,0.0188679245283018,0.0188679245283018,0.032590046465437936
5231,26,SS19,short sleeves,0.0,0.0,0.015437387791855387
5199,46,SS19,long sleeve,0.0188679245283018,0.0943396226415094,0.048027439256505634
5199,68,SS19,long sleeve,0.0188679245283018,0.0188679245283018,0.030874784615861017
5167,12,SS19,long sleeve,0.0,0.0188679245283018,0.0257289829895124
5230,80,SS19,short sleeves,0.0,0.0,0.009157541392108686
5245,100,SS19,culottes,0.0,0.0188679245283018,0.03430531232372238
5241,69,SS19,long sleeve,0.0566037735849056,0.0,0.00857632433031032
5119,77,SS19,solid color top,0.0,0.0188679245283018,0.022298451259854843
5207,57,SS19,doll dress,0.0,0.0,0.0360205781798372
5207,101,SS19,doll dress,0.0188679245283018,0.0,0.025728982992773444
5138,12,SS19,culottes,0.0566037735849056,0.0,0.0002397895488605614
5138,80,SS19,culottes,0.0188679245283018,0.0377358490566037,0.017152653661088042
5207,47,SS19,doll dress,0.0,0.0188679245283018,0.018867925090609784
5207,1,SS19,doll dress,0.0,0.0,0.04459690751682878
5221,67,SS19,sleeveless,0.0,0.0,0.004932560584675281
5221,69,SS19,sleeveless,0.0,0.0,0.006930646189643085
5131,74,SS19,doll dress,0.0377358490566037,0.0188679245283018,0.013722121930091452
5221,26,SS19,sleeveless,0.0,0.0,0.017152653665414384
5221,46,SS19,sleeveless,0.0,0.0,0.017152653663357477
5245,30,SS19,culottes,0.0943396226415094,0.0188679245283018,0.08061749071865522
5146,68,SS19,culottes,0.0,0.0,0.024013717124032646
5272,80,SS19,shorts,0.0,0.0377358490566037,0.04495971312675032
5220,2,SS19,culottes,0.0,0.0,0.01715266113300864
5220,10,SS19,culottes,0.0188679245283018,0.0,0.022298451259646714
5114,63,SS19,long dress,0.0188679245283018,0.0188679245283018,0.02076174239013269
5220,15,SS19,culottes,0.0188679245283018,0.0,0.02744424885534682
5292,43,SS19,drop sleeve,0.0,0.0566037735849056,0.034305312318423285
5289,13,SS19,short sleeves,0.0,0.0,0.013722121929943031
5220,31,SS19,culottes,0.0,0.0188679245283018,0.015573766584440119
5119,74,SS19,solid color top,0.0,0.0754716981132075,0.020583185396384002
5207,44,SS19,doll dress,0.0,0.0377358490566037,0.029159514734381928
5181,21,SS19,long sleeve,0.0188679245283018,0.0188679245283018,0.010291590197363497
5181,46,SS19,long sleeve,0.0,0.0188679245283018,0.01831101836757297
5198,2,SS19,culottes,0.0,0.0,0.01715265366378877
5181,36,SS19,long sleeve,0.0,0.0377358490566037,0.013722121931815066
5207,100,SS19,doll dress,0.0,0.0,0.037735844056864365
5248,36,SS19,long sleeve,0.0188679245283018,0.0377358490566037,0.027444248858332514
5146,23,SS19,culottes,0.0,0.0,0.024013717126622165
5181,3,SS19,long sleeve,0.0,0.0,0.015437387794539962
5181,12,SS19,long sleeve,0.0377358490566037,0.0377358490566037,0.021161606885405065
5248,35,SS19,long sleeve,0.0188679245283018,0.0188679245283018,0.013722121929141932
5248,69,SS19,long sleeve,0.0,0.0,0.020583185393824553
5248,67,SS19,long sleeve,0.0188679245283018,0.0188679245283018,0.018867922169811528
5248,13,SS19,long sleeve,0.0188679245283018,0.0188679245283018,0.018867919525862326
5248,80,SS19,long sleeve,0.0,0.0,0.025728988854773524
5248,49,SS19,long sleeve,0.0188679245283018,0.0188679245283018,0.020583185398542227
5221,16,SS19,sleeveless,0.0,0.0,0.0032025935118816322
5221,13,SS19,sleeveless,0.0188679245283018,0.0,0.0008172347562514147
5221,50,SS19,sleeveless,0.0188679245283018,0.0188679245283018,0.010291590196432058
5221,93,SS19,sleeveless,0.0,0.0,3.852020823191733e-06
5146,21,SS19,culottes,0.0188679245283018,0.0,0.01543738779230146
5207,107,SS19,doll dress,0.0943396226415094,0.0188679245283018,0.02572898299773967
5272,30,SS19,shorts,0.0,0.0,0.022298451260830437
5220,94,SS19,culottes,0.0188679245283018,0.0,1.386196189078435e-41
5220,9,SS19,culottes,0.0188679245283018,0.0,0.017152653661551134
5115,52,SS19,culottes,0.0,0.0188679245283018,0.010291590198353242
5149,72,SS19,capris,0.0188679245283018,0.0377358490566037,0.013722121926435295
5207,110,SS19,doll dress,0.0,0.0,0.05660376859926997
5220,47,SS19,culottes,0.0188679245283018,0.0188679245283018,0.018867925065738127
5140,109,SS19,patterned top,0.0377358490566037,0.0188679245283018,0.018773619835365983
4227,50,SS19,short sleeves,0.0377358490566037,0.0,0.012006856062580147
5220,109,SS19,culottes,0.0377358490566037,0.0,0.010291590195884577
5220,82,SS19,culottes,0.0,0.0377358490566037,0.020583185394043874
5269,30,SS19,culottes,0.0,0.0377358490566037,0.027444248871114654
5269,86,SS19,culottes,0.0,0.0,0.015437387797428561
5269,43,SS19,culottes,0.0566037735849056,0.0188679245283018,0.013722125607451648
5269,80,SS19,culottes,0.0377358490566037,0.0377358490566037,0.02253045981881683
5179,21,SS19,doll dress,0.0,0.0377358490566037,0.03259004645606226
5245,69,SS19,culottes,0.0754716981132075,0.0,0.03087478056687056
5245,35,SS19,culottes,0.0566037735849056,0.0566037735849056,0.03945110991709238
5245,36,SS19,culottes,0.0566037735849056,0.0377358490566037,0.051457970984914655
5103,28,SS19,sleeveless,0.0,0.0188679245283018,0.0205831853926763
5090,24,SS19,long dress,0.0,0.0,0.010291590197669892
5269,35,SS19,culottes,0.0188679245283018,0.0188679245283018,0.015309061411832175
5245,8,SS19,culottes,0.0377358490566037,0.0188679245283018,0.029159514705025317
5220,26,SS19,culottes,0.0377358490566037,0.0188679245283018,0.00857632433140163
5220,4,SS19,culottes,0.0,0.0,0.015437387802048242
5149,82,SS19,capris,0.0,0.0188679245283018,0.01372212192788373
5220,77,SS19,culottes,0.0566037735849056,0.0,0.02401371711119022
5220,45,SS19,culottes,0.0,0.0188679245283018,0.01990594739540919
5207,56,SS19,doll dress,0.0,0.0,0.002529727759088867
5220,6,SS19,culottes,0.0,0.0,0.01372212192718086
5182,69,SS19,long sleeve,0.0,0.0,0.013722121930069267
5220,3,SS19,culottes,0.0377358490566037,0.0,0.04071929248821023
5091,45,SS19,long dress,0.0188679245283018,0.0,0.010291590196911067
5182,74,SS19,long sleeve,0.0188679245283018,0.0,0.010291590196445394
5220,56,SS19,culottes,0.0566037735849056,0.0,0.01715265732820294
5207,50,SS19,doll dress,0.0,0.0,0.034305312331218196
5207,117,SS19,doll dress,0.0188679245283018,0.0188679245283018,0.022871845673120596
5182,22,SS19,long sleeve,0.0,0.0,0.013722121930475496
3823,94,SS19,culottes,0.0188679245283018,0.0,0.008576324330808295
5245,41,SS19,culottes,0.0377358490566037,0.0,0.03430531229638966
5220,93,SS19,culottes,0.0,0.0,0.02058318539092341
5243,80,SS19,shorts,0.0,0.0,0.018867920830955134
5165,3,SS19,long sleeve,0.0188679245283018,0.0188679245283018,0.00857632433140163
5165,12,SS19,long sleeve,0.0943396226415094,0.0188679245283018,0.024013717123498073
5243,13,SS19,shorts,0.0188679245283018,0.0188679245283018,0.01886791952809772
5245,86,SS19,culottes,0.0377358490566037,0.0,0.010291590197656415
5245,39,SS19,culottes,0.0377358490566037,0.0377358490566037,0.022298451267567663
5245,80,SS19,culottes,0.0754716981132075,0.0943396226415094,0.07204116138871705
5220,52,SS19,culottes,0.0188679245283018,0.0,0.013722121929102328
5245,56,SS19,culottes,0.0377358490566037,0.0377358490566037,0.04974270511647277
5245,13,SS19,culottes,0.0754716981132075,0.1132075471698113,0.054888502712000596
5165,74,SS19,long sleeve,0.0377358490566037,0.0,0.008576324330589627
4184,8,SS19,short sleeves,0.0,0.0,0.024013722550595893
5234,76,SS19,short sleeves,0.1132075471698113,0.0188679245283018,0.02572898299410328
5162,56,SS19,long sleeve,0.0188679245283018,0.0,0.030874786210421973
5212,75,SS19,culottes,0.0,0.0188679245283018,0.03439209770522861
5212,48,SS19,culottes,0.0188679245283018,0.0,0.060034300297308794
5204,2,SS19,culottes,0.0,0.0,0.013722125582191689
5253,41,SS19,long dress,0.0,0.0754716981132075,0.07547169308387185
5253,29,SS19,long dress,0.0,0.0566037735849056,0.08576328834437477
5253,100,SS19,long dress,0.0,0.0,0.05488850271202898
5196,29,SS19,culottes,0.0188679245283018,0.0188679245283018,0.02229845126088036
5196,57,SS19,culottes,0.0,0.0377358490566037,0.020583185397030853
5196,100,SS19,culottes,0.0,0.0,0.013722121927297737
5196,63,SS19,culottes,0.0,0.0,0.017152653660830398
5204,94,SS19,culottes,0.0566037735849056,0.0188679245283018,0.017152653661045753
5196,59,SS19,culottes,0.0188679245283018,0.0,0.022298451259903054
5196,35,SS19,culottes,0.0,0.0188679245283018,0.020583185394788078
5196,107,SS19,culottes,0.0,0.0,0.010291593592639137
5196,101,SS19,culottes,0.0188679245283018,0.0188679245283018,0.02744424885606646
5253,35,SS19,long dress,0.0,0.0,8.434620004534635e-10
5196,47,SS19,culottes,0.0,0.0,0.022298451264336727
5196,1,SS19,culottes,0.0,0.0,4.189521034928256e-18
5196,51,SS19,culottes,0.0754716981132075,0.0188679245283018,0.025728983000409
5196,24,SS19,culottes,0.0377358490566037,0.0,0.02229845125139753
5196,22,SS19,culottes,0.0,0.0188679245283018,0.024013717123758518
5196,93,SS19,culottes,0.0,0.0,0.018867919526449436
5253,36,SS19,long dress,0.0,0.0377358490566037,0.037735851024681605
5204,43,SS19,culottes,0.0,0.0,4.189520910070805e-18
5204,9,SS19,culottes,0.0,0.0188679245283018,0.017152653664989578
5204,13,SS19,culottes,0.0,0.0,0.02058318539927376
5161,30,SS19,patterned top,0.0377358490566037,0.0,0.02915951463686436
5148,117,SS19,sleeveless,0.0188679245283018,0.0,0.015437387795387603
5207,79,SS19,doll dress,0.0188679245283018,0.0566037735849056,0.04802743925861217
5160,110,SS19,printed shirt,0.0,0.0,0.018867919530521
5160,94,SS19,printed shirt,0.0188679245283018,0.0,0.008576324331336463
5088,83,SS19,long dress,0.0,0.0,0.013722121928821029
5207,75,SS19,doll dress,0.0,0.0,8.434619585582553e-10
5207,19,SS19,doll dress,0.0,0.0,0.0686106296172271
5163,22,SS19,culottes,0.0377358490566037,0.0188679245283018,0.018867924528301765
5212,54,SS19,culottes,0.0,0.0,0.01758712460185676
5212,2,SS19,culottes,0.0,0.0566037735849056,0.08747855419782
5212,12,SS19,culottes,0.0566037735849056,0.0377358490566037,0.08233275659467493
5207,31,SS19,doll dress,0.0,0.0,3.351616684356552e-17
5212,49,SS19,culottes,0.0,0.0,0.027444248864016182
5212,15,SS19,culottes,0.0188679245283018,0.0377358490566037,0.04065092328038481
5212,31,SS19,culottes,0.0188679245283018,0.0188679245283018,0.048027439237693065
5212,66,SS19,culottes,0.0,0.0188679245283018,0.024013717124321023
4194,107,SS19,solid color top,0.0,0.0,0.018867919528028743
5207,15,SS19,doll dress,0.0,0.0,2.811540099267021e-10
5207,7,SS19,doll dress,0.0,0.0,0.00016834798568034757
5212,19,SS19,culottes,0.0943396226415094,0.0188679245283018,0.022557091797500244
5204,69,SS19,culottes,0.0,0.0,0.025728982994858214
5204,82,SS19,culottes,0.0,0.0,0.006708020678129448
5253,40,SS19,long dress,0.0,0.0,0.06346483211972345
5196,117,SS19,culottes,0.0188679245283018,0.0,0.020583185395804858
5196,16,SS19,culottes,0.0,0.0188679245283018,0.02401371712994182
5196,56,SS19,culottes,0.0,0.0188679245283018,0.013722121929912024
5212,99,SS19,culottes,0.0566037735849056,0.0,2.8115398060005647e-10
5113,82,SS19,culottes,0.0188679245283018,0.0,0.015437387794385384
5212,16,SS19,culottes,0.0943396226415094,0.0566037735849056,0.03879515047954998
5212,117,SS19,culottes,0.0377358490566037,0.0188679245283018,0.027444248860616572
5212,50,SS19,culottes,0.0188679245283018,0.0,0.0343053123241758
5212,93,SS19,culottes,0.0566037735849056,0.0,0.015490275000456322
5113,33,SS19,culottes,0.0188679245283018,0.0188679245283018,0.017152653665896377
5253,62,SS19,long dress,0.0377358490566037,0.0,0.027444248858229096
5212,22,SS19,culottes,0.0188679245283018,0.0,0.05660376858002936
5253,30,SS19,long dress,0.0566037735849056,0.0377358490566037,0.08404802239257685
5212,45,SS19,culottes,0.0188679245283018,0.0188679245283018,0.04631217338061991
5212,76,SS19,culottes,0.0188679245283018,0.0377358490566037,0.027444248856542314
5212,68,SS19,culottes,0.0754716981132075,0.0566037735849056,0.05086172796723859
5212,1,SS19,culottes,0.0,0.0188679245283018,0.03430531233727863
5212,47,SS19,culottes,0.0566037735849056,0.0943396226415094,0.13207546664554703
5212,20,SS19,culottes,0.0566037735849056,0.0188679245283018,0.054888502711880525
5212,42,SS19,culottes,0.1132075471698113,0.0377358490566037,0.03602057818768449
5212,27,SS19,culottes,0.0188679245283018,0.0,0.027444248863918195
5212,82,SS19,culottes,0.0377358490566037,0.0377358490566037,0.030757665253129222
4082,64,SS19,long dress,0.0,0.0,0.015437387797274726
5212,107,SS19,culottes,0.0,0.0188679245283018,0.022298451259446135
5212,83,SS19,culottes,0.0377358490566037,0.0188679245283018,0.034305312317705734
5212,72,SS19,culottes,0.0188679245283018,0.0,0.03945110993315048
5212,5,SS19,culottes,0.0188679245283018,0.0754716981132075,0.03259004646066726
5161,86,SS19,patterned top,0.0566037735849056,0.0188679245283018,0.020583185392407465
5212,3,SS19,culottes,0.0,0.0566037735849056,0.05660377302259763
5113,46,SS19,culottes,0.0,0.0,0.020583185384708706
5196,9,SS19,culottes,0.0,0.0,0.020583185396442102
5196,73,SS19,culottes,0.0377358490566037,0.0188679245283018,0.020583185394165964
5196,80,SS19,culottes,0.0,0.0,0.029159514721475367
5196,43,SS19,culottes,0.0188679245283018,0.0,0.012006856085455393
5253,51,SS19,long dress,0.0566037735849056,0.0188679245283018,0.0394511124797428
5253,52,SS19,long dress,0.0,0.0,8.379041944999084e-18
5253,56,SS19,long dress,0.0943396226415094,0.0566037735849056,0.04974270511440712
5253,73,SS19,long dress,0.0566037735849056,0.0566037735849056,0.048027443229231095
5253,80,SS19,long dress,0.0,0.0,0.018799582623053184
5253,39,SS19,long dress,0.0188679245283018,0.0377358490566037,0.04974270509542779
5253,86,SS19,long dress,0.0377358490566037,0.0188679245283018,0.09605488351258597
5253,14,SS19,long dress,0.0566037735849056,0.0188679245283018,0.06346483204413184
5253,7,SS19,long dress,0.0,0.0377358490566037,0.041166375800705396
5196,31,SS19,culottes,0.0,0.0,0.024013717135000036
5196,15,SS19,culottes,0.0,0.0,0.029159514743898655
5196,10,SS19,culottes,0.0377358490566037,0.0188679245283018,0.02401371713237271
5196,12,SS19,culottes,0.0377358490566037,0.0188679245283018,0.04116637577640985
5196,2,SS19,culottes,0.0188679245283018,0.0188679245283018,0.030874780591243586
5212,43,SS19,culottes,0.0377358490566037,0.0188679245283018,0.05660376858488778
5113,44,SS19,culottes,0.0,0.0,0.015437387793882824
5212,9,SS19,culottes,0.0377358490566037,0.0377358490566037,0.046312173379793466
5212,110,SS19,culottes,0.0,0.0,0.032590046462504595
5113,18,SS19,culottes,0.0188679245283018,0.0,0.015437387804239363
5212,6,SS19,culottes,0.0,0.0188679245283018,0.01886792480945579
5212,85,SS19,culottes,0.0566037735849056,0.0188679245283018,0.04974270513545536
5161,80,SS19,patterned top,0.0,0.0,0.010448230650956064
5204,46,SS19,culottes,0.0,0.0,0.017152653659853852
5216,30,SS19,doll dress,0.0,0.0,0.025728982999311704
5216,12,SS19,doll dress,0.0377358490566037,0.0566037735849056,0.06518009791112547
5216,7,SS19,doll dress,0.0188679245283018,0.0,0.010291590199050663
5216,31,SS19,doll dress,0.0,0.0,0.013722121931352768
5216,19,SS19,doll dress,0.0,0.0,0.015437387789746182
5216,75,SS19,doll dress,0.0188679245283018,0.0188679245283018,0.017152653659179076
5216,14,SS19,doll dress,0.0377358490566037,0.0188679245283018,0.012006856062754565
5216,43,SS19,doll dress,0.0,0.0,0.01715265366433694
5216,110,SS19,doll dress,0.0,0.0,0.01200685606400381
5216,56,SS19,doll dress,0.0377358490566037,0.0188679245283018,0.020583185396106082
5261,30,SS19,solid color top,0.1320754716981132,0.0,0.008576324330544524
5216,117,SS19,doll dress,0.0188679245283018,0.0,0.01200685606245871
5216,93,SS19,doll dress,0.0,0.0,0.01543738778841616
5216,45,SS19,doll dress,0.0,0.0,0.024013717115566997
5216,77,SS19,doll dress,0.0,0.0,0.017152653667988873
5216,82,SS19,doll dress,0.0,0.0,0.022298451258967303
5267,15,SS19,solid color top,0.0566037735849056,0.0566037735849056,0.013722121926708165
5216,72,SS19,doll dress,0.0,0.0,0.015437387796646655
5216,69,SS19,doll dress,0.0188679245283018,0.0188679245283018,0.013722121932722701
5216,18,SS19,doll dress,0.0,0.0,0.01372212193057336
5216,95,SS19,doll dress,0.0188679245283018,0.0,0.010291590197855261
5267,80,SS19,solid color top,0.0,0.0,0.020583185393622635
5216,50,SS19,doll dress,0.0,0.0,0.020583185398262965
5257,36,SS19,solid color top,0.0188679245283018,0.0188679245283018,0.008576324331063654
5105,15,SS19,doll dress,0.0,0.0,0.012006856064577569
5282,30,SS19,long sleeve,0.0,0.0,0.02229845125768771
5244,43,SS19,long sleeve,0.0754716981132075,0.0,0.03945110992906778
5244,86,SS19,long sleeve,0.0377358490566037,0.0,0.02229845125593901
5244,94,SS19,long sleeve,0.1132075471698113,0.0566037735849056,0.029159514732105443
5244,10,SS19,long sleeve,0.0,0.0754716981132075,0.06772808597248463
5244,30,SS19,long sleeve,0.0943396226415094,0.0754716981132075,0.05660376857708479
5193,12,SS19,long dress,0.0,0.0,0.027444248855037257
5193,65,SS19,long dress,0.0,0.0377358490566037,0.013722121927681541
5193,94,SS19,long dress,0.0,0.0,0.022298451256074586
5193,75,SS19,long dress,0.0,0.0,9.507269169685539e-05
5193,14,SS19,long dress,0.0188679245283018,0.0,0.02401371973077982
5193,43,SS19,long dress,0.0,0.0,0.0034320961051092446
5193,39,SS19,long dress,0.0,0.0,0.015437387797541044
5193,73,SS19,long dress,0.0188679245283018,0.0377358490566037,0.0377358490566037
5193,9,SS19,long dress,0.0,0.0188679245283018,0.018867919530293653
5193,28,SS19,long dress,0.0188679245283018,0.0,0.010291590197513117
5193,22,SS19,long dress,0.0188679245283018,0.0,0.013722121928434998
5193,24,SS19,long dress,0.0,0.0,0.012006856058978962
5193,82,SS19,long dress,0.0,0.0,0.0018983370997555562
5193,53,SS19,long dress,0.0,0.0,0.018867919525254698
5193,95,SS19,long dress,0.0,0.0,0.015437387795330477
5193,104,SS19,long dress,0.0,0.0,0.01200685606557774
5282,35,SS19,long sleeve,0.0188679245283018,0.0377358490566037,0.017152653661140747
5282,94,SS19,long sleeve,0.0188679245283018,0.0566037735849056,0.015437387794946373
5267,35,SS19,solid color top,0.0,0.0,0.013722121927297737
5267,41,SS19,solid color top,0.0,0.0188679245283018,0.02572898299024711
5105,4,SS19,doll dress,0.0,0.0,0.010291590196717094
5268,29,SS19,printed shirt,0.0,0.0188679245283018,0.0754716931300138
5277,41,SS19,culottes,0.0188679245283018,0.0,0.04116637578890849
5166,13,SS19,long dress,0.0,0.0,0.0017751178126254523
5247,36,SS19,long sleeve,0.0377358490566037,0.0188679245283018,0.024013717127858384
5247,69,SS19,long sleeve,0.0,0.0377358490566037,0.04631217338637388
5247,40,SS19,long sleeve,0.0566037735849056,0.0,4.189520910070806e-18
5249,8,SS19,culottes,0.0,0.0188679245283018,0.01200685606276228
5249,36,SS19,culottes,0.0,0.0188679245283018,0.015437393893329853
5249,51,SS19,culottes,0.0377358490566037,0.0188679245283018,0.008576324331663403
5247,77,SS19,long sleeve,0.0,0.0188679245283018,0.027444248862066953
5249,49,SS19,culottes,0.0188679245283018,0.0188679245283018,0.012006856063025857
5247,13,SS19,long sleeve,0.0188679245283018,0.1132075471698113,0.05223930145398888
5251,81,SS19,culottes,0.0188679245283018,0.0,0.010291590197566453
5251,69,SS19,culottes,0.0188679245283018,0.0,0.008576324331041357
5247,56,SS19,long sleeve,0.0566037735849056,0.1132075471698113,0.0636061969695264
5251,73,SS19,culottes,0.0188679245283018,0.0377358490566037,0.017152653662253027
5176,86,SS19,jumpsuit,0.0,0.0,0.015437387796957582
5247,80,SS19,long sleeve,0.0,0.0188679245283018,0.05831903754045276
5178,20,SS19,culottes,0.0188679245283018,0.0188679245283018,0.012006856062454477
5247,15,SS19,long sleeve,0.0188679245283018,0.0377358490566037,0.037735844053869566
5247,7,SS19,long sleeve,0.0,0.0566037735849056,0.04872143316092519
5247,62,SS19,long sleeve,0.0,0.0377358490566037,0.02058318539495784
5290,77,SS19,long sleeve,0.0566037735849056,0.0188679245283018,0.00857632433090755
5254,30,SS19,long dress,0.0,0.0,0.018867920404665863
4219,0,SS19,short sleeves,0.0188679245283018,0.0188679245283018,0.008576324331810487
5088,57,SS19,long dress,0.0,0.0188679245283018,0.01200685606187215
5148,45,SS19,sleeveless,0.0188679245283018,0.0566037735849056,0.04312617049176568
5277,36,SS19,culottes,0.0943396226415094,0.0188679245283018,0.06861062962392205
5268,41,SS19,printed shirt,0.0,0.0,0.085763288282712
5277,30,SS19,culottes,0.0188679245283018,0.0943396226415094,0.08233275657718073
5277,49,SS19,culottes,0.0,0.0,0.015437387796149732
5277,7,SS19,culottes,0.0754716981132075,0.0566037735849056,0.07547169546854857
5102,10,SS19,doll dress,0.0,0.0,0.013722121929841034
5262,90,SS19,culottes,0.0,0.0,0.017152658597386412
5262,1,SS19,culottes,0.0,0.0,0.013722121929738804
5262,22,SS19,culottes,0.0188679245283018,0.0,0.01886772669118291
5262,3,SS19,culottes,0.0,0.0,0.015437387793920785
5262,12,SS19,culottes,0.0188679245283018,0.0188679245283018,0.029159514725844358
5278,35,SS19,long sleeve,0.0188679245283018,0.0188679245283018,0.013722121936636656
5277,79,SS19,culottes,0.0377358490566037,0.0,0.03087478059565073
5277,86,SS19,culottes,0.0377358490566037,0.0377358490566037,0.02572898298838689
5277,43,SS19,culottes,0.0188679245283018,0.0754716981132075,0.049742711957438374
5277,80,SS19,culottes,0.0,0.0,0.094339617596306
5278,13,SS19,long sleeve,0.0,0.0,0.017152653663594482
5095,64,SS19,patterned top,0.0,0.0188679245283018,0.017152653665230885
5277,56,SS19,culottes,0.0188679245283018,0.0,0.04116637581649201
5277,13,SS19,culottes,0.0754716981132075,0.0377358490566037,0.051457978482440034
5148,77,SS19,sleeveless,0.0,0.0,0.024013717127935052
5166,84,SS19,long dress,0.0377358490566037,0.0188679245283018,0.01372212193627588
5277,40,SS19,culottes,0.0188679245283018,0.0377358490566037,0.027444248860576996
5277,35,SS19,culottes,0.0,0.0188679245283018,0.02915951472535063
5277,8,SS19,culottes,0.0377358490566037,0.0566037735849056,0.04644474527376166
4171,22,SS19,sheath dress,0.0566037735849056,0.0377358490566037,0.03760428799054623
5212,67,SS19,culottes,0.0377358490566037,0.0377358490566037,0.0428816416563174
5212,32,SS19,culottes,0.0566037735849056,0.0188679245283018,0.013722121929221192
5225,19,SS19,capris,0.0377358490566037,0.0188679245283018,0.06346483202736226
5225,75,SS19,capris,0.0,0.1132075471698113,0.1014179560904389
5225,48,SS19,capris,0.0188679245283018,0.0566037735849056,0.029159514728068946
5225,79,SS19,capris,0.0566037735849056,0.0943396226415094,0.04116638031633994
5225,43,SS19,capris,0.0,0.0377358490566037,0.034305312327876473
5210,100,SS19,long dress,0.0188679245283018,0.0188679245283018,0.015437387794031062
5225,6,SS19,capris,0.0,0.0,0.03430531232925043
5225,3,SS19,capris,0.0377358490566037,0.0377358490566037,0.11492280794108145
5225,5,SS19,capris,0.0,0.0,0.024013717122499847
5225,99,SS19,capris,0.0188679245283018,0.0,0.017152653663126603
5210,53,SS19,long dress,0.0188679245283018,0.0,0.020583185394038427
5225,28,SS19,capris,0.0566037735849056,0.0188679245283018,0.018867919537247445
5225,13,SS19,capris,0.0188679245283018,0.0,0.030874780594633344
5210,102,SS19,long dress,0.0754716981132075,0.0,0.010291590197587163
5225,22,SS19,capris,0.0,0.0,0.03773584404804918
5225,24,SS19,capris,0.0188679245283018,0.0188679245283018,0.01543738779899315
5121,64,SS19,sleeveless,0.0,0.0566037735849056,0.022298451266305554
5225,1,SS19,capris,0.0,0.0,0.042881641650748106
5225,47,SS19,capris,0.0377358490566037,0.0188679245283018,0.12692966909878892
5259,41,SS19,patterned top,0.0,0.0377358490566037,0.015437387789966991
5259,29,SS19,patterned top,0.0,0.0,0.0024627295319792734
5225,20,SS19,capris,0.0,0.0,0.06174956617878645
5225,16,SS19,capris,0.0,0.0,0.027444248853281093
5225,31,SS19,capris,0.0188679245283018,0.0754716981132075,0.04288164165682324
5225,15,SS19,capris,0.0566037735849056,0.0188679245283018,0.03087478387899544
5225,7,SS19,capris,0.0,0.0188679245283018,0.039451109911348536
4241,104,SS19,short sleeves,0.0377358490566037,0.0188679245283018,0.018961788263937737
4209,13,SS19,culottes,0.0,0.0188679245283018,0.025728982995677312
4209,16,SS19,culottes,0.0,0.0,0.02255036709958406
4209,99,SS19,culottes,0.0188679245283018,0.0,9.383374306844404e-05
5234,18,SS19,short sleeves,0.0,0.0,0.02915951472372942
5286,35,SS19,shorts,0.0,0.0188679245283018,0.018867919531833127
4178,101,SS19,printed shirt,0.0,0.0,0.015437387794343357
5178,3,SS19,culottes,0.0188679245283018,0.0,0.013722121929437787
5178,12,SS19,culottes,0.0188679245283018,0.0377358490566037,0.018867919529529396
5178,30,SS19,culottes,0.0,0.0,0.015437387793378703
5234,46,SS19,short sleeves,0.0188679245283018,0.0,0.030874780582546595
4191,86,SS19,culottes,0.0377358490566037,0.0188679245283018,0.012006856063208043
5234,36,SS19,short sleeves,0.0188679245283018,0.0377358490566037,0.03087478059282933
5185,3,SS19,culottes,0.0,0.0188679245283018,0.01886792480945579
5185,51,SS19,culottes,0.0188679245283018,0.0188679245283018,0.017152653662012393
5185,46,SS19,culottes,0.0,0.0,0.015437387794203677
5185,63,SS19,culottes,0.0,0.0188679245283018,0.01200685606308159
5189,31,SS19,culottes,0.0188679245283018,0.0,0.0008048135868000757
5210,60,SS19,long dress,0.0188679245283018,0.0,0.010291590198172555
5189,26,SS19,culottes,0.0188679245283018,0.0188679245283018,0.010291593202217689
5189,41,SS19,culottes,0.0,0.0,0.010190910493390591
5225,2,SS19,capris,0.0,0.0,0.02401371712108049
5225,12,SS19,capris,0.0188679245283018,0.2264150943396226,0.15951972053874489
5225,42,SS19,capris,0.0188679245283018,0.0,0.02401371712752613
5234,35,SS19,short sleeves,0.0,0.0,0.02572898299293841
5225,53,SS19,capris,0.0754716981132075,0.0,0.05317323685030962
5225,35,SS19,capris,0.0377358490566037,0.0,0.025728982991351235
5234,20,SS19,short sleeves,0.0377358490566037,0.0377358490566037,0.024013717125636633
5286,86,SS19,shorts,0.0,0.0,0.01543738781842658
5234,47,SS19,short sleeves,0.0,0.0,0.025728982989289766
5234,68,SS19,short sleeves,0.0,0.0,0.02058318538875096
5234,30,SS19,short sleeves,0.0566037735849056,0.0,0.013722121930393802
5234,2,SS19,short sleeves,0.0566037735849056,0.0188679245283018,0.027444248862150047
5234,12,SS19,short sleeves,0.0,0.0943396226415094,0.0883255932827341
5234,10,SS19,short sleeves,0.0,0.0188679245283018,0.027444248857758473
5234,7,SS19,short sleeves,0.0,0.0188679245283018,0.022298451254984537
5234,15,SS19,short sleeves,0.0188679245283018,0.0188679245283018,0.012006856062437501
5234,65,SS19,short sleeves,0.0,0.0188679245283018,0.024013717143711647
5234,94,SS19,short sleeves,0.0377358490566037,0.0377358490566037,0.03771512802826317
5234,19,SS19,short sleeves,0.0,0.0188679245283018,0.03259004645381695
5234,75,SS19,short sleeves,0.0188679245283018,0.0188679245283018,0.029159514723899563
5234,48,SS19,short sleeves,0.0,0.0188679245283018,0.02915951472251758
5234,79,SS19,short sleeves,0.0188679245283018,0.0188679245283018,0.01799035484133077
5234,43,SS19,short sleeves,0.0377358490566037,0.0188679245283018,0.018867919535272955
5234,80,SS19,short sleeves,0.0566037735849056,0.0,0.039451113650530834
5234,3,SS19,short sleeves,0.0188679245283018,0.0,0.022298451260344885
5234,99,SS19,short sleeves,0.0,0.0188679245283018,0.01715265366081421
5234,16,SS19,short sleeves,0.0,0.0188679245283018,0.022298451258188013
5234,13,SS19,short sleeves,0.0377358490566037,0.0,0.015437387805965926
5234,93,SS19,short sleeves,0.0188679245283018,0.0188679245283018,0.029159514739178143
5234,82,SS19,short sleeves,0.0,0.0,0.018867919526204483
5285,80,SS19,solid color top,0.0,0.0188679245283018,0.017152653665411546
5234,107,SS19,short sleeves,0.0,0.0188679245283018,0.01886791952946745
5234,85,SS19,short sleeves,0.0188679245283018,0.0377358490566037,0.018867919533070494
5225,81,SS19,capris,0.0,0.0188679245283018,0.02401371712352926
5225,46,SS19,capris,0.0188679245283018,0.0377358490566037,0.09262435175156482
5225,90,SS19,capris,0.0188679245283018,0.0188679245283018,0.03945110992266559
5180,6,SS19,long dress,0.0188679245283018,0.0,0.008771010167666283
5225,95,SS19,capris,0.0566037735849056,0.0188679245283018,0.030874782853456226
5225,0,SS19,capris,0.0188679245283018,0.0566037735849056,0.05317324364426026
5180,28,SS19,long dress,0.0188679245283018,0.0566037735849056,0.06387753268490971
5225,4,SS19,capris,0.0,0.0,0.05145797448453791
5225,59,SS19,capris,0.0377358490566037,0.0,0.025728982990910945
5225,21,SS19,capris,0.0188679245283018,0.0188679245283018,0.05317323683881064
5225,25,SS19,capris,0.0377358490566037,0.0188679245283018,0.018867924528301803
5180,52,SS19,long dress,0.0566037735849056,0.1132075471698113,0.03602057820062713
5225,57,SS19,capris,0.0377358490566037,0.0377358490566037,0.029159514719489202
5225,104,SS19,capris,0.0754716981132075,0.0377358490566037,0.036020578184526086
5225,29,SS19,capris,0.0754716981132075,0.0,0.029159518942844492
5225,41,SS19,capris,0.0188679245283018,0.0,0.032590046460629754
5234,69,SS19,short sleeves,0.0,0.0,0.036020585692690406
5148,49,SS19,sleeveless,0.0188679245283018,0.0377358490566037,0.018867919525890054
5180,42,SS19,long dress,0.0377358490566037,0.0,0.01886791953024096
5180,83,SS19,long dress,0.0188679245283018,0.0377358490566037,0.058319034448878544
5234,74,SS19,short sleeves,0.0,0.0188679245283018,0.022298451264658525
5180,32,SS19,long dress,0.0377358490566037,0.0188679245283018,0.07547169944260924
5234,53,SS19,short sleeves,0.0,0.0188679245283018,0.013722121933276352
5234,83,SS19,short sleeves,0.0188679245283018,0.0,0.012006856061250149
4209,47,SS19,culottes,0.0188679245283018,0.0,0.022298451262636916
5242,30,SS19,printed shirt,0.0566037735849056,0.0188679245283018,0.06003430029427625
5234,59,SS19,short sleeves,0.0377358490566037,0.0,0.020583188977375048
4161,20,SS19,long sleeve,0.0,0.0188679245283018,0.01200685606293586
5207,54,SS19,doll dress,0.0188679245283018,0.0377358490566037,0.06511843505811506
5166,24,SS19,long dress,0.0,0.0,0.0019420412300891765
5159,107,SS19,culottes,0.0,0.0,0.015437387795344641
5288,29,SS19,solid color top,0.0,0.0188679245283018,0.015437387794896814
5159,14,SS19,culottes,0.0188679245283018,0.0,0.017152653648415412
5113,66,SS19,culottes,0.0377358490566037,0.0754716981132075,0.03259004645733993
5288,39,SS19,solid color top,0.0,0.0,0.018867919535552037
5234,64,SS19,short sleeves,0.0377358490566037,0.0377358490566037,0.03696249957145332
5242,41,SS19,printed shirt,0.0,0.0,0.044596907526449805
5222,24,SS19,culottes,0.0,0.0,0.01886791952489836
5222,50,SS19,culottes,0.0,0.0,0.01543738779411947
5222,13,SS19,culottes,0.0,0.0,0.013081239038227084
5222,75,SS19,culottes,0.0188679245283018,0.0,0.010291590194150392
5222,94,SS19,culottes,0.0,0.0188679245283018,0.013722121928678138
5222,10,SS19,culottes,0.0,0.0,0.0005443349144538683
5222,2,SS19,culottes,0.0188679245283018,0.0,0.0
5211,57,SS19,culottes,0.0,0.0,0.015437387796918544
4217,57,SS19,culottes,0.0,0.0,0.010291590196988037
5211,8,SS19,culottes,0.0377358490566037,0.0377358490566037,0.010291590196355773
5211,36,SS19,culottes,0.0,0.0,0.0008214592950018203
5242,81,SS19,printed shirt,0.0188679245283018,0.0,0.029159514726291583
5242,35,SS19,printed shirt,0.0,0.0,0.03773584405690419
5207,12,SS19,doll dress,0.0,0.1132075471698113,0.12692966906700978
5259,35,SS19,patterned top,0.0188679245283018,0.0377358490566037,0.022298451261508485
5212,41,SS19,culottes,0.0,0.0188679245283018,0.04802743925161093
5212,104,SS19,culottes,0.0,0.0377358490566037,0.024013717129447557
4204,29,SS19,culottes,0.0,0.0,0.010291590197255585
5212,46,SS19,culottes,0.1132075471698113,0.1132075471698113,0.11164201818458783
4204,81,SS19,culottes,0.0188679245283018,0.0,0.01372212193537724
5212,90,SS19,culottes,0.0188679245283018,0.0188679245283018,0.020480237158707976
5212,18,SS19,culottes,0.0188679245283018,0.0566037735849056,0.11663807398517832
4204,82,SS19,culottes,0.0188679245283018,0.0,0.010291590195485584
4204,77,SS19,culottes,0.0188679245283018,0.0,0.0003450614243357717
5212,95,SS19,culottes,0.0377358490566037,0.0188679245283018,0.0194097100060089
5212,0,SS19,culottes,0.0377358490566037,0.0,5.623079695791558e-10
5212,4,SS19,culottes,0.0,0.0377358490566037,0.037735844058408075
5212,8,SS19,culottes,0.0,0.0,0.025728982995790035
5212,59,SS19,culottes,0.0188679245283018,0.0377358490566037,0.037735844065566196
5212,63,SS19,culottes,0.0377358490566037,0.0188679245283018,0.02915951472757391
5212,100,SS19,culottes,0.0,0.0377358490566037,0.044596907485581365
5212,102,SS19,culottes,0.0188679245283018,0.0188679245283018,0.013722121925955913
5207,10,SS19,doll dress,0.0,0.0,0.02487746400378813
5259,86,SS19,patterned top,0.0,0.0,0.029159519650534794
5259,80,SS19,patterned top,0.0188679245283018,0.0,0.022298451260869746
5130,74,SS19,culottes,0.0,0.0188679245283018,0.018867922174224193
4236,64,SS19,culottes,0.0,0.0,0.017152653663333347
5130,82,SS19,culottes,0.0188679245283018,0.0,0.012006856065027898
5130,5,SS19,culottes,0.0,0.0,0.010291590197670867
5212,57,SS19,culottes,0.0377358490566037,0.0566037735849056,0.05831903875782709
5212,29,SS19,culottes,0.0188679245283018,0.0566037735849056,0.05655778599521786
5244,13,SS19,long sleeve,0.1320754716981132,0.1509433962264151,0.135479881895146
5166,21,SS19,long dress,0.0,0.0188679245283018,0.01543739177915202
5259,36,SS19,patterned top,0.0188679245283018,0.0377358490566037,0.01543738779801459
5237,43,SS19,gitana skirt,0.0188679245283018,0.0566037735849056,0.020583185392727146
5237,75,SS19,gitana skirt,0.0377358490566037,0.0,0.01715265366153035
5237,19,SS19,gitana skirt,0.0,0.0,0.01372212192460752
5237,30,SS19,gitana skirt,0.0,0.0,0.04802743926116441
5211,2,SS19,culottes,0.0,0.0,0.01543738779693256
5211,54,SS19,culottes,0.0188679245283018,0.0,0.012006856064584568
4222,64,SS19,printed shirt,0.0566037735849056,0.0566037735849056,0.03430531230941862
5202,12,SS19,long sleeve,0.0,0.0188679245283018,0.025728986231349327
5202,62,SS19,long sleeve,0.0188679245283018,0.0,0.013722121925309616
5280,80,SS19,solid color top,0.0188679245283018,0.0,0.025728983002033287
5234,44,SS19,short sleeves,0.0188679245283018,0.0,0.015437387797599351
5280,86,SS19,solid color top,0.0188679245283018,0.0188679245283018,0.024404602198545337
5264,29,SS19,solid color top,0.0,0.0,0.012006856063617621
4210,68,SS19,culottes,0.0188679245283018,0.0,0.01029159019600039
5264,36,SS19,solid color top,0.0188679245283018,0.0,1.3025684544609834e-05
5264,43,SS19,solid color top,0.0,0.0,0.006833902474848064
5264,86,SS19,solid color top,0.0,0.0566037735849056,0.02744425441086714
5093,73,SS19,culottes,0.0377358490566037,0.0377358490566037,0.07375642725887303
5242,80,SS19,printed shirt,0.0,0.0,0.03773584405530474
5291,15,SS19,solid color top,0.0188679245283018,0.0377358490566037,0.029344599916967272
5242,39,SS19,printed shirt,0.0188679245283018,0.0377358490566037,0.01543739276832016
5242,43,SS19,printed shirt,0.0188679245283018,0.0,0.025728982994447456
5234,63,SS19,short sleeves,0.0566037735849056,0.0188679245283018,0.018867919537345557
5237,39,SS19,gitana skirt,0.0,0.0,0.013722121931260413
5234,29,SS19,short sleeves,0.0,0.0377358490566037,0.017152653662999406
5211,12,SS19,culottes,0.0377358490566037,0.0,0.02915952009536451
5237,5,SS19,gitana skirt,0.0,0.0,0.010291590197110477
5236,75,SS19,gitana skirt,0.0188679245283018,0.0188679245283018,0.010291590196437798
5236,10,SS19,gitana skirt,0.0,0.0377358490566037,0.026591577466275752
5235,36,SS19,gitana skirt,0.0188679245283018,0.0377358490566037,0.027444248842879486
5235,35,SS19,gitana skirt,0.0,0.0,0.017152653672795597
5234,104,SS19,short sleeves,0.0188679245283018,0.0,4.613758128997762e-07
5234,57,SS19,short sleeves,0.0,0.0188679245283018,0.02058318538864517
5235,73,SS19,gitana skirt,0.0188679245283018,0.0377358490566037,0.018867922954366945
5211,68,SS19,culottes,0.0,0.0,0.01372212192663425
5211,24,SS19,culottes,0.0,0.0,0.015437387795943905
5235,66,SS19,gitana skirt,0.0188679245283018,0.0,0.010291590196254271
5235,12,SS19,gitana skirt,0.0188679245283018,0.0188679245283018,0.018867924809455785
5237,18,SS19,gitana skirt,0.0,0.0,0.018867919524573028
5237,36,SS19,gitana skirt,0.0,0.0,0.03259004644848493
5237,72,SS19,gitana skirt,0.0,0.0,0.02058318537922855
5237,47,SS19,gitana skirt,0.0,0.0,0.017152653661945138
5211,60,SS19,culottes,0.0188679245283018,0.0188679245283018,0.010291590197355873
4217,10,SS19,culottes,0.0,0.0377358490566037,0.04116637915237956
5211,19,SS19,culottes,0.0,0.0188679245283018,0.012006856066394117
4217,54,SS19,culottes,0.0,0.0377358490566037,0.025728989067882967
5211,7,SS19,culottes,0.0,0.0,0.004762894453135323
5237,22,SS19,gitana skirt,0.0,0.0,0.020583185399093592
5237,13,SS19,gitana skirt,0.0377358490566037,0.0,0.010291590197269836
5237,56,SS19,gitana skirt,0.0,0.0,0.012006856063085875
5237,73,SS19,gitana skirt,0.0,0.0,0.0222984512612672
5244,52,SS19,long sleeve,0.0943396226415094,0.0,0.018867919534118146
5278,94,SS19,long sleeve,0.0566037735849056,0.0188679245283018,0.017152653662433195
5200,67,SS19,drop sleeve,0.0377358490566037,0.0,0.000530715391427134
5218,9,SS19,long sleeve,0.0377358490566037,0.0566037735849056,0.04631217338019398
5148,107,SS19,sleeveless,0.0,0.0,0.010291590195485584
5195,23,SS19,long sleeve,0.0188679245283018,0.0,0.024013717143996135
5195,41,SS19,long sleeve,0.0,0.0188679245283018,0.027444248865118884
5218,6,SS19,long sleeve,0.0,0.0,0.02915951473496557
5218,3,SS19,long sleeve,0.0,0.0,0.02328098634264259
5195,64,SS19,long sleeve,0.0377358490566037,0.0,0.017152653661745374
5195,57,SS19,long sleeve,0.0,0.0,0.01543738779873181
5195,25,SS19,long sleeve,0.0,0.0377358490566037,0.013722121929319526
5218,5,SS19,long sleeve,0.0377358490566037,0.0377358490566037,0.030874780586788764
5208,29,SS19,patterned top,0.0,0.0188679245283018,0.014400637371844872
5195,8,SS19,long sleeve,0.0,0.0,0.022298455209863753
5195,4,SS19,long sleeve,0.0,0.0,0.02229845126446565
5218,99,SS19,long sleeve,0.0,0.0566037735849056,0.02744424885978145
5195,18,SS19,long sleeve,0.0,0.1132075471698113,0.02572898302626892
5195,26,SS19,long sleeve,0.0,0.0188679245283018,0.012006856065118357
5195,40,SS19,long sleeve,0.0,0.0188679245283018,0.012006856062560339
5283,80,SS19,shorts,0.0,0.0,0.025728982993983032
5195,83,SS19,long sleeve,0.0,0.0377358490566037,0.015437387797690822
5195,42,SS19,long sleeve,0.0,0.0377358490566037,0.012006856052744947
5195,20,SS19,long sleeve,0.0,0.0377358490566037,0.02915951472454958
5195,47,SS19,long sleeve,0.0,0.0,0.0017680033450853745
5218,16,SS19,long sleeve,0.0,0.0188679245283018,0.02229845125484914
5112,64,SS19,doll dress,0.0,0.0188679245283018,0.015437387795470046
5218,80,SS19,long sleeve,0.0,0.0,0.02915951472426382
5268,36,SS19,printed shirt,0.0566037735849056,0.0943396226415094,0.061749570756372614
5268,81,SS19,printed shirt,0.0566037735849056,0.0754716981132075,0.048027439240751355
5208,99,SS19,patterned top,0.0,0.0,0.013722121931411216
5208,33,SS19,patterned top,0.0,0.0,0.003211598222774602
5208,76,SS19,patterned top,0.0188679245283018,0.0,4.189520847642081e-18
5218,10,SS19,long sleeve,0.0,0.0377358490566037,0.034305312324841325
5218,15,SS19,long sleeve,0.0,0.0188679245283018,0.03945110991815841
5218,31,SS19,long sleeve,0.0188679245283018,0.0188679245283018,0.03430531232329051
5208,83,SS19,patterned top,0.0,0.0,0.0017829669984554368
5208,32,SS19,patterned top,0.0,0.0,0.012006856065203127
5208,53,SS19,patterned top,0.0,0.0,0.013722121931113872
5218,65,SS19,long sleeve,0.0377358490566037,0.0377358490566037,0.03430531233205726
5208,35,SS19,patterned top,0.0,0.0,0.012006860156717179
5195,1,SS19,long sleeve,0.0,0.0,0.024013717114413746
5218,66,SS19,long sleeve,0.0188679245283018,0.0,0.0325900464737984
5208,46,SS19,patterned top,0.0,0.0188679245283018,0.009951945254137146
5218,75,SS19,long sleeve,0.0566037735849056,0.0188679245283018,0.02915951471964475
5218,48,SS19,long sleeve,0.0,0.0188679245283018,0.013722121929210686
5287,41,SS19,shorts,0.0188679245283018,0.0377358490566037,0.034297199503373184
5218,14,SS19,long sleeve,0.0,0.0,0.025728982977347752
5238,12,SS19,kimono dress,0.0188679245283018,0.0377358490566037,0.010291590194632598
5238,10,SS19,kimono dress,0.0188679245283018,0.0188679245283018,0.008576324330180497
5238,3,SS19,kimono dress,0.0377358490566037,0.0,0.012006856063660943
5268,69,SS19,printed shirt,0.0566037735849056,0.0188679245283018,0.03945110993385214
5238,18,SS19,kimono dress,0.0,0.0188679245283018,0.010291590196449242
5268,35,SS19,printed shirt,0.0,0.0943396226415094,0.06518009790803299
5218,84,SS19,long sleeve,0.0188679245283018,0.0377358490566037,0.020583185392270855
5195,68,SS19,long sleeve,0.0188679245283018,0.0377358490566037,0.017152659617732085
5195,24,SS19,long sleeve,0.0188679245283018,0.0377358490566037,0.025728982992483045
5195,16,SS19,long sleeve,0.0188679245283018,0.0,0.010291590198691504
5218,95,SS19,long sleeve,0.0188679245283018,0.0188679245283018,0.0205831853974215
5218,18,SS19,long sleeve,0.0,0.0754716981132075,0.04459690751964566
5218,90,SS19,long sleeve,0.0188679245283018,0.0188679245283018,0.024013717125792224
5218,46,SS19,long sleeve,0.0,0.0377358490566037,0.06689536378750215
5218,26,SS19,long sleeve,0.0566037735849056,0.0188679245283018,0.0360205781871507
5218,45,SS19,long sleeve,0.0188679245283018,0.0188679245283018,0.03945110993071779
5218,74,SS19,long sleeve,0.0188679245283018,0.0,0.030874780588287264
5218,32,SS19,long sleeve,0.0,0.0,0.015437387793442474
5218,67,SS19,long sleeve,0.0,0.0188679245283018,0.0205831854003934
5218,85,SS19,long sleeve,0.0377358490566037,0.0754716981132075,0.03430531231722273
5218,76,SS19,long sleeve,0.0,0.0,0.027444248866741443
5208,104,SS19,patterned top,0.0,0.0377358490566037,0.023259299370337366
5208,63,SS19,patterned top,0.0188679245283018,0.0,0.012006856063288749
5218,68,SS19,long sleeve,0.0188679245283018,0.0,0.016469493097392367
5218,82,SS19,long sleeve,0.0,0.0,0.05145797101768654
5218,1,SS19,long sleeve,0.0,0.0,0.03602057821807647
5218,47,SS19,long sleeve,0.0,0.0,0.05145797098718265
5218,27,SS19,long sleeve,0.0,0.0,0.0240137171177957
5208,18,SS19,patterned top,0.0,0.0,0.008215103272804383
5287,80,SS19,shorts,0.0,0.0188679245283018,0.0188679195256908
5218,38,SS19,long sleeve,0.0,0.0377358490566037,0.018867919530763746
5218,101,SS19,long sleeve,0.0188679245283018,0.0,0.01715265836544976
5218,42,SS19,long sleeve,0.0188679245283018,0.0,0.010291590194879635
5218,20,SS19,long sleeve,0.0754716981132075,0.0377358490566037,0.04974270509967576
5208,8,SS19,patterned top,0.0,0.0,0.011880244096207552
5218,12,SS19,long sleeve,0.0,0.0,0.03782296230922804
5283,41,SS19,shorts,0.0566037735849056,0.0,0.017152653668834415
5218,0,SS19,long sleeve,0.0188679245283018,0.0377358490566037,0.03718728499194725
5195,28,SS19,long sleeve,0.0,0.0,0.01372212192880914
5195,99,SS19,long sleeve,0.0,0.0377358490566037,0.020583191504575396
5218,50,SS19,long sleeve,0.0188679245283018,0.0377358490566037,0.02744424885717939
5218,93,SS19,long sleeve,0.0377358490566037,0.0188679245283018,0.02915951472272466
5195,3,SS19,long sleeve,0.0,0.0,0.029159514719223047
5195,110,SS19,long sleeve,0.0566037735849056,0.0188679245283018,0.02915951473845816
5195,9,SS19,long sleeve,0.0,0.0,0.015437387794891209
5195,79,SS19,long sleeve,0.0188679245283018,0.0188679245283018,0.013722121928393309
5195,75,SS19,long sleeve,0.0188679245283018,0.0377358490566037,0.013722121931427553
5195,19,SS19,long sleeve,0.0,0.0,0.017152653665959167
5195,66,SS19,long sleeve,0.0188679245283018,0.0566037735849056,0.029159514723466763
5218,22,SS19,long sleeve,0.0,0.0377358490566037,0.03430531231110629
5195,31,SS19,long sleeve,0.0,0.0754716981132075,0.029159514727708533
5218,33,SS19,long sleeve,0.0,0.0566037735849056,0.034305312324834025
5195,10,SS19,long sleeve,0.0,0.0188679245283018,0.01886791952756161
5195,12,SS19,long sleeve,0.0,0.0188679245283018,0.04116637578820422
5218,41,SS19,long sleeve,0.0188679245283018,0.0377358490566037,0.05660376860560241
5218,64,SS19,long sleeve,0.0188679245283018,0.0566037735849056,0.03554777387902115
5218,104,SS19,long sleeve,0.0,0.0566037735849056,0.02058318539547903
5218,21,SS19,long sleeve,0.0377358490566037,0.0,0.03945089833300569
5218,100,SS19,long sleeve,0.0377358490566037,0.0943396226415094,0.051457970970416406
5218,63,SS19,long sleeve,0.0188679245283018,0.0377358490566037,0.020583185392586998
5218,8,SS19,long sleeve,0.0377358490566037,0.0377358490566037,0.05660376859232307
5218,4,SS19,long sleeve,0.0943396226415094,0.0377358490566037,0.039451109927603506
5195,15,SS19,long sleeve,0.0188679245283018,0.0188679245283018,0.018867919523593533
5218,2,SS19,long sleeve,0.0377358490566037,0.0377358490566037,0.04288164164123185
5195,85,SS19,long sleeve,0.0,0.0,0.01886791952949994
5266,43,SS19,sleeveless,0.0188679245283018,0.0,0.013722121930811116
5208,48,SS19,patterned top,0.0188679245283018,0.0,0.010291590197803319
5162,19,SS19,long sleeve,0.0,0.0,0.01886791952998669
5244,8,SS19,long sleeve,0.0188679245283018,0.0943396226415094,0.0943396226415094
5244,100,SS19,long sleeve,0.0,0.0188679245283018,0.027444251683709227
5208,6,SS19,patterned top,0.0188679245283018,0.0,0.010291590197378691
5208,3,SS19,patterned top,0.0,0.0,0.008344392719543216
5244,40,SS19,long sleeve,0.0377358490566037,0.0943396226415094,0.029159519301270163
5268,80,SS19,printed shirt,0.0188679245283018,0.0566037735849056,0.05831903446208299
5162,14,SS19,long sleeve,0.0,0.0,0.032590046481134276
5208,94,SS19,patterned top,0.0,0.0377358490566037,0.018867919530092633
5208,9,SS19,patterned top,0.0377358490566037,0.0,0.010291590199310188
5112,59,SS19,doll dress,0.0377358490566037,0.0188679245283018,0.01715265366237787
5208,19,SS19,patterned top,0.0377358490566037,0.0,0.0013285034994816184
5266,80,SS19,sleeveless,0.0,0.0188679245283018,0.015437387795638899
5208,110,SS19,patterned top,0.0,0.0,0.013722121932463367
5244,41,SS19,long sleeve,0.0566037735849056,0.0566037735849056,0.032590046453889916
5218,54,SS19,long sleeve,0.0,0.0,0.024013717128114717
5297,73,SS19,long dress,0.0566037735849056,0.0943396226415094,0.044596907486417016
5297,79,SS19,long dress,0.0188679245283018,0.0377358490566037,0.02915951472410213
5253,2,SS19,long dress,0.0,0.0188679245283018,0.0188679245283018
4208,28,SS19,short sleeves,0.0188679245283018,0.0188679245283018,0.01372212193025464
5253,12,SS19,long dress,0.0,0.0377358490566037,0.16295025223737716
5295,69,SS19,jumpsuit,0.0,0.0,0.020583185405029916
5295,35,SS19,jumpsuit,0.0,0.0,0.027444248930380003
5113,68,SS19,culottes,0.0,0.0188679245283018,0.02744424885765724
5232,4,SS19,sleeveless,0.0754716981132075,0.0377358490566037,0.033688926404674926
5143,31,SS19,capris,0.0,0.0188679245283018,0.017152653660155
5226,86,SS19,culottes,0.0,0.0,0.02229845125539073
5113,24,SS19,culottes,0.0,0.0,0.025728982997737026
5117,46,SS19,sleeveless,0.0,0.0,0.02572898922836194
5226,39,SS19,culottes,0.0,0.0,0.02229845125545622
5297,80,SS19,long dress,0.0566037735849056,0.0188679245283018,0.07204116137356201
5212,74,SS19,culottes,0.0566037735849056,0.0188679245283018,0.04288164165224541
5311,40,SS19,jumpsuit,0.0188679245283018,0.0,0.013722121930823653
5259,19,SS19,patterned top,0.0,0.0,0.02572898299509339
5297,14,SS19,long dress,0.0566037735849056,0.0377358490566037,0.03430531232253119
5195,86,SS19,long sleeve,0.0188679245283018,0.0188679245283018,0.020583185368566098
5297,49,SS19,long dress,0.0,0.0377358490566037,0.029159514731100674
5311,69,SS19,jumpsuit,0.1132075471698113,0.0188679245283018,0.020583185394329264
5298,53,SS19,long cardigan,0.0566037735849056,0.0,0.018867790804067024
5212,61,SS19,culottes,0.0566037735849056,0.0,0.00974735986267487
5297,94,SS19,long dress,0.0,0.0188679245283018,0.02058318539065639
5188,41,SS19,sleeveless,0.0,0.0188679245283018,0.022298451253891224
5197,83,SS19,short sleeves,0.0,0.0188679245283018,0.006861058464693168
5312,12,SS19,sleeveless,0.0,0.0754716981132075,0.04459691352449979
5197,47,SS19,short sleeves,0.0,0.0,0.01715265367061513
5297,12,SS19,long dress,0.0,0.0188679245283018,0.03524011931273547
5268,3,SS19,printed shirt,0.0188679245283018,0.0,0.0960548834179977
5125,45,SS19,culottes,0.0188679245283018,0.0188679245283018,0.02401371712949856
5207,49,SS19,doll dress,0.0,0.0,0.041166375783457256
5232,28,SS19,sleeveless,0.0188679245283018,0.0188679245283018,0.018867924528301765
5197,65,SS19,short sleeves,0.0,0.0,0.010291590197627628
5311,81,SS19,jumpsuit,0.0,0.0188679245283018,0.03838015816627514
5298,69,SS19,long cardigan,0.0,0.0,0.06346483204517318
5197,12,SS19,short sleeves,0.0,0.0,0.009334772179231508
5226,94,SS19,culottes,0.0,0.0,0.02401371714102535
5297,30,SS19,long dress,0.0,0.0188679245283018,0.05660376859209887
5212,28,SS19,culottes,0.0943396226415094,0.0566037735849056,0.037735844055621234
5195,2,SS19,long sleeve,0.0,0.0377358490566037,0.027444248866219153
5226,101,SS19,culottes,0.0754716981132075,0.0377358490566037,0.018861333239138668
5226,27,SS19,culottes,0.0377358490566037,0.0,0.01715265366201037
5272,18,SS19,shorts,0.0,0.0188679245283018,0.01543738779695641
5196,94,SS19,culottes,0.0,0.0188679245283018,0.026274486990459683
5226,85,SS19,culottes,0.0754716981132075,0.0,0.0137221219284038
5196,19,SS19,culottes,0.0377358490566037,0.0,0.013722121927932375
5226,53,SS19,culottes,0.0,0.0,0.022298451256309557
5147,8,SS19,capris,0.0188679245283018,0.0,0.012006856062595583
5253,31,SS19,long dress,0.0188679245283018,0.0566037735849056,0.048027439260494104
5272,29,SS19,shorts,0.0,0.0,0.005739800942481391
5253,65,SS19,long dress,0.0,0.0,0.049742705090734474
5270,2,SS19,long dress,0.0,0.0377358490566037,0.03259004645245777
5270,12,SS19,long dress,0.0,0.0566037735849056,0.0703258955315121
5253,66,SS19,long dress,0.0,0.0377358490566037,0.036020578181858984
5270,7,SS19,long dress,0.0,0.0377358490566037,0.020583185395934105
5270,15,SS19,long dress,0.0566037735849056,0.0188679245283018,0.02401371712803081
5270,31,SS19,long dress,0.0,0.0566037735849056,0.02915951472833789
5270,66,SS19,long dress,0.0188679245283018,0.0377358490566037,0.018867919522193445
5196,75,SS19,culottes,0.0188679245283018,0.0,0.01715265365679641
5234,54,SS19,short sleeves,0.0188679245283018,0.0377358490566037,0.010291590197399083
5253,94,SS19,long dress,0.0,0.0,0.0806174907266168
5298,35,SS19,long cardigan,0.0,0.0,0.041166375795528405
5226,20,SS19,culottes,0.0566037735849056,0.0188679245283018,0.02229845126268688
5304,67,SS19,long dress,0.0377358490566037,0.0377358490566037,0.029829273076604143
5195,73,SS19,long sleeve,0.0,0.0,0.015437387793625289
5195,54,SS19,long sleeve,0.0188679245283018,0.0,0.017152653662921024
5209,44,SS19,patterned top,0.0188679245283018,0.0377358490566037,0.022298451898498692
5117,20,SS19,sleeveless,0.0,0.0,0.017152653658813685
5117,38,SS19,sleeveless,0.0,0.0,0.036020578200528744
5226,28,SS19,culottes,0.0,0.0,0.017152653665589004
5266,19,SS19,sleeveless,0.0188679245283018,0.0188679245283018,0.012006856060040339
5145,66,SS19,doll dress,0.0,0.0188679245283018,0.013722121932575923
5253,10,SS19,long dress,0.0188679245283018,0.0377358490566037,0.09262435174217133
5304,69,SS19,long dress,0.0188679245283018,0.0188679245283018,0.020583185399862914
5226,93,SS19,culottes,0.0754716981132075,0.0,0.02229845126297709
5226,22,SS19,culottes,0.0188679245283018,0.0,0.03773584405740342
5209,59,SS19,patterned top,0.0188679245283018,0.0188679245283018,0.018226113920213834
5209,8,SS19,patterned top,0.0,0.0,0.012006856061929345
5226,24,SS19,culottes,0.0188679245283018,0.0,0.01886791952330381
5218,44,SS19,long sleeve,0.0377358490566037,0.0188679245283018,0.017152660769458043
5218,25,SS19,long sleeve,0.0,0.0,0.018867919527897133
5196,54,SS19,culottes,0.0,0.0,0.022298451262853913
5162,2,SS19,long sleeve,0.0,0.0,6.242873012700241e-26
5286,15,SS19,shorts,0.0,0.0188679245283018,0.0343053123235961
5298,36,SS19,long cardigan,0.0,0.0,0.08404802611172361
5226,12,SS19,culottes,0.0,0.0,0.05317323678477758
5260,12,SS19,culottes,0.0188679245283018,0.0,0.020583185397828326
5125,50,SS19,culottes,0.0188679245283018,0.0377358490566037,0.04288164164124953
5207,0,SS19,doll dress,0.0,0.0,7.412469103399181e-16
5288,18,SS19,solid color top,0.0,0.0,0.001050184995603802
5288,100,SS19,solid color top,0.0188679245283018,0.0,0.012006856063815255
5307,7,SS19,jumpsuit,0.0,0.0377358490566037,0.01715265366564905
5321,54,SS19,solid color top,0.0,0.0188679245283018,0.01715265366038814
5321,19,SS19,solid color top,0.0377358490566037,0.0377358490566037,0.012006856062377511
5321,14,SS19,solid color top,0.0,0.0,0.0015531002114983667
5298,15,SS19,long cardigan,0.0,0.0,0.07890222478958522
5321,69,SS19,solid color top,0.0,0.0,0.012006856061098055
5288,46,SS19,solid color top,0.0,0.0188679245283018,0.022298451266359754
5321,29,SS19,solid color top,0.0188679245283018,0.0188679245283018,0.013722121928782548
5272,53,SS19,shorts,0.0,0.0,0.0022162239562780344
5298,49,SS19,long cardigan,0.0,0.0566037735849056,0.04288164166035526
5097,38,SS19,doll dress,0.0188679245283018,0.0,2.3243901962819524e-06
5130,19,SS19,culottes,0.0,0.0188679245283018,0.020583185396917465
5124,50,SS19,drop sleeve,0.0,0.0,1.386196209734368e-41
5298,12,SS19,long cardigan,0.0,0.0,0.09090908586879613
5315,12,SS19,solid color top,0.0754716981132075,0.0377358490566037,0.01715265367130165
5312,41,SS19,sleeveless,0.0,0.0943396226415094,0.018867919521929333
4222,27,SS19,printed shirt,0.0,0.0188679245283018,0.04288164165839851
5306,43,SS19,solid color top,0.0,0.0377358490566037,0.012006856064431711
5250,85,SS19,long dress,0.0566037735849056,0.0,0.017359930371490712
5288,36,SS19,solid color top,0.0,0.0188679245283018,0.017595257243480676
5288,35,SS19,solid color top,0.0188679245283018,0.0,0.015437387791563143
5198,53,SS19,culottes,0.0,0.0,0.013722121925597876
5242,29,SS19,printed shirt,0.0,0.0,0.037735844069222466
5176,107,SS19,jumpsuit,0.0188679245283018,0.0188679245283018,0.010291590193475818
5198,36,SS19,culottes,0.0,0.0,0.02915952037192762
5258,101,SS19,culottes,0.0,0.0377358490566037,0.015437387799366334
5198,26,SS19,culottes,0.0,0.0188679245283018,0.01886772579486786
5215,48,SS19,jumpsuit,0.0188679245283018,0.0,0.008576324331724653
5307,12,SS19,jumpsuit,0.0,0.0,0.030874780598190297
5198,18,SS19,culottes,0.0,0.0377358490566037,0.022298451261875636
5207,4,SS19,doll dress,0.0188679245283018,0.0,0.04631217340481045
5215,10,SS19,jumpsuit,0.0188679245283018,0.0377358490566037,0.02229845125804369
5198,4,SS19,culottes,0.0,0.0,0.022298451253151438
5288,3,SS19,solid color top,0.0,0.0188679245283018,0.030874780618774703
5318,15,SS19,jumpsuit,0.0,0.0566037735849056,0.051457970995454086
5198,63,SS19,culottes,0.0,0.0,0.030874780591899388
5288,82,SS19,solid color top,0.0,0.0,0.017152656802447045
5198,21,SS19,culottes,0.0188679245283018,0.0,0.01715265366145177
5217,3,SS19,sleeveless,0.0,0.0,0.015437387793588381
5288,83,SS19,solid color top,0.0188679245283018,0.0,0.013722121928510559
5198,57,SS19,culottes,0.0,0.0,0.0325900464644712
5113,48,SS19,culottes,0.0566037735849056,0.0377358490566037,0.017152653660729468
4222,101,SS19,printed shirt,0.0,0.0566037735849056,0.030874780591705547
5250,77,SS19,long dress,0.0188679245283018,0.0377358490566037,0.017152659617732085
5298,62,SS19,long cardigan,0.0188679245283018,0.0754716981132075,0.03087478060396735
5318,12,SS19,jumpsuit,0.0,0.0,0.09777014930344224
5148,19,SS19,sleeveless,0.0377358490566037,0.0,0.017152653662627266
5295,56,SS19,jumpsuit,0.0,0.0188679245283018,0.029159514691688267
5201,102,SS19,long dress,0.0,0.0377358490566037,0.03458138300279547
5166,45,SS19,long dress,0.0,0.0,0.0031379008993910086
5212,21,SS19,culottes,0.0188679245283018,0.0188679245283018,0.03430531232479157
5195,33,SS19,long sleeve,0.0,0.0,0.030874780589111216
5195,50,SS19,long sleeve,0.0,0.0,0.036020578191612494
4204,19,SS19,culottes,0.0188679245283018,0.0,0.01543738779536716
5311,100,SS19,jumpsuit,0.0943396226415094,0.0188679245283018,0.015437387796747198
5259,39,SS19,patterned top,0.0566037735849056,0.0188679245283018,0.008576324330427671
5180,90,SS19,long dress,0.0754716981132075,0.0566037735849056,0.044596907499726585
4204,110,SS19,culottes,0.0,0.0188679245283018,0.01200685606325795
5143,33,SS19,capris,0.0377358490566037,0.0,0.008576324330973708
5226,30,SS19,culottes,0.0,0.0,2.811539806000565e-10
5143,117,SS19,capris,0.0188679245283018,0.0,0.0005740701960698202
5232,54,SS19,sleeveless,0.0,0.0,0.0005776471083289177
5180,25,SS19,long dress,0.0377358490566037,0.0188679245283018,0.024013717129854475
5226,54,SS19,culottes,0.0,0.0,0.013722121930987374
5253,19,SS19,long dress,0.0188679245283018,0.0,0.09605488344326966
5229,29,SS19,short sleeves,0.0,0.0,0.013722125253491962
5234,67,SS19,short sleeves,0.0188679245283018,0.0,0.017152653656487226
5130,35,SS19,culottes,0.0,0.0188679245283018,0.01715265366221652
5311,29,SS19,jumpsuit,0.0566037735849056,0.0566037735849056,0.051457970988216716
5311,41,SS19,jumpsuit,0.0188679245283018,0.0566037735849056,0.06926928189209869
5124,20,SS19,drop sleeve,0.0,0.0,0.012006856065053218
5315,3,SS19,solid color top,0.0377358490566037,0.0754716981132075,0.01715265365445261
5307,86,SS19,jumpsuit,0.0377358490566037,0.0188679245283018,0.01543738779286623
4236,50,SS19,culottes,0.0,0.0377358490566037,0.02375238591300024
5272,83,SS19,shorts,0.0,0.0188679245283018,0.020583185394748273
5307,39,SS19,jumpsuit,0.0,0.0188679245283018,0.017152653667675887
5259,3,SS19,patterned top,0.0,0.0188679245283018,0.0274442488442391
5212,23,SS19,culottes,0.0754716981132075,0.0188679245283018,0.017152653661242512
5217,90,SS19,sleeveless,0.0,0.0,0.012006856068792858
5212,64,SS19,culottes,0.0,0.0188679245283018,0.029159514732277264
5295,94,SS19,jumpsuit,0.0,0.0,0.02058318539811299
5258,74,SS19,culottes,0.0377358490566037,0.0,0.010291590198155141
5188,12,SS19,sleeveless,0.0,0.0,0.020553394442700178
5130,73,SS19,culottes,0.0188679245283018,0.0188679245283018,0.010291593202217689
5318,30,SS19,jumpsuit,0.0566037735849056,0.0188679245283018,0.015437387795362995
5125,28,SS19,culottes,0.0,0.0,0.02229845125275284
5212,44,SS19,culottes,0.0,0.0188679245283018,0.014570751532104777
5212,25,SS19,culottes,0.0,0.0188679245283018,0.02136871453868803
5203,9,SS19,sleeveless,0.0,0.0188679245283018,0.010291590197136734
5295,80,SS19,jumpsuit,0.0188679245283018,0.0,0.05488850271443213
5203,56,SS19,sleeveless,0.0,0.0,0.003266043462793186
5298,30,SS19,long cardigan,0.0188679245283018,0.0188679245283018,0.03259004646197376
5125,117,SS19,culottes,0.0188679245283018,0.0377358490566037,0.018867919524398962
5253,48,SS19,long dress,0.0188679245283018,0.0566037735849056,0.042881646836147425
5253,75,SS19,long dress,0.0188679245283018,0.0943396226415094,0.0840480224331144
5255,12,SS19,gitana skirt,0.0188679245283018,0.0188679245283018,0.04166435946653972
5311,10,SS19,jumpsuit,0.0754716981132075,0.0,0.01886791952893779
5255,15,SS19,gitana skirt,0.0188679245283018,0.0,0.012006856064381876
5205,18,SS19,short sleeves,0.0,0.0,0.01372212193002543
5253,64,SS19,long dress,0.0,0.0377358490566037,0.03430531231255766
5125,4,SS19,culottes,0.0566037735849056,0.0188679245283018,0.04288164166098347
5205,59,SS19,short sleeves,0.0188679245283018,0.0188679245283018,0.008576324330584075
5255,48,SS19,gitana skirt,0.0377358490566037,0.0,0.010291590197259257
5255,86,SS19,gitana skirt,0.0,0.0,0.0019016059629503477
5255,54,SS19,gitana skirt,0.0,0.0188679245283018,0.013722121931818454
5244,74,SS19,long sleeve,0.0566037735849056,0.0566037735849056,0.06810064330919581
5302,36,SS19,sleeveless,0.0,0.0188679245283018,0.01372212192576152
5302,53,SS19,sleeveless,0.0,0.0,0.0016703817455953694
5218,107,SS19,long sleeve,0.0188679245283018,0.0,0.015437387796009797
5223,21,SS19,gitana skirt,0.0,0.0,0.013722121930320824
5223,20,SS19,gitana skirt,0.0,0.0,0.012006856061760891
5223,51,SS19,gitana skirt,0.0,0.0377358490566037,0.024013717135486588
5223,45,SS19,gitana skirt,0.0377358490566037,0.0188679245283018,0.015437387797326221
5192,59,SS19,sleeveless,0.0,0.0,4.716863207561897e-07
5212,60,SS19,culottes,0.0377358490566037,0.0,0.007463234307705883
5311,12,SS19,jumpsuit,0.0,0.1132075471698113,0.1268417829467953
5125,59,SS19,culottes,0.0188679245283018,0.0188679245283018,0.02058318539002285
5255,30,SS19,gitana skirt,0.0,0.0,0.036020578191685595
5253,44,SS19,long dress,0.0,0.0377358490566037,0.02796296654048459
5253,8,SS19,long dress,0.0566037735849056,0.0377358490566037,0.05488850271733367
5319,12,SS19,sleeveless,0.0377358490566037,0.0377358490566037,0.01886791952823055
5196,4,SS19,culottes,0.0,0.0,0.02572898297996506
5268,94,SS19,printed shirt,0.0188679245283018,0.0754716981132075,0.07705380474425555
5316,94,SS19,culottes,0.0566037735849056,0.0377358490566037,0.04974270510710067
5266,29,SS19,sleeveless,0.0,0.0,0.012006856069155084
5192,68,SS19,sleeveless,0.0,0.0,0.018867919519884972
5314,30,SS19,gitana skirt,0.0,0.0,0.0018987353039058835
5218,72,SS19,long sleeve,0.0566037735849056,0.0,0.022298451260174205
5253,104,SS19,long dress,0.0,0.0,0.039451109917186034
5314,12,SS19,gitana skirt,0.0188679245283018,0.0377358490566037,0.015437387795408616
5311,15,SS19,jumpsuit,0.0566037735849056,0.0754716981132075,0.07547169783205351
5196,41,SS19,culottes,0.0,0.0,0.015437387797613797
5253,63,SS19,long dress,0.0,0.0754716981132075,0.03602057819138524
5218,83,SS19,long sleeve,0.0,0.0188679245283018,0.02572898299482888
5205,93,SS19,short sleeves,0.0188679245283018,0.0188679245283018,0.012006856066609223
5205,33,SS19,short sleeves,0.0,0.0,0.009822379146732431
5253,21,SS19,long dress,0.0,0.0754716981132075,0.03945110992531995
5253,102,SS19,long dress,0.0188679245283018,0.0377358490566037,0.022298455511056428
5253,25,SS19,long dress,0.0188679245283018,0.0377358490566037,0.020583185396105673
5147,76,SS19,capris,0.0,0.0,0.0006023439970994619
5204,12,SS19,culottes,0.0,0.0,0.00027611803918873966
5223,73,SS19,gitana skirt,0.0,0.0,0.020583185399691173
5223,80,SS19,gitana skirt,0.0,0.0754716981132075,0.02401371713182977
5255,35,SS19,gitana skirt,0.0188679245283018,0.0,0.013722121920798667
5204,61,SS19,culottes,0.0,0.0,0.010291590197634542
5132,2,SS19,maxi,0.0,0.0377358490566037,0.037735849056603696
5255,18,SS19,gitana skirt,0.0188679245283018,0.0,0.024013717130060824
5126,117,SS19,culottes,0.0188679245283018,0.0377358490566037,0.01740186307228646
5316,56,SS19,culottes,0.0188679245283018,0.0754716981132075,0.051457970992232795
5207,86,SS19,doll dress,0.0,0.0,0.009317254096360833
5255,29,SS19,gitana skirt,0.0,0.0,0.01200685606371721
5255,41,SS19,gitana skirt,0.0,0.0,0.013722121927224148
5204,20,SS19,culottes,0.0377358490566037,0.0188679245283018,0.008576324329984085
5268,31,SS19,printed shirt,0.0,0.0566037735849056,0.04116637578265215
5125,25,SS19,culottes,0.0377358490566037,0.0188679245283018,0.02229845125956449
5234,33,SS19,short sleeves,0.0188679245283018,0.0188679245283018,0.017152653663281284
5259,2,SS19,patterned top,0.0377358490566037,0.0188679245283018,0.015437387798759212
5234,22,SS19,short sleeves,0.0,0.0,0.030874780626457897
5271,29,SS19,long sleeve,0.0,0.0,0.006928023235540474
5302,80,SS19,sleeveless,0.0,0.0,0.01886792435737521
5271,36,SS19,long sleeve,0.0,0.0,4.513087482692618e-06
5302,7,SS19,sleeveless,0.0,0.0,0.0014081511986283924
5302,12,SS19,sleeveless,0.0188679245283018,0.0188679245283018,0.01886791952497269
5268,15,SS19,printed shirt,0.0,0.0188679245283018,0.04631217338372949
5255,53,SS19,gitana skirt,0.0,0.0,0.017152653659711702
5145,10,SS19,doll dress,0.0188679245283018,0.0377358490566037,0.013722125691716594
5255,83,SS19,gitana skirt,0.0188679245283018,0.0,0.01715265366383039
5223,48,SS19,gitana skirt,0.0,0.0,0.012006856063794586
5316,14,SS19,culottes,0.0566037735849056,0.0566037735849056,0.03602057819755328
4197,74,SS19,printed shirt,0.0,0.0,0.006121311609109024
5309,80,SS19,sleeveless,0.0943396226415094,0.2075471698113207,0.09605488353025646
5309,73,SS19,sleeveless,0.0188679245283018,0.0,0.07890222490978321
5223,15,SS19,gitana skirt,0.0188679245283018,0.0,0.010291590190290838
5266,46,SS19,sleeveless,0.0,0.0,0.01200685606371792
5204,80,SS19,culottes,0.0,0.0,0.02401372045273758
5141,26,SS19,short sleeves,0.0188679245283018,0.0,0.008576324331724653
5316,39,SS19,culottes,0.0377358490566037,0.0377358490566037,0.041166375786151725
5122,24,SS19,solid color top,0.0,0.0754716981132075,0.03430531232475578
5255,13,SS19,gitana skirt,0.0188679245283018,0.0,0.01200685605975966
5255,33,SS19,gitana skirt,0.0188679245283018,0.0,0.012006856058625342
5316,80,SS19,culottes,0.0188679245283018,0.1320754716981132,0.12296030127670055
5316,73,SS19,culottes,0.0566037735849056,0.0,0.044596911267157445
5157,18,SS19,short sleeves,0.0,0.0377358490566037,0.013722121930942228
5255,51,SS19,gitana skirt,0.0,0.0,0.01886791952806509
5144,46,SS19,maxi,0.0,0.0,0.012006856062109005
5157,83,SS19,short sleeves,0.0,0.0,0.01200685606355396
5255,20,SS19,gitana skirt,0.0,0.0,0.0188679195315269
5204,99,SS19,culottes,0.0,0.0,0.013722121898531394
5270,46,SS19,long dress,0.0188679245283018,0.0377358490566037,0.017152653665055605
5226,26,SS19,culottes,0.0,0.0188679245283018,0.01886791952963508
5270,36,SS19,long dress,0.0188679245283018,0.1320754716981132,0.044596907497344636
5253,95,SS19,long dress,0.0,0.0188679245283018,0.039451113473391884
5226,21,SS19,culottes,0.0377358490566037,0.0188679245283018,0.013722121931993113
5253,99,SS19,long dress,0.0,0.0188679245283018,0.07547169312746232
5226,44,SS19,culottes,0.0,0.0377358490566037,0.015437387795444837
5226,57,SS19,culottes,0.0566037735849056,0.0377358490566037,0.03773584405531518
5253,28,SS19,long dress,0.0,0.0,0.029159514728352414
5209,20,SS19,patterned top,0.0,0.0,0.0018669057370964434
5253,16,SS19,long dress,0.0377358490566037,0.0566037735849056,0.046312173390544054
5253,13,SS19,long dress,0.0,0.0,0.06689536377155629
5253,117,SS19,long dress,0.0188679245283018,0.0,0.06346483204348098
5270,77,SS19,long dress,0.0566037735849056,0.0377358490566037,0.025728982992810526
5226,41,SS19,culottes,0.0,0.0,0.010976785521782996
5253,33,SS19,long dress,0.0,0.0,0.056603768583146204
5209,38,SS19,patterned top,0.0754716981132075,0.0377358490566037,0.03767608428468162
5253,45,SS19,long dress,0.0,0.0188679245283018,0.030507661181142502
5253,24,SS19,long dress,0.0,0.0,1.2568562730212466e-17
5253,76,SS19,long dress,0.0,0.0377358490566037,0.060034300321709706
5209,11,SS19,patterned top,0.0188679245283018,0.0,0.008576324330521062
5253,77,SS19,long dress,0.0,0.0188679245283018,0.05488850268668984
4173,44,SS19,short sleeves,0.0377358490566037,0.0,0.010291590197206208
5253,68,SS19,long dress,0.0,0.0377358490566037,0.03259004646294121
5253,93,SS19,long dress,0.0,0.0,0.0583190344588052
5253,1,SS19,long dress,0.0,0.0,0.060034300325737394
5253,5,SS19,long dress,0.0,0.0,2.811539847895774e-10
5253,3,SS19,long dress,0.0,0.0754716981132075,0.09090908594532779
5253,60,SS19,long dress,0.0,0.0188679245283018,0.02148832042736086
5122,90,SS19,solid color top,0.0,0.0,0.01715265365912728
5098,19,SS19,culottes,0.0188679245283018,0.0188679245283018,0.017152657816077957
5209,83,SS19,patterned top,0.0188679245283018,0.0,0.012006856061372136
5253,79,SS19,long dress,0.0,0.0,0.053173236826672764
5266,3,SS19,sleeveless,0.0188679245283018,0.0188679245283018,0.01543738779506569
5253,43,SS19,long dress,0.0188679245283018,0.0377358490566037,0.04288164164903562
5268,14,SS19,printed shirt,0.0,0.0,0.04802744622609913
5270,110,SS19,long dress,0.0943396226415094,0.0377358490566037,0.02744425360027149
5270,76,SS19,long dress,0.0188679245283018,0.0188679245283018,0.022298451253369843
5270,3,SS19,long dress,0.0377358490566037,0.0188679245283018,0.0343053123303751
5270,99,SS19,long dress,0.0377358490566037,0.0188679245283018,0.01200685606341098
5226,95,SS19,culottes,0.0377358490566037,0.0377358490566037,0.020583191525623438
5270,13,SS19,long dress,0.0377358490566037,0.0188679245283018,0.025728982999708078
5253,9,SS19,long dress,0.0,0.0,4.1895210973569825e-18
5226,0,SS19,culottes,0.0377358490566037,0.0188679245283018,0.010291590196538811
5226,4,SS19,culottes,0.0,0.0188679245283018,0.022298451257563346
5253,110,SS19,long dress,0.0754716981132075,0.0377358490566037,0.07032589553319785
5253,6,SS19,long dress,0.0188679245283018,0.0188679245283018,0.017152653666487695
5226,59,SS19,culottes,0.0377358490566037,0.0,0.015437387790978044
5270,5,SS19,long dress,0.0,0.0377358490566037,0.02572898298950932
5253,47,SS19,long dress,0.0188679245283018,0.0188679245283018,0.06518009790790026
5253,38,SS19,long dress,0.0566037735849056,0.0377358490566037,0.06518009792419036
5196,79,SS19,culottes,0.0,0.0,0.02572898299661667
5218,69,SS19,long sleeve,0.0754716981132075,0.0188679245283018,0.034305312332552323
5268,75,SS19,printed shirt,0.0,0.0188679245283018,0.02518819162762178
5250,10,SS19,long dress,0.0754716981132075,0.0377358490566037,0.01953398493510638
5298,29,SS19,long cardigan,0.0754716981132075,0.0188679245283018,0.03430531232060152
5268,19,SS19,printed shirt,0.0,0.0377358490566037,0.07204116137595958
5196,68,SS19,culottes,0.0,0.0,0.017152653671688493
5266,40,SS19,sleeveless,0.0188679245283018,0.0188679245283018,0.018773622222923923
5253,69,SS19,long dress,0.0,0.0943396226415094,0.09090908590822183
5192,86,SS19,sleeveless,0.0,0.0188679245283018,0.010291590197488574
5253,74,SS19,long dress,0.0,0.0,0.048027439189781966
5297,56,SS19,long dress,0.0566037735849056,0.0377358490566037,0.056603768598363295
5122,42,SS19,solid color top,0.0,0.0188679245283018,0.036020578180182394
5253,81,SS19,long dress,0.0377358490566037,0.0188679245283018,0.06174956618577906
5270,107,SS19,long dress,0.0188679245283018,0.0754716981132075,0.018867920408465175
5311,94,SS19,jumpsuit,0.0,0.0754716981132075,0.06585903553195045
5270,85,SS19,long dress,0.0188679245283018,0.0188679245283018,0.02744424886655221
4208,59,SS19,short sleeves,0.0188679245283018,0.0188679245283018,0.012006856062965844
5147,1,SS19,capris,0.0,0.0,8.625274987266429e-05
5253,26,SS19,long dress,0.0,0.0,0.06518009787634135
5253,46,SS19,long dress,0.0,0.0,0.09433961762489329
5270,68,SS19,long dress,0.0,0.0,2.811539931686189e-10
5253,53,SS19,long dress,0.0188679245283018,0.0377358490566037,0.07032589552650563
5253,32,SS19,long dress,0.0188679245283018,0.0,0.04802743666334509
5253,67,SS19,long dress,0.0,0.0,0.06861062921517522
5298,8,SS19,long cardigan,0.0188679245283018,0.0,0.02058318539555042
5253,101,SS19,long dress,0.0,0.0,2.811539973581398e-10
5162,109,SS19,long sleeve,0.0566037735849056,0.0188679245283018,0.01886791952801038
5232,25,SS19,sleeveless,0.0188679245283018,0.0,0.008576324330838441
5253,107,SS19,long dress,0.0,0.0188679245283018,0.04802743921698761
5253,83,SS19,long dress,0.0188679245283018,0.0377358490566037,0.036020578248889185
5316,30,SS19,culottes,0.0754716981132075,0.0943396226415094,0.0703258955089257
5250,31,SS19,long dress,0.0188679245283018,0.0188679245283018,0.015437392454233673
5188,10,SS19,sleeveless,0.0,0.0,4.189521034928259e-18
5250,15,SS19,long dress,0.0,0.0377358490566037,0.012006856063544909
5311,80,SS19,jumpsuit,0.0943396226415094,0.0754716981132075,0.07204116554526521
5134,77,SS19,drop sleeve,0.0,0.0,0.004459922443092265
5311,79,SS19,jumpsuit,0.0,0.1132075471698113,0.10673866026031645
5316,12,SS19,culottes,0.1320754716981132,0.0754716981132075,0.1457975937375522
5196,50,SS19,culottes,0.0,0.0188679245283018,0.017152653663997642
5122,67,SS19,solid color top,0.0,0.0,0.03259004646255089
5316,49,SS19,culottes,0.0566037735849056,0.0754716981132075,0.029159514726945897
5316,7,SS19,culottes,0.0754716981132075,0.0377358490566037,0.044596907513573425
5122,85,SS19,solid color top,0.0,0.0,0.030874780603471846
5316,15,SS19,culottes,0.0188679245283018,0.0566037735849056,0.08404802245227652
5253,85,SS19,long dress,0.0,0.0,0.05488850267216205
5270,35,SS19,long dress,0.0,0.0377358490566037,0.04329984635410272
5288,19,SS19,solid color top,0.0,0.0,0.02058318538286192
5222,33,SS19,culottes,0.0,0.0,0.002851306262932231
5222,109,SS19,culottes,0.0,0.0,0.018867919531004453
5269,79,SS19,culottes,0.0,0.0188679245283018,0.010291590196649998
5269,12,SS19,culottes,0.0,0.0,0.032590049323976765
5285,43,SS19,solid color top,0.0188679245283018,0.0,0.010291590201217043
5308,29,SS19,culottes,0.0188679245283018,0.0188679245283018,0.015437387798474886
5285,15,SS19,solid color top,0.0377358490566037,0.0188679245283018,0.0188679245283018
5145,110,SS19,doll dress,0.0188679245283018,0.0,0.01715265896537983
5285,12,SS19,solid color top,0.0377358490566037,0.0188679245283018,0.013722121923188422
5220,27,SS19,culottes,0.0,0.0188679245283018,0.013722126986961727
5234,8,SS19,short sleeves,0.0188679245283018,0.0,0.010291590196219101
5234,4,SS19,short sleeves,0.0,0.0188679245283018,0.015437387789641608
5276,54,SS19,sleeveless,0.0188679245283018,0.0188679245283018,0.01200685606401032
5299,51,SS19,short sleeves,0.0,0.0,0.012006856068701097
5242,12,SS19,printed shirt,0.0,0.0377358490566037,0.060034300319110966
5242,15,SS19,printed shirt,0.0,0.0188679245283018,0.02229845127219916
5191,10,SS19,solid color top,0.0188679245283018,0.0566037735849056,0.01715265365865419
5125,31,SS19,culottes,0.0,0.0,0.013722121929766936
5242,31,SS19,printed shirt,0.0,0.1698113207547169,0.034305312337745836
5220,51,SS19,culottes,0.0,0.0188679245283018,0.013722121927203014
5147,31,SS19,capris,0.0,0.0,0.005326057668083052
5298,73,SS19,long cardigan,0.0,0.0,0.03773584408180743
5220,68,SS19,culottes,0.0,0.0188679245283018,0.01372212597028377
5242,19,SS19,printed shirt,0.0188679245283018,0.0,0.05145797099375627
5269,3,SS19,culottes,0.0,0.0188679245283018,0.030874783612659433
5269,45,SS19,culottes,0.0,0.0377358490566037,0.022298451261368042
5286,29,SS19,shorts,0.0,0.0,0.030874780600145747
5243,26,SS19,shorts,0.0,0.0,0.013722121932484541
5234,90,SS19,short sleeves,0.0377358490566037,0.0188679245283018,0.01372212454201789
5243,36,SS19,shorts,0.0,0.0,0.017152653661724984
5220,21,SS19,culottes,0.0377358490566037,0.0188679245283018,0.012006856063709107
5173,57,SS19,kimono dress,0.0377358490566037,0.0,0.012006858650995612
5284,31,SS19,long dress,0.0,0.0377358490566037,0.01886791953079969
5176,57,SS19,jumpsuit,0.0,0.0188679245283018,0.010291590199194359
5269,46,SS19,culottes,0.0566037735849056,0.0377358490566037,0.018867919534702925
5269,5,SS19,culottes,0.0,0.0377358490566037,0.030874784816986703
5312,35,SS19,sleeveless,0.0,0.0,0.009110882640327025
5269,69,SS19,culottes,0.0188679245283018,0.0188679245283018,0.017347517165585052
5285,69,SS19,solid color top,0.0188679245283018,0.0188679245283018,0.015437387793098596
5225,36,SS19,capris,0.0,0.1132075471698113,0.044596907519339916
5243,85,SS19,shorts,0.0,0.0,0.013722121931665953
5243,47,SS19,shorts,0.0,0.0188679245283018,0.015437387794907522
5285,20,SS19,solid color top,0.0377358490566037,0.0,0.015437387792607749
4209,24,SS19,culottes,0.0,0.0,0.020583185394205675
5220,69,SS19,culottes,0.0,0.0566037735849056,0.04710501871644482
5269,82,SS19,culottes,0.0,0.0,0.024013721840646377
5284,69,SS19,long dress,0.0,0.0,0.02229845126619509
5242,75,SS19,printed shirt,0.0,0.0188679245283018,0.037735844045816855
5276,66,SS19,sleeveless,0.0,0.0,0.01372212628751285
5276,60,SS19,sleeveless,0.0188679245283018,0.0,0.0137221219291609
5276,83,SS19,sleeveless,0.0188679245283018,0.0,0.012006856062099638
5264,46,SS19,solid color top,0.0,0.0,0.025728982986364866
5264,18,SS19,solid color top,0.0,0.0,0.024013717136659833
5272,56,SS19,shorts,0.0,0.0,0.012006856060410987
5287,82,SS19,shorts,0.0,0.0188679245283018,0.020583185393505066
5264,41,SS19,solid color top,0.0,0.0,0.006498868397618237
5220,12,SS19,culottes,0.0188679245283018,0.0754716981132075,0.054888502721137995
5280,30,SS19,solid color top,0.0,0.0754716981132075,0.022298451256991952
5280,12,SS19,solid color top,0.0,0.0,0.03259004645741311
5308,18,SS19,culottes,0.0,0.0,0.015437387797431321
5220,54,SS19,culottes,0.0,0.0188679245283018,0.024013717120822755
4143,32,SS19,culottes,0.0377358490566037,0.0,0.008576324330373863
5312,36,SS19,sleeveless,0.0377358490566037,0.0,0.02915951471798117
5268,46,SS19,printed shirt,0.0,0.0,2.811539931686191e-10
5275,46,SS19,gitana skirt,0.0188679245283018,0.0188679245283018,0.017152657550398045
5298,14,SS19,long cardigan,0.0943396226415094,0.0566037735849056,0.04802743924533444
5280,45,SS19,solid color top,0.0,0.0,0.007051793994383991
5280,69,SS19,solid color top,0.0,0.0188679245283018,0.01372212193032963
5268,18,SS19,printed shirt,0.0,0.0377358490566037,0.05660376858181782
5280,81,SS19,solid color top,0.0188679245283018,0.0,0.010291590196487194
5280,75,SS19,solid color top,0.0,0.0,0.015437387793160718
5264,69,SS19,solid color top,0.0,0.0,0.0004406068746183943
5264,53,SS19,solid color top,0.0,0.0,0.01372212193124934
5264,83,SS19,solid color top,0.0,0.0,0.01715265366047365
5220,22,SS19,culottes,0.0377358490566037,0.0188679245283018,0.022298451260076586
5298,80,SS19,long cardigan,0.0,0.0,0.118353342911008
5276,14,SS19,sleeveless,0.0566037735849056,0.0188679245283018,0.01200685606454982
5284,15,SS19,long dress,0.0,0.0,0.017152653662151306
5243,110,SS19,shorts,0.0,0.0,0.006498868397618237
5234,21,SS19,short sleeves,0.0188679245283018,0.0377358490566037,0.03121660408629523
5243,43,SS19,shorts,0.0,0.0,0.004327281047873614
5242,13,SS19,printed shirt,0.0,0.0,0.020583185393007877
5272,36,SS19,shorts,0.0,0.0,0.01886791952714571
5259,63,SS19,patterned top,0.0,0.0377358490566037,0.015437393074818569
5259,18,SS19,patterned top,0.0,0.0,0.02229845125662239
5220,13,SS19,culottes,0.0,0.0188679245283018,0.01886791952770175
5298,39,SS19,long cardigan,0.0754716981132075,0.0,0.01715265366127794
5276,28,SS19,sleeveless,0.0188679245283018,0.0,0.010291590194308423
5308,57,SS19,culottes,0.0,0.0,0.015437387805426996
5264,12,SS19,solid color top,0.0,0.0377358490566037,0.034305312326673505
5264,19,SS19,solid color top,0.0,0.0,0.01715265366181641
5091,22,SS19,long dress,0.0,0.0,0.015437387797101625
5272,22,SS19,shorts,0.0,0.0,0.02058318538918558
5276,77,SS19,sleeveless,0.0,0.0,0.0031604693399971432
5276,20,SS19,sleeveless,0.0,0.0188679245283018,0.015437387797325123
5286,63,SS19,shorts,0.0,0.0,0.009726558081608775
5207,41,SS19,doll dress,0.0,0.0,0.041166375787403585
4232,27,SS19,culottes,0.0188679245283018,0.0,0.008576324331041357
5269,63,SS19,culottes,0.0188679245283018,0.0754716981132075,0.02401371711499695
5312,13,SS19,sleeveless,0.0,0.0377358490566037,0.02744424885914999
5284,9,SS19,long dress,0.1320754716981132,0.0377358490566037,0.015437387794439004
5284,80,SS19,long dress,0.0,0.0188679245283018,0.02915951472251669
5268,20,SS19,printed shirt,0.0,0.0,0.09090908585715841
5225,14,SS19,capris,0.0188679245283018,0.0188679245283018,0.018867919523526046
5152,81,SS19,capris,0.0,0.0188679245283018,0.015437387796044894
5284,85,SS19,long dress,0.0,0.0,0.002306167624938231
5225,38,SS19,capris,0.0,0.0188679245283018,0.013722121928948953
5210,69,SS19,long dress,0.0188679245283018,0.0188679245283018,0.015437387796091639
5225,9,SS19,capris,0.0,0.0188679245283018,0.03773584409711126
5284,43,SS19,long dress,0.0,0.0377358490566037,0.01543738780141473
5110,53,SS19,short sleeves,0.0,0.0,0.012006858568693771
5268,82,SS19,printed shirt,0.0,0.0,0.03430531231531781
5208,67,SS19,patterned top,0.0188679245283018,0.0188679245283018,0.008771289522367418
5225,49,SS19,capris,0.0,0.0188679245283018,0.03430531233679123
5313,30,SS19,shorts,0.0,0.0,0.024013717125402418
5313,12,SS19,shorts,0.0188679245283018,0.0377358490566037,0.02915951472631936
5284,14,SS19,long dress,0.0,0.0,0.0188679195266845
5313,49,SS19,shorts,0.0377358490566037,0.0,0.017152658027981157
5268,83,SS19,printed shirt,0.0188679245283018,0.0754716981132075,0.039451109920509514
5275,35,SS19,gitana skirt,0.0188679245283018,0.0188679245283018,0.013722121929277381
5210,50,SS19,long dress,0.0,0.0,0.015437387798871573
5275,40,SS19,gitana skirt,0.0377358490566037,0.0188679245283018,0.018867919532580057
5268,47,SS19,printed shirt,0.0377358490566037,0.0566037735849056,0.09090908587502265
5252,104,SS19,culottes,0.0188679245283018,0.0188679245283018,0.005145792597866578
5225,76,SS19,capris,0.0377358490566037,0.0188679245283018,0.03087478057477439
5252,4,SS19,culottes,0.0188679245283018,0.0188679245283018,0.01715265757291706
5252,90,SS19,culottes,0.0188679245283018,0.0,0.00857632433262497
5225,77,SS19,capris,0.0188679245283018,0.0377358490566037,0.018867919528580104
5225,45,SS19,capris,0.0188679245283018,0.0,0.017152653660240432
5268,50,SS19,printed shirt,0.0,0.0754716981132075,0.04116637578176085
5210,104,SS19,long dress,0.0188679245283018,0.0188679245283018,0.015437387797783421
5268,22,SS19,printed shirt,0.0188679245283018,0.0943396226415094,0.08074731438620324
5252,43,SS19,culottes,0.0188679245283018,0.0,0.008593450386663279
5252,20,SS19,culottes,0.0377358490566037,0.0188679245283018,0.01715265366103896
5284,22,SS19,long dress,0.0,0.0188679245283018,0.013722125585926849
5252,110,SS19,culottes,0.0,0.0,0.005598445986763405
5252,73,SS19,culottes,0.0188679245283018,0.0,0.0006931650594503116
5312,15,SS19,sleeveless,0.0,0.0188679245283018,0.022298455280036017
5268,51,SS19,printed shirt,0.0,0.1886792452830188,0.11163202316919293
5284,3,SS19,long dress,0.0188679245283018,0.0,0.03087478058364159
5152,77,SS19,capris,0.0,0.0,0.001046683367593521
5309,56,SS19,sleeveless,0.0,0.0754716981132075,0.08522774652097499
5252,80,SS19,culottes,0.0,0.0,0.022298451257660556
5252,51,SS19,culottes,0.0,0.0,0.017152653661583323
5313,56,SS19,shorts,0.0,0.0,0.017152653659105604
5208,74,SS19,patterned top,0.0,0.0,0.015437390583515122
5189,74,SS19,culottes,0.0188679245283018,0.0188679245283018,0.015437387796882578
5081,38,SS19,short sleeves,0.0,0.0,0.003496049255238724
5263,36,SS19,culottes,0.0377358490566037,0.0188679245283018,0.008576324330859635
5312,77,SS19,sleeveless,0.0,0.0,0.032590046449367145
5263,53,SS19,culottes,0.0188679245283018,0.0188679245283018,0.008576324331126524
5298,56,SS19,long cardigan,0.0188679245283018,0.0377358490566037,0.027444248862592658
5310,49,SS19,short sleeves,0.0188679245283018,0.0377358490566037,0.013722124113394485
5263,73,SS19,culottes,0.0188679245283018,0.0188679245283018,0.010291590197065366
5263,12,SS19,culottes,0.0754716981132075,0.0,0.018867919528749597
5310,15,SS19,short sleeves,0.0188679245283018,0.0188679245283018,0.01886792243936827
5225,74,SS19,capris,0.0,0.0754716981132075,0.02401371712466083
5310,94,SS19,short sleeves,0.0188679245283018,0.0188679245283018,0.030874780592224333
5310,77,SS19,short sleeves,0.0,0.0,0.025728986316460974
5310,29,SS19,short sleeves,0.0,0.0,0.013722121925090645
5286,50,SS19,shorts,0.0188679245283018,0.0188679245283018,0.024013717126705105
5286,22,SS19,shorts,0.0,0.0,0.024013717118918962
4209,73,SS19,culottes,0.0188679245283018,0.0,0.01715265366189319
5286,45,SS19,shorts,0.0,0.0188679245283018,0.017152653662177633
5220,44,SS19,culottes,0.0188679245283018,0.0,0.013722121930191705
5286,51,SS19,shorts,0.0,0.0,0.039451109970932076
5286,53,SS19,shorts,0.0,0.0,0.0026788830095764555
5310,80,SS19,short sleeves,0.0,0.0,0.022298451263703504
5298,13,SS19,long cardigan,0.0,0.0566037735849056,0.053384390577050495
5252,12,SS19,culottes,0.0,0.0377358490566037,0.032590046457646335
5310,10,SS19,short sleeves,0.0,0.0,0.022298451263564167
5189,32,SS19,culottes,0.0377358490566037,0.0,0.008576324332179296
5323,12,SS19,drop sleeve,0.0188679245283018,0.0,0.02058318539581826
5284,19,SS19,long dress,0.0,0.0,0.016723667257774646
5189,30,SS19,culottes,0.0188679245283018,0.0,0.010291590200513099
5268,53,SS19,printed shirt,0.0,0.0,2.8115398897909803e-10
5231,75,SS19,short sleeves,0.0,0.0,0.012006856061777304
5185,36,SS19,culottes,0.0188679245283018,0.0377358490566037,0.013722129033574521
5225,83,SS19,capris,0.0377358490566037,0.0,0.03259004645408423
5225,85,SS19,capris,0.0566037735849056,0.0,0.02915951471867207
5231,5,SS19,short sleeves,0.0188679245283018,0.0188679245283018,0.015437387793705737
5185,74,SS19,culottes,0.0,0.0188679245283018,0.012006856064245112
5231,40,SS19,short sleeves,0.0188679245283018,0.0,0.00857632432999192
5225,67,SS19,capris,0.0,0.0566037735849056,0.03259004644250948
5234,26,SS19,short sleeves,0.0,0.0,0.018867919528312543
5301,94,SS19,short sleeves,0.0188679245283018,0.0,0.010291593561953583
5149,57,SS19,capris,0.0,0.0,0.007779626795501813
5301,7,SS19,short sleeves,0.0188679245283018,0.0,0.01029159019795504
5298,52,SS19,long cardigan,0.0188679245283018,0.0377358490566037,0.015437387791546407
5275,107,SS19,gitana skirt,0.0,0.0188679245283018,0.013722121931113601
5310,12,SS19,short sleeves,0.0,0.0,0.03087478059607412
5252,15,SS19,culottes,0.0188679245283018,0.0,0.015437387794605902
5269,18,SS19,culottes,0.0188679245283018,0.0,0.02229845125405983
5198,85,SS19,culottes,0.0,0.0377358490566037,0.015437387795295413
5284,7,SS19,long dress,0.0,0.0,0.029159514729004736
5276,0,SS19,sleeveless,0.0377358490566037,0.0,2.3559427582812253e-09
5274,90,SS19,sleeveless,0.0,0.0188679245283018,0.022298454886219888
5274,35,SS19,sleeveless,0.0188679245283018,0.0,2.0655932859755084e-49
5288,12,SS19,solid color top,0.0,0.0,0.018867919510132683
4220,101,SS19,culottes,0.0,0.0,0.013722121933071743
5195,69,SS19,long sleeve,0.0,0.0,0.017152653660663444
5222,12,SS19,culottes,0.0377358490566037,0.0566037735849056,0.030874780583086764
5268,13,SS19,printed shirt,0.0,0.0377358490566037,0.04288164165337198
5234,40,SS19,short sleeves,0.0188679245283018,0.0,0.027444248864351827
5195,74,SS19,long sleeve,0.0188679245283018,0.0377358490566037,0.030874780592235373
5274,18,SS19,sleeveless,0.0,0.0,0.017152653651768414
5215,76,SS19,jumpsuit,0.0188679245283018,0.0377358490566037,0.0120068560601198
5274,48,SS19,sleeveless,0.0,0.0,0.012006856061295241
5274,65,SS19,sleeveless,0.0,0.0,0.022298457402003338
5274,12,SS19,sleeveless,0.0,0.0188679245283018,0.02058318539467541
5274,62,SS19,sleeveless,0.0188679245283018,0.0188679245283018,0.013722121926450996
5265,29,SS19,sleeveless,0.0,0.0,0.006434266895012494
5265,100,SS19,sleeveless,0.0,0.0,0.004963768252391582
5265,63,SS19,sleeveless,0.0,0.0,0.013722121928561055
5265,59,SS19,sleeveless,0.0188679245283018,0.0,0.010291590197501935
5198,101,SS19,culottes,0.0,0.0188679245283018,0.018867919529909027
5302,30,SS19,sleeveless,0.0,0.0,0.013722121928673671
5265,8,SS19,sleeveless,0.0,0.0188679245283018,0.011153229238536507
5298,67,SS19,long cardigan,0.0,0.0,0.03430531232175263
5242,18,SS19,printed shirt,0.0,0.0,0.0179107724709516
5236,36,SS19,gitana skirt,0.0377358490566037,0.0188679245283018,0.02572898299212098
5272,35,SS19,shorts,0.0,0.0,0.017152653667005417
5198,28,SS19,culottes,0.0,0.0188679245283018,0.015437387795577668
5195,0,SS19,long sleeve,0.0377358490566037,0.0566037735849056,0.01886791952931992
5242,47,SS19,printed shirt,0.0188679245283018,0.0,0.027444254090869532
5242,20,SS19,printed shirt,0.0,0.0,0.056603768603034954
5198,13,SS19,culottes,0.0,0.0188679245283018,0.039451109901072125
5242,82,SS19,printed shirt,0.0,0.0,0.020583185396162065
5242,83,SS19,printed shirt,0.0,0.0566037735849056,0.032590046461042535
5276,63,SS19,sleeveless,0.0188679245283018,0.0188679245283018,0.008576324330665746
5198,33,SS19,culottes,0.0188679245283018,0.0,0.022298451263344864
5201,51,SS19,long dress,0.0188679245283018,0.0377358490566037,0.01029159019597723
5201,107,SS19,long dress,0.0,0.0188679245283018,0.02058319163704548
5242,36,SS19,printed shirt,0.0,0.0188679245283018,0.03773584405686496
5250,95,SS19,long dress,0.0377358490566037,0.0188679245283018,0.012006860512652517
5198,68,SS19,culottes,0.0,0.0188679245283018,0.02401371711255672
5242,46,SS19,printed shirt,0.0188679245283018,0.0188679245283018,0.044596907491801174
5274,100,SS19,sleeveless,0.0,0.0,0.018867919527190313
5296,18,SS19,culottes,0.0,0.0188679245283018,0.013651427048304575
5296,90,SS19,culottes,0.0188679245283018,0.0,0.0137221219312187
5242,69,SS19,printed shirt,0.0188679245283018,0.0377358490566037,0.017152653663253643
5222,14,SS19,culottes,0.0,0.0188679245283018,0.010291590197814489
5296,46,SS19,culottes,0.0,0.0188679245283018,0.01686122713841082
5222,73,SS19,culottes,0.0,0.0,0.0018436926058856544
5296,3,SS19,culottes,0.0,0.0188679245283018,0.018080513452437986
5296,6,SS19,culottes,0.0,0.0,0.0014656405898302372
5240,22,SS19,long sleeve,0.0,0.0,0.013722126842444778
5296,43,SS19,culottes,0.0,0.0,0.006578412743956098
5240,3,SS19,long sleeve,0.0,0.0,0.012006856064224547
5195,82,SS19,long sleeve,0.0,0.0,0.013722121926219641
5296,79,SS19,culottes,0.0188679245283018,0.0377358490566037,0.015437387796577034
5240,12,SS19,long sleeve,0.0,0.0188679245283018,0.026750029013257404
5296,48,SS19,culottes,0.0188679245283018,0.0188679245283018,0.009793138145215898
5240,36,SS19,long sleeve,0.0,0.0,0.017152653661296986
5296,19,SS19,culottes,0.0,0.0,0.006226740322368097
5296,31,SS19,culottes,0.0,0.0,0.01715265365966535
5296,15,SS19,culottes,0.0,0.0188679245283018,0.008696314225904412
5215,93,SS19,jumpsuit,0.0,0.0188679245283018,0.02058318540600411
5296,12,SS19,culottes,0.0188679245283018,0.0566037735849056,0.056603772741443646
4230,101,SS19,culottes,0.0,0.0,0.013722121922284433
5146,9,SS19,culottes,0.0,0.0,0.03602057820482951
5296,54,SS19,culottes,0.0,0.0,0.009584362790306921
5296,30,SS19,culottes,0.0,0.0,0.004242746640293941
5258,14,SS19,culottes,0.0,0.0,0.018867923094050724
5296,66,SS19,culottes,0.0188679245283018,0.0,0.01543738779605683
5240,46,SS19,long sleeve,0.0,0.0,0.01715265366324071
5240,21,SS19,long sleeve,0.0,0.0,0.010291590197400084
5198,82,SS19,culottes,0.0,0.0377358490566037,0.024013717126344016
5296,26,SS19,culottes,0.0188679245283018,0.0754716981132075,0.025728982995619702
5265,46,SS19,sleeveless,0.0,0.0,0.0057004326694551155
5296,81,SS19,culottes,0.0,0.0,0.001014881440107937
5265,50,SS19,sleeveless,0.0,0.0,2.3584902712337804e-09
5265,16,SS19,sleeveless,0.0,0.0,0.013722121930430042
5265,56,SS19,sleeveless,0.0,0.0,0.001290769038996192
5296,72,SS19,culottes,0.0,0.0,0.015437391140587984
5268,56,SS19,printed shirt,0.0,0.0,0.032590046459960796
5296,83,SS19,culottes,0.0,0.0188679245283018,0.010316053661812149
5265,60,SS19,sleeveless,0.0,0.0,0.012006856062705547
5265,19,SS19,sleeveless,0.0,0.0,0.006079285959613842
5265,10,SS19,sleeveless,0.0,0.0,0.020583185396845394
5265,12,SS19,sleeveless,0.0,0.0188679245283018,0.015138255280637638
5296,107,SS19,culottes,0.0,0.0188679245283018,0.01543738779929071
5296,68,SS19,culottes,0.0,0.0,0.01715265376893128
5296,77,SS19,culottes,0.0,0.0377358490566037,0.01715265367305059
5296,45,SS19,culottes,0.0,0.0,0.03259004645304613
5296,52,SS19,culottes,0.0,0.0188679245283018,0.014415429537854706
5296,28,SS19,culottes,0.0,0.0,0.02058318539401017
5296,99,SS19,culottes,0.0,0.0188679245283018,0.01010515007926267
5296,5,SS19,culottes,0.0,0.0188679245283018,0.018867924247147814
5236,69,SS19,gitana skirt,0.0754716981132075,0.0188679245283018,0.017152653660784337
5280,18,SS19,solid color top,0.0,0.0,0.0023858534765751585
5198,110,SS19,culottes,0.0188679245283018,0.0,0.013722121932070803
4217,42,SS19,culottes,0.0188679245283018,0.0,0.015437387796408162
5308,40,SS19,culottes,0.0,0.0,0.013722121926605
5308,42,SS19,culottes,0.0,0.0188679245283018,0.023601997684876204
5191,94,SS19,solid color top,0.0,0.0,0.017152653663516215
5211,31,SS19,culottes,0.0,0.0,0.008896098145454927
5284,10,SS19,long dress,0.0188679245283018,0.0188679245283018,0.022298451263874634
5318,36,SS19,jumpsuit,0.0,0.0,0.054888502701828844
5137,3,SS19,shorts,0.0188679245283018,0.0,0.022298451262182217
5237,51,SS19,gitana skirt,0.0,0.0,0.024013717125910054
5237,77,SS19,gitana skirt,0.0,0.0188679245283018,0.034305312341581885
5308,26,SS19,culottes,0.0377358490566037,0.0188679245283018,0.020583185393748753
5318,35,SS19,jumpsuit,0.0,0.0,0.0188679195270342
5237,46,SS19,gitana skirt,0.0,0.0,0.00029764613187228527
5148,101,SS19,sleeveless,0.0188679245283018,0.0566037735849056,0.027444248856137773
5237,100,SS19,gitana skirt,0.0,0.0,0.025728988310377707
5237,29,SS19,gitana skirt,0.0,0.0,0.02401371713079137
5211,93,SS19,culottes,0.0188679245283018,0.0,0.0023338399814866614
5235,94,SS19,gitana skirt,0.0188679245283018,0.0,0.01715265366308074
5284,12,SS19,long dress,0.0188679245283018,0.0,0.034305312321330834
5211,22,SS19,culottes,0.0,0.0,0.01372212192897613
5235,14,SS19,gitana skirt,0.0188679245283018,0.0,0.012006856064292816
5318,69,SS19,jumpsuit,0.0,0.0,0.01886791953900986
5225,8,SS19,capris,0.0,0.0188679245283018,0.03087478059353981
5308,46,SS19,culottes,0.0,0.0188679245283018,0.0178054266128507
5208,43,SS19,patterned top,0.0188679245283018,0.0,0.0005443315333695623
5272,10,SS19,shorts,0.0188679245283018,0.0,0.02058318539050571
5242,45,SS19,printed shirt,0.0,0.0188679245283018,0.018867919527412208
5272,2,SS19,shorts,0.0,0.0,0.00125699618967619
5276,8,SS19,sleeveless,0.0,0.0,0.015437499744356141
5237,12,SS19,gitana skirt,0.0,0.0188679245283018,0.02229845125306302
5284,46,SS19,long dress,0.0,0.0,0.022298451270308165
5284,8,SS19,long dress,0.0188679245283018,0.0377358490566037,0.024013717133476525
5284,29,SS19,long dress,0.0,0.0188679245283018,0.029159514726194484
5273,63,SS19,sleeveless,0.0377358490566037,0.0377358490566037,0.037735848775449714
5275,68,SS19,gitana skirt,0.0377358490566037,0.0,0.018867919523991805
5237,3,SS19,gitana skirt,0.0,0.0377358490566037,0.02401371712698672
5198,30,SS19,culottes,0.0,0.0,0.024013717146102825
5273,18,SS19,sleeveless,0.0377358490566037,0.0188679245283018,0.018867919526155828
5198,12,SS19,culottes,0.0,0.0188679245283018,0.027444248868036727
5242,51,SS19,printed shirt,0.0,0.0566037735849056,0.02401371712897687
5114,117,SS19,long dress,0.0,0.0188679245283018,0.012006856062243648
4210,23,SS19,culottes,0.0188679245283018,0.0,4.1895208476420815e-18
5148,25,SS19,sleeveless,0.0,0.0377358490566037,0.012006856064121428
5273,69,SS19,sleeveless,0.0566037735849056,0.0188679245283018,0.01200685606200474
5273,85,SS19,sleeveless,0.0188679245283018,0.0188679245283018,0.013722121933945187
5309,77,SS19,sleeveless,0.0188679245283018,0.0566037735849056,0.03259004645463258
5149,84,SS19,capris,0.0188679245283018,0.0,0.012006856068701097
5215,46,SS19,jumpsuit,0.0188679245283018,0.0,0.010291590194991698
5149,65,SS19,capris,0.0,0.0,0.01200685606302154
5239,50,SS19,sleeveless,0.0,0.0,0.015437390541930138
5239,99,SS19,sleeveless,0.0,0.0,0.0011628494963869809
5239,3,SS19,sleeveless,0.0,0.0,0.0003410996776028763
5239,6,SS19,sleeveless,0.0377358490566037,0.0188679245283018,0.008576324331152897
5239,48,SS19,sleeveless,0.0188679245283018,0.0,1.1755764446904864e-13
5239,75,SS19,sleeveless,0.0188679245283018,0.0,0.001852388642900827
5239,12,SS19,sleeveless,0.0,0.0188679245283018,0.013913488447414066
5281,59,SS19,sleeveless,0.0,0.0188679245283018,0.012006856068252964
5281,99,SS19,sleeveless,0.0,0.0,0.01886774145719968
5239,93,SS19,sleeveless,0.0,0.0,0.006861058464062342
5235,100,SS19,gitana skirt,0.0188679245283018,0.0188679245283018,0.01543738779203332
5308,12,SS19,culottes,0.0,0.0,0.02401372142514455
5308,54,SS19,culottes,0.0188679245283018,0.0,0.024013717136435037
5308,30,SS19,culottes,0.0,0.0,0.013722126880636237
5296,21,SS19,culottes,0.0,0.0,0.005778982576566328
5148,64,SS19,sleeveless,0.0,0.0,0.022298451262526494
5114,6,SS19,long dress,0.0188679245283018,0.0,0.018867919524679477
5259,46,SS19,patterned top,0.0,0.0377358490566037,0.020583185397172493
5250,29,SS19,long dress,0.0188679245283018,0.0377358490566037,0.027444248859892235
5260,90,SS19,culottes,0.0377358490566037,0.0,0.008576324330608658
5281,14,SS19,sleeveless,0.0377358490566037,0.0,0.0035178749723661926
5239,45,SS19,sleeveless,0.0,0.0,0.017152653668793223
5239,76,SS19,sleeveless,0.0188679245283018,0.0188679245283018,0.013642579701278983
5308,86,SS19,culottes,0.0,0.0,0.010291590197400084
5312,10,SS19,sleeveless,0.0,0.1132075471698113,0.10088630687306469
5149,31,SS19,capris,0.0,0.0,0.015437387793423437
5149,15,SS19,capris,0.0,0.0,0.01715265366161122
5149,2,SS19,capris,0.0,0.0,0.018867919532860336
5191,95,SS19,solid color top,0.0566037735849056,0.0188679245283018,0.018867924809455778
4128,26,SS19,kimono dress,0.0188679245283018,0.0,0.008576324331232234
4217,16,SS19,culottes,0.0,0.0,4.189520910070808e-18
5211,38,SS19,culottes,0.0188679245283018,0.0,6.242872640596039e-26
5260,33,SS19,culottes,0.0377358490566037,0.0377358490566037,0.012006856063518177
5284,2,SS19,long dress,0.0,0.0,0.025728982986107603
5235,3,SS19,gitana skirt,0.0,0.0188679245283018,0.015437387798648783
5260,47,SS19,culottes,0.0377358490566037,0.0,0.013722121925954229
5235,56,SS19,gitana skirt,0.0188679245283018,0.0,0.0102915901962184
5195,102,SS19,long sleeve,0.0,0.0,0.012006856061469222
5235,72,SS19,gitana skirt,0.0188679245283018,0.0,0.01543738779271859
5125,39,SS19,culottes,0.0,0.0188679245283018,0.02401371712552176
5235,69,SS19,gitana skirt,0.0,0.0566037735849056,0.02058318539533301
5308,93,SS19,culottes,0.0566037735849056,0.0188679245283018,0.012006856062131468
5308,6,SS19,culottes,0.0,0.0188679245283018,0.013722121924893221
5308,73,SS19,culottes,0.0,0.0188679245283018,0.017152653650840326
5308,43,SS19,culottes,0.0,0.0,0.012006856063342357
5236,82,SS19,gitana skirt,0.0377358490566037,0.0377358490566037,0.015437387795972052
5259,30,SS19,patterned top,0.0754716981132075,0.0188679245283018,0.022298451256838363
5244,53,SS19,long sleeve,0.0,0.0188679245283018,0.030874780583129886
5309,40,SS19,sleeveless,0.0377358490566037,0.0566037735849056,0.056603768601106365
5245,74,SS19,culottes,0.0,0.0,0.07032589549468038
5275,79,SS19,gitana skirt,0.0754716981132075,0.0377358490566037,0.015437387799841515
5275,73,SS19,gitana skirt,0.0,0.0,0.02401371713619025
5245,81,SS19,culottes,0.0188679245283018,0.0,0.0014291616880313276
5283,2,SS19,shorts,0.0,0.0,0.020583185402838038
5245,26,SS19,culottes,0.0566037735849056,0.0754716981132075,0.06346483204717301
5245,46,SS19,culottes,0.0,0.0188679245283018,0.07890222483470205
5279,9,SS19,doll dress,0.0,0.0,0.01715265366150874
5275,56,SS19,gitana skirt,0.0377358490566037,0.0,0.01200685607105274
5245,18,SS19,culottes,0.0188679245283018,0.0188679245283018,0.048027439250625296
5262,99,SS19,culottes,0.0,0.0,0.009339509150251835
5262,20,SS19,culottes,0.0,0.0,0.013722121934336726
5262,26,SS19,culottes,0.0188679245283018,0.0188679245283018,0.013722121933330288
5279,110,SS19,doll dress,0.0566037735849056,0.0188679245283018,0.0394511117228508
5277,84,SS19,culottes,0.0188679245283018,0.0566037735849056,0.020583185392734047
5277,66,SS19,culottes,0.0377358490566037,0.0377358490566037,0.04974270511747423
5245,59,SS19,culottes,0.0566037735849056,0.0188679245283018,0.024013717125668778
5245,63,SS19,culottes,0.0188679245283018,0.0,0.02401371712516239
5277,94,SS19,culottes,0.0188679245283018,0.0566037735849056,0.03602057819556081
5277,65,SS19,culottes,0.0566037735849056,0.0566037735849056,0.04631217339124156
5277,15,SS19,culottes,0.1886792452830188,0.0566037735849056,0.05488850273182781
5245,21,SS19,culottes,0.0188679245283018,0.0,0.009345613879163574
5262,40,SS19,culottes,0.0,0.0,0.01543738779903333
5208,64,SS19,patterned top,0.0,0.0,0.013722121931818316
5283,12,SS19,shorts,0.0,0.0,0.020583185389570578
5275,15,SS19,gitana skirt,0.0188679245283018,0.0566037735849056,0.015437387797910316
5245,32,SS19,culottes,0.0566037735849056,0.0,0.018867919532247774
5245,53,SS19,culottes,0.0,0.0566037735849056,0.04116637578711261
5277,14,SS19,culottes,0.0188679245283018,0.0,0.01372212192713331
5278,82,SS19,long sleeve,0.0,0.0,0.013722127006560551
5277,60,SS19,culottes,0.0566037735849056,0.0,0.002318521862776446
5277,75,SS19,culottes,0.1132075471698113,0.0188679245283018,0.06518009787797892
5207,6,SS19,doll dress,0.0377358490566037,0.0377358490566037,0.020583185393605274
5283,43,SS19,shorts,0.0,0.0,0.007124600228151803
5294,2,SS19,shorts,0.0,0.0,0.013722121928964043
5278,26,SS19,long sleeve,0.0,0.0,0.02229845503835282
5262,110,SS19,culottes,0.0,0.0188679245283018,0.018867919527815514
5188,7,SS19,sleeveless,0.0,0.0,1.2568562542926287e-17
5278,18,SS19,long sleeve,0.0,0.0,0.017152653664038803
5278,100,SS19,long sleeve,0.0188679245283018,0.0,0.010291590197180258
5188,39,SS19,sleeveless,0.0,0.0377358490566037,0.025728982978052223
5278,29,SS19,long sleeve,0.0188679245283018,0.0,0.013722121926280743
5278,64,SS19,long sleeve,0.0377358490566037,0.0,0.017152657394480214
5188,73,SS19,sleeveless,0.0,0.0,0.0272019761931869
5262,43,SS19,culottes,0.0,0.0,0.024013717126852734
5275,12,SS19,gitana skirt,0.0,0.0188679245283018,0.06518009793793417
5262,80,SS19,culottes,0.0,0.0,0.01715265698602516
5275,7,SS19,gitana skirt,0.0,0.0377358490566037,0.02058318539485729
5278,46,SS19,long sleeve,0.0,0.0188679245283018,0.01886791952840994
5245,57,SS19,culottes,0.0,0.0188679245283018,0.029159514706866327
5245,29,SS19,culottes,0.0377358490566037,0.0188679245283018,0.051457974475085225
5245,64,SS19,culottes,0.0,0.0188679245283018,0.0137221219294101
5194,73,SS19,long sleeve,0.0,0.0,0.004597093615386679
5267,20,SS19,solid color top,0.0,0.0,0.029159514721057753
5267,51,SS19,solid color top,0.0754716981132075,0.0377358490566037,0.012006856043792665
5267,50,SS19,solid color top,0.0943396226415094,0.0377358490566037,0.01886791953177755
5267,5,SS19,solid color top,0.0566037735849056,0.0377358490566037,0.017152653675122215
5316,67,SS19,culottes,0.0,0.0943396226415094,0.07375642725052443
5194,90,SS19,long sleeve,0.0,0.0,0.012006856059325567
5316,40,SS19,culottes,0.0754716981132075,0.0188679245283018,0.053173236877766185
5246,30,SS19,long sleeve,0.0754716981132075,0.0188679245283018,0.03259004646704797
5246,54,SS19,long sleeve,0.0188679245283018,0.0,0.029159514721628737
5194,80,SS19,long sleeve,0.0,0.0,0.0013938357648417533
5246,2,SS19,long sleeve,0.0377358490566037,0.2264150943396226,0.08919382001061775
5246,12,SS19,long sleeve,0.0377358490566037,0.0377358490566037,0.09668270975095716
5246,49,SS19,long sleeve,0.0188679245283018,0.0566037735849056,0.02572898299964086
5267,43,SS19,solid color top,0.0,0.0,0.018867921869452492
5246,15,SS19,long sleeve,0.0566037735849056,0.0377358490566037,0.056603768590833464
5246,65,SS19,long sleeve,0.0188679245283018,0.0188679245283018,0.02058318539480635
5246,84,SS19,long sleeve,0.0566037735849056,0.0377358490566037,0.013722121931979851
5246,60,SS19,long sleeve,0.0566037735849056,0.0377358490566037,0.015437387795154923
5246,14,SS19,long sleeve,0.0754716981132075,0.0943396226415094,0.034305312336626745
5246,43,SS19,long sleeve,0.0377358490566037,0.0566037735849056,0.04288164168134607
5216,63,SS19,doll dress,0.0,0.0377358490566037,0.018867919533647682
5188,33,SS19,sleeveless,0.0,0.0,0.005266037295546996
5267,83,SS19,solid color top,0.0377358490566037,0.0566037735849056,0.020583185402083794
5279,93,SS19,doll dress,0.0,0.0188679245283018,0.025728982996562517
5275,16,SS19,gitana skirt,0.0377358490566037,0.0,0.012006856062597646
5277,10,SS19,culottes,0.0377358490566037,0.0943396226415094,0.07718695897616312
5277,12,SS19,culottes,0.0566037735849056,0.0943396226415094,0.08404802242669007
5277,2,SS19,culottes,0.0188679245283018,0.0754716981132075,0.05660376858769437
5277,54,SS19,culottes,0.0,0.0,0.007787017800589146
5279,99,SS19,doll dress,0.0377358490566037,0.0,0.030874780595517924
5218,110,SS19,long sleeve,0.0566037735849056,0.0,2.8115398478957706e-10
5268,100,SS19,printed shirt,0.0,0.0566037735849056,0.03773584405568862
5112,38,SS19,doll dress,0.0188679245283018,0.0188679245283018,0.02401372059185645
5309,41,SS19,sleeveless,0.0188679245283018,0.0188679245283018,0.039451109916522724
5309,29,SS19,sleeveless,0.0188679245283018,0.0188679245283018,0.09262435172768725
5316,77,SS19,culottes,0.0188679245283018,0.0377358490566037,0.06689536379380583
5268,63,SS19,printed shirt,0.0,0.0377358490566037,0.049742705123446314
5112,0,SS19,doll dress,0.0,0.0188679245283018,0.013722126901936966
5279,29,SS19,doll dress,0.0,0.0,0.07890222483830515
5317,69,SS19,short sleeves,0.0566037735849056,0.0377358490566037,0.02229845126140547
5322,53,SS19,long dress,0.0,0.0,0.03945110992315592
5322,40,SS19,long dress,0.0,0.0,0.06003430038850637
5322,69,SS19,long dress,0.0188679245283018,0.0754716981132075,0.09777014933892773
5322,35,SS19,long dress,0.0188679245283018,0.0377358490566037,0.06689536380627469
5322,36,SS19,long dress,0.0,0.0377358490566037,0.08233275639390235
5317,100,SS19,short sleeves,0.0,0.0,0.027444252393251815
5194,10,SS19,long sleeve,0.0,0.0,0.017152657181059218
5322,100,SS19,long dress,0.0,0.0,0.04631217339108333
5245,85,SS19,culottes,0.0188679245283018,0.0377358490566037,0.049742705130254035
5216,8,SS19,doll dress,0.0,0.0,0.005643057670955789
5278,20,SS19,long sleeve,0.0188679245283018,0.0188679245283018,0.009189425928916847
5245,82,SS19,culottes,0.0377358490566037,0.0377358490566037,0.022298451258533594
5292,19,SS19,drop sleeve,0.0,0.0377358490566037,0.02572898299661864
5292,66,SS19,drop sleeve,0.0,0.0188679245283018,0.025803506062958198
5277,83,SS19,culottes,0.0377358490566037,0.0,0.03945111373299157
5120,77,SS19,solid color top,0.0,0.0,0.012006856062404076
5292,31,SS19,drop sleeve,0.0,0.0,0.030874780600879524
5277,107,SS19,culottes,0.0188679245283018,0.0188679245283018,0.02058318539726431
5277,82,SS19,culottes,0.0,0.0188679245283018,0.04459691094734187
5294,22,SS19,shorts,0.0,0.0,0.0020164326523373667
5120,110,SS19,solid color top,0.0,0.0377358490566037,0.01715265366189431
5245,2,SS19,culottes,0.0188679245283018,0.0,9.440730258032843e-05
5292,60,SS19,drop sleeve,0.0,0.0188679245283018,0.015437387789962865
5245,12,SS19,culottes,0.0566037735849056,0.2264150943396226,0.11492280809913887
5300,100,SS19,culottes,0.0,0.0,0.03602057819686482
5245,31,SS19,culottes,0.0,0.0188679245283018,0.024013721900426447
5277,20,SS19,culottes,0.0566037735849056,0.0754716981132075,0.05488850271646493
5245,65,SS19,culottes,0.0188679245283018,0.0566037735849056,0.034305312314972324
5245,94,SS19,culottes,0.0377358490566037,0.0377358490566037,0.01886791951653384
5300,29,SS19,culottes,0.0188679245283018,0.0188679245283018,0.041166375805407
5245,66,SS19,culottes,0.0,0.0377358490566037,0.024013717127524512
5277,47,SS19,culottes,0.0,0.0566037735849056,0.05471069068341878
5300,41,SS19,culottes,0.0188679245283018,0.0,0.025728982994102548
5207,45,SS19,doll dress,0.0,0.0,0.04116637577113268
5245,15,SS19,culottes,0.1320754716981132,0.0188679245283018,0.05488850271640607
5245,48,SS19,culottes,0.0,0.0,0.027444248857047555
5292,48,SS19,drop sleeve,0.0377358490566037,0.0377358490566037,0.037735837343797075
5303,7,SS19,long dress,0.0,0.0188679245283018,0.015437387798169337
5292,27,SS19,drop sleeve,0.0188679245283018,0.0377358490566037,0.029321352802278655
5292,101,SS19,drop sleeve,0.0,0.0188679245283018,0.017152653661628395
5292,42,SS19,drop sleeve,0.0,0.0,0.03259004646229659
5292,20,SS19,drop sleeve,0.0,0.0,0.010672371255019299
5292,38,SS19,drop sleeve,0.0377358490566037,0.0566037735849056,0.05660377302259763
5292,68,SS19,drop sleeve,0.0188679245283018,0.0566037735849056,0.015437387800151128
5292,45,SS19,drop sleeve,0.0,0.0,0.020583185390499855
5292,22,SS19,drop sleeve,0.0566037735849056,0.0377358490566037,0.037735849055186566
5303,80,SS19,long dress,0.0,0.0,0.0024837989741111005
5277,69,SS19,culottes,0.0,0.0566037735849056,0.034305312310856345
5087,10,SS19,solid color top,0.0188679245283018,0.0,0.012006856065210481
5292,93,SS19,drop sleeve,0.0377358490566037,0.0566037735849056,0.056603772711682085
5120,25,SS19,solid color top,0.0,0.0,4.60141656495803e-09
5292,28,SS19,drop sleeve,0.0,0.0188679245283018,0.017152653661080663
5292,99,SS19,drop sleeve,0.1132075471698113,0.0377358490566037,0.037735849056603696
5292,5,SS19,drop sleeve,0.0377358490566037,0.0377358490566037,0.031954857558499715
5292,3,SS19,drop sleeve,0.0377358490566037,0.0566037735849056,0.051301323708674046
5292,6,SS19,drop sleeve,0.0188679245283018,0.0,0.008588835307905239
5292,9,SS19,drop sleeve,0.0,0.0,0.02744424886557394
5277,32,SS19,culottes,0.0943396226415094,0.0188679245283018,0.018867919524938746
5283,5,SS19,shorts,0.0,0.0,0.024013721870008407
5277,85,SS19,culottes,0.0188679245283018,0.0566037735849056,0.060034300314579785
5292,16,SS19,drop sleeve,0.0188679245283018,0.0377358490566037,0.013722121930458844
5277,1,SS19,culottes,0.0,0.0,0.0274442488616016
5245,14,SS19,culottes,0.0188679245283018,0.0,0.012006856064564383
5277,68,SS19,culottes,0.0943396226415094,0.0943396226415094,0.06985918198633836
5277,9,SS19,culottes,0.0754716981132075,0.0754716981132075,0.05831903445453762
5245,16,SS19,culottes,0.1132075471698113,0.0,0.012006856061646441
5278,45,SS19,long sleeve,0.0377358490566037,0.0,0.012006856063677573
5277,73,SS19,culottes,0.0188679245283018,0.0377358490566037,0.03773584835518681
5279,79,SS19,doll dress,0.0188679245283018,0.0188679245283018,0.018867924528301803
5245,22,SS19,culottes,0.0566037735849056,0.0754716981132075,0.05317323685115218
5245,52,SS19,culottes,0.0377358490566037,0.0566037735849056,0.018867919529894365
5245,45,SS19,culottes,0.0566037735849056,0.0188679245283018,0.029159514726683496
5245,24,SS19,culottes,0.0566037735849056,0.0377358490566037,0.036020578192082535
5279,86,SS19,doll dress,0.0,0.0,1.4198716053461606e-14
5245,28,SS19,culottes,0.0377358490566037,0.0566037735849056,0.022298451268258686
5142,24,SS19,patterned top,0.0,0.0188679245283018,0.0154373877974883
5245,68,SS19,culottes,0.0188679245283018,0.0,0.027444248859560497
5245,1,SS19,culottes,0.0,0.0,0.030874780580206512
5245,47,SS19,culottes,0.0943396226415094,0.1320754716981132,0.0857632942138955
5245,38,SS19,culottes,0.0,0.0,0.01886791952744384
5245,20,SS19,culottes,0.0754716981132075,0.0377358490566037,0.05145797100222877
5245,42,SS19,culottes,0.0377358490566037,0.0188679245283018,0.03087478058793183
5245,101,SS19,culottes,0.0,0.0,0.02229845125812709
5245,27,SS19,culottes,0.0377358490566037,0.0566037735849056,0.03259004645539191
5283,39,SS19,shorts,0.0,0.0,0.00404763762346068
5245,109,SS19,culottes,0.0,0.0188679245283018,0.015437390137918021
5188,29,SS19,sleeveless,0.0,0.0,2.2446428349313374e-05
5277,3,SS19,culottes,0.1509433962264151,0.0377358490566037,0.06346483203607232
5245,5,SS19,culottes,0.0377358490566037,0.0566037735849056,0.03430531232698867
5245,3,SS19,culottes,0.1132075471698113,0.0566037735849056,0.0806174907421235
5277,51,SS19,culottes,0.0566037735849056,0.0188679245283018,0.044596907518583195
5277,76,SS19,culottes,0.0188679245283018,0.0566037735849056,0.03602057819007624
5277,45,SS19,culottes,0.1132075471698113,0.0754716981132075,0.05660376855776148
5277,22,SS19,culottes,0.0754716981132075,0.0188679245283018,0.022298454537009616
5277,93,SS19,culottes,0.0566037735849056,0.0566037735849056,0.02915951472656676
5294,80,SS19,shorts,0.0,0.0377358490566037,0.02915951472365909
5292,12,SS19,drop sleeve,0.0,0.1132075471698113,0.06689536373828615
5277,50,SS19,culottes,0.0,0.0377358490566037,0.03773584405457404
5292,2,SS19,drop sleeve,0.0,0.0188679245283018,0.03773584404976872
5303,12,SS19,long dress,0.0,0.0,0.018480826324478183
4218,90,SS19,short sleeves,0.0,0.0,0.012006856065156522
5277,16,SS19,culottes,0.1509433962264151,0.0188679245283018,0.03430531232355575
5283,3,SS19,shorts,0.0,0.0,0.027444248857161825
5278,14,SS19,long sleeve,0.0188679245283018,0.0,0.004402800546840387
5292,54,SS19,drop sleeve,0.0,0.0188679245283018,0.012185009744510707
5277,99,SS19,culottes,0.0754716981132075,0.0188679245283018,0.024013722689636172
5278,73,SS19,long sleeve,0.0,0.0,0.018867919528235834
5278,3,SS19,long sleeve,0.0188679245283018,0.0,0.03259004646003537
5305,29,SS19,long dress,0.0,0.0188679245283018,0.05145797092720274
5279,48,SS19,doll dress,0.0,0.0188679245283018,0.02401371712475923
5277,5,SS19,culottes,0.1132075471698113,0.0566037735849056,0.04459690751864697
5245,73,SS19,culottes,0.0,0.0377358490566037,0.03602057819490004
5245,6,SS19,culottes,0.0377358490566037,0.0377358490566037,0.018867919528739646
5245,107,SS19,culottes,0.0188679245283018,0.0,0.0014695541706252074
5246,73,SS19,long sleeve,0.0188679245283018,0.0188679245283018,0.04459690751401293
5246,9,SS19,long sleeve,0.0,0.0,0.058319034453046335
5246,110,SS19,long sleeve,0.0188679245283018,0.0377358490566037,0.024013721280686042
5244,26,SS19,long sleeve,0.1320754716981132,0.1132075471698113,0.06508914301660228
5193,30,SS19,long dress,0.0,0.0,0.005001837019052845
5282,102,SS19,long sleeve,0.0,0.0,0.01543738779558709
5244,36,SS19,long sleeve,0.0943396226415094,0.0754716981132075,0.08672315667983313
5244,54,SS19,long sleeve,0.0188679245283018,0.0,0.022298451260749134
5224,83,SS19,long sleeve,0.0,0.0,0.003301026924282202
5244,2,SS19,long sleeve,0.0566037735849056,0.1320754716981132,0.04459690754726135
5244,12,SS19,long sleeve,0.5660377358490566,0.1132075471698113,0.14591917931507858
5279,27,SS19,doll dress,0.0,0.0,0.020583185406148837
5244,49,SS19,long sleeve,0.0377358490566037,0.1132075471698113,0.06686395311585268
5282,0,SS19,long sleeve,0.0,0.0188679245283018,0.010291594898927146
5244,15,SS19,long sleeve,0.0754716981132075,0.0754716981132075,0.06174956612274956
5244,65,SS19,long sleeve,0.0377358490566037,0.0943396226415094,0.0734928071158696
5244,35,SS19,long sleeve,0.0943396226415094,0.0566037735849056,0.06553044794478882
4221,32,SS19,culottes,0.0188679245283018,0.0377358490566037,0.029159514732320282
5244,66,SS19,long sleeve,0.0188679245283018,0.0943396226415094,0.1117911874195871
5244,84,SS19,long sleeve,0.2075471698113207,0.0566037735849056,0.02572898861624193
5244,75,SS19,long sleeve,0.0754716981132075,0.0566037735849056,0.05684574243934782
5244,60,SS19,long sleeve,0.1132075471698113,0.0188679245283018,0.024013717126181385
5244,48,SS19,long sleeve,0.0,0.0377358490566037,0.02572898299772647
5224,67,SS19,long sleeve,0.0,0.0,0.018867919527705525
5244,14,SS19,long sleeve,0.0377358490566037,0.0754716981132075,0.041166375789830005
5244,31,SS19,long sleeve,0.0754716981132075,0.0188679245283018,0.02229845125752099
5244,79,SS19,long sleeve,0.0377358490566037,0.0377358490566037,0.02401371712877295
5224,107,SS19,long sleeve,0.0188679245283018,0.0,0.01200685606440409
5193,66,SS19,long dress,0.0,0.0188679245283018,0.018773628038876465
5282,33,SS19,long sleeve,0.0,0.0,0.015437387798247028
5224,7,SS19,long sleeve,0.0,0.0,0.020583185384338683
5282,22,SS19,long sleeve,0.0,0.0,0.018867919502148226
5282,77,SS19,long sleeve,0.0,0.0188679245283018,0.013722121929840972
5282,68,SS19,long sleeve,0.0188679245283018,0.0188679245283018,0.018867925239160654
5224,19,SS19,long sleeve,0.0377358490566037,0.0188679245283018,0.010291590197303618
5224,14,SS19,long sleeve,0.0,0.0,0.017152653660319775
5282,53,SS19,long sleeve,0.0188679245283018,0.0188679245283018,0.010291590197434636
5224,43,SS19,long sleeve,0.0,0.0,0.015437387796383562
5282,69,SS19,long sleeve,0.0,0.0,0.015437387797648834
5244,18,SS19,long sleeve,0.0377358490566037,0.0188679245283018,0.013722121929233971
5305,52,SS19,long dress,0.0566037735849056,0.0,0.027444248869946637
5244,29,SS19,long sleeve,0.0566037735849056,0.0,0.03087478058752202
5244,104,SS19,long sleeve,0.0566037735849056,0.0,0.024013717140861365
5244,25,SS19,long sleeve,0.0566037735849056,0.0188679245283018,0.030874780596108285
5244,21,SS19,long sleeve,0.1698113207547169,0.0188679245283018,0.037735844059108126
5193,110,SS19,long dress,0.0,0.0188679245283018,0.012006856062801642
5209,30,SS19,patterned top,0.0,0.0,0.018867919522292595
5188,69,SS19,sleeveless,0.0,0.0,0.015437387794980878
5244,63,SS19,long sleeve,0.0566037735849056,0.0188679245283018,0.017152653674785075
5170,45,SS19,jumpsuit,0.0188679245283018,0.0,0.010291590197758103
5244,4,SS19,long sleeve,0.0188679245283018,0.1509433962264151,0.1440914770087791
5282,26,SS19,long sleeve,0.0566037735849056,0.0188679245283018,0.006861058473743992
5279,82,SS19,doll dress,0.0,0.0377358490566037,0.05317323684098236
5244,69,SS19,long sleeve,0.0188679245283018,0.0377358490566037,0.06689536740516086
5224,74,SS19,long sleeve,0.0188679245283018,0.0,0.02401371712750158
5244,68,SS19,long sleeve,0.0377358490566037,0.1886792452830188,0.11732326859100625
5305,40,SS19,long dress,0.0,0.0,0.04631217336323431
5305,69,SS19,long dress,0.0,0.0188679245283018,0.06346483207868726
5305,35,SS19,long dress,0.0,0.0188679245283018,0.01767948627605376
5305,81,SS19,long dress,0.0,0.0,0.044596907537778605
5244,47,SS19,long sleeve,0.0943396226415094,0.0188679245283018,0.042881641646995594
5244,20,SS19,long sleeve,0.1320754716981132,0.1132075471698113,0.08319007970044802
5244,42,SS19,long sleeve,0.0754716981132075,0.0377358490566037,0.029159514733490623
5279,8,SS19,doll dress,0.0,0.0377358490566037,0.0308747805877368
5244,101,SS19,long sleeve,0.0188679245283018,0.0188679245283018,0.017152657723641142
5244,77,SS19,long sleeve,0.0943396226415094,0.0377358490566037,0.04288278487425788
5244,109,SS19,long sleeve,0.0754716981132075,0.0566037735849056,0.018867919528065234
5279,90,SS19,doll dress,0.0377358490566037,0.0188679245283018,0.020583185392127466
5279,26,SS19,doll dress,0.0,0.0,2.811539889790981e-10
5244,82,SS19,long sleeve,0.1132075471698113,0.0943396226415094,0.04631217339129046
5279,81,SS19,doll dress,0.0,0.0,0.022298451255214315
5244,107,SS19,long sleeve,0.0377358490566037,0.0188679245283018,0.024013717118715867
5244,83,SS19,long sleeve,0.0377358490566037,0.1132075471698113,0.1132075468886573
5244,72,SS19,long sleeve,0.0188679245283018,0.0,0.02058318928742529
5200,60,SS19,drop sleeve,0.0,0.0188679245283018,0.01886792452830121
5279,53,SS19,doll dress,0.0,0.0188679245283018,0.02744424885787128
5244,32,SS19,long sleeve,0.0,0.0188679245283018,0.01372212192825176
5305,100,SS19,long dress,0.0,0.0,0.008558518706109242
5244,51,SS19,long sleeve,0.1320754716981132,0.0943396226415094,0.0480274392538376
5244,76,SS19,long sleeve,0.0377358490566037,0.0188679245283018,0.02572898299297688
5244,24,SS19,long sleeve,0.0754716981132075,0.0,0.018867919530909265
5244,80,SS19,long sleeve,0.0566037735849056,0.1132075471698113,0.08747855768313995
5244,73,SS19,long sleeve,0.0377358490566037,0.0377358490566037,0.05503848463317046
5188,36,SS19,sleeveless,0.0,0.0,0.009475373427848249
5244,9,SS19,long sleeve,0.0566037735849056,0.0,0.02572898976796824
5244,110,SS19,long sleeve,0.0377358490566037,0.0943396226415094,0.07225309384967674
5169,54,SS19,jumpsuit,0.0,0.0,0.01029159019655492
5244,3,SS19,long sleeve,0.2452830188679245,0.0566037735849056,0.05317324282852382
5244,5,SS19,long sleeve,0.1132075471698113,0.0188679245283018,0.04116637579244229
5244,99,SS19,long sleeve,0.0566037735849056,0.0188679245283018,0.02744424885969435
5244,28,SS19,long sleeve,0.0943396226415094,0.0754716981132075,0.03602057818079974
5244,56,SS19,long sleeve,0.0,0.0754716981132075,0.039451115088703595
5224,8,SS19,long sleeve,0.0,0.0188679245283018,0.015437387795447592
5279,57,SS19,doll dress,0.0188679245283018,0.0188679245283018,0.030874780587175223
5279,25,SS19,doll dress,0.0,0.0,0.012006856063638683
5244,16,SS19,long sleeve,0.0377358490566037,0.0188679245283018,0.0343053159523857
5279,21,SS19,doll dress,0.0943396226415094,0.0754716981132075,0.02915951472527586
5279,63,SS19,doll dress,0.0,0.0,0.015437387792392374
5279,59,SS19,doll dress,0.0,0.0,4.189520910070807e-18
5244,117,SS19,long sleeve,0.0377358490566037,0.0754716981132075,0.029159519847234267
5244,50,SS19,long sleeve,0.0943396226415094,0.1509433962264151,0.1509433956641071
5244,93,SS19,long sleeve,0.0377358490566037,0.0377358490566037,0.015437387804726636
5244,33,SS19,long sleeve,0.0,0.0188679245283018,0.030874780606683052
5279,85,SS19,doll dress,0.0,0.0566037735849056,0.0394511099250702
5224,12,SS19,long sleeve,0.0,0.0,0.0008153179184336304
5282,13,SS19,long sleeve,0.0,0.0,0.01886792239594975
5282,99,SS19,long sleeve,0.0188679245283018,0.0188679245283018,0.01029159019794357
5199,23,SS19,long sleeve,0.0,0.0188679245283018,0.01886791953227393
5216,74,SS19,doll dress,0.0,0.0,0.015437387796510946
5246,21,SS19,long sleeve,0.0754716981132075,0.0377358490566037,0.025728982994955456
5246,25,SS19,long sleeve,0.0377358490566037,0.0377358490566037,0.015437387798380102
5246,57,SS19,long sleeve,0.0,0.0,0.03602058543675559
5246,104,SS19,long sleeve,0.0566037735849056,0.0566037735849056,0.04182903899542151
5246,29,SS19,long sleeve,0.0566037735849056,0.0,0.02058318539181794
5246,41,SS19,long sleeve,0.0188679245283018,0.0,0.04288164164659035
5279,76,SS19,doll dress,0.0,0.0377358490566037,0.03259004645954258
5175,63,SS19,jumpsuit,0.0,0.0,0.005569706638628864
5279,51,SS19,doll dress,0.0,0.0,0.04631217352086128
5216,40,SS19,doll dress,0.0,0.0188679245283018,0.017152653660721925
5267,12,SS19,solid color top,0.0377358490566037,0.0188679245283018,0.03430531233143615
5216,76,SS19,doll dress,0.0188679245283018,0.0,0.01715265366112412
5322,29,SS19,long dress,0.0,0.0566037735849056,0.08061752100604565
5322,41,SS19,long dress,0.0,0.0,0.06346483206901377
5199,15,SS19,long sleeve,0.0,0.0,0.01218317872253982
5305,12,SS19,long dress,0.0,0.0,0.09262435231729965
5267,30,SS19,solid color top,0.0,0.0,0.025728982996643748
5268,10,SS19,printed shirt,0.0,0.0188679245283018,0.030874780634424517
5305,15,SS19,long dress,0.0,0.0,0.032590046435653414
5279,20,SS19,doll dress,0.0,0.0188679245283018,0.01886792040664154
5218,43,SS19,long sleeve,0.0377358490566037,0.0566037735849056,0.0514579709864091
5279,68,SS19,doll dress,0.0,0.0188679245283018,0.030874780589390142
5279,24,SS19,doll dress,0.0188679245283018,0.0,0.024013717125552662
5246,18,SS19,long sleeve,0.0377358490566037,0.0188679245283018,0.03259004645651584
5246,46,SS19,long sleeve,0.0,0.0566037735849056,0.053173236881103196
5246,3,SS19,long sleeve,0.0188679245283018,0.0566037735849056,0.0789022246934263
5246,5,SS19,long sleeve,0.0188679245283018,0.0,0.048027439241497646
5279,22,SS19,doll dress,0.0377358490566037,0.0188679245283018,0.03430531232274552
5246,16,SS19,long sleeve,0.0,0.0,1.1246159391583128e-09
5246,13,SS19,long sleeve,0.0,0.0188679245283018,0.03945110992539256
5246,50,SS19,long sleeve,0.0,0.0,0.04116637579426376
5246,93,SS19,long sleeve,0.0566037735849056,0.0188679245283018,0.03773584407323666
5246,33,SS19,long sleeve,0.0188679245283018,0.0188679245283018,0.04116637578358897
5246,22,SS19,long sleeve,0.0,0.0,0.03945110995454379
5246,24,SS19,long sleeve,0.0188679245283018,0.0377358490566037,0.041166375792830924
5246,76,SS19,long sleeve,0.0,0.0188679245283018,0.030874780586389965
5246,51,SS19,long sleeve,0.0566037735849056,0.0,0.027444248860045397
5246,68,SS19,long sleeve,0.0377358490566037,0.0566037735849056,0.05317323684891527
5246,1,SS19,long sleeve,0.0,0.0,0.04116637578746601
5246,47,SS19,long sleeve,0.0188679245283018,0.0377358490566037,0.02572898299470755
5246,20,SS19,long sleeve,0.0,0.0,0.025728982991878386
5246,101,SS19,long sleeve,0.0754716981132075,0.0377358490566037,0.03602057818913853
5246,61,SS19,long sleeve,0.0188679245283018,0.0188679245283018,0.013722121931193512
5246,107,SS19,long sleeve,0.0188679245283018,0.0188679245283018,0.02401371712686172
5246,83,SS19,long sleeve,0.0566037735849056,0.0566037735849056,0.03430531232954248
5246,81,SS19,long sleeve,0.0,0.0,0.017152653660663444
5267,19,SS19,solid color top,0.0,0.0377358490566037,0.02058318539501956
5246,26,SS19,long sleeve,0.0566037735849056,0.0188679245283018,0.024013717129691973
5199,19,SS19,long sleeve,0.0,0.0,0.01886791952999771
5292,109,SS19,drop sleeve,0.0,0.0188679245283018,0.018789972332352963
5216,5,SS19,doll dress,0.0,0.0188679245283018,0.0188679195244663
5199,86,SS19,long sleeve,0.0566037735849056,0.0,0.020583185389354476
5261,12,SS19,solid color top,0.0,0.0188679245283018,0.020583189453966057
5268,12,SS19,printed shirt,0.0,0.0,2.932664637049578e-17
5257,41,SS19,solid color top,0.0,0.0566037735849056,0.026757891436044505
5257,18,SS19,solid color top,0.0188679245283018,0.0377358490566037,0.013722121929604227
5257,47,SS19,solid color top,0.0566037735849056,0.0,0.012006856064129844
5257,45,SS19,solid color top,0.0188679245283018,0.0,0.013722121931918121
5199,26,SS19,long sleeve,0.0377358490566037,0.0188679245283018,0.018867919528132337
5199,90,SS19,long sleeve,0.0566037735849056,0.0188679245283018,0.017152653660003982
5199,0,SS19,long sleeve,0.0377358490566037,0.0188679245283018,0.015437387792967126
5257,43,SS19,solid color top,0.0,0.0566037735849056,0.018867919527712038
5199,83,SS19,long sleeve,0.0377358490566037,0.0188679245283018,0.0291595147250995
5305,86,SS19,long dress,0.0,0.0,0.03602057817347224
5282,12,SS19,long sleeve,0.0,0.0,0.0308747805959476
5282,7,SS19,long sleeve,0.0188679245283018,0.0188679245283018,0.01372212193081292
5282,15,SS19,long sleeve,0.0188679245283018,0.0188679245283018,0.018867923969989573
5282,19,SS19,long sleeve,0.0,0.0,0.0011255739449842145
5316,29,SS19,culottes,0.0566037735849056,0.0188679245283018,0.08919382008605693
5199,44,SS19,long sleeve,0.0,0.0,0.020583185393001687
5282,43,SS19,long sleeve,0.0,0.0188679245283018,0.020583185395340552
5199,104,SS19,long sleeve,0.0188679245283018,0.0188679245283018,0.025728982994007814
5282,73,SS19,long sleeve,0.0188679245283018,0.0,0.0017829669984554368
5282,3,SS19,long sleeve,0.0,0.0566037735849056,0.01543738779183745
5305,80,SS19,long dress,0.0,0.0,0.0043080907266054656
5199,82,SS19,long sleeve,0.0377358490566037,0.0,0.022298451344360364
5261,15,SS19,solid color top,0.0,0.0188679245283018,0.023598586344138063
5316,36,SS19,culottes,0.0566037735849056,0.0566037735849056,0.09948541522000436
5188,77,SS19,sleeveless,0.0,0.0,0.007281082430125218
5199,73,SS19,long sleeve,0.0,0.0,0.034305318663936886
5261,46,SS19,solid color top,0.0566037735849056,0.0188679245283018,0.013722121925983533
5261,36,SS19,solid color top,0.0754716981132075,0.0566037735849056,0.05109423621573361
5261,69,SS19,solid color top,0.0566037735849056,0.0188679245283018,0.013722121928330137
5175,32,SS19,jumpsuit,0.0,0.0188679245283018,0.013722121929091573
5261,22,SS19,solid color top,0.0566037735849056,0.0188679245283018,0.012006856063309061
5261,50,SS19,solid color top,0.0377358490566037,0.0188679245283018,0.008576324330584075
5209,28,SS19,patterned top,0.0188679245283018,0.0188679245283018,0.010291590198188358
5261,80,SS19,solid color top,0.0,0.0,0.010291590196206353
5309,100,SS19,sleeveless,0.0188679245283018,0.0377358490566037,0.04974270511223078
5188,53,SS19,sleeveless,0.0,0.0188679245283018,0.018867924809455785
5188,40,SS19,sleeveless,0.0,0.0,0.0004392602472890139
4221,6,SS19,culottes,0.0188679245283018,0.0,0.01715265366522522
4170,25,SS19,short sleeves,0.0188679245283018,0.0,0.013722121929531404
5199,33,SS19,long sleeve,0.0188679245283018,0.0,2.3556928782413323e-09
5216,66,SS19,doll dress,0.0,0.0,0.024013717130469313
5216,65,SS19,doll dress,0.0188679245283018,0.0188679245283018,0.013721890265815526
5199,76,SS19,long sleeve,0.0,0.0,0.018867919531482077
5218,94,SS19,long sleeve,0.0377358490566037,0.0,0.010484295535609396
5216,2,SS19,doll dress,0.0,0.0188679245283018,0.01886791953121489
5209,43,SS19,patterned top,0.0,0.0,0.012006859647107633
5199,38,SS19,long sleeve,0.0,0.0377358490566037,0.015437387796654246
5218,86,SS19,long sleeve,0.0,0.0,0.02915951472050252
5292,82,SS19,drop sleeve,0.0566037735849056,0.0,0.025728987122769706
5278,77,SS19,long sleeve,0.0377358490566037,0.0,0.027444248863465436
5271,14,SS19,long sleeve,0.0,0.0,0.013926100029139271
5279,12,SS19,doll dress,0.0,0.0566037735849056,0.08404802243606818
5151,59,SS19,solid color top,0.0377358490566037,0.0188679245283018,0.008576324331747485
5248,50,SS19,long sleeve,0.0,0.0,0.018867919532189577
5309,49,SS19,sleeveless,0.0754716981132075,0.0754716981132075,0.04288164165393163
5158,74,SS19,solid color top,0.0,0.0754716981132075,0.01886791953230917
5248,52,SS19,long sleeve,0.0188679245283018,0.0,0.015437387795853571
5248,45,SS19,long sleeve,0.0377358490566037,0.0,0.004831090915743617
5179,32,SS19,doll dress,0.0,0.0,0.0274442488586206
5303,36,SS19,long dress,0.0,0.0,0.000492399166240092
5322,33,SS19,long dress,0.0377358490566037,0.0754716981132075,0.06861062961519045
5248,24,SS19,long sleeve,0.0,0.0,0.0029629199976238087
5248,51,SS19,long sleeve,0.0,0.0188679245283018,0.010291590199469377
5161,69,SS19,patterned top,0.0377358490566037,0.0566037735849056,0.056603773866059574
5218,24,SS19,long sleeve,0.0188679245283018,0.0188679245283018,0.03430531233536848
5208,21,SS19,patterned top,0.0,0.0,0.0051488937577193914
5248,101,SS19,long sleeve,0.0,0.0,0.017152653663594482
5168,41,SS19,short sleeves,0.0188679245283018,0.0,0.010291590196816832
5251,46,SS19,culottes,0.0188679245283018,0.0,0.010291590198631953
5251,18,SS19,culottes,0.0,0.0,0.01715265723709905
5168,81,SS19,short sleeves,0.0,0.0,0.002896782839987979
5247,10,SS19,long sleeve,0.0,0.0566037735849056,0.049742705085205424
5247,59,SS19,long sleeve,0.0,0.0188679245283018,0.024013717123693334
5248,32,SS19,long sleeve,0.0377358490566037,0.0,0.010291590197058964
5207,32,SS19,doll dress,0.0188679245283018,0.0188679245283018,0.018867924247147817
5247,93,SS19,long sleeve,0.0188679245283018,0.0188679245283018,0.01886791952665216
5119,59,SS19,solid color top,0.0377358490566037,0.0,0.010291590197406691
5292,107,SS19,drop sleeve,0.0,0.0188679245283018,0.020583185401214257
5322,80,SS19,long dress,0.0,0.0,0.10977701080404986
5247,8,SS19,long sleeve,0.0188679245283018,0.0188679245283018,0.020583185394446014
5248,56,SS19,long sleeve,0.0188679245283018,0.0188679245283018,0.02058318539768543
5247,30,SS19,long sleeve,0.0188679245283018,0.0188679245283018,0.060034300320266375
5251,74,SS19,culottes,0.0,0.0,0.012006856064206942
5228,53,SS19,sleeveless,0.0377358490566037,0.0,2.3559427582812253e-09
5161,31,SS19,patterned top,0.0188679245283018,0.0,0.024013717136062825
5247,99,SS19,long sleeve,0.0188679245283018,0.0,0.010291590197117666
5309,12,SS19,sleeveless,0.0,0.1132075471698113,0.11663807389307577
5247,29,SS19,long sleeve,0.0,0.0,0.013722121931337926
5279,2,SS19,doll dress,0.0188679245283018,0.0188679245283018,0.01665293173058228
5161,75,SS19,patterned top,0.0,0.0377358490566037,0.013722121925639326
5251,56,SS19,culottes,0.0566037735849056,0.0188679245283018,0.018867922172731977
5227,21,SS19,sleeveless,0.0,0.0,0.012006856063684061
5279,31,SS19,doll dress,0.0,0.0,0.030874780589095322
5151,13,SS19,solid color top,0.0,0.0,0.010291590197378903
5300,12,SS19,culottes,0.0,0.0377358490566037,0.08404802238354808
5248,30,SS19,long sleeve,0.0,0.0,0.020583185392902808
5248,2,SS19,long sleeve,0.0,0.0188679245283018,0.029159514725192036
5271,10,SS19,long sleeve,0.0,0.0,0.008821900651848156
5161,3,SS19,patterned top,0.0,0.0,0.002582942410400327
5251,20,SS19,culottes,0.0188679245283018,0.0377358490566037,0.01372212193112819
5228,16,SS19,sleeveless,0.0,0.0188679245283018,0.01372212192953488
5228,13,SS19,sleeveless,0.0,0.0188679245283018,0.010291590196748551
5248,15,SS19,long sleeve,0.0,0.0,0.017152653660873804
5248,65,SS19,long sleeve,0.0,0.0188679245283018,0.018867922174900915
5248,94,SS19,long sleeve,0.0,0.0,6.242872640596042e-26
5248,14,SS19,long sleeve,0.0,0.0,0.025728982984496163
5271,54,SS19,long sleeve,0.0,0.0,0.015437393642870532
5248,86,SS19,long sleeve,0.0,0.0,0.015437387793418078
5161,5,SS19,patterned top,0.0,0.0377358490566037,0.017152653663601754
5256,57,SS19,long sleeve,0.0377358490566037,0.0,0.008569400713277808
5248,43,SS19,long sleeve,0.0,0.0,1.6960122196903087e-12
5247,57,SS19,long sleeve,0.0,0.0,0.024013717126627754
5248,73,SS19,long sleeve,0.0,0.0,0.012006856063903486
5248,5,SS19,long sleeve,0.0,0.0,0.018867919527053745
5287,30,SS19,shorts,0.0,0.0,0.020583185395232913
5322,86,SS19,long dress,0.0,0.0,0.08919382011048359
5248,81,SS19,long sleeve,0.0,0.0,0.010291590197501935
5249,72,SS19,culottes,0.0,0.0377358490566037,0.013722121929319526
5249,16,SS19,culottes,0.0188679245283018,0.0,0.0030195382506884774
5254,13,SS19,long dress,0.0,0.0,0.01372212192955261
5256,46,SS19,long sleeve,0.0,0.0,0.022298455564946845
5256,43,SS19,long sleeve,0.0,0.0,0.025728982994595636
5247,82,SS19,long sleeve,0.0,0.0188679245283018,0.02060633665361241
5254,110,SS19,long dress,0.0,0.0,0.003190404104995611
5256,110,SS19,long sleeve,0.0,0.0566037735849056,0.020583185397456103
5322,94,SS19,long dress,0.0,0.0,0.07032589552463585
5254,9,SS19,long dress,0.0,0.0188679245283018,0.00886188343641269
5204,23,SS19,culottes,0.0188679245283018,0.0,0.008576324331608811
5247,42,SS19,long sleeve,0.0377358490566037,0.0188679245283018,0.015437387793496812
5256,50,SS19,long sleeve,0.0188679245283018,0.0,0.013722121925629886
5256,45,SS19,long sleeve,0.0188679245283018,0.0188679245283018,0.01543738779656813
5254,80,SS19,long dress,0.0,0.0,0.022298451263480498
5221,56,SS19,sleeveless,0.0,0.0,0.018867923210376225
5290,31,SS19,long sleeve,0.0188679245283018,0.0,0.004656348952794431
5256,47,SS19,long sleeve,0.0,0.0,0.01543738779834817
5256,38,SS19,long sleeve,0.0,0.0188679245283018,0.01543738779429781
5290,94,SS19,long sleeve,0.0188679245283018,0.0377358490566037,0.010291590196474845
5256,32,SS19,long sleeve,0.0188679245283018,0.0,0.00857632433173433
5322,7,SS19,long dress,0.0188679245283018,0.0377358490566037,0.030874780590860785
5256,53,SS19,long sleeve,0.0,0.0,0.012006859820573037
5322,10,SS19,long dress,0.0,0.0,2.5137125273138768e-17
5256,36,SS19,long sleeve,0.0,0.0188679245283018,0.01549456687112758
5322,12,SS19,long dress,0.0,0.0,0.1269296689854558
5254,75,SS19,long dress,0.0188679245283018,0.0,0.00857632433072863
5254,31,SS19,long dress,0.0,0.0,0.01372212192823203
5322,62,SS19,long dress,0.0188679245283018,0.0,0.022298451261516115
5290,73,SS19,long sleeve,0.0,0.0188679245283018,0.016483735860367246
5322,79,SS19,long dress,0.0,0.0188679245283018,0.02229845125836338
5279,15,SS19,doll dress,0.0,0.0,0.0021539876941479553
5249,85,SS19,culottes,0.0188679245283018,0.0188679245283018,0.008576324332207381
5247,95,SS19,long sleeve,0.0188679245283018,0.0377358490566037,0.013722121928348083
5181,31,SS19,long sleeve,0.0,0.0,0.0005211761770796975
5247,46,SS19,long sleeve,0.0,0.0,0.04288164164922625
5247,26,SS19,long sleeve,0.0,0.0,4.189520972499531e-18
5309,7,SS19,sleeveless,0.0754716981132075,0.1320754716981132,0.041166375789530626
5251,29,SS19,culottes,0.0,0.0188679245283018,0.010291590197303618
5168,40,SS19,short sleeves,0.0188679245283018,0.0,0.009291967589633358
5279,19,SS19,doll dress,0.0,0.0,0.032590336835821646
5283,29,SS19,shorts,0.0,0.0,0.027444248860130506
5249,30,SS19,culottes,0.0,0.0,0.017152657181979725
5249,29,SS19,culottes,0.0,0.0188679245283018,0.01715265366197652
5247,53,SS19,long sleeve,0.0377358490566037,0.0,0.02401372129762608
5249,18,SS19,culottes,0.0188679245283018,0.0,0.018867919527278985
5249,90,SS19,culottes,0.0377358490566037,0.0188679245283018,0.013722121942947757
5248,59,SS19,long sleeve,0.0,0.0,0.00025723085483945915
5200,25,SS19,drop sleeve,0.0,0.0188679245283018,0.012006856064620352
5247,24,SS19,long sleeve,0.0188679245283018,0.0188679245283018,0.020583188886349562
5249,2,SS19,culottes,0.0188679245283018,0.0377358490566037,0.015437387796500583
5208,44,SS19,patterned top,0.0,0.0188679245283018,0.01029159019646222
5168,31,SS19,short sleeves,0.0,0.0188679245283018,0.012006856065205185
5249,66,SS19,culottes,0.0377358490566037,0.0,0.008576324330746886
5249,69,SS19,culottes,0.0377358490566037,0.0188679245283018,0.012006856059441077
5256,30,SS19,long sleeve,0.0,0.0,0.015437393160434389
5254,41,SS19,long dress,0.0,0.0,0.012006856062956256
5249,19,SS19,culottes,0.0188679245283018,0.0,0.00753492053300175
5247,51,SS19,long sleeve,0.0,0.0,0.020583189457635688
5256,12,SS19,long sleeve,0.0,0.0,0.022298451262036993
5256,65,SS19,long sleeve,0.0,0.0188679245283018,0.018867920728735665
5249,80,SS19,culottes,0.0,0.0188679245283018,0.02401371713444525
5254,29,SS19,long dress,0.0,0.0188679245283018,0.010291590195185076
5161,46,SS19,patterned top,0.0377358490566037,0.0,0.025728986845876576
5254,94,SS19,long dress,0.0188679245283018,0.0188679245283018,0.012006856063554975
5221,33,SS19,sleeveless,0.0,0.0,0.010291590197736124
5300,13,SS19,culottes,0.0,0.0,0.036020578185086
5277,44,SS19,culottes,0.0188679245283018,0.0188679245283018,0.013722121928862581
5247,48,SS19,long sleeve,0.0566037735849056,0.0,0.025728983000027145
5272,51,SS19,shorts,0.0,0.0,0.024013717138267797
5271,68,SS19,long sleeve,0.0188679245283018,0.0188679245283018,0.011800627986860324
5309,69,SS19,sleeveless,0.0188679245283018,0.0754716981132075,0.056603768579592935
5300,56,SS19,culottes,0.0,0.0,0.022298451258887943
5277,57,SS19,culottes,0.0188679245283018,0.0754716981132075,0.060034300299519054
5278,2,SS19,long sleeve,0.0,0.0188679245283018,0.015437387791245046
5207,27,SS19,doll dress,0.0,0.0188679245283018,0.03945110993490047
5292,104,SS19,drop sleeve,0.0188679245283018,0.0566037735849056,0.030874780591887845
5247,75,SS19,long sleeve,0.0377358490566037,0.0754716981132075,0.0754716978320535
5271,61,SS19,long sleeve,0.0,0.0,0.01372212742584772
5277,104,SS19,culottes,0.0188679245283018,0.0566037735849056,0.020583185391970692
5292,57,SS19,drop sleeve,0.0188679245283018,0.0188679245283018,0.024759287320501144
5278,19,SS19,long sleeve,0.0,0.0,0.022298451252147338
5247,86,SS19,long sleeve,0.0,0.0188679245283018,0.017152653683893935
5292,44,SS19,drop sleeve,0.0566037735849056,0.0188679245283018,0.0171526536595748
5247,9,SS19,long sleeve,0.0188679245283018,0.0188679245283018,0.01886791952781397
5292,25,SS19,drop sleeve,0.0,0.0,0.013722121928801503
5247,66,SS19,long sleeve,0.0566037735849056,0.0,0.04631217339660239
5251,49,SS19,culottes,0.0377358490566037,0.0,0.01029159019725636
5148,76,SS19,sleeveless,0.0377358490566037,0.0188679245283018,0.025728983011697248
5251,66,SS19,culottes,0.0,0.0188679245283018,0.021060686837939706
5251,19,SS19,culottes,0.0188679245283018,0.0,0.00643355480506768
5309,15,SS19,sleeveless,0.1132075471698113,0.0566037735849056,0.08747855418618995
5227,9,SS19,sleeveless,0.0,0.0,0.010291590197034258
5279,30,SS19,doll dress,0.0,0.0,0.07890222493333575
5320,12,SS19,long sleeve,0.0188679245283018,0.0754716981132075,0.07303614292943417
5277,95,SS19,culottes,0.0188679245283018,0.0377358490566037,0.036020578195762966
5247,14,SS19,long sleeve,0.0188679245283018,0.0188679245283018,0.025728982991139057
4170,117,SS19,short sleeves,0.0377358490566037,0.0188679245283018,0.010291590196415302
5300,81,SS19,culottes,0.0188679245283018,0.0,0.02915951472519758
5300,35,SS19,culottes,0.0,0.0,2.776265362424001e-05
5277,18,SS19,culottes,0.0,0.0188679245283018,0.05895653389272532
5271,22,SS19,long sleeve,0.0,0.0,0.01200685961139468
5309,94,SS19,sleeveless,0.0566037735849056,0.0377358490566037,0.035006925226037856
5300,40,SS19,culottes,0.0,0.0,0.018867919533937093
5309,35,SS19,sleeveless,0.0377358490566037,0.0188679245283018,0.02062350796096747
5227,19,SS19,sleeveless,0.0,0.0188679245283018,0.012006856063131446
5245,54,SS19,culottes,0.0,0.0,0.00017642013266571012
5148,24,SS19,sleeveless,0.0188679245283018,0.0,0.01886791952995
5287,19,SS19,shorts,0.0,0.0,0.017152653660925082
5317,86,SS19,short sleeves,0.0188679245283018,0.0377358490566037,0.027444248862582947
5277,4,SS19,culottes,0.0943396226415094,0.0377358490566037,0.03602057818902921
5272,82,SS19,shorts,0.0,0.0566037735849056,0.02058318539296989
3804,99,SS19,culottes,0.0188679245283018,0.0,0.008576324331876318
5278,15,SS19,long sleeve,0.0188679245283018,0.0188679245283018,0.0120068560624664
5283,22,SS19,shorts,0.0,0.0,0.022298451258799423
5277,59,SS19,culottes,0.0943396226415094,0.0,0.0241356770039619
5278,12,SS19,long sleeve,0.0,0.0,0.02401371712288299
5277,63,SS19,culottes,0.0,0.0,0.012751437776493372
5277,100,SS19,culottes,0.0,0.0,0.015437387794780131
5292,64,SS19,drop sleeve,0.0,0.0566037735849056,0.024013717130442744
5277,25,SS19,culottes,0.0188679245283018,0.0188679245283018,0.01715265366079072
5271,82,SS19,long sleeve,0.0,0.0,0.013722121926278813
5278,30,SS19,long sleeve,0.0754716981132075,0.0188679245283018,0.029810111322910216
5227,13,SS19,sleeveless,0.0,0.0188679245283018,0.018867919526391705
5188,8,SS19,sleeveless,0.0,0.0,0.020583185392373235
5271,56,SS19,long sleeve,0.0,0.0,0.0009166197542920748
5160,30,SS19,printed shirt,0.0,0.0,0.01543738779378909
5292,18,SS19,drop sleeve,0.0377358490566037,0.0566037735849056,0.05810793131648913
5207,60,SS19,doll dress,0.0,0.0,0.048027439258276294
5088,32,SS19,long dress,0.0188679245283018,0.0,0.025728982991757705
5292,90,SS19,drop sleeve,0.0754716981132075,0.0188679245283018,0.018867911916526686
5292,46,SS19,drop sleeve,0.0188679245283018,0.0377358490566037,0.07658115887505235
5277,90,SS19,culottes,0.0377358490566037,0.0188679245283018,0.030874780597363875
4219,67,SS19,short sleeves,0.0,0.0,0.02058318539309672
5271,107,SS19,long sleeve,0.0188679245283018,0.0,0.015437387801821944
5277,46,SS19,culottes,0.0377358490566037,0.0,0.005205412786909147
5289,7,SS19,short sleeves,0.0,0.0188679245283018,0.01200685606187215
5292,32,SS19,drop sleeve,0.0188679245283018,0.0188679245283018,0.018867919529428713
5303,81,SS19,long dress,0.0,0.0566037735849056,0.0437696239880833
5300,94,SS19,culottes,0.0,0.0,0.02058318539801865
5292,85,SS19,drop sleeve,0.0188679245283018,0.0188679245283018,0.014868502642517554
5287,12,SS19,shorts,0.0,0.0188679245283018,0.025728982986958974
5303,69,SS19,long dress,0.0,0.0,0.017152653657200898
5161,63,SS19,patterned top,0.0,0.0,0.012006856064076534
5277,26,SS19,culottes,0.0377358490566037,0.0943396226415094,0.051457970965237465
5247,5,SS19,long sleeve,0.0377358490566037,0.0,0.024013717127414305
5161,18,SS19,patterned top,0.0,0.0,0.03087478058596157
5287,2,SS19,shorts,0.0,0.0,0.022298451244133124
5292,83,SS19,drop sleeve,0.0188679245283018,0.0188679245283018,0.015770699019262167
5279,54,SS19,doll dress,0.0,0.0188679245283018,0.020583185398903667
5283,50,SS19,shorts,0.0,0.0,0.01886792378056436
5227,110,SS19,sleeveless,0.0,0.0188679245283018,0.013722121929656697
5294,51,SS19,shorts,0.0188679245283018,0.0,0.01372212192681701
5292,4,SS19,drop sleeve,0.0377358490566037,0.0377358490566037,0.034980879887253555
5277,29,SS19,culottes,0.0,0.0,0.014462097050427102
5207,66,SS19,doll dress,0.0,0.0,0.04459690754775486
5247,3,SS19,long sleeve,0.0,0.0188679245283018,0.027444248858072916
5317,62,SS19,short sleeves,0.0188679245283018,0.0188679245283018,0.01886792398904248
5247,94,SS19,long sleeve,0.0,0.0,0.01886791953036439
5188,100,SS19,sleeveless,0.0,0.0188679245283018,0.01543739128549032
5292,63,SS19,drop sleeve,0.0,0.0188679245283018,0.024013717125535353
5227,22,SS19,sleeveless,0.0377358490566037,0.0,0.013722121925866177
5292,21,SS19,drop sleeve,0.0,0.0188679245283018,0.027444248859891395
5300,80,SS19,culottes,0.0,0.0,0.05145797099189604
5300,79,SS19,culottes,0.0,0.0377358490566037,0.013722121929934317
5292,59,SS19,drop sleeve,0.1132075471698113,0.0566037735849056,0.02058318539027762
5156,29,SS19,solid color top,0.0,0.0,0.013722126817287463
5227,82,SS19,sleeveless,0.0,0.0,0.013722125416523834
5309,36,SS19,sleeveless,0.0,0.0,0.08233275658721577
5317,94,SS19,short sleeves,0.0566037735849056,0.0188679245283018,0.012967693428571563
5207,109,SS19,doll dress,0.0188679245283018,0.0188679245283018,0.017152653649358217
5289,69,SS19,short sleeves,0.0,0.0,0.012006856062325369
5163,20,SS19,culottes,0.0,0.0,0.012006856062279681
5320,36,SS19,long sleeve,0.0,0.0,0.015437387792984952
5287,15,SS19,shorts,0.0,0.0,0.01886791952791843
5300,73,SS19,culottes,0.0,0.0188679245283018,0.044596907546693015
5300,86,SS19,culottes,0.0,0.0,0.0071535201097247154
5268,101,SS19,printed shirt,0.0,0.0,6.242872733622093e-26
5261,26,SS19,solid color top,0.0,0.0377358490566037,0.015437387794325422
5199,18,SS19,long sleeve,0.0188679245283018,0.0188679245283018,0.027444248858478237
5290,13,SS19,long sleeve,0.0,0.0,0.015437387798040526
5247,43,SS19,long sleeve,0.0,0.0377358490566037,0.03602057817869913
5148,26,SS19,sleeveless,0.0,0.0188679245283018,0.022298451271325348
5312,33,SS19,sleeveless,0.0,0.0188679245283018,0.012006856063069083
5290,19,SS19,long sleeve,0.0,0.0,0.012006856062537485
5257,31,SS19,solid color top,0.0188679245283018,0.0566037735849056,0.05548795234131109
5312,22,SS19,sleeveless,0.0,0.0,0.022502504692131386
5257,99,SS19,solid color top,0.0,0.0,0.010291590197651352
5247,12,SS19,long sleeve,0.0,0.0,0.05831903445717781
5290,4,SS19,long sleeve,0.0,0.0188679245283018,0.017152653660872562
5261,19,SS19,solid color top,0.0,0.0,0.022298451271132117
5247,65,SS19,long sleeve,0.0,0.0377358490566037,0.01715265366290719
5231,39,SS19,short sleeves,0.0377358490566037,0.0188679245283018,0.01513683190626151
5205,54,SS19,short sleeves,0.0,0.0,0.010291590196458276
5312,51,SS19,sleeveless,0.0,0.0,0.015437387796064432
5247,31,SS19,long sleeve,0.0,0.0,0.020583185392583442
5312,76,SS19,sleeveless,0.0,0.0,0.022226856400334567
5319,8,SS19,sleeveless,0.0188679245283018,0.0,0.00475178474415547
5319,36,SS19,sleeveless,0.0,0.0188679245283018,0.013722121932660031
5231,32,SS19,short sleeves,0.0188679245283018,0.0377358490566037,0.012006856061723498
5261,31,SS19,solid color top,0.0,0.0377358490566037,0.0188679195279742
5319,74,SS19,sleeveless,0.0,0.0,0.013722121930194148
5268,74,SS19,printed shirt,0.0,0.0188679245283018,0.03259004645442757
5319,56,SS19,sleeveless,0.0,0.0377358490566037,0.01734912121725541
5319,3,SS19,sleeveless,0.0,0.0,0.012006856063267794
5199,50,SS19,long sleeve,0.0188679245283018,0.0,0.015437387795698691
5319,110,SS19,sleeveless,0.0188679245283018,0.0,0.010291590197312872
5121,10,SS19,sleeveless,0.0377358490566037,0.0188679245283018,0.039451109920338144
5247,84,SS19,long sleeve,0.0,0.0188679245283018,0.022298451262576794
5290,57,SS19,long sleeve,0.0,0.0188679245283018,0.01372212192295025
5257,101,SS19,solid color top,0.0188679245283018,0.0188679245283018,0.008576324332186793
5188,47,SS19,sleeveless,0.0188679245283018,0.0,0.004532888863887972
5257,26,SS19,solid color top,0.0,0.0377358490566037,0.01372212193371625
5199,6,SS19,long sleeve,0.0,0.0,2.772392357500945e-41
5247,54,SS19,long sleeve,0.0188679245283018,0.0566037735849056,0.02058318539176858
5312,20,SS19,sleeveless,0.0,0.0,0.01715265366755375
5188,85,SS19,sleeveless,0.0,0.0,1.8605209890177794e-33
5261,20,SS19,solid color top,0.0,0.0754716981132075,0.01886791951677017
5179,61,SS19,doll dress,0.0,0.0188679245283018,0.029159514722411357
5210,13,SS19,long dress,0.0188679245283018,0.0,0.01029159019904605
5121,50,SS19,sleeveless,0.0188679245283018,0.0188679245283018,0.01200686108694261
5268,67,SS19,printed shirt,0.0,0.0,0.030874780585967498
5192,47,SS19,sleeveless,0.0,0.0,0.003545286225651873
5213,44,SS19,long dress,0.0,0.0,0.007598007987709946
5121,60,SS19,sleeveless,0.0188679245283018,0.0377358490566037,0.018867919534832765
5196,26,SS19,culottes,0.0,0.0188679245283018,0.022298451257746106
5196,90,SS19,culottes,0.0,0.0188679245283018,0.013722127474506098
5312,29,SS19,sleeveless,0.0188679245283018,0.0,0.01886791952867503
5224,68,SS19,long sleeve,0.0188679245283018,0.0,0.013722121927561224
5312,19,SS19,sleeveless,0.0,0.0,0.02401371711604648
5244,22,SS19,long sleeve,0.1320754716981132,0.1509433962264151,0.10309184293574916
5271,16,SS19,long sleeve,0.0,0.0188679245283018,0.012006856062958768
5234,109,SS19,short sleeves,0.0188679245283018,0.0188679245283018,0.012006856063201342
5176,20,SS19,jumpsuit,0.0,0.0,0.0005485571842896105
5268,9,SS19,printed shirt,0.0,0.0,0.03430531232840647
5188,18,SS19,sleeveless,0.0,0.0,4.189520785213356e-18
5188,26,SS19,sleeveless,0.0,0.0188679245283018,0.018862013044840663
5143,22,SS19,capris,0.0,0.0,0.020583185395482314
5148,50,SS19,sleeveless,0.0,0.0,0.02401371712940433
5234,32,SS19,short sleeves,0.0,0.0188679245283018,0.012006856065017548
5268,5,SS19,printed shirt,0.0,0.0,0.04802743924879728
5268,99,SS19,printed shirt,0.0,0.0,0.03602057818876144
5268,65,SS19,printed shirt,0.0,0.0,0.051457970985262315
5312,30,SS19,sleeveless,0.0,0.0,0.020583185402032713
5244,39,SS19,long sleeve,0.0188679245283018,0.0566037735849056,0.022298451235916363
5143,107,SS19,capris,0.0188679245283018,0.0,0.013722121930008756
5223,49,SS19,gitana skirt,0.0,0.0188679245283018,0.012021246459250037
5271,110,SS19,long sleeve,0.0,0.0,0.01372212192791916
5268,16,SS19,printed shirt,0.0,0.0,0.024013717180333523
5268,117,SS19,printed shirt,0.0188679245283018,0.0377358490566037,0.02229845126136422
5223,66,SS19,gitana skirt,0.0,0.0,0.017152653659140718
5271,7,SS19,long sleeve,0.0,0.0,0.020583189219945126
5218,109,SS19,long sleeve,0.0377358490566037,0.0,0.010291590198602478
5271,12,SS19,long sleeve,0.0,0.0,0.006876068585419955
5244,7,SS19,long sleeve,0.0754716981132075,0.1132075471698113,0.0583190344640686
5223,68,SS19,gitana skirt,0.0,0.0377358490566037,0.013722121928122083
5223,69,SS19,gitana skirt,0.0,0.0,0.012006860442397507
5256,25,SS19,long sleeve,0.0,0.0,0.010291590197627628
5268,28,SS19,printed shirt,0.0,0.0,0.02058318539779679
5244,62,SS19,long sleeve,0.0,0.1320754716981132,0.03602058354387727
5244,45,SS19,long sleeve,0.0,0.0566037735849056,0.041166381452969074
5176,16,SS19,jumpsuit,0.0,0.0377358490566037,0.013722121925553908
5234,52,SS19,short sleeves,0.0188679245283018,0.0188679245283018,0.010291590197635465
5244,67,SS19,long sleeve,0.0,0.0377358490566037,0.024013717123769603
5244,85,SS19,long sleeve,0.0754716981132075,0.0377358490566037,0.036903168307997634
5162,6,SS19,long sleeve,0.0,0.0,0.01715265366183597
5271,35,SS19,long sleeve,0.0188679245283018,0.0188679245283018,0.01543738779611492
5268,7,SS19,printed shirt,0.0,0.0,0.03773584405726314
5147,50,SS19,capris,0.0,0.0188679245283018,0.012006856062958768
5271,64,SS19,long sleeve,0.0,0.0,0.00012595768684666494
5234,39,SS19,short sleeves,0.0,0.0,0.012006856061008906
5234,86,SS19,short sleeves,0.0188679245283018,0.0943396226415094,0.01715265365538119
5268,2,SS19,printed shirt,0.0,0.0,0.04288164165333263
5234,60,SS19,short sleeves,0.0,0.0377358490566037,0.025890675595342565
5268,54,SS19,printed shirt,0.0,0.0,0.03259004644085739
5204,74,SS19,culottes,0.0,0.0188679245283018,0.013722121928380791
5176,110,SS19,jumpsuit,0.0,0.0377358490566037,0.015437387799694372
5147,83,SS19,capris,0.0,0.0188679245283018,0.02229845126972478
5329,69,SS19,sleeveless,0.0566037735849056,0.0188679245283018,0.04631217834318562
5329,74,SS19,sleeveless,0.0,0.0,0.02401371711941806
5244,38,SS19,long sleeve,0.0,0.0566037735849056,0.07563633523218088
5329,32,SS19,sleeveless,0.0188679245283018,0.0566037735849056,0.04259698136119599
5329,67,SS19,sleeveless,0.0188679245283018,0.0943396226415094,0.02229845129319605
5329,85,SS19,sleeveless,0.0,0.0188679245283018,0.020583185390122435
5329,107,SS19,sleeveless,0.0,0.0566037735849056,0.018867919523085076
5325,30,SS19,sleeveless,0.0188679245283018,0.0188679245283018,0.020583185392276937
5188,104,SS19,sleeveless,0.0,0.0,0.015437387795688904
5329,36,SS19,sleeveless,0.0,0.1509433962264151,0.039451109867056286
5312,80,SS19,sleeveless,0.0,0.0188679245283018,0.015437387792535413
5325,26,SS19,sleeveless,0.0566037735849056,0.0,0.01372212551007359
5329,61,SS19,sleeveless,0.0188679245283018,0.0188679245283018,0.015437387797410326
5329,43,SS19,sleeveless,0.0377358490566037,0.0,4.1895208476420815e-18
5329,14,SS19,sleeveless,0.0377358490566037,0.0377358490566037,0.03945110992323807
5330,80,SS19,short sleeves,0.0566037735849056,0.0754716981132075,0.022298451269791235
5330,110,SS19,short sleeves,0.0188679245283018,0.0188679245283018,0.010291590197893167
5330,3,SS19,short sleeves,0.1132075471698113,0.0943396226415094,0.02744425369268289
5329,60,SS19,sleeveless,0.0754716981132075,0.0188679245283018,0.010291590197276438
5329,75,SS19,sleeveless,0.0,0.0377358490566037,0.030874780587696583
5329,19,SS19,sleeveless,0.0,0.0566037735849056,0.039451109933060106
5282,82,SS19,long sleeve,0.0,0.0566037735849056,0.01886791952852363
5329,66,SS19,sleeveless,0.0,0.0,0.022298451262034256
5329,94,SS19,sleeveless,0.0188679245283018,0.0377358490566037,0.03773584406590518
5152,80,SS19,capris,0.0,0.0,0.022298456238701747
5329,65,SS19,sleeveless,0.0188679245283018,0.0188679245283018,0.025728983001724725
5121,25,SS19,sleeveless,0.0,0.0188679245283018,0.017152653663199437
5329,31,SS19,sleeveless,0.0377358490566037,0.0754716981132075,0.07106524272860269
5330,76,SS19,short sleeves,0.0,0.0,0.001906183925568881
5268,45,SS19,printed shirt,0.0,0.0,0.04974270511959656
5330,77,SS19,short sleeves,0.0,0.0377358490566037,0.015981417835793727
5330,47,SS19,short sleeves,0.0,0.0,0.0011124807529134424
5329,15,SS19,sleeveless,0.0566037735849056,0.0377358490566037,0.027444248862648915
5329,7,SS19,sleeveless,0.0,0.0,0.027444248873782325
5224,62,SS19,long sleeve,0.0,0.0,0.012006856065266875
5152,56,SS19,capris,0.0188679245283018,0.0188679245283018,0.015437392353680572
5268,1,SS19,printed shirt,0.0,0.0,0.034305312284605385
5290,30,SS19,long sleeve,0.0188679245283018,0.0188679245283018,0.013722121930065001
5329,12,SS19,sleeveless,0.0,0.0,0.09777015278182902
5199,64,SS19,long sleeve,0.0,0.0,0.024013717139770033
5290,12,SS19,long sleeve,0.0566037735849056,0.0,0.027444248857645032
5330,28,SS19,short sleeves,0.0188679245283018,0.0377358490566037,0.01543738779501003
5325,46,SS19,sleeveless,0.0,0.0566037735849056,0.01715265366160373
5224,110,SS19,long sleeve,0.0,0.0188679245283018,0.024013717130397887
5256,95,SS19,long sleeve,0.0,0.0,0.008576324329698284
5329,101,SS19,sleeveless,0.0,0.0188679245283018,0.02401371712718518
5329,20,SS19,sleeveless,0.0,0.0,4.189520972499531e-18
5325,8,SS19,sleeveless,0.0,0.0188679245283018,0.011342873193217768
5244,90,SS19,long sleeve,0.0566037735849056,0.0377358490566037,0.029159514726671214
5180,84,SS19,long dress,0.0188679245283018,0.0188679245283018,0.0188679195297216
5329,68,SS19,sleeveless,0.0,0.0566037735849056,0.029159514716635516
5329,76,SS19,sleeveless,0.0188679245283018,0.1320754716981132,0.027444248862875952
5329,45,SS19,sleeveless,0.0188679245283018,0.0566037735849056,0.022298451264003722
5329,33,SS19,sleeveless,0.0188679245283018,0.0188679245283018,0.020583185395418747
5188,81,SS19,sleeveless,0.0,0.0,0.003556746921119449
5312,7,SS19,sleeveless,0.0,0.0,0.024013717123490565
5325,59,SS19,sleeveless,0.0,0.0188679245283018,0.010291594004626326
5244,59,SS19,long sleeve,0.0188679245283018,0.0566037735849056,0.029159520011242678
5201,12,SS19,long dress,0.0,0.0,0.020583185395420287
5330,2,SS19,short sleeves,0.0188679245283018,0.0188679245283018,0.008576324331666758
5329,56,SS19,sleeveless,0.0,0.0188679245283018,0.02572898298235788
5329,99,SS19,sleeveless,0.0,0.0,1.2485745188166066e-25
5329,5,SS19,sleeveless,0.0,0.0188679245283018,0.024190583651119504
5329,3,SS19,sleeveless,0.0,0.0,0.03430531240843444
5261,18,SS19,solid color top,0.0,0.0,0.020583185396556642
5329,110,SS19,sleeveless,0.0566037735849056,0.0377358490566037,0.025728982992962782
5329,9,SS19,sleeveless,0.0,0.0566037735849056,0.03087478061175921
5282,90,SS19,long sleeve,0.0,0.0188679245283018,0.013722121930912774
5329,80,SS19,sleeveless,0.0,0.0,1.2485745281192125e-25
5330,10,SS19,short sleeves,0.0,0.0377358490566037,0.018867919529865298
5330,31,SS19,short sleeves,0.0188679245283018,0.0377358490566037,0.031163633853486528
5282,46,SS19,long sleeve,0.0188679245283018,0.0,0.015437387797486678
5330,94,SS19,short sleeves,0.0377358490566037,0.0188679245283018,0.018867924944860278
5329,50,SS19,sleeveless,0.0188679245283018,0.0,0.01029159019888521
5247,22,SS19,long sleeve,0.0,0.0377358490566037,0.02058318539851689
4209,48,SS19,culottes,0.0,0.0,0.013722121929313973
5195,62,SS19,long sleeve,0.0,0.0,0.005329407228260582
5113,32,SS19,culottes,0.0,0.0,0.013722121927659755
5248,10,SS19,long sleeve,0.0,0.0,0.027444248856740558
5248,54,SS19,long sleeve,0.0,0.0,9.302605014398681e-34
5329,18,SS19,sleeveless,0.0,0.0188679245283018,0.03602057819099117
5296,100,SS19,culottes,0.0,0.0,0.013722121928892925
5296,8,SS19,culottes,0.0,0.0,0.015437387796453844
5296,4,SS19,culottes,0.0,0.0,0.015437387789470193
5329,0,SS19,sleeveless,0.0,0.0377358490566037,0.013722121929951479
5329,59,SS19,sleeveless,0.0,0.0566037735849056,0.020583185401071694
5117,26,SS19,sleeveless,0.0,0.0,0.013722121928004762
5195,46,SS19,long sleeve,0.0,0.0188679245283018,0.018867919530642548
5329,63,SS19,sleeveless,0.0,0.0566037735849056,0.025728982996113044
5215,40,SS19,jumpsuit,0.0377358490566037,0.0,0.012006856061710237
5211,59,SS19,culottes,0.0188679245283018,0.0,0.010291590197675437
5329,21,SS19,sleeveless,0.0,0.0377358490566037,0.020583185389244935
5329,57,SS19,sleeveless,0.0,0.0377358490566037,0.025728982998146126
5329,104,SS19,sleeveless,0.0188679245283018,0.0188679245283018,0.024013717122940047
5329,64,SS19,sleeveless,0.0,0.0377358490566037,0.012006856063897165
5222,30,SS19,culottes,0.0,0.0188679245283018,0.018867916903431196
5329,41,SS19,sleeveless,0.0377358490566037,0.0,0.024013717128864423
5247,64,SS19,long sleeve,0.0,0.0188679245283018,0.022298451258483735
5232,18,SS19,sleeveless,0.0,0.0,5.884061706845077e-14
5247,41,SS19,long sleeve,0.0,0.0188679245283018,0.0257289829973656
5206,22,SS19,shorts,0.0,0.0,0.01200685606406091
5233,29,SS19,long sleeve,0.0,0.0,0.001514756374647616
5233,57,SS19,long sleeve,0.0,0.0,0.029159514720853572
5233,63,SS19,long sleeve,0.0,0.0,0.022298451256194025
5329,100,SS19,sleeveless,0.0,0.0,0.027444248855883282
5222,60,SS19,culottes,0.0,0.0188679245283018,0.017152653660870723
5247,104,SS19,long sleeve,0.0,0.0188679245283018,0.0102915901969879
5188,66,SS19,sleeveless,0.0,0.0,0.01029159019700135
5308,9,SS19,culottes,0.0,0.0188679245283018,0.015384199661492983
5172,72,SS19,jumpsuit,0.0,0.0,0.010291590197158276
5248,61,SS19,long sleeve,0.0,0.0,0.00276192984527356
5308,19,SS19,culottes,0.0188679245283018,0.0377358490566037,0.012006856063663033
5195,21,SS19,long sleeve,0.0,0.0,0.020583185399297006
5172,61,SS19,jumpsuit,0.0,0.0,0.001097397078316789
5329,26,SS19,sleeveless,0.0,0.0566037735849056,0.034305312331378644
5262,69,SS19,culottes,0.0,0.0,0.020583185392865924
5329,46,SS19,sleeveless,0.0,0.0,0.03773584407385821
5195,100,SS19,long sleeve,0.0,0.0,0.012006860433544115
5262,53,SS19,culottes,0.0,0.0,0.0120068560630614
5329,90,SS19,sleeveless,0.0,0.0377358490566037,0.03535334680083277
5248,42,SS19,long sleeve,0.0,0.0,0.012006856063366355
5188,15,SS19,sleeveless,0.0,0.0,0.0016247303013066708
5196,7,SS19,culottes,0.0188679245283018,0.0,0.025728982989217775
5196,49,SS19,culottes,0.0188679245283018,0.0188679245283018,0.01715265366257724
5308,84,SS19,culottes,0.0188679245283018,0.0,0.013722121927372474
5308,65,SS19,culottes,0.0,0.0188679245283018,0.018867922594920213
5308,49,SS19,culottes,0.0188679245283018,0.0,0.013722121926977755
5248,22,SS19,long sleeve,0.0,0.0,0.005987562770619669
5248,33,SS19,long sleeve,0.0188679245283018,0.0,0.01200685607098303
5113,63,SS19,culottes,0.0566037735849056,0.0188679245283018,0.008576324331424546
5247,102,SS19,long sleeve,0.0377358490566037,0.0188679245283018,0.015437387794878405
5148,23,SS19,sleeveless,0.0,0.0,0.02744424886249051
5248,9,SS19,long sleeve,0.0377358490566037,0.0188679245283018,0.011564966174045791
5262,14,SS19,culottes,0.0,0.0,0.01372212192881861
5117,76,SS19,sleeveless,0.0,0.0188679245283018,0.010380261104100874
5201,50,SS19,long dress,0.0377358490566037,0.0377358490566037,0.013722121929220912
5248,68,SS19,long sleeve,0.0,0.0,0.010291590196642686
5308,3,SS19,culottes,0.0,0.0,0.0188679195344934
5289,45,SS19,short sleeves,0.0,0.0188679245283018,0.010291590197133089
5233,36,SS19,long sleeve,0.0,0.0,0.01886791952605571
5232,19,SS19,sleeveless,0.0,0.0,0.018867919527197692
5206,31,SS19,shorts,0.0188679245283018,0.0,0.010291593681623816
5232,31,SS19,sleeveless,0.0,0.0,0.024013717129354982
5207,42,SS19,doll dress,0.0,0.0,0.018867919528137593
5247,23,SS19,long sleeve,0.0188679245283018,0.0188679245283018,0.017152653662102196
5203,8,SS19,sleeveless,0.0377358490566037,0.0,0.0014778935643323665
5317,19,SS19,short sleeves,0.0,0.0566037735849056,0.051457970988732955
5317,75,SS19,short sleeves,0.0188679245283018,0.0,0.04116637576980974
5317,14,SS19,short sleeves,0.0,0.0377358490566037,0.0222984512593556
5195,22,SS19,long sleeve,0.0,0.0,0.018867919527808374
5317,43,SS19,short sleeves,0.0188679245283018,0.0188679245283018,0.022097088963717277
5317,39,SS19,short sleeves,0.0188679245283018,0.0566037735849056,0.029159517327701362
5317,73,SS19,short sleeves,0.0,0.0,0.00028631957243365256
5317,66,SS19,short sleeves,0.0,0.0377358490566037,0.01543738779664465
5222,8,SS19,culottes,0.0,0.0,0.0120068560597887
5317,3,SS19,short sleeves,0.0188679245283018,0.0754716981132075,0.044596907531217984
5317,33,SS19,short sleeves,0.0,0.0188679245283018,0.03087478059286258
5317,22,SS19,short sleeves,0.0188679245283018,0.0188679245283018,0.008576324331126524
5215,75,SS19,jumpsuit,0.0,0.0188679245283018,0.013722121931872912
5120,85,SS19,solid color top,0.0,0.0188679245283018,0.015437387791091522
5217,18,SS19,sleeveless,0.0,0.0,0.022298451251366924
5317,51,SS19,short sleeves,0.0566037735849056,0.0754716981132075,0.02915951473149523
5317,77,SS19,short sleeves,0.0,0.0,0.03087478058928591
5217,36,SS19,sleeveless,0.0,0.0,0.020583185401486022
5188,2,SS19,sleeveless,0.0,0.0,0.004848105185461879
5317,47,SS19,short sleeves,0.0,0.0,0.022298451267591647
5207,26,SS19,doll dress,0.0,0.0,0.03087478058702734
5217,45,SS19,sleeveless,0.0754716981132075,0.0188679245283018,0.00857632433136619
5317,110,SS19,short sleeves,0.0377358490566037,0.0188679245283018,0.018867919550320054
5233,46,SS19,long sleeve,0.0188679245283018,0.0754716981132075,0.07547169755089952
5296,1,SS19,culottes,0.0,0.0,0.0020899826579462194
5233,12,SS19,long sleeve,0.0,0.0,0.011521789752268231
5233,35,SS19,long sleeve,0.0188679245283018,0.0188679245283018,0.02572898298930291
5233,69,SS19,long sleeve,0.0,0.0,0.01886791953035702
5233,85,SS19,long sleeve,0.0377358490566037,0.0188679245283018,0.015437387800979273
5233,20,SS19,long sleeve,0.0,0.0754716981132075,0.0754716978320535
5233,51,SS19,long sleeve,0.0,0.0377358490566037,0.030874780599769485
5233,22,SS19,long sleeve,0.0188679245283018,0.0188679245283018,0.02915951472742735
5206,39,SS19,shorts,0.0,0.0188679245283018,0.010291590196657317
5233,13,SS19,long sleeve,0.0188679245283018,0.0566037735849056,0.015437387791601176
5289,36,SS19,short sleeves,0.0,0.0377358490566037,0.015437387795569784
5195,60,SS19,long sleeve,0.0,0.0754716981132075,0.017152653660746312
5326,18,SS19,shorts,0.0,0.0,0.013722121928761571
5222,3,SS19,culottes,0.0,0.0,0.015437391840206035
5233,56,SS19,long sleeve,0.0,0.0,0.027444248863061918
5233,2,SS19,long sleeve,0.0188679245283018,0.0,0.015437387796058718
5326,41,SS19,shorts,0.0,0.0,0.012006856064342595
5222,16,SS19,culottes,0.0,0.0,1.7383628636095714e-16
5317,12,SS19,short sleeves,0.0,0.0566037735849056,0.053173236848053564
5317,65,SS19,short sleeves,0.0,0.0754716981132075,0.025728982998109412
5233,5,SS19,long sleeve,0.0188679245283018,0.0377358490566037,0.03602058392712806
5233,3,SS19,long sleeve,0.0,0.0,0.02915951472285941
5233,80,SS19,long sleeve,0.0,0.0188679245283018,0.03736098299948283
5233,39,SS19,long sleeve,0.0,0.0,0.020583185386461735
5233,43,SS19,long sleeve,0.0,0.0188679245283018,0.02744424885877644
5233,94,SS19,long sleeve,0.0188679245283018,0.0,0.013722121925624926
5233,31,SS19,long sleeve,0.0,0.0,0.024013717123226124
5233,7,SS19,long sleeve,0.0188679245283018,0.0188679245283018,0.012006856065988227
5233,10,SS19,long sleeve,0.0,0.0,0.029159514738158043
5317,2,SS19,short sleeves,0.0188679245283018,0.0188679245283018,0.01543738779530895
5308,99,SS19,culottes,0.0377358490566037,0.0188679245283018,0.020583185391744488
5308,56,SS19,culottes,0.0,0.0188679245283018,0.013722121929055637
5308,50,SS19,culottes,0.0188679245283018,0.0377358490566037,0.01200685606464609
5246,59,SS19,long sleeve,0.0,0.0,0.018867919528360762
5247,16,SS19,long sleeve,0.0,0.0377358490566037,0.03430531233653522
5188,22,SS19,sleeveless,0.0,0.0,2.8115398060005626e-10
5267,31,SS19,solid color top,0.0,0.0566037735849056,0.01886791952879405
5246,90,SS19,long sleeve,0.0,0.0188679245283018,0.027444248863754652
5276,12,SS19,sleeveless,0.0,0.0,0.02572898299817398
5246,40,SS19,long sleeve,0.0,0.0943396226415094,0.03945110993235257
5246,74,SS19,long sleeve,0.0,0.0566037735849056,0.03259004644778487
5246,53,SS19,long sleeve,0.0377358490566037,0.0,0.03087478058760458
5246,67,SS19,long sleeve,0.0,0.0,0.024013717119682317
5158,36,SS19,solid color top,0.0188679245283018,0.0377358490566037,0.012006856064807317
5246,82,SS19,long sleeve,0.0377358490566037,0.0566037735849056,0.04116637579100013
5246,42,SS19,long sleeve,0.0377358490566037,0.0188679245283018,0.029159514723839382
5246,63,SS19,long sleeve,0.0,0.0188679245283018,0.030858421471715074
5196,6,SS19,culottes,0.0188679245283018,0.0,0.015437387795341817
5246,77,SS19,long sleeve,0.0,0.0,0.039451109905238785
5247,50,SS19,long sleeve,0.0188679245283018,0.0188679245283018,0.032590046458241644
5153,28,SS19,sleeveless,0.0,0.0,0.017152653641117777
5246,45,SS19,long sleeve,0.0377358490566037,0.0188679245283018,0.020775202786062288
5246,117,SS19,long sleeve,0.0,0.0,0.025728983002277873
5308,100,SS19,culottes,0.0,0.0,0.012006859690446594
5330,69,SS19,short sleeves,0.0,0.0566037735849056,0.054982005345670104
5308,63,SS19,culottes,0.0,0.0188679245283018,0.015437387795479086
5308,59,SS19,culottes,0.0,0.0377358490566037,0.012006856064196174
5246,28,SS19,long sleeve,0.0,0.0377358490566037,0.017152653663253643
5330,46,SS19,short sleeves,0.0,0.0,0.006225932946119288
5131,50,SS19,doll dress,0.0,0.0188679245283018,0.013722121933436651
5246,80,SS19,long sleeve,0.0,0.0,2.4971490841462413e-25
5188,49,SS19,sleeveless,0.0,0.0,0.018867922754174735
5269,15,SS19,culottes,0.0188679245283018,0.0,0.013722121931684749
5261,63,SS19,solid color top,0.0,0.0377358490566037,0.01372212193092842
5261,41,SS19,solid color top,0.0188679245283018,0.0188679245283018,0.013722121929429882
5199,75,SS19,long sleeve,0.0,0.0566037735849056,0.03087478059301267
5175,26,SS19,jumpsuit,0.0,0.0,0.00747928221835625
5268,66,SS19,printed shirt,0.0,0.0377358490566037,0.0771869589618765
5269,90,SS19,culottes,0.0,0.0377358490566037,0.02058318820968446
5196,61,SS19,culottes,0.0,0.0188679245283018,0.011957899173928758
5196,27,SS19,culottes,0.0188679245283018,0.0,0.010291590197282227
5192,80,SS19,sleeveless,0.0,0.0,0.0007569032132615092
5247,73,SS19,long sleeve,0.0,0.0188679245283018,0.015437387794159952
5199,31,SS19,long sleeve,0.0,0.0,0.02401372033856663
5196,20,SS19,culottes,0.0188679245283018,0.0377358490566037,0.012006856062926351
5269,2,SS19,culottes,0.0,0.0,0.01715265365394999
5312,40,SS19,sleeveless,0.0,0.0188679245283018,0.022298451260936235
5267,2,SS19,solid color top,0.0188679245283018,0.0566037735849056,0.020583185396365847
5247,110,SS19,long sleeve,0.0188679245283018,0.0377358490566037,0.02915935585524462
5188,51,SS19,sleeveless,0.0,0.0,0.015437387795147774
5246,23,SS19,long sleeve,0.0,0.0,0.025728986644672137
5269,20,SS19,culottes,0.0,0.0,0.008650412076000234
5269,38,SS19,culottes,0.0188679245283018,0.0,6.242872547569991e-26
5246,64,SS19,long sleeve,0.0,0.1509433962264151,0.049742705135350646
5269,93,SS19,culottes,0.0,0.0,0.006558557396833518
4209,76,SS19,culottes,0.0,0.0,0.012006856065918909
5269,39,SS19,culottes,0.0188679245283018,0.0,0.013722121929812148
5156,24,SS19,solid color top,0.0,0.0,0.01715265366426332
5330,59,SS19,short sleeves,0.0,0.0377358490566037,0.012006856062369621
5276,53,SS19,sleeveless,0.0188679245283018,0.0,0.01029159391562106
5246,86,SS19,long sleeve,0.0,0.0188679245283018,0.012006856063043934
5308,36,SS19,culottes,0.0,0.0,0.015437387798948248
5317,8,SS19,short sleeves,0.0188679245283018,0.0,0.0016634537742906995
5308,72,SS19,culottes,0.0,0.0566037735849056,0.04111845115924069
5317,0,SS19,short sleeves,0.0,0.0,0.013722127342744557
5308,45,SS19,culottes,0.0188679245283018,0.0,0.012006856062607669
5308,52,SS19,culottes,0.0,0.0188679245283018,0.015437387797680616
5317,18,SS19,short sleeves,0.0,0.0188679245283018,0.027444248889632365
5247,67,SS19,long sleeve,0.0,0.0,0.01200685606562778
5211,80,SS19,culottes,0.0,0.0,6.242872640596043e-26
5211,3,SS19,culottes,0.0188679245283018,0.0188679245283018,0.02229845605614582
5317,81,SS19,short sleeves,0.0,0.0,0.013722121929577101
5256,54,SS19,long sleeve,0.0,0.0188679245283018,0.02058318539644091
5112,23,SS19,doll dress,0.0,0.0,0.012006856063182305
5317,29,SS19,short sleeves,0.0,0.0,0.003412873033680932
5326,66,SS19,shorts,0.0566037735849056,0.0,0.00857632433054322
5317,72,SS19,short sleeves,0.0377358490566037,0.0377358490566037,0.013722121930065811
5317,83,SS19,short sleeves,0.0188679245283018,0.0377358490566037,0.017152653663606604
5215,4,SS19,jumpsuit,0.0377358490566037,0.0377358490566037,0.010291590199721697
5248,21,SS19,long sleeve,0.0188679245283018,0.0377358490566037,0.037735847506565764
5105,10,SS19,doll dress,0.0188679245283018,0.0188679245283018,0.012006856059171853
5248,95,SS19,long sleeve,0.0,0.0,0.01372212193166508
5188,56,SS19,sleeveless,0.0,0.0,0.0024661493601059637
4231,46,SS19,sleeveless,0.0566037735849056,0.0,0.008576324330247985
4231,16,SS19,sleeveless,0.0188679245283018,0.0188679245283018,0.008576324333014043
4231,65,SS19,sleeveless,0.0188679245283018,0.0188679245283018,0.010193104683029544
5247,4,SS19,long sleeve,0.0,0.0754716981132075,0.0428816416790623
5248,40,SS19,long sleeve,0.0188679245283018,0.0,0.006861064639856426
5248,74,SS19,long sleeve,0.0,0.0,0.024013717114987183
5317,67,SS19,short sleeves,0.0188679245283018,0.0943396226415094,0.017152653670776997
5267,18,SS19,solid color top,0.0,0.0377358490566037,0.022298451267714767
5215,59,SS19,jumpsuit,0.0,0.0188679245283018,0.015437387797627348
5268,48,SS19,printed shirt,0.0,0.0188679245283018,0.034305312231343456
5267,48,SS19,solid color top,0.0,0.0,0.010291590197180258
5246,48,SS19,long sleeve,0.0,0.0,0.015437387793012744
5247,68,SS19,long sleeve,0.0,0.0,0.02572898300210398
5246,19,SS19,long sleeve,0.0,0.0566037735849056,0.03602057819690537
5246,66,SS19,long sleeve,0.0,0.0,0.01886791952847872
5268,26,SS19,printed shirt,0.0,0.0,0.032590046452968126
5330,104,SS19,short sleeves,0.0377358490566037,0.0188679245283018,0.01029159019668674
5267,86,SS19,solid color top,0.0,0.0188679245283018,0.02294055349805564
5196,60,SS19,culottes,0.0377358490566037,0.0188679245283018,0.024013717122524467
5246,31,SS19,long sleeve,0.0,0.0,4.189520910070808e-18
5268,90,SS19,printed shirt,0.0,0.0,0.025728982995636977
5312,18,SS19,sleeveless,0.0,0.0188679245283018,0.030874780582154582
5267,39,SS19,solid color top,0.0188679245283018,0.0377358490566037,0.03411609149926681
5312,57,SS19,sleeveless,0.0,0.0377358490566037,0.026995785396169193
5256,40,SS19,long sleeve,0.0188679245283018,0.0,0.00046091679519463916
5202,0,SS19,long sleeve,0.0188679245283018,0.0,0.008576324330398656
5276,46,SS19,sleeveless,0.0,0.0188679245283018,0.013722121929376994
5267,3,SS19,solid color top,0.0,0.0188679245283018,0.030874780589649545
5267,22,SS19,solid color top,0.0,0.0,0.01886791952562189
5194,93,SS19,long sleeve,0.0,0.0188679245283018,0.013722121930453027
5268,0,SS19,printed shirt,0.0,0.0,0.005659408821231501
5268,8,SS19,printed shirt,0.0,0.0,0.029159514730426803
5207,21,SS19,doll dress,0.0,0.0,0.00015988156665944559
5267,82,SS19,solid color top,0.0188679245283018,0.0,0.01715265366207447
4210,64,SS19,culottes,0.0377358490566037,0.0,0.010291590196786224
5256,9,SS19,long sleeve,0.0,0.0,0.0023963390785251824
5194,60,SS19,long sleeve,0.0188679245283018,0.0188679245283018,0.005145792603123881
5267,36,SS19,solid color top,0.0,0.0188679245283018,0.02401371712752274
5232,100,SS19,sleeveless,0.0,0.0188679245283018,0.015437387797276986
4209,60,SS19,culottes,0.0,0.0,0.013722121930460103
5329,49,SS19,sleeveless,0.0,0.0188679245283018,0.012006856064440026
5310,7,SS19,short sleeves,0.0,0.0188679245283018,0.013722121929396498
5288,30,SS19,solid color top,0.0,0.0,0.02744424885435301
5277,67,SS19,culottes,0.0566037735849056,0.0,0.008685407650537142
5277,0,SS19,culottes,0.0,0.0943396226415094,0.02572898299765374
5302,13,SS19,sleeveless,0.0188679245283018,0.0,0.004249755203287305
5302,117,SS19,sleeveless,0.0,0.0,0.01543739192465873
5302,33,SS19,sleeveless,0.0,0.0,0.013722121929251055
5277,102,SS19,culottes,0.0377358490566037,0.0,0.012006856060750451
5277,64,SS19,culottes,0.0377358490566037,0.0188679245283018,0.025728982985403208
5161,26,SS19,patterned top,0.0,0.0,0.010291590197326202
5161,36,SS19,patterned top,0.0,0.0,0.006073331499634783
5161,83,SS19,patterned top,0.0,0.0377358490566037,0.015437392769398438
5161,107,SS19,patterned top,0.0,0.0,0.010291590197380263
5302,26,SS19,sleeveless,0.0,0.0,0.01543738779767349
5161,20,SS19,patterned top,0.0,0.0,0.018867919524887835
5277,61,SS19,culottes,0.0,0.0377358490566037,0.017152653662544856
5161,45,SS19,patterned top,0.0,0.0,0.01543738779663683
5254,18,SS19,long dress,0.0,0.0188679245283018,0.009298832338445707
5161,19,SS19,patterned top,0.0188679245283018,0.0377358490566037,0.015437387796513387
5161,15,SS19,patterned top,0.0,0.0,2.7907815181815754e-33
5161,12,SS19,patterned top,0.0,0.0,0.0343053123196758
5161,2,SS19,patterned top,0.0,0.0,0.02229845125326414
5254,47,SS19,long dress,0.0,0.0,0.00018154733598305033
5254,12,SS19,long dress,0.0,0.0,0.0005023449495488984
5305,77,SS19,long dress,0.0,0.0,0.005881750620968905
5316,117,SS19,culottes,0.0,0.0943396226415094,0.03259004647380064
5316,13,SS19,culottes,0.0,0.0,3.1214362737850094e-25
5305,47,SS19,long dress,0.0,0.0,0.008895855828353054
5316,3,SS19,culottes,0.0,0.0754716981132075,0.07498976540715516
5316,43,SS19,culottes,0.0,0.0754716981132075,0.08404802244453671
5161,22,SS19,patterned top,0.0,0.0,0.004330709513631464
5316,86,SS19,culottes,0.0,0.0,0.03945110992336148
5277,101,SS19,culottes,0.0188679245283018,0.0377358490566037,0.017152653666805347
5305,76,SS19,long dress,0.0,0.0,0.003547671729450783
5293,22,SS19,solid color top,0.0,0.0188679245283018,0.012006856064840105
4197,109,SS19,printed shirt,0.0,0.0,0.010291590197898545
5266,51,SS19,sleeveless,0.0566037735849056,0.0566037735849056,0.013722121934034444
5122,104,SS19,solid color top,0.0,0.0,0.02572898300635633
5122,21,SS19,solid color top,0.0,0.0,0.02229845533697231
5266,10,SS19,sleeveless,0.0754716981132075,0.0188679245283018,0.012006856064632794
5273,22,SS19,sleeveless,0.0754716981132075,0.0377358490566037,0.010291590194748282
5122,53,SS19,solid color top,0.0,0.0,0.024013717123453952
5273,19,SS19,sleeveless,0.0,0.0377358490566037,0.018867919524503302
5122,38,SS19,solid color top,0.0,0.0,0.025728982990721412
5324,40,SS19,long sleeve,0.0188679245283018,0.0188679245283018,0.015437387795903923
5324,47,SS19,long sleeve,0.0,0.0,0.005293165732937197
5324,22,SS19,long sleeve,0.0,0.0188679245283018,0.012006856064751442
5277,24,SS19,culottes,0.0,0.0,0.025728982990440158
5324,33,SS19,long sleeve,0.0,0.0,0.010291590196477901
5305,33,SS19,long dress,0.0,0.0,0.036020578182392265
5305,22,SS19,long dress,0.0,0.0,0.0445969122075137
5324,110,SS19,long sleeve,0.0,0.0,0.022298451255806068
5324,80,SS19,long sleeve,0.0,0.0,0.01886791952351741
5324,65,SS19,long sleeve,0.0188679245283018,0.0377358490566037,0.0319368233397007
5293,3,SS19,solid color top,0.0,0.0188679245283018,0.015437387800205482
5277,62,SS19,culottes,0.0,0.0566037735849056,0.01336067230245715
5277,31,SS19,culottes,0.0754716981132075,0.0566037735849056,0.036020578185591984
5324,7,SS19,long sleeve,0.0,0.0,0.01543738779413352
5324,12,SS19,long sleeve,0.0,0.0,0.02401371713694259
5293,15,SS19,solid color top,0.0188679245283018,0.0377358490566037,0.01886791952976393
5277,39,SS19,culottes,0.0566037735849056,0.0188679245283018,0.027444248859929313
5277,28,SS19,culottes,0.0566037735849056,0.0754716981132075,0.022298451249467596
5305,93,SS19,long dress,0.0,0.0,6.242872826648141e-26
5316,79,SS19,culottes,0.0377358490566037,0.0566037735849056,0.02915951887554027
5309,8,SS19,sleeveless,0.0377358490566037,0.0754716981132075,0.05145797098560641
5293,2,SS19,solid color top,0.0,0.0377358490566037,0.012006856068521296
5309,33,SS19,sleeveless,0.0377358490566037,0.0,0.058319034448262454
5275,26,SS19,gitana skirt,0.0,0.0,0.015437387794045711
5255,19,SS19,gitana skirt,0.0,0.0,0.010291594900253135
5255,94,SS19,gitana skirt,0.0,0.0566037735849056,0.015437387794309476
5314,36,SS19,gitana skirt,0.0,0.0,4.189520910070805e-18
5316,2,SS19,culottes,0.0,0.0,2.8115398060005657e-10
5314,82,SS19,gitana skirt,0.0,0.0,0.015437387795066017
5316,62,SS19,culottes,0.0,0.0566037735849056,0.05660377330375161
5314,3,SS19,gitana skirt,0.0188679245283018,0.0566037735849056,0.017152653660609682
5314,73,SS19,gitana skirt,0.0,0.0,0.0013921216736765313
5314,80,SS19,gitana skirt,0.0,0.0,0.008882177000652114
5314,66,SS19,gitana skirt,0.0188679245283018,0.0188679245283018,0.012006856060347652
5314,2,SS19,gitana skirt,0.0188679245283018,0.0,0.010291590197881338
5309,22,SS19,sleeveless,0.0,0.0566037735849056,0.058319034475824955
5270,41,SS19,long dress,0.0,0.0,0.024013722211645484
5253,82,SS19,long dress,0.0188679245283018,0.0377358490566037,0.05317323685339392
5309,117,SS19,sleeveless,0.0,0.1320754716981132,0.03602057818492237
5309,13,SS19,sleeveless,0.0,0.0188679245283018,0.06346483894986477
5309,3,SS19,sleeveless,0.0,0.0377358490566037,0.07890222484186334
5309,43,SS19,sleeveless,0.0188679245283018,0.0566037735849056,0.07547169306607174
5309,86,SS19,sleeveless,0.0377358490566037,0.0377358490566037,0.05660376858731498
5309,14,SS19,sleeveless,0.1132075471698113,0.1132075471698113,0.060034300314905406
5253,50,SS19,long dress,0.0,0.0,0.04974270507870661
5253,84,SS19,long dress,0.0188679245283018,0.0,0.02058318539676869
5253,49,SS19,long dress,0.0,0.0377358490566037,0.030874780581710465
5309,19,SS19,sleeveless,0.0,0.0188679245283018,0.10120068110501507
5309,66,SS19,sleeveless,0.0,0.0,0.036020578180225936
5309,65,SS19,sleeveless,0.0377358490566037,0.0754716981132075,0.04459690752497782
5270,64,SS19,long dress,0.0,0.0,0.03087478057511576
5309,52,SS19,sleeveless,0.0,0.0188679245283018,0.04459690751621311
5309,76,SS19,sleeveless,0.0,0.0566037735849056,0.06346483202447008
5316,10,SS19,culottes,0.0377358490566037,0.1132075471698113,0.05317323683451844
5275,85,SS19,gitana skirt,0.0377358490566037,0.0188679245283018,0.01200685606384938
5255,14,SS19,gitana skirt,0.0,0.0188679245283018,0.013722121932660031
5253,57,SS19,long dress,0.0,0.0,0.024013717127336635
5253,59,SS19,long dress,0.0,0.0,0.039451109920354645
5309,18,SS19,sleeveless,0.0,0.0,0.0754716929887697
5274,83,SS19,sleeveless,0.0188679245283018,0.0,0.012006856065855585
5274,76,SS19,sleeveless,0.0,0.0188679245283018,0.0154373877972894
5309,46,SS19,sleeveless,0.0,0.0,8.379042007427815e-18
5309,26,SS19,sleeveless,0.0,0.0,0.05488850273228346
5309,81,SS19,sleeveless,0.0188679245283018,0.0188679245283018,0.056603768661906695
5274,39,SS19,sleeveless,0.0,0.0,0.017152653661639705
5316,19,SS19,culottes,0.0,0.0188679245283018,0.051457970956928625
5274,60,SS19,sleeveless,0.0377358490566037,0.0,0.010291590198029024
5274,19,SS19,sleeveless,0.0,0.0,0.00016284372830936976
5274,15,SS19,sleeveless,0.0,0.0,0.013722121931652807
5309,74,SS19,sleeveless,0.0,0.0,0.004850633644070571
5309,53,SS19,sleeveless,0.0,0.1132075471698113,0.0686106341095967
5309,32,SS19,sleeveless,0.0188679245283018,0.0566037735849056,0.029159514722543273
5309,67,SS19,sleeveless,0.0,0.0188679245283018,0.05145797099415005
5309,85,SS19,sleeveless,0.0,0.0,0.03259004647423383
5316,66,SS19,culottes,0.0,0.0,0.025728983008550914
5316,65,SS19,culottes,0.0,0.0566037735849056,0.03773585006590063
5253,4,SS19,long dress,0.0,0.0,0.03259004645372394
5275,36,SS19,gitana skirt,0.0,0.0,0.017152653655967125
5253,0,SS19,long dress,0.0188679245283018,0.0188679245283018,0.016449573967291915
5291,24,SS19,solid color top,0.0566037735849056,0.0566037735849056,0.013722121928761061
5309,20,SS19,sleeveless,0.0,0.0188679245283018,0.07032589553742756
5169,0,SS19,jumpsuit,0.0188679245283018,0.0188679245283018,0.012006856063265835
3929,11,SS19,printed shirt,0.0,0.0,0.012006856064785965
5298,2,SS19,long cardigan,0.0,0.0754716981132075,0.049742705117846626
5305,20,SS19,long dress,0.0,0.0,0.027444254519263165
5324,29,SS19,long sleeve,0.0188679245283018,0.0,0.01543738779069816
5298,10,SS19,long cardigan,0.0,0.0,0.01359744369219503
5275,75,SS19,gitana skirt,0.0,0.0,0.017152653661277013
5275,19,SS19,gitana skirt,0.0,0.0,0.02744424884877468
5322,15,SS19,long dress,0.0,0.0,0.04459691166872254
5275,2,SS19,gitana skirt,0.0566037735849056,0.0188679245283018,0.008576324330945453
5322,2,SS19,long dress,0.0,0.0,0.04802743925868207
5322,54,SS19,long dress,0.0188679245283018,0.0188679245283018,0.017152653664199588
5278,36,SS19,long sleeve,0.0,0.0,0.01192442491074785
5322,30,SS19,long dress,0.0,0.0,0.00025000535588140207
5323,36,SS19,drop sleeve,0.0,0.0188679245283018,0.02401371712182261
5278,67,SS19,long sleeve,0.0,0.0,0.012006856063803549
5278,109,SS19,long sleeve,0.0,0.0377358490566037,0.01200685606205039
5323,26,SS19,drop sleeve,0.0,0.0188679245283018,0.013722121930060878
5278,51,SS19,long sleeve,0.0188679245283018,0.0188679245283018,0.018867924528301796
5322,31,SS19,long dress,0.0,0.0188679245283018,0.042140908591270336
5323,46,SS19,drop sleeve,0.0377358490566037,0.0188679245283018,0.012006856064263568
5278,76,SS19,long sleeve,0.0,0.0377358490566037,0.012006856062881998
5323,8,SS19,drop sleeve,0.0,0.0,0.012006856068852538
5278,22,SS19,long sleeve,0.0,0.0,6.242872733622089e-26
5278,33,SS19,long sleeve,0.0188679245283018,0.0188679245283018,0.012006856063606807
5323,57,SS19,drop sleeve,0.0,0.0,0.0120068560636823
5285,100,SS19,solid color top,0.0188679245283018,0.0,0.0120068560634184
5228,7,SS19,sleeveless,0.0,0.0,0.013722121931161431
5228,30,SS19,sleeveless,0.0,0.0188679245283018,0.01715265366099105
5285,18,SS19,solid color top,0.0188679245283018,0.0,0.008576324331694096
5285,90,SS19,solid color top,0.0,0.0,0.010291590197350462
5227,10,SS19,sleeveless,0.0,0.0,0.00021559138787470106
5227,30,SS19,sleeveless,0.0,0.0,0.010769844184570198
5285,82,SS19,solid color top,0.0,0.0,0.015437387797078322
5228,36,SS19,sleeveless,0.0,0.0566037735849056,0.017152653658411315
5298,40,SS19,long cardigan,0.0188679245283018,0.0188679245283018,0.02401371712913302
5305,110,SS19,long dress,0.0,0.0,0.01886792466913153
5322,66,SS19,long dress,0.0,0.0,0.024013717130882132
5322,3,SS19,long dress,0.0,0.0,0.06174956630784274
4233,41,SS19,solid color top,0.0,0.0,0.012006856069819138
5322,110,SS19,long dress,0.0188679245283018,0.0188679245283018,0.049742705113053245
5316,76,SS19,culottes,0.0,0.0,0.041166375959731265
5322,9,SS19,long dress,0.0,0.0,0.03945110988606672
5149,46,SS19,capris,0.0,0.0188679245283018,0.010496399992155748
5322,73,SS19,long dress,0.0,0.0,0.06861062970091489
5243,50,SS19,shorts,0.0,0.0,0.010291594027005295
5243,19,SS19,shorts,0.0,0.0,0.01543738779709538
5243,12,SS19,shorts,0.0,0.0,2.772392357500945e-41
5322,43,SS19,long dress,0.0,0.0377358490566037,0.06174956618666195
5322,14,SS19,long dress,0.0377358490566037,0.0,0.03602057820118206
5322,75,SS19,long dress,0.0,0.0,0.04974270511308379
5323,35,SS19,drop sleeve,0.0188679245283018,0.0,0.010291590196473853
5305,48,SS19,long dress,0.0,0.0,0.0240137200326444
5305,43,SS19,long dress,0.0,0.0,0.03087478059383218
5245,90,SS19,culottes,0.0377358490566037,0.0377358490566037,0.023398805931031417
5305,39,SS19,long dress,0.0188679245283018,0.0,0.013722125906630236
5245,0,SS19,culottes,0.0,0.0377358490566037,0.02401371714676696
5298,100,SS19,long cardigan,0.0,0.0188679245283018,0.012006856063726742
5245,44,SS19,culottes,0.0,0.0566037735849056,0.03430531232361078
5305,73,SS19,long dress,0.0,0.0,0.0463121789900799
5316,22,SS19,culottes,0.0,0.0188679245283018,0.09262435176844686
5305,9,SS19,long dress,0.0,0.0,0.0360205781869821
5149,13,SS19,capris,0.0,0.0188679245283018,0.013722121930310433
5298,0,SS19,long cardigan,0.0188679245283018,0.0377358490566037,0.01886791952757029
5316,33,SS19,culottes,0.0188679245283018,0.0,0.061749566199403146
5322,19,SS19,long dress,0.0,0.0,0.014191864804821971
5208,24,SS19,patterned top,0.0,0.0566037735849056,0.022298451275471406
5302,65,SS19,sleeveless,0.0,0.0188679245283018,0.01029159019677606
5302,43,SS19,sleeveless,0.0,0.0,0.006939837705609232
5302,3,SS19,sleeveless,0.0188679245283018,0.0377358490566037,0.013722121931071772
5249,75,SS19,culottes,0.0188679245283018,0.0188679245283018,0.015437387793203345
5249,54,SS19,culottes,0.0188679245283018,0.0,2.9411231363963874e-16
5305,16,SS19,long dress,0.0,0.0,0.0018698710732669814
5251,59,SS19,culottes,0.0188679245283018,0.0188679245283018,0.008576324330945453
5298,79,SS19,long cardigan,0.0377358490566037,0.0188679245283018,0.015437387795351334
5284,20,SS19,long dress,0.0,0.0188679245283018,0.015437387795544013
5284,13,SS19,long dress,0.0,0.0,0.020583185393512025
5284,16,SS19,long dress,0.0,0.0188679245283018,0.010291590197069574
5298,75,SS19,long cardigan,0.0188679245283018,0.0377358490566037,0.01735420869064862
5298,19,SS19,long cardigan,0.0188679245283018,0.0,0.025728982993641472
5250,36,SS19,long dress,0.0188679245283018,0.0188679245283018,0.0171526536605615
5250,40,SS19,long dress,0.0188679245283018,0.0,0.008576324331876318
5298,66,SS19,long cardigan,0.0,0.0,0.03430531232498487
5249,73,SS19,culottes,0.0,0.0,0.012006856064577569
5251,36,SS19,culottes,0.0377358490566037,0.0,0.015437387800178183
5250,14,SS19,long dress,0.0,0.0,0.013722121930390498
5250,19,SS19,long dress,0.0188679245283018,0.0566037735849056,0.024013717125987905
5266,63,SS19,sleeveless,0.0,0.0188679245283018,0.015437387795019594
5266,95,SS19,sleeveless,0.0,0.0377358490566037,0.03773584933775768
5305,13,SS19,long dress,0.0,0.0,0.027444248856999406
5298,94,SS19,long cardigan,0.0,0.0,0.04974270505038444
5266,18,SS19,sleeveless,0.0188679245283018,0.0,0.013722121929225044
5298,65,SS19,long cardigan,0.0,0.0566037735849056,0.03259004646279129
5251,9,SS19,culottes,0.0,0.0754716981132075,0.017152653660746312
5251,80,SS19,culottes,0.0,0.0,0.013722121928426114
5251,43,SS19,culottes,0.0188679245283018,0.0188679245283018,0.008576075853368545
5298,31,SS19,long cardigan,0.0,0.0188679245283018,0.020811291080131772
5298,7,SS19,long cardigan,0.0,0.0377358490566037,0.036471701392025824
5250,3,SS19,long dress,0.0188679245283018,0.0188679245283018,0.010291590193468118
5298,110,SS19,long cardigan,0.0943396226415094,0.0,0.02401371714121358
5298,3,SS19,long cardigan,0.0,0.0377358490566037,0.03945111340792273
5274,104,SS19,sleeveless,0.0,0.0188679245283018,0.00686105846637139
5298,83,SS19,long cardigan,0.0377358490566037,0.0754716981132075,0.02915951472470555
5285,48,SS19,solid color top,0.0,0.0188679245283018,0.012006856062995746
5286,69,SS19,shorts,0.0,0.0,0.03087478059832879
5298,1,SS19,long cardigan,0.0,0.0,0.013722126776686569
5298,68,SS19,long cardigan,0.0188679245283018,0.0,0.025728982997489325
5298,51,SS19,long cardigan,0.0,0.0188679245283018,0.020583185396595115
5275,22,SS19,gitana skirt,0.0188679245283018,0.0188679245283018,0.018867919527644272
5275,76,SS19,gitana skirt,0.0188679245283018,0.0377358490566037,0.010291590196367922
5255,95,SS19,gitana skirt,0.0188679245283018,0.0377358490566037,0.012006856064771585
5255,46,SS19,gitana skirt,0.0,0.0,0.01715265366066682
5275,82,SS19,gitana skirt,0.0,0.0,0.015437387796109482
5298,24,SS19,long cardigan,0.0,0.0,0.01886791953086342
5255,26,SS19,gitana skirt,0.0,0.0,6.242872640596042e-26
4221,27,SS19,culottes,0.0,0.0377358490566037,0.01715265365835413
4203,95,SS19,printed shirt,0.0188679245283018,0.0,0.010291590197483672
5255,68,SS19,gitana skirt,0.0,0.0188679245283018,0.012006856063634242
5255,76,SS19,gitana skirt,0.0,0.0188679245283018,0.01886745334785001
5255,45,SS19,gitana skirt,0.0,0.0188679245283018,0.010291590197519004
5126,48,SS19,culottes,0.0,0.1132075471698113,0.09437181349681623
5298,45,SS19,long cardigan,0.0188679245283018,0.0,0.020583185393232097
5126,32,SS19,culottes,0.0377358490566037,0.0188679245283018,0.017152653660506445
5298,22,SS19,long cardigan,0.0,0.0,0.03945110991596626
5298,33,SS19,long cardigan,0.0,0.0,0.037735844061470666
5249,0,SS19,culottes,0.0,0.0188679245283018,0.015437387797647735
5249,40,SS19,culottes,0.0188679245283018,0.0377358490566037,0.012006861745485544
5298,16,SS19,long cardigan,0.0,0.0,0.036020578182285455
5249,101,SS19,culottes,0.0,0.0377358490566037,0.015437387795554801
5298,5,SS19,long cardigan,0.0,0.0,0.024013717139655267
5249,22,SS19,culottes,0.0,0.0188679245283018,0.013722121929482998
5278,66,SS19,long sleeve,0.0377358490566037,0.0377358490566037,0.010291590194436605
5245,72,SS19,culottes,0.0188679245283018,0.0566037735849056,0.02229845126082807
5309,10,SS19,sleeveless,0.0377358490566037,0.0566037735849056,0.05660377414721358
5309,2,SS19,sleeveless,0.0,0.0,0.04116637578730524
5295,8,SS19,jumpsuit,0.0,0.0,0.025728982992860035
5297,51,SS19,long dress,0.0,0.0,0.058319034451969766
5295,104,SS19,jumpsuit,0.0377358490566037,0.0377358490566037,0.02915951472780904
5295,64,SS19,jumpsuit,0.0,0.0,0.027444248867643208
5295,41,SS19,jumpsuit,0.0188679245283018,0.0188679245283018,0.01886791952886355
5280,28,SS19,solid color top,0.0,0.0,5.528547077650528e-05
5304,2,SS19,long dress,0.0377358490566037,0.0,0.024013717125908045
5279,45,SS19,doll dress,0.0,0.0,0.02572898298976316
5280,31,SS19,solid color top,0.0,0.0,0.020583185392371722
5264,20,SS19,solid color top,0.0,0.0,0.00012595768684666494
5264,45,SS19,solid color top,0.0,0.0,0.007482828690423334
5264,22,SS19,solid color top,0.0,0.0,0.020583185397537278
5235,22,SS19,gitana skirt,0.0188679245283018,0.0188679245283018,0.012006856063414442
5264,31,SS19,solid color top,0.0,0.0,0.017152653627637262
5304,10,SS19,long dress,0.0,0.0,0.01372212193290661
5304,7,SS19,long dress,0.0188679245283018,0.0,0.010291590198243642
5279,16,SS19,doll dress,0.0,0.0377358490566037,0.029159514740983335
5235,110,SS19,gitana skirt,0.0,0.0,0.015437387796121542
5279,3,SS19,doll dress,0.0,0.0566037735849056,0.06346483206262882
5297,67,SS19,long dress,0.0,0.0,0.03087478058710397
5279,73,SS19,doll dress,0.0,0.0188679245283018,0.03945110992105288
5297,69,SS19,long dress,0.0377358490566037,0.0,0.02685530308273087
5264,9,SS19,solid color top,0.0,0.0188679245283018,0.01200685606246128
5304,94,SS19,long dress,0.0,0.0188679245283018,0.015437387795752005
5297,76,SS19,long dress,0.0566037735849056,0.0,0.03259004646104575
5295,36,SS19,jumpsuit,0.0,0.0,0.0096622492463353
5295,28,SS19,jumpsuit,0.0,0.0,0.01372212192910109
5295,16,SS19,jumpsuit,0.0,0.0188679245283018,0.020583185396941685
5295,13,SS19,jumpsuit,0.0188679245283018,0.0,0.032590046421990676
5235,51,SS19,gitana skirt,0.0,0.0188679245283018,0.015437387796990488
5295,33,SS19,jumpsuit,0.0,0.0,0.030874780579408744
5280,36,SS19,solid color top,0.0,0.0,0.0037281877500227765
5295,24,SS19,jumpsuit,0.0,0.0,0.0480274392590453
5280,35,SS19,solid color top,0.0,0.0,9.302605291637912e-34
5295,77,SS19,jumpsuit,0.0188679245283018,0.0188679245283018,0.015437387796572433
5295,1,SS19,jumpsuit,0.0,0.0,0.0006431425878695962
5295,47,SS19,jumpsuit,0.0,0.0188679245283018,0.022298451252536322
5235,39,SS19,gitana skirt,0.0188679245283018,0.0188679245283018,0.0154373877963403
5295,26,SS19,jumpsuit,0.0,0.0377358490566037,0.03773584849429573
5280,53,SS19,solid color top,0.0,0.0,0.006080937673013452
5297,33,SS19,long dress,0.0,0.0188679245283018,0.03259004644268815
5280,101,SS19,solid color top,0.0,0.0,0.015437387796171806
5280,50,SS19,solid color top,0.0,0.0,0.029159514720858017
5197,95,SS19,short sleeves,0.0,0.0,0.010291590196822931
5297,22,SS19,long dress,0.0,0.0,0.039451109938313925
5197,80,SS19,short sleeves,0.0,0.0,0.000570185850278986
5295,82,SS19,jumpsuit,0.0,0.0,0.04459691172060948
5297,52,SS19,long dress,0.0188679245283018,0.0188679245283018,0.030874780591355414
5295,67,SS19,jumpsuit,0.0,0.0,0.00044609934707859887
5295,53,SS19,jumpsuit,0.0188679245283018,0.0188679245283018,0.01853525374111607
5295,81,SS19,jumpsuit,0.0,0.0,0.024013717122184825
5279,47,SS19,doll dress,0.0,0.0,0.015437387798364864
5297,35,SS19,long dress,0.0,0.0188679245283018,0.032590046444165535
5297,81,SS19,long dress,0.0188679245283018,0.0188679245283018,0.025728982993721894
5297,36,SS19,long dress,0.0,0.0,0.05317324028392932
5303,93,SS19,long dress,0.0,0.0,0.010291590197375277
5270,30,SS19,long dress,0.0188679245283018,0.0188679245283018,0.01352782632029971
5297,41,SS19,long dress,0.0,0.0,0.004450168111058063
5093,101,SS19,culottes,0.0,0.0188679245283018,0.017152659721953855
5242,54,SS19,printed shirt,0.0,0.0,0.01886791952829655
5270,19,SS19,long dress,0.0,0.0188679245283018,0.020583185390586237
5303,18,SS19,long dress,0.0,0.0,0.00012595768684666494
5303,45,SS19,long dress,0.0,0.0,0.003480504091761859
5270,75,SS19,long dress,0.0377358490566037,0.0377358490566037,0.03621319979714152
5303,26,SS19,long dress,0.0,0.0,0.017152653664726496
5279,10,SS19,doll dress,0.0,0.0188679245283018,0.042881641651765
5279,49,SS19,doll dress,0.0188679245283018,0.0377358490566037,0.027444248861900795
5270,73,SS19,long dress,0.0,0.0188679245283018,0.018867919528503033
5304,29,SS19,long dress,0.0,0.0,0.013722121928118699
5270,9,SS19,long dress,0.0,0.0188679245283018,0.01736084137946949
5270,56,SS19,long dress,0.0188679245283018,0.0,0.030874780594227873
5270,16,SS19,long dress,0.0,0.0188679245283018,0.013722121929078573
5270,117,SS19,long dress,0.0,0.0,5.342775468350333e-06
5270,50,SS19,long dress,0.0188679245283018,0.0,0.027444254274526302
5310,36,SS19,short sleeves,0.0,0.0,0.00847175774694982
5270,22,SS19,long dress,0.0,0.0188679245283018,0.027444248860396342
5310,18,SS19,short sleeves,0.0,0.0,0.018867919533838973
5303,24,SS19,long dress,0.0,0.0,1.3861961890784353e-41
5270,51,SS19,long dress,0.0188679245283018,0.0188679245283018,0.018867919528418712
5279,65,SS19,doll dress,0.0,0.0,0.03430531232047507
5279,66,SS19,doll dress,0.0188679245283018,0.0754716981132075,0.03259004645751216
5286,80,SS19,shorts,0.0,0.0,4.6513025210613215e-33
5286,81,SS19,shorts,0.0,0.0,0.017152653656725303
5279,7,SS19,doll dress,0.0,0.0,0.03945110994844246
5310,67,SS19,short sleeves,0.0,0.0377358490566037,0.020583185396390626
5297,29,SS19,long dress,0.0,0.0,0.014754297238924439
5310,85,SS19,short sleeves,0.0,0.0188679245283018,0.012006856063018236
5279,39,SS19,doll dress,0.0,0.0188679245283018,0.02572898298756105
5297,26,SS19,long dress,0.0,0.0377358490566037,0.03602057820808941
5297,46,SS19,long dress,0.0,0.0,0.04116637576916455
5279,43,SS19,doll dress,0.0,0.0,0.030874780604618283
5310,2,SS19,short sleeves,0.0,0.0377358490566037,0.01715265366194297
5310,65,SS19,short sleeves,0.0188679245283018,0.0188679245283018,0.013722121930659373
5310,66,SS19,short sleeves,0.0,0.0,0.012006856064892511
5242,117,SS19,printed shirt,0.0,0.0377358490566037,0.015437387802396651
5242,5,SS19,printed shirt,0.0,0.0377358490566037,0.03430531232997572
5297,8,SS19,long dress,0.0,0.0377358490566037,0.03945110991297933
5242,3,SS19,printed shirt,0.0,0.0188679245283018,0.029159514726959834
5242,14,SS19,printed shirt,0.0,0.0,0.017152653660380664
5305,41,SS19,long dress,0.0,0.0,0.0009724652152708653
5297,100,SS19,long dress,0.0188679245283018,0.0188679245283018,0.04631217883285697
5310,14,SS19,short sleeves,0.0,0.0,0.0205831853936661
5304,35,SS19,long dress,0.0,0.0188679245283018,0.025728982992220557
5310,43,SS19,short sleeves,0.0,0.0188679245283018,0.013497775741651731
5310,73,SS19,short sleeves,0.0,0.0188679245283018,0.015437387791725668
5310,3,SS19,short sleeves,0.0188679245283018,0.0,0.01372212193051912
5303,66,SS19,long dress,0.0,0.0,6.242872454543941e-26
5304,46,SS19,long dress,0.0,0.0188679245283018,0.017152653660969155
5304,18,SS19,long dress,0.0,0.0,0.018867919518618593
5242,48,SS19,printed shirt,0.0,0.0,0.0325900464557421
5310,33,SS19,short sleeves,0.0,0.0188679245283018,0.018867919534133085
5242,66,SS19,printed shirt,0.0,0.0,1.8605210583275875e-33
5303,39,SS19,long dress,0.0,0.0188679245283018,0.01029159456725066
5242,65,SS19,printed shirt,0.0,0.0,0.03602057818536842
5295,3,SS19,jumpsuit,0.0,0.0566037735849056,0.030874780610540473
4204,35,SS19,culottes,0.0,0.0188679245283018,0.01543738779669529
5295,73,SS19,jumpsuit,0.0,0.0188679245283018,0.020583185384855048
5295,43,SS19,jumpsuit,0.0,0.0,0.022298451268199182
5307,77,SS19,jumpsuit,0.0,0.0188679245283018,0.0151809400500081
5225,82,SS19,capris,0.0,0.0,0.030874780592580156
5307,20,SS19,jumpsuit,0.0,0.0,0.00014132128251079394
5307,85,SS19,jumpsuit,0.0,0.0,0.01029159019449687
5225,50,SS19,capris,0.0377358490566037,0.0188679245283018,0.015437387795750037
5307,36,SS19,jumpsuit,0.0,0.0,1.3861962303902997e-41
5225,117,SS19,capris,0.0,0.0188679245283018,0.015437387797310603
5236,110,SS19,gitana skirt,0.0,0.0188679245283018,0.020583185396510852
5315,0,SS19,solid color top,0.0,0.0754716981132075,0.04910978047950869
5225,110,SS19,capris,0.0188679245283018,0.0188679245283018,0.025728982996519708
5225,65,SS19,capris,0.0,0.0377358490566037,0.042881641651830116
5307,26,SS19,jumpsuit,0.0188679245283018,0.0188679245283018,0.013722121930313516
5270,100,SS19,long dress,0.0,0.0,0.005939313321983035
5237,80,SS19,gitana skirt,0.0,0.0,0.02229845127401879
5315,18,SS19,solid color top,0.0188679245283018,0.0,0.018867919542346626
5307,18,SS19,jumpsuit,0.0,0.0,0.017152653659798567
5307,8,SS19,jumpsuit,0.0,0.0,0.01886791952930591
5270,63,SS19,long dress,0.0,0.0,0.020583185393229057
5307,57,SS19,jumpsuit,0.0,0.0,0.013722121930905454
5270,59,SS19,long dress,0.0,0.0,0.029159514711439113
5270,4,SS19,long dress,0.0,0.0377358490566037,0.0222984512617923
5297,2,SS19,long dress,0.0188679245283018,0.0188679245283018,0.02572898299926123
5315,42,SS19,solid color top,0.0188679245283018,0.0,0.012006856067423752
5315,20,SS19,solid color top,0.0,0.0,0.020583185394785607
5315,75,SS19,solid color top,0.0,0.0188679245283018,0.024013717133076935
5315,19,SS19,solid color top,0.0,0.1132075471698113,0.041166375789051066
5297,10,SS19,long dress,0.0,0.0188679245283018,0.04631217338273434
5225,54,SS19,capris,0.0,0.0188679245283018,0.01715265366184195
5315,69,SS19,solid color top,0.0188679245283018,0.0566037735849056,0.02401371712280628
5297,7,SS19,long dress,0.0188679245283018,0.0377358490566037,0.04288164167555657
5225,107,SS19,capris,0.0,0.0188679245283018,0.012006856062591062
5240,10,SS19,long sleeve,0.0,0.0188679245283018,0.017152653659223003
5272,69,SS19,shorts,0.0,0.0,0.030874780560921265
5130,43,SS19,culottes,0.0,0.0,0.0007819103873482912
5272,90,SS19,shorts,0.0,0.0,0.01200685961139468
5159,35,SS19,culottes,0.0377358490566037,0.0188679245283018,0.017152653663408925
5286,12,SS19,shorts,0.0,0.0,0.017152653664613066
5275,29,SS19,gitana skirt,0.0,0.0188679245283018,0.012006856063969933
5275,41,SS19,gitana skirt,0.0,0.0,0.017152653663649972
5159,69,SS19,culottes,0.0,0.0188679245283018,0.01372212193093941
5286,10,SS19,shorts,0.0,0.0,0.0005096487461470684
5159,45,SS19,culottes,0.0188679245283018,0.0,0.01200685606213513
5286,31,SS19,shorts,0.0,0.0377358490566037,0.02229845126050589
5286,14,SS19,shorts,0.0,0.0,0.013722124955980094
5286,43,SS19,shorts,0.0,0.0,0.008345633557392615
5240,2,SS19,long sleeve,0.0188679245283018,0.0,0.013722121933063727
5159,56,SS19,culottes,0.0,0.0,0.015437391334161998
5159,66,SS19,culottes,0.0566037735849056,0.0,0.012006856063079102
5307,30,SS19,jumpsuit,0.0,0.0377358490566037,0.017152653664137797
5307,2,SS19,jumpsuit,0.0,0.0,0.006921207548325161
5307,10,SS19,jumpsuit,0.0377358490566037,0.0,0.003969684508741864
5307,49,SS19,jumpsuit,0.0,0.0,0.010291590196458276
5307,15,SS19,jumpsuit,0.0,0.0,1.860521016741703e-33
5307,14,SS19,jumpsuit,0.0,0.0,0.009100799084576294
5307,43,SS19,jumpsuit,0.0,0.0,0.007023724320447996
5307,80,SS19,jumpsuit,0.0,0.0,0.0031506876870273474
5307,3,SS19,jumpsuit,0.0,0.0,0.02572898299472343
5240,67,SS19,long sleeve,0.0,0.0377358490566037,0.015437387793834462
5225,26,SS19,capris,0.0,0.0,0.0010952491621069634
5240,56,SS19,long sleeve,0.0188679245283018,0.0,0.00857632433073421
5286,39,SS19,shorts,0.0,0.0,0.017152653662509697
5305,82,SS19,long dress,0.0188679245283018,0.0,0.008761244066969705
5297,15,SS19,long dress,0.0,0.0566037735849056,0.0497427051120192
5306,26,SS19,solid color top,0.0377358490566037,0.0188679245283018,0.012006856064461389
5305,18,SS19,long dress,0.0,0.0,2.811539847895771e-10
5305,59,SS19,long dress,0.0,0.0,5.697893793281497e-05
5279,4,SS19,doll dress,0.0,0.0188679245283018,0.02572898299190426
5270,72,SS19,long dress,0.0,0.0188679245283018,0.017152653660776042
5270,82,SS19,long dress,0.0,0.0188679245283018,0.02229845126353065
5136,4,SS19,jumpsuit,0.0,0.0,0.010291592972253575
5295,30,SS19,jumpsuit,0.0188679245283018,0.0,5.544784715001897e-41
5295,2,SS19,jumpsuit,0.0377358490566037,0.0188679245283018,0.02167230321896254
5305,63,SS19,long dress,0.0,0.0,0.006135530531921186
5279,40,SS19,doll dress,0.0,0.0,0.03087478060244488
5297,16,SS19,long dress,0.0,0.0377358490566037,0.04288164165999811
5279,74,SS19,doll dress,0.0,0.0,0.015437387796504172
5297,13,SS19,long dress,0.0,0.0,0.03773584404565994
5235,29,SS19,gitana skirt,0.0,0.0566037735849056,0.03631825357996938
5242,68,SS19,printed shirt,0.0,0.0,0.02401371712334161
5242,22,SS19,printed shirt,0.0,0.0,9.302605291637914e-34
5242,93,SS19,printed shirt,0.0,0.0188679245283018,0.02229845125829208
5242,50,SS19,printed shirt,0.0377358490566037,0.0188679245283018,0.02744424886555995
5280,46,SS19,solid color top,0.0,0.0,0.0030103460625921265
5305,104,SS19,long dress,0.0,0.0,0.020583185396348114
5295,49,SS19,jumpsuit,0.0188679245283018,0.0188679245283018,0.020583185398198717
5279,107,SS19,doll dress,0.0,0.0566037735849056,0.02915951472738581
5295,66,SS19,jumpsuit,0.0188679245283018,0.0188679245283018,0.01543738779299354
5235,30,SS19,gitana skirt,0.0377358490566037,0.0,0.041166375792250985
5295,75,SS19,jumpsuit,0.0,0.0,0.03602058370609829
5280,26,SS19,solid color top,0.0,0.0,4.492336051713758e-05
5295,14,SS19,jumpsuit,0.0,0.0,0.027444252716832124
5185,24,SS19,culottes,0.0,0.0,0.01715265365445394
5242,24,SS19,printed shirt,0.0,0.0,0.022298451260281224
5209,42,SS19,patterned top,0.0,0.0377358490566037,0.01372212192977191
5209,101,SS19,patterned top,0.0,0.0,0.01886791953376569
5185,83,SS19,culottes,0.0188679245283018,0.0,0.013722121928892675
5297,65,SS19,long dress,0.0,0.0188679245283018,0.025728982991300456
5321,100,SS19,solid color top,0.0,0.0,0.013722121931763868
5321,18,SS19,solid color top,0.0,0.0,0.010291590196995489
5270,18,SS19,long dress,0.0,0.0,0.03602057818760218
5305,72,SS19,long dress,0.0,0.0,0.022298451253095264
5321,93,SS19,solid color top,0.0,0.0,0.017152653670955652
5321,66,SS19,solid color top,0.0,0.0188679245283018,0.013722121930207155
5288,107,SS19,solid color top,0.0188679245283018,0.0188679245283018,0.012006856062873906
5305,67,SS19,long dress,0.0,0.0,0.04116637582519625
5189,24,SS19,culottes,0.0,0.0,0.012006856064259445
5288,50,SS19,solid color top,0.0,0.0,0.024013717128559067
5288,5,SS19,solid color top,0.0,0.0188679245283018,0.011926471034454985
5288,86,SS19,solid color top,0.0,0.0,0.02401371713536706
5242,100,SS19,printed shirt,0.0,0.0,0.018867919533375486
5288,75,SS19,solid color top,0.0,0.0,0.022298454885287408
5242,63,SS19,printed shirt,0.0,0.0,0.03087478059037278
5242,8,SS19,printed shirt,0.0,0.0,0.024013717139538093
5242,0,SS19,printed shirt,0.0,0.0,0.02915951472926474
5242,26,SS19,printed shirt,0.0,0.0,9.36052994787067e-05
5242,53,SS19,printed shirt,0.0,0.0188679245283018,0.013722121934852023
5242,67,SS19,printed shirt,0.0,0.0,0.015437387793263074
5242,101,SS19,printed shirt,0.0,0.0,4.189520910070806e-18
5185,104,SS19,culottes,0.0,0.0188679245283018,0.012006856063555452
5297,66,SS19,long dress,0.0188679245283018,0.0,0.034305312321235334
5185,59,SS19,culottes,0.0,0.0188679245283018,0.010291590197971835
5297,19,SS19,long dress,0.0,0.0188679245283018,0.0343053123209648
5270,53,SS19,long dress,0.0188679245283018,0.0,0.017152653661601302
5236,12,SS19,gitana skirt,0.0,0.0188679245283018,0.012006856062227563
5097,48,SS19,doll dress,0.0,0.0,0.00012009366613998897
5295,39,SS19,jumpsuit,0.0,0.0,0.015437387795073233
5322,99,SS19,long dress,0.0,0.0,0.0034934495474346757
5285,10,SS19,solid color top,0.0188679245283018,0.0377358490566037,0.03767784138986045
5286,5,SS19,shorts,0.0,0.0,4.189520785213356e-18
5147,2,SS19,capris,0.0,0.0,0.024013717126853542
5305,94,SS19,long dress,0.0,0.0,0.02140879317120571
5111,46,SS19,short sleeves,0.0188679245283018,0.0188679245283018,0.008576324332186793
5147,10,SS19,capris,0.0,0.0,0.01886791951130603
5316,100,SS19,culottes,0.0,0.0,0.013647883765658312
5147,65,SS19,capris,0.0,0.0,0.03602057817699326
5294,81,SS19,shorts,0.0,0.0,0.01886791950936876
5147,60,SS19,capris,0.0,0.0377358490566037,0.012006859403678502
5208,95,SS19,patterned top,0.0377358490566037,0.0188679245283018,0.01029159019676259
5287,75,SS19,shorts,0.0,0.0188679245283018,0.01715265366061419
5226,67,SS19,culottes,0.0377358490566037,0.0,0.01200685605913486
5316,8,SS19,culottes,0.0,0.0,0.03430531232757533
5300,20,SS19,culottes,0.0,0.0,3.721042019621449e-33
5294,26,SS19,shorts,0.0,0.0,2.35495232773054e-11
5300,47,SS19,culottes,0.0,0.0,0.005856365758128687
5300,68,SS19,culottes,0.0,0.0,0.018867919528407415
5294,46,SS19,shorts,0.0,0.0188679245283018,0.01886791953301292
5327,18,SS19,patterned top,0.0,0.0,0.018867922449463437
5300,77,SS19,culottes,0.0188679245283018,0.0188679245283018,0.013722121929179085
5327,74,SS19,patterned top,0.0,0.0,0.012006856064149305
5300,42,SS19,culottes,0.0188679245283018,0.0,0.02229845126419121
5300,51,SS19,culottes,0.0188679245283018,0.0,0.01886791953033239
5316,41,SS19,culottes,0.0,0.0566037735849056,0.025728982996088737
5305,31,SS19,long dress,0.0,0.0188679245283018,0.022298451256251565
5252,22,SS19,culottes,0.0377358490566037,0.0188679245283018,0.013722121929821104
5300,95,SS19,culottes,0.0,0.0188679245283018,0.027444248861649066
5252,68,SS19,culottes,0.0,0.0,0.013722121927404083
5294,74,SS19,shorts,0.0,0.0,0.01029159019655492
5300,18,SS19,culottes,0.0,0.0,0.03430531232533326
5300,46,SS19,culottes,0.0,0.0,0.04288164170124418
5300,26,SS19,culottes,0.0,0.0,0.002547493827720607
5300,36,SS19,culottes,0.0,0.0,0.029159514729274423
5300,74,SS19,culottes,0.0,0.0,0.024013717138514447
5226,90,SS19,culottes,0.0188679245283018,0.0188679245283018,0.01886791952755925
5300,32,SS19,culottes,0.0,0.0,0.017359759076680373
5252,46,SS19,culottes,0.0,0.0188679245283018,0.012006856061783894
5294,69,SS19,shorts,0.0566037735849056,0.0754716981132075,0.027444248858900105
5287,50,SS19,shorts,0.0,0.0188679245283018,0.029159514739493908
5305,30,SS19,long dress,0.0,0.0,0.00011190322000010273
5305,2,SS19,long dress,0.0,0.0,0.029159514723482473
5260,15,SS19,culottes,0.0,0.0188679245283018,0.01543738779479778
5305,10,SS19,long dress,0.0,0.0,0.03259005097060849
5260,94,SS19,culottes,0.0377358490566037,0.0,0.012006856065262085
5287,43,SS19,shorts,0.0,0.0,0.015437387796945139
5252,83,SS19,culottes,0.0188679245283018,0.0,0.003211598222774602
5327,67,SS19,patterned top,0.0,0.0188679245283018,0.012006856062692996
5300,76,SS19,culottes,0.0,0.0377358490566037,0.01886791952156516
5294,18,SS19,shorts,0.0,0.0,0.0024543147461022277
5328,101,SS19,patterned top,0.0,0.0188679245283018,0.012006856064620382
5328,1,SS19,patterned top,0.0,0.0,0.0030184486676453535
5328,68,SS19,patterned top,0.0,0.0,0.013722126974254447
5258,73,SS19,culottes,0.0,0.0,0.012006856062161295
5328,3,SS19,patterned top,0.0,0.0377358490566037,0.03430531230523698
5328,80,SS19,patterned top,0.0,0.0,0.00045469016301945796
5328,43,SS19,patterned top,0.0,0.0,0.017152653654923466
5300,5,SS19,culottes,0.0,0.0188679245283018,0.020583190262416673
5258,110,SS19,culottes,0.0188679245283018,0.0,2.9411231363963874e-16
5258,94,SS19,culottes,0.0,0.0188679245283018,0.017152653662516983
5226,82,SS19,culottes,0.0,0.0,0.024013717130184478
5316,46,SS19,culottes,0.0,0.0,0.05317323685803918
5316,26,SS19,culottes,0.0,0.0,0.05660376858705824
5300,6,SS19,culottes,0.0,0.0188679245283018,0.024013717125707563
5300,110,SS19,culottes,0.0188679245283018,0.0188679245283018,0.010291590199139349
5258,83,SS19,culottes,0.0,0.0188679245283018,0.01200685606400946
5300,9,SS19,culottes,0.0,0.0,0.0007026151747027686
5300,39,SS19,culottes,0.0,0.0188679245283018,0.03602057819491017
5294,100,SS19,shorts,0.0,0.0,0.0007067708128370286
5226,68,SS19,culottes,0.0,0.0188679245283018,0.020583185386188755
5300,3,SS19,culottes,0.0,0.0,0.006898388299875383
5316,18,SS19,culottes,0.0,0.0,5.438611513186876e-05
5328,69,SS19,patterned top,0.0,0.0,0.01886792441699592
5258,31,SS19,culottes,0.0188679245283018,0.0188679245283018,0.012006856064473498
5260,101,SS19,culottes,0.0188679245283018,0.0377358490566037,0.028162474169543015
5327,51,SS19,patterned top,0.0,0.0,0.01029159019734926
5327,22,SS19,patterned top,0.0,0.0,0.01372212193028266
5327,13,SS19,patterned top,0.0,0.0188679245283018,0.015437387795752005
5300,22,SS19,culottes,0.0,0.0566037735849056,0.029159514715493814
5327,80,SS19,patterned top,0.0,0.0,2.811539847895772e-10
5313,66,SS19,shorts,0.0188679245283018,0.0,0.006469091047311959
5300,33,SS19,culottes,0.0,0.0,0.013722121929142583
5300,50,SS19,culottes,0.0188679245283018,0.0,0.008928584978296924
5260,36,SS19,culottes,0.0188679245283018,0.0,0.018867919523146964
5226,107,SS19,culottes,0.0188679245283018,0.0,0.00023192956109302748
5258,54,SS19,culottes,0.0,0.0188679245283018,0.012006856065289652
5208,4,SS19,patterned top,0.0,0.0377358490566037,0.015437387796352649
5300,16,SS19,culottes,0.0,0.0188679245283018,0.022298451258556534
5327,19,SS19,patterned top,0.0,0.0,0.005965809162620957
5258,10,SS19,culottes,0.0,0.0,0.0037313219566802312
5328,104,SS19,patterned top,0.0188679245283018,0.0,0.010291590197623013
5328,21,SS19,patterned top,0.0,0.0,0.00360807146903989
5328,4,SS19,patterned top,0.0,0.0377358490566037,0.01715265366263581
5300,28,SS19,culottes,0.0188679245283018,0.0566037735849056,0.02229845125813599
5328,26,SS19,patterned top,0.0,0.0377358490566037,0.013722121929409376
5252,3,SS19,culottes,0.0188679245283018,0.0188679245283018,0.012006856067663845
5311,30,SS19,jumpsuit,0.0,0.0188679245283018,0.03602057819107436
5301,59,SS19,short sleeves,0.0188679245283018,0.0,0.008576324328212826
5301,51,SS19,short sleeves,0.0,0.0188679245283018,0.017152653662034764
5311,27,SS19,jumpsuit,0.0,0.0566037735849056,0.0323486914527956
5300,44,SS19,culottes,0.0,0.0,0.01200685606302154
5300,64,SS19,culottes,0.0,0.0566037735849056,0.022298451260700482
5311,47,SS19,jumpsuit,0.0,0.0,0.03430531231972256
5318,5,SS19,jumpsuit,0.0,0.0,0.024013722432464437
5318,99,SS19,jumpsuit,0.0,0.0,0.02915951814853518
5300,23,SS19,culottes,0.0377358490566037,0.0188679245283018,0.02229845125987596
5318,16,SS19,jumpsuit,0.0,0.0,0.02572898299955329
5115,4,SS19,culottes,0.0,0.0,0.010291590197326202
5300,25,SS19,culottes,0.0188679245283018,0.0943396226415094,0.025728982986064124
5318,117,SS19,jumpsuit,0.0188679245283018,0.0377358490566037,0.02058318539296085
5318,76,SS19,jumpsuit,0.0188679245283018,0.0188679245283018,0.015437387795207766
5318,68,SS19,jumpsuit,0.0,0.0,0.030874780598784467
5294,65,SS19,shorts,0.0,0.0,0.02401371711657897
5318,47,SS19,jumpsuit,0.0,0.0,0.041166375799435696
5259,12,SS19,patterned top,0.0,0.0,0.03430531231928586
5294,66,SS19,shorts,0.0,0.0,9.302605153018298e-34
5311,22,SS19,jumpsuit,0.0377358490566037,0.0566037735849056,0.06174956620256077
5259,5,SS19,patterned top,0.0188679245283018,0.0188679245283018,0.017152653661371607
5318,50,SS19,jumpsuit,0.0,0.0188679245283018,0.012006860373709755
5318,80,SS19,jumpsuit,0.0,0.0,5.623079695791561e-10
5318,43,SS19,jumpsuit,0.0,0.0,0.04459690751627873
5318,86,SS19,jumpsuit,0.0,0.0566037735849056,0.029159514727358435
5294,12,SS19,shorts,0.0,0.0,0.037735844053706044
5311,4,SS19,jumpsuit,0.0,0.0566037735849056,0.056603773584905585
5311,8,SS19,jumpsuit,0.0188679245283018,0.0,0.01715265366204342
5311,36,SS19,jumpsuit,0.0,0.0188679245283018,0.041166375794985575
5311,59,SS19,jumpsuit,0.0377358490566037,0.0188679245283018,0.022298451259014324
4173,48,SS19,short sleeves,0.0188679245283018,0.0188679245283018,0.008227416965963973
5311,21,SS19,jumpsuit,0.0,0.0,0.024013717124275795
5300,4,SS19,culottes,0.0,0.0188679245283018,0.018867919528755807
5311,44,SS19,jumpsuit,0.0,0.0,0.012006856063281602
5311,57,SS19,jumpsuit,0.0,0.0377358490566037,0.015437387795480189
5311,53,SS19,jumpsuit,0.0,0.0,0.027444248858036646
5318,54,SS19,jumpsuit,0.0,0.0,0.02058318539028814
5318,31,SS19,jumpsuit,0.0188679245283018,0.0188679245283018,0.030874780582744617
5318,65,SS19,jumpsuit,0.0,0.0,0.020583185397937107
5311,32,SS19,jumpsuit,0.0188679245283018,0.0943396226415094,0.050298901028348095
5318,84,SS19,jumpsuit,0.0,0.0,0.01372212193460714
5318,19,SS19,jumpsuit,0.0,0.0,0.018867919533181673
5300,59,SS19,culottes,0.0,0.0188679245283018,0.01715265366214619
4226,68,SS19,short sleeves,0.0,0.0188679245283018,0.012006856063929011
5311,107,SS19,jumpsuit,0.0566037735849056,0.0188679245283018,0.022298451258896613
5311,82,SS19,jumpsuit,0.0,0.0,0.032590046468976674
5318,85,SS19,jumpsuit,0.0,0.0,0.025728982998445192
5258,23,SS19,culottes,0.0,0.0,0.013722121921703714
5318,81,SS19,jumpsuit,0.0,0.0188679245283018,0.027444253920925046
5132,26,SS19,maxi,0.0,0.0754716981132075,0.01543739291842902
5299,93,SS19,short sleeves,0.0,0.0188679245283018,0.01372212192808182
5299,40,SS19,short sleeves,0.0,0.0,0.012006856063742287
5287,83,SS19,shorts,0.0,0.0,0.022298451262604352
5299,69,SS19,short sleeves,0.0,0.0,0.012006856063600394
5294,13,SS19,shorts,0.0,0.0,0.0005023011765541859
5311,43,SS19,jumpsuit,0.0566037735849056,0.0566037735849056,0.036020578194795955
5311,86,SS19,jumpsuit,0.0,0.0754716981132075,0.05256132153558439
5311,14,SS19,jumpsuit,0.0,0.0188679245283018,0.02744425572696185
5299,14,SS19,short sleeves,0.0,0.0188679245283018,0.015437387796638042
5311,75,SS19,jumpsuit,0.0188679245283018,0.0188679245283018,0.02744424885339865
5226,8,SS19,culottes,0.0,0.0,0.027444248863106497
5311,84,SS19,jumpsuit,0.0,0.0,0.013722121932081815
5226,18,SS19,culottes,0.0,0.0,0.015437387796403555
5301,10,SS19,short sleeves,0.0,0.0188679245283018,0.013722127546451248
5311,65,SS19,jumpsuit,0.0,0.0,0.02572898299977246
5193,8,SS19,long dress,0.0,0.0,0.0030462047110164495
5301,14,SS19,short sleeves,0.0188679245283018,0.0,0.012006856063833723
5311,31,SS19,jumpsuit,0.0754716981132075,0.0188679245283018,0.04802743925994011
5311,19,SS19,jumpsuit,0.0,0.0377358490566037,0.058958392144542224
5245,77,SS19,culottes,0.0,0.0,0.025728982992769548
5259,82,SS19,patterned top,0.0188679245283018,0.0377358490566037,0.01372212193207761
5132,50,SS19,maxi,0.0,0.0,0.017152653660756297
5318,0,SS19,jumpsuit,0.0,0.0754716981132075,0.020583185394846742
5318,4,SS19,jumpsuit,0.0188679245283018,0.0377358490566037,0.02572898299412148
5311,93,SS19,jumpsuit,0.0566037735849056,0.0943396226415094,0.06095663687396426
5318,8,SS19,jumpsuit,0.0,0.0,0.02572898297661281
5318,100,SS19,jumpsuit,0.0188679245283018,0.0,0.01715265366642903
5318,21,SS19,jumpsuit,0.0188679245283018,0.0377358490566037,0.027444083091902147
5294,43,SS19,shorts,0.0,0.0,9.661863616000877e-06
5311,13,SS19,jumpsuit,0.0188679245283018,0.0377358490566037,0.03639302580641422
5144,102,SS19,maxi,0.0,0.0,0.018867919529516435
5294,5,SS19,shorts,0.0,0.0188679245283018,0.015437387796797007
5318,57,SS19,jumpsuit,0.0,0.0377358490566037,0.013722121934440428
5311,28,SS19,jumpsuit,0.0,0.0,0.02915951472181496
5318,29,SS19,jumpsuit,0.0,0.0,0.032590046459645736
5311,99,SS19,jumpsuit,0.0188679245283018,0.0188679245283018,0.04459691502438126
5318,41,SS19,jumpsuit,0.0,0.0,0.0257289886867179
5311,3,SS19,jumpsuit,0.0,0.0943396226415094,0.08243480246392419
5259,51,SS19,patterned top,0.0,0.0188679245283018,0.015437387799280274
5311,6,SS19,jumpsuit,0.0,0.0754716981132075,0.04014442293631312
5259,20,SS19,patterned top,0.0,0.0,0.020583185398166438
5287,45,SS19,shorts,0.0,0.0,0.020583185393577313
5318,46,SS19,jumpsuit,0.0,0.0943396226415094,0.046312173393494006
5226,51,SS19,culottes,0.0566037735849056,0.0188679245283018,0.022298454506273803
5328,90,SS19,patterned top,0.0,0.0,0.018867919530348977
5311,18,SS19,jumpsuit,0.0,0.0,1.6758083577854567e-17
5146,19,SS19,culottes,0.0,0.0,0.024013717124514344
5146,75,SS19,culottes,0.0377358490566037,0.0566037735849056,0.02229845126147545
5283,35,SS19,shorts,0.0,0.0,0.01543738776570256
5198,27,SS19,culottes,0.0188679245283018,0.0,0.017152653657094674
5198,42,SS19,culottes,0.0,0.0188679245283018,0.015437387791276774
5272,3,SS19,shorts,0.0,0.0,2.7907815181815754e-33
5313,36,SS19,shorts,0.0,0.0188679245283018,0.025728982990246594
5272,5,SS19,shorts,0.0,0.0,4.189520847642081e-18
5300,31,SS19,culottes,0.0,0.0188679245283018,0.03773584404595896
5316,51,SS19,culottes,0.0,0.0377358490566037,0.04459690752417859
5322,38,SS19,long dress,0.0377358490566037,0.0188679245283018,0.029159514735952317
5198,43,SS19,culottes,0.0,0.0,0.029159514724835415
5313,100,SS19,shorts,0.0,0.0,6.174131990802182e-05
5322,25,SS19,long dress,0.0,0.0377358490566037,0.027444248860226964
5283,69,SS19,shorts,0.0188679245283018,0.0188679245283018,0.02058318539008207
5300,15,SS19,culottes,0.0,0.0943396226415094,0.03602057819783041
5322,77,SS19,long dress,0.0,0.0188679245283018,0.024169083533892192
5313,69,SS19,shorts,0.0,0.0,0.020583189284745593
5292,15,SS19,drop sleeve,0.0,0.0,0.03259004646412115
5292,7,SS19,drop sleeve,0.0,0.0188679245283018,0.02229845125273989
5322,26,SS19,long dress,0.0,0.0188679245283018,0.03602057821250706
5322,81,SS19,long dress,0.0,0.0,0.044596907488350976
5245,62,SS19,culottes,0.0188679245283018,0.0377358490566037,0.037735847506565764
5245,10,SS19,culottes,0.0188679245283018,0.0,0.027444248869853773
5245,60,SS19,culottes,0.0754716981132075,0.0,0.013722121934644086
5322,32,SS19,long dress,0.0188679245283018,0.0188679245283018,0.05317324017660389
5272,14,SS19,shorts,0.0,0.0,0.002857217201784517
5245,79,SS19,culottes,0.0943396226415094,0.0,0.015437387801347477
5243,67,SS19,shorts,0.0,0.0,6.242872640596042e-26
5300,65,SS19,culottes,0.0,0.0,0.013722125256999793
5198,72,SS19,culottes,0.0188679245283018,0.0,0.013722121922393323
5322,76,SS19,long dress,0.0,0.0,0.0514579709823718
5313,40,SS19,shorts,0.0,0.0188679245283018,0.01231098300497083
5322,74,SS19,long dress,0.0,0.0,0.037735844032534216
5322,59,SS19,long dress,0.0,0.0,0.03773584408294257
5216,46,SS19,doll dress,0.0,0.0,0.013722121934316387
5300,7,SS19,culottes,0.0,0.0,0.02401371710396156
5322,101,SS19,long dress,0.0,0.0188679245283018,0.02744424885303455
5323,56,SS19,drop sleeve,0.0,0.0566037735849056,0.018867919528455394
5220,84,SS19,culottes,0.0,0.0,0.02058318539544753
5300,30,SS19,culottes,0.0,0.0188679245283018,0.03602058250405164
5300,54,SS19,culottes,0.0,0.0,0.04802743933491243
5300,2,SS19,culottes,0.0,0.0566037735849056,0.03430531232152295
5322,21,SS19,long dress,0.0,0.0,0.036020578190531935
5220,49,SS19,culottes,0.0188679245283018,0.0,0.005441021216071381
5220,43,SS19,culottes,0.0,0.0188679245283018,0.027444248859462464
5220,35,SS19,culottes,0.0,0.0188679245283018,0.010291590196904857
5322,63,SS19,long dress,0.0,0.0,0.039451113699022426
5220,5,SS19,culottes,0.0,0.0188679245283018,0.03259004645571063
5220,99,SS19,culottes,0.0,0.0,0.020583185402279096
5322,8,SS19,long dress,0.0,0.0,0.04459690748032134
5220,20,SS19,culottes,0.0377358490566037,0.0,0.012006858055966643
5220,46,SS19,culottes,0.0188679245283018,0.0,0.02401371713728065
5220,90,SS19,culottes,0.0,0.0,0.01715265366126634
5146,52,SS19,culottes,0.0,0.0,0.017152657317590046
5322,102,SS19,long dress,0.0,0.0566037735849056,0.025728982995687
5300,10,SS19,culottes,0.0,0.0377358490566037,0.030874780590843753
5283,75,SS19,shorts,0.0566037735849056,0.0,0.012006856063301066
5322,61,SS19,long dress,0.0,0.0,0.030874780597107934
5323,7,SS19,drop sleeve,0.0188679245283018,0.0,0.010291590197889283
5323,15,SS19,drop sleeve,0.0,0.0188679245283018,0.012006856063857346
5198,49,SS19,culottes,0.0,0.0188679245283018,0.01715265366339084
5305,66,SS19,long dress,0.0,0.0,0.01886792307950979
5323,80,SS19,drop sleeve,0.0,0.0566037735849056,0.02229845125599314
5322,82,SS19,long dress,0.0,0.0,1.2568562667783738e-17
5283,15,SS19,shorts,0.0,0.0,0.017152653659751448
5322,83,SS19,long dress,0.0,0.0188679245283018,0.018775477776134784
5146,27,SS19,culottes,0.0,0.0377358490566037,0.013722121929493734
5146,77,SS19,culottes,0.0,0.0,0.025728988484345076
5322,72,SS19,long dress,0.0,0.0,0.04288164168455452
5322,67,SS19,long dress,0.0,0.0,0.04631217338196813
5292,94,SS19,drop sleeve,0.0,0.0188679245283018,0.018867919526506953
5125,68,SS19,culottes,0.0,0.0188679245283018,0.024013717119287046
5322,45,SS19,long dress,0.0,0.0754716981132075,0.04459690751920214
5221,107,SS19,sleeveless,0.0,0.0,0.01543738779471496
5320,49,SS19,long sleeve,0.0566037735849056,0.0188679245283018,0.012006856065232352
5320,10,SS19,long sleeve,0.0,0.0188679245283018,0.018867919518927804
5221,27,SS19,sleeveless,0.0377358490566037,0.0,0.012006856065383952
5292,10,SS19,drop sleeve,0.0,0.0,0.015315412016723847
5322,13,SS19,long dress,0.0,0.0,0.04116637568517194
5292,29,SS19,drop sleeve,0.0,0.0,0.0075765246735110155
5272,12,SS19,shorts,0.0,0.0,0.025728982997723592
5252,48,SS19,culottes,0.0377358490566037,0.0,0.00028631957243365256
5245,117,SS19,culottes,0.0,0.0,0.018867919531741533
5125,102,SS19,culottes,0.0,0.0,0.017152653657604534
5292,100,SS19,drop sleeve,0.0,0.0,0.017152653660480115
5300,43,SS19,culottes,0.0,0.0,0.004691890005153767
5328,12,SS19,patterned top,0.0,0.0,0.01776924624183538
5292,8,SS19,drop sleeve,0.0,0.0188679245283018,0.029159514722762844
5300,14,SS19,culottes,0.0,0.0,0.01304404336158348
5300,19,SS19,culottes,0.0,0.0,0.0042199505533778575
5252,94,SS19,culottes,0.0,0.0188679245283018,0.017152653661987184
5245,50,SS19,culottes,0.0188679245283018,0.0377358490566037,0.013722126507637537
5263,94,SS19,culottes,0.0188679245283018,0.0,0.013722121929408056
5245,76,SS19,culottes,0.0,0.0377358490566037,0.027444248861940152
5226,99,SS19,culottes,0.0,0.0,2.2734650168760824e-15
4227,65,SS19,short sleeves,0.0188679245283018,0.0566037735849056,0.015437387795092397
5316,69,SS19,culottes,0.0188679245283018,0.0188679245283018,0.03945110992229245
5316,35,SS19,culottes,0.0,0.0754716981132075,0.05488850271582788
5320,66,SS19,long sleeve,0.0,0.0188679245283018,0.020583185405339276
5226,48,SS19,culottes,0.0,0.0188679245283018,0.027444248868542163
5226,31,SS19,culottes,0.0,0.0,0.009290000005374093
5263,69,SS19,culottes,0.0188679245283018,0.0377358490566037,0.013722121923942988
5300,48,SS19,culottes,0.0188679245283018,0.0188679245283018,0.020583185388803923
5300,66,SS19,culottes,0.0,0.0,0.030874780592911398
5316,81,SS19,culottes,0.0,0.0,0.019687716632939296
5320,33,SS19,long sleeve,0.0,0.0377358490566037,0.02229845126104306
5322,16,SS19,long dress,0.0,0.0,0.002738884001995043
5328,15,SS19,patterned top,0.0,0.0,1.2666985402789113e-06
5226,7,SS19,culottes,0.0,0.0,6.242872640596042e-26
5292,26,SS19,drop sleeve,0.0,0.0377358490566037,0.04234896902373869
5328,14,SS19,patterned top,0.0,0.0,0.006461964241231825
5322,93,SS19,long dress,0.0,0.0188679245283018,0.03258931523677846
5245,51,SS19,culottes,0.0377358490566037,0.0188679245283018,0.013722121930134244
5292,73,SS19,drop sleeve,0.0,0.0,0.020583185387875
5292,80,SS19,drop sleeve,0.0,0.0188679245283018,0.036020578193692185
5292,30,SS19,drop sleeve,0.0,0.0,0.048027439269837775
5292,56,SS19,drop sleeve,0.0,0.0188679245283018,0.02915951472595461
5294,29,SS19,shorts,0.0,0.0,0.0274442488595018
5292,62,SS19,drop sleeve,0.0,0.0,0.015437387791230123
5292,39,SS19,drop sleeve,0.0188679245283018,0.0188679245283018,0.026739662281476013
5313,22,SS19,shorts,0.0188679245283018,0.0,0.010291593974826261
5292,14,SS19,drop sleeve,0.0377358490566037,0.0,0.024013717140767072
5322,90,SS19,long dress,0.0,0.0,6.242872826648142e-26
5292,75,SS19,drop sleeve,0.0188679245283018,0.0754716981132075,0.030874780596144884
5322,22,SS19,long dress,0.0,0.0,0.04116637579930652
5292,13,SS19,drop sleeve,0.0188679245283018,0.0188679245283018,0.03773584407723922
5305,19,SS19,long dress,0.0,0.0188679245283018,0.03945110992864344
5272,19,SS19,shorts,0.0,0.0,0.01886791952780583
5292,36,SS19,drop sleeve,0.0,0.0,2.81153988979098e-10
5198,23,SS19,culottes,0.0,0.0188679245283018,0.012006859977604124
5245,43,SS19,culottes,0.0188679245283018,0.0377358490566037,0.03945110992049665
5298,104,SS19,long cardigan,0.0,0.0566037735849056,0.03259004644726331
5292,69,SS19,drop sleeve,0.0,0.0,0.04288164166088373
5272,75,SS19,shorts,0.0,0.0,0.020583192859757845
5292,74,SS19,drop sleeve,0.0,0.0,0.00017545241720255626
5216,102,SS19,doll dress,0.0,0.0,0.010291590198265832
5292,53,SS19,drop sleeve,0.0,0.0,0.010811426372302094
5292,51,SS19,drop sleeve,0.0,0.0188679245283018,0.022298451262258216
5216,21,SS19,doll dress,0.0,0.0,0.013722125069531193
5292,33,SS19,drop sleeve,0.0188679245283018,0.0566037735849056,0.012006856062951802
5272,31,SS19,shorts,0.0,0.0,0.02058318538945714
5226,117,SS19,culottes,0.0377358490566037,0.0377358490566037,0.017152653662036346
5189,3,SS19,culottes,0.0377358490566037,0.0188679245283018,0.01715265366320961
5322,18,SS19,long dress,0.0,0.0,0.007561784108550671
5317,25,SS19,short sleeves,0.0,0.0377358490566037,0.02229845126049236
5330,18,SS19,short sleeves,0.0,0.0,0.013722121928857972
5279,75,SS19,doll dress,0.0,0.0377358490566037,0.03430531232585704
5300,63,SS19,culottes,0.0,0.0,0.00012009366613998897
5305,61,SS19,long dress,0.0,0.0,0.018867919532083895
5310,46,SS19,short sleeves,0.0,0.0,5.91201194751101e-14
5303,109,SS19,long dress,0.0,0.0,1.386196189078435e-41
5326,12,SS19,shorts,0.0,0.0,0.02126752147348144
5300,104,SS19,culottes,0.0,0.0188679245283018,0.020583185394010176
5317,64,SS19,short sleeves,0.0,0.0,0.015437387796914141
5326,50,SS19,shorts,0.0,0.0188679245283018,0.0154373877972894
5182,3,SS19,long sleeve,0.0,0.0188679245283018,0.017152653663047072
5319,30,SS19,sleeveless,0.0188679245283018,0.0,0.008576324330417393
5319,109,SS19,sleeveless,0.0188679245283018,0.0188679245283018,0.012006856065289652
5322,4,SS19,long dress,0.0,0.0,9.302605568877148e-34
5294,15,SS19,shorts,0.0,0.0188679245283018,0.015437387793404807
5294,31,SS19,shorts,0.0,0.0,0.018867919541657646
5330,95,SS19,short sleeves,0.0,0.0,0.010291590197058964
5294,75,SS19,shorts,0.0,0.0,0.01715265365747829
5330,21,SS19,short sleeves,0.0,0.0377358490566037,0.013722125069458142
5305,32,SS19,long dress,0.0,0.0,0.0002838047453915867
5294,36,SS19,shorts,0.0188679245283018,0.0188679245283018,0.01543738779320108
5207,61,SS19,doll dress,0.0188679245283018,0.0,0.018867919526453066
5272,43,SS19,shorts,0.0,0.0,0.017152653657899204
4217,28,SS19,culottes,0.0,0.0,0.02058318539679467
4166,64,SS19,sheath dress,0.0,0.0,0.012006856063168144
5270,20,SS19,long dress,0.0,0.0,0.02229845125275284
5246,75,SS19,long sleeve,0.0,0.0188679245283018,0.03087478058560038
5185,60,SS19,culottes,0.0,0.0188679245283018,0.012006856061363511
5279,50,SS19,doll dress,0.0,0.0,0.017152653663423705
5279,33,SS19,doll dress,0.0188679245283018,0.0,0.029159517678367743
5279,1,SS19,doll dress,0.0,0.0,0.002040188610658
5294,63,SS19,shorts,0.0,0.0188679245283018,0.013722124836802217
5279,5,SS19,doll dress,0.0,0.0,0.025728983007108953
5272,50,SS19,shorts,0.0,0.0,0.029159514729503747
5294,0,SS19,shorts,0.0,0.0,0.017152657427485486
5305,26,SS19,long dress,0.0,0.0188679245283018,0.017023859832629978
5270,32,SS19,long dress,0.0188679245283018,0.0,0.02572898299941484
5294,93,SS19,shorts,0.0,0.0,0.0017031427508902826
5310,52,SS19,short sleeves,0.0,0.0377358490566037,0.01372212192959153
5210,10,SS19,long dress,0.0188679245283018,0.0,0.012006856067420827
5305,36,SS19,long dress,0.0,0.0,0.004528858772203893
5310,53,SS19,short sleeves,0.0,0.0,0.010291593592639137
5330,57,SS19,short sleeves,0.0,0.0,0.012006856063263172
5279,0,SS19,doll dress,0.0,0.0,0.013722121921039042
5235,10,SS19,gitana skirt,0.0,0.0,0.02058318542070341
5310,31,SS19,short sleeves,0.0188679245283018,0.0188679245283018,0.015437387799674542
5246,39,SS19,long sleeve,0.0,0.0566037735849056,0.034305312308426816
5279,83,SS19,doll dress,0.0,0.0188679245283018,0.024013717127299432
5294,20,SS19,shorts,0.0,0.0,0.024013717087290692
5310,84,SS19,short sleeves,0.0,0.0,0.01200685606528446
5279,32,SS19,doll dress,0.0,0.0,0.020583185390836745
5305,102,SS19,long dress,0.0,0.0188679245283018,0.015437387795742805
5279,18,SS19,doll dress,0.0,0.0,0.03602057819061581
5270,109,SS19,long dress,0.0,0.0,0.015437391457602881
5294,45,SS19,shorts,0.0,0.0,9.302604875779067e-34
5322,28,SS19,long dress,0.0,0.0,0.02401372137399422
5225,66,SS19,capris,0.0377358490566037,0.0,0.017152653661715388
5313,16,SS19,shorts,0.0188679245283018,0.0188679245283018,0.010291590198124019
5312,8,SS19,sleeveless,0.0188679245283018,0.0,0.01543738779661017
5298,43,SS19,long cardigan,0.0,0.0377358490566037,0.02229845126923589
5298,9,SS19,long cardigan,0.0,0.0377358490566037,0.025728982988519958
5325,28,SS19,sleeveless,0.0,0.0,0.012006856062867841
5223,94,SS19,gitana skirt,0.0,0.0,0.015437387799175098
5312,85,SS19,sleeveless,0.0,0.0,0.01715265366385399
5298,99,SS19,long cardigan,0.0,0.0,0.01886791952882486
5298,28,SS19,long cardigan,0.0188679245283018,0.0188679245283018,0.01886791952899116
5298,50,SS19,long cardigan,0.0,0.0377358490566037,0.018867919521122135
5298,93,SS19,long cardigan,0.0,0.0,0.017152653667600222
5255,56,SS19,gitana skirt,0.0,0.0,0.012006856062526581
5255,52,SS19,gitana skirt,0.0,0.0,0.010291590197488393
5313,5,SS19,shorts,0.0188679245283018,0.0188679245283018,0.02058318539775085
5255,38,SS19,gitana skirt,0.0377358490566037,0.0,0.01200685606307318
5255,32,SS19,gitana skirt,0.0,0.0188679245283018,0.012006860952470118
5313,77,SS19,shorts,0.0,0.0,0.015437391075822263
5313,68,SS19,shorts,0.0,0.0,0.0154373919244301
5313,53,SS19,shorts,0.0,0.0,0.015437387796784085
5313,74,SS19,shorts,0.0,0.0,0.015437387798603059
5255,104,SS19,gitana skirt,0.0188679245283018,0.0,0.013722121927462996
5305,28,SS19,long dress,0.0,0.0,0.005258562082788079
5305,99,SS19,long dress,0.0,0.0,1.3861962097343671e-41
5325,12,SS19,sleeveless,0.0,0.0,0.01715265365445394
5313,90,SS19,shorts,0.0,0.0,0.005277495723341499
5305,5,SS19,long dress,0.0,0.0,0.030874785725061134
5329,83,SS19,sleeveless,0.0,0.0188679245283018,0.020583185395013342
5313,95,SS19,shorts,0.0,0.0566037735849056,0.017152653661994192
5255,101,SS19,gitana skirt,0.0,0.0188679245283018,0.018304477984452096
5199,52,SS19,long sleeve,0.0188679245283018,0.0,0.00013326631475212963
5289,12,SS19,short sleeves,0.0,0.0,0.029159514732241067
5300,84,SS19,culottes,0.0,0.0,0.00025673881498774223
5302,45,SS19,sleeveless,0.0,0.0188679245283018,0.012006856074442584
5302,22,SS19,sleeveless,0.0,0.0,0.015437392245403126
5329,6,SS19,sleeveless,0.0188679245283018,0.0,0.017152653664485786
5199,5,SS19,long sleeve,0.0,0.0,0.017152653654902903
5329,28,SS19,sleeveless,0.0,0.0377358490566037,0.020583185397869637
5305,24,SS19,long dress,0.0,0.0,0.0019473303409188066
5325,104,SS19,sleeveless,0.0188679245283018,0.0,0.008576324331268844
5305,45,SS19,long dress,0.0,0.0,0.02744424886156327
5329,51,SS19,sleeveless,0.0,0.0,0.025728982999665986
5289,14,SS19,short sleeves,0.0,0.0377358490566037,0.012006859403678502
5325,4,SS19,sleeveless,0.0,0.0188679245283018,0.013722121928117975
5317,15,SS19,short sleeves,0.0,0.0,0.029159514715280867
5317,7,SS19,short sleeves,0.0,0.0377358490566037,0.02915951472777035
5329,109,SS19,sleeveless,0.0188679245283018,0.0188679245283018,0.020583185391720375
5329,82,SS19,sleeveless,0.0,0.0,0.01029159019776339
5317,49,SS19,short sleeves,0.0,0.0188679245283018,0.01543738779793175
5122,109,SS19,solid color top,0.0,0.0188679245283018,0.01288535754015378
5317,10,SS19,short sleeves,0.0,0.0,0.015437387797906814
5300,60,SS19,culottes,0.0,0.0,0.01886791953222226
5298,41,SS19,long cardigan,0.0,0.0,0.0073286106680207075
5313,75,SS19,shorts,0.0,0.0,0.01715265365756406
5289,47,SS19,short sleeves,0.0188679245283018,0.0188679245283018,0.008576324331723784
5329,73,SS19,sleeveless,0.0,0.0377358490566037,0.017152653661577172
5329,53,SS19,sleeveless,0.0377358490566037,0.0188679245283018,0.013722121928734817
5285,3,SS19,solid color top,0.0,0.0566037735849056,0.020583185393138123
5329,95,SS19,sleeveless,0.0377358490566037,0.0377358490566037,0.025728982997286907
5305,3,SS19,long dress,0.0,0.0,0.0157838934014259
5248,66,SS19,long sleeve,0.0,0.0,0.015437387798268157
5248,79,SS19,long sleeve,0.0,0.0188679245283018,0.012006856064547652
5322,27,SS19,long dress,0.0,0.0,0.010863591753564033
5322,47,SS19,long dress,0.0,0.0,0.032590046445495374
5248,110,SS19,long sleeve,0.0,0.0,0.0154373877927046
5256,90,SS19,long sleeve,0.0,0.0,0.010291590197787965
5322,68,SS19,long dress,0.0,0.0,7.90659052990874e-05
5322,51,SS19,long dress,0.0,0.0,0.02572898299941175
5322,24,SS19,long dress,0.0,0.0,4.158588546579387e-41
5305,79,SS19,long dress,0.0,0.0188679245283018,0.030874784169474485
5248,64,SS19,long sleeve,0.0,0.0,0.0038053264303156563
5305,84,SS19,long dress,0.0,0.0,0.020583185398003547
5248,0,SS19,long sleeve,0.0,0.0,0.012006856063272345
5322,39,SS19,long dress,0.0,0.0188679245283018,0.030874780589843245
5322,6,SS19,long dress,0.0,0.0188679245283018,0.02572898298578329
5248,82,SS19,long sleeve,0.0,0.0188679245283018,0.008227416965963973
5322,56,SS19,long dress,0.0,0.0,0.012406296763144769
5322,5,SS19,long dress,0.0,0.0,0.017451307915732347
5298,20,SS19,long cardigan,0.0,0.0,0.017152653664809024
5329,4,SS19,sleeveless,0.0188679245283018,0.0188679245283018,0.025728982989125786
5178,5,SS19,culottes,0.0,0.0,0.01200685606330186
5298,107,SS19,long cardigan,0.0,0.0,0.0171526536626079
5298,32,SS19,long cardigan,0.0188679245283018,0.0188679245283018,0.024013717128450865
5298,74,SS19,long cardigan,0.0,0.0,0.02401371712225965
5302,56,SS19,sleeveless,0.0,0.0,0.012006859819904271
5271,57,SS19,long sleeve,0.0,0.0,0.013722121928607285
5285,47,SS19,solid color top,0.0,0.0,0.0188679195315392
5271,72,SS19,long sleeve,0.0188679245283018,0.0,0.010291593561953583
5323,66,SS19,drop sleeve,0.0,0.0188679245283018,0.013722127744583548
5199,101,SS19,long sleeve,0.0,0.0,0.015437387795175127
5323,99,SS19,drop sleeve,0.0,0.0,0.01715265366165642
5285,0,SS19,solid color top,0.0754716981132075,0.0188679245283018,0.018867922172731977
5227,27,SS19,sleeveless,0.0,0.0,0.013722121926950501
5227,95,SS19,sleeveless,0.0,0.0377358490566037,0.0204430297185004
5329,8,SS19,sleeveless,0.0,0.0188679245283018,0.017152653661992666
5227,29,SS19,sleeveless,0.0,0.0188679245283018,0.012006856064945934
5298,90,SS19,long cardigan,0.0188679245283018,0.0566037735849056,0.027444248861897075
5298,18,SS19,long cardigan,0.0,0.0,0.018867919529414297
5228,73,SS19,sleeveless,0.0,0.0,0.013722121929738804
5199,32,SS19,long sleeve,0.0188679245283018,0.0,0.02229845126023731
5323,45,SS19,drop sleeve,0.0,0.0,0.00010847346341788645
5329,44,SS19,sleeveless,0.0,0.0,0.01543738779722231
5323,47,SS19,drop sleeve,0.0188679245283018,0.0188679245283018,0.012006856062158719
5293,12,SS19,solid color top,0.0188679245283018,0.0,0.012006856062843347
5329,39,SS19,sleeveless,0.0,0.0188679245283018,0.020583185393156556
5305,51,SS19,long dress,0.0,0.0,0.003458281599093654
5148,22,SS19,sleeveless,0.0,0.0188679245283018,0.04116637576203487
5309,75,SS19,sleeveless,0.0,0.0,0.05831903939248833
5309,60,SS19,sleeveless,0.0,0.0,0.05145797459402663
5279,102,SS19,doll dress,0.0,0.0,1.9175840220237964e-12
5224,63,SS19,long sleeve,0.0,0.0,0.013722121930040607
5309,39,SS19,sleeveless,0.0,0.0188679245283018,0.049742705116330804
5309,9,SS19,sleeveless,0.0,0.0188679245283018,0.018829869830404918
5309,110,SS19,sleeveless,0.0377358490566037,0.0188679245283018,0.053173236848852806
5309,6,SS19,sleeveless,0.0188679245283018,0.0566037735849056,0.030874780591145456
5246,4,SS19,long sleeve,0.0377358490566037,0.0,0.020583185402527425
5279,104,SS19,doll dress,0.0188679245283018,0.0188679245283018,0.02915951472176413
5259,75,SS19,patterned top,0.0188679245283018,0.0,0.013722125356975081
5309,99,SS19,sleeveless,0.0,0.0377358490566037,0.0394511099176416
5309,16,SS19,sleeveless,0.0,0.0,0.046312173360652326
5259,50,SS19,patterned top,0.0188679245283018,0.0,0.013722121921302602
5309,50,SS19,sleeveless,0.0188679245283018,0.0377358490566037,0.05488850271941288
5148,46,SS19,sleeveless,0.0,0.0,0.020583185394872822
5270,57,SS19,long dress,0.0188679245283018,0.0,0.017152653665480178
5270,29,SS19,long dress,0.0,0.0,0.03602058300835772
5259,45,SS19,patterned top,0.0,0.0377358490566037,0.015437387795052276
5314,65,SS19,gitana skirt,0.0,0.0,0.01372212192891305
5314,86,SS19,gitana skirt,0.0,0.0,0.012006859470880385
5314,110,SS19,gitana skirt,0.0,0.0188679245283018,0.010291590198261986
5314,22,SS19,gitana skirt,0.0188679245283018,0.0,5.202392926598352e-06
5314,69,SS19,gitana skirt,0.0,0.0,0.010291590197636386
5299,77,SS19,short sleeves,0.0,0.0,0.012006856062808957
5309,28,SS19,sleeveless,0.0,0.0188679245283018,0.04974270511810204
5259,15,SS19,patterned top,0.0,0.0566037735849056,0.025728982989403907
5272,47,SS19,shorts,0.0,0.0,0.01886791953336414
5330,20,SS19,short sleeves,0.0,0.0,0.0008088427676949723
5246,38,SS19,long sleeve,0.0377358490566037,0.0188679245283018,0.017152653657427745
5237,28,SS19,gitana skirt,0.0,0.0,0.010291590197469419
5294,54,SS19,shorts,0.0,0.0,0.0014271407396573242
5330,50,SS19,short sleeves,0.0188679245283018,0.0566037735849056,0.015437387795718033
5330,75,SS19,short sleeves,0.0,0.0,0.02401371712440691
5330,19,SS19,short sleeves,0.0,0.0,0.017152653671026426
5330,66,SS19,short sleeves,0.0,0.0,0.013722121927807633
5148,48,SS19,sleeveless,0.0,0.0,0.02058318538627327
5246,109,SS19,long sleeve,0.0,0.0,0.03945110994163871
5272,45,SS19,shorts,0.0,0.0,5.872287917316642e-14
5207,84,SS19,doll dress,0.0,0.0,0.03602057819326379
5246,72,SS19,long sleeve,0.0566037735849056,0.0,1.177808126140441e-11
5246,85,SS19,long sleeve,0.0,0.0,0.0005324291940033433
5246,32,SS19,long sleeve,0.0377358490566037,0.0377358490566037,0.024013717133928313
5237,66,SS19,gitana skirt,0.0,0.0,0.017152653666092043
5224,23,SS19,long sleeve,0.0,0.0,0.013722121930691793
5272,41,SS19,shorts,0.0,0.0,0.008741184829258949
5148,28,SS19,sleeveless,0.0,0.0188679245283018,0.013722121930604302
5246,35,SS19,long sleeve,0.0,0.0,0.020583185396145075
4210,32,SS19,culottes,0.0377358490566037,0.0188679245283018,0.020583185400499446
5234,0,SS19,short sleeves,0.0,0.0,0.01543738779816309
5148,95,SS19,sleeveless,0.0,0.0,2.81153988979098e-10
5300,27,SS19,culottes,0.0188679245283018,0.0377358490566037,0.020583185386948446
5199,54,SS19,long sleeve,0.0,0.0188679245283018,0.017152653661956986
5322,23,SS19,long dress,0.0,0.0,0.001264610360011496
5309,90,SS19,sleeveless,0.1132075471698113,0.0,0.029159514735454584
4209,23,SS19,culottes,0.0,0.0,0.015437387798322657
5329,30,SS19,sleeveless,0.0,0.0188679245283018,0.018867924809455785
5305,49,SS19,long dress,0.0,0.0,0.02730394128175474
5329,2,SS19,sleeveless,0.0,0.0,0.020583185420816795
5329,10,SS19,sleeveless,0.0377358490566037,0.0377358490566037,0.024013717130126313
5309,95,SS19,sleeveless,0.0,0.0,0.0394511099714994
5305,65,SS19,long dress,0.0188679245283018,0.0,5.296978795382617e-15
5309,4,SS19,sleeveless,0.0,0.0,0.0031627173101312477
5110,42,SS19,short sleeves,0.0,0.0,0.010291590197058964
5300,61,SS19,culottes,0.0188679245283018,0.0188679245283018,0.02058318539463516
5309,59,SS19,sleeveless,0.0,0.0,0.04116637571705765
5170,64,SS19,jumpsuit,0.0,0.0,0.010291590200889749
5309,102,SS19,sleeveless,0.0,0.0566037735849056,0.03602057818594624
5309,25,SS19,sleeveless,0.0,0.0377358490566037,0.027444248854158554
5110,29,SS19,short sleeves,0.0,0.0377358490566037,0.01543738779591718
5313,2,SS19,shorts,0.0,0.0,0.0012218234149357894
5188,45,SS19,sleeveless,0.0,0.0,0.015437387796647023
5309,57,SS19,sleeveless,0.0,0.0,0.058319034445112494
5309,104,SS19,sleeveless,0.0188679245283018,0.0377358490566037,0.024013717120363206
5224,24,SS19,long sleeve,0.0,0.0,0.009043353180372244
5188,3,SS19,sleeveless,0.0,0.0,0.02058318539932164
5329,48,SS19,sleeveless,0.0377358490566037,0.0,0.01886791952687899
5302,104,SS19,sleeveless,0.0,0.0,0.013722121930896208
5313,10,SS19,shorts,0.0377358490566037,0.0,0.02229845126835297
5309,21,SS19,sleeveless,0.0,0.0,0.03602057819288313
5300,82,SS19,culottes,0.0,0.0,0.010573881585112074
5300,83,SS19,culottes,0.0,0.0,0.018867919523735656
5300,72,SS19,culottes,0.0,0.0,0.0015200686526085693
5234,95,SS19,short sleeves,0.0377358490566037,0.0,0.01715265366250666
5301,12,SS19,short sleeves,0.0188679245283018,0.0,0.010291590195131617
5309,24,SS19,sleeveless,0.0,0.0,0.04631217338627876
5317,76,SS19,short sleeves,0.0188679245283018,0.0377358490566037,0.018867919524603278
5309,51,SS19,sleeveless,0.0,0.0188679245283018,0.05831903444587111
5309,68,SS19,sleeveless,0.0,0.0188679245283018,0.041166375792190596
5309,1,SS19,sleeveless,0.0,0.0,0.006413475906391681
5305,38,SS19,long dress,0.0,0.0188679245283018,0.01394444815004606
4210,28,SS19,culottes,0.0188679245283018,0.0,0.02058318538842794
5317,52,SS19,short sleeves,0.0,0.0566037735849056,0.020583185385917944
4210,60,SS19,culottes,0.0,0.0,0.015437387797502167
5291,30,SS19,solid color top,0.0188679245283018,0.0188679245283018,0.01372212193105901
5201,24,SS19,long dress,0.0377358490566037,0.0,0.015437387794752889
5201,77,SS19,long dress,0.0188679245283018,0.0188679245283018,0.008576324331619197
5309,47,SS19,sleeveless,0.0,0.0,0.002985671213078097
5291,80,SS19,solid color top,0.0377358490566037,0.0,0.01543738778352898
5246,44,SS19,long sleeve,0.0,0.0,0.029159514721367127
5309,42,SS19,sleeveless,0.0,0.0,0.022298451264180463
5309,101,SS19,sleeveless,0.0,0.0,0.025728982994953423
5309,27,SS19,sleeveless,0.0188679245283018,0.0188679245283018,0.02915952218747029
5224,82,SS19,long sleeve,0.0,0.0,0.017152653664826708
5309,109,SS19,sleeveless,0.0,0.0377358490566037,0.032590046456475945
5309,82,SS19,sleeveless,0.0,0.0,0.04802744290191053
5309,107,SS19,sleeveless,0.0188679245283018,0.0,0.03945110992438663
5309,83,SS19,sleeveless,0.0566037735849056,0.0377358490566037,0.03945110991370206
5234,42,SS19,short sleeves,0.0,0.0,0.01200685606325319
5309,72,SS19,sleeveless,0.0,0.0,0.025728982987734784
5300,69,SS19,culottes,0.0,0.0,0.0171526536593263
5330,40,SS19,short sleeves,0.0,0.0,0.017152653661698384
5251,75,SS19,culottes,0.0377358490566037,0.0188679245283018,0.018867924528301803
5286,36,SS19,shorts,0.0,0.0188679245283018,0.015437391245877181
5316,68,SS19,culottes,0.0,0.0377358490566037,0.030874780591965145
5287,69,SS19,shorts,0.0,0.0,0.020583185391746278
5287,46,SS19,shorts,0.0,0.0,0.01886791952945047
3867,104,SS19,short sleeves,0.0,0.0188679245283018,0.01543738779705236
5287,63,SS19,shorts,0.0,0.0,0.0018936406383470872
5269,51,SS19,culottes,0.0,0.0,0.015437387797496482
5269,50,SS19,culottes,0.0,0.0,0.024013717119069744
5269,56,SS19,culottes,0.0188679245283018,0.0188679245283018,0.01372212193005439
5269,110,SS19,culottes,0.0,0.0,0.010291593592639137
5269,31,SS19,culottes,0.0,0.0,0.005583203140011879
5245,61,SS19,culottes,0.0,0.0188679245283018,0.012401815692239233
5316,1,SS19,culottes,0.0,0.0,2.790781518181576e-33
5267,63,SS19,solid color top,0.0,0.0188679245283018,0.013722121931260609
5267,0,SS19,solid color top,0.0188679245283018,0.0,0.008576324329834354
5316,47,SS19,culottes,0.0,0.0,0.02572898300016326
5328,95,SS19,patterned top,0.0,0.0188679245283018,0.012006856065255596
5257,29,SS19,solid color top,0.0188679245283018,0.0377358490566037,0.01029159019423893
5316,90,SS19,culottes,0.0,0.0,0.020519556619953486
5216,60,SS19,doll dress,0.0188679245283018,0.0,0.003914579049362164
5261,3,SS19,solid color top,0.0,0.0,0.02401371713121917
5261,5,SS19,solid color top,0.0566037735849056,0.0,0.010291590195321752
5216,51,SS19,doll dress,0.0,0.0,0.018867919530036012
5216,83,SS19,doll dress,0.0,0.0188679245283018,0.015437387760647205
5216,35,SS19,doll dress,0.0,0.0,1.8061507020717232e-05
5267,75,SS19,solid color top,0.0188679245283018,0.0188679245283018,0.013722121933394643
5328,62,SS19,patterned top,0.0,0.0188679245283018,0.01029159019718814
5328,30,SS19,patterned top,0.0,0.0,2.0343746116051095e-05
5263,18,SS19,culottes,0.0,0.0,0.012006856062713074
5263,110,SS19,culottes,0.0,0.0,0.004246709676904055
5263,9,SS19,culottes,0.0,0.0,0.0019646931708307194
5316,83,SS19,culottes,0.0,0.0,0.010816398159046278
5221,30,SS19,sleeveless,0.0,0.0,0.007904681756542447
5316,107,SS19,culottes,0.0188679245283018,0.0,0.018716065492126944
5221,80,SS19,sleeveless,0.0,0.0,0.007293908865803897
5267,45,SS19,solid color top,0.0,0.0188679245283018,0.017152656641316964
5320,7,SS19,long sleeve,0.0,0.0,0.012006863463458164
5316,82,SS19,culottes,0.0,0.0,0.03945110990874809
5292,35,SS19,drop sleeve,0.0,0.0377358490566037,0.01886791952786746
5120,74,SS19,solid color top,0.0,0.0,0.020583185393503914
5267,47,SS19,solid color top,0.0,0.0,0.020583185393816185
5316,61,SS19,culottes,0.0,0.0,9.302605153018298e-34
5316,27,SS19,culottes,0.0188679245283018,0.0377358490566037,0.04457671504368893
5316,101,SS19,culottes,0.0,0.0,3.730245297137705e-09
5267,46,SS19,solid color top,0.0,0.0,0.010307250092729902
5316,85,SS19,culottes,0.0,0.0,0.044596911438855594
5327,75,SS19,patterned top,0.0,0.0,0.006015677831843303
5247,90,SS19,long sleeve,0.0754716981132075,0.0,0.001996268655957407
5247,35,SS19,long sleeve,0.0,0.0,0.00085032767775169
5247,61,SS19,long sleeve,0.0,0.0,0.018867919531448462
5247,27,SS19,long sleeve,0.0,0.0188679245283018,0.0188679245283018
5247,20,SS19,long sleeve,0.0,0.0377358490566037,0.03259004645720135
5247,47,SS19,long sleeve,0.0,0.0,0.005162394083424096
5247,52,SS19,long sleeve,0.0188679245283018,0.0,0.009117372566539064
5173,26,SS19,kimono dress,0.0188679245283018,0.0188679245283018,0.010291590197268585
5284,83,SS19,long dress,0.0377358490566037,0.0188679245283018,0.012006856063753433
5251,4,SS19,culottes,0.0,0.0,0.010291592972253575
5250,18,SS19,long dress,0.0943396226415094,0.0188679245283018,0.018867919526897786
5251,0,SS19,culottes,0.0188679245283018,0.0,0.008576324329051416
5247,39,SS19,long sleeve,0.0566037735849056,0.0566037735849056,0.040049116027021464
5324,59,SS19,long sleeve,0.0,0.0188679245283018,0.010291594859374751
5324,69,SS19,long sleeve,0.0377358490566037,0.0,0.018867919520192025
5273,31,SS19,sleeveless,0.0188679245283018,0.0,0.010291590195485584
3869,69,SS19,long dress,0.0,0.0,0.01200685605965013
5247,19,SS19,long sleeve,0.0,0.0,0.02572898298372097
5324,51,SS19,long sleeve,0.0,0.0,0.01886791952544487
5324,28,SS19,long sleeve,0.0,0.0,0.012006856064342595
5247,49,SS19,long sleeve,0.0,0.0,0.013722126974254447
5247,2,SS19,long sleeve,0.0,0.0377358490566037,0.029159514716090938
5296,59,SS19,culottes,0.0,0.0,0.018867919528988978
5277,33,SS19,culottes,0.0188679245283018,0.0188679245283018,0.02229845125913878
5277,52,SS19,culottes,0.0188679245283018,0.0377358490566037,0.015437387792868185
5290,69,SS19,long sleeve,0.0,0.0,0.025728983006450733
5190,82,SS19,solid color top,0.0,0.0,0.013722121930687049
5247,21,SS19,long sleeve,0.0188679245283018,0.0377358490566037,0.022298451258620074
5149,77,SS19,capris,0.0,0.0,0.00021936186331089223
5316,45,SS19,culottes,0.0188679245283018,0.0,0.037735844070326485
5316,52,SS19,culottes,0.0,0.0188679245283018,0.0291595147232523
5268,38,SS19,printed shirt,0.0,0.0,0.013137406697481875
5268,24,SS19,printed shirt,0.0,0.0,0.02744424885228376
5245,95,SS19,culottes,0.0188679245283018,0.0,0.02058318539676096
5245,4,SS19,culottes,0.0188679245283018,0.0943396226415094,0.03602057817507256
5245,25,SS19,culottes,0.0,0.0,0.013722121930294333
5268,93,SS19,printed shirt,0.0,0.0188679245283018,0.018867924247147814
5286,47,SS19,shorts,0.0,0.0188679245283018,0.01715265366097924
5275,65,SS19,gitana skirt,0.0,0.0,0.01543739256901933
5275,10,SS19,gitana skirt,0.0,0.0,0.017152653670479
5278,21,SS19,long sleeve,0.0,0.0,0.012006856066402333
5262,75,SS19,culottes,0.0,0.0,0.017152653666230273
5206,67,SS19,shorts,0.0,0.0,0.010291590197483672
5278,38,SS19,long sleeve,0.0188679245283018,0.0,0.012006856066110017
5278,48,SS19,long sleeve,0.0,0.0,0.012006856063845297
5275,3,SS19,gitana skirt,0.0566037735849056,0.0377358490566037,0.015437387793378913
5327,48,SS19,patterned top,0.0,0.0,0.018867919517430318
5316,0,SS19,culottes,0.0,0.0,0.013722121928785953
5257,51,SS19,solid color top,0.0188679245283018,0.0,0.018867919523703498
5215,94,SS19,jumpsuit,0.0,0.0,0.01886791952258015
5143,5,SS19,capris,0.0,0.0,0.013722121930637444
5198,59,SS19,culottes,0.0,0.0188679245283018,0.017152653661096275
5198,104,SS19,culottes,0.0377358490566037,0.0188679245283018,0.010291590197430034
5226,76,SS19,culottes,0.0,0.0188679245283018,0.018867919512839483
5226,47,SS19,culottes,0.0,0.0,6.310133790502148e-07
5226,42,SS19,culottes,0.0188679245283018,0.0,0.017152653658267642
5143,74,SS19,capris,0.0,0.0,0.018867919526289797
5260,4,SS19,culottes,0.0,0.0,0.013722121928118699
5260,76,SS19,culottes,0.0,0.0188679245283018,0.013722121929459737
5260,3,SS19,culottes,0.0188679245283018,0.0188679245283018,0.01200685606464817
5260,110,SS19,culottes,0.0188679245283018,0.0,0.010291590197254173
5260,80,SS19,culottes,0.0,0.0,0.006699887428657362
5143,0,SS19,capris,0.0188679245283018,0.0,0.003176849245915713
5226,35,SS19,culottes,0.0,0.0188679245283018,0.024013717125179992
5147,66,SS19,capris,0.0,0.0,0.0015690065905230022
5287,31,SS19,shorts,0.0,0.0,0.0012945264780552508
5260,10,SS19,culottes,0.0,0.0,0.022298451259287533
5107,95,SS19,long dress,0.0,0.0,0.010291590197266567
5252,59,SS19,culottes,0.0188679245283018,0.0188679245283018,0.008576324331462062
5252,69,SS19,culottes,0.0188679245283018,0.0377358490566037,0.033686504179873386
5287,22,SS19,shorts,0.0,0.0,0.01715265366745975
5311,66,SS19,jumpsuit,0.0,0.0,0.022298451257217054
5226,100,SS19,culottes,0.0,0.0,0.027444248850753982
5283,18,SS19,shorts,0.0,0.0,0.012006856063197137
5198,46,SS19,culottes,0.0,0.0,0.017152653667693047
5283,81,SS19,shorts,0.0,0.0,0.022298451265300674
5198,107,SS19,culottes,0.0377358490566037,0.0,0.0038696189908959174
5125,44,SS19,culottes,0.0188679245283018,0.0,0.018867919531294488
5125,100,SS19,culottes,0.0,0.0,0.02572898299480393
5125,27,SS19,culottes,0.0,0.0188679245283018,0.010404307651924287
5125,15,SS19,culottes,0.0,0.0188679245283018,0.027444252831761804
5125,23,SS19,culottes,0.0,0.0188679245283018,0.022298451259876055
5146,31,SS19,culottes,0.0,0.0188679245283018,0.018867919521148434
5145,76,SS19,doll dress,0.0,0.0,0.012006856062109005
5146,48,SS19,culottes,0.0,0.0,0.02058318539687686
5155,56,SS19,culottes,0.0,0.0,0.006641722835560099
5219,46,SS19,culottes,0.0,0.0,0.012006856064102888
5220,32,SS19,culottes,0.0188679245283018,0.0377358490566037,0.010291590197884774
5220,107,SS19,culottes,0.0,0.0,0.010692049611017301
5311,73,SS19,jumpsuit,0.0188679245283018,0.0566037735849056,0.03430531232391519
5220,33,SS19,culottes,0.0,0.0377358490566037,0.03764154675122935
5220,73,SS19,culottes,0.0,0.0188679245283018,0.015437387793720708
5220,14,SS19,culottes,0.0,0.0,0.015437387796893303
5146,24,SS19,culottes,0.0377358490566037,0.0188679245283018,0.02229845126328569
5146,72,SS19,culottes,0.0,0.0,0.01023497437724235
5146,0,SS19,culottes,0.0188679245283018,0.0,0.01886791952724107
5198,54,SS19,culottes,0.0,0.0,0.018867919529306665
5215,23,SS19,jumpsuit,0.0188679245283018,0.0188679245283018,0.015437387796235645
5198,48,SS19,culottes,0.0,0.0188679245283018,0.01715265366058437
5283,51,SS19,shorts,0.0188679245283018,0.0,0.007928544629986482
5198,50,SS19,culottes,0.0,0.0188679245283018,0.017152653661229745
5198,52,SS19,culottes,0.0,0.0,0.004776495557850746
5215,32,SS19,jumpsuit,0.0188679245283018,0.0377358490566037,0.017152653666312828
5215,107,SS19,jumpsuit,0.0188679245283018,0.0377358490566037,0.013722121929319526
5198,77,SS19,culottes,0.0,0.0,0.017152658629300245
5220,16,SS19,culottes,0.0,0.0,0.018867919530574904
5311,9,SS19,jumpsuit,0.0,0.0566037735849056,0.07204116140539585
5311,110,SS19,jumpsuit,0.0188679245283018,0.0943396226415094,0.05882362371498202
5134,75,SS19,drop sleeve,0.0,0.0,0.010291590197347102
5318,38,SS19,jumpsuit,0.0,0.0188679245283018,0.012006856064603857
5318,83,SS19,jumpsuit,0.0,0.0,0.020583185397386596
5318,32,SS19,jumpsuit,0.0,0.0,0.013722121924422551
5318,102,SS19,jumpsuit,0.0,0.0,0.018867919527799544
5318,104,SS19,jumpsuit,0.0,0.0,0.011279496126625026
5193,59,SS19,long dress,0.0,0.0,1.0470027385567033e-11
5156,22,SS19,solid color top,0.0,0.0,6.147918101095444e-10
5282,74,SS19,long sleeve,0.0,0.0,0.020583185394299035
5158,9,SS19,solid color top,0.0,0.0,0.0137221219288165
5318,22,SS19,jumpsuit,0.0,0.0,1.0532009047297405e-05
5158,24,SS19,solid color top,0.0188679245283018,0.0,0.015437387797109738
5316,104,SS19,culottes,0.0,0.0188679245283018,0.02915951473060844
5316,102,SS19,culottes,0.0,0.0377358490566037,0.027444248860072958
5257,7,SS19,solid color top,0.0,0.0566037735849056,0.015437387793494491
5316,59,SS19,culottes,0.0,0.0,0.009708286168231108
5257,16,SS19,solid color top,0.0,0.0188679245283018,0.013722121929303603
5257,22,SS19,solid color top,0.0,0.0188679245283018,0.019489766945352545
5327,46,SS19,patterned top,0.0,0.0,0.0008441152330764283
5327,32,SS19,patterned top,0.0,0.0188679245283018,0.01200685606402047
5327,83,SS19,patterned top,0.0,0.0188679245283018,0.012006856064386326
5327,42,SS19,patterned top,0.0,0.0188679245283018,0.01200685606425819
5327,3,SS19,patterned top,0.0,0.0188679245283018,0.011455730100845685
5290,40,SS19,long sleeve,0.0188679245283018,0.0188679245283018,0.01200685606323398
5318,3,SS19,jumpsuit,0.0,0.0,0.00018981388985490303
5318,79,SS19,jumpsuit,0.0,0.0,0.020583185391707105
4152,38,SS19,drop sleeve,0.0,0.0,0.01372212193081182
5311,5,SS19,jumpsuit,0.0,0.0,0.021693110510042787
5218,59,SS19,long sleeve,0.0,0.0,0.01886791952221796
5311,56,SS19,jumpsuit,0.0754716981132075,0.0188679245283018,0.042881649141948024
5144,42,SS19,maxi,0.0,0.0188679245283018,0.01029159019732174
5132,62,SS19,maxi,0.0,0.0,0.01715265366352281
5218,57,SS19,long sleeve,0.0,0.0,0.02572898299283632
5244,23,SS19,long sleeve,0.0188679245283018,0.0566037735849056,0.03259004644225899
5132,64,SS19,maxi,0.0,0.0,0.013722121929639964
5311,45,SS19,jumpsuit,0.0566037735849056,0.0377358490566037,0.03773584405772284
5218,23,SS19,long sleeve,0.0,0.0,0.01886791952578791
5318,73,SS19,jumpsuit,0.0,0.0188679245283018,0.017411382113091588
5179,117,SS19,doll dress,0.0188679245283018,0.0,0.006849490932141975
5311,68,SS19,jumpsuit,0.0,0.0,0.020583185400572093
5311,38,SS19,jumpsuit,0.0377358490566037,0.0,0.013722121928680098
5179,72,SS19,doll dress,0.0,0.0,0.0005540910142191437
5311,74,SS19,jumpsuit,0.0,0.0,1.8728617735736094e-25
5311,35,SS19,jumpsuit,0.0377358490566037,0.0188679245283018,0.0445969075391227
5311,46,SS19,jumpsuit,0.0,0.0,0.02915951472522908
5311,95,SS19,jumpsuit,0.0,0.0,0.025728982988166945
5311,63,SS19,jumpsuit,0.0,0.0,0.013722121932449422
5311,23,SS19,jumpsuit,0.0,0.0188679245283018,0.03087478059074541
5318,94,SS19,jumpsuit,0.0,0.0,0.030874780585173976
5195,72,SS19,long sleeve,0.0188679245283018,0.0188679245283018,0.013722121927740492
5318,48,SS19,jumpsuit,0.0,0.0,0.01715265366029541
5290,101,SS19,long sleeve,0.0,0.0566037735849056,0.010291590197020722
5307,24,SS19,jumpsuit,0.0,0.0,5.528547077650528e-05
5240,29,SS19,long sleeve,0.0,0.0,0.004775856116786031
5222,32,SS19,culottes,0.0,0.0377358490566037,0.017152653662398428
5222,21,SS19,culottes,0.0188679245283018,0.0,0.010291590197720517
4206,8,SS19,solid color top,0.0,0.0,0.013722121927525562
5275,102,SS19,gitana skirt,0.0,0.0377358490566037,0.012006856065651514
5290,51,SS19,long sleeve,0.0,0.0,0.018867919524666297
5275,90,SS19,gitana skirt,0.0,0.0,0.012006856060255852
5233,15,SS19,long sleeve,0.0,0.0,0.017152653664892326
5276,42,SS19,sleeveless,0.0,0.0,0.013722121925529214
5276,3,SS19,sleeveless,0.0,0.0754716981132075,0.0754716978320535
5222,110,SS19,culottes,0.0,0.0188679245283018,0.012006856065391522
5236,13,SS19,gitana skirt,0.0188679245283018,0.0188679245283018,0.015437387797209597
5288,24,SS19,solid color top,0.0,0.0,0.0009332134505846378
5288,101,SS19,solid color top,0.0,0.0,0.01372212192989908
5321,47,SS19,solid color top,0.0,0.0188679245283018,0.012006856064315846
5321,20,SS19,solid color top,0.0,0.0,0.015437387793407961
5306,75,SS19,solid color top,0.0188679245283018,0.0377358490566037,0.012006856060235632
5306,0,SS19,solid color top,0.0377358490566037,0.0754716981132075,0.01886792534975209
5315,65,SS19,solid color top,0.0188679245283018,0.0377358490566037,0.013722121935480499
5307,104,SS19,jumpsuit,0.0,0.0,0.012006856063715743
5315,67,SS19,solid color top,0.0,0.0566037735849056,0.05660377330375161
5236,48,SS19,gitana skirt,0.0,0.0188679245283018,0.01372212192987798
5236,80,SS19,gitana skirt,0.0188679245283018,0.0377358490566037,0.02229845675356525
5196,66,SS19,culottes,0.0377358490566037,0.0377358490566037,0.024920940713644778
5196,84,SS19,culottes,0.0,0.0,0.002087069600248612
5316,54,SS19,culottes,0.0,0.0,0.024013717125328005
5265,48,SS19,sleeveless,0.0,0.0,0.001415459175422573
5253,72,SS19,long dress,0.0,0.0,1.0290823896201689e-08
5276,65,SS19,sleeveless,0.0377358490566037,0.0188679245283018,0.008576324330939562
5253,20,SS19,long dress,0.0,0.0,2.7907815874913845e-33
5253,42,SS19,long dress,0.0754716981132075,0.0,0.009733368294466077
5253,27,SS19,long dress,0.0,0.0,0.022298451239161573
5211,25,SS19,culottes,0.0,0.0,0.010291590197803319
5196,110,SS19,culottes,0.0188679245283018,0.0188679245283018,0.024013717134611486
5265,39,SS19,sleeveless,0.0,0.0,0.0008385466801464365
5242,38,SS19,printed shirt,0.0,0.0,0.02229845675861097
5297,75,SS19,long dress,0.0,0.0,0.022298451274323686
5297,0,SS19,long dress,0.0188679245283018,0.0566037735849056,0.017152653666967572
5297,18,SS19,long dress,0.0,0.0,0.008523779742245809
5297,90,SS19,long dress,0.0754716981132075,0.0,0.020583190332715925
5304,80,SS19,long dress,0.0188679245283018,0.0188679245283018,0.020583185392484847
5304,75,SS19,long dress,0.0754716981132075,0.0,0.017152653665987862
5297,40,SS19,long dress,0.0188679245283018,0.0377358490566037,0.05488850272797122
5297,53,SS19,long dress,0.0,0.0377358490566037,0.024013717128843367
5297,85,SS19,long dress,0.0,0.0,0.02229845126909156
5297,82,SS19,long dress,0.0566037735849056,0.0188679245283018,0.04631217921423134
5297,101,SS19,long dress,0.0,0.0,0.018867923563672853
5304,12,SS19,long dress,0.0188679245283018,0.0377358490566037,0.0553482507007966
5297,42,SS19,long dress,0.0,0.0,0.015437387793258633
5304,22,SS19,long dress,0.0,0.0188679245283018,0.012006856063201957
5264,2,SS19,solid color top,0.0,0.0,0.020583185401803258
5304,40,SS19,long dress,0.0377358490566037,0.0,0.015437387799052254
5270,45,SS19,long dress,0.0377358490566037,0.0188679245283018,0.012006856062837454
5270,52,SS19,long dress,0.0188679245283018,0.0,0.015437387795007342
5270,33,SS19,long dress,0.0,0.0188679245283018,0.027444248862020692
5270,93,SS19,long dress,0.0377358490566037,0.0377358490566037,0.022298457274696072
5304,57,SS19,long dress,0.0377358490566037,0.0,0.013722121927509287
5304,21,SS19,long dress,0.0188679245283018,0.0188679245283018,0.013722121928645647
5297,104,SS19,long dress,0.0,0.0,0.01543738779591439
5304,4,SS19,long dress,0.0,0.0,0.012006856063267794
5297,25,SS19,long dress,0.0566037735849056,0.0,0.008576324337677806
5304,36,SS19,long dress,0.1320754716981132,0.0377358490566037,0.02755172795865121
4217,56,SS19,culottes,0.0,0.0,0.02572898782792822
5297,59,SS19,long dress,0.0,0.0,0.0016082246694753778
5264,75,SS19,solid color top,0.0,0.0,0.0031734654812299707
5264,3,SS19,solid color top,0.0,0.0,0.0016313414023388113
5264,50,SS19,solid color top,0.0,0.0,0.03087478050796023
5295,15,SS19,jumpsuit,0.0,0.0,0.011808126718550067
5297,117,SS19,long dress,0.0188679245283018,0.0,0.01588770932393396
5295,12,SS19,jumpsuit,0.0,0.0,0.07204116130573623
5211,117,SS19,culottes,0.0,0.0188679245283018,0.010291590197355873
5297,5,SS19,long dress,0.0,0.0,0.03773584407118581
5192,66,SS19,sleeveless,0.0,0.0,0.012006856061920099
5297,3,SS19,long dress,0.0,0.0,0.04631217338973208
5127,25,SS19,sleeveless,0.0377358490566037,0.0,0.0037921950739670447
5297,110,SS19,long dress,0.0,0.0,5.623079612001141e-10
5297,9,SS19,long dress,0.0,0.0,0.03430531231249347
5236,30,SS19,gitana skirt,0.0,0.0188679245283018,0.020583185389740286
5297,43,SS19,long dress,0.0,0.0188679245283018,0.0428816452259425
5295,19,SS19,jumpsuit,0.0,0.0,0.03087478481343194
5297,50,SS19,long dress,0.0,0.0188679245283018,0.025728982990124938
5295,86,SS19,jumpsuit,0.0,0.0,0.004069358375489559
5295,110,SS19,jumpsuit,0.0188679245283018,0.0377358490566037,0.024013717128938145
5297,1,SS19,long dress,0.0,0.0,9.302605430257533e-34
5264,51,SS19,solid color top,0.0,0.0,6.242872454543942e-26
5264,81,SS19,solid color top,0.0,0.0,0.012006856063769772
5297,68,SS19,long dress,0.0,0.0,0.027444248863292515
5297,77,SS19,long dress,0.0,0.0,0.005666532782975372
5280,39,SS19,solid color top,0.0,0.0,0.003190404104995611
5295,29,SS19,jumpsuit,0.0188679245283018,0.0,0.02401372118567187
5317,57,SS19,short sleeves,0.0,0.0,0.029159514738219188
5295,83,SS19,jumpsuit,0.0188679245283018,0.0188679245283018,0.024013720397133797
5229,30,SS19,short sleeves,0.0377358490566037,0.0188679245283018,0.018867919526353166
5295,27,SS19,jumpsuit,0.0188679245283018,0.0188679245283018,0.01372212192891791
5295,42,SS19,jumpsuit,0.0,0.0,0.025728982992710366
5295,20,SS19,jumpsuit,0.0,0.0,0.030874784835131095
5295,76,SS19,jumpsuit,0.0,0.0,0.029159514729443364
5295,45,SS19,jumpsuit,0.0,0.0188679245283018,0.01886791952710218
5295,5,SS19,jumpsuit,0.0,0.0,0.02744424885256928
5197,30,SS19,short sleeves,0.0,0.0188679245283018,0.01715265365660996
5317,104,SS19,short sleeves,0.0188679245283018,0.0,0.012006856064012606
5316,9,SS19,culottes,0.0,0.0,5.3748702249534554e-08
5316,28,SS19,culottes,0.0,0.0,0.03259004646266023
5316,60,SS19,culottes,0.0,0.0,4.1895208476420815e-18
5233,77,SS19,long sleeve,0.0188679245283018,0.0377358490566037,0.017152653668631817
5275,83,SS19,gitana skirt,0.0188679245283018,0.0188679245283018,0.015437387796125189
5204,32,SS19,culottes,0.0,0.0,0.006127531017846648
5316,99,SS19,culottes,0.0,0.0188679245283018,0.03430531232124245
5274,16,SS19,sleeveless,0.0,0.0,0.015437387799790595
5316,75,SS19,culottes,0.0,0.0,0.03945110991729785
5196,18,SS19,culottes,0.0188679245283018,0.0,0.01715265366117315
5316,31,SS19,culottes,0.0,0.0188679245283018,0.06689536376503404
5204,73,SS19,culottes,0.0,0.0188679245283018,0.01029159019668674
5196,44,SS19,culottes,0.0,0.0,0.010291590196477901
5253,23,SS19,long dress,0.0188679245283018,0.0188679245283018,0.022298451270308578
5204,90,SS19,culottes,0.0,0.0,0.013722121933860005
5204,31,SS19,culottes,0.0188679245283018,0.0,0.00020071978738846414
5290,5,SS19,long sleeve,0.0188679245283018,0.0,0.010291590196988037
5316,50,SS19,culottes,0.0,0.0,0.04802743927916014
5290,10,SS19,long sleeve,0.0,0.0188679245283018,0.015437387798769193
5196,64,SS19,culottes,0.0,0.0188679245283018,0.013722121929508526
5161,68,SS19,patterned top,0.0,0.0,0.006861058467096759
5290,3,SS19,long sleeve,0.0,0.0566037735849056,0.02229845125772388
5290,14,SS19,long sleeve,0.0,0.0188679245283018,0.013722121924676454
5161,82,SS19,patterned top,0.0,0.0,0.005575318147283295
5316,93,SS19,culottes,0.0,0.0,7.73145938294725e-06
5297,93,SS19,long dress,0.0,0.0377358490566037,0.04116637577885761
5297,28,SS19,long dress,0.0,0.0,0.016189130766447377
5297,99,SS19,long dress,0.0,0.0,6.242872454543941e-26
5235,48,SS19,gitana skirt,0.0188679245283018,0.0,0.012006856061655595
5311,51,SS19,jumpsuit,0.0,0.0,0.024013717128143975
5192,6,SS19,sleeveless,0.0188679245283018,0.0,0.008576324331111539
5246,52,SS19,long sleeve,0.0188679245283018,0.0188679245283018,0.01715265366370371
5244,64,SS19,long sleeve,0.0,0.0,0.024013717128185008
5294,28,SS19,shorts,0.0,0.0,0.010291590197244687
5311,16,SS19,jumpsuit,0.0,0.0,0.034305312322771855
5294,39,SS19,shorts,0.0,0.0,6.242872640596042e-26
5196,104,SS19,culottes,0.0,0.0,0.018867919541539224
5247,83,SS19,long sleeve,0.0,0.0188679245283018,0.017152657175407253
5247,25,SS19,long sleeve,0.0,0.0,0.017152657191639192
5305,75,SS19,long dress,0.0,0.0,0.0007569032132615092
5318,110,SS19,jumpsuit,0.0188679245283018,0.0566037735849056,0.030874786681925864
5318,56,SS19,jumpsuit,0.0,0.0,0.006687931085534886
5244,11,SS19,long sleeve,0.0,0.0188679245283018,0.015437387795003492
5318,51,SS19,jumpsuit,0.0,0.0,0.01886791952991005
5318,1,SS19,jumpsuit,0.0,0.0,0.000794558669486716
5318,42,SS19,jumpsuit,0.0,0.0188679245283018,0.012006856065273163
5318,107,SS19,jumpsuit,0.0188679245283018,0.0188679245283018,0.013722121931831376
5318,90,SS19,jumpsuit,0.0,0.0,0.006861058467003615
5311,20,SS19,jumpsuit,0.0188679245283018,0.0,4.189520910070807e-18
5275,93,SS19,gitana skirt,0.0188679245283018,0.0,0.013722121931850814
5297,84,SS19,long dress,0.0,0.0,0.017152653659875953
5244,27,SS19,long sleeve,0.0,0.0377358490566037,0.020583185395068884
5297,6,SS19,long dress,0.0,0.0188679245283018,0.018867924247147814
5311,25,SS19,jumpsuit,0.0,0.0,0.018867919528607738
5311,104,SS19,jumpsuit,0.0,0.0,0.01886791952936357
5297,60,SS19,long dress,0.0,0.0,0.007412225411902128
5236,7,SS19,gitana skirt,0.0188679245283018,0.0188679245283018,0.02058318538776275
4217,6,SS19,culottes,0.0,0.0,4.716863207561897e-07
5324,50,SS19,long sleeve,0.0,0.0,0.012006856062617772
5316,5,SS19,culottes,0.0,0.0,0.014714130533702212
5316,110,SS19,culottes,0.0,0.0566037735849056,0.036020578188158736
5204,28,SS19,culottes,0.0,0.0,0.013358592923535913
5297,32,SS19,long dress,0.0,0.0377358490566037,0.025728983000133696
5324,4,SS19,long sleeve,0.0,0.0,0.00823225741213644
5283,28,SS19,shorts,0.0,0.0,0.010291590198195033
5297,4,SS19,long dress,0.0,0.0188679245283018,0.018867919522373988
5224,6,SS19,long sleeve,0.0,0.0,0.010291590198494183
5279,84,SS19,doll dress,0.0377358490566037,0.0377358490566037,0.01715265784301932
5297,64,SS19,long dress,0.0,0.0,0.017152657882563038
5297,44,SS19,long dress,0.0188679245283018,0.0377358490566037,0.01543738779970331
4102,23,SS19,sleeveless,0.0,0.0377358490566037,0.012006856064761928
5235,80,SS19,gitana skirt,0.0,0.0,0.013722121927578145
5297,83,SS19,long dress,0.0,0.0566037735849056,0.056603688885366925
5251,3,SS19,culottes,0.0566037735849056,0.0377358490566037,0.015437387797730361
5224,101,SS19,long sleeve,0.0,0.0,0.012006856064038684
5297,24,SS19,long dress,0.0,0.0,0.0037309080153963355
5294,83,SS19,shorts,0.0,0.0,0.0030195382506884774
5294,107,SS19,shorts,0.0,0.0,0.015437387793772891
5311,7,SS19,jumpsuit,0.0,0.0,0.02229845125983612
5311,48,SS19,jumpsuit,0.0,0.0,0.02915951472645401
5247,38,SS19,long sleeve,0.0,0.0188679245283018,0.013722121929192864
5279,13,SS19,doll dress,0.0,0.0,0.0059410114542713865
5251,30,SS19,culottes,0.0,0.0,0.02058318539646731
5297,107,SS19,long dress,0.0,0.0188679245283018,0.017152653661490012
5207,25,SS19,doll dress,0.0,0.0188679245283018,0.015437387795822597
5297,109,SS19,long dress,0.0,0.0,0.018867919529118204
5316,48,SS19,culottes,0.0,0.0,0.025728982995340367
5297,38,SS19,long dress,0.0,0.0377358490566037,0.01715265366447105
5305,109,SS19,long dress,0.0,0.0,0.012006856063835288
5313,21,SS19,shorts,0.0,0.0,0.010291590197347102
5313,29,SS19,shorts,0.0,0.0,0.00912988216714272
5313,64,SS19,shorts,0.0,0.0,0.010291590196952142
5323,73,SS19,drop sleeve,0.0188679245283018,0.0754716981132075,0.013722121928039009
5323,13,SS19,drop sleeve,0.0,0.0,0.015437387793596064
5323,22,SS19,drop sleeve,0.0,0.0,0.012006856064340068
5121,6,SS19,sleeveless,0.0,0.0,0.01715265366489634
5206,20,SS19,shorts,0.0,0.0188679245283018,0.013722121929781037
5313,13,SS19,shorts,0.0,0.0,0.00472183548050675
5276,2,SS19,sleeveless,0.0,0.0188679245283018,0.01200685606401032
5316,109,SS19,culottes,0.0,0.0,0.036020578180833054
5313,101,SS19,shorts,0.0,0.0,0.015437387797287113
5316,42,SS19,culottes,0.0,0.0188679245283018,0.015437387798167706
5106,48,SS19,short sleeves,0.0,0.0,0.006849490932141975
5253,109,SS19,long dress,0.0,0.0,6.242872547569992e-26
4210,95,SS19,culottes,0.0188679245283018,0.0566037735849056,0.018867920270710988
5278,40,SS19,long sleeve,0.0,0.0377358490566037,0.013722121928807375
5313,59,SS19,shorts,0.0,0.0,0.013722121929310955
5196,39,SS19,culottes,0.0188679245283018,0.0,0.010291590200889749
5275,9,SS19,gitana skirt,0.0,0.0,0.020583185393950345
5291,19,SS19,solid color top,0.0188679245283018,0.0,0.013722121933531058
5323,20,SS19,drop sleeve,0.0,0.0188679245283018,0.017152656604304047
4225,63,SS19,sleeveless,0.0,0.0188679245283018,0.012006856063404844
5262,4,SS19,culottes,0.0,0.0377358490566037,0.01715265366593082
4210,24,SS19,culottes,0.0,0.0,0.018867919534913645
5196,81,SS19,culottes,0.0,0.0,0.01200685606348491
4242,56,SS19,sleeveless,0.0,0.0,0.017153738219960277
4231,3,SS19,sleeveless,0.0,0.0377358490566037,0.055416289781636596
5287,18,SS19,shorts,0.0,0.0,0.012006860024195895
5293,20,SS19,solid color top,0.0,0.0,0.02229845126372397
5322,44,SS19,long dress,0.0,0.0,0.013722121932896776
5234,5,SS19,short sleeves,0.0,0.0,0.01715265366303189
5287,20,SS19,shorts,0.0,0.0,0.0035777314168871826
5224,26,SS19,long sleeve,0.0,0.0,0.012006856065215617
5293,45,SS19,solid color top,0.0,0.0188679245283018,0.017152653662703257
5232,3,SS19,sleeveless,0.0,0.0,0.01543738779410438
5193,49,SS19,long dress,0.0,0.0,0.006234542233882493
5193,27,SS19,long dress,0.0,0.0188679245283018,0.014296712642603446
5316,23,SS19,culottes,0.0,0.0,0.0009829947337048474
5159,109,SS19,culottes,0.0,0.0,0.012006856064344928
5276,21,SS19,sleeveless,0.0377358490566037,0.0,0.0023338399814866614
5261,75,SS19,solid color top,0.0,0.0566037735849056,0.01715265366575869
5305,101,SS19,long dress,0.0,0.0566037735849056,0.020583185399761474
5316,95,SS19,culottes,0.0,0.0,0.002118288346037949
5130,46,SS19,culottes,0.0,0.0,0.015437387797375432
5224,104,SS19,long sleeve,0.0,0.0,0.01372212193249052
5178,4,SS19,culottes,0.0,0.0566037735849056,0.020583190515445837
5316,72,SS19,culottes,0.0,0.0566037735849056,0.03259005246693886
5313,110,SS19,shorts,0.0,0.0,0.024013717110260888
5276,67,SS19,sleeveless,0.0,0.0,0.013722121930017017
5222,102,SS19,culottes,0.0,0.0,0.012006856062806286
5316,57,SS19,culottes,0.0,0.0,0.00520509833046372
5316,25,SS19,culottes,0.0,0.0,0.01715265365980631
5113,60,SS19,culottes,0.0,0.0,0.005472775848928534
5257,50,SS19,solid color top,0.0,0.0377358490566037,0.024013722616942432
5307,52,SS19,jumpsuit,0.0188679245283018,0.0188679245283018,0.01029159019595278
5307,33,SS19,jumpsuit,0.0,0.0,0.013722121932124581
5222,27,SS19,culottes,0.0188679245283018,0.0188679245283018,0.0068610584678297
4102,74,SS19,sleeveless,0.0,0.0,0.010291590195485584
5228,29,SS19,sleeveless,0.0,0.0,0.013722121928601614
5279,41,SS19,doll dress,0.0188679245283018,0.0188679245283018,0.020583189830720626
5273,3,SS19,sleeveless,0.0188679245283018,0.0188679245283018,0.01715265366382669
5273,9,SS19,sleeveless,0.0188679245283018,0.0188679245283018,0.018168361775534225
5317,59,SS19,short sleeves,0.0188679245283018,0.0188679245283018,0.020583185397796477
4220,42,SS19,culottes,0.0,0.0,0.015437387785881896
4220,75,SS19,culottes,0.0,0.0188679245283018,0.01200685606325795
5161,39,SS19,patterned top,0.0,0.0,0.011844482446340608
5304,14,SS19,long dress,0.0,0.0754716981132075,0.022298451256510515
5264,30,SS19,solid color top,0.0,0.0,0.0009450130121483306
5264,0,SS19,solid color top,0.0,0.0188679245283018,0.018773622222923923
5295,21,SS19,jumpsuit,0.0,0.0,0.012006856062207812
5295,4,SS19,jumpsuit,0.0188679245283018,0.0188679245283018,0.017152653664537765
5295,18,SS19,jumpsuit,0.0,0.0,0.01334318791015645
5304,9,SS19,long dress,0.0,0.0,0.01543738779618669
5295,32,SS19,jumpsuit,0.0188679245283018,0.0,0.01372212193122702
5197,69,SS19,short sleeves,0.0,0.0,0.015437390981694648
5295,109,SS19,jumpsuit,0.0,0.0377358490566037,0.018867919528165477
5295,117,SS19,jumpsuit,0.0188679245283018,0.0188679245283018,0.018867919527423466
5295,99,SS19,jumpsuit,0.0,0.0188679245283018,0.017152653669292455
5295,48,SS19,jumpsuit,0.0,0.0188679245283018,0.015437387795724686
5295,10,SS19,jumpsuit,0.0188679245283018,0.0,0.015437387796719805
5295,85,SS19,jumpsuit,0.0,0.0,0.015437387793823365
5304,13,SS19,long dress,0.0,0.0377358490566037,0.02401371712588522
5310,101,SS19,short sleeves,0.0,0.0,1.2568562542926285e-17
5310,74,SS19,short sleeves,0.0,0.0,0.01715265366755375
5310,40,SS19,short sleeves,0.0,0.0,0.01200686028540315
5310,104,SS19,short sleeves,0.0,0.0,0.013722121929421101
5286,46,SS19,shorts,0.0,0.0,0.00158648175139825
5270,79,SS19,long dress,0.0,0.0,0.018867919526533532
5242,2,SS19,printed shirt,0.0,0.0,0.02058318538869556
5304,64,SS19,long dress,0.0,0.0,0.022298451257730858
5304,8,SS19,long dress,0.0,0.0188679245283018,0.013722121928712768
5304,95,SS19,long dress,0.0188679245283018,0.0566037735849056,0.03653912517009607
5304,81,SS19,long dress,0.0377358490566037,0.0188679245283018,0.010291590197519004
5304,53,SS19,long dress,0.0188679245283018,0.0566037735849056,0.018867919533129003
5304,51,SS19,long dress,0.0188679245283018,0.0188679245283018,0.02058318539543046
5098,3,SS19,culottes,0.0,0.0,0.013722121928118699
5306,46,SS19,solid color top,0.0,0.0377358490566037,0.010291590197185833
5315,7,SS19,solid color top,0.0188679245283018,0.0566037735849056,0.015437387794735717
5315,4,SS19,solid color top,0.0,0.0,0.022298451262825075
5240,74,SS19,long sleeve,0.0,0.0,0.013722121928926783
5310,28,SS19,short sleeves,0.0,0.0,0.015437387797813548
3961,75,SS19,culottes,0.0,0.0,2.8115398897909803e-10
5132,102,SS19,maxi,0.0,0.0,0.018867923595205498
5132,20,SS19,maxi,0.0188679245283018,0.0188679245283018,0.008576324330815493
5132,60,SS19,maxi,0.0,0.0,0.0009332134505846378
5132,10,SS19,maxi,0.0,0.0,0.013722129419880368
5158,109,SS19,solid color top,0.0188679245283018,0.0,0.010291590198762812
5198,44,SS19,culottes,0.0188679245283018,0.0188679245283018,0.013722121930343681
5198,0,SS19,culottes,0.0,0.0,0.006372288942499154
5198,95,SS19,culottes,0.0,0.0,0.01886791953010422
5215,80,SS19,jumpsuit,0.0,0.0,0.01137942383765359
5215,9,SS19,jumpsuit,0.0,0.0,0.013722121929422062
5215,83,SS19,jumpsuit,0.0,0.0,0.01543738779576221
5147,64,SS19,capris,0.0188679245283018,0.0,0.013722121928574754
5215,25,SS19,jumpsuit,0.0377358490566037,0.0377358490566037,0.037735849056603696
5146,61,SS19,culottes,0.0,0.0,0.013722121929269929
5220,7,SS19,culottes,0.0,0.0,0.022298451258280092
5220,19,SS19,culottes,0.0,0.0,0.022298451270314747
5220,60,SS19,culottes,0.0,0.0,0.01200685606571009
5146,28,SS19,culottes,0.0188679245283018,0.0188679245283018,0.010291590195814417
5125,84,SS19,culottes,0.0,0.0,0.015437387797812823
5125,24,SS19,culottes,0.0188679245283018,0.0,0.01372212192448361
5125,32,SS19,culottes,0.0,0.0188679245283018,0.015437387796757886
5198,75,SS19,culottes,0.0,0.0188679245283018,0.018867919524383273
5258,39,SS19,culottes,0.0188679245283018,0.0188679245283018,0.010291590200805905
5258,12,SS19,culottes,0.0,0.0,0.017152653660067012
5143,8,SS19,capris,0.0,0.0,0.0012056962498312044
5252,82,SS19,culottes,0.0,0.0566037735849056,0.010291590192224701
5107,74,SS19,long dress,0.0,0.0,0.01372212541047961
5260,75,SS19,culottes,0.0188679245283018,0.0188679245283018,0.012006856063363571
5149,8,SS19,capris,0.0,0.0,0.013722121933154773
5143,104,SS19,capris,0.0,0.0,0.012006856062940491
3804,35,SS19,culottes,0.0,0.0,0.022298451263291677
5112,43,SS19,doll dress,0.0,0.0,0.008475889209415739
5308,51,SS19,culottes,0.0,0.0,0.010291590197636386
3954,76,SS19,sleeveless,0.0,0.0,0.015437387798940041
5149,30,SS19,capris,0.0,0.0188679245283018,0.022298451256330284
5292,41,SS19,drop sleeve,0.0,0.0,0.012006860426873295
5241,80,SS19,long sleeve,0.0,0.0,0.0222984512576063
5168,65,SS19,short sleeves,0.0,0.0,0.010291590198265832
5231,33,SS19,short sleeves,0.0,0.0188679245283018,0.012006856063669835
5231,30,SS19,short sleeves,0.0,0.0,0.01372212192948239
5149,117,SS19,capris,0.0,0.0,0.008576324330170554
5142,27,SS19,patterned top,0.0377358490566037,0.0188679245283018,0.01715265366479558
5269,22,SS19,culottes,0.0,0.0,0.013722121930169367
5310,75,SS19,short sleeves,0.0,0.0,0.02229845125652242
5274,3,SS19,sleeveless,0.0,0.0,4.5157018090462137e-07
5298,26,SS19,long cardigan,0.0,0.0,0.02058318539771791
5227,94,SS19,sleeveless,0.0,0.0,0.012006856063627393
5322,49,SS19,long dress,0.0,0.0188679245283018,0.03602058191871106
5322,65,SS19,long dress,0.0,0.0,0.011650533607648953
5271,32,SS19,long sleeve,0.0,0.0,0.012006856064342595
5181,16,SS19,long sleeve,0.0,0.0,0.010291590198757325
5322,50,SS19,long dress,0.0,0.0,0.01543739124736219
5322,52,SS19,long dress,0.0,0.0,0.012071515705269325
5248,28,SS19,long sleeve,0.0,0.0,0.010815163051232791
5322,109,SS19,long dress,0.0,0.0,0.025728986148045634
5322,107,SS19,long dress,0.0,0.0,0.024013721922595602
5298,21,SS19,long cardigan,0.0,0.0,0.013388286470274145
5298,27,SS19,long cardigan,0.0,0.0,0.013722121927572745
5298,42,SS19,long cardigan,0.0188679245283018,0.0188679245283018,0.013722121929113847
5309,61,SS19,sleeveless,0.0,0.0,0.029159514722526002
5201,64,SS19,long dress,0.0,0.0,0.015437387788836472
5309,0,SS19,sleeveless,0.0,0.0,0.030874780584598978
5188,38,SS19,sleeveless,0.0188679245283018,0.0,0.010291590196922707
5309,64,SS19,sleeveless,0.0,0.0,0.02572898767384918
5309,23,SS19,sleeveless,0.0,0.0,0.02572898300102594
5302,77,SS19,sleeveless,0.0,0.0,0.012006856064005724
5298,101,SS19,long cardigan,0.0,0.0188679245283018,0.020583185392535758
5325,21,SS19,sleeveless,0.0,0.0,0.017152653662038764
5329,38,SS19,sleeveless,0.0,0.0377358490566037,0.01715265366321718
5329,42,SS19,sleeveless,0.0,0.0188679245283018,0.018867919526525657
5122,64,SS19,solid color top,0.0,0.0,0.0009243254558034825
5255,110,SS19,gitana skirt,0.0,0.0,0.010534355411893476
5223,79,SS19,gitana skirt,0.0,0.0,1.1830556971413534e-11
5298,76,SS19,long cardigan,0.0,0.0,0.022298451260055883
5325,65,SS19,sleeveless,0.0188679245283018,0.0,0.01372212192144607
5312,43,SS19,sleeveless,0.0,0.0,0.012006856062109005
5329,40,SS19,sleeveless,0.0,0.0,0.007516090237739015
5329,22,SS19,sleeveless,0.0,0.0,0.025728983006767854
5317,42,SS19,short sleeves,0.0,0.0,0.006021543897600716
5300,38,SS19,culottes,0.0,0.0188679245283018,0.01825040359502521
5330,65,SS19,short sleeves,0.0188679245283018,0.0377358490566037,0.017152653660455174
5330,26,SS19,short sleeves,0.0,0.0188679245283018,0.017152653661837963
5330,74,SS19,short sleeves,0.0,0.0,0.006052309421355884
5330,33,SS19,short sleeves,0.0,0.0188679245283018,0.013722121926500434
5330,82,SS19,short sleeves,0.0188679245283018,0.0,0.0005740701960698202
5330,51,SS19,short sleeves,0.0,0.0188679245283018,0.012006856065108927
5330,102,SS19,short sleeves,0.0,0.0,0.013722121930399143
5317,6,SS19,short sleeves,0.0,0.0,0.008156562758011555
5300,109,SS19,culottes,0.0,0.0,0.020387117428937875
5298,38,SS19,long cardigan,0.0,0.0,0.01886791952582409
5201,30,SS19,long dress,0.0,0.0,0.01715265366255271
5270,8,SS19,long dress,0.0188679245283018,0.0377358490566037,0.022298451264021506
5319,83,SS19,sleeveless,0.0,0.0,0.010291590200889749
5201,79,SS19,long dress,0.0188679245283018,0.0,0.00857632433122804
5317,56,SS19,short sleeves,0.0,0.0,0.011061937367160045
5286,2,SS19,shorts,0.0,0.0,0.0
4000,109,SS19,short sleeves,0.0,0.0188679245283018,0.01715265367418729
5309,54,SS19,sleeveless,0.0,0.0,0.01543738779743306
5319,43,SS19,sleeveless,0.0,0.0,0.004526081818688567
5319,48,SS19,sleeveless,0.0188679245283018,0.0,0.010291590196423684
5270,101,SS19,long dress,0.0,0.0,0.00046652433700469743
5270,69,SS19,long dress,0.0,0.0,0.029159514726503098
5309,48,SS19,sleeveless,0.0,0.0,0.009548973568442165
5326,22,SS19,shorts,0.0,0.0,0.0014465904017660473
5309,31,SS19,sleeveless,0.0,0.0,0.04974283257672343
5309,38,SS19,sleeveless,0.0,0.0,0.02915951471795181
5148,38,SS19,sleeveless,0.0,0.0566037735849056,0.022298451254041823
5148,32,SS19,sleeveless,0.0,0.0377358490566037,0.032651557748825354
5309,5,SS19,sleeveless,0.0,0.0188679245283018,0.03259004943699218
5309,93,SS19,sleeveless,0.0,0.0188679245283018,0.017458240077093436
5301,30,SS19,short sleeves,0.0,0.0,0.022298451265242544
5294,30,SS19,shorts,0.0,0.0,2.772392357500946e-41
5257,80,SS19,solid color top,0.0,0.0,0.015437387791846295
5216,27,SS19,doll dress,0.0,0.0,0.012006856062998455
5245,67,SS19,culottes,0.0,0.0,0.02058318539759386
4242,4,SS19,sleeveless,0.0188679245283018,0.0188679245283018,0.01200686108694261
5259,22,SS19,patterned top,0.0,0.0,0.01886791952918282
5132,66,SS19,maxi,0.0,0.0188679245283018,0.012006856060335608
5145,4,SS19,doll dress,0.0,0.0,0.010291590197715604
5219,67,SS19,culottes,0.0,0.0,0.007175622751283538
5125,99,SS19,culottes,0.0,0.0,0.006710074527040426
5226,64,SS19,culottes,0.0,0.0188679245283018,0.010291590198353242
5316,21,SS19,culottes,0.0,0.0,0.013722121928946517
5316,44,SS19,culottes,0.0754716981132075,0.0188679245283018,0.015132676160578649
5294,24,SS19,shorts,0.0,0.0,0.010291593736954702
5294,3,SS19,shorts,0.0,0.0,0.018867923114394593
5294,50,SS19,shorts,0.0,0.0,0.017152653659199924
5323,6,SS19,drop sleeve,0.0188679245283018,0.0,0.01372212192975137
5316,84,SS19,culottes,0.0,0.0,0.003352824714636765
5201,74,SS19,long dress,0.0,0.0188679245283018,0.012006856062735357
5159,19,SS19,culottes,0.0,0.0,0.0171526536658488
5188,4,SS19,sleeveless,0.0,0.0188679245283018,0.012006856063489316
5291,82,SS19,solid color top,0.0,0.0,0.012006856065338169
5309,44,SS19,sleeveless,0.0,0.0,0.027444248860335262
5253,54,SS19,long dress,0.0,0.0,0.008776863770261252
5293,46,SS19,solid color top,0.0188679245283018,0.0188679245283018,0.013722121927890863
5196,23,SS19,culottes,0.0188679245283018,0.0,0.015437387797375432
5254,104,SS19,long dress,0.0377358490566037,0.0188679245283018,0.008576324331038353
5313,3,SS19,shorts,0.0,0.0,0.015437387770858594
5184,4,SS19,long sleeve,0.0377358490566037,0.0377358490566037,0.013722121927575034
5310,59,SS19,short sleeves,0.0,0.0,0.013722121935939269
5310,25,SS19,short sleeves,0.0,0.0188679245283018,0.010291590196657317
4234,36,SS19,solid color top,0.0,0.0566037735849056,0.0557984270792314
5315,53,SS19,solid color top,0.0188679245283018,0.0377358490566037,0.012006856065651514
4217,32,SS19,culottes,0.0,0.0,0.010291590196717094
5201,13,SS19,long dress,0.0,0.0188679245283018,0.017152653664447095
5315,44,SS19,solid color top,0.0,0.0188679245283018,0.018867923326540664
5236,94,SS19,gitana skirt,0.0188679245283018,0.0188679245283018,0.017152653662339087
5201,67,SS19,long dress,0.0,0.0,0.0002767980781402891
5291,3,SS19,solid color top,0.0377358490566037,0.0,0.013722121930053352
5315,109,SS19,solid color top,0.0,0.0,0.01886791952652786
5315,66,SS19,solid color top,0.0,0.0188679245283018,0.012006862606578303
5185,42,SS19,culottes,0.0,0.0188679245283018,0.013722121930967451
5210,49,SS19,long dress,0.0,0.0377358490566037,0.01372212192931937
5210,75,SS19,long dress,0.0,0.0188679245283018,0.010291595949364744
5189,53,SS19,culottes,0.0,0.0188679245283018,0.015437387796573571
5210,24,SS19,long dress,0.0,0.0,0.013722121927564262
5148,110,SS19,sleeveless,0.0,0.0,0.003102488523335722
5166,25,SS19,long dress,0.0,0.0188679245283018,0.012006856064700677
5313,31,SS19,shorts,0.0,0.0,0.010291590198668177
5278,24,SS19,long sleeve,0.0188679245283018,0.0,0.010291590197402431
5245,23,SS19,culottes,0.0,0.0188679245283018,0.013722121929865787
5250,51,SS19,long dress,0.0566037735849056,0.0377358490566037,0.01886791952956362
5284,39,SS19,long dress,0.0754716981132075,0.0377358490566037,0.012006856068913732
5249,3,SS19,culottes,0.0377358490566037,0.0188679245283018,0.02401372032258373
4104,109,SS19,long dress,0.0188679245283018,0.0188679245283018,0.013722121927285906
5266,15,SS19,sleeveless,0.0188679245283018,0.0943396226415094,0.09433962207920142
5266,22,SS19,sleeveless,0.0377358490566037,0.0188679245283018,0.03087478059671734
5324,44,SS19,long sleeve,0.0188679245283018,0.0,2.3559427582812253e-09
5231,31,SS19,short sleeves,0.0,0.0188679245283018,0.012006856064511441
5233,18,SS19,long sleeve,0.0,0.0,0.018867919532550567
5308,28,SS19,culottes,0.0,0.0,0.013722121928199944
5295,60,SS19,jumpsuit,0.0,0.0,0.00028671747371024987
5295,22,SS19,jumpsuit,0.0,0.0,0.015437391465330888
5295,51,SS19,jumpsuit,0.0377358490566037,0.0,0.01543738778932704
5304,15,SS19,long dress,0.0,0.0377358490566037,0.024013722468091706
5304,31,SS19,long dress,0.0188679245283018,0.0,0.013722125131170281
5263,47,SS19,culottes,0.0,0.0377358490566037,0.015437387795254337
5263,28,SS19,culottes,0.0,0.0188679245283018,0.01029159019601409
5279,109,SS19,doll dress,0.0,0.0,0.007755057097531975
5300,52,SS19,culottes,0.0,0.0,0.006170646967773349
5318,23,SS19,jumpsuit,0.0,0.0,0.007990286019195042
5318,77,SS19,jumpsuit,0.0,0.0,0.012006856062874896
5318,13,SS19,jumpsuit,0.0,0.0,6.24287254756999e-26
5318,14,SS19,jumpsuit,0.0,0.0,0.015437387801217095
5311,67,SS19,jumpsuit,0.0,0.0,0.022298451255007647
5311,77,SS19,jumpsuit,0.0,0.0,0.022298451262983313
5311,76,SS19,jumpsuit,0.0,0.0,6.242872640596044e-26
5149,95,SS19,capris,0.0,0.0188679245283018,0.01306252786968272
5258,35,SS19,culottes,0.0,0.0,0.003322068877960468
4182,22,SS19,short sleeves,0.0,0.0,0.030874588705039892
5228,75,SS19,sleeveless,0.0,0.0566037735849056,0.013722121917208008
5271,15,SS19,long sleeve,0.0,0.0,0.0019016059629503477
5224,39,SS19,long sleeve,0.0188679245283018,0.0188679245283018,0.00857632930356131
5227,7,SS19,sleeveless,0.0,0.0,0.010291590197375277
5270,44,SS19,long dress,0.0,0.0188679245283018,0.012006856062770127
5255,75,SS19,gitana skirt,0.0,0.0,0.010291593736954702
5325,14,SS19,sleeveless,0.0,0.0,0.010291590196206353
5141,49,SS19,short sleeves,0.0,0.0,0.008576324332012416
5223,7,SS19,gitana skirt,0.0,0.0,0.013722121929273376
5223,110,SS19,gitana skirt,0.0,0.0,0.0008048135868000757
5325,24,SS19,sleeveless,0.0,0.0,0.012006856064144505
5329,79,SS19,sleeveless,0.0,0.0,0.015437387795181027
5270,67,SS19,long dress,0.0,0.0,0.0025730613647920847
5270,74,SS19,long dress,0.0,0.0,0.015437387800050205
5308,4,SS19,culottes,0.0,0.0,0.012006856062482881
5311,50,SS19,jumpsuit,0.0,0.0,0.015437387793053618
4068,104,SS19,sleeveless,0.0,0.0,2.811539847895771e-10
5224,32,SS19,long sleeve,0.0,0.0,0.012006856064287827
5228,4,SS19,sleeveless,0.0377358490566037,0.0,0.012006856064380875
5228,77,SS19,sleeveless,0.0,0.0,0.012006856063616667
5143,44,SS19,capris,0.0188679245283018,0.0,0.012006856065760473
5304,38,SS19,long dress,0.0566037735849056,0.0566037735849056,0.02058318883116951
5304,100,SS19,long dress,0.0188679245283018,0.0188679245283018,0.010291590200185444
5270,84,SS19,long dress,0.0,0.0,0.003748603192698062
5297,54,SS19,long dress,0.0,0.0,0.025728982993729544
5270,60,SS19,long dress,0.0,0.0,0.01543738779808824
5232,67,SS19,sleeveless,0.0,0.0,8.37904175771291e-18
5317,13,SS19,short sleeves,0.0,0.0,0.020583185390688055
5297,86,SS19,long dress,0.0,0.0,0.022298455174989858
5297,27,SS19,long dress,0.0,0.0,0.013722121930659645
5118,25,SS19,short sleeves,0.0,0.0377358490566037,0.013722121932384005
5297,21,SS19,long dress,0.0,0.0,0.015437387798557007
5194,110,SS19,long sleeve,0.0,0.0188679245283018,0.025036740462506715
5285,26,SS19,solid color top,0.0,0.0,0.006169906553991618
5243,89,SS19,shorts,0.0,0.0,0.010088878194796175
5250,2,SS19,long dress,0.0,0.0,0.015437387796771536
4103,104,SS19,sleeveless,0.0,0.0,0.02401371713188302
5313,63,SS19,shorts,0.0,0.0,0.006575954003077216
5121,11,SS19,sleeveless,0.0,0.0188679245283018,0.012006856063518676
3954,10,SS19,sleeveless,0.0,0.0,0.010291590198355157
5308,7,SS19,culottes,0.0,0.0,0.010291590197623013
5128,10,SS19,short sleeves,0.0,0.0,0.015437387794841708
4211,89,SS19,culottes,0.0,0.0377358490566037,0.020583185396955587
4211,88,SS19,culottes,0.0188679245283018,0.2075471698113207,0.18173299885290908
5330,56,SS19,short sleeves,0.0,0.0,0.015437387793216418
5270,38,SS19,long dress,0.0,0.0,0.009156505891699545
5289,107,SS19,short sleeves,0.0,0.0188679245283018,0.01200685979946306
5330,27,SS19,short sleeves,0.0,0.0188679245283018,0.015437387795134096
5304,28,SS19,long dress,0.0,0.0,0.018867919530591984
5304,50,SS19,long dress,0.0,0.0,0.010291590197509503
5194,89,SS19,long sleeve,0.0,0.0,0.004166341161040685
5270,28,SS19,long dress,0.0,0.0,0.017152653660512017
5326,89,SS19,shorts,0.0,0.0,0.007968971316386166
5270,49,SS19,long dress,0.0,0.0,0.01715265650973909
5304,77,SS19,long dress,0.0188679245283018,0.0,0.017152653655819052
5304,68,SS19,long dress,0.0,0.0,0.0
5309,88,SS19,sleeveless,0.0,0.0,0.013975437224851237
5228,88,SS19,sleeveless,0.0566037735849056,0.0377358490566037,0.030870913563775054
5255,3,SS19,gitana skirt,0.0,0.0,0.013722121929172434
4165,38,SS19,doll dress,0.0,0.0,0.012006856063638683
5201,89,SS19,long dress,0.0,0.0,0.018867919525821078
5270,102,SS19,long dress,0.0,0.0,0.01520110799741954
5227,88,SS19,sleeveless,0.0566037735849056,0.0754716981132075,0.018867919533269724
5298,88,SS19,long cardigan,0.0,0.0,0.002427928614270634
5304,73,SS19,long dress,0.0,0.0,0.015437387788870067
5201,88,SS19,long dress,0.0188679245283018,0.0,0.006250714718996287
5225,89,SS19,capris,0.0,0.0,0.0029097320515139254
5329,25,SS19,sleeveless,0.0,0.0,0.0003330327133866915
5270,21,SS19,long dress,0.0,0.0188679245283018,0.029159514725359412
5270,95,SS19,long dress,0.0,0.0,6.147918101095444e-10
5277,88,SS19,culottes,0.0566037735849056,0.0754716981132075,0.042881641641783
5277,89,SS19,culottes,0.0,0.0,0.027444248858298492
5246,89,SS19,long sleeve,0.0,0.0,4.462361113150616e-05
5104,109,SS19,patterned top,0.0188679245283018,0.0,0.017152653659100948
5246,88,SS19,long sleeve,0.0,0.0,0.020583185389728226
5294,89,SS19,shorts,0.0,0.0,0.005289739975498503
4223,109,SS19,patterned top,0.0,0.0,0.008576324330933964
5301,13,SS19,short sleeves,0.0,0.0,0.004671832768447934
5273,51,SS19,sleeveless,0.0188679245283018,0.1698113207547169,0.06585407046299638
5273,77,SS19,sleeveless,0.0188679245283018,0.0566037735849056,0.020583185392645895
5315,59,SS19,solid color top,0.0,0.0,0.015437387793832448
4215,89,SS19,long sleeve,0.0,0.0,0.001758061568198876
5280,5,SS19,solid color top,0.0,0.0,1.6280513567273803e-14
5304,30,SS19,long dress,0.0,0.0,0.04116637579156248
5202,89,SS19,long sleeve,0.0,0.0,0.030874780612552756
5212,89,SS19,culottes,0.0,0.0,0.001181739443393948
5265,89,SS19,sleeveless,0.0,0.0,0.00207562335795232
5329,89,SS19,sleeveless,0.0,0.0,0.004440701473788136
5196,89,SS19,culottes,0.0,0.0,0.015175295285897847
5276,10,SS19,sleeveless,0.0,0.0,0.012006856059497107
3891,94,SS19,long sleeve,0.0,0.0188679245283018,0.013722121931309627
5130,21,SS19,culottes,0.0,0.0188679245283018,0.015437387792961353
5159,16,SS19,culottes,0.0,0.0,0.012006856064175312
5263,29,SS19,culottes,0.0,0.0188679245283018,0.010291590196868282
5204,89,SS19,culottes,0.0,0.0188679245283018,0.018867919528207922
5247,72,SS19,long sleeve,0.0,0.0,0.01886791951726226
4218,89,SS19,short sleeves,0.0,0.0,1.177598490158545e-13
5247,109,SS19,long sleeve,0.0188679245283018,0.0,0.010291590199099523
5262,83,SS19,culottes,0.0,0.0188679245283018,0.010291590197443924
5208,89,SS19,patterned top,0.0,0.0,1.2485745188166066e-25
4231,56,SS19,sleeveless,0.0,0.0,0.02058318539698349
5316,89,SS19,culottes,0.0,0.0,0.003204125787954418
5278,88,SS19,long sleeve,0.0,0.0,0.012006856061946238
5324,88,SS19,long sleeve,0.0,0.0754716981132075,0.018867919521753842
5262,65,SS19,culottes,0.0,0.0,0.0009332134505846378
5198,89,SS19,culottes,0.0,0.0188679245283018,0.020583185395830688
5311,39,SS19,jumpsuit,0.0,0.0,0.008175564752568993
5291,89,SS19,solid color top,0.0,0.0,0.015437387805304395
5316,4,SS19,culottes,0.0,0.0188679245283018,0.022298451261593518
5287,86,SS19,shorts,0.0,0.0,0.0004310343093969421
5291,53,SS19,solid color top,0.0188679245283018,0.0,0.012006856064482836
5218,89,SS19,long sleeve,0.0,0.0,0.0008774206768406403
5131,57,SS19,doll dress,0.0,0.0,0.015437499744356141
5245,88,SS19,culottes,0.0,0.2075471698113207,0.03430531238196767
5279,88,SS19,doll dress,0.0,0.0,0.0038963716117241605
5297,89,SS19,long dress,0.0,0.0,1.386196189078435e-41
5192,89,SS19,sleeveless,0.0,0.0,0.020583185389254063
5209,89,SS19,patterned top,0.0,0.0,0.0015070660940006493
5209,109,SS19,patterned top,0.0,0.0,0.015437391174214284
5311,24,SS19,jumpsuit,0.0,0.0,0.0033264974901276068
5311,52,SS19,jumpsuit,0.0,0.0377358490566037,0.015437387796682545
5237,89,SS19,gitana skirt,0.0,0.0,0.005116279922692236
5236,40,SS19,gitana skirt,0.0,0.0188679245283018,0.010291590197316593
5235,43,SS19,gitana skirt,0.0,0.0188679245283018,0.015437387798955367
5219,89,SS19,culottes,0.0,0.0,0.018867919531750113
5320,4,SS19,long sleeve,0.0,0.0377358490566037,0.0204430297185004
5311,89,SS19,jumpsuit,0.0,0.0,1.386196209734368e-41
5147,77,SS19,capris,0.0,0.0,0.0063280133494546704
5217,89,SS19,sleeveless,0.0,0.0,0.02229845431615538
5244,89,SS19,long sleeve,0.0,0.0377358490566037,0.0411663757882234
5267,89,SS19,solid color top,0.0,0.0,0.0005023011765541859
5311,101,SS19,jumpsuit,0.0,0.0,0.01715265366445872
5226,89,SS19,culottes,0.0,0.0,0.004259011884248905
4217,64,SS19,culottes,0.0377358490566037,0.0188679245283018,0.01029159019816521
5245,89,SS19,culottes,0.0,0.0,0.0032358358104221763
5261,89,SS19,solid color top,0.0,0.0,0.012006856063437285
5198,64,SS19,culottes,0.0188679245283018,0.0,0.013722121930483182
5221,89,SS19,sleeveless,0.0,0.0,0.018867919527185105
5220,89,SS19,culottes,0.0,0.0,0.02572898299246854
5320,101,SS19,long sleeve,0.0,0.0,0.010291590196698867
5307,27,SS19,jumpsuit,0.0,0.0,0.0013898391537179946
5132,51,SS19,maxi,0.0,0.0,0.012006856063900638
5293,24,SS19,solid color top,0.0,0.0377358490566037,0.013722121928977262
5216,22,SS19,doll dress,0.0,0.0,6.174131990802182e-05
5210,22,SS19,long dress,0.0,0.0188679245283018,0.018867919527565002
4054,11,SS19,solid color top,0.0,0.0,0.010291590197766858
5161,51,SS19,patterned top,0.0,0.0,0.01543738779623423
5201,80,SS19,long dress,0.0,0.0,0.003857046191245872
5325,88,SS19,sleeveless,0.0,0.0,0.0120068560597887
5255,92,SS19,gitana skirt,0.0,0.0,0.01886791952248407
5255,88,SS19,gitana skirt,0.0,0.0188679245283018,0.01200685606425157
5223,89,SS19,gitana skirt,0.0,0.0,1.8605210306036644e-33
5309,63,SS19,sleeveless,0.0,0.0,0.030874780589829016
5298,60,SS19,long cardigan,0.0,0.0,0.017152653663848154
5228,89,SS19,sleeveless,0.0,0.0,0.005303533892506075
5206,89,SS19,shorts,0.0,0.0,0.004433891426696269
5311,33,SS19,jumpsuit,0.0,0.0,0.013688333206939421
4215,92,SS19,long sleeve,0.0,0.0,0.0004555470916774056
5210,64,SS19,long dress,0.0,0.0,0.018867919530494062
4223,38,SS19,patterned top,0.0,0.0,0.006861058467096759
5311,54,SS19,jumpsuit,0.0,0.0,0.013722121928387556
5148,89,SS19,sleeveless,0.0,0.0,0.0003122169920135917
5256,88,SS19,long sleeve,0.0,0.0,0.015204417794543632
5311,90,SS19,jumpsuit,0.0,0.0,0.0007602684517888693
5282,88,SS19,long sleeve,0.0,0.0,0.018867919535910212
5230,89,SS19,short sleeves,0.0,0.0,0.01543739320096501
4233,3,SS19,solid color top,0.0,0.0,0.00771229995844544
4154,83,SS19,long sleeve,0.0,0.0,0.01372212192718368
5306,80,SS19,solid color top,0.0,0.0,0.0188679195305047
5315,24,SS19,solid color top,0.0,0.0,0.013722121929056806
5257,46,SS19,solid color top,0.0,0.0,0.022298451258338868
3978,3,SS19,long sleeve,0.0,0.0,0.010518013408488394
5304,24,SS19,long dress,0.0,0.0188679245283018,0.018867924247147814
5304,88,SS19,long dress,0.0,0.0188679245283018,0.0188679245283018
5304,79,SS19,long dress,0.0,0.0,0.01886791952912151
5260,95,SS19,culottes,0.0,0.0188679245283018,0.015437393794906969
5317,88,SS19,short sleeves,0.0,0.0,0.013722121928997586
4231,43,SS19,sleeveless,0.0,0.0,0.017152653659404896
4192,84,SS19,doll dress,0.0,0.0,0.024013720982149482
5135,25,SS19,culottes,0.0,0.0566037735849056,0.035737094518680394
5260,88,SS19,culottes,0.0188679245283018,0.0377358490566037,0.013722121930805537
5304,59,SS19,long dress,0.0,0.0,0.017152653660010286
5270,88,SS19,long dress,0.0,0.0,0.006531901397867584
3949,117,SS19,long sleeve,0.0,0.0,0.013722121925011604
4166,38,SS19,sheath dress,0.0,0.0188679245283018,0.01029159019718814
5285,51,SS19,solid color top,0.0,0.0,0.015437387793703163
3838,23,SS19,trapeze dress,0.0188679245283018,0.0188679245283018,0.015437387795343066
5250,13,SS19,long dress,0.0188679245283018,0.0,0.022298451262081055
5091,51,SS19,long dress,0.0,0.0,0.006127531017846648
5266,14,SS19,sleeveless,0.0,0.0566037735849056,0.046508717610246414
5266,35,SS19,sleeveless,0.0,0.0,0.022298451259919277
5327,92,SS19,patterned top,0.0,0.0,0.018867926976356923
5217,92,SS19,sleeveless,0.0,0.0,0.004762960418743751
4211,92,SS19,culottes,0.0,0.0,0.0041224369004216515
4202,75,SS19,doll dress,0.0,0.0,0.015437387793665004
3778,117,SS19,trapeze dress,0.0,0.0,0.004985524693756492
4094,69,SS19,doll dress,0.0,0.0,0.000765201743779603
5191,89,SS19,solid color top,0.0,0.0,0.0005485571842896105
3778,32,SS19,trapeze dress,0.0,0.0188679245283018,0.014902721079697586
4204,0,SS19,culottes,0.0,0.0188679245283018,0.013722121926285224
5320,89,SS19,long sleeve,0.0,0.0,0.017152653662443805
5236,5,SS19,gitana skirt,0.0,0.0188679245283018,0.020583185398556025
5251,22,SS19,culottes,0.0,0.0,0.012006856059883901
5301,88,SS19,short sleeves,0.0,0.0377358490566037,0.017152653658889194
5324,13,SS19,long sleeve,0.0,0.0188679245283018,0.015437387804352507
5324,3,SS19,long sleeve,0.0,0.0,0.018867919531376544
4218,92,SS19,short sleeves,0.0,0.0,0.009225229540333137
5294,67,SS19,shorts,0.0,0.0,0.0050294661411858215
5110,74,SS19,short sleeves,0.0188679245283018,0.0,0.0008311887249907116
5328,92,SS19,patterned top,0.0,0.0,0.020583185365385753
5293,19,SS19,solid color top,0.0,0.0,0.015437387793035873
3833,12,SS19,patterned top,0.0,0.0,0.006728475784469503
3833,94,SS19,patterned top,0.0,0.0,0.012006856063437285
5145,93,SS19,doll dress,0.0,0.0,0.012006856063488974
5189,64,SS19,culottes,0.0,0.0,0.0005023011765541859
5319,92,SS19,sleeveless,0.0,0.0,0.013722121927659755
5250,88,SS19,long dress,0.0,0.0,0.029159519580727714
5150,10,SS19,doll dress,0.0,0.0,0.015437387796333883
5150,33,SS19,doll dress,0.0,0.0,0.010291590198691504
5306,48,SS19,solid color top,0.0,0.0,0.013722121940799654
3718,80,SS19,culottes,0.0,0.0,0.01372212193102265
5273,14,SS19,sleeveless,0.0,0.0,0.017152653669221404
5136,56,SS19,jumpsuit,0.0,0.0,0.013722121930687049
5229,89,SS19,short sleeves,0.0,0.0,0.017152653661296986
5308,92,SS19,culottes,0.0,0.0,0.017152653657590968
4202,11,SS19,doll dress,0.0,0.0188679245283018,0.006861058467529242
5292,88,SS19,drop sleeve,0.0,0.0,0.025728982995638788
5304,89,SS19,long dress,0.0,0.0,8.836207594846988e-05
3884,53,SS19,doll dress,0.0,0.0,0.0037313219566802312
5257,35,SS19,solid color top,0.0,0.0,0.017152653661509653
5282,92,SS19,long sleeve,0.0,0.0,0.012006856062873193
3781,117,SS19,doll dress,0.0,0.0,0.0030256169581368395
3838,104,SS19,trapeze dress,0.0,0.0,0.013722121898531394
5324,25,SS19,long sleeve,0.0,0.0,0.01372212192934599
4242,30,SS19,sleeveless,0.0,0.0,0.018867919515281592
5323,88,SS19,drop sleeve,0.0,0.0,0.018867919525484625
5298,92,SS19,long cardigan,0.0,0.0,0.018867919528687282
5285,22,SS19,solid color top,0.0,0.0,5.474978227279391e-05
5323,40,SS19,drop sleeve,0.0,0.0,0.015437387796170621
5209,92,SS19,patterned top,0.0,0.0,0.013722121927000428
5285,30,SS19,solid color top,0.0,0.0,0.008787420274691189
5285,19,SS19,solid color top,0.0,0.0,0.013722121930017017
3983,21,SS19,doll dress,0.0,0.0,0.003496049255238724
5256,52,SS19,long sleeve,0.0,0.0,0.012006856067740547
5228,18,SS19,sleeveless,0.0,0.0,0.012006856066881792
5323,25,SS19,drop sleeve,0.0,0.0,0.015437387796942186
5315,48,SS19,solid color top,0.0,0.0,0.0038666861915794496
5306,22,SS19,solid color top,0.0,0.0,0.00018701305014827752
4094,109,SS19,doll dress,0.0,0.0,0.017152656802704863
4083,4,SS19,long sleeve,0.0,0.0,0.01886791952484376
4083,66,SS19,long sleeve,0.0,0.0,0.005126696118115241
4219,91,SS19,short sleeves,0.0,0.0,0.015437387796269002
5269,91,SS19,culottes,0.0,0.0,0.0009347983751625742
4027,117,SS19,long sleeve,0.0,0.0,0.012006856065708471
4058,66,SS19,long sleeve,0.0188679245283018,0.0,0.013722121933539288
4221,91,SS19,culottes,0.0,0.0,0.00016308503046776805
4103,10,SS19,sleeveless,0.0,0.0,0.00041631173219917785
5292,91,SS19,drop sleeve,0.0,0.0,5.91201194751101e-14
3977,11,SS19,culottes,0.0,0.0,0.013722121929990094
5159,88,SS19,culottes,0.0,0.0,0.013722121929820634
5244,88,SS19,long sleeve,0.0,0.0,0.04631217342014167
3978,46,SS19,long sleeve,0.0,0.0,0.0035769434755853814
3900,107,SS19,long sleeve,0.0,0.0,0.013722121930442185
5228,67,SS19,sleeveless,0.0,0.0,0.012006856062873193
4225,4,SS19,sleeveless,0.0,0.0,0.002878065793987432
5252,88,SS19,culottes,0.0,0.0,0.024013717131080605
5183,74,SS19,sleeveless,0.0,0.0,0.015437387796477032
5267,91,SS19,solid color top,0.0,0.0,0.020583185463742375
5165,25,SS19,long sleeve,0.0,0.0,0.02058318538880223
5272,91,SS19,shorts,0.0,0.0,0.0009305729695333278
5241,0,SS19,long sleeve,0.0,0.0,0.013722121928859625
5241,89,SS19,long sleeve,0.0,0.0,0.004912620700773258
3983,88,SS19,doll dress,0.0,0.0,0.001574979275419786
5320,88,SS19,long sleeve,0.0,0.0,0.004080644269140251
3791,88,SS19,doll dress,0.0,0.0,2.540586878123037e-05
4143,66,SS19,culottes,0.0,0.0,1.3861962097343671e-41
4058,76,SS19,long sleeve,0.0,0.0,0.0010016427879486346
5277,91,SS19,culottes,0.0,0.0,0.004597093615386679
5323,92,SS19,drop sleeve,0.0,0.0,0.013722121930687049
4103,92,SS19,sleeveless,0.0,0.0,9.351715955782842e-05
4103,88,SS19,sleeveless,0.0,0.0,0.03773584409957717
4229,74,SS19,drop sleeve,0.0,0.0,0.02401371714816978
5315,91,SS19,solid color top,0.0,0.0,0.02401371710539682
3838,95,SS19,trapeze dress,0.0,0.0,0.0014076256073646464
4010,3,SS19,long sleeve,0.0,0.0,0.005120683989462389
3816,109,SS19,culottes,0.0,0.0,0.0008048135868000757
5154,95,SS19,long sleeve,0.0,0.0,0.0020721662446256976
4242,95,SS19,sleeveless,0.0,0.0,0.012006856068505458
5304,0,SS19,long dress,0.0,0.0,2.353164264223735e-09
3731,74,SS19,long sleeve,0.0,0.0,1.2485745281192115e-25
5259,91,SS19,patterned top,0.0,0.0,0.004544702066800437
4126,88,SS19,short sleeves,0.0188679245283018,0.0,0.003966303131071329
3731,0,SS19,long sleeve,0.0,0.0,0.0002477858838819739
5444,76,AW19,long sleeve,0.0,0.0,0.02229845125668191
5434,57,AW19,culottes,0.0,0.0,0.012006856064261317
5005,31,AW19,short sleeves,0.0754716981132075,0.0,0.010291590198177753
5005,12,AW19,short sleeves,0.0188679245283018,0.0566037735849056,0.01886791953052807
5336,6,AW19,long sleeve,0.0188679245283018,0.0,0.008576324331672462
5434,22,AW19,culottes,0.0,0.0,0.015437387797709116
5434,75,AW19,culottes,0.0188679245283018,0.0,0.008576324330439835
5434,94,AW19,culottes,0.0,0.0,0.02229845126386525
5434,65,AW19,culottes,0.0,0.0,0.005070714909627188
5434,12,AW19,culottes,0.0377358490566037,0.0188679245283018,0.017152653662785268
5434,30,AW19,culottes,0.0377358490566037,0.0188679245283018,0.013722125479569617
5444,74,AW19,long sleeve,0.0188679245283018,0.0,0.012006856059881913
5444,35,AW19,long sleeve,0.0,0.0377358490566037,0.015437387795257882
5444,36,AW19,long sleeve,0.0,0.0,0.017152653662494233
4980,79,AW19,long sleeve,0.0,0.0,0.01029159019684873
5444,41,AW19,long sleeve,0.0,0.0,0.022298451263066815
5444,48,AW19,long sleeve,0.0,0.0188679245283018,0.013722121929566868
5015,40,AW19,medium coat,0.0,0.0188679245283018,0.010291590197797684
4972,105,AW19,culottes,0.0,0.0,0.020583185383883526
5444,75,AW19,long sleeve,0.0,0.0188679245283018,0.013722125582130245
5409,81,AW19,culottes,0.0188679245283018,0.0188679245283018,0.020583185394891845
5409,35,AW19,culottes,0.0,0.0,0.018867922589959573
5422,28,AW19,long sleeve,0.0188679245283018,0.0,8.379041695284183e-18
5409,109,AW19,culottes,0.0,0.0,0.017152653661704473
5409,101,AW19,culottes,0.0188679245283018,0.0,0.0058507763514268505
5409,1,AW19,culottes,0.0,0.0,0.01715265366304466
4992,109,AW19,long coat,0.0377358490566037,0.0754716981132075,0.05414312880035005
5409,22,AW19,culottes,0.0,0.0,0.018867919527837753
5409,33,AW19,culottes,0.0,0.0,0.012006856063714724
5409,93,AW19,culottes,0.0377358490566037,0.0188679245283018,0.008576324330894182
5409,16,AW19,culottes,0.0377358490566037,0.0188679245283018,0.015437387795570603
5409,56,AW19,culottes,0.0188679245283018,0.0188679245283018,0.012006856067679685
5409,28,AW19,culottes,0.0188679245283018,0.0,0.017152653667176637
5409,43,AW19,culottes,0.0,0.0,0.013722127006560551
5409,92,AW19,culottes,0.0,0.0,4.189520910070807e-18
5409,14,AW19,culottes,0.0,0.0,0.015437387794217553
5422,86,AW19,long sleeve,0.0,0.0188679245283018,0.013722121926014937
5409,31,AW19,culottes,0.0,0.0,0.018867919529223905
5409,15,AW19,culottes,0.0,0.0,0.015437387798832893
5409,30,AW19,culottes,0.0,0.0,0.02572898298811595
5422,65,AW19,long sleeve,0.0188679245283018,0.0,0.003993505674934738
5422,7,AW19,long sleeve,0.0,0.0,0.018867919532311903
5444,105,AW19,long sleeve,0.0188679245283018,0.0188679245283018,0.010291590197240984
4975,100,AW19,culottes,0.0,0.0,0.013209093468760107
5386,30,AW19,long sleeve,0.0,0.0,0.007981126011391337
5382,61,AW19,long sleeve,0.0,0.0,0.015437387796429647
5441,35,AW19,long dress,0.0,0.0188679245283018,0.024013717123287325
5458,52,AW19,sleeveless,0.0,0.0,0.013722121933360457
5396,19,AW19,long sleeve,0.0,0.0,0.01886792448712947
5455,4,AW19,solid color top,0.0,0.0377358490566037,0.03430531232814914
5396,7,AW19,long sleeve,0.0,0.0,0.017152653664486667
5458,76,AW19,sleeveless,0.0188679245283018,0.0188679245283018,0.013722121927440175
5396,96,AW19,long sleeve,0.0,0.0,0.0011063892017244394
5374,41,AW19,long sleeve,0.0188679245283018,0.0188679245283018,0.008576324331038353
5458,38,AW19,sleeveless,0.0188679245283018,0.0,0.010291590197744954
4905,102,AW19,doll dress,0.0188679245283018,0.0188679245283018,0.008576324331332957
5374,35,AW19,long sleeve,0.0188679245283018,0.0,0.017152653662688755
5458,22,AW19,sleeveless,0.0,0.0188679245283018,0.02058318539609975
4905,105,AW19,doll dress,0.0377358490566037,0.0188679245283018,0.01029159019711892
5464,20,AW19,sheath dress,0.0,0.0,0.013722121929885775
5385,117,AW19,doll dress,0.0,0.0188679245283018,0.02058318863746475
5385,88,AW19,doll dress,0.0,0.0,0.013722121925830463
5464,82,AW19,sheath dress,0.0,0.0,0.01543738779664807
5455,103,AW19,solid color top,0.0188679245283018,0.0377358490566037,0.046321603794886285
5455,8,AW19,solid color top,0.0,0.0566037735849056,0.03259004645528273
5464,67,AW19,sheath dress,0.0,0.0188679245283018,0.010976709841467796
5055,30,AW19,culottes,0.0,0.0566037735849056,0.020583185390064273
5458,53,AW19,sleeveless,0.0,0.0,0.0171526589513496
5464,18,AW19,sheath dress,0.0188679245283018,0.0,0.01372212192984485
5390,88,AW19,miniskirt,0.0,0.0,0.015437387805354598
5458,13,AW19,sleeveless,0.0,0.0188679245283018,0.012006856063131446
5458,56,AW19,sleeveless,0.0,0.0,0.010291590197402431
5396,39,AW19,long sleeve,0.0,0.0,0.022298451257666198
5448,9,AW19,medium coat,0.0,0.0188679245283018,0.020583185395176624
5448,73,AW19,medium coat,0.0,0.0,0.010021742497409827
5448,80,AW19,medium coat,0.0,0.0,4.189520847642081e-18
5448,39,AW19,medium coat,0.0188679245283018,0.0,0.017152653657515553
5448,48,AW19,medium coat,0.0188679245283018,0.0,2.0655932859755092e-49
5448,75,AW19,medium coat,0.0,0.0,0.02915951472687696
5458,80,AW19,sleeveless,0.0,0.0188679245283018,0.02744424885002049
5448,105,AW19,medium coat,0.0,0.0,0.024013720787053668
5448,84,AW19,medium coat,0.0,0.0188679245283018,0.012006856062546763
5448,66,AW19,medium coat,0.0,0.0,0.010238529893906405
5448,94,AW19,medium coat,0.0188679245283018,0.0,0.01886791952882269
5448,31,AW19,medium coat,0.0,0.0188679245283018,0.01269110915036375
5448,7,AW19,medium coat,0.0,0.0,0.022298451260284135
5448,49,AW19,medium coat,0.0188679245283018,0.0188679245283018,0.032590052058293704
5448,10,AW19,medium coat,0.0,0.0,0.032590051235323374
5448,2,AW19,medium coat,0.0,0.0,0.004382387377767088
5448,30,AW19,medium coat,0.0,0.0,0.03773584407401569
5458,9,AW19,sleeveless,0.0,0.0188679245283018,0.013722121930920648
5063,103,AW19,kimono dress,0.0,0.0,0.013722121931113872
5076,6,AW19,sheath dress,0.0,0.0188679245283018,0.013722121926429342
5464,39,AW19,sheath dress,0.0188679245283018,0.0,0.017152653662793196
5396,56,AW19,long sleeve,0.0188679245283018,0.0,0.0007200617642159326
5396,28,AW19,long sleeve,0.0,0.0,0.018867919530806517
5464,115,AW19,sheath dress,0.0,0.0,0.015437387794546932
5358,8,AW19,long sleeve,0.0,0.0,0.003119271221009421
5455,21,AW19,solid color top,0.0377358490566037,0.0188679245283018,0.0514579709765559
5458,8,AW19,sleeveless,0.0,0.0,0.013722121929379607
5441,86,AW19,long dress,0.0,0.0,0.01886791953569513
5455,125,AW19,solid color top,0.0188679245283018,0.0,0.005872157624676358
5343,41,AW19,long sleeve,0.0,0.0,0.002914375644177439
5343,46,AW19,long sleeve,0.0,0.0,0.0006378591472637636
5343,106,AW19,long sleeve,0.0,0.0,0.005258607017401975
5441,80,AW19,long dress,0.0377358490566037,0.0188679245283018,0.02744424887380071
5416,63,AW19,long sleeve,0.0188679245283018,0.0,0.00209949898959468
5343,9,AW19,long sleeve,0.0188679245283018,0.0,0.017152653669898446
5006,3,AW19,short sleeves,0.0188679245283018,0.0,0.012006856065943951
5440,48,AW19,sleeveless,0.0,0.0,0.015437387793350462
5455,104,AW19,solid color top,0.0188679245283018,0.0188679245283018,0.01543738779590046
5441,3,AW19,long dress,0.0,0.0188679245283018,0.015437387797650469
5441,5,AW19,long dress,0.0377358490566037,0.0,0.02744425242975507
5416,90,AW19,long sleeve,0.0188679245283018,0.0,0.008405053551868418
5441,56,AW19,long dress,0.0188679245283018,0.0188679245283018,0.008576075853368545
5416,40,AW19,long sleeve,0.0,0.0,0.017152657620881574
5416,76,AW19,long sleeve,0.0,0.0,0.020583185393622513
5440,73,AW19,sleeveless,0.0,0.0,0.017152653662236766
5455,29,AW19,solid color top,0.0377358490566037,0.0377358490566037,0.032590046454995726
5416,31,AW19,long sleeve,0.0,0.0,0.009729493275299624
5416,54,AW19,long sleeve,0.0,0.0188679245283018,0.013722121928095018
5441,106,AW19,long dress,0.0,0.0,0.010291590196824043
5382,26,AW19,long sleeve,0.0188679245283018,0.0,0.010291590196157522
5440,31,AW19,sleeveless,0.0,0.0188679245283018,0.017152653661758437
5382,35,AW19,long sleeve,0.0,0.0,0.004170090579254716
5455,115,AW19,solid color top,0.0,0.0377358490566037,0.03259004645259281
5362,82,AW19,long sleeve,0.0,0.0,0.003654841131193717
5358,107,AW19,long sleeve,0.0,0.0,0.0030986338267240078
5366,68,AW19,long sleeve,0.0188679245283018,0.0188679245283018,0.00857632917113737
5441,2,AW19,long dress,0.0188679245283018,0.0,0.01715265366454187
5366,26,AW19,long sleeve,0.0188679245283018,0.0,0.00857632433073421
5465,73,AW19,long coat,0.0188679245283018,0.0,0.012006856067423752
5366,103,AW19,long sleeve,0.0,0.0,0.013722121911844435
5358,89,AW19,long sleeve,0.0,0.0,0.0013938357648417533
5458,29,AW19,sleeveless,0.0,0.0,0.029159514728467784
5367,73,AW19,long sleeve,0.0377358490566037,0.0,0.0007689319421905706
5367,5,AW19,long sleeve,0.0,0.0,0.013722125862155604
5441,15,AW19,long dress,0.0,0.0188679245283018,0.02744424886551204
5441,31,AW19,long dress,0.0566037735849056,0.0188679245283018,0.01715265366328429
5367,46,AW19,long sleeve,0.0,0.0,0.012006859549762449
5364,68,AW19,long sleeve,0.0,0.0,0.013722121928004705
5392,36,AW19,long sleeve,0.0188679245283018,0.0,8.78745498472702e-05
5458,41,AW19,sleeveless,0.0,0.0,0.018867919529412087
5440,30,AW19,sleeveless,0.0,0.0,0.0171526536616521
5440,12,AW19,sleeveless,0.0,0.0,0.02744424885847764
5362,64,AW19,long sleeve,0.0,0.0,6.174131990802182e-05
5392,43,AW19,long sleeve,0.0,0.0188679245283018,0.013722121929376994
5392,10,AW19,long sleeve,0.0188679245283018,0.0,0.012006856065442254
5362,74,AW19,long sleeve,0.0,0.0,0.002416955188186492
5362,67,AW19,long sleeve,0.0,0.0,0.015437387794052288
5362,56,AW19,long sleeve,0.0,0.0,0.017152653670043327
4946,15,AW19,short sleeves,0.0754716981132075,0.0,0.008576324330328221
5428,65,AW19,sheath dress,0.0,0.0188679245283018,0.010291590199469377
5444,95,AW19,long sleeve,0.0188679245283018,0.0377358490566037,0.012006859044529705
5447,82,AW19,solid color top,0.0188679245283018,0.0,4.189520910070805e-18
5447,20,AW19,solid color top,0.0,0.0,0.010291590197509503
5447,1,AW19,solid color top,0.0,0.0188679245283018,0.01886792452830058
5455,28,AW19,solid color top,0.0,0.0188679245283018,0.03773584406073274
5399,36,AW19,long sleeve,0.0566037735849056,0.0188679245283018,0.01029159019758218
5447,86,AW19,solid color top,0.0,0.0,0.007949592651528834
5455,15,AW19,solid color top,0.0566037735849056,0.0566037735849056,0.046312175992383894
5407,40,AW19,long sleeve,0.0188679245283018,0.0,0.015437387799102989
4587,125,AW19,drop sleeve,0.0,0.0,9.302605291637914e-34
5460,41,AW19,kimono dress,0.0377358490566037,0.0,0.015437387796328025
5064,60,AW19,kimono dress,0.0377358490566037,0.0188679245283018,0.012006856063896584
5447,49,AW19,solid color top,0.0188679245283018,0.0566037735849056,0.015437393937617623
5407,4,AW19,long sleeve,0.0,0.0188679245283018,0.020583185395598634
5447,12,AW19,solid color top,0.0,0.0188679245283018,0.01882093295563954
5425,12,AW19,long sleeve,0.0,0.0377358490566037,0.015437387792211744
5460,29,AW19,kimono dress,0.0,0.0,0.018867919529399334
5447,19,AW19,solid color top,0.0,0.0188679245283018,0.024013720401111886
5447,100,AW19,solid color top,0.0,0.0377358490566037,0.03087478058941022
5069,67,AW19,long sleeve,0.0,0.0,0.012006856064015447
5466,12,AW19,kimono dress,0.0188679245283018,0.0188679245283018,0.02058318539955464
5454,43,AW19,culottes,0.0,0.0188679245283018,0.03259004645932558
5047,13,AW19,long sleeve,0.0188679245283018,0.0,0.00857632433073421
5454,39,AW19,culottes,0.0188679245283018,0.0188679245283018,0.02401371711982398
5386,7,AW19,long sleeve,0.0,0.0,0.017152653662228158
5455,121,AW19,solid color top,0.0,0.0,0.01715265366364289
5407,30,AW19,long sleeve,0.0,0.0,5.0746298083459735e-05
5454,3,AW19,culottes,0.0,0.0188679245283018,0.03259004646338064
5399,100,AW19,long sleeve,0.0,0.0,0.008576324329450963
5407,76,AW19,long sleeve,0.0188679245283018,0.0,0.005346302383103991
5407,68,AW19,long sleeve,0.0188679245283018,0.0,0.013722121931807427
5407,42,AW19,long sleeve,0.0,0.0,0.010291590198055102
5407,61,AW19,long sleeve,0.0,0.0,0.003857046191245872
5407,83,AW19,long sleeve,0.0,0.0,0.018867919522544956
5454,5,AW19,culottes,0.0188679245283018,0.0,0.013722126700173972
5383,117,AW19,culottes,0.0,0.0377358490566037,0.015437387796835731
5383,49,AW19,culottes,0.0,0.0,0.006169906553991618
5383,30,AW19,culottes,0.0,0.0,0.015437387794767063
4587,105,AW19,drop sleeve,0.0,0.0,0.037735849091940596
5454,51,AW19,culottes,0.0188679245283018,0.0566037735849056,0.054123881598451634
4989,115,AW19,miniskirt,0.0377358490566037,0.0188679245283018,0.012006856064632794
5425,13,AW19,long sleeve,0.0,0.0188679245283018,0.017152653663485555
5460,22,AW19,kimono dress,0.0,0.0,0.013354530059587423
5455,6,AW19,solid color top,0.0188679245283018,0.0,0.008576324331054949
5460,93,AW19,kimono dress,0.0188679245283018,0.0,0.012006856064248627
5455,31,AW19,solid color top,0.0188679245283018,0.0754716981132075,0.034305312315463445
5460,50,AW19,kimono dress,0.0,0.0,0.020983247526956603
5389,0,AW19,long sleeve,0.0377358490566037,0.0188679245283018,0.018867919527813717
5460,80,AW19,kimono dress,0.0,0.0,0.015437387794676297
5389,18,AW19,long sleeve,0.0,0.0,0.029159514726851007
5389,46,AW19,long sleeve,0.0,0.0188679245283018,0.02667549396826887
5460,43,AW19,kimono dress,0.0,0.0,8.040852094558625e-05
5460,14,AW19,kimono dress,0.0,0.0188679245283018,0.013722128028718097
5389,36,AW19,long sleeve,0.0188679245283018,0.0,0.044596907481432774
5389,40,AW19,long sleeve,0.0,0.0,0.03773584406716431
5455,65,AW19,solid color top,0.0188679245283018,0.0377358490566037,0.032590046451294555
5460,65,AW19,kimono dress,0.0,0.0,0.015437387796890918
5377,35,AW19,long sleeve,0.0,0.0,0.01529267908571447
5455,33,AW19,solid color top,0.0,0.0,0.01886791953329145
5460,51,AW19,kimono dress,0.0188679245283018,0.0,0.017152653662333074
5455,86,AW19,solid color top,0.0,0.0566037735849056,0.06346483206205877
5460,77,AW19,kimono dress,0.0,0.0,0.00012595768684666494
5069,103,AW19,long sleeve,0.0377358490566037,0.0188679245283018,0.013722121928710593
5425,93,AW19,long sleeve,0.0377358490566037,0.0,0.005028933639078153
5460,57,AW19,kimono dress,0.0,0.0,0.0014271407396573242
5425,89,AW19,long sleeve,0.0,0.0188679245283018,0.01200685606308159
5454,106,AW19,culottes,0.0,0.0377358490566037,0.015437387795116744
5460,36,AW19,kimono dress,0.0,0.0188679245283018,0.013722121931440241
5460,81,AW19,kimono dress,0.0188679245283018,0.0,0.015437387795158172
5425,109,AW19,long sleeve,0.0,0.0,0.010291590193920732
5425,74,AW19,long sleeve,0.0,0.0,0.00028659001734755897
5425,100,AW19,long sleeve,0.0,0.0,0.010291590197593906
5436,64,AW19,long sleeve,0.0,0.0754716981132075,0.07547169755089952
5455,80,AW19,solid color top,0.0188679245283018,0.0188679245283018,0.03602055801255321
5389,115,AW19,long sleeve,0.0188679245283018,0.0,0.004640359461076096
5377,83,AW19,long sleeve,0.0,0.0,0.008219313090023614
5389,21,AW19,long sleeve,0.0,0.0188679245283018,0.046312173396215635
5454,53,AW19,culottes,0.0188679245283018,0.0188679245283018,0.018867919528219586
5455,99,AW19,solid color top,0.0,0.0377358490566037,0.020583185388535413
5389,63,AW19,long sleeve,0.0,0.0377358490566037,0.027444248861261348
5455,5,AW19,solid color top,0.0,0.0,0.02572898299199237
5431,115,AW19,kimono dress,0.0377358490566037,0.0,0.013722125211935832
5417,18,AW19,long sleeve,0.0,0.0,0.015437387796410703
5417,67,AW19,long sleeve,0.0188679245283018,0.0,0.012006856065082703
5455,42,AW19,solid color top,0.0,0.0188679245283018,0.017152653659856736
5455,61,AW19,solid color top,0.0,0.0,0.018867924474466332
5455,49,AW19,solid color top,0.0,0.0188679245283018,0.04802743926105626
5459,14,AW19,culottes,0.0,0.0188679245283018,0.01715265720877445
5377,86,AW19,long sleeve,0.0,0.0,0.0038591802872803703
5456,56,AW19,long sleeve,0.0,0.0188679245283018,0.010291590197277713
5459,73,AW19,culottes,0.0566037735849056,0.0566037735849056,0.015437387798375404
5436,13,AW19,long sleeve,0.0,0.0188679245283018,0.023751236412370088
5377,66,AW19,long sleeve,0.0188679245283018,0.0,0.012006856063496591
4969,19,AW19,long sleeve,0.0,0.0,0.02572898299392437
5446,94,AW19,long sleeve,0.0,0.0188679245283018,0.011153229238536507
5455,107,AW19,solid color top,0.0188679245283018,0.0,0.029159514731716282
5436,89,AW19,long sleeve,0.0188679245283018,0.0566037735849056,0.018867919528461268
5459,50,AW19,culottes,0.0188679245283018,0.0377358490566037,0.01372212192853525
5459,22,AW19,culottes,0.0,0.0188679245283018,0.018867924145660988
5459,51,AW19,culottes,0.0377358490566037,0.0566037735849056,0.025728986322611305
5455,82,AW19,solid color top,0.0,0.0,0.030874780589336178
5377,3,AW19,long sleeve,0.0188679245283018,0.0,0.006962782563210006
4936,100,AW19,short sleeves,0.0188679245283018,0.0188679245283018,0.012587816104062989
5455,47,AW19,solid color top,0.0188679245283018,0.0188679245283018,0.02401371713055309
5455,22,AW19,solid color top,0.0188679245283018,0.0,0.02572898298408905
5455,54,AW19,solid color top,0.0188679245283018,0.0566037735849056,0.025728982989018354
5455,45,AW19,solid color top,0.0188679245283018,0.0,0.020583190692617437
4891,88,AW19,trapeze dress,0.0377358490566037,0.0377358490566037,0.01372212192970871
5455,76,AW19,solid color top,0.0566037735849056,0.0377358490566037,0.036020578179032536
5456,19,AW19,long sleeve,0.0188679245283018,0.0,0.010291590198347288
5455,51,AW19,solid color top,0.0,0.0,0.0308747805924812
5455,96,AW19,solid color top,0.0377358490566037,0.0,0.012006856063682866
5070,39,AW19,long coat,0.0188679245283018,0.0,0.012006856062987277
5455,13,AW19,solid color top,0.0,0.0,0.027444248853434702
5377,52,AW19,long sleeve,0.0,0.0,0.003748603192698062
5331,21,AW19,solid color top,0.0,0.0,0.015437387799005942
5331,32,AW19,solid color top,0.0188679245283018,0.0,0.013722121931129561
5459,31,AW19,culottes,0.0188679245283018,0.0188679245283018,0.020583185395078293
5456,12,AW19,long sleeve,0.0188679245283018,0.0188679245283018,0.010291590199962158
5070,89,AW19,long coat,0.0,0.0,0.006121311609109024
4936,86,AW19,short sleeves,0.0,0.0377358490566037,0.012006856064121428
5455,72,AW19,solid color top,0.0,0.0377358490566037,0.027444248857663278
5455,7,AW19,solid color top,0.0188679245283018,0.0,0.024013717129299873
5459,20,AW19,culottes,0.0188679245283018,0.0,0.01886791953609948
5455,85,AW19,solid color top,0.0,0.0,0.024013717126567417
5064,89,AW19,kimono dress,0.0,0.0,0.0012892006544729083
5454,54,AW19,culottes,0.0188679245283018,0.0,0.013722124938322254
5466,51,AW19,kimono dress,0.0,0.0,0.030874780597432015
5466,22,AW19,kimono dress,0.0188679245283018,0.0,0.020583185397091277
5466,93,AW19,kimono dress,0.0188679245283018,0.0,0.010291590196909867
5466,50,AW19,kimono dress,0.0,0.0566037735849056,0.032590046457378896
5466,13,AW19,kimono dress,0.0,0.0188679245283018,0.03430531232396888
5455,43,AW19,solid color top,0.0377358490566037,0.0188679245283018,0.020583185395528857
4921,105,AW19,culottes,0.0188679245283018,0.0,0.0005724457152250649
5047,49,AW19,long sleeve,0.0,0.0566037735849056,0.015437387796257288
5417,43,AW19,long sleeve,0.0188679245283018,0.0188679245283018,0.01327851754916375
5417,88,AW19,long sleeve,0.0,0.0,0.017152653669588083
4966,15,AW19,long duster,0.1698113207547169,0.0377358490566037,0.012006856061805612
5417,6,AW19,long sleeve,0.0,0.0188679245283018,0.01715265367043776
5064,39,AW19,kimono dress,0.0,0.0188679245283018,0.012006856063901162
5454,31,AW19,culottes,0.0188679245283018,0.0188679245283018,0.017152653663089486
5417,51,AW19,long sleeve,0.0188679245283018,0.0,0.012006856063419247
5459,64,AW19,culottes,0.0377358490566037,0.0377358490566037,0.037735849056603696
5454,84,AW19,culottes,0.0,0.0,0.004320403134097674
5466,1,AW19,kimono dress,0.0,0.0,0.022298454502122738
5466,83,AW19,kimono dress,0.0188679245283018,0.0,0.017152653663830023
5440,36,AW19,sleeveless,0.0,0.0188679245283018,0.022298451263782788
5459,106,AW19,culottes,0.0188679245283018,0.0,0.010291590198206078
5459,53,AW19,culottes,0.0188679245283018,0.0377358490566037,0.0222984547112859
5446,30,AW19,long sleeve,0.0377358490566037,0.0188679245283018,0.01200685606488815
5440,18,AW19,sleeveless,0.0,0.0,0.01886791953483939
5436,77,AW19,long sleeve,0.0377358490566037,0.0377358490566037,0.013722125691716594
5459,40,AW19,culottes,0.0377358490566037,0.0188679245283018,0.020583185396014524
5064,29,AW19,kimono dress,0.0,0.0,0.017152653659004535
5355,33,AW19,long sleeve,0.0,0.0,0.012006856061482512
5355,65,AW19,long sleeve,0.0,0.0188679245283018,0.017152653662034396
5436,83,AW19,long sleeve,0.0188679245283018,0.0188679245283018,0.01029159019810072
5463,30,AW19,sheath dress,0.0,0.0,0.02915951473202622
5466,36,AW19,kimono dress,0.0,0.0,0.0240137171313331
4965,19,AW19,long duster,0.0377358490566037,0.0188679245283018,0.012006856063072623
5466,40,AW19,kimono dress,0.0,0.0188679245283018,0.013722121930267102
5459,30,AW19,culottes,0.0,0.0943396226415094,0.07652185960104005
5064,35,AW19,kimono dress,0.0,0.0,0.020583185394305894
5459,21,AW19,culottes,0.0566037735849056,0.0188679245283018,0.016643103720753318
5455,66,AW19,solid color top,0.0,0.0,0.03087478058778928
5460,12,AW19,kimono dress,0.0,0.0,0.008198869831814747
5460,62,AW19,kimono dress,0.0,0.0,0.012006856065158895
5371,104,AW19,long sleeve,0.0,0.0188679245283018,0.01057642544092369
5369,65,AW19,medium cardigan,0.0,0.0188679245283018,0.015437387793678467
4771,42,AW19,medium coat,0.0754716981132075,0.0188679245283018,0.024013717127175056
5369,68,AW19,medium cardigan,0.0,0.0,0.010291590197590848
4771,13,AW19,medium coat,0.0188679245283018,0.0566037735849056,0.03773584405851843
4771,28,AW19,medium coat,0.0188679245283018,0.0188679245283018,0.015437387800472813
5455,75,AW19,solid color top,0.0754716981132075,0.0,0.017152653660528563
5386,36,AW19,long sleeve,0.0,0.0,0.017152653661937096
5386,81,AW19,long sleeve,0.0,0.0188679245283018,0.013722126406834192
5386,53,AW19,long sleeve,0.0,0.0,0.022298451261965984
4771,73,AW19,medium coat,0.1132075471698113,0.0,0.024013717128905893
5436,7,AW19,long sleeve,0.0188679245283018,0.0188679245283018,0.020583185407788987
4990,110,AW19,long sleeve,0.0377358490566037,0.0,0.012006856062858187
5386,47,AW19,long sleeve,0.0,0.0,0.02744424883584309
5386,68,AW19,long sleeve,0.0,0.0,0.010291590196822931
5463,1,AW19,sheath dress,0.0188679245283018,0.0188679245283018,0.018867924247147814
4771,75,AW19,medium coat,0.0377358490566037,0.0566037735849056,0.025728982990418016
5371,21,AW19,long sleeve,0.0188679245283018,0.0,0.01029159019714076
5455,105,AW19,solid color top,0.0,0.0188679245283018,0.01886792480945579
5371,67,AW19,long sleeve,0.0,0.0188679245283018,0.01543738779659465
4805,30,AW19,short sleeves,0.0188679245283018,0.0188679245283018,0.012006856065772238
5368,115,AW19,long sleeve,0.0188679245283018,0.0188679245283018,0.02915951472592234
5354,35,AW19,long sleeve,0.0188679245283018,0.0188679245283018,0.010291595997514356
5394,4,AW19,maxi,0.0188679245283018,0.0377358490566037,0.013722121929554857
5394,8,AW19,maxi,0.0,0.0377358490566037,0.03259004645340943
5354,18,AW19,long sleeve,0.0,0.0377358490566037,0.012006856064939715
5361,105,AW19,long sleeve,0.0,0.0,0.015437387796066937
5386,64,AW19,long sleeve,0.0188679245283018,0.0,0.015437387797031812
5386,115,AW19,long sleeve,0.0188679245283018,0.0,0.022298454788577095
5386,21,AW19,long sleeve,0.0,0.0,0.02744424884252436
5361,115,AW19,long sleeve,0.0,0.0377358490566037,0.03764109719864892
5371,96,AW19,long sleeve,0.0,0.0377358490566037,0.01200685606376179
4762,88,AW19,medium coat,0.0377358490566037,0.0188679245283018,0.017152653663485555
5371,10,AW19,long sleeve,0.0,0.0,0.015437391221446073
5371,39,AW19,long sleeve,0.0377358490566037,0.0,0.010291590198243642
4762,30,AW19,medium coat,0.0,0.0,0.018867919533310927
4771,64,AW19,medium coat,0.0566037735849056,0.0188679245283018,0.02229845126482543
5025,69,AW19,long sleeve,0.0188679245283018,0.0754716981132075,0.07262504866395435
5371,22,AW19,long sleeve,0.0,0.0,0.015437387796447462
5394,35,AW19,maxi,0.0,0.0,6.654522540362175e-07
4763,57,AW19,medium coat,0.0,0.0,0.017152653660706705
5386,76,AW19,long sleeve,0.0188679245283018,0.0,0.017152657622172093
5418,12,AW19,short cardigan,0.0377358490566037,0.0188679245283018,0.016180410097146918
5334,38,AW19,long sleeve,0.0,0.0,0.013722121925887247
5348,50,AW19,culottes,0.0,0.0188679245283018,0.012006856063525305
5418,19,AW19,short cardigan,0.0,0.0,0.012765892558301035
5418,80,AW19,short cardigan,0.0,0.0,0.018867919520246596
5334,117,AW19,long sleeve,0.0377358490566037,0.0188679245283018,0.008576324331663403
5334,16,AW19,long sleeve,0.0,0.0,0.015437387799076047
5455,19,AW19,solid color top,0.0188679245283018,0.0,0.030874780594713224
5334,3,AW19,long sleeve,0.0,0.0188679245283018,0.025728982991910388
5334,14,AW19,long sleeve,0.0,0.0188679245283018,0.017152653660224716
5418,107,AW19,short cardigan,0.0188679245283018,0.0,0.012006856061520228
5334,75,AW19,long sleeve,0.0188679245283018,0.0377358490566037,0.04102698287437393
5334,19,AW19,long sleeve,0.0,0.0,0.017152657258987472
5334,31,AW19,long sleeve,0.0188679245283018,0.0,0.04974270512278807
5429,64,AW19,patterned top,0.0,0.0188679245283018,0.01029159019545095
5334,96,AW19,long sleeve,0.0,0.0,0.02229845126299176
5418,40,AW19,short cardigan,0.0377358490566037,0.0377358490566037,0.02572898299302806
5334,53,AW19,long sleeve,0.0,0.0,0.0222984512655475
5468,103,AW19,culottes,0.0188679245283018,0.0,0.01029159019726258
5334,40,AW19,long sleeve,0.0,0.0754716981132075,0.0205831853993928
5334,18,AW19,long sleeve,0.0377358490566037,0.0566037735849056,0.044596907508062826
4763,74,AW19,medium coat,0.0,0.0566037735849056,0.03602057829144715
5386,45,AW19,long sleeve,0.0,0.0,0.015437387791591609
5455,40,AW19,solid color top,0.0188679245283018,0.0754716981132075,0.041166375794478
5463,121,AW19,sheath dress,0.0,0.0,0.015437391541503672
4990,107,AW19,long sleeve,0.0188679245283018,0.0,0.008576324328212826
5380,85,AW19,long sleeve,0.0188679245283018,0.0188679245283018,0.008576324331424546
5455,9,AW19,solid color top,0.0,0.0188679245283018,0.024013717126347475
5059,14,AW19,kimono dress,0.0377358490566037,0.0,0.0001689973415586615
4947,105,AW19,culottes,0.0,0.0188679245283018,0.006861058465561168
5342,33,AW19,short cardigan,0.0,0.0,0.013722121928835528
5386,9,AW19,long sleeve,0.0,0.0377358490566037,0.018867919524653512
5334,104,AW19,long sleeve,0.0188679245283018,0.0,0.024013717125107015
5334,125,AW19,long sleeve,0.0,0.0,0.015437387794855378
5334,100,AW19,long sleeve,0.0188679245283018,0.0,0.005609751439278294
4810,105,AW19,trapeze dress,0.0,0.0188679245283018,0.010291590197303618
5334,103,AW19,long sleeve,0.0,0.0,0.03773584405489537
5368,54,AW19,long sleeve,0.0,0.0188679245283018,0.018867925371763752
5334,69,AW19,long sleeve,0.0,0.0188679245283018,0.020583185388927012
5394,74,AW19,maxi,0.0,0.0,0.01543738779540091
4779,79,AW19,medium coat,0.0377358490566037,0.0566037735849056,0.04017507455471536
5394,121,AW19,maxi,0.0377358490566037,0.0,0.0188679195230676
4820,30,AW19,short sleeves,0.0566037735849056,0.0,0.008576324332194239
4820,18,AW19,short sleeves,0.0,0.0,0.013722125318976725
5018,109,AW19,long sleeve,0.0188679245283018,0.0,0.008576324328212826
5432,80,AW19,kimono dress,0.0,0.0,0.0028644228753587388
4778,67,AW19,medium coat,0.0,0.0188679245283018,0.012006856064184042
4981,0,AW19,doll dress,0.0188679245283018,0.0188679245283018,0.008576324331521858
4981,68,AW19,doll dress,0.0188679245283018,0.0188679245283018,0.010291590197957527
5018,13,AW19,long sleeve,0.0188679245283018,0.0,0.006861058465999429
4981,117,AW19,doll dress,0.0,0.0188679245283018,0.0102915901957393
4987,83,AW19,long dress,0.0188679245283018,0.0,0.010291590196918188
4778,121,AW19,medium coat,0.0,0.0,0.010291590197593906
5468,51,AW19,culottes,0.0377358490566037,0.0188679245283018,0.012006856061146919
5389,45,AW19,long sleeve,0.0377358490566037,0.0,0.02229845126317913
5059,89,AW19,kimono dress,0.0,0.0,0.017152653666649722
5069,41,AW19,long sleeve,0.0566037735849056,0.0,0.01543738780493857
4778,20,AW19,medium coat,0.0,0.0,0.0015579951942805564
5368,75,AW19,long sleeve,0.0,0.0188679245283018,0.0394511099254658
5432,106,AW19,kimono dress,0.0188679245283018,0.0,0.003600391087004707
5432,69,AW19,kimono dress,0.0,0.0,0.01715265365722583
5431,88,AW19,kimono dress,0.0,0.0,0.008086241410206564
5368,33,AW19,long sleeve,0.0,0.0,0.013722121929522197
5377,81,AW19,long sleeve,0.0,0.0,0.001046516132943468
5431,21,AW19,kimono dress,0.0188679245283018,0.0,0.005145792599198137
5389,72,AW19,long sleeve,0.0188679245283018,0.0188679245283018,0.036020578186741634
5431,40,AW19,kimono dress,0.0,0.0,0.015437391415308803
5463,86,AW19,sheath dress,0.0,0.0,0.015437391024349049
5431,83,AW19,kimono dress,0.0,0.0,0.013878982949781528
5377,63,AW19,long sleeve,0.0188679245283018,0.0,0.0004268044879573607
5368,21,AW19,long sleeve,0.0188679245283018,0.0,0.017152653671352706
5354,85,AW19,long sleeve,0.0,0.0,0.0120068560634184
5460,96,AW19,kimono dress,0.0,0.0,0.024013717139313828
5389,47,AW19,long sleeve,0.0,0.0566037735849056,0.05145797097765414
5468,49,AW19,culottes,0.0188679245283018,0.0,0.02229845126221145
5368,107,AW19,long sleeve,0.0188679245283018,0.0,0.013722121928080302
5431,51,AW19,kimono dress,0.0566037735849056,0.0,0.02058318539088263
5431,89,AW19,kimono dress,0.0,0.0,0.02572898298742534
5431,56,AW19,kimono dress,0.0377358490566037,0.0,0.002189450471719667
5368,82,AW19,long sleeve,0.0,0.0,9.3026051530183e-34
5463,80,AW19,sheath dress,0.0188679245283018,0.0377358490566037,0.030874780589096384
5389,42,AW19,long sleeve,0.0188679245283018,0.0,0.012006856062930622
5463,99,AW19,sheath dress,0.0377358490566037,0.0188679245283018,0.010291590196905256
4778,5,AW19,medium coat,0.0,0.0,0.0343053123332293
5368,31,AW19,long sleeve,0.0,0.0377358490566037,0.02058318539348917
5389,65,AW19,long sleeve,0.0188679245283018,0.0188679245283018,0.02915951472300951
5394,31,AW19,maxi,0.0188679245283018,0.0,0.01886792397074729
5455,48,AW19,solid color top,0.0,0.0188679245283018,0.024013722350379074
5394,105,AW19,maxi,0.0,0.0,0.03602058250486709
5389,15,AW19,long sleeve,0.0,0.0754716981132075,0.05982784886772026
5389,7,AW19,long sleeve,0.0,0.0,0.007242780876629715
5394,86,AW19,maxi,0.0,0.0,0.04116637577892659
5389,49,AW19,long sleeve,0.0,0.0188679245283018,0.039451109903006036
5394,39,AW19,maxi,0.0,0.0188679245283018,0.018867919517007115
5394,3,AW19,maxi,0.0566037735849056,0.0188679245283018,0.022298451270685464
5389,62,AW19,long sleeve,0.0,0.0,0.015437387794674597
5394,33,AW19,maxi,0.0,0.0,0.022298451258790666
5389,30,AW19,long sleeve,0.0377358490566037,0.0,0.06518009791247137
5394,77,AW19,maxi,0.0,0.0,0.020583185391865922
5059,80,AW19,kimono dress,0.0377358490566037,0.0188679245283018,0.0171526536623819
5394,68,AW19,maxi,0.0188679245283018,0.0,0.010291590196458276
5386,41,AW19,long sleeve,0.0188679245283018,0.0,0.0360205782008663
4928,19,AW19,medium coat,0.0188679245283018,0.0,0.017152653653135633
5389,75,AW19,long sleeve,0.0,0.0,0.02572898298194973
5389,19,AW19,long sleeve,0.0,0.0,0.0308747806039883
5389,48,AW19,long sleeve,0.0377358490566037,0.0188679245283018,0.03430531232732298
5389,16,AW19,long sleeve,0.0,0.0,0.03259004647307545
5455,53,AW19,solid color top,0.0188679245283018,0.0,0.018867919536671086
5378,14,AW19,long sleeve,0.0188679245283018,0.0,2.065593285975509e-49
5389,99,AW19,long sleeve,0.0,0.0,0.03602057818735468
5463,13,AW19,sheath dress,0.0,0.0,0.0004370521514308127
4911,19,AW19,medium coat,0.0,0.0377358490566037,0.017152653664679572
5394,96,AW19,maxi,0.0,0.0188679245283018,0.018867919527741646
5378,1,AW19,long sleeve,0.0,0.0188679245283018,0.01200685606400946
5455,14,AW19,solid color top,0.0188679245283018,0.0377358490566037,0.01886791952848353
4779,74,AW19,medium coat,0.0188679245283018,0.0188679245283018,0.02572898299558673
5354,43,AW19,long sleeve,0.0,0.0,0.018867919526300073
5463,22,AW19,sheath dress,0.0,0.0,0.02058318539938287
4911,31,AW19,medium coat,0.0188679245283018,0.0188679245283018,0.01029159019588205
5459,12,AW19,culottes,0.0,0.0188679245283018,0.01886791953535624
5473,36,AW19,culottes,0.0,0.0377358490566037,0.015437387798073228
5503,96,AW19,long sleeve,0.0,0.0,0.004038458409016154
4939,105,AW19,culottes,0.0,0.0,0.025728982979065198
5382,94,AW19,long sleeve,0.0,0.0188679245283018,0.015437387794970302
5382,31,AW19,long sleeve,0.0,0.0,0.02229845637937566
5393,43,AW19,kimono dress,0.0,0.0,0.03602057823322063
5382,105,AW19,long sleeve,0.0188679245283018,0.0,0.017152653662917697
5528,8,AW19,long sleeve,0.0377358490566037,0.0943396226415094,0.024013717157993865
5503,20,AW19,long sleeve,0.0,0.0,0.0057004326694551155
5382,49,AW19,long sleeve,0.0,0.0,0.0205831903169546
5063,3,AW19,kimono dress,0.0377358490566037,0.0188679245283018,0.008979602916006498
5475,54,AW19,culottes,0.0,0.0,0.02229845126373848
5478,41,AW19,short cardigan,0.0,0.0,0.015437387805837671
5472,115,AW19,long sleeve,0.0,0.0,0.0008778364310196091
5475,30,AW19,culottes,0.0188679245283018,0.0188679245283018,0.024013717130137974
5422,2,AW19,long sleeve,0.0,0.0,0.013722124704930515
5455,84,AW19,solid color top,0.0188679245283018,0.0,0.013722121929393262
5503,8,AW19,long sleeve,0.0,0.0,0.01715265929822142
5455,94,AW19,solid color top,0.0,0.0188679245283018,0.03259004645570385
5486,12,AW19,long sleeve,0.0188679245283018,0.0,0.018867919529523144
5422,31,AW19,long sleeve,0.0188679245283018,0.0,0.018867919529155733
5422,75,AW19,long sleeve,0.0188679245283018,0.0188679245283018,0.01715265366008171
5473,18,AW19,culottes,0.0,0.0,0.013722121930309276
5422,14,AW19,long sleeve,0.0,0.0188679245283018,0.010291590197957527
5422,3,AW19,long sleeve,0.0,0.0188679245283018,0.018867919532616437
5422,99,AW19,long sleeve,0.0188679245283018,0.0188679245283018,0.01029159019695653
5486,31,AW19,long sleeve,0.0,0.0377358490566037,0.013722121927157374
5422,16,AW19,long sleeve,0.0188679245283018,0.0,0.0071007927559335795
5022,125,AW19,long cardigan,0.0,0.0188679245283018,0.013722121930777868
5422,77,AW19,long sleeve,0.0,0.0188679245283018,0.013722121929880919
4947,74,AW19,culottes,0.0,0.0,0.01543738779114994
5473,115,AW19,culottes,0.0188679245283018,0.0,0.01886791952856562
5422,107,AW19,long sleeve,0.0,0.0,0.01543738779516108
5422,36,AW19,long sleeve,0.0188679245283018,0.0188679245283018,0.0411663798028347
5486,105,AW19,long sleeve,0.0,0.0188679245283018,0.02058318539321473
5486,19,AW19,long sleeve,0.0,0.0,0.015189872768742486
5503,1,AW19,long sleeve,0.0377358490566037,0.0943396226415094,0.09433962123573948
5528,18,AW19,long sleeve,0.0188679245283018,0.0188679245283018,0.02229845126290663
5473,51,AW19,culottes,0.0,0.0188679245283018,0.018867919528333766
5528,106,AW19,long sleeve,0.0188679245283018,0.0188679245283018,0.02744424886339454
5393,109,AW19,kimono dress,0.0377358490566037,0.0,0.010291590195844197
5487,12,AW19,long sleeve,0.0,0.0,0.004569787312561612
5477,19,AW19,long sleeve,0.0377358490566037,0.0188679245283018,0.02058318539651102
5487,96,AW19,long sleeve,0.0,0.0377358490566037,0.0259339632209943
5473,43,AW19,culottes,0.0,0.0754716981132075,0.03773584405145621
5516,36,AW19,long sleeve,0.0,0.0566037735849056,0.01200685605735439
5516,63,AW19,long sleeve,0.0,0.0,0.001697480461359374
5477,29,AW19,long sleeve,0.0188679245283018,0.0188679245283018,0.010291590196905879
5516,57,AW19,long sleeve,0.0,0.0,0.0018750230817012675
5512,31,AW19,long sleeve,0.0188679245283018,0.0188679245283018,0.012006856058586344
5473,31,AW19,culottes,0.0188679245283018,0.0,0.0013969105548950753
5516,104,AW19,long sleeve,0.0,0.0,0.011608438854164061
5487,39,AW19,long sleeve,0.0,0.0,0.001786199559812986
5412,13,AW19,long sleeve,0.0,0.0,0.008791459021538394
5486,18,AW19,long sleeve,0.0,0.0,0.029159518573715976
5516,29,AW19,long sleeve,0.0,0.0188679245283018,0.018867924090040754
5396,103,AW19,long sleeve,0.0,0.0,0.012402772368533838
5512,80,AW19,long sleeve,0.0,0.0188679245283018,0.015437387797031563
5020,19,AW19,trapeze dress,0.0188679245283018,0.0,0.024013717117479027
5435,15,AW19,kimono dress,0.0,0.0,6.242872454543941e-26
5020,79,AW19,trapeze dress,0.0,0.0,0.013722121920783883
5396,20,AW19,long sleeve,0.0,0.0,0.0066937992171500855
5512,40,AW19,long sleeve,0.0,0.0188679245283018,0.018867922173447495
5512,46,AW19,long sleeve,0.0377358490566037,0.0188679245283018,0.012006858711401518
5476,105,AW19,solid color top,0.0,0.0188679245283018,0.024013717124264918
5473,12,AW19,culottes,0.0,0.0,0.018867919527300447
5512,14,AW19,long sleeve,0.0566037735849056,0.0,0.0017829669984554368
5487,93,AW19,long sleeve,0.0,0.0,0.00229032035409475
4908,23,AW19,solid color top,0.0377358490566037,0.0,0.022298451258079912
5473,68,AW19,culottes,0.0,0.0,0.013722121926633612
5486,115,AW19,long sleeve,0.0377358490566037,0.0,0.001447225772610988
5486,41,AW19,long sleeve,0.0188679245283018,0.0,0.012006856063771429
5507,7,AW19,long sleeve,0.0188679245283018,0.1320754716981132,0.027444248916629756
5435,103,AW19,kimono dress,0.0,0.0377358490566037,0.015437387794527377
5516,2,AW19,long sleeve,0.0,0.0188679245283018,0.010291590198940615
5486,8,AW19,long sleeve,0.0,0.0,0.015437387796069223
5435,67,AW19,kimono dress,0.0,0.0,0.015437387792665501
5507,19,AW19,long sleeve,0.0566037735849056,0.0,0.02401371712211227
5516,10,AW19,long sleeve,0.0,0.0,0.010403407146658179
5516,65,AW19,long sleeve,0.0,0.0,0.0022743925926756153
5507,80,AW19,long sleeve,0.0,0.0,0.0445969075223706
5507,73,AW19,long sleeve,0.0566037735849056,0.0,0.010291590196175406
5507,3,AW19,long sleeve,0.0188679245283018,0.0188679245283018,0.01029159019677346
5487,100,AW19,long sleeve,0.0,0.0188679245283018,0.010413688621509402
5487,36,AW19,long sleeve,0.0,0.0,0.0011607510125433624
5507,5,AW19,long sleeve,0.0188679245283018,0.0188679245283018,0.012006856060656459
5507,56,AW19,long sleeve,0.0188679245283018,0.0188679245283018,0.010291590196421735
5473,56,AW19,culottes,0.0377358490566037,0.0188679245283018,0.022298451261229455
5507,76,AW19,long sleeve,0.0,0.0566037735849056,0.013722125286374709
5507,35,AW19,long sleeve,0.0188679245283018,0.0188679245283018,0.013722121928429691
5507,36,AW19,long sleeve,0.0,0.0943396226415094,0.032590046443255485
5507,46,AW19,long sleeve,0.0,0.0377358490566037,0.02401371712756583
5487,35,AW19,long sleeve,0.0,0.0,0.004594202983064618
5487,32,AW19,long sleeve,0.0188679245283018,0.0,0.0013230995094291684
5507,18,AW19,long sleeve,0.0,0.0,0.022298451275134846
5487,82,AW19,long sleeve,0.0,0.0,0.002523441805550853
4908,109,AW19,solid color top,0.0,0.0,0.017152653664423673
5396,43,AW19,long sleeve,0.0,0.0,0.0037466317327029233
5486,93,AW19,long sleeve,0.0188679245283018,0.0,0.013722121930655628
5512,21,AW19,long sleeve,0.0188679245283018,0.0188679245283018,0.02058318931167193
5476,14,AW19,solid color top,0.0,0.0,0.02229845697610333
5430,27,AW19,kimono dress,0.0,0.0188679245283018,0.010291595949364744
5020,64,AW19,trapeze dress,0.0,0.0188679245283018,0.012006856064611791
5476,46,AW19,solid color top,0.0,0.0,0.004189996700979301
5528,30,AW19,long sleeve,0.0188679245283018,0.0188679245283018,0.02572898299318401
4891,44,AW19,trapeze dress,0.0,0.0,0.013722121929420085
5528,12,AW19,long sleeve,0.0188679245283018,0.0188679245283018,0.027444248859672057
5476,29,AW19,solid color top,0.0,0.0,8.56816053449403e-19
5050,79,AW19,solid color top,0.0,0.0,0.012006856063570973
5528,19,AW19,long sleeve,0.0,0.0,0.02058318539129176
5050,93,AW19,solid color top,0.0,0.0188679245283018,0.013722128130858015
5050,45,AW19,solid color top,0.0,0.0,0.015437387797356638
4891,62,AW19,trapeze dress,0.0,0.0,0.015437387791737759
5476,35,AW19,solid color top,0.0,0.0,0.0017131207856007332
5452,99,AW19,long coat,0.0188679245283018,0.0,1.177808126140441e-11
5528,73,AW19,long sleeve,0.0,0.0754716981132075,0.024013717123362255
5401,57,AW19,kimono dress,0.0188679245283018,0.0,0.010291590197248434
5382,90,AW19,long sleeve,0.0,0.0,0.0016585563417916525
5382,36,AW19,long sleeve,0.0,0.0,0.0073200801054910765
5382,53,AW19,long sleeve,0.0,0.0,0.008565825625827255
5473,69,AW19,culottes,0.0,0.0,0.012006856065200688
5430,28,AW19,kimono dress,0.0,0.0,0.0017086851872169287
5528,93,AW19,long sleeve,0.0,0.0377358490566037,0.012006856064200006
5528,76,AW19,long sleeve,0.0188679245283018,0.0377358490566037,0.012006856065245191
5455,2,AW19,solid color top,0.0188679245283018,0.0,0.032590046451333024
5528,1,AW19,long sleeve,0.0,0.0377358490566037,0.03259004645470114
5455,12,AW19,solid color top,0.0188679245283018,0.0,0.041166375781687234
5382,4,AW19,long sleeve,0.0,0.0,0.013722121934441635
5476,47,AW19,solid color top,0.0,0.0,1.1791902407567646e-11
5430,74,AW19,kimono dress,0.0,0.0,0.020583185399427228
5486,20,AW19,long sleeve,0.0,0.0188679245283018,0.027444252091134037
5486,46,AW19,long sleeve,0.0,0.0,0.029159514726904687
5393,90,AW19,kimono dress,0.0,0.0,0.012006856061098055
5476,86,AW19,solid color top,0.0,0.0,9.3026051530183e-34
5473,47,AW19,culottes,0.0,0.0377358490566037,0.022298451272158237
5513,31,AW19,sleeveless,0.0,0.0566037735849056,0.04071472643564559
5020,20,AW19,trapeze dress,0.0188679245283018,0.0377358490566037,0.022298451260471586
5513,66,AW19,sleeveless,0.0188679245283018,0.0188679245283018,0.010291590196748551
5486,36,AW19,long sleeve,0.0,0.0188679245283018,0.018867453644040598
5476,80,AW19,solid color top,0.0,0.0,0.002122047039375516
5473,82,AW19,culottes,0.0,0.0,0.022298451262779493
5358,29,AW19,long sleeve,0.0,0.0,0.02915951992266187
5393,4,AW19,kimono dress,0.0,0.0188679245283018,0.01715265366304522
5513,43,AW19,sleeveless,0.0188679245283018,0.0377358490566037,0.012006856066733856
5513,80,AW19,sleeveless,0.0754716981132075,0.0566037735849056,0.034838240131457386
5358,21,AW19,long sleeve,0.0,0.0,0.015437387797970123
5476,5,AW19,solid color top,0.0,0.0,0.002260264078193233
5513,16,AW19,sleeveless,0.0188679245283018,0.0188679245283018,0.020583185395877588
5358,67,AW19,long sleeve,0.0377358490566037,0.0188679245283018,0.013938409150462218
5358,85,AW19,long sleeve,0.0566037735849056,0.0188679245283018,0.01372212431288983
5513,22,AW19,sleeveless,0.0,0.0377358490566037,0.01886791952962497
4908,14,AW19,solid color top,0.0188679245283018,0.0188679245283018,0.03259004647296789
5476,13,AW19,solid color top,0.0,0.0,0.005896318220473633
5476,76,AW19,solid color top,0.0,0.0,0.008549426954044531
5476,51,AW19,solid color top,0.0,0.0,0.027444252435130927
5513,82,AW19,sleeveless,0.0,0.0,0.012006856062982825
5513,83,AW19,sleeveless,0.0,0.0188679245283018,0.020583185399019814
5513,26,AW19,sleeveless,0.0188679245283018,0.0,0.012006856062408176
5020,22,AW19,trapeze dress,0.0,0.0,0.005053547194072156
5512,89,AW19,long sleeve,0.0,0.0377358490566037,0.020583185395018903
5463,20,AW19,sheath dress,0.0,0.0188679245283018,0.013722121929396498
5472,100,AW19,long sleeve,0.0,0.0,1.804628914858063e-05
5470,94,AW19,medium coat,0.0188679245283018,0.0,0.012006856059540548
5470,19,AW19,medium coat,0.0,0.0188679245283018,0.01372212192863973
5470,75,AW19,medium coat,0.0,0.0,0.015437387796084709
5470,88,AW19,medium coat,0.0,0.0,0.004550210047843275
5470,80,AW19,medium coat,0.0,0.0188679245283018,0.013722121929186726
5470,77,AW19,medium coat,0.0,0.0,0.013722121932844542
5470,47,AW19,medium coat,0.0,0.0,0.030874780597533083
5470,35,AW19,medium coat,0.0,0.0188679245283018,0.017152653658907623
5470,26,AW19,medium coat,0.0,0.0,0.013722121925573018
5470,18,AW19,medium coat,0.0,0.0,0.015437387795595073
5460,53,AW19,kimono dress,0.0,0.0,0.024013717133100396
5470,8,AW19,medium coat,0.0188679245283018,0.0188679245283018,0.0102676371083847
5484,18,AW19,long sleeve,0.0,0.0,0.024013717137681814
5484,46,AW19,long sleeve,0.0,0.0,0.017152657090243065
5484,36,AW19,long sleeve,0.0,0.0,0.013722121931658641
5484,35,AW19,long sleeve,0.0,0.0,0.018867919534474618
5484,76,AW19,long sleeve,0.0,0.0,0.010291590197766858
5460,13,AW19,kimono dress,0.0,0.0,0.00026942872344881756
4760,69,AW19,long cardigan,0.0188679245283018,0.0377358490566037,0.012006856062117984
5484,60,AW19,long sleeve,0.0,0.0188679245283018,0.01029159019756726
4760,57,AW19,long cardigan,0.0,0.0566037735849056,0.01543738780327092
5484,31,AW19,long sleeve,0.0,0.0,0.010291590198009872
5484,30,AW19,long sleeve,0.0,0.0,0.03259004645203566
5470,65,AW19,medium coat,0.0,0.0,0.020583185394051802
5368,57,AW19,long sleeve,0.0188679245283018,0.0188679245283018,0.013722121933158625
5470,7,AW19,medium coat,0.0,0.0,0.017152653662832407
5466,30,AW19,kimono dress,0.0,0.0188679245283018,0.01372212193521948
5509,30,AW19,medium coat,0.0377358490566037,0.0,0.007585688196670347
5509,54,AW19,medium coat,0.0,0.0,0.009587220637572468
5509,12,AW19,medium coat,0.0,0.0,0.017152656930910212
5509,10,AW19,medium coat,0.0,0.0,0.01886791952597547
5466,3,AW19,kimono dress,0.0188679245283018,0.0,0.012006856062076007
5509,65,AW19,medium coat,0.0188679245283018,0.0,6.242872640596039e-26
5509,75,AW19,medium coat,0.0,0.0,0.0030041762403494017
5509,14,AW19,medium coat,0.0,0.0,0.015437387791743123
5509,86,AW19,medium coat,0.0188679245283018,0.0,0.001316348302012342
5509,80,AW19,medium coat,0.0,0.0188679245283018,0.015437387796665756
5509,5,AW19,medium coat,0.0,0.0,0.012006860458355957
5509,28,AW19,medium coat,0.0566037735849056,0.0188679245283018,0.015437387794263863
5466,43,AW19,kimono dress,0.0,0.0188679245283018,0.022298451260521518
5509,22,AW19,medium coat,0.0188679245283018,0.0188679245283018,0.011421529618721954
5509,89,AW19,medium coat,0.0,0.0188679245283018,0.012006856063145587
5509,51,AW19,medium coat,0.0188679245283018,0.0,0.010291590197670867
5509,38,AW19,medium coat,0.0,0.0188679245283018,0.013722127589026923
5509,106,AW19,medium coat,0.0,0.0,0.012006856060410987
5509,107,AW19,medium coat,0.0188679245283018,0.0,0.013722121929191795
5509,72,AW19,medium coat,0.0,0.0,0.0019016059629503477
5509,46,AW19,medium coat,0.0,0.0,0.027444248927320267
5074,74,AW19,long sleeve,0.0,0.0,0.015437387798958032
5509,41,AW19,medium coat,0.0188679245283018,0.0,0.007380313793106185
5470,10,AW19,medium coat,0.0,0.0,0.013722121934337026
5065,80,AW19,long coat,0.0,0.0754716981132075,0.05852053469148425
5065,13,AW19,long coat,0.0188679245283018,0.0,0.010291590197851136
5368,46,AW19,long sleeve,0.0,0.0,0.017152653662711494
5488,3,AW19,long sleeve,0.0,0.0188679245283018,0.015437387793433191
5361,26,AW19,long sleeve,0.0188679245283018,0.0,0.01200685606156097
5488,6,AW19,long sleeve,0.0188679245283018,0.0,0.008353353526181191
5488,80,AW19,long sleeve,0.0,0.0188679245283018,0.012475138818213844
5488,39,AW19,long sleeve,0.0,0.0,0.01191326305786151
5488,43,AW19,long sleeve,0.0,0.0,0.008143762523795083
5488,75,AW19,long sleeve,0.0,0.0,0.010291593834586254
5488,19,AW19,long sleeve,0.0,0.0,0.018867919537629077
5488,105,AW19,long sleeve,0.0,0.0,0.013722127660647494
5356,22,AW19,long sleeve,0.0188679245283018,0.0,0.012006856065696306
5488,65,AW19,long sleeve,0.0,0.0188679245283018,0.01029159019677346
5488,15,AW19,long sleeve,0.0,0.0,6.242872640596039e-26
5356,64,AW19,long sleeve,0.0,0.0,0.008031742384884102
5488,10,AW19,long sleeve,0.0188679245283018,0.0,0.0046567026591756615
5380,39,AW19,long sleeve,0.0377358490566037,0.0188679245283018,0.00857632433140163
5488,12,AW19,long sleeve,0.0,0.0,0.020583188973420017
5380,99,AW19,long sleeve,0.0377358490566037,0.0188679245283018,0.008576324329984085
5489,29,AW19,long sleeve,0.0188679245283018,0.0,0.0012061572233948424
5488,2,AW19,long sleeve,0.0188679245283018,0.0,0.004656348952794431
5489,18,AW19,long sleeve,0.0,0.0,0.012566464103758137
5489,46,AW19,long sleeve,0.0,0.0,0.0240137171368444
5489,40,AW19,long sleeve,0.0,0.0188679245283018,0.0137221219293831
5489,22,AW19,long sleeve,0.0188679245283018,0.0,0.0005594564968235772
5361,43,AW19,long sleeve,0.0,0.0,0.015437391701527628
4721,61,AW19,long sleeve,0.0188679245283018,0.0188679245283018,0.008576324330584075
5488,5,AW19,long sleeve,0.0,0.0377358490566037,0.0188680345910184
5488,56,AW19,long sleeve,0.0,0.0188679245283018,0.015437387795766568
5488,115,AW19,long sleeve,0.0,0.0,2.815677335815364e-20
5488,57,AW19,long sleeve,0.0,0.0,0.020583190178650405
5368,56,AW19,long sleeve,0.0188679245283018,0.0188679245283018,0.029159514736824186
5074,10,AW19,long sleeve,0.0754716981132075,0.0377358490566037,0.012006856063179293
5368,43,AW19,long sleeve,0.0,0.0,0.017152653658755165
5071,88,AW19,long coat,0.0754716981132075,0.0,0.010291590197216333
5475,1,AW19,culottes,0.0,0.0188679245283018,0.03087478058834838
5071,13,AW19,long coat,0.0,0.0,0.015437387797886807
5368,91,AW19,long sleeve,0.0188679245283018,0.0,0.010291593496554115
5378,15,AW19,long sleeve,0.0188679245283018,0.0,0.003119271221009421
5075,18,AW19,long sleeve,0.0188679245283018,0.0754716981132075,0.020583185395881096
5074,64,AW19,long sleeve,0.0,0.0188679245283018,0.01543738779578964
5488,72,AW19,long sleeve,0.0,0.0,0.002959465205275589
5475,51,AW19,culottes,0.1132075471698113,0.0943396226415094,0.051457970985424026
5354,19,AW19,long sleeve,0.0,0.0,0.013722121930852647
5488,1,AW19,long sleeve,0.0377358490566037,0.0,0.0007276252620865906
5453,80,AW19,miniskirt,0.0,0.0377358490566037,0.015437387793267551
5453,68,AW19,miniskirt,0.0,0.0188679245283018,0.01200685606555549
5453,1,AW19,miniskirt,0.0188679245283018,0.0,0.012006856061583932
5354,3,AW19,long sleeve,0.0377358490566037,0.0,0.012006856063322769
5453,29,AW19,miniskirt,0.0,0.0,0.015437387792851653
5475,22,AW19,culottes,0.0,0.0,0.03773584405815651
5488,13,AW19,long sleeve,0.0,0.0188679245283018,0.018867924247147814
5488,16,AW19,long sleeve,0.0,0.0,0.02229845124807252
5378,16,AW19,long sleeve,0.0188679245283018,0.0188679245283018,0.008576324333014043
5418,1,AW19,short cardigan,0.0,0.0,0.018867919524384155
4559,51,AW19,culottes,0.0,0.0188679245283018,0.013722121929027666
5508,66,AW19,long sleeve,0.0188679245283018,0.0,0.005385317480843722
5479,83,AW19,long sleeve,0.0,0.0,0.002945152923258539
5475,46,AW19,culottes,0.0,0.0,0.020583185389577124
5479,42,AW19,long sleeve,0.0,0.0,0.013722121929171074
5479,56,AW19,long sleeve,0.0,0.0,0.006884822456087293
5479,88,AW19,long sleeve,0.0,0.0,0.003322068877960468
5479,105,AW19,long sleeve,0.0,0.0,0.011709110044524752
5479,31,AW19,long sleeve,0.0,0.0,0.014520462155774518
5079,42,AW19,kimono dress,0.0188679245283018,0.0188679245283018,0.01543738779783709
5395,88,AW19,doll dress,0.0,0.0188679245283018,0.015437387793072993
5479,2,AW19,long sleeve,0.0,0.0,0.006762653178529105
5479,30,AW19,long sleeve,0.0,0.0,3.1502477628157777e-07
5479,96,AW19,long sleeve,0.0,0.0,0.004889327598676484
5413,13,AW19,long sleeve,0.0,0.0,0.010291590198811785
5518,41,AW19,long sleeve,0.0,0.0,0.005393723007488608
5514,53,AW19,long sleeve,0.0,0.0188679245283018,0.022298451260627343
5514,121,AW19,long sleeve,0.0377358490566037,0.0,0.006272031296430628
5514,83,AW19,long sleeve,0.0,0.0,0.003224489575673
5518,29,AW19,long sleeve,0.0,0.0188679245283018,0.01044040222773266
5514,47,AW19,long sleeve,0.0,0.0,0.0002701444952425838
5518,104,AW19,long sleeve,0.0,0.0377358490566037,0.015437387780989636
5518,95,AW19,long sleeve,0.0,0.0188679245283018,0.013722121930007183
5518,18,AW19,long sleeve,0.0,0.0,0.012095048055405922
5475,69,AW19,culottes,0.0,0.0188679245283018,0.027444248859558075
5475,18,AW19,culottes,0.0188679245283018,0.0188679245283018,0.025728982993104894
5518,36,AW19,long sleeve,0.0,0.0,0.020583185400334165
5032,93,AW19,long duster,0.0188679245283018,0.0188679245283018,0.008576324330920572
5479,26,AW19,long sleeve,0.0,0.0,0.012006856063878121
5427,125,AW19,medium cardigan,0.0188679245283018,0.0,0.00857632433046593
5400,12,AW19,medium cardigan,0.0377358490566037,0.0,0.010291590195988642
4724,101,AW19,long coat,0.0,0.0188679245283018,0.016135955732605966
5526,19,AW19,short cardigan,0.0,0.0188679245283018,0.01543738779698121
5411,69,AW19,culottes,0.0188679245283018,0.0377358490566037,0.02628147019293304
5025,2,AW19,long sleeve,0.0,0.0,1.2485745095140017e-25
5526,30,AW19,short cardigan,0.0,0.0,0.027444248849362952
5400,29,AW19,medium cardigan,0.0,0.0,0.012006856065689764
5514,46,AW19,long sleeve,0.0,0.0188679245283018,0.015437387796663099
5526,80,AW19,short cardigan,0.0,0.0754716981132075,0.032590046469682464
5427,51,AW19,medium cardigan,0.0,0.0,0.010291590192221542
5399,16,AW19,long sleeve,0.0,0.0754716981132075,0.01543738779522075
5395,117,AW19,doll dress,0.0,0.0,0.013722121928279938
5079,84,AW19,kimono dress,0.0,0.0188679245283018,0.020583185395248543
5079,19,AW19,kimono dress,0.0,0.0,0.022298454403500114
5079,75,AW19,kimono dress,0.0,0.0,0.018867919527762286
5079,60,AW19,kimono dress,0.0,0.0188679245283018,0.017152653662950584
5526,16,AW19,short cardigan,0.0,0.0,0.012006856063822124
5526,13,AW19,short cardigan,0.0,0.0566037735849056,0.02058318540459617
5526,22,AW19,short cardigan,0.0,0.0188679245283018,0.01715265365892418
5479,104,AW19,long sleeve,0.0,0.0,0.0029983809090774146
5479,57,AW19,long sleeve,0.0,0.0188679245283018,0.013722121930143412
5479,8,AW19,long sleeve,0.0,0.0,0.004985524693756492
5032,30,AW19,long duster,0.0,0.0566037735849056,0.018867919527128508
5079,21,AW19,kimono dress,0.0,0.0,0.015437387796517855
5518,69,AW19,long sleeve,0.0,0.0,0.002684100454430529
5475,40,AW19,culottes,0.0,0.0566037735849056,0.03556492964538831
5514,105,AW19,long sleeve,0.0,0.0,5.91201194751101e-14
5518,14,AW19,long sleeve,0.0,0.0,0.012006856061319179
5518,84,AW19,long sleeve,0.0,0.0,0.0035673508500711827
5514,10,AW19,long sleeve,0.0,0.0,3.705813981135495e-17
5518,65,AW19,long sleeve,0.0,0.0,0.0035769434755853814
5514,12,AW19,long sleeve,0.0,0.0,0.0116720413090524
5518,31,AW19,long sleeve,0.0,0.0,0.0024424008591135238
5514,30,AW19,long sleeve,0.0188679245283018,0.0,0.005777917169569797
5475,42,AW19,culottes,0.0188679245283018,0.0188679245283018,0.017152653652969963
5508,41,AW19,long sleeve,0.0,0.0,0.015437391450254455
5508,115,AW19,long sleeve,0.0188679245283018,0.0,0.018867919527816558
5475,20,AW19,culottes,0.0,0.0,0.01715265366405231
4984,102,AW19,long sleeve,0.0,0.0,0.015437390365711184
5508,106,AW19,long sleeve,0.0,0.0,6.24287282664814e-26
5508,47,AW19,long sleeve,0.0,0.0188679245283018,0.02401371712766989
5518,30,AW19,long sleeve,0.0,0.0,0.007817737337000396
5508,76,AW19,long sleeve,0.0188679245283018,0.0,0.005848596772786592
5466,21,AW19,kimono dress,0.0377358490566037,0.0,0.0036865539375017715
5466,69,AW19,kimono dress,0.0,0.0188679245283018,0.015437387794652402
5508,56,AW19,long sleeve,0.0,0.0,0.008259054785697273
5466,121,AW19,kimono dress,0.0,0.0,0.015437387794982101
5058,39,AW19,long sleeve,0.0377358490566037,0.0188679245283018,0.008576324330584075
5508,84,AW19,long sleeve,0.0,0.0,0.013722121929359265
5518,79,AW19,long sleeve,0.0,0.0,0.0033689686420062975
5080,107,AW19,kimono dress,0.0,0.0188679245283018,0.010291595949364744
5514,75,AW19,long sleeve,0.0,0.0,0.011713326795761238
5518,86,AW19,long sleeve,0.0,0.0188679245283018,0.018867919525235463
5518,72,AW19,long sleeve,0.0,0.0188679245283018,0.01543738779530911
5518,107,AW19,long sleeve,0.0188679245283018,0.0,0.005494622370878813
5518,20,AW19,long sleeve,0.0,0.0188679245283018,0.012006856063056908
5518,1,AW19,long sleeve,0.0,0.0,0.012006859677394517
5518,77,AW19,long sleeve,0.0,0.0188679245283018,0.01715265365949502
5518,89,AW19,long sleeve,0.0,0.0,0.00856147520187685
5518,24,AW19,long sleeve,0.0,0.0,0.0006136645751103541
5388,0,AW19,long sleeve,0.0188679245283018,0.0188679245283018,0.017152653665135548
5388,18,AW19,long sleeve,0.0,0.0,0.012006856061703205
5518,52,AW19,long sleeve,0.0188679245283018,0.0188679245283018,0.00857632433142189
5518,56,AW19,long sleeve,0.0,0.0377358490566037,0.020583185392649812
5484,21,AW19,long sleeve,0.0,0.0,0.01372212192553388
5518,28,AW19,long sleeve,0.0,0.0,0.004312592626427733
5518,9,AW19,long sleeve,0.0,0.0188679245283018,0.01543738779121253
5080,88,AW19,kimono dress,0.0,0.0188679245283018,0.01661914324646761
5518,73,AW19,long sleeve,0.0,0.0,0.015437387795555993
4955,20,AW19,long duster,0.0,0.0188679245283018,0.024013717131725502
5518,80,AW19,long sleeve,0.0,0.0,0.00033905427699821726
5388,20,AW19,long sleeve,0.0,0.0,0.00025723085483945915
5514,13,AW19,long sleeve,0.0,0.0,0.0188679231823656
5514,56,AW19,long sleeve,0.0,0.0,0.01151307812776601
5475,106,AW19,culottes,0.0,0.0188679245283018,0.03773584406089756
5518,39,AW19,long sleeve,0.0,0.0188679245283018,0.02229845125363302
5475,27,AW19,culottes,0.0,0.0188679245283018,0.010291590197240984
5518,99,AW19,long sleeve,0.0,0.0,0.015437391177288292
5418,83,AW19,short cardigan,0.0188679245283018,0.0,0.01543738779989731
5418,69,AW19,short cardigan,0.0,0.0,0.013722121928554612
5418,8,AW19,short cardigan,0.0,0.0,0.020583185411316703
5506,5,AW19,long sleeve,0.0,0.0,0.003082379251706765
5506,93,AW19,long sleeve,0.0,0.0188679245283018,0.017152653660368933
5506,1,AW19,long sleeve,0.0,0.0,1.860521002879741e-33
5506,47,AW19,long sleeve,0.0,0.0,6.373591100769285e-19
5506,38,AW19,long sleeve,0.0,0.0188679245283018,0.012006856063653077
5506,106,AW19,long sleeve,0.0,0.0188679245283018,0.012535867739193487
5457,56,AW19,long duster,0.0,0.0,0.002126054457878417
5506,83,AW19,long sleeve,0.0,0.0,0.0012959472410431596
5506,72,AW19,long sleeve,0.0,0.0188679245283018,0.013290149076194626
5457,5,AW19,long duster,0.0,0.0188679245283018,0.0274442488563681
5506,40,AW19,long sleeve,0.0,0.0188679245283018,0.01372212192779406
5506,69,AW19,long sleeve,0.0188679245283018,0.0,0.009107910659956222
5506,35,AW19,long sleeve,0.0,0.0,0.0016459310323568047
5472,12,AW19,long sleeve,0.0,0.0,0.027444254526896774
5506,4,AW19,long sleeve,0.0,0.0188679245283018,0.012006856064814643
5506,41,AW19,long sleeve,0.0,0.0188679245283018,0.01359925570471558
5496,80,AW19,long sleeve,0.0,0.0,0.0046527519633074435
5496,9,AW19,long sleeve,0.0,0.0,0.004300998676814925
5496,76,AW19,long sleeve,0.0,0.0,0.013722121930351017
5496,38,AW19,long sleeve,0.0,0.0,0.0031590276727255016
5496,107,AW19,long sleeve,0.0,0.0188679245283018,0.0188460366106252
5496,32,AW19,long sleeve,0.0,0.0,0.00014972593077382641
5472,49,AW19,long sleeve,0.0,0.0,0.013722121932190039
5506,80,AW19,long sleeve,0.0,0.0377358490566037,0.018867919527342344
5491,30,AW19,short cardigan,0.0,0.0,0.025728982985921096
5506,39,AW19,long sleeve,0.0,0.0,0.022298451250211335
5506,14,AW19,long sleeve,0.0188679245283018,0.0188679245283018,0.008576324330859635
5375,9,AW19,long sleeve,0.0,0.0,0.0005926457600501497
5375,5,AW19,long sleeve,0.0,0.0,0.0017071150549624495
5472,30,AW19,long sleeve,0.0,0.0,0.022298451256190104
5375,52,AW19,long sleeve,0.0,0.0,6.242872547569992e-26
5375,76,AW19,long sleeve,0.0,0.0,0.01372212193348768
5375,89,AW19,long sleeve,0.0,0.0,0.0015912991182456598
5375,83,AW19,long sleeve,0.0,0.0,0.0011505982831721104
5375,72,AW19,long sleeve,0.0,0.0,0.018867924187298393
5375,85,AW19,long sleeve,0.0188679245283018,0.0,0.003322068877960468
5375,69,AW19,long sleeve,0.0,0.0,0.0019104343233001012
5475,19,AW19,culottes,0.0,0.0,0.02744424886137414
5440,117,AW19,sleeveless,0.0,0.0,0.010291590195229166
5375,115,AW19,long sleeve,0.0,0.0,0.01543738779554337
5375,29,AW19,long sleeve,0.0,0.0,0.003220397458890774
5375,64,AW19,long sleeve,0.0,0.0,2.7723923781568767e-41
5506,96,AW19,long sleeve,0.0,0.0,0.017152653660569825
5506,7,AW19,long sleeve,0.0,0.0,0.009455371206986253
5506,15,AW19,long sleeve,0.0,0.0,0.0039964379657200615
5506,31,AW19,long sleeve,0.0,0.0,0.018867919508246338
5506,65,AW19,long sleeve,0.0,0.0,0.00721444963408805
5506,105,AW19,long sleeve,0.0,0.0188679245283018,0.017152653661490023
5506,19,AW19,long sleeve,0.0,0.0,0.0037921950739670447
5457,16,AW19,long duster,0.0,0.0,0.022298455041382264
5506,43,AW19,long sleeve,0.0,0.0,0.02229845125043541
5440,68,AW19,sleeveless,0.0,0.0188679245283018,0.012006856064761977
5457,86,AW19,long duster,0.0,0.0,0.025728982967270338
5457,14,AW19,long duster,0.0,0.0,0.013722121929379607
5491,72,AW19,short cardigan,0.0,0.0,1.1813604555136283e-11
5491,85,AW19,short cardigan,0.0,0.0,0.00808467019278865
5472,1,AW19,long sleeve,0.0,0.0,0.018867919529354304
5472,20,AW19,long sleeve,0.0,0.0,0.0
5472,42,AW19,long sleeve,0.0,0.0,0.020583185398304865
5491,35,AW19,short cardigan,0.0,0.0188679245283018,0.029159514725767496
5472,109,AW19,long sleeve,0.0,0.0188679245283018,0.013722121929197827
5472,72,AW19,long sleeve,0.0,0.0188679245283018,0.012006861657331227
5491,46,AW19,short cardigan,0.0,0.0,0.024013717125840835
5472,85,AW19,long sleeve,0.0,0.0,0.013722121929142583
5472,121,AW19,long sleeve,0.0,0.0,0.0008877208650264052
5475,10,AW19,culottes,0.0188679245283018,0.0377358490566037,0.04802743924143804
5491,104,AW19,short cardigan,0.0566037735849056,0.1132075471698113,0.03430531233062972
5478,54,AW19,short cardigan,0.0,0.0188679245283018,0.015437387798025975
5472,40,AW19,long sleeve,0.0,0.0188679245283018,0.008576324330860245
5472,69,AW19,long sleeve,0.0188679245283018,0.0,0.008576324330276129
5478,14,AW19,short cardigan,0.0,0.0,0.012006856064890381
5475,12,AW19,culottes,0.0,0.0188679245283018,0.03087478059443228
5472,26,AW19,long sleeve,0.0,0.0,0.0030195382506884774
5478,89,AW19,short cardigan,0.0,0.0188679245283018,0.018867924128192184
5475,2,AW19,culottes,0.0,0.0,0.02229845126423934
5472,4,AW19,long sleeve,0.0188679245283018,0.0188679245283018,0.01029159611131718
5478,53,AW19,short cardigan,0.0,0.0188679245283018,0.010291590196449242
5491,83,AW19,short cardigan,0.0,0.0,2.8115398060005626e-10
5491,107,AW19,short cardigan,0.0,0.0188679245283018,0.012006856063338569
5491,82,AW19,short cardigan,0.0,0.0,0.0015520408761146081
5491,20,AW19,short cardigan,0.0,0.0,0.010524515469700764
5457,31,AW19,long duster,0.0,0.0,1.8605210028797413e-33
5469,29,AW19,long duster,0.0,0.0,0.017152653662347202
5491,12,AW19,short cardigan,0.0,0.0,0.000721654747523183
5491,7,AW19,short cardigan,0.0188679245283018,0.0377358490566037,0.025728988207122726
5469,36,AW19,long duster,0.0754716981132075,0.0377358490566037,0.013722125563699948
5472,19,AW19,long sleeve,0.0,0.0,0.0029272562242462405
5491,75,AW19,short cardigan,0.0,0.0,0.00390860692703849
5469,80,AW19,long duster,0.0377358490566037,0.0377358490566037,0.022298451257578684
5469,94,AW19,long duster,0.0,0.0188679245283018,0.015437387796108938
5469,15,AW19,long duster,0.0,0.0566037735849056,0.015437387796924731
5440,83,AW19,sleeveless,0.0188679245283018,0.0188679245283018,0.012006862177878797
5375,73,AW19,long sleeve,0.0,0.0,0.018867919528637374
5491,43,AW19,short cardigan,0.0,0.0,0.005857894093951265
5472,75,AW19,long sleeve,0.0,0.0377358490566037,0.012006856062249778
5440,32,AW19,sleeveless,0.0,0.0,0.013722121943207018
5472,43,AW19,long sleeve,0.0,0.0,0.01715265366170603
5472,73,AW19,long sleeve,0.0188679245283018,0.0,0.01372212193210554
5491,22,AW19,short cardigan,0.0,0.0,0.005780617111503416
5475,65,AW19,culottes,0.0377358490566037,0.0188679245283018,0.018867919529429202
5491,76,AW19,short cardigan,0.0,0.0188679245283018,0.013722127934004092
5491,89,AW19,short cardigan,0.0,0.0,0.011922120756833776
5475,31,AW19,culottes,0.0,0.0188679245283018,0.025728987919491523
5472,51,AW19,long sleeve,0.0188679245283018,0.0,0.015437387798568358
5475,49,AW19,culottes,0.0377358490566037,0.0,0.01886791953286476
5491,80,AW19,short cardigan,0.0,0.0,0.005127325578117081
5375,39,AW19,long sleeve,0.0,0.0,0.00041631173219917785
5375,14,AW19,long sleeve,0.0,0.0,0.006025441024738473
5375,48,AW19,long sleeve,0.0,0.0,0.012829620811929572
5461,62,AW19,long coat,0.0188679245283018,0.0188679245283018,0.00514579259423037
5461,15,AW19,long coat,0.0188679245283018,0.0,0.005145792601675132
5461,50,AW19,long coat,0.0188679245283018,0.0,0.032590046439825326
5526,1,AW19,short cardigan,0.0377358490566037,0.0377358490566037,0.01543738779817161
5461,29,AW19,long coat,0.0,0.0377358490566037,0.022255165066608358
5424,36,AW19,long sleeve,0.0188679245283018,0.0754716981132075,0.05984059750263035
5526,20,AW19,short cardigan,0.0,0.0188679245283018,0.027444248863023372
5424,41,AW19,long sleeve,0.0377358490566037,0.0566037735849056,0.013722121932688123
5475,56,AW19,culottes,0.0377358490566037,0.0188679245283018,0.04459690750432291
5000,121,AW19,long sleeve,0.0,0.0188679245283018,0.01029159019677606
5347,99,AW19,long sleeve,0.0377358490566037,0.0,0.0021480621762314596
5347,6,AW19,long sleeve,0.0,0.0,0.015437387795134634
5480,2,AW19,long sleeve,0.0,0.0,0.0003921989161733332
5480,12,AW19,long sleeve,0.0,0.0,0.027444254386925476
5480,10,AW19,long sleeve,0.0,0.0377358490566037,0.017353748218068253
5480,65,AW19,long sleeve,0.0,0.0,0.022298451262776624
5387,1,AW19,kimono dress,0.0188679245283018,0.0,0.022298451262348067
5480,19,AW19,long sleeve,0.0,0.0,0.027444248876767705
5480,48,AW19,long sleeve,0.0,0.0,0.002406158832832124
5480,5,AW19,long sleeve,0.0,0.0,0.017152653659977403
5480,93,AW19,long sleeve,0.0,0.0188679245283018,0.010972648065923058
5458,105,AW19,sleeveless,0.0188679245283018,0.0188679245283018,0.013418332577568614
5475,88,AW19,culottes,0.0188679245283018,0.0377358490566037,0.010291590197538366
5526,51,AW19,short cardigan,0.0,0.0,0.017152653661041562
5415,107,AW19,long sleeve,0.0,0.0,0.010291590196458276
5415,15,AW19,long sleeve,0.0,0.0,0.008284850508135964
5415,49,AW19,long sleeve,0.0,0.0188679245283018,0.018867924247147814
5418,59,AW19,short cardigan,0.0,0.0,0.010291593592639137
5489,13,AW19,long sleeve,0.0,0.0,0.029159514701289614
5418,104,AW19,short cardigan,0.0,0.0,0.012006856063873474
5489,80,AW19,long sleeve,0.0,0.0,0.018867919526620747
5423,86,AW19,long sleeve,0.0,0.0,0.0007725138490236141
5423,83,AW19,long sleeve,0.0,0.0,0.00946316618798107
5423,69,AW19,long sleeve,0.0188679245283018,0.0,0.012006856064643308
5489,86,AW19,long sleeve,0.0,0.0,0.0019503380588173076
5488,30,AW19,long sleeve,0.0,0.0,0.027444248891525212
5475,13,AW19,culottes,0.0377358490566037,0.0,8.379041944999084e-18
5404,102,AW19,long sleeve,0.0,0.0,0.015437387796473695
5458,43,AW19,sleeveless,0.0,0.0,0.024013717105074127
5421,7,AW19,long sleeve,0.0,0.0,0.012006856062505697
5421,68,AW19,long sleeve,0.0,0.0188679245283018,0.013722126333107007
5475,16,AW19,culottes,0.0188679245283018,0.0188679245283018,0.027444248859257395
5347,63,AW19,long sleeve,0.0,0.0,0.024013717122998553
5347,4,AW19,long sleeve,0.0188679245283018,0.0,0.01029159019756769
5489,12,AW19,long sleeve,0.0,0.0,0.0033017836160967465
5347,67,AW19,long sleeve,0.0,0.0,0.006328066768874851
5347,82,AW19,long sleeve,0.0377358490566037,0.0,0.01372212192889455
5526,89,AW19,short cardigan,0.0,0.0,0.015437387797749058
5347,27,AW19,long sleeve,0.0188679245283018,0.0188679245283018,0.01726318761720936
5350,75,AW19,solid color top,0.0188679245283018,0.0188679245283018,0.009474009086971744
5414,69,AW19,long sleeve,0.0,0.0,0.00027089438556949385
5489,31,AW19,long sleeve,0.0,0.0,0.015437387793725537
5478,104,AW19,short cardigan,0.0,0.0,0.0009431388074468488
5458,39,AW19,sleeveless,0.0,0.0,0.017152653662820722
5480,106,AW19,long sleeve,0.0,0.0,0.017152653661548382
5475,14,AW19,culottes,0.0566037735849056,0.0377358490566037,0.020583187718489205
5458,21,AW19,sleeveless,0.0,0.0566037735849056,0.015437387795174893
5366,83,AW19,long sleeve,0.0,0.0,0.002568101132557201
5366,35,AW19,long sleeve,0.0,0.0,0.018867919526628498
5366,21,AW19,long sleeve,0.0377358490566037,0.0188679245283018,0.010291595030183856
5475,48,AW19,culottes,0.0188679245283018,0.0,0.02058318539116164
5367,83,AW19,long sleeve,0.0377358490566037,0.0,0.013722121931773572
5367,103,AW19,long sleeve,0.0,0.0,0.013722121930407461
5458,64,AW19,sleeveless,0.0,0.0,0.012006859690446594
5475,75,AW19,culottes,0.0566037735849056,0.0754716981132075,0.03430531232173184
5362,40,AW19,long sleeve,0.0,0.0,0.017152653660512017
5362,31,AW19,long sleeve,0.0,0.0377358490566037,0.015437387785443372
5457,36,AW19,long duster,0.0,0.0,0.024013717119309108
5440,65,AW19,sleeveless,0.0188679245283018,0.0188679245283018,0.01372212192218805
5343,27,AW19,long sleeve,0.0,0.0,0.012006856061127452
5440,105,AW19,sleeveless,0.0188679245283018,0.0,9.302605153018298e-34
5440,14,AW19,sleeveless,0.0,0.0,0.013722121928706706
5375,96,AW19,long sleeve,0.0,0.0377358490566037,0.016876367873816387
5375,12,AW19,long sleeve,0.0,0.0,0.006483430007842771
5375,10,AW19,long sleeve,0.0,0.0,0.01152078276204668
5440,86,AW19,sleeveless,0.0,0.0,1.8605210167417025e-33
5375,7,AW19,long sleeve,0.0,0.0,0.018867919534378334
5440,80,AW19,sleeveless,0.0,0.0,0.024013717118198274
5366,54,AW19,long sleeve,0.0,0.0188679245283018,0.01886745283018859
5481,29,AW19,long sleeve,0.0,0.0,2.3649002151659463e-09
5526,46,AW19,short cardigan,0.0,0.0188679245283018,0.025728982994932058
5387,67,AW19,kimono dress,0.0,0.0,0.0034687694328647545
5458,73,AW19,sleeveless,0.0,0.0,0.0154373877970881
5480,53,AW19,long sleeve,0.0,0.0,0.03945111553552552
5480,35,AW19,long sleeve,0.0,0.0,0.003873939091826651
5458,99,AW19,sleeveless,0.0,0.0,0.006919467982056925
5480,18,AW19,long sleeve,0.0,0.0,0.03259004644624111
5480,115,AW19,long sleeve,0.0,0.0377358490566037,0.01372212193017871
5481,7,AW19,long sleeve,0.0,0.0377358490566037,0.015437387794927317
5481,105,AW19,long sleeve,0.0,0.0377358490566037,0.018867919527586326
5481,19,AW19,long sleeve,0.0188679245283018,0.1509433962264151,0.1438169941379598
5526,35,AW19,short cardigan,0.0,0.0,0.013722121926395322
5481,80,AW19,long sleeve,0.0,0.0377358490566037,0.03087478059461169
5480,47,AW19,long sleeve,0.0,0.0,0.021263344791817282
5481,3,AW19,long sleeve,0.0,0.0566037735849056,0.013722121931515341
5481,5,AW19,long sleeve,0.0,0.0188679245283018,0.020583188452894217
5481,93,AW19,long sleeve,0.0,0.0,0.0009347983751625742
5481,22,AW19,long sleeve,0.0,0.0,4.666825807619994e-05
5481,52,AW19,long sleeve,0.0,0.0,0.007843587291228983
5481,76,AW19,long sleeve,0.0,0.0188679245283018,0.00857632432850207
5458,72,AW19,sleeveless,0.0,0.0,0.004386139778843803
5458,121,AW19,sleeveless,0.0377358490566037,0.0,0.012006856064767276
4869,74,AW19,medium coat,0.0188679245283018,0.0,0.012006856063097333
5481,27,AW19,long sleeve,0.0566037735849056,0.0377358490566037,0.013722126495307624
5481,53,AW19,long sleeve,0.0,0.0377358490566037,0.025728983006754313
5475,43,AW19,culottes,0.0,0.0,0.04116637578844205
5458,82,AW19,sleeveless,0.0,0.0,0.018867922973681325
5480,32,AW19,long sleeve,0.0,0.0,0.012006856062722506
5526,43,AW19,short cardigan,0.0,0.0377358490566037,0.01372212192618436
5059,43,AW19,kimono dress,0.0,0.0188679245283018,0.01372212193028184
5482,106,AW19,sleeveless,0.0188679245283018,0.0377358490566037,0.022298451260028246
5482,82,AW19,sleeveless,0.0,0.0,0.012006856062207812
5009,67,AW19,long sleeve,0.0,0.0,0.014146777564311918
5522,67,AW19,solid color top,0.0,0.0,0.012269044515331616
5482,8,AW19,sleeveless,0.0188679245283018,0.0188679245283018,0.012006859633706075
5523,105,AW19,sleeveless,0.0,0.0188679245283018,0.01200685606370969
5523,56,AW19,sleeveless,0.0,0.0,0.01886792386854383
5523,22,AW19,sleeveless,0.0,0.0188679245283018,0.013722121930864384
5351,109,AW19,kimono dress,0.0,0.0188679245283018,0.012006856059374484
5523,51,AW19,sleeveless,0.0566037735849056,0.0,0.0037921950739670447
5482,1,AW19,sleeveless,0.0,0.0377358490566037,0.02572898299343937
5523,20,AW19,sleeveless,0.0,0.0,0.013722121937651814
5522,83,AW19,solid color top,0.0,0.0,0.027444253368624494
5522,20,AW19,solid color top,0.0,0.0,0.020583185398910783
5523,8,AW19,sleeveless,0.0,0.0188679245283018,0.018867919519908953
5334,2,AW19,long sleeve,0.0188679245283018,0.0188679245283018,0.022298451261737056
5334,48,AW19,long sleeve,0.0188679245283018,0.0,0.010460652432897729
5376,13,AW19,long coat,0.0,0.0188679245283018,0.013722121930756323
5522,77,AW19,solid color top,0.0,0.0,0.034305312326141445
5376,94,AW19,long coat,0.0188679245283018,0.0377358490566037,0.01715265366539917
5334,20,AW19,long sleeve,0.0,0.0,0.034305312318898475
5334,95,AW19,long sleeve,0.0,0.0188679245283018,0.015437387799196038
5376,41,AW19,long coat,0.0,0.0,0.017152653665226343
4763,88,AW19,medium coat,0.0377358490566037,0.0377358490566037,0.042027013866444175
5482,22,AW19,sleeveless,0.0188679245283018,0.0188679245283018,0.012006856064148216
5522,36,AW19,solid color top,0.0188679245283018,0.0566037735849056,0.04459690751993018
5406,39,AW19,long coat,0.0377358490566037,0.0,0.012006856063805211
5450,56,AW19,medium coat,0.0188679245283018,0.0188679245283018,0.01715265366055655
5450,52,AW19,medium coat,0.0,0.0188679245283018,0.012006861000625686
5428,16,AW19,sheath dress,0.0,0.0188679245283018,0.017152653661479264
5450,89,AW19,medium coat,0.0188679245283018,0.0,0.0005740701960698202
5450,42,AW19,medium coat,0.0188679245283018,0.0188679245283018,0.010291590197363497
5450,83,AW19,medium coat,0.0,0.0188679245283018,0.018867919529311362
5450,85,AW19,medium coat,0.0188679245283018,0.0,0.017152658575712444
5450,32,AW19,medium coat,0.0,0.0188679245283018,0.009430673717377658
5450,26,AW19,medium coat,0.0,0.0,0.006723432737450491
5009,74,AW19,long sleeve,0.0,0.0,0.025728983006459198
5450,4,AW19,medium coat,0.0,0.0,0.0085662204901246
5450,21,AW19,medium coat,0.0,0.0,0.013722121931074544
4853,3,AW19,trapeze dress,0.0,0.0188679245283018,0.013722121930756323
5036,117,AW19,medium coat,0.0377358490566037,0.0188679245283018,0.010291590194141375
5410,82,AW19,sleeveless,0.0,0.0,1.0470027385567033e-11
5419,30,AW19,sleeveless,0.0566037735849056,0.0566037735849056,0.03816917837664445
5428,99,AW19,sheath dress,0.0,0.0188679245283018,0.015437387797355533
5522,29,AW19,solid color top,0.0,0.0,0.0026580762254685844
5522,18,AW19,solid color top,0.0,0.0,0.0024279803608615274
5522,26,AW19,solid color top,0.0188679245283018,0.0188679245283018,0.012006856063056867
5482,80,AW19,sleeveless,0.0,0.0,0.015437125636146938
5450,100,AW19,medium coat,0.0,0.0188679245283018,0.017152653661421997
5406,30,AW19,long coat,0.0188679245283018,0.0754716981132075,0.02229845125641507
5522,51,AW19,solid color top,0.0188679245283018,0.0,0.02401371711995447
4763,38,AW19,medium coat,0.0,0.0377358490566037,0.02918840534437884
4779,92,AW19,medium coat,0.0188679245283018,0.0188679245283018,0.02229845125773743
5394,22,AW19,maxi,0.0,0.0,0.0043550948868901615
4779,33,AW19,medium coat,0.0188679245283018,0.0188679245283018,0.010291590197402278
5394,92,AW19,maxi,0.0,0.0,0.006477363645077139
4973,29,AW19,culottes,0.0,0.0754716981132075,0.020583185398854783
5394,84,AW19,maxi,0.0,0.0,0.0024661493601059637
5394,91,AW19,maxi,0.0,0.0,0.0032429906064125255
5394,10,AW19,maxi,0.0,0.0377358490566037,0.02572898299257399
5522,7,AW19,solid color top,0.0,0.0,0.022298455298683333
5072,69,AW19,medium coat,0.0,0.0,0.0039940012287897645
4779,14,AW19,medium coat,0.0,0.0377358490566037,0.013722121931005334
5522,49,AW19,solid color top,0.0566037735849056,0.0,0.025728986548225464
4779,8,AW19,medium coat,0.0188679245283018,0.0188679245283018,0.01715265366016384
5522,12,AW19,solid color top,0.0,0.0188679245283018,0.020478454866041926
5072,77,AW19,medium coat,0.0188679245283018,0.0,0.0022936697306598776
5522,2,AW19,solid color top,0.0,0.0188679245283018,0.018867924247147814
4973,3,AW19,culottes,0.0188679245283018,0.0188679245283018,0.01715265366708443
5353,3,AW19,long sleeve,0.0,0.0754716981132075,0.018867919522659014
4778,48,AW19,medium coat,0.0188679245283018,0.0,0.008576324330521062
4778,14,AW19,medium coat,0.0188679245283018,0.0,6.242872547569991e-26
5522,30,AW19,solid color top,0.0,0.0,2.8115398060005626e-10
4973,105,AW19,culottes,0.0,0.0,0.00857632433649758
4779,26,AW19,medium coat,0.0188679245283018,0.0,0.02572898299331545
5522,22,AW19,solid color top,0.0188679245283018,0.0188679245283018,0.020187353513859023
5522,105,AW19,solid color top,0.0,0.0,0.020583185378819042
4779,105,AW19,medium coat,0.0566037735849056,0.0188679245283018,0.017152653663940694
5379,121,AW19,long coat,0.0188679245283018,0.0,0.005145792599209983
4763,101,AW19,medium coat,0.0,0.0,0.022298451256470436
4763,109,AW19,medium coat,0.0,0.0188679245283018,0.024013717123869835
5522,13,AW19,solid color top,0.0,0.0188679245283018,0.04802743927241192
4763,4,AW19,medium coat,0.0,0.0,0.020583185393519023
5522,16,AW19,solid color top,0.0,0.0188679245283018,0.02744424886357513
4771,19,AW19,medium coat,0.0188679245283018,0.0,0.0257289829946361
5379,22,AW19,long coat,0.0,0.0188679245283018,0.018867919527306223
5379,9,AW19,long coat,0.0,0.0188679245283018,0.015437387795383615
4771,9,AW19,medium coat,0.0,0.0566037735849056,0.022298451265857763
5394,100,AW19,maxi,0.0188679245283018,0.0,0.01715265367061513
5379,105,AW19,long coat,0.0,0.0,0.013722121925787202
4771,24,AW19,medium coat,0.0377358490566037,0.0566037735849056,0.05660396448105553
5078,26,AW19,medium coat,0.0188679245283018,0.0188679245283018,0.010291590195797666
4771,121,AW19,medium coat,0.0,0.0566037735849056,0.030874780549893368
5522,86,AW19,solid color top,0.0,0.0,0.0033141565836237712
4771,26,AW19,medium coat,0.0,0.0188679245283018,0.04802743925568045
5522,14,AW19,solid color top,0.0,0.0,0.029159520146782154
4762,43,AW19,medium coat,0.0,0.0,0.0046890180367358
4762,109,AW19,medium coat,0.0,0.0,0.012006856064643308
5394,104,AW19,maxi,0.0,0.0,0.02915951471953478
5394,21,AW19,maxi,0.0188679245283018,0.0566037735849056,0.017152653662816073
5379,49,AW19,long coat,0.0,0.0188679245283018,0.010291590197228691
4778,1,AW19,medium coat,0.0188679245283018,0.0,0.015437387793083332
5450,19,AW19,medium coat,0.0,0.0,0.0059562686165849045
5433,21,AW19,long coat,0.0377358490566037,0.0188679245283018,0.010291590196293655
5517,6,AW19,long sleeve,0.0,0.0188679245283018,0.015437387796323017
5517,110,AW19,long sleeve,0.0188679245283018,0.0,0.00528195637313185
5438,18,AW19,long sleeve,0.0,0.0,0.0038329238990606205
5517,9,AW19,long sleeve,0.0,0.0,0.001993012925414459
5337,103,AW19,kimono dress,0.0,0.0377358490566037,0.03773584405669439
5076,69,AW19,sheath dress,0.0188679245283018,0.0,0.0068610584636540645
5448,96,AW19,medium coat,0.0,0.0,0.015437387794891457
5448,19,AW19,medium coat,0.0,0.0,0.0009303383062801553
5448,86,AW19,medium coat,0.0,0.0,0.0007396401565091902
5448,28,AW19,medium coat,0.0,0.0,0.017152653667805228
5381,104,AW19,long sleeve,0.0566037735849056,0.0377358490566037,0.012006856063667195
5448,33,AW19,medium coat,0.0188679245283018,0.0188679245283018,0.018867924247147814
5517,80,AW19,long sleeve,0.0,0.0188679245283018,0.03430531232313377
5448,82,AW19,medium coat,0.0,0.0,0.013722125584339705
4970,80,AW19,long coat,0.0,0.0,0.01886791952667158
4970,15,AW19,long coat,0.0,0.0,0.022298451255920743
5059,60,AW19,kimono dress,0.0,0.0377358490566037,0.025728982996570275
5448,63,AW19,medium coat,0.0,0.0,0.0019703170220190087
5448,21,AW19,medium coat,0.0,0.0,0.008554471927341059
5448,64,AW19,medium coat,0.0,0.0188679245283018,0.010291590196763095
5531,80,AW19,long sleeve,0.0377358490566037,0.0566037735849056,0.013362248387826564
5054,21,AW19,doll dress,0.0188679245283018,0.0,0.013722121927352116
5448,22,AW19,medium coat,0.0,0.0,0.006664016521809277
5462,12,AW19,medium coat,0.0188679245283018,0.0188679245283018,0.04802743923976677
5517,99,AW19,long sleeve,0.0188679245283018,0.0,0.001918721546666503
5517,28,AW19,long sleeve,0.0,0.0,0.003107851872751823
5517,104,AW19,long sleeve,0.0,0.0,0.015204393431259778
5517,102,AW19,long sleeve,0.0,0.0,0.015437387797472377
5517,103,AW19,long sleeve,0.0,0.0,0.0011505982831721104
5465,35,AW19,long coat,0.0188679245283018,0.0188679245283018,0.020501928803116742
5384,93,AW19,long dress,0.0,0.0,0.01029159019684873
5517,20,AW19,long sleeve,0.0,0.0,0.02058318538754977
5384,69,AW19,long dress,0.0377358490566037,0.0,0.00475178474415547
5517,1,AW19,long sleeve,0.0,0.0,0.004025507064247935
5517,51,AW19,long sleeve,0.0,0.0,0.012006856065203127
5381,31,AW19,long sleeve,0.0,0.0188679245283018,0.013722121931440241
4971,121,AW19,doll dress,0.0,0.0188679245283018,0.013722121930983206
5381,75,AW19,long sleeve,0.0188679245283018,0.0188679245283018,0.01715265366376957
5385,23,AW19,doll dress,0.0,0.0188679245283018,0.024013717118669512
5390,92,AW19,miniskirt,0.0,0.0,0.017152653658310806
5381,13,AW19,long sleeve,0.0377358490566037,0.0,0.010291590196312704
5517,89,AW19,long sleeve,0.0,0.0,0.00020850189138516315
4867,15,AW19,sheath dress,0.0188679245283018,0.0188679245283018,0.01372212193187686
5517,13,AW19,long sleeve,0.0,0.0,0.0013206706352777782
5381,46,AW19,long sleeve,0.0,0.0,0.029159514717741433
4971,86,AW19,doll dress,0.0,0.0,0.0222984512611722
4971,99,AW19,doll dress,0.0,0.0,0.017152653672081304
4971,52,AW19,doll dress,0.0,0.0,2.8115398897909787e-10
4817,0,AW19,doll dress,0.0188679245283018,0.0377358490566037,0.04208615956943069
5433,29,AW19,long coat,0.0,0.0188679245283018,0.02915951472382044
5462,10,AW19,medium coat,0.0,0.0188679245283018,0.02572898299718308
5054,32,AW19,doll dress,0.0188679245283018,0.0188679245283018,0.012006856063645308
5471,76,AW19,medium coat,0.0188679245283018,0.0377358490566037,0.020583185395148838
5403,56,AW19,long coat,0.0377358490566037,0.0,0.010291590198180644
5351,62,AW19,kimono dress,0.0188679245283018,0.0188679245283018,0.010291590195027121
5471,82,AW19,medium coat,0.0188679245283018,0.0377358490566037,0.01886791952750057
5403,69,AW19,long coat,0.0566037735849056,0.0188679245283018,0.012006856064354211
5471,36,AW19,medium coat,0.0,0.0,0.01060288571572582
5471,46,AW19,medium coat,0.0,0.0,0.018867919531062885
5471,18,AW19,medium coat,0.0,0.0,0.024013717150741926
5471,102,AW19,medium coat,0.0566037735849056,0.0,0.012006856063833723
5471,57,AW19,medium coat,0.0,0.0,0.025728982998311632
5471,45,AW19,medium coat,0.0,0.0,0.01715265366432122
5433,79,AW19,long coat,0.0566037735849056,0.0188679245283018,0.010291590195844117
5433,73,AW19,long coat,0.0,0.0188679245283018,0.012006856065015652
5433,9,AW19,long coat,0.0,0.0188679245283018,0.013722121930387927
5471,23,AW19,medium coat,0.0188679245283018,0.0,2.8115398478957706e-10
5428,27,AW19,sheath dress,0.0188679245283018,0.0188679245283018,0.01029159019695653
5433,76,AW19,long coat,0.0754716981132075,0.0,0.01372212192569509
5462,103,AW19,medium coat,0.0188679245283018,0.0,0.012006856064047356
5433,68,AW19,long coat,0.0188679245283018,0.0188679245283018,0.008576324331436083
5462,8,AW19,medium coat,0.0,0.0,0.012006856062095065
5462,21,AW19,medium coat,0.0,0.0188679245283018,0.022298451258187295
5433,103,AW19,long coat,0.0188679245283018,0.0188679245283018,0.008576324331152897
5471,64,AW19,medium coat,0.0188679245283018,0.0,0.015437387798748732
5517,88,AW19,long sleeve,0.0,0.0,0.017152653663389444
5471,93,AW19,medium coat,0.0,0.0,0.025728982985402597
5428,4,AW19,sheath dress,0.0,0.0,0.012006861173117967
5462,43,AW19,medium coat,0.0188679245283018,0.0,0.013722121923557642
5462,39,AW19,medium coat,0.0188679245283018,0.0,0.009344026596467889
5462,9,AW19,medium coat,0.0,0.0,0.034305312297347346
5462,3,AW19,medium coat,0.0,0.0,0.03602057817221311
5462,93,AW19,medium coat,0.0,0.0,0.022298451263111828
5462,33,AW19,medium coat,0.0,0.0377358490566037,0.027444248860234003
5462,76,AW19,medium coat,0.0,0.0,0.017152653661013078
5517,86,AW19,long sleeve,0.0188679245283018,0.0377358490566037,0.0171526536644596
5462,72,AW19,medium coat,0.0377358490566037,0.0,0.017152653661696094
5517,49,AW19,long sleeve,0.0377358490566037,0.0,0.01200685959791075
5471,99,AW19,medium coat,0.0,0.0188679245283018,0.018867919524873676
5438,73,AW19,long sleeve,0.0,0.0,2.9155606740680305e-15
5462,35,AW19,medium coat,0.0,0.0,0.022298451279885546
5471,30,AW19,medium coat,0.0188679245283018,0.0,0.020583185394198244
5471,12,AW19,medium coat,0.0,0.0188679245283018,0.037735844061117865
5471,7,AW19,medium coat,0.0,0.0,0.048027439262620694
5428,64,AW19,sheath dress,0.0188679245283018,0.0,0.01029159019888521
5471,19,AW19,medium coat,0.0188679245283018,0.0188679245283018,0.020583185393937165
5471,43,AW19,medium coat,0.0188679245283018,0.0377358490566037,0.037735848775449714
5471,73,AW19,medium coat,0.0188679245283018,0.0188679245283018,0.03259004650047345
5471,110,AW19,medium coat,0.0188679245283018,0.0377358490566037,0.015437387798978847
5471,3,AW19,medium coat,0.0,0.0,0.053173241912788084
5462,74,AW19,medium coat,0.0,0.0188679245283018,0.0205831853928507
5069,64,AW19,long sleeve,0.0,0.0566037735849056,0.017152653667294706
4778,106,AW19,medium coat,0.0,0.0188679245283018,0.025728982993845476
4964,76,AW19,gitana skirt,0.0377358490566037,0.0377358490566037,0.013722121928693754
5505,79,AW19,sleeveless,0.0,0.0,5.282729911888758e-05
5505,86,AW19,sleeveless,0.0,0.0,0.0019683114426002008
5505,80,AW19,sleeveless,0.0,0.0,0.022298451236410687
5505,56,AW19,sleeveless,0.0,0.0,0.0009332134505846378
5505,76,AW19,sleeveless,0.0188679245283018,0.0377358490566037,0.01715265366443991
5505,89,AW19,sleeveless,0.0188679245283018,0.0,0.013722121930544603
5408,86,AW19,long sleeve,0.0,0.0,0.013722121927925933
5408,92,AW19,long sleeve,0.0,0.0,0.022298451262893877
5408,88,AW19,long sleeve,0.0188679245283018,0.0188679245283018,0.013722121939616772
5505,51,AW19,sleeveless,0.0,0.0,0.012006856063292817
5505,12,AW19,sleeveless,0.0188679245283018,0.0188679245283018,0.015488173733492396
5505,47,AW19,sleeveless,0.0,0.0188679245283018,0.013722121930962157
5505,74,AW19,sleeveless,0.0,0.0,0.01543739124666319
5500,64,AW19,culottes,0.0,0.0,0.017152653660651513
5505,35,AW19,sleeveless,0.0,0.0,0.002087485890344
5493,30,AW19,sleeveless,0.0,0.0,0.0003216851206095068
5493,12,AW19,sleeveless,0.0,0.0,0.002732150323379887
5493,75,AW19,sleeveless,0.0,0.0,0.0029630533296475248
5493,110,AW19,sleeveless,0.0,0.0,0.006011261310486084
5408,74,AW19,long sleeve,0.0,0.0,0.017152653658980506
5500,36,AW19,culottes,0.0,0.0,0.01886791952408817
5493,77,AW19,sleeveless,0.0,0.0,0.01200685606145017
5443,117,AW19,long coat,0.0,0.0,0.0171526536621948
5408,95,AW19,long sleeve,0.0,0.0377358490566037,0.017152653661140507
5331,110,AW19,solid color top,0.0,0.0,0.0005485571842896105
4969,10,AW19,long sleeve,0.0188679245283018,0.0,0.015437387796930012
5443,105,AW19,long coat,0.0,0.0,0.006483456670251774
4969,13,AW19,long sleeve,0.0188679245283018,0.0,0.010291590196128247
5443,48,AW19,long coat,0.0188679245283018,0.0,0.00475178474415547
5451,73,AW19,medium coat,0.0,0.0377358490566037,0.020583185395967412
5443,92,AW19,long coat,0.0,0.0188679245283018,0.012006856063414442
5451,43,AW19,medium coat,0.0,0.0377358490566037,0.017152653660837496
5451,86,AW19,medium coat,0.0188679245283018,0.0188679245283018,0.025728982999704043
5492,85,AW19,solid color top,0.0188679245283018,0.0188679245283018,0.015437387795945888
5492,67,AW19,solid color top,0.0,0.0,0.015437387793985208
5451,91,AW19,medium coat,0.0,0.0188679245283018,0.0068610584640162835
5492,64,AW19,solid color top,0.0,0.0188679245283018,0.0171526536609046
5492,53,AW19,solid color top,0.0188679245283018,0.0,0.018867919537140385
5451,10,AW19,medium coat,0.0,0.0,0.015437387798152045
5451,12,AW19,medium coat,0.0566037735849056,0.0754716981132075,0.022298451262533856
5492,35,AW19,solid color top,0.0,0.0,9.015530549809086e-05
5492,81,AW19,solid color top,0.0,0.0,0.0058217017898677505
5492,46,AW19,solid color top,0.0,0.0,0.008363020573454907
5492,103,AW19,solid color top,0.0,0.0,0.004015743241107989
5492,8,AW19,solid color top,0.0,0.0188679245283018,0.024013721833258977
4895,105,AW19,long sleeve,0.0,0.0188679245283018,0.015437387796063956
5492,59,AW19,solid color top,0.0,0.0188679245283018,0.013722121929299523
5492,63,AW19,solid color top,0.0,0.0,0.0025900493517044456
5451,49,AW19,medium coat,0.0,0.0188679245283018,0.017152653661849267
5492,107,AW19,solid color top,0.0188679245283018,0.0188679245283018,0.012223577024795027
5493,47,AW19,sleeveless,0.0,0.0188679245283018,0.012006856062783452
5408,102,AW19,long sleeve,0.0,0.0188679245283018,0.013722121930091452
5454,13,AW19,culottes,0.0,0.0188679245283018,0.017152653660459514
5454,93,AW19,culottes,0.0,0.0188679245283018,0.02058318539303376
5454,77,AW19,culottes,0.0,0.0,0.013722121927341268
5454,36,AW19,culottes,0.0,0.0,0.015437387792965697
4899,6,AW19,culottes,0.0188679245283018,0.0188679245283018,0.010291590197459009
5500,2,AW19,culottes,0.0,0.0377358490566037,0.012006856063827802
5500,56,AW19,culottes,0.0,0.0188679245283018,0.013722126900808984
5500,5,AW19,culottes,0.0,0.0377358490566037,0.02730067345910353
5468,13,AW19,culottes,0.0566037735849056,0.0188679245283018,0.020583185425781376
5468,77,AW19,culottes,0.0,0.0188679245283018,0.013722121937609001
5454,49,AW19,culottes,0.0,0.0,4.189520847642081e-18
5046,53,AW19,medium coat,0.0377358490566037,0.0,0.015437387792613987
5073,12,AW19,medium coat,0.0943396226415094,0.0,0.013722121928547987
5429,13,AW19,patterned top,0.0,0.0,0.01372212193130207
5429,117,AW19,patterned top,0.0377358490566037,0.0566037735849056,0.010291590196217464
5429,93,AW19,patterned top,0.0,0.0,0.01200685606388123
5429,89,AW19,patterned top,0.0,0.0,0.010291590197898545
5429,77,AW19,patterned top,0.0,0.0,0.009879001832510292
5452,117,AW19,long coat,0.0188679245283018,0.0,0.01886791952790415
5429,101,AW19,patterned top,0.0,0.0,2.811539889790981e-10
5073,69,AW19,medium coat,0.0188679245283018,0.0,0.012006856064822864
5348,57,AW19,culottes,0.0,0.0188679245283018,0.010291590197489481
5452,39,AW19,long coat,0.0,0.0,0.012006859554075797
5436,19,AW19,long sleeve,0.0,0.0,0.017152653661397354
5500,47,AW19,culottes,0.0,0.0,0.013722121930766818
5454,96,AW19,culottes,0.0188679245283018,0.0188679245283018,0.017152653664955306
5436,14,AW19,long sleeve,0.0,0.0377358490566037,0.013722121926965284
5443,107,AW19,long coat,0.0,0.0,0.015437387795760498
5493,8,AW19,sleeveless,0.0,0.0,0.01715265366963241
4844,105,AW19,doll dress,0.0,0.0,0.007755057097531975
5443,83,AW19,long coat,0.0,0.0,0.015437387789103144
5443,32,AW19,long coat,0.0,0.0188679245283018,0.017152653658594367
5040,79,AW19,solid color top,0.0188679245283018,0.0566037735849056,0.013722121935330858
5459,62,AW19,culottes,0.0,0.0,0.017152653658345625
5459,2,AW19,culottes,0.0,0.0,0.022298451264297837
5459,49,AW19,culottes,0.0,0.0377358490566037,0.013722121931005334
5454,62,AW19,culottes,0.0,0.0188679245283018,0.017152653662410346
5500,121,AW19,culottes,0.0188679245283018,0.0,0.00857632433262497
5459,94,AW19,culottes,0.0,0.0377358490566037,0.015437387795461235
5500,85,AW19,culottes,0.0377358490566037,0.0,0.013722121932678712
5459,43,AW19,culottes,0.0,0.0,0.018867919528232167
5500,83,AW19,culottes,0.0,0.0,0.029159514724360753
5500,61,AW19,culottes,0.0,0.0188679245283018,0.015437387798332234
5459,47,AW19,culottes,0.0,0.0,0.018867919534234882
5452,59,AW19,long coat,0.0188679245283018,0.0,0.015437387794584458
5436,121,AW19,long sleeve,0.0,0.0,0.012006856069819138
5459,18,AW19,culottes,0.0,0.0566037735849056,0.05660377330375161
5459,63,AW19,culottes,0.0,0.0,0.018867926855981033
5459,65,AW19,culottes,0.0188679245283018,0.0188679245283018,0.020887875273160855
5492,20,AW19,solid color top,0.0,0.0188679245283018,0.017152653659993567
5492,1,AW19,solid color top,0.0,0.0,0.004311604564324855
5451,85,AW19,medium coat,0.0,0.0,0.02058318540124211
4778,64,AW19,medium coat,0.0,0.0,0.012006856062791546
4778,41,AW19,medium coat,0.0,0.0188679245283018,0.013722121931784657
5519,45,AW19,long coat,0.0,0.0,0.0074902203379897895
5490,5,AW19,culottes,0.0,0.0,0.011975809514146533
5490,16,AW19,culottes,0.0,0.0,0.00030699197105362336
5490,89,AW19,culottes,0.0,0.0,0.020583185394706414
5519,43,AW19,long coat,0.0,0.0,0.020583185394170478
5490,1,AW19,culottes,0.0,0.0,0.0072936174343898276
5519,75,AW19,long coat,0.0188679245283018,0.0,0.004038458409016154
5519,19,AW19,long coat,0.0377358490566037,0.0,0.013722121930651133
5519,1,AW19,long coat,0.0,0.0,0.01200685606343093
5490,42,AW19,culottes,0.0,0.0188679245283018,0.008485220877360417
5490,27,AW19,culottes,0.0,0.0,0.01715265366139541
5519,2,AW19,long coat,0.0,0.0,0.024013717125190463
5490,121,AW19,culottes,0.0,0.0,0.013722121928901973
5504,46,AW19,medium coat,0.0188679245283018,0.0754716981132075,0.0754716978320535
5490,32,AW19,culottes,0.0,0.0,0.017152653662405714
5504,53,AW19,medium coat,0.0377358490566037,0.0377358490566037,0.02058318899285937
5490,35,AW19,culottes,0.0,0.0188679245283018,0.020583185397067275
5490,81,AW19,culottes,0.0,0.0,0.001046504836646159
5490,46,AW19,culottes,0.0,0.0188679245283018,0.018867924247147814
5490,8,AW19,culottes,0.0,0.0,0.0017829669984554368
5519,10,AW19,long coat,0.0,0.0188679245283018,0.017152653662392537
5490,63,AW19,culottes,0.0,0.0,0.018867919532192405
5490,43,AW19,culottes,0.0,0.0,0.007492988923705113
4778,57,AW19,medium coat,0.0,0.0,0.00117993729693311
5497,64,AW19,long coat,0.0,0.0188679245283018,0.018867922594920213
4778,74,AW19,medium coat,0.0,0.0,0.01029159019469704
5497,115,AW19,long coat,0.0,0.0,0.01886791953122821
5497,18,AW19,long coat,0.0,0.0,0.02229845716636201
5497,46,AW19,long coat,0.0,0.0,0.018867919527230385
5497,20,AW19,long coat,0.0188679245283018,0.0188679245283018,0.02058318539548663
5497,76,AW19,long coat,0.0,0.0,0.027444253180580885
5497,45,AW19,long coat,0.0188679245283018,0.0188679245283018,0.018867923385857882
5497,93,AW19,long coat,0.0,0.0,0.013722125620780182
5497,13,AW19,long coat,0.0,0.0,0.002095106580135752
5490,75,AW19,culottes,0.0,0.0,0.0041785878606578454
5497,3,AW19,long coat,0.0,0.0188679245283018,0.014743657095380952
5497,43,AW19,long coat,0.0,0.0188679245283018,0.022298451261369773
5497,75,AW19,long coat,0.0188679245283018,0.0,0.00892001195682275
5497,19,AW19,long coat,0.0,0.0,0.02744425394396183
5497,105,AW19,long coat,0.0188679245283018,0.0,0.01886791953120909
5431,29,AW19,kimono dress,0.0188679245283018,0.0,0.005197914001759356
5497,10,AW19,long coat,0.0,0.0,0.017152653663121468
5490,30,AW19,culottes,0.0,0.0,0.018867919523774535
5490,2,AW19,culottes,0.0,0.0188679245283018,0.020583185398755897
5490,15,AW19,culottes,0.0,0.0,0.010811408686328594
5519,18,AW19,long coat,0.0,0.0,0.00038808831113715285
5497,73,AW19,long coat,0.0188679245283018,0.0,0.02229845126686217
5504,16,AW19,medium coat,0.0,0.0377358490566037,0.01200685605852408
5504,56,AW19,medium coat,0.0377358490566037,0.0,0.018867919530552238
5490,21,AW19,culottes,0.0,0.0,0.006106415309067617
5492,80,AW19,solid color top,0.0,0.0,4.18952084764208e-18
5047,19,AW19,long sleeve,0.0,0.0,4.189520910070807e-18
5449,43,AW19,medium coat,0.0188679245283018,0.0,0.012006859391702178
5449,19,AW19,medium coat,0.0,0.0,0.018867919530296914
5061,5,AW19,long coat,0.0566037735849056,0.0,0.00857632764792796
5449,31,AW19,medium coat,0.0,0.0,0.012881948884800562
5061,73,AW19,long coat,0.0943396226415094,0.0377358490566037,0.02401371713681621
5449,15,AW19,medium coat,0.0188679245283018,0.0,0.00986789037286196
5492,6,AW19,solid color top,0.0,0.0377358490566037,0.015437387791800605
5492,99,AW19,solid color top,0.0,0.0,0.013722121927338368
5492,39,AW19,solid color top,0.0,0.0,0.005258607017401975
5449,10,AW19,medium coat,0.0377358490566037,0.0,0.003459548753279759
5061,12,AW19,long coat,0.0188679245283018,0.0566037735849056,0.03602057819347321
5443,49,AW19,long coat,0.0188679245283018,0.0,0.004062893234774203
5492,56,AW19,solid color top,0.0,0.0,0.0029573131602870445
5451,29,AW19,medium coat,0.0,0.0188679245283018,0.02572898298832722
5492,93,AW19,solid color top,0.0,0.0,0.0038761353307373457
4969,53,AW19,long sleeve,0.0,0.0,0.015437387795559782
5492,52,AW19,solid color top,0.0,0.0,0.0057004326694551155
5492,76,AW19,solid color top,0.0,0.0188679245283018,0.015437387796461678
5492,77,AW19,solid color top,0.0,0.0,0.008685407650537142
5451,53,AW19,medium coat,0.0188679245283018,0.0,0.01886791953025525
5449,12,AW19,medium coat,0.0188679245283018,0.0188679245283018,0.02744424885669707
5492,43,AW19,solid color top,0.0,0.0,0.001331799214022384
5492,86,AW19,solid color top,0.0,0.0188679245283018,0.013971509344975538
5449,16,AW19,medium coat,0.0,0.0188679245283018,0.015437387795686635
5490,104,AW19,culottes,0.0,0.0,0.002505636724129268
5447,30,AW19,solid color top,0.0,0.0,5.91201194751101e-14
5504,91,AW19,medium coat,0.0377358490566037,0.0188679245283018,0.010291590196383194
5504,12,AW19,medium coat,0.0,0.0754716981132075,0.056395250660373486
5530,53,AW19,medium coat,0.0377358490566037,0.0377358490566037,0.018867924229886708
5069,35,AW19,long sleeve,0.0,0.0188679245283018,0.023065578563401475
5447,40,AW19,solid color top,0.0,0.0,0.013722121931074544
5045,12,AW19,solid color top,0.0,0.0,0.018867919515934816
5449,100,AW19,medium coat,0.0188679245283018,0.0,0.0019711718918612154
5047,41,AW19,long sleeve,0.0,0.0,0.015437387795195023
4882,125,AW19,culottes,0.0,0.0377358490566037,0.013722121932692039
4989,109,AW19,miniskirt,0.0,0.0,0.012006856063441797
5066,33,AW19,long coat,0.0188679245283018,0.0377358490566037,0.012006859044529705
5492,96,AW19,solid color top,0.0,0.0,0.01088483455124168
5492,12,AW19,solid color top,0.0,0.0,0.048027439235407005
5047,53,AW19,long sleeve,0.0,0.0188679245283018,0.015437387795446313
5492,7,AW19,solid color top,0.0188679245283018,0.0188679245283018,0.020583185390008613
5492,66,AW19,solid color top,0.0,0.0,0.015437387799461513
5449,76,AW19,medium coat,0.0,0.0,0.010405074562495316
5492,19,AW19,solid color top,0.0,0.0,0.0011093358308265635
5492,79,AW19,solid color top,0.0188679245283018,0.0,0.012006856060097994
5061,21,AW19,long coat,0.0188679245283018,0.0,0.010291590199906574
5359,39,AW19,culottes,0.0,0.0188679245283018,0.013722121930708438
5332,81,AW19,doll dress,0.0,0.0188679245283018,0.012006856063666731
5502,14,AW19,long sleeve,0.0188679245283018,0.0,0.0011537289439327461
4970,7,AW19,long coat,0.0,0.0188679245283018,0.015804515855310352
5398,10,AW19,medium coat,0.0,0.0188679245283018,0.01200685606488815
5445,117,AW19,long dress,0.0188679245283018,0.0188679245283018,0.012006856065295937
5445,93,AW19,long dress,0.0377358490566037,0.0377358490566037,0.037735848775449714
5445,33,AW19,long dress,0.0,0.0188679245283018,0.013722121930488248
5445,89,AW19,long dress,0.0,0.0188679245283018,0.010291590197718357
5455,59,AW19,solid color top,0.0,0.0,0.024013717126275532
5455,63,AW19,solid color top,0.0943396226415094,0.0188679245283018,0.024013722043823803
5445,46,AW19,long dress,0.0,0.0,0.007836761131428116
5445,0,AW19,long dress,0.0188679245283018,0.0377358490566037,0.01200685606417755
5445,63,AW19,long dress,0.0,0.0,0.008265775297613824
5464,77,AW19,sheath dress,0.0188679245283018,0.0,0.013722121925093948
5464,64,AW19,sheath dress,0.0,0.0377358490566037,0.020583185395959516
5441,12,AW19,long dress,0.0,0.0,0.0017785819256417174
5455,25,AW19,solid color top,0.0,0.0188679245283018,0.02058318539850354
5441,65,AW19,long dress,0.0188679245283018,0.0188679245283018,0.012006856064169466
5441,105,AW19,long dress,0.0,0.0,0.022298451281521657
5441,19,AW19,long dress,0.0566037735849056,0.0188679245283018,0.02229845125994323
5515,35,AW19,long sleeve,0.0377358490566037,0.0,0.012006858761324124
5441,9,AW19,long dress,0.0,0.0188679245283018,0.013722121935338897
5441,99,AW19,long dress,0.0,0.0,0.0039540137410804645
5441,16,AW19,long dress,0.0188679245283018,0.0377358490566037,0.022298451260985525
5445,29,AW19,long dress,0.0,0.0,4.189520785213355e-18
5464,76,AW19,sheath dress,0.0188679245283018,0.0377358490566037,0.013722121930801629
5464,93,AW19,sheath dress,0.0188679245283018,0.0,0.018867919528077644
5464,28,AW19,sheath dress,0.0,0.0188679245283018,0.025728982993873436
5426,68,AW19,long sleeve,0.0,0.0,0.0026571867850055495
5426,31,AW19,long sleeve,0.0,0.0,0.002011588690712498
5391,29,AW19,long sleeve,0.0,0.0,6.39610568352494e-05
5483,30,AW19,sheath dress,0.0377358490566037,0.0188679245283018,0.015437393378223302
5463,81,AW19,sheath dress,0.0377358490566037,0.0188679245283018,0.020583185396016133
5483,43,AW19,sheath dress,0.0,0.0188679245283018,0.01715265366337598
5463,26,AW19,sheath dress,0.0188679245283018,0.0,0.013722125776552251
5463,29,AW19,sheath dress,0.0,0.0,0.003565846942288202
5483,40,AW19,sheath dress,0.0188679245283018,0.0188679245283018,0.013722121926014937
5464,31,AW19,sheath dress,0.0,0.0,0.013722121931479132
5464,94,AW19,sheath dress,0.0,0.0188679245283018,0.015437387795204233
5445,12,AW19,long dress,0.0,0.0,0.02915951472649755
5445,7,AW19,long dress,0.0188679245283018,0.0377358490566037,0.0271668380918857
5391,91,AW19,long sleeve,0.0,0.0,9.30260501439868e-34
5445,65,AW19,long dress,0.0,0.0,0.01543739247310251
5445,94,AW19,long dress,0.0377358490566037,0.0,0.012006856064447678
5391,2,AW19,long sleeve,0.0,0.0,0.015437387798773686
5464,43,AW19,sheath dress,0.0,0.0188679245283018,0.02058318540530724
5464,80,AW19,sheath dress,0.0188679245283018,0.0,0.024013717122269213
5464,5,AW19,sheath dress,0.0,0.0,0.012006856063415816
5464,99,AW19,sheath dress,0.0188679245283018,0.0,0.017152653658420117
5441,93,AW19,long dress,0.0,0.0566037735849056,0.024013721474916816
5386,2,AW19,long sleeve,0.0,0.0,0.0
5515,81,AW19,long sleeve,0.0,0.0,0.01715265366156929
5455,41,AW19,solid color top,0.0,0.0,0.042881641662414476
5027,67,AW19,long coat,0.0,0.0,0.015437387797119572
4976,86,AW19,sleeveless,0.0,0.0377358490566037,0.018867919528154153
5027,18,AW19,long coat,0.0188679245283018,0.0188679245283018,0.0412760416317588
5495,51,AW19,solid color top,0.0377358490566037,0.0,0.013722121933450817
4992,56,AW19,long coat,0.0377358490566037,0.0377358490566037,0.03773583725775228
5495,40,AW19,solid color top,0.0,0.0,0.015437387796798208
5495,69,AW19,solid color top,0.0,0.0,0.020583185387021717
5495,46,AW19,solid color top,0.0,0.0,0.015437387808281827
5494,15,AW19,long sleeve,0.0,0.0,0.017152657524223854
5495,80,AW19,solid color top,0.0188679245283018,0.0,0.018867919530392352
5511,80,AW19,long sleeve,0.0,0.0943396226415094,0.05488850271126197
5494,65,AW19,long sleeve,0.0,0.0,0.013357708269613302
5444,54,AW19,long sleeve,0.0,0.0,0.01200685606119929
5444,49,AW19,long sleeve,0.0,0.0,0.02058318539302656
5444,15,AW19,long sleeve,0.0,0.0,0.015437387807585785
5494,84,AW19,long sleeve,0.0,0.0,0.001935739660026931
5444,92,AW19,long sleeve,0.0,0.0,0.0029401266223891167
5444,56,AW19,long sleeve,0.0,0.0188679245283018,0.018867919523528502
5494,19,AW19,long sleeve,0.0,0.0,0.01200685961139468
5511,5,AW19,long sleeve,0.0,0.0188679245283018,0.015437387796525722
5495,29,AW19,solid color top,0.0,0.0,0.017152653662137776
5495,105,AW19,solid color top,0.0,0.0,0.02744424885903413
5495,12,AW19,solid color top,0.0,0.0,6.242872454543942e-26
5442,45,AW19,solid color top,0.0,0.0,0.0007327659259744417
5441,20,AW19,long dress,0.0566037735849056,0.0,0.015437387796157179
5441,83,AW19,long dress,0.0188679245283018,0.0566037735849056,0.017152653659155935
5441,121,AW19,long dress,0.0,0.0,0.01886791953177091
5441,74,AW19,long dress,0.0,0.0188679245283018,0.018867919528450672
5441,69,AW19,long dress,0.0188679245283018,0.0188679245283018,0.015437387800979273
5525,12,AW19,long sleeve,0.0188679245283018,0.1509433962264151,0.15094339482064514
5015,5,AW19,medium coat,0.0,0.0,1.9246202535021861e-07
5467,31,AW19,sleeveless,0.0188679245283018,0.0566037735849056,0.05660377330375161
5033,104,AW19,medium coat,0.0,0.0,1.4513441373751847e-05
5467,56,AW19,sleeveless,0.0,0.0188679245283018,0.012006856063469733
5051,77,AW19,trapeze dress,0.0,0.0188679245283018,0.015437387799281744
5467,93,AW19,sleeveless,0.0,0.0,0.004340983037129434
5502,88,AW19,long sleeve,0.0,0.0188679245283018,0.013722124347689105
5467,76,AW19,sleeveless,0.0,0.0,0.0025895606093264884
5467,77,AW19,sleeveless,0.0188679245283018,0.0188679245283018,0.01372212192919678
5467,83,AW19,sleeveless,0.0,0.0,0.017152653663694277
5525,51,AW19,long sleeve,0.0377358490566037,0.0943396226415094,0.08847623950016623
5467,32,AW19,sleeveless,0.0,0.0,0.010291590197244687
5340,85,AW19,culottes,0.0188679245283018,0.0377358490566037,0.03764154675122935
5511,12,AW19,long sleeve,0.0,0.0,0.046312173378300854
5442,22,AW19,solid color top,0.0,0.0,0.015437392446512276
5441,77,AW19,long dress,0.0,0.0,0.01886792446242865
5341,79,AW19,kimono dress,0.0,0.0,0.007417015164612579
5386,86,AW19,long sleeve,0.0188679245283018,0.0,0.010438457369149239
5386,43,AW19,long sleeve,0.0,0.0,0.0003518159788916408
4907,88,AW19,culottes,0.0,0.0,0.004170921598743191
5455,24,AW19,solid color top,0.0188679245283018,0.0943396226415094,0.0411663757879529
5455,89,AW19,solid color top,0.0,0.0,0.017152653651523738
5485,18,AW19,short sleeves,0.0,0.0,0.0600343005212918
5485,44,AW19,short sleeves,0.0188679245283018,0.0377358490566037,0.03986199722794999
5485,115,AW19,short sleeves,0.0,0.0188679245283018,0.024013717124766493
5515,5,AW19,long sleeve,0.0,0.0188679245283018,0.010291590198898254
5510,96,AW19,short sleeves,0.0377358490566037,0.0,0.013722121934994778
5455,38,AW19,solid color top,0.0,0.0,0.015437387795088207
5485,76,AW19,short sleeves,0.0377358490566037,0.0754716981132075,0.018867919526941678
5510,7,AW19,short sleeves,0.0,0.0188679245283018,0.02572898299103791
5455,109,AW19,solid color top,0.0,0.0377358490566037,0.02744424886455025
5510,105,AW19,short sleeves,0.0,0.0,0.01886791952280234
5510,19,AW19,short sleeves,0.0,0.0,0.030874780572324803
5510,43,AW19,short sleeves,0.0377358490566037,0.0754716981132075,0.03430531232306209
5341,28,AW19,kimono dress,0.0,0.0377358490566037,0.013722121930599136
5510,3,AW19,short sleeves,0.0,0.0188679245283018,0.017152653665295423
5440,53,AW19,sleeveless,0.0,0.0,0.02058318539382468
5510,93,AW19,short sleeves,0.0,0.0377358490566037,0.04288164165174997
5510,76,AW19,short sleeves,0.0377358490566037,0.0188679245283018,0.022298451260432884
5455,106,AW19,solid color top,0.0,0.0,0.013722121932389218
5455,16,AW19,solid color top,0.0,0.0,0.029159514711273336
5455,56,AW19,solid color top,0.0,0.0,0.017152653666336466
5485,43,AW19,short sleeves,0.0377358490566037,0.0943396226415094,0.03430531226814083
5341,64,AW19,kimono dress,0.0,0.0188679245283018,0.017152660414842744
5455,79,AW19,solid color top,0.0,0.0377358490566037,0.022298451256377708
5059,81,AW19,kimono dress,0.0377358490566037,0.0377358490566037,0.01200685606113245
5059,26,AW19,kimono dress,0.0,0.0,0.0061976050316460505
5059,46,AW19,kimono dress,0.0,0.0188679245283018,0.02229845126005325
4904,105,AW19,long sleeve,0.0188679245283018,0.0377358490566037,0.017152653662677958
5064,2,AW19,kimono dress,0.0,0.0,0.013722121930676992
5064,19,AW19,kimono dress,0.0,0.0,0.03430531231969289
5064,14,AW19,kimono dress,0.0188679245283018,0.0,0.004159244400651942
5064,46,AW19,kimono dress,0.0,0.0,0.030874780599924333
5446,15,AW19,long sleeve,0.0188679245283018,0.0188679245283018,0.017152653660705793
5455,39,AW19,solid color top,0.0,0.0188679245283018,0.02915951472579367
4947,83,AW19,culottes,0.0,0.0,0.012006856063135478
5485,96,AW19,short sleeves,0.0188679245283018,0.0,0.020583185391527432
5455,73,AW19,solid color top,0.0,0.0,0.022298451260248348
5455,110,AW19,solid color top,0.0,0.0,9.811192540431517e-06
5455,3,AW19,solid color top,0.0,0.0,0.02915951473461774
5485,105,AW19,short sleeves,0.0,0.0754716981132075,0.04952101467656909
5485,19,AW19,short sleeves,0.0,0.0377358490566037,0.039451109929763035
5485,75,AW19,short sleeves,0.1320754716981132,0.0377358490566037,0.030874780587524745
5485,92,AW19,short sleeves,0.0188679245283018,0.0377358490566037,0.013722121928276002
5440,8,AW19,sleeveless,0.0,0.0,0.01200685606480006
5510,1,AW19,short sleeves,0.0,0.0,0.030874780598832093
5439,18,AW19,solid color top,0.0,0.0,0.012006861238584111
5510,101,AW19,short sleeves,0.0,0.0,0.01715265366071764
5463,66,AW19,sheath dress,0.0,0.0,0.012006856061026952
5439,7,AW19,solid color top,0.0,0.0,0.013722121926696718
5439,49,AW19,solid color top,0.0,0.0,0.013722127137429967
5389,4,AW19,long sleeve,0.0,0.0,0.025728982994167125
5455,32,AW19,solid color top,0.0,0.0,0.05145797099668964
5389,67,AW19,long sleeve,0.0,0.0,0.012006856066881792
5389,51,AW19,long sleeve,0.0,0.0188679245283018,0.039451109916903045
5389,89,AW19,long sleeve,0.0754716981132075,0.0377358490566037,0.03773584405281757
5463,9,AW19,sheath dress,0.0188679245283018,0.0188679245283018,0.015437387796298802
5389,13,AW19,long sleeve,0.0,0.0188679245283018,0.04288164167063105
5389,3,AW19,long sleeve,0.0377358490566037,0.0754716981132075,0.0343053123227438
5389,9,AW19,long sleeve,0.0,0.0754716981132075,0.0343053123277419
5463,45,AW19,sheath dress,0.0188679245283018,0.0188679245283018,0.00857632433060293
5386,63,AW19,long sleeve,0.0,0.0188679245283018,0.017152653662629833
5463,76,AW19,sheath dress,0.0188679245283018,0.0377358490566037,0.012006856061091097
5463,51,AW19,sheath dress,0.0,0.0,0.0
5386,107,AW19,long sleeve,0.0377358490566037,0.0,0.010291590197076353
5335,72,AW19,shirt dress,0.0,0.0188679245283018,0.010291590196319722
4724,38,AW19,long coat,0.0,0.0,0.0029573131602870445
5335,33,AW19,shirt dress,0.0,0.0,0.015437387797519445
5463,53,AW19,sheath dress,0.0,0.0,0.01715265366109292
5389,125,AW19,long sleeve,0.0188679245283018,0.0,0.012006856063587697
5494,43,AW19,long sleeve,0.0,0.0,0.013722121931922975
5499,38,AW19,short cardigan,0.0,0.0,0.006559867116283942
5425,6,AW19,long sleeve,0.0,0.0188679245283018,0.013722121930685924
5510,82,AW19,short sleeves,0.0188679245283018,0.0,0.039451109922720405
5439,81,AW19,solid color top,0.0,0.0,0.012006856061482512
5439,121,AW19,solid color top,0.0,0.0377358490566037,0.015437387796445321
5463,2,AW19,sheath dress,0.0188679245283018,0.0188679245283018,0.018867919529627634
5344,4,AW19,doll dress,0.0188679245283018,0.0943396226415094,0.04477607078514523
5510,18,AW19,short sleeves,0.0,0.0,0.039451109927439124
5510,115,AW19,short sleeves,0.0,0.0377358490566037,0.05145797110027183
5439,107,AW19,solid color top,0.0,0.0188679245283018,0.020583185393783284
5463,7,AW19,sheath dress,0.0377358490566037,0.0,0.017152657190813377
5439,56,AW19,solid color top,0.0,0.0,0.004671832768447934
5417,24,AW19,long sleeve,0.0,0.0188679245283018,0.015437387795713318
5417,74,AW19,long sleeve,0.0188679245283018,0.0,0.011736685380962137
5417,0,AW19,long sleeve,0.0188679245283018,0.0,0.0018846209282818026
5344,23,AW19,doll dress,0.0377358490566037,0.0188679245283018,0.018867919528005147
5417,4,AW19,long sleeve,0.0,0.0,0.004038458409016154
5417,59,AW19,long sleeve,0.0,0.0,0.013722121925747779
5407,80,AW19,long sleeve,0.0,0.0,0.012006860426873295
5455,67,AW19,solid color top,0.0188679245283018,0.0377358490566037,0.032590046478965407
5407,69,AW19,long sleeve,0.0,0.0377358490566037,0.012006856062445961
5407,0,AW19,long sleeve,0.0,0.0188679245283018,0.01200685606370473
5425,7,AW19,long sleeve,0.0,0.0,2.811539847895771e-10
5463,94,AW19,sheath dress,0.0,0.0,0.005632369017468273
5494,80,AW19,long sleeve,0.0,0.0,0.017152653660566057
5467,22,AW19,sleeveless,0.0,0.0,0.0022855777846669005
5474,85,AW19,long dress,0.0,0.0,0.024013721187479836
5498,36,AW19,doll dress,0.0,0.0188679245283018,0.013722121927931768
5521,75,AW19,long coat,0.0,0.0,0.012006856063835288
5474,14,AW19,long dress,0.0,0.0,0.008231110327467024
5474,19,AW19,long dress,0.0,0.0,0.02572898300309975
5527,93,AW19,long coat,0.0,0.0188679245283018,0.03602057819107817
5474,66,AW19,long dress,0.0188679245283018,0.0,0.0009446599706360992
5474,94,AW19,long dress,0.0,0.0,0.010681086682577168
5521,30,AW19,long coat,0.0,0.0377358490566037,0.022298451273943993
5498,46,AW19,doll dress,0.0,0.0,0.01372212193002434
5521,19,AW19,long coat,0.0,0.0,0.027444248859298685
5501,77,AW19,long dress,0.0,0.0,0.015437391328778456
5474,15,AW19,long dress,0.0,0.0,0.018867919522189296
5474,10,AW19,long dress,0.0,0.0188679245283018,0.02229845125455156
5474,12,AW19,long dress,0.0,0.0,0.015783206578156392
5498,81,AW19,doll dress,0.0188679245283018,0.0188679245283018,0.025728982991842456
5474,2,AW19,long dress,0.0,0.0,0.02915951472446891
5498,95,AW19,doll dress,0.0,0.0566037735849056,0.018867919532633018
5521,73,AW19,long coat,0.0188679245283018,0.0188679245283018,0.02744424885097998
5521,3,AW19,long coat,0.0,0.0,0.01886792505930917
5498,100,AW19,doll dress,0.0,0.0188679245283018,0.02401372188380512
5053,19,AW19,culottes,0.0188679245283018,0.0,0.010291590198034226
5520,101,AW19,doll dress,0.0188679245283018,0.0188679245283018,0.008576324331436083
5501,80,AW19,long dress,0.0,0.0188679245283018,0.01886791952208087
5521,93,AW19,long coat,0.0,0.0,5.6359663693288994e-05
5501,85,AW19,long dress,0.0,0.0188679245283018,0.02353341726680602
5527,26,AW19,long coat,0.0566037735849056,0.0,2.3243901962819524e-06
5409,53,AW19,culottes,0.0,0.0,0.0005415469637755056
5474,32,AW19,long dress,0.0,0.0188679245283018,0.017152653661183022
5409,83,AW19,culottes,0.0188679245283018,0.0,0.000256998547783121
5474,47,AW19,long dress,0.0,0.0,0.01886791952724107
5474,96,AW19,long dress,0.0,0.0,0.007022548373438907
5474,86,AW19,long dress,0.0,0.0,0.0015764831732249572
4938,84,AW19,culottes,0.0,0.0188679245283018,0.012006856063957221
5498,35,AW19,doll dress,0.0,0.0188679245283018,0.018867919529451046
5529,80,AW19,culottes,0.0188679245283018,0.0377358490566037,0.07204116139323252
5498,89,AW19,doll dress,0.0188679245283018,0.0,0.0154373924820569
5474,77,AW19,long dress,0.0,0.0,2.8115398060005626e-10
5474,51,AW19,long dress,0.0,0.0,0.0205831891646991
5474,89,AW19,long dress,0.0,0.0,0.01886791953275918
5498,68,AW19,doll dress,0.0,0.0188679245283018,0.01366304619435071
5498,1,AW19,doll dress,0.0377358490566037,0.0377358490566037,0.013722121930148351
5474,76,AW19,long dress,0.0188679245283018,0.0,0.004484513520986009
5521,43,AW19,long coat,0.0188679245283018,0.0188679245283018,0.013722121933048155
5474,22,AW19,long dress,0.0,0.0,0.024013719957408416
5474,38,AW19,long dress,0.0,0.0377358490566037,0.013722121924833812
5501,76,AW19,long dress,0.0,0.0,0.013722121930663082
5529,12,AW19,culottes,0.0188679245283018,0.0,0.046312173418238
5474,20,AW19,long dress,0.0188679245283018,0.0,0.01715265366642834
5474,56,AW19,long dress,0.0188679245283018,0.0188679245283018,0.010947789788224357
5474,99,AW19,long dress,0.0,0.0,0.01886792382711073
5474,5,AW19,long dress,0.0,0.0,0.001316262143132922
5474,43,AW19,long dress,0.0,0.0188679245283018,0.022298451259859603
5498,40,AW19,doll dress,0.0377358490566037,0.0,0.013722121935444177
5474,82,AW19,long dress,0.0,0.0,0.03259005070429201
5529,46,AW19,culottes,0.0188679245283018,0.0188679245283018,0.012006856063309602
5474,80,AW19,long dress,0.0188679245283018,0.0566037735849056,0.056603772741443646
5498,13,AW19,doll dress,0.0,0.0188679245283018,0.015437387798487644
5501,36,AW19,long dress,0.0188679245283018,0.0943396226415094,0.018867919559914386
5498,93,AW19,doll dress,0.0,0.0,0.02744424884925679
5474,73,AW19,long dress,0.0,0.0,0.004298291979000633
5474,9,AW19,long dress,0.0,0.0377358490566037,0.020583191144919376
5501,5,AW19,long dress,0.0188679245283018,0.0188679245283018,0.010291590198285393
4931,49,AW19,culottes,0.0188679245283018,0.0,0.01200685606301411
5498,121,AW19,doll dress,0.0,0.0,0.020583185392096612
5501,24,AW19,long dress,0.0,0.0,0.013722121932190039
5498,33,AW19,doll dress,0.0,0.0,9.302605153018298e-34
5474,74,AW19,long dress,0.0,0.0,0.025728982987184592
5474,53,AW19,long dress,0.0,0.0,4.158588546579387e-41
5498,43,AW19,doll dress,0.0,0.0,1.9136740159224138e-07
5434,8,AW19,culottes,0.0,0.0188679245283018,0.013722121930811933
5511,52,AW19,long sleeve,0.0188679245283018,0.0,0.01200685606658266
5511,51,AW19,long sleeve,0.0,0.0188679245283018,0.03259004645782854
5502,69,AW19,long sleeve,0.0,0.0188679245283018,0.013722121933153055
5511,1,AW19,long sleeve,0.0,0.0188679245283018,0.02229845126210079
5527,18,AW19,long coat,0.0377358490566037,0.0,0.03087478059407546
5474,4,AW19,long dress,0.0,0.0,0.017152653664666246
5474,18,AW19,long dress,0.0,0.0,0.015437387796009363
5521,125,AW19,long coat,0.0188679245283018,0.0,0.010291590207889575
5474,41,AW19,long dress,0.0,0.0,0.006393103190377901
5502,100,AW19,long sleeve,0.0,0.0,0.0013643883025693372
5498,12,AW19,doll dress,0.0,0.0,0.013772151754444762
5409,68,AW19,culottes,0.0188679245283018,0.0,0.0035937433028568905
5001,85,AW19,long sleeve,0.0,0.0943396226415094,0.03259004645223525
5511,53,AW19,long sleeve,0.0188679245283018,0.0188679245283018,0.013722121930912774
5527,19,AW19,long coat,0.0188679245283018,0.0188679245283018,0.017152653662290945
5474,29,AW19,long dress,0.0,0.0,0.003955113397789646
5434,105,AW19,culottes,0.0566037735849056,0.0377358490566037,0.023558014744423584
5398,105,AW19,medium coat,0.0,0.0,0.012006856064340068
5444,82,AW19,long sleeve,0.0,0.0,0.013722121927686985
5474,21,AW19,long dress,0.0,0.0,0.018867919527484706
5444,83,AW19,long sleeve,0.0,0.0754716981132075,0.01886792040365963
5474,8,AW19,long dress,0.0,0.0,0.0037775213516370617
5494,5,AW19,long sleeve,0.0,0.0,0.0018299955672468075
5434,53,AW19,culottes,0.0,0.0,0.015437387800933254
5444,121,AW19,long sleeve,0.0188679245283018,0.0,0.012006856062883695
5444,46,AW19,long sleeve,0.0,0.0,0.003190404104995611
5494,74,AW19,long sleeve,0.0,0.0,0.0047237663698002684
5494,35,AW19,long sleeve,0.0,0.0,0.0007486064457600164
5494,29,AW19,long sleeve,0.0,0.0,0.017152653661001972
5474,115,AW19,long dress,0.0,0.0,0.006178914555565466
5502,53,AW19,long sleeve,0.0,0.0,0.0001280862179692634
5520,12,AW19,doll dress,0.0,0.0,0.020583185417252715
5521,8,AW19,long coat,0.0,0.0,0.012006856064279573
5511,46,AW19,long sleeve,0.0188679245283018,0.0566037735849056,0.02229845125894543
5474,46,AW19,long dress,0.0,0.0,0.030874785968117113
5498,86,AW19,doll dress,0.0,0.0,0.027444248858647786
5409,117,AW19,culottes,0.0,0.0188679245283018,0.012006856063646444
5409,80,AW19,culottes,0.0,0.0,0.01712741459258279
5409,105,AW19,culottes,0.0,0.0754716981132075,0.018867919528313782
5520,64,AW19,doll dress,0.0,0.0377358490566037,0.008576324326304143
4603,105,AW19,culottes,0.0188679245283018,0.0188679245283018,0.01543738779323689
5501,12,AW19,long dress,0.0,0.0566037735849056,0.029159517232806582
5521,20,AW19,long coat,0.0,0.0188679245283018,0.024013717130444364
4662,24,AW19,culottes,0.0,0.0,0.024013717138699788
5521,12,AW19,long coat,0.0,0.0,0.03430531233754893
4975,105,AW19,culottes,0.0,0.0188679245283018,0.01886791952775508
5498,15,AW19,doll dress,0.0,0.0,0.005013747619008807
5474,35,AW19,long dress,0.0,0.0,0.0017723211793035016
4924,21,AW19,long coat,0.0,0.0188679245283018,0.013722121930258818
5474,69,AW19,long dress,0.0,0.0,0.004513672635304546
5521,86,AW19,long coat,0.0,0.0188679245283018,0.015437387796867662
5017,92,AW19,culottes,0.0188679245283018,0.0,0.0035013192458219207
5521,46,AW19,long coat,0.0,0.0,0.03773584406722105
5521,18,AW19,long coat,0.0,0.0,0.007543677448858595
5501,30,AW19,long dress,0.0,0.0377358490566037,0.018867919529050082
4922,5,AW19,long coat,0.0,0.0377358490566037,0.013722126734803606
5474,36,AW19,long dress,0.1320754716981132,0.0377358490566037,0.0428816416513764
5498,49,AW19,doll dress,0.0,0.0,0.017152653660689018
5521,36,AW19,long coat,0.0,0.0188679245283018,0.015437387792744258
5527,3,AW19,long coat,0.0,0.0,0.017152653658053452
5393,18,AW19,kimono dress,0.0,0.0,9.302605153018295e-34
5473,49,AW19,culottes,0.0,0.0,0.012006856063304257
5475,32,AW19,culottes,0.0,0.0,0.015437387794740746
5443,108,AW19,long coat,0.0,0.0,0.01200685961139468
5475,83,AW19,culottes,0.0,0.0,0.024013717124274275
5475,82,AW19,culottes,0.0,0.0,0.024013717132050055
5475,108,AW19,culottes,0.0,0.0,0.025728982997112716
5517,43,AW19,long sleeve,0.0,0.0377358490566037,0.015437387798824417
5501,1,AW19,long dress,0.0,0.0188679245283018,0.013722121928481306
5475,73,AW19,culottes,0.0,0.0188679245283018,0.01886791952739045
5070,105,AW19,long coat,0.0,0.0,0.012006856063567925
5501,46,AW19,long dress,0.0188679245283018,0.0188679245283018,0.010291590197228691
5393,85,AW19,kimono dress,0.0188679245283018,0.0188679245283018,0.013722121928499436
5517,91,AW19,long sleeve,0.0,0.0,0.015437387762165107
5473,10,AW19,culottes,0.0,0.0,0.01200685606268574
5475,3,AW19,culottes,0.1320754716981132,0.0943396226415094,0.02572898298919061
5393,100,AW19,kimono dress,0.0,0.0,0.017152653662636293
5475,80,AW19,culottes,0.0,0.0,0.05145797096729794
5500,89,AW19,culottes,0.0,0.0188679245283018,0.01229332915077771
5501,2,AW19,long dress,0.0188679245283018,0.0188679245283018,0.010291590197762433
5500,22,AW19,culottes,0.0188679245283018,0.0,0.013722121931295149
5475,100,AW19,culottes,0.0,0.0,0.013722121933571075
5500,93,AW19,culottes,0.0,0.0188679245283018,0.022298451257939264
5475,57,AW19,culottes,0.0377358490566037,0.0188679245283018,0.03087478058837041
4939,108,AW19,culottes,0.0,0.0188679245283018,0.01715265365629095
5500,13,AW19,culottes,0.0,0.0,0.012006856063415816
5452,86,AW19,long coat,0.0188679245283018,0.0,0.010291590197239893
5475,115,AW19,culottes,0.0,0.0566037735849056,0.04116637887437162
5502,36,AW19,long sleeve,0.0,0.0,0.015437387794858181
5500,3,AW19,culottes,0.0188679245283018,0.0,0.01200685606347567
5517,101,AW19,long sleeve,0.0,0.0188679245283018,0.012006856063454035
5517,82,AW19,long sleeve,0.0188679245283018,0.0,0.013722121926789921
5023,108,AW19,medium cardigan,0.0,0.0,0.025728982981065435
5475,41,AW19,culottes,0.0,0.0,0.027444248861000563
4697,79,AW19,short cardigan,0.0,0.0,0.011943105003479991
5517,95,AW19,long sleeve,0.0,0.0,0.0013340012250621504
5502,40,AW19,long sleeve,0.0,0.0,0.015437387796453844
5500,39,AW19,culottes,0.0,0.0,0.013722121933014881
5502,77,AW19,long sleeve,0.0,0.0188679245283018,0.013722124383496983
5502,3,AW19,long sleeve,0.0,0.0188679245283018,0.012006856065273163
5502,10,AW19,long sleeve,0.0,0.0,0.0019124276201626055
5500,1,AW19,culottes,0.0377358490566037,0.0566037735849056,0.02401371712301175
5475,8,AW19,culottes,0.0,0.0188679245283018,0.031738392075562956
5023,87,AW19,medium cardigan,0.0188679245283018,0.0188679245283018,0.00857632433140163
4939,87,AW19,culottes,0.0,0.0188679245283018,0.022298456525270304
5500,95,AW19,culottes,0.0,0.0377358490566037,0.018867919528550905
5500,46,AW19,culottes,0.0,0.0377358490566037,0.01715265365833143
5500,81,AW19,culottes,0.0,0.0188679245283018,0.012006856063309795
5500,35,AW19,culottes,0.0188679245283018,0.0,0.015437387798306595
5475,81,AW19,culottes,0.0,0.0,0.013722121928312995
5501,9,AW19,long dress,0.0,0.0188679245283018,0.006861058465763992
5515,50,AW19,long sleeve,0.0188679245283018,0.0188679245283018,0.012006856062846006
5473,30,AW19,culottes,0.0,0.0188679245283018,0.024013717125282667
5475,39,AW19,culottes,0.0,0.0566037735849056,0.027444251538687892
5393,57,AW19,kimono dress,0.0,0.0,0.015437387793356606
5500,53,AW19,culottes,0.0,0.0188679245283018,0.013722121931636461
5475,53,AW19,culottes,0.0,0.0,0.017152653663569432
5501,75,AW19,long dress,0.0,0.0377358490566037,0.013722121929535867
5501,94,AW19,long dress,0.0,0.0188679245283018,0.013985176528724828
5337,105,AW19,kimono dress,0.0188679245283018,0.0188679245283018,0.03259004645108006
5475,26,AW19,culottes,0.0,0.0,0.015437387794800793
5515,73,AW19,long sleeve,0.0,0.0188679245283018,0.022298458745307576
5515,12,AW19,long sleeve,0.0,0.0,0.007040790926666016
5501,7,AW19,long dress,0.0,0.0377358490566037,0.02058318846265053
5500,20,AW19,culottes,0.0,0.0,0.015437387788096286
5337,48,AW19,kimono dress,0.0,0.0377358490566037,0.05660376859941903
5475,0,AW19,culottes,0.0188679245283018,0.0,0.012006856059117192
5517,117,AW19,long sleeve,0.0,0.0188679245283018,0.010291590197227975
5517,76,AW19,long sleeve,0.0,0.0,0.01372212192589995
5515,108,AW19,long sleeve,0.0566037735849056,0.0754716981132075,0.07547169755089952
5473,19,AW19,culottes,0.0,0.0,0.013722121928590004
5522,9,AW19,solid color top,0.0188679245283018,0.0,0.02401372096507728
5473,39,AW19,culottes,0.0188679245283018,0.0,0.01543738779632434
5525,20,AW19,long sleeve,0.0188679245283018,0.0188679245283018,0.012006856065275011
5522,85,AW19,solid color top,0.0,0.0,0.018867919546196942
4694,75,AW19,long sleeve,0.0377358490566037,0.0188679245283018,0.01200685606235568
5475,47,AW19,culottes,0.0,0.0,0.0343053123234871
5351,42,AW19,kimono dress,0.0,0.0188679245283018,0.012006856063566674
5535,41,AW19,kimono dress,0.0,0.0,0.016554500327623383
5525,52,AW19,long sleeve,0.0188679245283018,0.0188679245283018,0.00857632930356131
5525,56,AW19,long sleeve,0.0,0.0188679245283018,0.029159514729910924
5473,81,AW19,culottes,0.0,0.0,0.017152653654332568
5475,7,AW19,culottes,0.0188679245283018,0.0,1.605560486818999e-24
5525,108,AW19,long sleeve,0.0188679245283018,0.1320754716981132,0.024013717105626393
5522,35,AW19,solid color top,0.0,0.0188679245283018,0.018867924809455774
5475,68,AW19,culottes,0.0377358490566037,0.0188679245283018,0.017152653671706746
5525,73,AW19,long sleeve,0.0,0.0566037735849056,0.022298451252619263
5473,40,AW19,culottes,0.0,0.0188679245283018,0.03087478058881521
5475,15,AW19,culottes,0.0,0.0,0.030874780584035918
5515,0,AW19,long sleeve,0.0377358490566037,0.0377358490566037,0.013722126392270205
5520,36,AW19,doll dress,0.0,0.0754716981132075,0.04688153138894119
5535,64,AW19,kimono dress,0.0188679245283018,0.0377358490566037,0.030874780589566705
5473,53,AW19,culottes,0.0,0.0,0.013722121930292595
5535,29,AW19,kimono dress,0.0,0.0188679245283018,0.0668953636410398
5522,46,AW19,solid color top,0.0188679245283018,0.0377358490566037,0.044596907492953225
5069,29,AW19,long sleeve,0.0,0.0,0.015437387796393691
5522,90,AW19,solid color top,0.0377358490566037,0.0,0.018867919535471504
4926,19,AW19,long sleeve,0.0377358490566037,0.0188679245283018,0.016294749519752978
5351,16,AW19,kimono dress,0.0,0.0,0.022298451258976688
5525,94,AW19,long sleeve,0.0,0.0566037735849056,0.051249562813528216
5525,53,AW19,long sleeve,0.0188679245283018,0.0,0.022298458538240067
5387,10,AW19,kimono dress,0.0,0.0188679245283018,0.018867919529962522
5511,30,AW19,long sleeve,0.0,0.0,0.022298451263617635
5522,80,AW19,solid color top,0.0377358490566037,0.0377358490566037,0.02915951845286325
5393,65,AW19,kimono dress,0.0188679245283018,0.0,0.01886791952848666
5522,39,AW19,solid color top,0.0,0.0,4.5157018090462137e-07
5522,43,AW19,solid color top,0.0,0.0188679245283018,0.02401371711644961
5522,79,AW19,solid color top,0.0377358490566037,0.0188679245283018,0.013722121930618602
5511,56,AW19,long sleeve,0.0,0.0,0.024013717133738656
5522,60,AW19,solid color top,0.0188679245283018,0.0188679245283018,0.010291590196630965
5511,13,AW19,long sleeve,0.0377358490566037,0.0,0.02572898299424478
5393,105,AW19,kimono dress,0.0,0.0,0.018867919509975795
5522,47,AW19,solid color top,0.0188679245283018,0.0188679245283018,0.018867924247147814
5522,31,AW19,solid color top,0.0,0.0,0.003366509474708682
5511,20,AW19,long sleeve,0.0377358490566037,0.0377358490566037,0.02744424886270965
5511,43,AW19,long sleeve,0.0,0.0,0.017152653639592945
5511,75,AW19,long sleeve,0.0188679245283018,0.0,0.013722121932852225
5475,93,AW19,culottes,0.0,0.0377358490566037,0.029159514726955747
5522,15,AW19,solid color top,0.0188679245283018,0.0,0.03945110990601423
5473,29,AW19,culottes,0.0,0.0188679245283018,0.018773633082280656
5511,35,AW19,long sleeve,0.0,0.0,0.017152653660062533
5387,75,AW19,kimono dress,0.0566037735849056,0.0,0.01029159019737613
5511,81,AW19,long sleeve,0.0,0.0188679245283018,0.01715265364788611
5511,19,AW19,long sleeve,0.0,0.0,0.02744424885257505
5353,39,AW19,long sleeve,0.0,0.0188679245283018,0.010291590198383346
5475,76,AW19,culottes,0.0,0.0,0.025728982987824923
5387,91,AW19,kimono dress,0.0,0.0,0.012006856064310317
5511,15,AW19,long sleeve,0.0,0.0188679245283018,0.02572898299389098
5073,103,AW19,medium coat,0.0377358490566037,0.0377358490566037,0.013722121929684316
5511,7,AW19,long sleeve,0.0,0.0188679245283018,0.015437387793745426
5428,80,AW19,sheath dress,0.0188679245283018,0.0,0.017152653660528764
5428,108,AW19,sheath dress,0.0,0.0,0.015437387795007102
5535,104,AW19,kimono dress,0.0,0.0,0.00013423254378884148
5535,125,AW19,kimono dress,0.0188679245283018,0.0188679245283018,0.015194716613623371
5515,51,AW19,long sleeve,0.0188679245283018,0.0188679245283018,0.018867919528273724
5535,69,AW19,kimono dress,0.0,0.0,0.03945110993323317
5473,76,AW19,culottes,0.0188679245283018,0.0,0.012006856064536484
5473,93,AW19,culottes,0.0188679245283018,0.0,0.005231836235483595
5535,40,AW19,kimono dress,0.0,0.0,0.018625147722417044
5522,5,AW19,solid color top,0.0,0.0377358490566037,0.01886792393694684
5443,10,AW19,long coat,0.0,0.0377358490566037,0.012006856062646138
5535,53,AW19,kimono dress,0.0,0.0,0.018867923850353435
5535,67,AW19,kimono dress,0.0,0.0,0.053173236797244755
5387,108,AW19,kimono dress,0.0,0.0,0.024013720269784374
5515,89,AW19,long sleeve,0.0,0.0188679245283018,0.013722121929997881
5428,36,AW19,sheath dress,0.0,0.0,0.0038764661279955216
5520,15,AW19,doll dress,0.0,0.0188679245283018,0.015142967631461748
5535,85,AW19,kimono dress,0.0,0.0,0.002518013097550112
5428,18,AW19,sheath dress,0.0,0.0188679245283018,0.010291590197065366
5535,72,AW19,kimono dress,0.0,0.0,0.003590949934965627
5473,13,AW19,culottes,0.0188679245283018,0.0188679245283018,0.018867919528834695
5515,22,AW19,long sleeve,0.0377358490566037,0.0,0.012006856063839041
5535,106,AW19,kimono dress,0.0,0.0188679245283018,0.04802744536162642
5535,101,AW19,kimono dress,0.0,0.0,0.03259004646698608
5473,108,AW19,culottes,0.0,0.0,0.027444248861409868
5473,3,AW19,culottes,0.0188679245283018,0.0,0.030874780589538294
5475,38,AW19,culottes,0.0,0.0,0.0016367737548817814
5520,49,AW19,doll dress,0.0188679245283018,0.0188679245283018,0.012006856061094667
4969,77,AW19,long sleeve,0.0,0.0,0.013722121931385303
5395,62,AW19,doll dress,0.0,0.0188679245283018,0.01200685606351471
5473,73,AW19,culottes,0.0188679245283018,0.0,0.02744425406244084
5520,94,AW19,doll dress,0.0,0.0188679245283018,0.0137221281729379
5393,107,AW19,kimono dress,0.0377358490566037,0.0,0.0002767980781402891
5520,75,AW19,doll dress,0.0377358490566037,0.0188679245283018,0.02093378293130968
5535,35,AW19,kimono dress,0.0,0.0,0.0823327565607539
5535,115,AW19,kimono dress,0.0,0.0,0.011031828920850594
5473,121,AW19,culottes,0.0,0.0,0.022298451265661566
5520,56,AW19,doll dress,0.0188679245283018,0.0,0.0020544711969972687
5393,108,AW19,kimono dress,0.0,0.0,0.01715265366317933
5535,21,AW19,kimono dress,0.0,0.0,0.002685697486160495
5473,83,AW19,culottes,0.0,0.0,0.01543738779470285
5393,99,AW19,kimono dress,0.0,0.0377358490566037,0.024013717119295553
5535,63,AW19,kimono dress,0.0,0.0,0.0025775154268857805
5515,20,AW19,long sleeve,0.0188679245283018,0.0188679245283018,0.02058318539364097
5535,59,AW19,kimono dress,0.0,0.0,0.01372212555567575
5473,106,AW19,culottes,0.0,0.0,0.020583185397644758
5387,57,AW19,kimono dress,0.0566037735849056,0.0188679245283018,0.012006856062031876
5535,4,AW19,kimono dress,0.0,0.0,0.018867919528913688
5520,108,AW19,doll dress,0.0377358490566037,0.0566037735849056,0.0565825407692686
5387,59,AW19,kimono dress,0.0,0.0,0.015437387795805634
5535,95,AW19,kimono dress,0.0,0.0,0.05317323683699438
5351,105,AW19,kimono dress,0.0188679245283018,0.0377358490566037,0.01715265836340136
5475,84,AW19,culottes,0.0,0.0,0.02401371713702383
5520,9,AW19,doll dress,0.0188679245283018,0.0377358490566037,0.0068610584623892655
5535,18,AW19,kimono dress,0.0,0.0,0.0010653513678145407
5535,36,AW19,kimono dress,0.0,0.0,0.06518009793087967
5428,101,AW19,sheath dress,0.0377358490566037,0.0188679245283018,0.005145792595924424
5520,73,AW19,doll dress,0.0377358490566037,0.0,0.004107927607189357
5535,81,AW19,kimono dress,0.0377358490566037,0.0,0.002250669004792151
5428,82,AW19,sheath dress,0.0,0.0,0.012006856064261317
5515,47,AW19,long sleeve,0.0188679245283018,0.0,0.0035289583995122098
5515,1,AW19,long sleeve,0.0,0.0377358490566037,0.036445621989709784
5428,85,AW19,sheath dress,0.0,0.0,0.015437387790237277
5429,81,AW19,patterned top,0.0,0.0,0.02401371712207998
5547,12,AW19,kimono dress,0.0,0.0,4.712443720593778e-06
5025,19,AW19,long sleeve,0.0,0.0,0.013722121928497555
5540,20,AW19,culottes,0.0188679245283018,0.0,0.03087478433480239
5540,27,AW19,culottes,0.0188679245283018,0.0,0.008576324330808295
5540,72,AW19,culottes,0.0188679245283018,0.0,0.017152653669235855
5540,53,AW19,culottes,0.0,0.0188679245283018,0.01715265366466341
5540,40,AW19,culottes,0.0,0.0188679245283018,0.027444248862915875
5540,81,AW19,culottes,0.0,0.0,0.022298451263002596
4435,45,AW19,patterned top,0.0188679245283018,0.0188679245283018,0.008576324331462062
5540,36,AW19,culottes,0.0,0.0,0.02058318538839273
5540,46,AW19,culottes,0.0,0.0188679245283018,0.018867923702028486
5540,68,AW19,culottes,0.0,0.0377358490566037,0.015437387789562287
5540,18,AW19,culottes,0.0188679245283018,0.0,0.011180901421267918
5540,0,AW19,culottes,0.0,0.0,0.015437387796553941
5540,103,AW19,culottes,0.0,0.0,0.013722121919999707
5540,8,AW19,culottes,0.0,0.0,0.024013717124554003
5540,59,AW19,culottes,0.0,0.0,0.020583185398183344
5540,21,AW19,culottes,0.0377358490566037,0.0,0.01372212193096659
5540,115,AW19,culottes,0.0188679245283018,0.0,0.01715265365967681
5540,29,AW19,culottes,0.0,0.0,0.01886792383249277
5545,2,AW19,medium coat,0.0,0.0,0.010291590197509503
5545,12,AW19,medium coat,0.0188679245283018,0.0188679245283018,0.018867924528301803
5540,95,AW19,culottes,0.0,0.0188679245283018,0.015437387793730174
5545,10,AW19,medium coat,0.0188679245283018,0.0377358490566037,0.017152653662672046
5540,77,AW19,culottes,0.0188679245283018,0.0,0.017152653669266105
5540,89,AW19,culottes,0.0,0.0,0.020583189843530362
5529,43,AW19,culottes,0.0,0.0,0.018867921793768894
5529,9,AW19,culottes,0.0,0.0377358490566037,0.020583185393638716
5529,108,AW19,culottes,0.0188679245283018,0.0377358490566037,0.041166375785489644
4977,87,AW19,doll dress,0.0,0.0,0.020583185398391473
4938,13,AW19,culottes,0.0,0.0,0.01372212192586142
5540,54,AW19,culottes,0.0188679245283018,0.0,0.018867919524476074
5540,12,AW19,culottes,0.0,0.0377358490566037,0.025728982992682302
5540,7,AW19,culottes,0.0,0.0188679245283018,0.013722121926260496
5540,15,AW19,culottes,0.0,0.0,0.029159514732165923
5540,51,AW19,culottes,0.0566037735849056,0.0,0.022298451266940567
5540,65,AW19,culottes,0.0,0.0,0.017152653661954603
5540,43,AW19,culottes,0.0188679245283018,0.0,0.02229845126206334
4977,108,AW19,doll dress,0.0,0.0,0.010291590196639982
5540,39,AW19,culottes,0.0,0.0,0.020583185394298674
5540,3,AW19,culottes,0.0377358490566037,0.0,0.022298451257524565
5540,5,AW19,culottes,0.0,0.0,0.013722121931939077
5540,99,AW19,culottes,0.0,0.0188679245283018,0.020583185389847047
5540,16,AW19,culottes,0.0,0.0188679245283018,0.017152653658554975
5540,13,AW19,culottes,0.0188679245283018,0.0,0.020583185393594126
5540,22,AW19,culottes,0.0377358490566037,0.0,0.001259343290286755
5540,75,AW19,culottes,0.0,0.0,0.020583185387127553
5545,7,AW19,medium coat,0.0,0.0,0.01372212192786996
5545,31,AW19,medium coat,0.0188679245283018,0.0188679245283018,0.020583192891026798
5545,94,AW19,medium coat,0.0,0.0377358490566037,0.037735848775449714
5536,2,AW19,medium coat,0.0377358490566037,0.0754716981132075,0.01886791952945369
5381,32,AW19,long sleeve,0.0188679245283018,0.0188679245283018,0.012006856064117475
5536,31,AW19,medium coat,0.0754716981132075,0.0188679245283018,0.012006856068147305
5536,19,AW19,medium coat,0.0188679245283018,0.0754716981132075,0.035361433216393165
5536,75,AW19,medium coat,0.0188679245283018,0.0566037735849056,0.03628215068350441
5381,95,AW19,long sleeve,0.0188679245283018,0.0,0.008576324330166704
5536,80,AW19,medium coat,0.0,0.0188679245283018,0.020583189020081365
5536,73,AW19,medium coat,0.0,0.0377358490566037,0.041718427145901626
5536,3,AW19,medium coat,0.0188679245283018,0.0377358490566037,0.017152659461211896
5536,30,AW19,medium coat,0.0188679245283018,0.0377358490566037,0.020583185390492253
5536,108,AW19,medium coat,0.0566037735849056,0.0377358490566037,0.025728982986553448
5536,51,AW19,medium coat,0.0,0.0943396226415094,0.04770531564235046
5536,87,AW19,medium coat,0.0,0.0943396226415094,0.0558192186548863
5536,20,AW19,medium coat,0.0,0.0188679245283018,0.008576324334395436
5536,74,AW19,medium coat,0.0,0.0566037735849056,0.044907651119391004
5536,57,AW19,medium coat,0.1320754716981132,0.0188679245283018,0.015437391428839847
5536,115,AW19,medium coat,0.0566037735849056,0.0754716981132075,0.02058318540010446
5448,108,AW19,medium coat,0.0,0.0188679245283018,0.027444248859633084
5448,87,AW19,medium coat,0.0188679245283018,0.0,0.029159514723279736
4970,88,AW19,long coat,0.0,0.0,0.018867919535334007
5536,76,AW19,medium coat,0.0377358490566037,0.0188679245283018,0.015437387787748898
5545,41,AW19,medium coat,0.0,0.0,0.0038844930760704036
5381,16,AW19,long sleeve,0.0,0.0,0.01715265367143642
5545,29,AW19,medium coat,0.0,0.0188679245283018,0.020583185396478777
5545,19,AW19,medium coat,0.0188679245283018,0.0,0.01886791952863315
5545,75,AW19,medium coat,0.0,0.0,0.020583185387109314
5545,80,AW19,medium coat,0.0,0.0,0.030874780591979716
5545,73,AW19,medium coat,0.0,0.0,0.017152653663130714
5545,108,AW19,medium coat,0.0,0.0188679245283018,0.02744424886367867
5545,5,AW19,medium coat,0.0,0.0,0.02058318539854094
5545,99,AW19,medium coat,0.0,0.0,0.015437387793435852
5545,56,AW19,medium coat,0.0188679245283018,0.0,0.01543739450111093
5545,93,AW19,medium coat,0.0188679245283018,0.0,0.008576324332860916
5545,33,AW19,medium coat,0.0377358490566037,0.0188679245283018,0.010291590196453688
5545,24,AW19,medium coat,0.0188679245283018,0.0377358490566037,0.02229845484753387
5545,77,AW19,medium coat,0.0188679245283018,0.0377358490566037,0.020583185392267955
5545,107,AW19,medium coat,0.0188679245283018,0.0,0.020583185397730026
5545,67,AW19,medium coat,0.0,0.0188679245283018,0.010291590197003507
5545,74,AW19,medium coat,0.0,0.0,0.020583185408508075
5545,69,AW19,medium coat,0.0188679245283018,0.0,0.012006856065048506
5545,95,AW19,medium coat,0.0,0.0188679245283018,0.015437387799689131
5545,8,AW19,medium coat,0.0188679245283018,0.0377358490566037,0.02229845125614424
5545,104,AW19,medium coat,0.0,0.0188679245283018,0.020583185390476235
5381,88,AW19,long sleeve,0.0188679245283018,0.0377358490566037,0.020583185398562326
5381,3,AW19,long sleeve,0.0,0.0,0.017152653664565712
5529,15,AW19,culottes,0.0,0.0377358490566037,0.02229845727021027
5462,49,AW19,medium coat,0.0,0.0377358490566037,0.029159514724648356
4900,108,AW19,culottes,0.0,0.0,0.000626969028152262
4925,30,AW19,culottes,0.0188679245283018,0.0,0.01372212192933997
5441,102,AW19,long dress,0.0,0.0188679245283018,0.015437387796500642
5441,125,AW19,long dress,0.0377358490566037,0.0,0.01029159019667953
5467,7,AW19,sleeveless,0.0,0.0,0.004374309778551556
5467,14,AW19,sleeveless,0.0,0.0188679245283018,0.010291590197489481
5467,92,AW19,sleeveless,0.0188679245283018,0.0,0.012006856064664772
5467,80,AW19,sleeveless,0.0,0.0,0.02058318538867833
5467,9,AW19,sleeveless,0.0,0.0188679245283018,0.01372212192790569
5467,117,AW19,sleeveless,0.0,0.0,0.008576324330857837
5467,106,AW19,sleeveless,0.0566037735849056,0.0188679245283018,0.013963148011774555
5441,21,AW19,long dress,0.0,0.0,0.01715265366059909
5467,72,AW19,sleeveless,0.0,0.0,0.0037364874251105567
5467,21,AW19,sleeveless,0.0,0.0,0.017152653659181717
5467,125,AW19,sleeveless,0.0,0.0,0.010291590197255585
5467,29,AW19,sleeveless,0.0,0.0,0.0028598011191703788
5340,108,AW19,culottes,0.0377358490566037,0.0,0.012006856062704555
5495,96,AW19,solid color top,0.0,0.0,0.013722121925766722
5495,19,AW19,solid color top,0.0,0.0377358490566037,0.018867919526518617
5495,75,AW19,solid color top,0.0,0.0,0.01372212617966372
5495,3,AW19,solid color top,0.0,0.0,0.018867919527256374
5495,108,AW19,solid color top,0.0,0.0,0.020583185382437617
5467,103,AW19,sleeveless,0.0,0.0,0.012006856064020098
5495,93,AW19,solid color top,0.0,0.0,0.007097054513278183
5441,100,AW19,long dress,0.0,0.0188679245283018,0.014252170295290655
5441,103,AW19,long dress,0.0,0.0,0.004838051808280204
5463,0,AW19,sheath dress,0.0188679245283018,0.0,0.010291590197626876
5463,8,AW19,sheath dress,0.0188679245283018,0.0188679245283018,0.02058318539183266
5463,21,AW19,sheath dress,0.0,0.0,0.00946067946588009
5463,104,AW19,sheath dress,0.0,0.0377358490566037,0.024013717106474083
5464,22,AW19,sheath dress,0.0,0.0,0.013481228204792708
5464,83,AW19,sheath dress,0.0,0.0188679245283018,0.006861058462806259
5464,85,AW19,sheath dress,0.0,0.0,0.0050398141234679755
5464,121,AW19,sheath dress,0.0188679245283018,0.0,0.003224489575673
5464,35,AW19,sheath dress,0.0,0.0,0.015437387794443123
5441,63,AW19,long dress,0.0,0.0188679245283018,0.012006856064282994
5464,36,AW19,sheath dress,0.0,0.0377358490566037,0.022298451263568934
5441,7,AW19,long dress,0.0,0.0,0.0004617842617652649
5441,75,AW19,long dress,0.0,0.0188679245283018,0.015437387792628605
5441,79,AW19,long dress,0.0,0.0,0.015437387796341977
5441,39,AW19,long dress,0.0,0.0,0.01715265366295485
5441,110,AW19,long dress,0.0,0.0188679245283018,0.01886791952100359
5441,22,AW19,long dress,0.0,0.0,4.189520785213355e-18
5441,51,AW19,long dress,0.0,0.0188679245283018,0.01422156003896145
5441,1,AW19,long dress,0.0377358490566037,0.0188679245283018,0.017152653660353588
5441,36,AW19,long dress,0.0,0.0,0.030874780583873426
5464,29,AW19,sheath dress,0.0,0.0,0.022298451260918416
5495,76,AW19,solid color top,0.0566037735849056,0.0188679245283018,0.010291590198017505
5495,77,AW19,solid color top,0.0188679245283018,0.0,0.000472503379748144
5495,83,AW19,solid color top,0.0,0.0,0.00869496162709699
5549,5,AW19,short coat,0.0,0.0188679245283018,0.013722121929893232
5549,28,AW19,short coat,0.0,0.0188679245283018,0.010291590197356608
5549,16,AW19,short coat,0.0,0.0188679245283018,0.010687865160473091
5549,22,AW19,short coat,0.0,0.0188679245283018,0.015437391275378501
5549,89,AW19,short coat,0.0,0.0188679245283018,0.017152653661263575
5549,87,AW19,short coat,0.0188679245283018,0.0,0.00433944774422901
5549,68,AW19,short coat,0.0,0.0,0.013722121932271004
5549,1,AW19,short coat,0.0,0.0,0.02058318539295162
5549,42,AW19,short coat,0.0,0.0,0.015437391540855083
5549,108,AW19,short coat,0.0188679245283018,0.0377358490566037,0.017152653661533908
5549,83,AW19,short coat,0.0,0.0,0.0054201815841249815
5549,36,AW19,short coat,0.0377358490566037,0.0377358490566037,0.02401371712345156
5549,46,AW19,short coat,0.0,0.0,0.01886791953433288
5549,18,AW19,short coat,0.0,0.0,0.0038701542911430535
5549,95,AW19,short coat,0.0,0.0,0.015437387797307339
5549,64,AW19,short coat,0.0,0.0188679245283018,0.017152653660927344
5549,41,AW19,short coat,0.0,0.0,0.018867919527429906
4979,102,AW19,culottes,0.0,0.0188679245283018,0.010291590198383346
5409,57,AW19,culottes,0.0,0.0188679245283018,0.008576324333037073
5409,64,AW19,culottes,0.0,0.0377358490566037,0.013722121931701267
5549,35,AW19,short coat,0.0188679245283018,0.0,0.008576324331150792
5549,73,AW19,short coat,0.0,0.0188679245283018,0.0171526536625317
5549,80,AW19,short coat,0.0,0.0,0.013722121926919573
5549,43,AW19,short coat,0.0,0.0188679245283018,0.01543739227128364
5495,81,AW19,solid color top,0.0188679245283018,0.0188679245283018,0.022298451260699795
5495,95,AW19,solid color top,0.0188679245283018,0.0377358490566037,0.015437387795793886
5495,104,AW19,solid color top,0.0377358490566037,0.0754716981132075,0.01715265672130718
4845,13,AW19,sleeveless,0.0,0.0,0.01372212192987878
5444,31,AW19,long sleeve,0.0,0.0,0.01200685606517319
5444,93,AW19,long sleeve,0.0,0.0,0.015437387794126218
5444,33,AW19,long sleeve,0.0,0.0188679245283018,0.010291590197355873
5444,77,AW19,long sleeve,0.0,0.0188679245283018,0.012006856063086652
5444,87,AW19,long sleeve,0.0188679245283018,0.0188679245283018,0.012006856063631296
5444,85,AW19,long sleeve,0.0188679245283018,0.0188679245283018,0.00857632433136619
4980,83,AW19,long sleeve,0.0377358490566037,0.0,0.008576324337494657
4980,41,AW19,long sleeve,0.0,0.0,0.013722121929339953
5549,30,AW19,short coat,0.0188679245283018,0.0,0.015437387795991322
5549,12,AW19,short coat,0.0377358490566037,0.0566037735849056,0.02744424885185801
5549,10,AW19,short coat,0.0,0.0,0.006821174082913597
5549,15,AW19,short coat,0.0,0.0377358490566037,0.012006856062881998
5549,31,AW19,short coat,0.0,0.0,0.020583185396631933
5549,94,AW19,short coat,0.0,0.0,0.018867919542136687
5549,19,AW19,short coat,0.0,0.0,0.02058318539208656
5549,48,AW19,short coat,0.0,0.0,0.012006856063121059
5549,86,AW19,short coat,0.0188679245283018,0.0,0.01886791953410868
4925,108,AW19,culottes,0.0,0.0,0.010291590197898545
5462,51,AW19,medium coat,0.0,0.0,0.01543738779381356
5462,68,AW19,medium coat,0.0,0.0,0.012006856066581965
5462,83,AW19,medium coat,0.0188679245283018,0.0188679245283018,0.017152653663026974
5447,73,AW19,solid color top,0.0,0.0,0.01200685606167047
5447,29,AW19,solid color top,0.0,0.0,0.013722121929273376
5045,22,AW19,solid color top,0.0,0.0188679245283018,0.008987013244595774
5057,15,AW19,solid color top,0.0,0.0377358490566037,0.012006856062909412
5057,29,AW19,solid color top,0.0,0.0,0.012006856062987277
5449,103,AW19,medium coat,0.0,0.0188679245283018,0.012006856062661476
5449,4,AW19,medium coat,0.0,0.0188679245283018,0.010291590198017505
4591,89,AW19,patterned top,0.0188679245283018,0.0188679245283018,0.010291590197587583
5492,49,AW19,solid color top,0.0188679245283018,0.0,0.01372212193180391
5447,75,AW19,solid color top,0.0,0.0,0.012006856061920099
5492,75,AW19,solid color top,0.0,0.0,0.015437387791835936
5449,39,AW19,medium coat,0.0,0.0188679245283018,0.01715265365868609
5492,73,AW19,solid color top,0.0,0.0,0.013722126076909442
5449,94,AW19,medium coat,0.0188679245283018,0.0,0.013722121934466591
5451,23,AW19,medium coat,0.0,0.0,0.012006856063803549
5492,33,AW19,solid color top,0.0,0.0,0.0009347983751625742
5451,50,AW19,medium coat,0.0188679245283018,0.0377358490566037,0.03324700239104546
5451,13,AW19,medium coat,0.0,0.0188679245283018,0.018867923992027975
5451,3,AW19,medium coat,0.0566037735849056,0.0377358490566037,0.015437387796165143
5451,9,AW19,medium coat,0.0,0.0,0.012006856064046325
5449,13,AW19,medium coat,0.0,0.0,0.00029045469104535445
5492,83,AW19,solid color top,0.0188679245283018,0.0,0.018867924526232233
5490,44,AW19,culottes,0.0,0.0188679245283018,0.01029159019684554
5490,108,AW19,culottes,0.0,0.0,0.0004257447560055696
5542,14,AW19,kimono dress,0.0,0.0,0.002054600873796741
5542,56,AW19,kimono dress,0.0,0.0,0.0006125387251404325
5542,51,AW19,kimono dress,0.0,0.0566037735849056,0.020583185397071012
5542,77,AW19,kimono dress,0.0,0.0,0.020583185396859726
5542,68,AW19,kimono dress,0.0,0.0188679245283018,0.029159514726151796
5542,81,AW19,kimono dress,0.0,0.0,0.004294774701363951
5542,36,AW19,kimono dress,0.0,0.0,0.0005660961418784405
5542,95,AW19,kimono dress,0.0,0.0,0.0005816041769236314
4985,87,AW19,doll dress,0.0,0.0,0.011339884638613828
5490,77,AW19,culottes,0.0,0.0,0.013722121941821335
5542,0,AW19,kimono dress,0.0,0.0,0.008776910522653848
5542,115,AW19,kimono dress,0.0188679245283018,0.0,0.012006856060611885
5542,64,AW19,kimono dress,0.0,0.0,0.013722121930781093
5542,41,AW19,kimono dress,0.0,0.0,0.01886791952994858
4987,65,AW19,long dress,0.0188679245283018,0.0,0.005145792597242314
4981,8,AW19,doll dress,0.0,0.0,0.010291590199176128
4985,108,AW19,doll dress,0.0188679245283018,0.0188679245283018,0.03879739982878868
5490,7,AW19,culottes,0.0,0.0,0.00340922766888154
5490,94,AW19,culottes,0.0,0.0,0.012006856061482512
5490,88,AW19,culottes,0.0,0.0,0.007175622751283538
5542,8,AW19,kimono dress,0.0,0.0,0.015437387795614382
5451,15,AW19,medium coat,0.0,0.0,0.017152653660589573
4950,4,AW19,medium coat,0.0,0.0,0.006182729713695149
5492,104,AW19,solid color top,0.0,0.0377358490566037,0.025728982996666597
5459,74,AW19,culottes,0.0,0.0,0.012006856060016351
4950,54,AW19,medium coat,0.0377358490566037,0.0188679245283018,0.018867923995997394
5459,81,AW19,culottes,0.0188679245283018,0.0377358490566037,0.023558014744423584
4733,19,AW19,drop sleeve,0.0,0.0188679245283018,0.01029159019732174
5459,90,AW19,culottes,0.0188679245283018,0.0188679245283018,0.017152653660275536
5454,2,AW19,culottes,0.0,0.0188679245283018,0.01372212192975643
5454,14,AW19,culottes,0.0,0.0,0.01886791952646275
5454,108,AW19,culottes,0.0,0.0,0.022298451268284402
5454,22,AW19,culottes,0.0,0.0,0.013722121928761571
5459,13,AW19,culottes,0.0,0.0,0.01715265366112735
5454,83,AW19,culottes,0.0,0.0,0.017152653659231888
4839,74,AW19,culottes,0.0188679245283018,0.0188679245283018,0.012006856062524466
4758,74,AW19,culottes,0.0188679245283018,0.0,2.8115399316861873e-10
5468,54,AW19,culottes,0.0,0.0188679245283018,0.013722121929076691
5468,10,AW19,culottes,0.0,0.0377358490566037,0.037735849056587605
5468,108,AW19,culottes,0.0,0.0566037735849056,0.04669883851985958
5046,13,AW19,medium coat,0.0,0.0754716981132075,0.07547169726974554
5046,26,AW19,medium coat,0.0,0.0,0.015205336284433395
5073,19,AW19,medium coat,0.0,0.0754716981132075,0.07547169811320749
5073,22,AW19,medium coat,0.0188679245283018,0.0377358490566037,0.015437387797593355
5454,41,AW19,culottes,0.0,0.0,0.017152657142534975
4950,48,AW19,medium coat,0.0,0.0,0.013722121925107989
5459,99,AW19,culottes,0.0,0.0188679245283018,0.009947404656708802
5459,66,AW19,culottes,0.0,0.0188679245283018,0.012006856063040753
5505,91,AW19,sleeveless,0.0188679245283018,0.0,0.012006856060967195
5505,105,AW19,sleeveless,0.0,0.0,0.0003330327133866915
5505,13,AW19,sleeveless,0.0,0.0,0.0006788962969056506
5505,83,AW19,sleeveless,0.0188679245283018,0.0,0.003165400616413862
5505,40,AW19,sleeveless,0.0,0.0,0.006289427780528278
5493,7,AW19,sleeveless,0.0,0.0,0.020583188355257048
5493,105,AW19,sleeveless,0.0,0.0,0.013722125748680048
5493,80,AW19,sleeveless,0.0,0.0,0.025728983006318793
5493,3,AW19,sleeveless,0.0,0.0,0.017152653663110015
5493,93,AW19,sleeveless,0.0,0.0,0.004906679425036344
5493,76,AW19,sleeveless,0.0,0.0188679245283018,0.018867919529328418
5408,90,AW19,long sleeve,0.0,0.0188679245283018,0.012006856064311943
5493,109,AW19,sleeveless,0.0,0.0,0.013722121925428226
5493,83,AW19,sleeveless,0.0,0.0,0.01886791952490647
5408,23,AW19,long sleeve,0.0566037735849056,0.0188679245283018,0.01029159019695653
4950,101,AW19,medium coat,0.0,0.0,0.012698094096732978
4844,21,AW19,doll dress,0.0,0.0,0.005777554162910219
5060,65,AW19,culottes,0.0,0.0,0.013722121926446203
5459,96,AW19,culottes,0.0188679245283018,0.0,0.020583185394481854
5459,15,AW19,culottes,0.0,0.0,0.02915951473077365
4950,108,AW19,medium coat,0.0,0.0,0.0171526536627594
5542,65,AW19,kimono dress,0.0,0.0,0.0015973783876504703
5542,31,AW19,kimono dress,0.0,0.0,0.004459922443092265
5542,15,AW19,kimono dress,0.0,0.0188679245283018,0.013722121927446575
5542,12,AW19,kimono dress,0.0,0.0,0.0003770273660360648
5524,7,AW19,sleeveless,0.0,0.0,0.025728986334702292
5524,108,AW19,sleeveless,0.0,0.0377358490566037,0.02401371711118557
5524,35,AW19,sleeveless,0.0,0.0,0.004828191767809586
5482,12,AW19,sleeveless,0.0,0.0188679245283018,0.025728982984018805
5482,10,AW19,sleeveless,0.0188679245283018,0.0188679245283018,0.01715265366235244
5482,105,AW19,sleeveless,0.0188679245283018,0.0188679245283018,0.022298451257329783
5482,19,AW19,sleeveless,0.0188679245283018,0.0,9.137416537257559e-12
5482,108,AW19,sleeveless,0.0,0.0,0.020583190780557217
5482,56,AW19,sleeveless,0.0188679245283018,0.0,0.008576324331490045
5524,10,AW19,sleeveless,0.0,0.0188679245283018,0.018867919529727748
5482,13,AW19,sleeveless,0.0,0.0188679245283018,0.011797387488669913
5482,26,AW19,sleeveless,0.0188679245283018,0.0,0.00857632433135105
5523,19,AW19,sleeveless,0.0188679245283018,0.0,0.01029159020378369
5523,43,AW19,sleeveless,0.0,0.0,0.0023116658061553027
5523,89,AW19,sleeveless,0.0566037735849056,0.0,0.00445079671034139
5523,1,AW19,sleeveless,0.0188679245283018,0.0377358490566037,0.03754726616374279
5523,53,AW19,sleeveless,0.0,0.0,0.0051269083587138515
5523,40,AW19,sleeveless,0.0,0.0,0.013722121930145591
5334,50,AW19,long sleeve,0.0,0.0,0.014762726459316795
5334,87,AW19,long sleeve,0.0188679245283018,0.0,0.013722121925817227
5482,53,AW19,sleeveless,0.0188679245283018,0.0188679245283018,0.01841758108808984
5524,12,AW19,sleeveless,0.0,0.0,0.02401371712743795
5419,47,AW19,sleeveless,0.0,0.0,0.013722126827646218
5419,87,AW19,sleeveless,0.0188679245283018,0.0,0.013722121909476576
5462,85,AW19,medium coat,0.0188679245283018,0.0,0.02229845670924656
5462,121,AW19,medium coat,0.0,0.0,0.013722121931144322
5471,94,AW19,medium coat,0.0,0.0,0.024013717126697202
5471,80,AW19,medium coat,0.0,0.0,0.02572898299145023
5471,108,AW19,medium coat,0.0,0.0,0.037735849396301896
5471,5,AW19,medium coat,0.0,0.0188679245283018,0.02572898299793278
5471,22,AW19,medium coat,0.0,0.0,0.012006856063072608
5471,101,AW19,medium coat,0.0,0.0188679245283018,0.008955227385948915
5471,26,AW19,medium coat,0.0377358490566037,0.0,0.012006856063108187
5471,103,AW19,medium coat,0.0188679245283018,0.0188679245283018,0.036770876905034944
5471,8,AW19,medium coat,0.0,0.0,0.022298451249011073
5471,115,AW19,medium coat,0.0,0.0,0.012006856063468798
5471,125,AW19,medium coat,0.0,0.0188679245283018,0.010291590197483033
5462,26,AW19,medium coat,0.0,0.0,0.017152653661954235
5462,90,AW19,medium coat,0.0,0.0188679245283018,0.02058318539601753
5462,57,AW19,medium coat,0.0,0.0,0.02058318539473517
5450,54,AW19,medium coat,0.0,0.0,0.01372212193018991
5450,108,AW19,medium coat,0.0,0.0,0.00016330368125010847
5450,76,AW19,medium coat,0.0188679245283018,0.0377358490566037,0.017152653664420727
5419,10,AW19,sleeveless,0.0188679245283018,0.0,0.018867919516932067
5419,108,AW19,sleeveless,0.0,0.1132075471698113,0.11320754660750332
5334,8,AW19,long sleeve,0.0,0.0188679245283018,0.017152653661983555
5335,88,AW19,shirt dress,0.0,0.0,0.010291590197411996
5334,23,AW19,long sleeve,0.0377358490566037,0.0,0.004015381551705563
5548,12,AW19,kimono dress,0.0,0.0188679245283018,0.0566037685971937
5541,48,AW19,kimono dress,0.0,0.0,0.0069120039722419405
5541,14,AW19,kimono dress,0.0,0.0188679245283018,0.017152653658795182
5541,43,AW19,kimono dress,0.0,0.0377358490566037,0.02915951473328268
5541,73,AW19,kimono dress,0.0188679245283018,0.0,0.0009829947337048474
5541,3,AW19,kimono dress,0.0,0.0,0.02058318539617778
5541,108,AW19,kimono dress,0.0,0.0,0.0018023750734132062
5541,99,AW19,kimono dress,0.0,0.0188679245283018,0.010291594898927146
5541,16,AW19,kimono dress,0.0,0.0,0.004776495557850746
5541,22,AW19,kimono dress,0.0,0.0188679245283018,0.013722127151153962
5541,19,AW19,kimono dress,0.0,0.0,0.02058318829913271
5541,51,AW19,kimono dress,0.0,0.0,0.003469026918200144
5541,82,AW19,kimono dress,0.0,0.0,0.018867924613453563
5541,26,AW19,kimono dress,0.0,0.0,0.015437387796009512
5541,46,AW19,kimono dress,0.0,0.0,0.024013717109837244
5541,18,AW19,kimono dress,0.0,0.0,0.03773584406952864
5541,0,AW19,kimono dress,0.0,0.0188679245283018,0.01029159019718814
5541,4,AW19,kimono dress,0.0,0.0,0.012006856063110976
5541,8,AW19,kimono dress,0.0,0.0,0.005438376355765534
5541,41,AW19,kimono dress,0.0188679245283018,0.0,0.017152653657785902
5542,2,AW19,kimono dress,0.0,0.0377358490566037,0.01715265366485659
5541,42,AW19,kimono dress,0.0377358490566037,0.0943396226415094,0.029159514718485807
5541,31,AW19,kimono dress,0.0,0.0,0.0017378991269628753
5541,15,AW19,kimono dress,0.0188679245283018,0.0,0.010291590198011031
5541,7,AW19,kimono dress,0.0,0.0188679245283018,0.015437387795724686
5548,7,AW19,kimono dress,0.0188679245283018,0.0188679245283018,0.013924815927473723
5548,15,AW19,kimono dress,0.0,0.0188679245283018,0.013722121925983533
5548,31,AW19,kimono dress,0.0,0.0188679245283018,0.01200685606348634
5548,94,AW19,kimono dress,0.0,0.0188679245283018,0.015437393865196733
5548,14,AW19,kimono dress,0.0,0.0,0.025728982986997148
5548,3,AW19,kimono dress,0.0566037735849056,0.0566037735849056,0.04406205075998139
5548,108,AW19,kimono dress,0.0,0.0188679245283018,0.013722127302421673
5548,28,AW19,kimono dress,0.0,0.0,0.0075862898153702335
5548,13,AW19,kimono dress,0.0,0.0188679245283018,0.024013717128413856
5548,93,AW19,kimono dress,0.0188679245283018,0.0188679245283018,0.010291590195814417
5548,33,AW19,kimono dress,0.0,0.0,0.0008591223886045152
5548,24,AW19,kimono dress,0.0,0.0,0.01886791953164833
5548,20,AW19,kimono dress,0.0,0.0,0.005190850752593258
5548,67,AW19,kimono dress,0.0,0.0,0.020583189254906414
5548,36,AW19,kimono dress,0.0,0.0,0.017152653664949582
5548,26,AW19,kimono dress,0.0,0.0,0.013722121932194985
5548,18,AW19,kimono dress,0.0,0.0,0.02401371712650707
5548,95,AW19,kimono dress,0.0,0.0,0.015437387793477643
5548,104,AW19,kimono dress,0.0377358490566037,0.0,0.008576324331041357
5541,30,AW19,kimono dress,0.0,0.0,0.006009098963659466
5541,12,AW19,kimono dress,0.0188679245283018,0.0754716981132075,0.0668953637884463
5548,2,AW19,kimono dress,0.0,0.0188679245283018,0.015437387795190367
5463,35,AW19,sheath dress,0.0,0.0,0.020583185388173483
5463,69,AW19,sheath dress,0.0,0.0,0.01372212192727716
5463,32,AW19,sheath dress,0.0188679245283018,0.0,0.006861058465781081
5532,85,AW19,kimono dress,0.0,0.0,0.039451109921832796
5532,72,AW19,kimono dress,0.0,0.0,0.022298451261298025
5532,83,AW19,kimono dress,0.0,0.0188679245283018,0.018867919527104395
5532,106,AW19,kimono dress,0.0377358490566037,0.0566037735849056,0.03602058426677843
5532,61,AW19,kimono dress,0.0188679245283018,0.0188679245283018,0.02915951472120959
5532,101,AW19,kimono dress,0.0,0.0,0.022298451260225564
5532,20,AW19,kimono dress,0.0,0.0,0.0019904056044503797
5532,1,AW19,kimono dress,0.0377358490566037,0.0566037735849056,0.0651800979230843
5532,68,AW19,kimono dress,0.0,0.0188679245283018,0.02401371712345441
5532,40,AW19,kimono dress,0.0,0.0,0.05488850780121908
5532,77,AW19,kimono dress,0.0,0.0,0.036020583813706084
5532,76,AW19,kimono dress,0.0,0.0,0.029159514740839092
5532,24,AW19,kimono dress,0.0188679245283018,0.0188679245283018,0.015437387795968571
5532,45,AW19,kimono dress,0.0,0.0,0.007003428664275845
5532,52,AW19,kimono dress,0.0,0.0,4.189520910070807e-18
5532,22,AW19,kimono dress,0.0377358490566037,0.0,5.623079653896349e-10
5532,93,AW19,kimono dress,0.0,0.0,0.02401372035565806
5532,13,AW19,kimono dress,0.0,0.0,0.01376753107968828
5532,16,AW19,kimono dress,0.0,0.0,4.189520785213358e-18
5532,99,AW19,kimono dress,0.0,0.0,1.889764263379554e-12
5532,51,AW19,kimono dress,0.0,0.0,0.053173236833577
5532,108,AW19,kimono dress,0.0,0.0188679245283018,0.07204116121954915
5532,35,AW19,kimono dress,0.0,0.0,0.023312670078890586
5532,36,AW19,kimono dress,0.0,0.0,0.027444248854552163
5533,15,AW19,kimono dress,0.0377358490566037,0.0377358490566037,0.051457974118819624
5533,7,AW19,kimono dress,0.0,0.0,0.03602057818446672
5533,10,AW19,kimono dress,0.0,0.0188679245283018,0.037735844049764905
5533,12,AW19,kimono dress,0.0188679245283018,0.0566037735849056,0.0642927837999484
5533,2,AW19,kimono dress,0.0,0.0566037735849056,0.07718698537822383
5533,62,AW19,kimono dress,0.0,0.0,0.01715265366070526
5533,30,AW19,kimono dress,0.0,0.0,0.07547169905541613
5533,96,AW19,kimono dress,0.0,0.0,0.01886791952875376
5532,41,AW19,kimono dress,0.0,0.0,8.13896585211779e-07
5532,81,AW19,kimono dress,0.0,0.0,0.022298451253842333
5532,64,AW19,kimono dress,0.0754716981132075,0.0,0.022298451265821907
5532,125,AW19,kimono dress,0.0,0.0,0.04631217336734748
5532,115,AW19,kimono dress,0.0943396226415094,0.0,0.05317323683313744
5532,102,AW19,kimono dress,0.0377358490566037,0.0188679245283018,0.008576324331136215
5532,63,AW19,kimono dress,0.0,0.0,0.04631217336851174
5532,59,AW19,kimono dress,0.0,0.0,0.009061429548085162
5532,4,AW19,kimono dress,0.0188679245283018,0.0377358490566037,0.017152653662540252
5532,95,AW19,kimono dress,0.0,0.0,0.000510039329773109
5532,18,AW19,kimono dress,0.0,0.0,0.03430531641100971
5532,46,AW19,kimono dress,0.0,0.0,0.017152653664352403
5532,29,AW19,kimono dress,0.0,0.0,0.005895911346980503
5532,3,AW19,kimono dress,0.0,0.0,0.03602057819731206
5532,110,AW19,kimono dress,0.0,0.0,1.3861962097343681e-41
5532,9,AW19,kimono dress,0.0,0.0,0.0075337231537025194
5489,49,AW19,long sleeve,0.0,0.0,0.013722121927916
5350,31,AW19,solid color top,0.0,0.0188679245283018,0.013722125582130245
5350,46,AW19,solid color top,0.0,0.0,0.01715265366108074
5461,108,AW19,long coat,0.0,0.0566037735849056,0.038009863504025895
5461,63,AW19,long coat,0.0,0.0,0.013722129429338911
5043,108,AW19,short sleeves,0.0,0.0,8.020065196485318e-07
4613,105,AW19,short sleeves,0.0188679245283018,0.0188679245283018,0.025415282014817978
4593,51,AW19,sleeveless,0.0377358490566037,0.0377358490566037,0.029159514709925154
4593,82,AW19,sleeveless,0.0377358490566037,0.0,0.008576324333422501
5489,94,AW19,long sleeve,0.0,0.0188679245283018,0.018867919527562397
5458,30,AW19,sleeveless,0.0,0.0,2.766941435597492e-05
5458,65,AW19,sleeveless,0.0,0.0,0.018867919528746016
5458,14,AW19,sleeveless,0.0,0.0,0.0002533479821152852
5458,3,AW19,sleeveless,0.0,0.0,0.012006856062984588
5458,89,AW19,sleeveless,0.0188679245283018,0.0,0.010291590197459007
5458,69,AW19,sleeveless,0.0,0.0,0.013722121930213901
5458,81,AW19,sleeveless,0.0,0.0,0.007837562108713142
5458,36,AW19,sleeveless,0.0,0.0,0.01372212193241415
5458,100,AW19,sleeveless,0.0,0.0188679245283018,0.01200685606353259
5457,41,AW19,long duster,0.0566037735849056,0.0,0.013722125296850105
5458,10,AW19,sleeveless,0.0,0.0,0.01715265366317235
5489,84,AW19,long sleeve,0.0,0.0,0.013722121928279938
5489,4,AW19,long sleeve,0.0,0.0,0.012006856061527823
5489,41,AW19,long sleeve,0.0,0.0,0.0001690043179854188
5532,80,AW19,kimono dress,0.0,0.0,0.07375642725219674
5532,39,AW19,kimono dress,0.0,0.0,0.044596907537158705
5532,86,AW19,kimono dress,0.0,0.0,0.07375643076245418
5532,14,AW19,kimono dress,0.0,0.0,0.030874780582731635
5532,60,AW19,kimono dress,0.0,0.0188679245283018,0.01715265366478817
5532,75,AW19,kimono dress,0.0,0.0,0.017152653653429644
5532,19,AW19,kimono dress,0.0,0.0,0.05831903435521538
5532,105,AW19,kimono dress,0.0188679245283018,0.0188679245283018,0.02810395136759662
5532,94,AW19,kimono dress,0.0,0.0,1.2485745560270272e-25
5532,65,AW19,kimono dress,0.0,0.0,0.03602057818494656
5532,31,AW19,kimono dress,0.0,0.0,4.160220420616974e-06
5532,91,AW19,kimono dress,0.0188679245283018,0.0,0.032590046469776805
5532,15,AW19,kimono dress,0.0,0.0,0.03430531234309122
5532,7,AW19,kimono dress,0.0,0.0,6.242872919674196e-26
5532,10,AW19,kimono dress,0.0377358490566037,0.0188679245283018,0.02915951473207836
5532,12,AW19,kimono dress,0.0,0.0,2.4971491027514516e-25
5532,2,AW19,kimono dress,0.0,0.0566037735849056,0.08233275655615373
5532,62,AW19,kimono dress,0.0188679245283018,0.0,0.0010223431150254575
5532,54,AW19,kimono dress,0.0,0.0188679245283018,0.03430531231248822
5532,30,AW19,kimono dress,0.0,0.0,0.007950643476565822
5532,96,AW19,kimono dress,0.0,0.0,0.02572898774360908
5533,31,AW19,kimono dress,0.0,0.0188679245283018,0.018867919527119897
5533,65,AW19,kimono dress,0.0,0.0,0.00843917829180966
5533,94,AW19,kimono dress,0.0,0.0,0.0028294468911627666
5533,105,AW19,kimono dress,0.0188679245283018,0.0,0.05145797099361946
5535,39,AW19,kimono dress,0.0,0.0,0.0010981298651690774
5535,43,AW19,kimono dress,0.0,0.0,0.07204116135306847
5535,86,AW19,kimono dress,0.0,0.0188679245283018,0.042881641666013465
5535,79,AW19,kimono dress,0.0,0.0,0.018867919530658358
5535,14,AW19,kimono dress,0.0,0.0,0.004437082768150973
5535,75,AW19,kimono dress,0.0,0.0,0.024013717123804124
5535,19,AW19,kimono dress,0.0,0.0,0.015143061841879251
5535,105,AW19,kimono dress,0.0,0.0,4.1895209100708095e-18
5535,94,AW19,kimono dress,0.0,0.0,0.0005986626058483466
5535,80,AW19,kimono dress,0.0,0.0,0.06003430028850483
5535,65,AW19,kimono dress,0.0,0.0,0.006602481653954387
5535,91,AW19,kimono dress,0.0,0.0,0.032590046443714424
5535,15,AW19,kimono dress,0.0,0.0188679245283018,0.06861062951694163
5535,7,AW19,kimono dress,0.0,0.0,0.04631217333722268
5535,49,AW19,kimono dress,0.0,0.0,0.05317323683424498
5535,10,AW19,kimono dress,0.0,0.0,0.004248254307492883
5535,12,AW19,kimono dress,0.0,0.0,2.811539806000569e-10
5535,2,AW19,kimono dress,0.0,0.0,0.078902228273933
5535,30,AW19,kimono dress,0.0,0.0,0.12864493486234893
5535,96,AW19,kimono dress,0.0,0.0,0.04631217328591567
5535,31,AW19,kimono dress,0.0,0.0188679245283018,0.08576328829257512
5535,9,AW19,kimono dress,0.0188679245283018,0.0188679245283018,0.03773584409131837
5535,110,AW19,kimono dress,0.0,0.0,0.013722121930117867
5535,3,AW19,kimono dress,0.0,0.0,0.0071269935472304735
4960,44,AW19,culottes,0.0377358490566037,0.0377358490566037,0.012006856068139324
4928,13,AW19,medium coat,0.0188679245283018,0.0,0.012006856067951535
5395,102,AW19,doll dress,0.0,0.0,0.0071198452611728
5535,20,AW19,kimono dress,0.0,0.0,0.06689536382351645
5535,1,AW19,kimono dress,0.0,0.0,0.0028186287826367715
5535,68,AW19,kimono dress,0.0,0.0,1.8728617735736092e-25
5535,77,AW19,kimono dress,0.0,0.0,0.05317323686514802
5535,51,AW19,kimono dress,0.0,0.0,0.0053118121139081155
5535,89,AW19,kimono dress,0.0566037735849056,0.0,0.0600343002905203
5535,76,AW19,kimono dress,0.0,0.0,0.009633905393355175
5535,24,AW19,kimono dress,0.0188679245283018,0.0188679245283018,0.020583185393863425
5535,45,AW19,kimono dress,0.0,0.0,0.0026583757214944286
5535,52,AW19,kimono dress,0.0,0.0,0.04459690752312409
5535,22,AW19,kimono dress,0.0377358490566037,0.0,0.025728982999712973
5535,33,AW19,kimono dress,0.0,0.0188679245283018,0.039451109895324195
5535,93,AW19,kimono dress,0.0,0.0,0.03945110991265951
5535,13,AW19,kimono dress,0.0,0.0,0.058319034346902866
5535,16,AW19,kimono dress,0.0,0.0,0.056603768585324614
5535,28,AW19,kimono dress,0.0,0.0188679245283018,0.02229845126059198
5535,99,AW19,kimono dress,0.0,0.0188679245283018,0.013453536719351174
5535,108,AW19,kimono dress,0.0,0.0,0.012772153920066644
5533,41,AW19,kimono dress,0.0,0.0188679245283018,0.018867924528301796
5457,95,AW19,long duster,0.0188679245283018,0.0188679245283018,0.008576324331519088
5533,29,AW19,kimono dress,0.0,0.0,0.039451109929482635
5533,125,AW19,kimono dress,0.0,0.0,0.02229845125645626
5533,24,AW19,kimono dress,0.0,0.0188679245283018,0.020583185392414917
5533,45,AW19,kimono dress,0.0,0.0,0.006289035330450412
5533,52,AW19,kimono dress,0.0,0.0566037735849056,0.02401371712898059
5533,22,AW19,kimono dress,0.0377358490566037,0.0188679245283018,0.039451109927000266
5533,33,AW19,kimono dress,0.0,0.0,0.041166375774993214
5533,93,AW19,kimono dress,0.0,0.0,0.04116637577508928
5533,13,AW19,kimono dress,0.0,0.0,0.04631217339930146
5533,16,AW19,kimono dress,0.0,0.0,0.044596907517939516
5533,28,AW19,kimono dress,0.0,0.0188679245283018,0.025728982995859757
5533,76,AW19,kimono dress,0.0,0.0,0.03259004644773775
5533,99,AW19,kimono dress,0.0,0.0,0.02058319029593597
5533,3,AW19,kimono dress,0.0188679245283018,0.0377358490566037,0.04802743925766026
5533,9,AW19,kimono dress,0.0,0.0188679245283018,0.030874780597106945
5533,80,AW19,kimono dress,0.0,0.0,0.04974270505704334
5533,39,AW19,kimono dress,0.0,0.0,0.06174956981669663
5533,43,AW19,kimono dress,0.0,0.0,4.787355087093921e-05
5533,79,AW19,kimono dress,0.0,0.0,0.029159517956530694
5533,14,AW19,kimono dress,0.0,0.0,0.027444248877058954
5533,75,AW19,kimono dress,0.0,0.0,0.02572898300008828
5533,19,AW19,kimono dress,0.0,0.0,0.06518009797240533
5533,108,AW19,kimono dress,0.0,0.0188679245283018,0.04116637578872393
5533,89,AW19,kimono dress,0.0,0.0566037735849056,0.027409437021560575
5533,51,AW19,kimono dress,0.0,0.0,0.05317323682146867
5533,77,AW19,kimono dress,0.0,0.0,0.042881645764647834
5533,115,AW19,kimono dress,0.0,0.0,0.0015991101674320397
5533,57,AW19,kimono dress,0.0,0.0,0.013722121927672417
5533,63,AW19,kimono dress,0.0,0.0,0.030874780586773606
5533,59,AW19,kimono dress,0.0,0.0,0.005820831550560591
5533,95,AW19,kimono dress,0.0,0.0,1.8728617735736094e-25
5533,18,AW19,kimono dress,0.0,0.0,0.03602057821685315
5533,46,AW19,kimono dress,0.0,0.0188679245283018,0.04116637579268131
5533,36,AW19,kimono dress,0.0,0.0,0.02058318540179647
5533,81,AW19,kimono dress,0.0188679245283018,0.0,0.015181479550157606
5533,35,AW19,kimono dress,0.0,0.0,0.030874780610447444
5533,69,AW19,kimono dress,0.0,0.0188679245283018,0.02915951473024409
5533,40,AW19,kimono dress,0.0,0.0,0.06346483710910167
5533,53,AW19,kimono dress,0.0,0.0188679245283018,0.02744424886227999
5533,85,AW19,kimono dress,0.0,0.0,1.2568562605355015e-17
5533,72,AW19,kimono dress,0.0,0.0,0.03602057818863827
5533,83,AW19,kimono dress,0.0,0.0188679245283018,0.024013717111427513
5533,106,AW19,kimono dress,0.0188679245283018,0.0188679245283018,0.02915951472864848
5533,61,AW19,kimono dress,0.0188679245283018,0.0,0.025728982997717684
5533,1,AW19,kimono dress,0.0188679245283018,0.0188679245283018,0.03602057820101906
5533,68,AW19,kimono dress,0.0,0.0,0.020583185391892696
5533,87,AW19,kimono dress,0.0,0.0,0.022298451274807823
5533,104,AW19,kimono dress,0.0,0.0,0.01886791953166289
4697,87,AW19,short cardigan,0.0,0.0,0.012531968306165694
5440,108,AW19,sleeveless,0.0,0.0188679245283018,0.01886791952406619
5457,3,AW19,long duster,0.0,0.0,0.007551916957215223
5538,102,AW19,kimono dress,0.0188679245283018,0.0,0.03430531233135981
5538,21,AW19,kimono dress,0.0,0.0188679245283018,0.04802743926025138
5538,4,AW19,kimono dress,0.0,0.0,2.811539847895771e-10
5538,18,AW19,kimono dress,0.0,0.0,2.4971490376332164e-25
5538,46,AW19,kimono dress,0.0,0.0,0.05317323685222666
5538,36,AW19,kimono dress,0.0,0.0566037735849056,0.09777014939066515
5538,81,AW19,kimono dress,0.0,0.0,0.023016719632680604
5538,35,AW19,kimono dress,0.0,0.0,0.0035451884482072334
5538,69,AW19,kimono dress,0.0,0.0,0.06518009798338496
5538,115,AW19,kimono dress,0.0,0.0,0.027444248863339245
5538,40,AW19,kimono dress,0.0,0.0,0.058319034470057915
5538,67,AW19,kimono dress,0.0,0.0377358490566037,0.05831903445255327
5538,85,AW19,kimono dress,0.0,0.0,6.242872621990856e-25
5538,72,AW19,kimono dress,0.0188679245283018,0.0,0.010291590200164335
5538,83,AW19,kimono dress,0.0,0.0188679245283018,0.044596907513623885
5538,101,AW19,kimono dress,0.0,0.0,0.024013717127019673
5538,42,AW19,kimono dress,0.0,0.0,0.015437387792240364
5538,20,AW19,kimono dress,0.0,0.0,0.04116637575963218
5538,1,AW19,kimono dress,0.0,0.0188679245283018,0.05660376858460565
5538,68,AW19,kimono dress,0.0,0.0,0.003774160755474171
5538,53,AW19,kimono dress,0.0,0.0,2.8115399316861904e-10
5538,87,AW19,kimono dress,0.0,0.0,0.09262435184166122
5538,104,AW19,kimono dress,0.0,0.0,0.0018246886430103677
5538,64,AW19,kimono dress,0.0,0.0,0.025728982985505505
5544,80,AW19,kimono dress,0.0,0.0,0.00023221649750040395
5544,86,AW19,kimono dress,0.0,0.0,0.029159519382281347
5544,79,AW19,kimono dress,0.0377358490566037,0.0188679245283018,0.046312173378755
5544,14,AW19,kimono dress,0.0,0.0377358490566037,0.05317324136413987
5544,60,AW19,kimono dress,0.0,0.0,0.015437387794876823
5544,75,AW19,kimono dress,0.0,0.0,0.053173236870672665
5544,19,AW19,kimono dress,0.0,0.0,0.049742705052848175
5544,105,AW19,kimono dress,0.0943396226415094,0.0377358490566037,0.06861062965844959
5544,94,AW19,kimono dress,0.0,0.0,0.0012872438841437224
5538,29,AW19,kimono dress,0.0377358490566037,0.0377358490566037,0.06689536375495077
5544,65,AW19,kimono dress,0.0188679245283018,0.0188679245283018,0.058319038440333926
5544,91,AW19,kimono dress,0.0188679245283018,0.0,0.04288164166746339
5544,15,AW19,kimono dress,0.0,0.0,0.11663807388028315
5544,7,AW19,kimono dress,0.0,0.0,0.05317323690089489
5544,49,AW19,kimono dress,0.0,0.0,0.017152653661405417
5544,10,AW19,kimono dress,0.0,0.0,0.011773420716286351
5544,12,AW19,kimono dress,0.0,0.0377358490566037,0.1629502558554798
5544,62,AW19,kimono dress,0.0188679245283018,0.0943396226415094,0.0668953637785669
5544,30,AW19,kimono dress,0.0,0.0,0.002337905923612155
5544,96,AW19,kimono dress,0.0188679245283018,0.0188679245283018,0.022563117963344932
5544,31,AW19,kimono dress,0.0,0.0,0.03602057818875951
5538,77,AW19,kimono dress,0.0,0.0,0.003464935819934165
5538,51,AW19,kimono dress,0.0566037735849056,0.0943396226415094,0.05317323682833534
5538,89,AW19,kimono dress,0.0,0.0,0.0126050125701108
5538,91,AW19,kimono dress,0.0,0.0,0.02744424886151626
5538,15,AW19,kimono dress,0.0,0.0188679245283018,0.07204116141632168
5538,7,AW19,kimono dress,0.0,0.0,2.811540057371818e-10
5538,49,AW19,kimono dress,0.0,0.0,0.01886791952971081
5538,10,AW19,kimono dress,0.0188679245283018,0.0377358490566037,0.1355059984249912
5538,12,AW19,kimono dress,0.0,0.0,0.0016776764228426954
5538,2,AW19,kimono dress,0.0,0.0,0.00959580588022456
5538,62,AW19,kimono dress,0.0,0.0188679245283018,0.04459690752265714
5538,54,AW19,kimono dress,0.0,0.0,0.03087478058273515
5538,31,AW19,kimono dress,0.0,0.0,0.03087478423370251
5538,30,AW19,kimono dress,0.0,0.0,0.06174956618487174
4860,29,AW19,sleeveless,0.0,0.0,0.013722121930309276
5440,40,AW19,sleeveless,0.0,0.0188679245283018,0.018867919527667244
4860,96,AW19,sleeveless,0.0188679245283018,0.0188679245283018,0.010291590194141375
5439,3,AW19,solid color top,0.0,0.0377358490566037,0.015437387796767598
5463,65,AW19,sheath dress,0.0754716981132075,0.0,0.008576324330166704
5463,14,AW19,sheath dress,0.0,0.0,0.01543738779510106
5463,56,AW19,sheath dress,0.0,0.0188679245283018,0.010562045991142514
5463,93,AW19,sheath dress,0.0,0.0,0.012835210168728127
5463,85,AW19,sheath dress,0.0,0.0,0.017152653651818804
5538,96,AW19,kimono dress,0.0,0.0,0.05145797100483731
5538,65,AW19,kimono dress,0.0377358490566037,0.0,0.06174957163978491
5538,94,AW19,kimono dress,0.0,0.0,0.0909090857451483
5538,105,AW19,kimono dress,0.0188679245283018,0.0377358490566037,0.04288164168551999
5538,76,AW19,kimono dress,0.0,0.0,0.0411663757983016
5538,24,AW19,kimono dress,0.0,0.0,0.029159514723994286
5538,45,AW19,kimono dress,0.0188679245283018,0.0188679245283018,0.027444248861018632
5538,52,AW19,kimono dress,0.0,0.0,0.013722121927341268
5538,22,AW19,kimono dress,0.0,0.0188679245283018,0.04974270514722383
5538,33,AW19,kimono dress,0.0,0.0188679245283018,0.05488850269997922
5538,93,AW19,kimono dress,0.0,0.0,0.005355754743360076
5538,13,AW19,kimono dress,0.0,0.0,0.0018960313792629618
5538,16,AW19,kimono dress,0.0188679245283018,0.0377358490566037,0.09948541519701445
5538,99,AW19,kimono dress,0.0,0.0,0.0062706289202530624
5538,108,AW19,kimono dress,0.0188679245283018,0.0,0.10806174469367576
5538,3,AW19,kimono dress,0.0,0.0,0.0003775542027905782
5538,9,AW19,kimono dress,0.0,0.0566037735849056,0.07890222475863622
5538,80,AW19,kimono dress,0.0188679245283018,0.0566037735849056,0.14579759624891972
5538,39,AW19,kimono dress,0.0,0.0,0.07890222467497489
5538,43,AW19,kimono dress,0.0,0.0,0.09948541515600297
5538,86,AW19,kimono dress,0.0,0.0,0.02915951827281718
5538,79,AW19,kimono dress,0.0188679245283018,0.0,0.024013721482175173
5538,14,AW19,kimono dress,0.0377358490566037,0.1132075471698113,0.04974270511123319
5538,75,AW19,kimono dress,0.0188679245283018,0.0377358490566037,0.06518009795440889
5538,19,AW19,kimono dress,0.0,0.0,0.049742705076087745
5544,9,AW19,kimono dress,0.0,0.0,0.0009372230360278471
5544,6,AW19,kimono dress,0.0,0.0,1.1763786908755928e-13
5544,3,AW19,kimono dress,0.0,0.0,0.08233276036916147
5544,108,AW19,kimono dress,0.0,0.0,4.370010783299014e-25
5547,68,AW19,kimono dress,0.0,0.0,0.03430531236683373
5547,87,AW19,kimono dress,0.0,0.0,0.03430531232556887
5547,77,AW19,kimono dress,0.0,0.0188679245283018,0.04631217339744182
5547,51,AW19,kimono dress,0.0,0.0,0.03773584409532149
5547,89,AW19,kimono dress,0.0,0.0,0.025728982984461673
5547,76,AW19,kimono dress,0.0,0.0,0.022298451260784415
5547,22,AW19,kimono dress,0.0,0.0,0.025728982993723986
5547,33,AW19,kimono dress,0.0,0.0,0.011915435238986003
5547,93,AW19,kimono dress,0.0,0.0,0.0019064937779890506
5547,1,AW19,kimono dress,0.0377358490566037,0.0188679245283018,0.04116637578282297
5547,50,AW19,kimono dress,0.0188679245283018,0.0188679245283018,0.012006856063196132
5547,16,AW19,kimono dress,0.0,0.0,0.039451109921588984
5547,28,AW19,kimono dress,0.0,0.0377358490566037,0.018867919528447748
5547,108,AW19,kimono dress,0.0,0.0,0.042881641637219366
5547,9,AW19,kimono dress,0.0,0.0188679245283018,0.0377358496168417
5547,80,AW19,kimono dress,0.0,0.0,0.10806174460892166
5547,43,AW19,kimono dress,0.0,0.0,0.0325900464217184
5547,86,AW19,kimono dress,0.0,0.0,0.03430531780291367
5547,14,AW19,kimono dress,0.0,0.0188679245283018,0.027444248857069094
5547,19,AW19,kimono dress,0.0,0.0,0.05831903449942304
5547,13,AW19,kimono dress,0.0,0.0,0.039451109919723434
5547,20,AW19,kimono dress,0.0,0.0,0.009090717930375511
5547,106,AW19,kimono dress,0.0,0.0,0.02915951962375035
5547,83,AW19,kimono dress,0.0,0.0,0.030874780641456556
5440,93,AW19,sleeveless,0.0,0.0,0.010291590197876024
5440,76,AW19,sleeveless,0.0,0.0188679245283018,0.024687977770093433
5457,7,AW19,long duster,0.0188679245283018,0.0188679245283018,0.012006856063326993
5469,46,AW19,long duster,0.0,0.0566037735849056,0.05660377302259763
5440,101,AW19,sleeveless,0.0,0.0188679245283018,0.01029159456725066
5469,30,AW19,long duster,0.0,0.0188679245283018,0.02229845127076018
5547,41,AW19,kimono dress,0.0,0.0,0.05488850612834516
5547,29,AW19,kimono dress,0.0,0.0,0.0047485370569228386
5547,104,AW19,kimono dress,0.0,0.0,0.020583185392588778
5547,44,AW19,kimono dress,0.0,0.0188679245283018,0.013722121933573377
5547,102,AW19,kimono dress,0.0,0.0,0.015437387795613032
5547,21,AW19,kimono dress,0.0,0.0,0.015437387794794019
5547,95,AW19,kimono dress,0.0,0.0,2.3294438247089765e-09
5547,46,AW19,kimono dress,0.0,0.0377358490566037,0.04459690753605754
5547,36,AW19,kimono dress,0.0,0.0,0.07204116153501278
5547,81,AW19,kimono dress,0.0,0.0,0.010291590196698867
5547,35,AW19,kimono dress,0.0,0.0,0.03430531731540293
5547,69,AW19,kimono dress,0.0,0.0,0.024013717129159704
5547,40,AW19,kimono dress,0.0,0.0188679245283018,0.05145797594385682
5547,67,AW19,kimono dress,0.0,0.0,0.03773584401830983
5547,85,AW19,kimono dress,0.0,0.0,0.025728982995846736
5547,94,AW19,kimono dress,0.0,0.0,0.0007606987616865696
5457,89,AW19,long duster,0.0,0.0188679245283018,0.012006856064448325
5547,65,AW19,kimono dress,0.0,0.0188679245283018,0.013231614203926005
5547,7,AW19,kimono dress,0.0,0.0,0.08061749064928957
5544,85,AW19,kimono dress,0.0,0.0,0.000488932640279323
5544,72,AW19,kimono dress,0.0,0.0188679245283018,0.022298451257780245
5544,83,AW19,kimono dress,0.0,0.0,0.037735844045940624
5544,106,AW19,kimono dress,0.0,0.0188679245283018,0.018867921086396126
5544,61,AW19,kimono dress,0.0188679245283018,0.0188679245283018,0.013722121930247348
5544,101,AW19,kimono dress,0.0,0.0,0.030874780588370107
5544,20,AW19,kimono dress,0.0,0.0188679245283018,0.03945110993570482
5544,68,AW19,kimono dress,0.0,0.0,0.07890222491311208
5544,77,AW19,kimono dress,0.0,0.0,0.021142352297916688
5544,67,AW19,kimono dress,0.0377358490566037,0.0377358490566037,0.07032589548970457
5544,89,AW19,kimono dress,0.0,0.0,0.06861062985761908
5544,24,AW19,kimono dress,0.0,0.0,0.0325900464593522
5544,45,AW19,kimono dress,0.0188679245283018,0.0188679245283018,0.01778224062167766
5544,52,AW19,kimono dress,0.0377358490566037,0.0377358490566037,0.05317323684416003
5544,22,AW19,kimono dress,0.0188679245283018,0.0188679245283018,0.016054215692719295
5544,33,AW19,kimono dress,0.0,0.0377358490566037,0.054888502717789334
5544,93,AW19,kimono dress,0.0,0.0,0.07547169319619429
5544,13,AW19,kimono dress,0.0,0.0,0.007551955334662023
5544,16,AW19,kimono dress,0.0,0.0,0.0012838029865864188
5544,99,AW19,kimono dress,0.0,0.0377358490566037,0.03259005125318303
5544,76,AW19,kimono dress,0.0,0.0,0.06518009795810767
5544,53,AW19,kimono dress,0.0,0.0377358490566037,0.03945110992921973
5544,40,AW19,kimono dress,0.0,0.0,0.06861062960218149
5544,69,AW19,kimono dress,0.0,0.0,0.039451109945830856
5547,10,AW19,kimono dress,0.0,0.0,0.02401371712150845
5547,2,AW19,kimono dress,0.0,0.0,0.061749566195071284
5547,62,AW19,kimono dress,0.0,0.0,0.025728982991224756
5547,30,AW19,kimono dress,0.0,0.0,0.046312173345392206
5547,96,AW19,kimono dress,0.0,0.0377358490566037,0.03259005230505572
5544,41,AW19,kimono dress,0.0,0.0,0.026638578122007386
5544,64,AW19,kimono dress,0.0754716981132075,0.0188679245283018,0.029159521419489576
5544,29,AW19,kimono dress,0.0,0.0,0.008925269333388776
5544,104,AW19,kimono dress,0.0,0.0,0.048027442681654244
5544,125,AW19,kimono dress,0.0,0.0,0.00254042790796151
5544,115,AW19,kimono dress,0.0188679245283018,0.0188679245283018,0.018867924528301803
5544,57,AW19,kimono dress,0.0,0.0,0.05317323685405373
5544,44,AW19,kimono dress,0.0,0.0377358490566037,0.02058318539298609
5544,63,AW19,kimono dress,0.0,0.0,0.0188679195317524
5544,59,AW19,kimono dress,0.0,0.0,0.02915951472116348
5544,95,AW19,kimono dress,0.0,0.0,0.029159514729460524
5544,18,AW19,kimono dress,0.0,0.0,0.0003295174972315603
5544,46,AW19,kimono dress,0.0,0.0,0.046312173399416595
5544,36,AW19,kimono dress,0.0,0.0,0.07796944073687499
5544,81,AW19,kimono dress,0.0188679245283018,0.0,0.05488850271231095
5544,35,AW19,kimono dress,0.0,0.0,0.0006587798714966495
5547,91,AW19,kimono dress,0.0,0.0,0.030874780583342847
5500,43,AW19,culottes,0.0,0.0,0.01543738779672318
5521,108,AW19,long coat,0.0,0.0,0.018867920831114528
5452,45,AW19,long coat,0.0,0.0,0.013722121929400467
5382,10,AW19,long sleeve,0.0,0.0,0.012723329604589002
5382,15,AW19,long sleeve,0.0,0.0,0.013722121936249807
5037,125,AW19,solid color top,0.0188679245283018,0.0,0.010291590199176128
5382,22,AW19,long sleeve,0.0,0.0,0.006836545186520578
5382,83,AW19,long sleeve,0.0188679245283018,0.0,2.811539847895771e-10
4930,95,AW19,solid color top,0.0,0.0,0.012006856063345053
5382,46,AW19,long sleeve,0.0377358490566037,0.0,0.008576324331282323
5382,0,AW19,long sleeve,0.0188679245283018,0.0188679245283018,0.00857632433034827
5416,14,AW19,long sleeve,0.0,0.0188679245283018,0.017152653671091606
5358,14,AW19,long sleeve,0.0,0.0,0.017152653655806347
4908,88,AW19,solid color top,0.0,0.0,2.811539847895772e-10
5358,64,AW19,long sleeve,0.0,0.0188679245283018,0.012006858902207158
5358,41,AW19,long sleeve,0.0377358490566037,0.0,0.015437389143352784
5374,108,AW19,long sleeve,0.0,0.0,0.0036010841828419417
5422,59,AW19,long sleeve,0.0,0.0188679245283018,0.015437393134669977
5374,29,AW19,long sleeve,0.0,0.0,0.01715265366313183
5487,87,AW19,long sleeve,0.0,0.0,2.8115398478957706e-10
4946,6,AW19,short sleeves,0.0,0.0,0.012006856064287827
5345,95,AW19,long sleeve,0.0188679245283018,0.0,0.013722121941979032
5507,30,AW19,long sleeve,0.0,0.0188679245283018,0.02229845126065679
5507,12,AW19,long sleeve,0.0,0.0,0.03773584406542492
5507,10,AW19,long sleeve,0.0,0.0188679245283018,0.03945111735725425
5507,15,AW19,long sleeve,0.0377358490566037,0.0188679245283018,0.0205831853954016
5507,43,AW19,long sleeve,0.0188679245283018,0.0188679245283018,0.015437387791126994
5507,108,AW19,long sleeve,0.0,0.0,0.012006856064005724
5507,13,AW19,long sleeve,0.0,0.0188679245283018,0.015437387796016168
5507,77,AW19,long sleeve,0.0,0.0188679245283018,0.02572898299328519
5507,121,AW19,long sleeve,0.0,0.0,0.017152653654667883
5477,15,AW19,long sleeve,0.0,0.0188679245283018,0.012006863498136715
5477,43,AW19,long sleeve,0.0377358490566037,0.0,0.012006856064620172
4908,87,AW19,solid color top,0.0188679245283018,0.0,0.02915951471828604
5422,42,AW19,long sleeve,0.0,0.0,6.174131990802182e-05
5422,47,AW19,long sleeve,0.0,0.0,0.0222984512608028
5422,5,AW19,long sleeve,0.0188679245283018,0.0377358490566037,0.028099703980177877
5491,54,AW19,short cardigan,0.0,0.0,0.009711076931733707
4605,11,AW19,doll dress,0.0377358490566037,0.0188679245283018,0.010291590193475818
4562,105,AW19,trapeze dress,0.0,0.0188679245283018,0.018867924528301806
4628,103,AW19,sleeveless,0.0377358490566037,0.0,0.012006856065439116
5491,105,AW19,short cardigan,0.0,0.0,0.01372212192624369
5491,19,AW19,short cardigan,0.0,0.0,0.00746187540839106
4988,19,AW19,medium coat,0.0377358490566037,0.0,0.015437387798252414
5491,48,AW19,short cardigan,0.0,0.0,0.0008670427027951409
5491,73,AW19,short cardigan,0.0,0.0,0.022298451257862423
5491,3,AW19,short cardigan,0.0,0.0,0.0005922268208530197
5491,5,AW19,short cardigan,0.0,0.0,0.0015101984033803887
5491,52,AW19,short cardigan,0.0,0.0,0.007635550343295481
5491,51,AW19,short cardigan,0.0,0.0,0.03430531233538903
5491,68,AW19,short cardigan,0.0,0.0,0.013722121931293157
5491,1,AW19,short cardigan,0.0,0.0,0.018867919514055632
5491,38,AW19,short cardigan,0.0,0.0,0.027444248859593994
5491,121,AW19,short cardigan,0.0,0.0,0.0008852300126890219
5005,1,AW19,short sleeves,0.0,0.0188679245283018,0.01543738779393567
5478,8,AW19,short cardigan,0.0,0.0,0.013722121929066217
5478,85,AW19,short cardigan,0.0,0.0,0.01886791952635225
5478,61,AW19,short cardigan,0.0,0.0188679245283018,0.009242942943663622
5478,73,AW19,short cardigan,0.0,0.0188679245283018,0.009947404656708802
5478,39,AW19,short cardigan,0.0,0.0,0.0038415047435194027
5477,121,AW19,long sleeve,0.0,0.0188679245283018,0.013722121931260609
5478,75,AW19,short cardigan,0.0,0.0,7.83504854176631e-18
5491,4,AW19,short cardigan,0.0,0.0,0.012006856065011654
5491,18,AW19,short cardigan,0.0,0.0,4.158588505267522e-41
5491,26,AW19,short cardigan,0.0,0.0,6.242872640596042e-26
5491,81,AW19,short cardigan,0.0,0.0377358490566037,0.02172010338586415
5491,53,AW19,short cardigan,0.0,0.0,0.017152653661323493
5491,32,AW19,short cardigan,0.0,0.0566037735849056,0.056603770718908444
5491,8,AW19,short cardigan,0.0188679245283018,0.0,0.01715265367491795
5336,32,AW19,long sleeve,0.0,0.0188679245283018,0.012006856062913822
5512,12,AW19,long sleeve,0.0,0.0,0.0011255739449842145
5512,75,AW19,long sleeve,0.0,0.0188679245283018,0.013722124647743328
5485,7,AW19,short sleeves,0.0,0.0,0.024013717133785334
5485,80,AW19,short sleeves,0.0,0.0188679245283018,0.03773584405846951
5485,9,AW19,short sleeves,0.0188679245283018,0.0188679245283018,0.01886791952956216
5485,3,AW19,short sleeves,0.0,0.0,0.013722121931860808
5485,108,AW19,short sleeves,0.0,0.0,0.025728982994275697
5485,5,AW19,short sleeves,0.0377358490566037,0.0,0.017152653664797013
5485,13,AW19,short sleeves,0.0,0.0,0.029159514731555633
5485,89,AW19,short sleeves,0.0,0.0754716981132075,0.051457970983192325
5485,51,AW19,short sleeves,0.0188679245283018,0.0377358490566037,0.022298451258516476
5485,1,AW19,short sleeves,0.0,0.0,0.04116637579189965
5485,20,AW19,short sleeves,0.0,0.0377358490566037,0.022298451262154496
5344,108,AW19,doll dress,0.0188679245283018,0.0188679245283018,0.022298451263533737
5485,82,AW19,short sleeves,0.0,0.0,0.025728982992396007
5485,74,AW19,short sleeves,0.0,0.0,0.029159514714123504
5485,10,AW19,short sleeves,0.0188679245283018,0.0,0.015437387799655837
5485,35,AW19,short sleeves,0.0,0.0,0.027444248857315882
5485,64,AW19,short sleeves,0.0,0.0377358490566037,0.020583185392404977
5485,41,AW19,short sleeves,0.0,0.0,0.034305312330676886
5510,10,AW19,short sleeves,0.0,0.0,0.01372212192460752
5344,87,AW19,doll dress,0.0566037735849056,0.0,0.01698197669691554
5510,75,AW19,short sleeves,0.0,0.0377358490566037,0.025728982979693615
5510,80,AW19,short sleeves,0.0,0.0,0.03430531232177204
5510,73,AW19,short sleeves,0.0,0.0,0.02229845126246784
5510,99,AW19,short sleeves,0.0,0.0,0.01543738779524081
5510,13,AW19,short sleeves,0.0,0.0188679245283018,0.032590046461716364
5510,45,AW19,short sleeves,0.0,0.0,0.029159514755915165
5510,51,AW19,short sleeves,0.0,0.0,0.017152653657140585
5510,106,AW19,short sleeves,0.0,0.0188679245283018,0.020583185395044893
5510,81,AW19,short sleeves,0.0,0.0377358490566037,0.02572898299547286
5510,26,AW19,short sleeves,0.0,0.0188679245283018,0.027444248863554385
5485,103,AW19,short sleeves,0.0,0.0377358490566037,0.017152653660341646
5485,62,AW19,short sleeves,0.0,0.0,0.01886791952951842
4861,54,AW19,long sleeve,0.0,0.0,0.0014271407396573242
4904,26,AW19,long sleeve,0.0,0.0377358490566037,0.025773043491265114
5512,88,AW19,long sleeve,0.0188679245283018,0.0943396226415094,0.09433962151689346
5512,93,AW19,long sleeve,0.0188679245283018,0.0,0.01029159019391552
5512,1,AW19,long sleeve,0.0,0.0188679245283018,0.01886791953212096
5512,36,AW19,long sleeve,0.0,0.0188679245283018,0.01715265365999491
5020,87,AW19,trapeze dress,0.0,0.0,0.012006856063714724
5513,15,AW19,sleeveless,0.0943396226415094,0.0377358490566037,0.02058318539662481
5513,65,AW19,sleeveless,0.0188679245283018,0.0188679245283018,0.010291590195286906
5513,19,AW19,sleeveless,0.1132075471698113,0.0,0.017152653664964716
5513,48,AW19,sleeveless,0.0,0.0,0.012006856061976393
5513,76,AW19,sleeveless,0.0754716981132075,0.0,0.01715265365442495
5513,51,AW19,sleeveless,0.0377358490566037,0.0566037735849056,0.018867919525882227
5513,1,AW19,sleeveless,0.0188679245283018,0.0,0.015437387794957739
5513,121,AW19,sleeveless,0.0188679245283018,0.0188679245283018,0.008576324330815493
5513,46,AW19,sleeveless,0.0,0.0,3.852020823191733e-06
5020,21,AW19,trapeze dress,0.0,0.0188679245283018,0.018867919528469692
5513,8,AW19,sleeveless,0.0,0.0188679245283018,0.012006856060743969
5528,7,AW19,long sleeve,0.0,0.0188679245283018,0.013722121930983206
5059,74,AW19,kimono dress,0.0188679245283018,0.0188679245283018,0.015437311747516719
5059,39,AW19,kimono dress,0.0,0.0188679245283018,0.02401371713021291
5059,15,AW19,kimono dress,0.0,0.0,0.018867923336761662
5503,25,AW19,long sleeve,0.0188679245283018,0.0,0.010291590198789467
5503,106,AW19,long sleeve,0.0,0.0188679245283018,0.02058318937098237
4744,108,AW19,sheath dress,0.0188679245283018,0.0188679245283018,0.020583185392239994
5512,19,AW19,long sleeve,0.0188679245283018,0.0,0.015437387797721152
5503,19,AW19,long sleeve,0.0188679245283018,0.0,0.025728983002030286
5528,36,AW19,long sleeve,0.0,0.0188679245283018,0.02058318539531337
5050,40,AW19,solid color top,0.0566037735849056,0.0188679245283018,0.01372212192865047
5528,3,AW19,long sleeve,0.0943396226415094,0.0188679245283018,0.01372212192979712
5528,43,AW19,long sleeve,0.0,0.0188679245283018,0.03773584469276729
5528,105,AW19,long sleeve,0.0188679245283018,0.0,3.818812394642907e-05
5050,105,AW19,solid color top,0.0,0.0,0.012006856063267794
5503,12,AW19,long sleeve,0.0,0.0,0.027444248860431973
5344,63,AW19,doll dress,0.0188679245283018,0.0,0.015437393030588425
5506,81,AW19,long sleeve,0.0,0.0,0.0050995326876423375
5506,82,AW19,long sleeve,0.0,0.0,0.018867919532717964
5484,121,AW19,long sleeve,0.0188679245283018,0.0,0.012006856062461201
5484,77,AW19,long sleeve,0.0,0.0377358490566037,0.013722121930145156
5484,89,AW19,long sleeve,0.0,0.0,0.00691079194600862
5484,13,AW19,long sleeve,0.0,0.0,0.02229845125565105
5484,99,AW19,long sleeve,0.0188679245283018,0.0,0.005250175478750983
5484,3,AW19,long sleeve,0.0,0.0,0.007560878624620485
5484,43,AW19,long sleeve,0.0,0.0,0.0028973479784944645
5484,10,AW19,long sleeve,0.0,0.0188679245283018,0.012006856070812214
4790,108,AW19,doll dress,0.0188679245283018,0.0188679245283018,0.020583185400096467
5368,104,AW19,long sleeve,0.0188679245283018,0.0,0.004010270373833335
5368,63,AW19,long sleeve,0.0,0.0,0.034305312332131806
5368,85,AW19,long sleeve,0.0377358490566037,0.0,0.010291590198006722
5368,76,AW19,long sleeve,0.0,0.0188679245283018,0.01715265366454258
5368,14,AW19,long sleeve,0.0,0.0566037735849056,0.024013717130842098
5470,36,AW19,medium coat,0.0,0.0188679245283018,0.02744425613091613
5071,108,AW19,long coat,0.0,0.0,0.015437387798856153
5378,65,AW19,long sleeve,0.0,0.0,0.017152658638177404
5378,28,AW19,long sleeve,0.0,0.0188679245283018,0.012006856063664527
5378,56,AW19,long sleeve,0.0377358490566037,0.0,9.302605153018298e-34
5378,25,AW19,long sleeve,0.0188679245283018,0.0188679245283018,0.01824508002797954
5453,83,AW19,miniskirt,0.0,0.0,0.01715265365877163
5354,51,AW19,long sleeve,0.0,0.0188679245283018,0.012006856062801642
5354,77,AW19,long sleeve,0.0188679245283018,0.0,0.015437387797871469
5354,20,AW19,long sleeve,0.0,0.0,0.012006856063380823
5361,3,AW19,long sleeve,0.0188679245283018,0.0188679245283018,0.009391590174518637
5369,26,AW19,medium cardigan,0.0188679245283018,0.0,0.013722121929074672
5356,5,AW19,long sleeve,0.0188679245283018,0.0188679245283018,0.008576324330859635
5356,13,AW19,long sleeve,0.0188679245283018,0.0,0.01372212192659029
5356,26,AW19,long sleeve,0.0,0.0,0.008576327998083872
5380,80,AW19,long sleeve,0.0566037735849056,0.0188679245283018,0.013722121937651172
5368,94,AW19,long sleeve,0.0,0.0,0.02058318539905047
5470,45,AW19,medium coat,0.0,0.0,0.010291590197347102
5470,5,AW19,medium coat,0.0,0.0377358490566037,0.013722121928899529
5470,43,AW19,medium coat,0.0,0.0377358490566037,0.013722121927929449
5514,108,AW19,long sleeve,0.0,0.0,0.018867922851423774
5080,87,AW19,kimono dress,0.0,0.0,0.014138301820929063
5514,80,AW19,long sleeve,0.0,0.0,0.013722125393485171
5514,14,AW19,long sleeve,0.0,0.0,0.020583185398934906
5514,19,AW19,long sleeve,0.0,0.0,3.169132747103022e-37
5514,65,AW19,long sleeve,0.0,0.0,0.005520986781872406
5514,7,AW19,long sleeve,0.0,0.0,0.017152657910307206
5514,54,AW19,long sleeve,0.0,0.0,0.0007829442489115078
4834,24,AW19,long sleeve,0.0,0.0,0.012006856064541521
5508,29,AW19,long sleeve,0.0,0.0,0.02229845520047403
5508,36,AW19,long sleeve,0.0,0.0,0.004022840713601341
5508,35,AW19,long sleeve,0.0,0.0,0.018867919532429132
5508,20,AW19,long sleeve,0.0,0.0,0.022298451252043668
5508,3,AW19,long sleeve,0.0,0.0188679245283018,0.017152653662036044
5508,80,AW19,long sleeve,0.0188679245283018,0.0188679245283018,0.029159514723697787
5508,39,AW19,long sleeve,0.0,0.0,0.025728982992837764
5508,43,AW19,long sleeve,0.0,0.0,7.961541221804307e-29
5470,48,AW19,medium coat,0.0,0.0,0.020583185397211455
5470,31,AW19,medium coat,0.0,0.0377358490566037,0.01886791952633379
5470,12,AW19,medium coat,0.0188679245283018,0.0,0.012006856063800796
5509,21,AW19,medium coat,0.0,0.0,0.01372212192820286
5509,8,AW19,medium coat,0.0377358490566037,0.0188679245283018,0.0188679245283018
5509,83,AW19,medium coat,0.0377358490566037,0.0377358490566037,0.010291590199721697
5380,121,AW19,long sleeve,0.0566037735849056,0.0188679245283018,0.013722121929440154
5509,88,AW19,medium coat,0.0188679245283018,0.0566037735849056,0.022298451261755087
5484,95,AW19,long sleeve,0.0,0.0,0.015437387795129938
5484,115,AW19,long sleeve,0.0,0.0,2.811539847895771e-10
5484,29,AW19,long sleeve,0.0,0.0188679245283018,0.024013717129092157
5508,12,AW19,long sleeve,0.0,0.0,0.015437387793459455
5508,31,AW19,long sleeve,0.0,0.0,0.015437387793130131
5508,75,AW19,long sleeve,0.0566037735849056,0.0,0.013722121930993234
5509,49,AW19,medium coat,0.0,0.0188679245283018,0.015437387795909044
5506,121,AW19,long sleeve,0.0,0.0,0.0013898391537179946
5380,40,AW19,long sleeve,0.0943396226415094,0.0377358490566037,0.01886791953099055
5404,54,AW19,long sleeve,0.0,0.0,0.00012590126860678323
5481,75,AW19,long sleeve,0.0,0.0188679245283018,0.015437387798293132
5481,39,AW19,long sleeve,0.0,0.1132075471698113,0.039451109949582
5481,73,AW19,long sleeve,0.0,0.0188679245283018,0.018867919527310234
5481,108,AW19,long sleeve,0.0,0.0,0.01543738779574067
5481,51,AW19,long sleeve,0.0,0.0,0.003301026924282202
5481,1,AW19,long sleeve,0.0,0.0,0.029159514727147923
5481,42,AW19,long sleeve,0.0,0.0,0.010291590197034258
5481,107,AW19,long sleeve,0.0,0.0188679245283018,0.015437387795074364
5481,36,AW19,long sleeve,0.0,0.0,0.020583185394768118
5481,4,AW19,long sleeve,0.0377358490566037,0.0,0.012006856061570492
5481,100,AW19,long sleeve,0.0,0.0377358490566037,0.012006856062369621
5481,41,AW19,long sleeve,0.0188679245283018,0.0188679245283018,0.013722121925603603
5366,108,AW19,long sleeve,0.0,0.0,0.017152653666973283
5366,87,AW19,long sleeve,0.0,0.0,0.004038458409016154
5481,30,AW19,long sleeve,0.0,0.0188679245283018,0.03773584405540377
5366,29,AW19,long sleeve,0.0,0.0,0.020583185395878455
5347,75,AW19,long sleeve,0.0,0.0,0.02572898299850611
5347,94,AW19,long sleeve,0.0377358490566037,0.0,0.015437387791580858
5347,15,AW19,long sleeve,0.0188679245283018,0.0188679245283018,0.022298456530060403
5362,36,AW19,long sleeve,0.0,0.0377358490566037,0.017152653661140507
5362,15,AW19,long sleeve,0.0188679245283018,0.0,0.005659499247123704
4453,24,AW19,long sleeve,0.0,0.0188679245283018,0.012006859875086267
5370,16,AW19,long sleeve,0.0,0.0188679245283018,0.012006856062946106
5375,49,AW19,long sleeve,0.0,0.0,0.020583185397492054
5375,105,AW19,long sleeve,0.0,0.0,0.018867919524580334
5375,75,AW19,long sleeve,0.0,0.0,0.0003152645478747294
5375,93,AW19,long sleeve,0.0,0.0,0.0006968353488652305
5375,81,AW19,long sleeve,0.0,0.0,4.760315254431412e-29
5375,36,AW19,long sleeve,0.0,0.0,0.0008184374647485633
5506,75,AW19,long sleeve,0.0,0.0188679245283018,0.016584319775607325
5347,14,AW19,long sleeve,0.0188679245283018,0.0,0.008576324331150792
5480,41,AW19,long sleeve,0.0,0.0,0.0240137204408453
5480,104,AW19,long sleeve,0.0,0.0,0.013722121929779108
5480,8,AW19,long sleeve,0.0,0.0,0.013722121933218135
5404,107,AW19,long sleeve,0.0,0.0,0.013722121929269929
5421,117,AW19,long sleeve,0.0,0.0,0.010291593681623816
5347,57,AW19,long sleeve,0.0,0.0566037735849056,0.040081982739882296
5347,0,AW19,long sleeve,0.0,0.0,0.005883300989716276
5347,106,AW19,long sleeve,0.0,0.0,0.007624629306880743
5347,76,AW19,long sleeve,0.0188679245283018,0.0,0.007603149095154691
5437,12,AW19,long sleeve,0.0566037735849056,0.0377358490566037,0.017152653660888126
5437,19,AW19,long sleeve,0.0943396226415094,0.0188679245283018,0.020583185394341244
5437,80,AW19,long sleeve,0.0566037735849056,0.0188679245283018,0.01029159019759417
5437,28,AW19,long sleeve,0.0566037735849056,0.0377358490566037,0.02229845126091293
5437,76,AW19,long sleeve,0.0188679245283018,0.0188679245283018,0.010291590197361781
5437,21,AW19,long sleeve,0.0,0.0188679245283018,0.008576324325360977
5424,75,AW19,long sleeve,0.0188679245283018,0.0,0.013722121925797897
5424,108,AW19,long sleeve,0.0188679245283018,0.0,0.01372212193055771
4949,29,AW19,long cardigan,0.0377358490566037,0.0188679245283018,0.012006856062564068
5000,88,AW19,long sleeve,0.0,0.0188679245283018,0.01200685606446101
5480,7,AW19,long sleeve,0.0,0.0,0.009344026596467889
5480,36,AW19,long sleeve,0.0,0.0,0.017152653658873012
5480,69,AW19,long sleeve,0.0,0.0,0.0030462047110164495
5480,121,AW19,long sleeve,0.0,0.0,0.012006856062548168
5480,107,AW19,long sleeve,0.0,0.0,0.013722121929642382
5480,82,AW19,long sleeve,0.0,0.0,0.018867919531816553
5480,1,AW19,long sleeve,0.0,0.0,0.017152657182307844
5418,57,AW19,short cardigan,0.0,0.0188679245283018,0.012006856064238684
5480,87,AW19,long sleeve,0.0,0.0,0.022298451263341904
5480,52,AW19,long sleeve,0.0,0.0,0.020583191540278597
5480,3,AW19,long sleeve,0.0188679245283018,0.0,0.0004714589619769577
5480,73,AW19,long sleeve,0.0,0.0188679245283018,0.017152653658546665
5480,75,AW19,long sleeve,0.0,0.0,0.019967985399564514
5480,94,AW19,long sleeve,0.0,0.0,0.010291590200830225
5480,31,AW19,long sleeve,0.0,0.0,0.01886791952577863
5480,76,AW19,long sleeve,0.0,0.0,0.020583185394538194
5510,41,AW19,short sleeves,0.0,0.0,0.01920311361257319
5417,108,AW19,long sleeve,0.0188679245283018,0.0188679245283018,0.013722121929831124
5407,93,AW19,long sleeve,0.0188679245283018,0.0188679245283018,0.008576324331519088
5397,68,AW19,patterned top,0.0,0.0,0.08233275657665075
5397,87,AW19,patterned top,0.0,0.0,0.005706691100272972
5397,77,AW19,patterned top,0.0,0.0,0.04459690744756013
5061,1,AW19,long coat,0.0,0.0188679245283018,0.01886791952653159
5397,51,AW19,patterned top,0.0,0.0,0.003219530513811383
5061,56,AW19,long coat,0.0,0.0377358490566037,0.0204171746490339
5397,89,AW19,patterned top,0.0,0.0,0.0070010056594172225
5397,76,AW19,patterned top,0.0,0.0,0.0017215210666829094
5397,45,AW19,patterned top,0.0188679245283018,0.0,0.025728982986438307
5397,22,AW19,patterned top,0.0377358490566037,0.0188679245283018,0.02315427425974826
5397,93,AW19,patterned top,0.0,0.0,0.03602057822312937
5397,13,AW19,patterned top,0.0,0.0,0.03602057814227551
5397,16,AW19,patterned top,0.0,0.0,0.029159514729685452
5397,56,AW19,patterned top,0.0,0.0,0.005287514877812784
5397,20,AW19,patterned top,0.0,0.0,0.013616729499688873
5397,28,AW19,patterned top,0.0,0.0,0.027444248858276975
5397,5,AW19,patterned top,0.0,0.0,0.02401371713071205
5397,108,AW19,patterned top,0.0,0.0188679245283018,0.10806174457986448
5397,3,AW19,patterned top,0.0,0.0188679245283018,0.037735844090653246
5397,9,AW19,patterned top,0.0,0.0,0.03259004978579649
5397,80,AW19,patterned top,0.0188679245283018,0.0754716981132075,0.1646655161136686
5397,39,AW19,patterned top,0.0,0.0188679245283018,0.06861062962196895
5397,43,AW19,patterned top,0.0,0.0377358490566037,0.08233275671217966
5397,48,AW19,patterned top,0.0,0.0,0.013722121924891764
5397,75,AW19,patterned top,0.0,0.0,0.07718696333619922
5397,19,AW19,patterned top,0.0,0.0,0.010715030189233695
5397,94,AW19,patterned top,0.0,0.0,0.08404802239051126
5397,65,AW19,patterned top,0.0,0.0,0.009490097361000385
5397,31,AW19,patterned top,0.0,0.0188679245283018,0.03375239922172755
5539,96,AW19,maxi,0.0188679245283018,0.0,0.029159514725643182
5397,99,AW19,patterned top,0.0188679245283018,0.0188679245283018,0.06518009790837236
5061,100,AW19,long coat,0.0188679245283018,0.0377358490566037,0.012006856068521296
5397,27,AW19,patterned top,0.0,0.0,0.012006856064192235
5397,61,AW19,patterned top,0.0,0.0,0.018867919535480043
5497,89,AW19,long coat,0.0,0.0188679245283018,0.017152653662785455
5497,9,AW19,long coat,0.0188679245283018,0.0,0.0010467796198758061
5497,80,AW19,long coat,0.0,0.0,0.015437387800737236
5497,7,AW19,long coat,0.0,0.0,0.017152653661644077
5497,12,AW19,long coat,0.0,0.0188679245283018,0.013722121929836574
5497,62,AW19,long coat,0.0,0.0,0.015437387794741679
5497,54,AW19,long coat,0.0,0.0,0.018867919522889697
5519,103,AW19,long coat,0.0,0.0,0.01372212193151147
5519,46,AW19,long coat,0.0,0.0,0.008031812920494073
5519,42,AW19,long coat,0.0,0.0377358490566037,0.01372212453246593
5519,87,AW19,long coat,0.0188679245283018,0.0,0.02229845122202234
5519,51,AW19,long coat,0.0188679245283018,0.0,0.02229845127469655
5519,33,AW19,long coat,0.0,0.0188679245283018,0.010291590197449192
5519,80,AW19,long coat,0.0,0.0188679245283018,0.015437387793258723
5519,86,AW19,long coat,0.0,0.0,0.01029159019732788
5519,65,AW19,long coat,0.0,0.0,0.013722121925269646
5519,12,AW19,long coat,0.0,0.0,0.044596910767302295
5397,82,AW19,patterned top,0.0,0.0188679245283018,0.05488850273027228
5397,83,AW19,patterned top,0.0188679245283018,0.0,0.02058318539405453
5397,72,AW19,patterned top,0.0,0.0,0.029159514729633334
5397,121,AW19,patterned top,0.0,0.0566037735849056,0.030874780592588875
5397,67,AW19,patterned top,0.0,0.0,0.03773584406245344
5530,86,AW19,medium coat,0.0377358490566037,0.0188679245283018,0.0171526583633669
5539,30,AW19,maxi,0.0188679245283018,0.0754716981132075,0.07547169867551545
5530,16,AW19,medium coat,0.0188679245283018,0.0377358490566037,0.03758905871760734
5530,89,AW19,medium coat,0.0,0.0188679245283018,0.0188679245283018
5504,19,AW19,medium coat,0.0,0.0188679245283018,0.018867924247147817
5504,1,AW19,medium coat,0.0377358490566037,0.0377358490566037,0.013722125564094044
5504,47,AW19,medium coat,0.0,0.0,0.010291590195838895
5504,35,AW19,medium coat,0.0,0.0,0.018867919528448324
5519,54,AW19,long coat,0.0,0.0377358490566037,0.018867572212928316
5530,22,AW19,medium coat,0.0,0.0377358490566037,0.036363001953055266
5497,51,AW19,long coat,0.0,0.0,0.012006856062938871
5539,54,AW19,maxi,0.0,0.0,0.024013717126557355
5539,10,AW19,maxi,0.0,0.0,0.03602057816397838
5539,53,AW19,maxi,0.0566037735849056,0.0,0.010645697400388716
5539,40,AW19,maxi,0.0377358490566037,0.0377358490566037,0.06346483206391944
5539,69,AW19,maxi,0.0377358490566037,0.0188679245283018,0.049742705101156616
5539,35,AW19,maxi,0.0,0.0,0.0009561926044034241
5539,81,AW19,maxi,0.0,0.0,0.0840480223824004
5539,36,AW19,maxi,0.0,0.0,8.379042132285268e-18
5539,46,AW19,maxi,0.0,0.0,0.08233275658235542
5539,90,AW19,maxi,0.0188679245283018,0.0,0.02744424886228511
5539,18,AW19,maxi,0.0943396226415094,0.0188679245283018,0.024013717128711986
5539,95,AW19,maxi,0.0188679245283018,0.0,0.02203263441287988
5539,4,AW19,maxi,0.0,0.0188679245283018,0.01886791953150292
5539,8,AW19,maxi,0.0,0.0377358490566037,0.08404802619970868
5539,100,AW19,maxi,0.0,0.0,0.03602057818762632
5539,21,AW19,maxi,0.0566037735849056,0.0377358490566037,0.05317323684130951
5539,67,AW19,maxi,0.0,0.0188679245283018,0.0600343003325563
5539,57,AW19,maxi,0.0,0.0,0.039451109921354734
5539,29,AW19,maxi,0.0,0.0188679245283018,0.0463121734029758
5539,64,AW19,maxi,0.0,0.0188679245283018,0.017152653658768446
5539,41,AW19,maxi,0.0,0.0188679245283018,0.030324698408148068
5397,15,AW19,patterned top,0.0,0.0,0.0686106296618729
5397,7,AW19,patterned top,0.0,0.0,6.242872826648141e-26
5429,105,AW19,patterned top,0.0,0.0,0.012006856066799522
5397,12,AW19,patterned top,0.0,0.0,0.14922812521875425
5429,108,AW19,patterned top,0.0,0.0,0.015437387799079353
5397,2,AW19,patterned top,0.0,0.0754716981132075,0.0634648320495831
5397,54,AW19,patterned top,0.0,0.0188679245283018,0.06003430031460317
5397,30,AW19,patterned top,0.0,0.0,0.04288164174416525
5397,96,AW19,patterned top,0.0,0.0,0.030874780604116078
5429,83,AW19,patterned top,0.0,0.0377358490566037,0.03312185621443406
5429,121,AW19,patterned top,0.0188679245283018,0.0,0.010291590197058964
5539,115,AW19,maxi,0.0188679245283018,0.0943396226415094,0.14579759393874248
5539,121,AW19,maxi,0.0,0.0188679245283018,0.037735844064006055
5539,85,AW19,maxi,0.0566037735849056,0.0566037735849056,0.06861062963804272
5539,72,AW19,maxi,0.0566037735849056,0.0188679245283018,0.06003430031189314
5539,7,AW19,maxi,0.0,0.0,0.05831903446577701
5539,15,AW19,maxi,0.0377358490566037,0.0188679245283018,0.09948541522380933
5539,91,AW19,maxi,0.0377358490566037,0.0,0.0034374131397915033
5539,31,AW19,maxi,0.0943396226415094,0.0377358490566037,0.09433961761599398
5539,94,AW19,maxi,0.0,0.0,0.09090908582710612
5539,105,AW19,maxi,0.0,0.0,2.85892997236073e-05
5539,19,AW19,maxi,0.0377358490566037,0.0188679245283018,0.04802743925354258
5539,75,AW19,maxi,0.0377358490566037,0.0,0.029159514723951483
5539,14,AW19,maxi,0.0,0.0377358490566037,0.044596907550730154
5539,86,AW19,maxi,0.0,0.0377358490566037,0.04802743926317623
5539,43,AW19,maxi,0.0,0.0,0.06689536380372181
5539,39,AW19,maxi,0.0,0.0188679245283018,0.018867924528301803
5539,80,AW19,maxi,0.0566037735849056,0.0377358490566037,0.0377358490566037
5539,73,AW19,maxi,0.0,0.0188679245283018,0.08404802239707931
5539,9,AW19,maxi,0.0566037735849056,0.0566037735849056,0.07375642728388469
5539,3,AW19,maxi,0.1320754716981132,0.0943396226415094,0.09433962236035541
5539,108,AW19,maxi,0.0188679245283018,0.0,0.0025130269126309255
5539,83,AW19,maxi,0.0188679245283018,0.0188679245283018,0.07375642730214882
5539,82,AW19,maxi,0.0377358490566037,0.0566037735849056,0.08576328831676427
5539,20,AW19,maxi,0.0188679245283018,0.0188679245283018,0.02744424885985615
5539,1,AW19,maxi,0.0188679245283018,0.0754716981132075,0.09262435176953737
5539,51,AW19,maxi,0.0,0.0,0.03602057822929247
5539,89,AW19,maxi,0.0,0.0,0.008435166925173185
5539,12,AW19,maxi,0.0,0.0,0.0
5539,76,AW19,maxi,0.0188679245283018,0.0377358490566037,0.03430531231873919
5539,22,AW19,maxi,0.0377358490566037,0.0188679245283018,0.05660376860080933
5539,93,AW19,maxi,0.0,0.0377358490566037,0.061749566186150316
5539,16,AW19,maxi,0.0188679245283018,0.0188679245283018,0.12864493499795432
5539,56,AW19,maxi,0.0188679245283018,0.0,0.00416529788873486
5539,99,AW19,maxi,0.0566037735849056,0.0,0.0514579709680534
5539,5,AW19,maxi,0.0,0.0,0.01120861064704099
5539,45,AW19,maxi,0.0566037735849056,0.0377358490566037,0.04459690751245463
5497,59,AW19,long coat,0.0,0.0188679245283018,0.013722121926387347
5497,41,AW19,long coat,0.0,0.0,0.013722121929506654
5397,53,AW19,patterned top,0.0,0.0,0.027444253664179612
5474,79,AW19,long dress,0.0,0.0,0.0020321707160165774
5474,110,AW19,long dress,0.0,0.0188679245283018,0.013722121928049221
5474,3,AW19,long dress,0.0,0.0188679245283018,0.01926687837621276
5474,108,AW19,long dress,0.0,0.0,0.002983790758421615
5474,28,AW19,long dress,0.0,0.0188679245283018,0.015437387800532226
5474,93,AW19,long dress,0.0,0.0566037735849056,0.02572898299432464
5474,33,AW19,long dress,0.0,0.0,0.002809698699084982
5474,87,AW19,long dress,0.0,0.0,0.017152657213898047
5474,68,AW19,long dress,0.0,0.0,0.0021130830361834312
5474,27,AW19,long dress,0.0188679245283018,0.0,0.010291590194991698
5474,106,AW19,long dress,0.0,0.0,0.018867919527240408
5474,67,AW19,long dress,0.0,0.0,0.003910491216537646
5474,40,AW19,long dress,0.0754716981132075,0.0,0.013722121924420409
5474,81,AW19,long dress,0.0188679245283018,0.0188679245283018,0.017152657986849475
5474,105,AW19,long dress,0.0,0.0,0.007283660277789692
5474,103,AW19,long dress,0.0,0.0,0.01046819164815814
5474,64,AW19,long dress,0.0,0.0,0.013722121927691547
5498,88,AW19,doll dress,0.0,0.0,9.901302563607986e-12
5498,73,AW19,doll dress,0.0,0.0,0.01372212193249655
5498,110,AW19,doll dress,0.0377358490566037,0.0188679245283018,0.016495775161434842
5498,76,AW19,doll dress,0.0,0.0,0.015437387804816108
5498,85,AW19,doll dress,0.0,0.0,0.022298451270723038
5498,53,AW19,doll dress,0.0,0.0,0.015437387792854997
5498,104,AW19,doll dress,0.0,0.0,2.8115398478957706e-10
5332,87,AW19,doll dress,0.0,0.0,0.010291590196642686
5332,83,AW19,doll dress,0.0,0.0188679245283018,0.015437387794652995
5543,46,AW19,long sleeve,0.0566037735849056,0.0188679245283018,0.008576324333014043
5543,53,AW19,long sleeve,0.0,0.0188679245283018,0.01372212192290741
5543,106,AW19,long sleeve,0.0,0.0188679245283018,0.015437390570711026
5543,47,AW19,long sleeve,0.0,0.0188679245283018,0.018867919528730872
5474,57,AW19,long dress,0.0,0.0,0.017152657086476623
5474,7,AW19,long dress,0.0,0.0,6.40165482620737e-05
5051,108,AW19,trapeze dress,0.0,0.0,0.015437387798406255
5056,32,AW19,sheath dress,0.0,0.0,0.006861058466389724
5389,100,AW19,long sleeve,0.0,0.0,0.018867919527051576
5389,87,AW19,long sleeve,0.0,0.0,0.02401371712219318
5389,93,AW19,long sleeve,0.0,0.0,0.017152653665391107
5389,56,AW19,long sleeve,0.0,0.0,0.02229845125312802
5389,108,AW19,long sleeve,0.0,0.0,0.025728982990645
5389,14,AW19,long sleeve,0.0188679245283018,0.0,0.018867919534381796
5389,31,AW19,long sleeve,0.0,0.0377358490566037,0.05145797099557962
5386,90,AW19,long sleeve,0.0,0.0,0.0007528122328011207
5386,67,AW19,long sleeve,0.0188679245283018,0.0,0.012006856059208666
5386,87,AW19,long sleeve,0.0,0.0,0.027444248855235037
5386,51,AW19,long sleeve,0.0,0.0,0.008262721116711544
5386,22,AW19,long sleeve,0.0,0.0,0.002798468557511276
5386,50,AW19,long sleeve,0.0,0.0377358490566037,0.017152653662462537
5386,117,AW19,long sleeve,0.0,0.0188679245283018,0.016483735860367246
5386,13,AW19,long sleeve,0.0,0.0,0.013342588849390513
5386,28,AW19,long sleeve,0.0,0.0,0.02229845127409092
5386,14,AW19,long sleeve,0.0,0.0,0.00936654274953559
5445,57,AW19,long dress,0.0188679245283018,0.0,0.004143960252813463
5445,40,AW19,long dress,0.0,0.0,0.0
5445,28,AW19,long dress,0.0,0.0188679245283018,0.008576324333032993
5445,108,AW19,long dress,0.0,0.0,0.0004059464564273096
5483,103,AW19,sheath dress,0.0,0.0,0.012006856062533574
5483,95,AW19,sheath dress,0.0,0.0,0.010291590197380263
5543,15,AW19,long sleeve,0.0,0.0377358490566037,0.025728982974677468
5483,83,AW19,sheath dress,0.0,0.0,0.004889327598676484
5483,51,AW19,sheath dress,0.0,0.0188679245283018,0.012006861402917778
5483,73,AW19,sheath dress,0.0188679245283018,0.0188679245283018,0.010291593034947614
5500,92,AW19,culottes,0.0188679245283018,0.0188679245283018,0.013722121930107512
5483,88,AW19,sheath dress,0.0188679245283018,0.0377358490566037,0.015437387800180552
5483,86,AW19,sheath dress,0.0,0.0,0.0002883615611777337
5386,31,AW19,long sleeve,0.0,0.0,0.001077140526485689
5483,106,AW19,sheath dress,0.0188679245283018,0.0,0.012006859888877747
5543,12,AW19,long sleeve,0.0,0.0188679245283018,0.01543738779901128
5531,107,AW19,long sleeve,0.0188679245283018,0.0188679245283018,0.008576324330654991
5531,39,AW19,long sleeve,0.0377358490566037,0.0188679245283018,0.013722121928999005
5537,12,AW19,long sleeve,0.0188679245283018,0.0,0.018867919529527207
4934,88,AW19,long coat,0.0377358490566037,0.0377358490566037,0.028658738848952064
4853,74,AW19,trapeze dress,0.0,0.0,0.001899684282258249
5376,40,AW19,long coat,0.0,0.0,0.013722121926703227
5376,31,AW19,long coat,0.0,0.0,0.013722121934815958
5062,77,AW19,medium coat,0.0188679245283018,0.0,0.012006856063097333
5394,18,AW19,maxi,0.0,0.0188679245283018,0.013722121929811582
5394,67,AW19,maxi,0.0,0.0,0.020583185391873676
5394,107,AW19,maxi,0.0,0.0188679245283018,0.011398465338331658
5394,108,AW19,maxi,0.0,0.0,0.019860483217602396
5394,79,AW19,maxi,0.0,0.0,0.02229845126517323
5397,41,AW19,patterned top,0.0,0.0,0.05660376861621997
5397,64,AW19,patterned top,0.0188679245283018,0.0377358490566037,0.012006856064207844
5397,29,AW19,patterned top,0.0,0.0188679245283018,0.013475211183834618
5397,104,AW19,patterned top,0.0,0.0,0.02572898590227481
5397,115,AW19,patterned top,0.0,0.0,0.04116638027903548
5397,57,AW19,patterned top,0.0,0.0,0.030874780560577835
5397,40,AW19,patterned top,0.0,0.0,0.04288164169232292
5397,69,AW19,patterned top,0.0,0.0,0.0377358440616914
5397,35,AW19,patterned top,0.0,0.0,0.027444248861318424
5072,84,AW19,medium coat,0.0377358490566037,0.0188679245283018,0.008576324330490881
5397,81,AW19,patterned top,0.0,0.0,0.044596907549598455
5397,36,AW19,patterned top,0.0,0.0,0.09262435181625817
5537,15,AW19,long sleeve,0.0,0.0,0.013722121931302225
5397,46,AW19,patterned top,0.0,0.0,0.042881645721095075
5397,18,AW19,patterned top,0.0,0.0,0.04116637585335324
5397,0,AW19,patterned top,0.0,0.0,0.024013717131661446
5397,4,AW19,patterned top,0.0,0.0,0.02572898297796376
5397,100,AW19,patterned top,0.0188679245283018,0.0,0.014485723192975275
5397,21,AW19,patterned top,0.0,0.0,0.03430531230907578
5397,25,AW19,patterned top,0.0188679245283018,0.0,0.0004796066342732531
5397,90,AW19,patterned top,0.0,0.0,0.030874780597706947
4936,21,AW19,short sleeves,0.0,0.0,0.010291594372618736
5537,31,AW19,long sleeve,0.0,0.0754716981132075,0.0205831853960144
5537,80,AW19,long sleeve,0.0,0.0188679245283018,0.020583185394066766
5534,103,AW19,long sleeve,0.0,0.0188679245283018,0.012006856064311943
5534,90,AW19,long sleeve,0.0188679245283018,0.0,0.013722121923539977
5534,53,AW19,long sleeve,0.0,0.0566037735849056,0.015437387798373088
5534,83,AW19,long sleeve,0.0188679245283018,0.0377358490566037,0.015437387799319665
5534,77,AW19,long sleeve,0.0,0.0377358490566037,0.025728982987010866
5534,14,AW19,long sleeve,0.0377358490566037,0.0,0.008966814801587031
5534,15,AW19,long sleeve,0.0188679245283018,0.0188679245283018,0.015437387793892483
5534,12,AW19,long sleeve,0.0,0.0566037735849056,0.03567576266981366
5550,95,AW19,long sleeve,0.0,0.0188679245283018,0.01029159019756726
5550,67,AW19,long sleeve,0.0,0.0188679245283018,0.010291594004626326
5550,1,AW19,long sleeve,0.0,0.0,0.02401371712699499
5550,77,AW19,long sleeve,0.0,0.0,0.02229845126220772
5550,80,AW19,long sleeve,0.0,0.0,0.017152653664212935
5550,19,AW19,long sleeve,0.0188679245283018,0.0,0.01715265366153424
5550,31,AW19,long sleeve,0.0,0.0188679245283018,0.01200685605970031
4850,87,AW19,trapeze dress,0.0,0.0188679245283018,0.0137221219285634
5550,15,AW19,long sleeve,0.0188679245283018,0.0377358490566037,0.02058318539526141
5537,76,AW19,long sleeve,0.0188679245283018,0.0188679245283018,0.013722121928978516
5537,1,AW19,long sleeve,0.0,0.0,0.01372212192841722
5537,20,AW19,long sleeve,0.0,0.0,0.010291590197400084
5546,30,AW19,long sleeve,0.0,0.0,0.012006856063371306
5546,75,AW19,long sleeve,0.0,0.0,0.011493932549778572
5546,9,AW19,long sleeve,0.0,0.0,0.010291590197375277
5537,75,AW19,long sleeve,0.0,0.0377358490566037,0.015437387796814576
5546,24,AW19,long sleeve,0.0,0.0,0.013722121929460407
5546,77,AW19,long sleeve,0.0,0.0,0.013722121925428226
5546,53,AW19,long sleeve,0.0188679245283018,0.0188679245283018,0.012006856063342085
5546,69,AW19,long sleeve,0.0188679245283018,0.0,0.010291590196766965
5546,18,AW19,long sleeve,0.0,0.0188679245283018,0.028780432327543404
5546,95,AW19,long sleeve,0.0,0.0,0.0043653007386484305
5550,30,AW19,long sleeve,0.0,0.0,0.018867919529967615
5546,51,AW19,long sleeve,0.0188679245283018,0.0188679245283018,0.01422175358671318
4936,90,AW19,short sleeves,0.0188679245283018,0.0,3.818812394642907e-05
5073,8,AW19,medium coat,0.0,0.0566037735849056,0.05251029968758094
5365,108,AW19,culottes,0.0,0.0,0.0009526841015399711
5516,3,AW19,long sleeve,0.0,0.0188679245283018,0.00966316270239785
5516,13,AW19,long sleeve,0.0,0.0,0.0004159664871031355
5516,93,AW19,long sleeve,0.0188679245283018,0.0,0.010291590197380263
5526,12,AW19,short cardigan,0.0,0.0,0.01886791952926205
5516,87,AW19,long sleeve,0.0,0.0,0.010291593736954702
5526,2,AW19,short cardigan,0.0,0.0188679245283018,0.02058318538995894
5526,54,AW19,short cardigan,0.0188679245283018,0.0,0.01200685606329042
5514,115,AW19,long sleeve,0.0,0.0,0.006791165106146437
5435,33,AW19,kimono dress,0.0,0.0,0.0044150734988169455
5514,8,AW19,long sleeve,0.0,0.0,0.015437387795820675
5435,93,AW19,kimono dress,0.0188679245283018,0.0,0.01372212193063877
5514,18,AW19,long sleeve,0.0,0.0,0.00010540393236220488
5516,68,AW19,long sleeve,0.0,0.0,0.00423638754007814
5516,72,AW19,long sleeve,0.0,0.0,0.001055687100159323
5008,24,AW19,long sleeve,0.0,0.0,0.006861058466250883
5516,40,AW19,long sleeve,0.0377358490566037,0.0188679245283018,0.022298451269191086
5435,110,AW19,kimono dress,0.0377358490566037,0.0,1.177808126140441e-11
5516,39,AW19,long sleeve,0.0,0.0,2.356599276476907e-09
5516,115,AW19,long sleeve,0.0,0.0,0.00795163255602697
5486,21,AW19,long sleeve,0.0,0.0,0.01715265366618276
5401,96,AW19,kimono dress,0.0,0.0,0.015437392783191284
5486,75,AW19,long sleeve,0.0188679245283018,0.0,0.001713336962935914
5486,56,AW19,long sleeve,0.0566037735849056,0.0566037735849056,0.015437387795548818
5486,13,AW19,long sleeve,0.0,0.0188679245283018,0.027444248863214307
5526,75,AW19,short cardigan,0.0,0.0188679245283018,0.02401371709732105
5400,93,AW19,medium cardigan,0.0188679245283018,0.0377358490566037,0.012006856060235632
4686,105,AW19,doll dress,0.0,0.0,0.030874786117731895
5486,22,AW19,long sleeve,0.0188679245283018,0.0566037735849056,0.022298453638749507
5486,52,AW19,long sleeve,0.0,0.0,0.015437387798885132
5486,68,AW19,long sleeve,0.0,0.0188679245283018,0.010291590197799112
5486,1,AW19,long sleeve,0.0,0.0377358490566037,0.01029159019950309
5401,82,AW19,kimono dress,0.0188679245283018,0.0188679245283018,0.018867919521869017
5486,40,AW19,long sleeve,0.0188679245283018,0.0,0.01029159019537094
5486,69,AW19,long sleeve,0.0,0.0,0.013722121930046585
5486,35,AW19,long sleeve,0.0,0.0,0.018867919526903438
5401,16,AW19,kimono dress,0.0377358490566037,0.0377358490566037,0.01886791953115386
5521,7,AW19,long coat,0.0188679245283018,0.0,0.018867919531294762
5486,0,AW19,long sleeve,0.0,0.0,0.022298454599342956
5486,63,AW19,long sleeve,0.0,0.0,0.010291590196995489
5526,60,AW19,short cardigan,0.0188679245283018,0.0,0.00857632433129004
4971,54,AW19,doll dress,0.0,0.0377358490566037,0.01715265366478078
4971,85,AW19,doll dress,0.0188679245283018,0.0188679245283018,0.010291590197606395
5399,29,AW19,long sleeve,0.0,0.0188679245283018,0.01715265366317586
4684,88,AW19,culottes,0.0,0.0188679245283018,0.01715265749057928
4684,73,AW19,culottes,0.0,0.0,0.01715265365939296
4684,3,AW19,culottes,0.0,0.0566037735849056,0.01715265366011063
4684,99,AW19,culottes,0.0,0.0,0.01372212192327631
4684,28,AW19,culottes,0.0,0.0,0.01715265366344485
5009,102,AW19,long sleeve,0.0,0.0188679245283018,0.01715265366057065
4684,16,AW19,culottes,0.0,0.0377358490566037,0.017152653661260953
5476,43,AW19,solid color top,0.0,0.0188679245283018,0.011608689709233054
5476,3,AW19,solid color top,0.0,0.0,1.6280513567273803e-14
5079,28,AW19,kimono dress,0.0188679245283018,0.0188679245283018,0.015437387797591403
4684,22,AW19,culottes,0.0,0.0754716981132075,0.02401371711125352
5032,95,AW19,long duster,0.0,0.0188679245283018,0.0120068560639844
4684,51,AW19,culottes,0.0,0.0,0.012006856060615178
4684,1,AW19,culottes,0.0,0.0,0.01372212192987878
4684,38,AW19,culottes,0.0,0.0,0.01715265366403425
5079,33,AW19,kimono dress,0.0,0.0,0.01886791951956632
4684,48,AW19,culottes,0.0,0.0,0.015437387798250905
4971,105,AW19,doll dress,0.0,0.0,0.020583185408117346
4684,75,AW19,culottes,0.0188679245283018,0.0377358490566037,0.027444248858517723
5079,88,AW19,kimono dress,0.0,0.0188679245283018,0.012006858902207158
5399,10,AW19,long sleeve,0.0,0.0,0.01543738779276033
5527,125,AW19,long coat,0.0188679245283018,0.0,0.010291590195064688
4971,103,AW19,doll dress,0.0,0.0,0.015437387792191276
5438,83,AW19,long sleeve,0.0,0.0,0.0012961591776796285
5527,103,AW19,long coat,0.0188679245283018,0.0188679245283018,0.01886791952910248
5476,12,AW19,solid color top,0.0,0.0,3.6784380326551854e-05
5476,65,AW19,solid color top,0.0,0.0,0.01715265365904287
5527,46,AW19,long coat,0.0188679245283018,0.0377358490566037,0.0257289829905544
5399,14,AW19,long sleeve,0.0,0.0,0.012006856063256513
5399,22,AW19,long sleeve,0.0188679245283018,0.0,0.01200685605024451
5476,60,AW19,solid color top,0.0188679245283018,0.0,0.001415459175422573
5399,76,AW19,long sleeve,0.0,0.0188679245283018,0.015437392629414678
4684,49,AW19,culottes,0.0,0.0188679245283018,0.018867919519535977
5476,79,AW19,solid color top,0.0,0.0,0.0005961285317277943
5399,47,AW19,long sleeve,0.0,0.0,0.012006856062713074
4684,31,AW19,culottes,0.0,0.0,0.01715265366130541
5399,85,AW19,long sleeve,0.0,0.0188679245283018,0.010291590197844204
4684,19,AW19,culottes,0.0,0.0,0.01715265366222332
5427,57,AW19,medium cardigan,0.0188679245283018,0.0188679245283018,0.013722121927626748
5427,4,AW19,medium cardigan,0.0188679245283018,0.0,0.005145792597667703
5486,94,AW19,long sleeve,0.0188679245283018,0.0,0.013722121931443346
5465,13,AW19,long coat,0.0,0.0188679245283018,0.012006856063691127
5460,105,AW19,kimono dress,0.0,0.0188679245283018,0.017152653645113827
5526,29,AW19,short cardigan,0.0,0.0,0.01543738779694717
5460,75,AW19,kimono dress,0.0,0.0,0.0137221219280143
5460,68,AW19,kimono dress,0.0,0.0,0.009539150875159445
5465,72,AW19,long coat,0.0,0.0,0.010635454783481614
5460,82,AW19,kimono dress,0.0,0.0377358490566037,0.018867919538662934
5001,108,AW19,long sleeve,0.0,0.0,0.04116637579181627
4781,105,AW19,culottes,0.0566037735849056,0.0,0.015437387798317902
5472,54,AW19,long sleeve,0.0,0.0188679245283018,0.013722121927078267
4592,26,AW19,trapeze dress,0.0188679245283018,0.0,0.013722121926207888
5472,15,AW19,long sleeve,0.0,0.0188679245283018,0.015257218981178424
5460,74,AW19,kimono dress,0.0,0.0,0.017152653667659532
5472,94,AW19,long sleeve,0.0,0.0188679245283018,0.013722121935323484
5074,101,AW19,long sleeve,0.0,0.0188679245283018,0.02229845126038616
5472,105,AW19,long sleeve,0.0,0.0,0.012006856056519475
5472,3,AW19,long sleeve,0.0,0.0,0.00117993729693311
5488,4,AW19,long sleeve,0.0,0.0188679245283018,0.011240171720773528
5472,13,AW19,long sleeve,0.0,0.0,0.0037740808677694053
5488,18,AW19,long sleeve,0.0,0.0,0.013111133189827196
5488,69,AW19,long sleeve,0.0,0.0188679245283018,0.018867919540176834
5526,107,AW19,short cardigan,0.0,0.0188679245283018,0.012006856063554975
5526,106,AW19,short cardigan,0.0,0.0,0.015437387796037282
5526,87,AW19,short cardigan,0.0,0.0188679245283018,0.01029159019732174
5526,72,AW19,short cardigan,0.0,0.0,0.01543738779549358
5521,45,AW19,long coat,0.0,0.0188679245283018,0.018867919527812332
5488,96,AW19,long sleeve,0.0377358490566037,0.0,0.0008799732484499451
5488,52,AW19,long sleeve,0.0,0.0,0.015437387796352932
5521,76,AW19,long coat,0.0188679245283018,0.0,0.020583185386407285
5488,89,AW19,long sleeve,0.0,0.0,0.0006976466916346506
5001,26,AW19,long sleeve,0.0,0.0,0.022298451262212166
5488,87,AW19,long sleeve,0.0,0.0,0.017152653657064997
5488,61,AW19,long sleeve,0.0,0.0,0.002315373611641734
5488,82,AW19,long sleeve,0.0,0.0,0.02401372099301444
5488,83,AW19,long sleeve,0.0,0.0,0.013722121935073833
5526,40,AW19,short cardigan,0.0754716981132075,0.0,0.027444248859995538
5521,115,AW19,long coat,0.0,0.0377358490566037,0.0171526536626223
5488,40,AW19,long sleeve,0.0,0.0,0.010291590201224401
5526,18,AW19,short cardigan,0.0,0.0,0.017152653656745957
5074,121,AW19,long sleeve,0.0,0.0188679245283018,0.013352745399136367
5466,15,AW19,kimono dress,0.0,0.0,0.01200685961139468
5472,52,AW19,long sleeve,0.0,0.0,0.0029401266223891167
5518,121,AW19,long sleeve,0.0,0.0,0.01200685606348994
5518,53,AW19,long sleeve,0.0188679245283018,0.0,0.00686106101698071
5518,46,AW19,long sleeve,0.0,0.0,1.0736345770731768e-05
5413,3,AW19,long sleeve,0.0,0.0,0.020583190377879278
5486,96,AW19,long sleeve,0.0188679245283018,0.0,0.013722121929437076
5479,49,AW19,long sleeve,0.0,0.0188679245283018,0.012006856062564068
5486,30,AW19,long sleeve,0.0,0.0,0.010291590197400084
5479,27,AW19,long sleeve,0.0,0.0,0.004890229289969531
5479,109,AW19,long sleeve,0.0,0.0,0.01200685606273484
5479,32,AW19,long sleeve,0.0,0.0,0.00021234721385373715
5413,46,AW19,long sleeve,0.0,0.0,0.015437387795085815
5486,7,AW19,long sleeve,0.0,0.0377358490566037,0.01635730292147159
5486,65,AW19,long sleeve,0.0188679245283018,0.0,0.010291590194857418
5526,3,AW19,short cardigan,0.0754716981132075,0.0188679245283018,0.01200685606360956
5427,106,AW19,medium cardigan,0.0,0.0,0.012006856063330943
5427,82,AW19,medium cardigan,0.0,0.0,0.01372212192882346
5526,39,AW19,short cardigan,0.0,0.0,0.01886791952187015
5518,82,AW19,long sleeve,0.0,0.0,0.02058318538796415
5518,3,AW19,long sleeve,0.0,0.0,0.008793294804242435
5388,27,AW19,long sleeve,0.0188679245283018,0.0,0.00209949898959468
5518,88,AW19,long sleeve,0.0,0.0,0.013722125398175047
5074,59,AW19,long sleeve,0.0,0.0,0.013722121930366118
5472,87,AW19,long sleeve,0.0377358490566037,0.0,0.013722121933082558
5466,108,AW19,kimono dress,0.0,0.0,0.0002956201196946426
5472,68,AW19,long sleeve,0.0,0.0,0.010291590197244687
5466,16,AW19,kimono dress,0.0377358490566037,0.0188679245283018,0.010291590197111
5058,10,AW19,long sleeve,0.0,0.0,0.010291590197253873
5058,15,AW19,long sleeve,0.0377358490566037,0.0188679245283018,0.010291590197814489
5472,53,AW19,long sleeve,0.0188679245283018,0.0377358490566037,0.013722121927126015
5430,40,AW19,kimono dress,0.0,0.0,0.0036467574324191535
5472,81,AW19,long sleeve,0.0,0.0,0.01715265366175906
5466,53,AW19,kimono dress,0.0188679245283018,0.0188679245283018,0.020583185398660712
5466,90,AW19,kimono dress,0.0,0.0,0.012006861293593225
5472,57,AW19,long sleeve,0.0,0.0,0.012006856081685672
5518,15,AW19,long sleeve,0.0,0.0188679245283018,0.022298451257121158
5388,15,AW19,long sleeve,0.0188679245283018,0.0,0.015437387793176214
5388,31,AW19,long sleeve,0.0,0.0188679245283018,0.009507830257596769
5388,65,AW19,long sleeve,0.0,0.0377358490566037,0.013722121928964466
5518,43,AW19,long sleeve,0.0,0.0,0.0032653237543619094
5466,47,AW19,kimono dress,0.0,0.0377358490566037,0.012006856061064749
4684,53,AW19,culottes,0.0,0.0188679245283018,0.017152653662586847
4881,105,AW19,trapeze dress,0.0,0.0377358490566037,0.01029159020047066
5455,88,AW19,solid color top,0.0,0.0,0.01886791952638362
4771,59,AW19,medium coat,0.0,0.0,0.018867919522164982
4771,67,AW19,medium coat,0.0,0.0,0.029159514712053077
4771,101,AW19,medium coat,0.0188679245283018,0.0,0.018867919522475417
5455,93,AW19,solid color top,0.0,0.0188679245283018,0.044596907527530046
4771,88,AW19,medium coat,0.0,0.0,0.022298451259523146
5009,108,AW19,long sleeve,0.0,0.0,0.0022438535558705008
5514,68,AW19,long sleeve,0.0,0.0188679245283018,0.010291590196073206
5079,103,AW19,kimono dress,0.0,0.0,0.0002754876787092775
5514,51,AW19,long sleeve,0.0,0.0,0.013722121930191705
5514,89,AW19,long sleeve,0.0,0.0,0.018867919519653543
5455,108,AW19,solid color top,0.0,0.0,0.04459690752561918
5338,13,AW19,kimono dress,0.0,0.0,0.013731243463986883
5341,46,AW19,kimono dress,0.0377358490566037,0.0,0.00013326631475212963
4806,81,AW19,culottes,0.0188679245283018,0.0,0.00857632433099126
4963,108,AW19,long cardigan,0.0,0.0,0.010291593993237721
5455,91,AW19,solid color top,0.0,0.0,0.017152653662723998
5436,88,AW19,long sleeve,0.0,0.0,0.015437387793825785
5038,82,AW19,long sleeve,0.0,0.0188679245283018,0.010291590197454433
5430,88,AW19,kimono dress,0.0754716981132075,0.0,0.015437390934385356
5452,64,AW19,long coat,0.0188679245283018,0.0188679245283018,0.018867924247147814
5436,24,AW19,long sleeve,0.0,0.0,0.018867919525729006
5430,3,AW19,kimono dress,0.0754716981132075,0.0,0.022298451263550564
5027,105,AW19,long coat,0.0,0.0,0.013722121929963901
5338,89,AW19,kimono dress,0.0,0.0,0.012006856063211146
5514,82,AW19,long sleeve,0.0,0.0,1.386196189078435e-41
4771,44,AW19,medium coat,0.0188679245283018,0.0188679245283018,0.020583185394901567
4762,92,AW19,medium coat,0.0,0.0,0.000991018635776663
4778,26,AW19,medium coat,0.0,0.0,0.01543739178885618
5383,87,AW19,culottes,0.0,0.0188679245283018,0.008576324328717817
4778,101,AW19,medium coat,0.0188679245283018,0.0188679245283018,0.010291590197550991
4973,49,AW19,culottes,0.0,0.0,0.013722121931464364
5455,95,AW19,solid color top,0.0377358490566037,0.0,0.015437387797499282
5455,57,AW19,solid color top,0.0188679245283018,0.0,0.013722121924450431
5455,64,AW19,solid color top,0.0,0.0,0.022298451266322933
4778,10,AW19,medium coat,0.0754716981132075,0.0,0.013722125707823534
4973,22,AW19,culottes,0.0,0.0,0.0005970772868803876
5455,35,AW19,solid color top,0.0,0.0188679245283018,0.010589001842090726
5455,69,AW19,solid color top,0.0,0.0,0.02058318539848455
5359,94,AW19,culottes,0.0188679245283018,0.0188679245283018,0.010291594004626326
5455,74,AW19,solid color top,0.0,0.0,4.189520910070809e-18
4779,85,AW19,medium coat,0.0188679245283018,0.0377358490566037,0.022298451247543895
4597,53,AW19,solid color top,0.0,0.0,0.015437387796353088
5377,88,AW19,long sleeve,0.0188679245283018,0.0,0.017152653663255617
4779,108,AW19,medium coat,0.0377358490566037,0.0,0.015437387797354837
5015,87,AW19,medium coat,0.0188679245283018,0.0,0.012006856062531423
5455,68,AW19,solid color top,0.0,0.0566037735849056,0.037735848679893776
5455,87,AW19,solid color top,0.0,0.0,0.017152653662769513
5015,41,AW19,medium coat,0.0,0.0,0.012006856063900027
4779,60,AW19,medium coat,0.0,0.0,0.0011412594322756729
4779,7,AW19,medium coat,0.0377358490566037,0.0566037735849056,0.027444248867581886
5338,20,AW19,kimono dress,0.0,0.0377358490566037,0.015437387792909171
5436,46,AW19,long sleeve,0.0,0.0,0.018867919527897133
5455,100,AW19,solid color top,0.0,0.0,0.029159514726217833
5500,94,AW19,culottes,0.0188679245283018,0.0377358490566037,0.018867924364046003
4684,95,AW19,culottes,0.0,0.0,0.01715265366163855
5514,72,AW19,long sleeve,0.0,0.0,0.015437392607243448
5514,69,AW19,long sleeve,0.0,0.0188679245283018,0.018867919527688157
4872,96,AW19,culottes,0.0,0.0188679245283018,0.01029159019668674
4684,64,AW19,culottes,0.0188679245283018,0.0188679245283018,0.015126135347819331
5079,40,AW19,kimono dress,0.0,0.0566037735849056,0.027444248859419262
5514,26,AW19,long sleeve,0.0,0.0188679245283018,0.013722121926692497
5079,20,AW19,kimono dress,0.0,0.0,0.025728982989837952
4684,102,AW19,culottes,0.0188679245283018,0.0,0.012006856062461201
5514,36,AW19,long sleeve,0.0,0.0,0.017152653663789316
5500,12,AW19,culottes,0.0,0.0,0.015437387795850842
5500,15,AW19,culottes,0.0,0.0,0.013722121929522197
5476,85,AW19,solid color top,0.0,0.0,1.3861962097343674e-41
4684,29,AW19,culottes,0.0,0.0,0.034305312315231797
4684,4,AW19,culottes,0.0188679245283018,0.0377358490566037,0.010291590198024482
5021,76,AW19,long sleeve,0.0188679245283018,0.0188679245283018,0.013722121936678287
4854,21,AW19,doll dress,0.0,0.0,0.013722121932194985
5021,87,AW19,long sleeve,0.0,0.0,0.022298451260608733
5434,36,AW19,culottes,0.0,0.0,0.01715265365917226
5377,77,AW19,long sleeve,0.0,0.0188679245283018,0.010291590196897408
4684,81,AW19,culottes,0.0188679245283018,0.0188679245283018,0.010874152041146536
4763,44,AW19,medium coat,0.0377358490566037,0.0188679245283018,0.015437387798558007
4684,74,AW19,culottes,0.0,0.0,0.02401371713534288
5377,45,AW19,long sleeve,0.0377358490566037,0.0188679245283018,0.013240240888743642
4684,46,AW19,culottes,0.0,0.0,0.015437387794377056
5009,24,AW19,long sleeve,0.0,0.0188679245283018,0.013722121928989061
5434,63,AW19,culottes,0.0377358490566037,0.0188679245283018,0.008576324336301433
5452,74,AW19,long coat,0.0,0.0,0.012006856061976814
5476,26,AW19,solid color top,0.0,0.0188679245283018,0.013651330044551168
5377,108,AW19,long sleeve,0.0,0.0377358490566037,0.022298451261180147
5527,73,AW19,long coat,0.0,0.0188679245283018,0.02744424884915805
5527,12,AW19,long coat,0.0188679245283018,0.0,0.020583188734991775
5079,85,AW19,kimono dress,0.0,0.0,0.007004518838461576
5494,48,AW19,long sleeve,0.0,0.0,0.0014271407396573242
5430,16,AW19,kimono dress,0.0188679245283018,0.0188679245283018,0.014431737605571043
5027,16,AW19,long coat,0.0,0.0188679245283018,0.01372212781277443
5452,77,AW19,long coat,0.0,0.0188679245283018,0.013722121928566679
5455,30,AW19,solid color top,0.0,0.0,0.022298451258467657
4684,18,AW19,culottes,0.0,0.0188679245283018,0.02058318539420996
5558,19,AW19,medium coat,0.0,0.0188679245283018,0.020583189776391987
5558,43,AW19,medium coat,0.0,0.0188679245283018,0.022298451261632594
5551,108,AW19,long sleeve,0.0188679245283018,0.0377358490566037,0.022298451256087516
5558,31,AW19,medium coat,0.0,0.0,0.022298498202444058
5551,76,AW19,long sleeve,0.0188679245283018,0.0566037735849056,0.013722121925805787
5558,75,AW19,medium coat,0.0377358490566037,0.0,0.0037313219566802312
5551,51,AW19,long sleeve,0.0,0.0,0.013722121931002744
5552,29,AW19,long sleeve,0.0,0.0,0.007496816770698298
5557,99,AW19,medium coat,0.0188679245283018,0.0,0.013722121932693123
5464,108,AW19,sheath dress,0.0,0.0,0.0021410109519211223
5483,26,AW19,sheath dress,0.0188679245283018,0.0,0.010291590195944576
5536,64,AW19,medium coat,0.0188679245283018,0.0,0.015437387797329557
5556,69,AW19,long sleeve,0.0,0.0188679245283018,0.013722121929009392
5556,8,AW19,long sleeve,0.0,0.0566037735849056,0.017152653657897213
5464,15,AW19,sheath dress,0.0,0.0,0.002686500592585638
5556,102,AW19,long sleeve,0.0,0.0,0.012006856062998455
5556,29,AW19,long sleeve,0.0,0.0,0.01715265891912165
5551,80,AW19,long sleeve,0.0566037735849056,0.0,0.03430531233727043
5536,4,AW19,medium coat,0.0188679245283018,0.0,0.018867919529304267
5536,13,AW19,medium coat,0.0188679245283018,0.0188679245283018,0.02229845126478199
5551,12,AW19,long sleeve,0.0188679245283018,0.0,0.01886791953063227
5536,101,AW19,medium coat,0.0566037735849056,0.0566037735849056,0.01200685605977471
5551,31,AW19,long sleeve,0.0,0.0,0.010291590197180258
5558,39,AW19,medium coat,0.0,0.0,0.0205831853938768
5551,94,AW19,long sleeve,0.0,0.0188679245283018,0.022298451263023884
5441,76,AW19,long dress,0.0,0.0,0.00030952614338432575
5381,90,AW19,long sleeve,0.0188679245283018,0.0,0.015437390400516
5551,15,AW19,long sleeve,0.0,0.0,0.013722121927889224
5551,29,AW19,long sleeve,0.0,0.0,0.013722121930000136
5551,74,AW19,long sleeve,0.0,0.0,0.018867919535084876
5557,47,AW19,medium coat,0.0,0.0,0.01200686016957174
5552,56,AW19,long sleeve,0.0,0.0,0.017152653660742426
5552,13,AW19,long sleeve,0.0,0.0,0.024013717130878694
5557,1,AW19,medium coat,0.0188679245283018,0.0,0.018867919530446257
5557,87,AW19,medium coat,0.0188679245283018,0.0188679245283018,0.013642579701278983
5557,51,AW19,medium coat,0.0188679245283018,0.0,0.020583190397660194
5557,15,AW19,medium coat,0.0,0.0,0.01886791952646275
5552,69,AW19,long sleeve,0.0,0.0,0.013722121931020827
5557,20,AW19,medium coat,0.0,0.0,0.013722121929812148
5557,89,AW19,medium coat,0.0377358490566037,0.0188679245283018,0.02401371712153076
5552,22,AW19,long sleeve,0.0188679245283018,0.0,0.010291590196995489
5557,76,AW19,medium coat,0.0188679245283018,0.0377358490566037,0.01715265366041308
5552,76,AW19,long sleeve,0.0377358490566037,0.0188679245283018,0.008576324331136215
5557,93,AW19,medium coat,0.0,0.0188679245283018,0.013117733474072798
5552,89,AW19,long sleeve,0.0,0.0188679245283018,0.017152653667341602
5552,101,AW19,long sleeve,0.0,0.0,0.013722121929873883
5557,56,AW19,medium coat,0.0188679245283018,0.0,0.01200685606464778
5557,28,AW19,medium coat,0.0188679245283018,0.0188679245283018,0.02058318539528292
5557,86,AW19,medium coat,0.0,0.0,0.015437387794819835
5551,1,AW19,long sleeve,0.0,0.0377358490566037,0.01715265365854607
5556,51,AW19,long sleeve,0.0,0.0,0.013722121929108162
5552,80,AW19,long sleeve,0.0,0.0,0.01715265365706962
5551,69,AW19,long sleeve,0.0,0.0,0.012676371328842258
5551,36,AW19,long sleeve,0.0,0.0566037735849056,0.013722121931294217
5551,26,AW19,long sleeve,0.0,0.0377358490566037,0.037735848775449714
5551,18,AW19,long sleeve,0.0,0.0,0.022298451257749662
5558,12,AW19,medium coat,0.0377358490566037,0.0377358490566037,0.029159514722527563
5551,8,AW19,long sleeve,0.0188679245283018,0.0,0.024013717130269764
5557,39,AW19,medium coat,0.0,0.0,0.025728982993660967
5536,22,AW19,medium coat,0.0377358490566037,0.0566037735849056,0.018868425431866436
5511,26,AW19,long sleeve,0.0,0.0,4.189520847642081e-18
5552,43,AW19,long sleeve,0.0377358490566037,0.0,0.013722121930972638
5464,57,AW19,sheath dress,0.0,0.0,0.010291590197347102
5557,12,AW19,medium coat,0.0,0.0,0.020583190277763244
5557,103,AW19,medium coat,0.0,0.0,0.005276845487243537
5464,8,AW19,sheath dress,0.0,0.0,0.01715265366341297
5557,46,AW19,medium coat,0.0,0.0188679245283018,0.016093633296993357
5557,81,AW19,medium coat,0.0,0.0,0.01715265365843473
5464,4,AW19,sheath dress,0.0566037735849056,0.0,0.015437387787536058
5557,85,AW19,medium coat,0.0566037735849056,0.0188679245283018,0.008576324329984085
5557,8,AW19,medium coat,0.0,0.0,0.005966466723235501
5529,19,AW19,culottes,0.0188679245283018,0.0188679245283018,0.020583185395661233
5553,43,AW19,long sleeve,0.0,0.0188679245283018,0.012006856062145502
5556,56,AW19,long sleeve,0.0,0.0188679245283018,0.013722121924271162
5549,103,AW19,short coat,0.0,0.0377358490566037,0.018909148181569066
5549,4,AW19,short coat,0.0377358490566037,0.0,0.015437387800420001
5540,108,AW19,culottes,0.0,0.0,0.013297116010421106
5498,108,AW19,doll dress,0.0188679245283018,0.0188679245283018,0.015437393852281999
5540,56,AW19,culottes,0.0188679245283018,0.0,0.0061970112782540054
5498,109,AW19,doll dress,0.0188679245283018,0.0188679245283018,0.018867919521705568
5540,45,AW19,culottes,0.0188679245283018,0.0188679245283018,0.012006859688061904
5521,2,AW19,long coat,0.0,0.0,0.025728983000147334
5498,4,AW19,doll dress,0.0,0.0,0.013722121928611391
5540,1,AW19,culottes,0.0,0.0566037735849056,0.025728982994927794
5498,8,AW19,doll dress,0.0,0.0,0.01886791951590401
5501,35,AW19,long dress,0.0,0.0,0.02058318538467063
5554,47,AW19,long sleeve,0.0,0.0,5.408672167497127e-19
5549,26,AW19,short coat,0.0,0.0,0.012006856064611323
5549,121,AW19,short coat,0.0,0.0,0.017152653660303444
5540,67,AW19,culottes,0.0188679245283018,0.0,0.01029159019655492
5554,13,AW19,long sleeve,0.0,0.0188679245283018,0.03087478059223359
5549,51,AW19,short coat,0.0,0.0188679245283018,0.012006856064054541
5549,3,AW19,short coat,0.0,0.0,0.0014359136634576864
5554,80,AW19,long sleeve,0.0,0.0,0.020583185389541608
5554,86,AW19,long sleeve,0.0188679245283018,0.0188679245283018,0.01886792350380067
5549,105,AW19,short coat,0.0,0.0,0.010291590197400084
5554,14,AW19,long sleeve,0.0,0.0,0.020583185395561168
5549,59,AW19,short coat,0.0,0.0,0.013722125158740148
5549,54,AW19,short coat,0.0188679245283018,0.0,0.010291590198762812
4656,108,AW19,culottes,0.1132075471698113,0.0754716981132075,0.01715265366331839
5567,54,AW19,long sleeve,0.0188679245283018,0.0188679245283018,0.012006856064324617
5527,5,AW19,long coat,0.0,0.0188679245283018,0.013722121935296153
5520,69,AW19,doll dress,0.0,0.0,0.015437387797821939
4931,74,AW19,culottes,0.0,0.0,0.013722121927496087
5527,22,AW19,long coat,0.0188679245283018,0.0188679245283018,0.02058318538906354
4931,6,AW19,culottes,0.0188679245283018,0.0188679245283018,0.01715265366507118
5529,87,AW19,culottes,0.0,0.0,0.02401371712627384
5474,109,AW19,long dress,0.0,0.0,0.012006856065060087
5474,72,AW19,long dress,0.0566037735849056,0.0,4.13118654117129e-49
5527,80,AW19,long coat,0.0188679245283018,0.0,0.012006856066793303
4938,88,AW19,culottes,0.0,0.0,0.017152653663515396
5527,1,AW19,long coat,0.0566037735849056,0.0188679245283018,0.013722121932186821
5474,95,AW19,long dress,0.0188679245283018,0.0,0.013722121930260612
5540,2,AW19,culottes,0.0,0.0,0.006780187483615053
5527,43,AW19,long coat,0.0,0.0,0.02401371711608827
4933,87,AW19,culottes,0.0,0.0,0.020583190355359857
5520,43,AW19,doll dress,0.0188679245283018,0.0,0.008576324331374448
5527,20,AW19,long coat,0.0,0.0,0.018867919525991362
5540,31,AW19,culottes,0.0,0.0,0.020583185396817177
4977,23,AW19,doll dress,0.0,0.0,0.012006856064465903
5498,39,AW19,doll dress,0.0,0.0377358490566037,0.03754725555518619
5554,8,AW19,long sleeve,0.0,0.0,0.02401371712259639
5554,104,AW19,long sleeve,0.0188679245283018,0.0,0.012006856063380353
4970,75,AW19,long coat,0.0,0.0,0.012006856065196737
5540,80,AW19,culottes,0.0,0.0,0.01886791952670028
5556,22,AW19,long sleeve,0.0188679245283018,0.0,0.01200685606308757
5554,12,AW19,long sleeve,0.0,0.0377358490566037,0.02229845125697374
5444,13,AW19,long sleeve,0.0,0.0,0.010291593592639137
5558,56,AW19,medium coat,0.0188679245283018,0.0,0.02572898299994445
5558,28,AW19,medium coat,0.0,0.0,0.02058318539529892
5567,121,AW19,long sleeve,0.0,0.0,0.018867919526940717
5558,108,AW19,medium coat,0.0,0.0,4.189520910070807e-18
5558,9,AW19,medium coat,0.0188679245283018,0.0,0.012006856065130156
5553,15,AW19,long sleeve,0.0,0.0,0.017152653659860264
5553,12,AW19,long sleeve,0.0,0.0,0.015437387790688373
5553,96,AW19,long sleeve,0.0188679245283018,0.0188679245283018,0.010291590196872646
5521,105,AW19,long coat,0.0,0.0,0.015437387796587298
5567,74,AW19,long sleeve,0.0,0.0188679245283018,0.013722121927761646
5556,15,AW19,long sleeve,0.0377358490566037,0.0,0.013722121932052349
5545,76,AW19,medium coat,0.0,0.0,0.015437387797228277
5001,29,AW19,long sleeve,0.0,0.0,0.00617860254385247
5556,91,AW19,long sleeve,0.0188679245283018,0.0188679245283018,0.008576324330519048
5545,40,AW19,medium coat,0.0188679245283018,0.0377358490566037,0.010291590199871064
5545,35,AW19,medium coat,0.0188679245283018,0.0188679245283018,0.0188679195321553
5545,81,AW19,medium coat,0.0,0.0377358490566037,0.015437387789916716
5556,31,AW19,long sleeve,0.0,0.0188679245283018,0.012006856065930308
5381,108,AW19,long sleeve,0.0,0.0,4.5782899664531266e-07
5556,86,AW19,long sleeve,0.0188679245283018,0.0188679245283018,0.01200685606288289
5545,64,AW19,medium coat,0.0,0.0,0.015437387795632281
5536,12,AW19,medium coat,0.0188679245283018,0.0377358490566037,0.03945111742326065
5536,7,AW19,medium coat,0.0,0.0188679245283018,0.018867919530516253
5558,93,AW19,medium coat,0.0,0.0188679245283018,0.011132493608278702
5553,104,AW19,long sleeve,0.0,0.0,0.010291590197402431
5558,89,AW19,medium coat,0.0377358490566037,0.0188679245283018,0.015437387796951208
5558,20,AW19,medium coat,0.0,0.0,0.03259004645310073
4845,46,AW19,sleeveless,0.0566037735849056,0.0,0.020583185395180573
5553,115,AW19,long sleeve,0.0,0.0188679245283018,0.011567833908563049
5495,8,AW19,solid color top,0.0,0.0,0.015437387794344979
5495,107,AW19,solid color top,0.0566037735849056,0.0377358490566037,0.018867919541146493
5495,87,AW19,solid color top,0.0188679245283018,0.0754716981132075,0.05571278334783451
5553,8,AW19,long sleeve,0.0188679245283018,0.0188679245283018,0.022298451260311825
5545,30,AW19,medium coat,0.0,0.0,0.018867919521884026
4874,108,AW19,doll dress,0.0,0.0188679245283018,0.015437391172379623
5553,101,AW19,long sleeve,0.0,0.0,0.012006856063640284
5553,47,AW19,long sleeve,0.0,0.0377358490566037,0.0634648320429628
5553,89,AW19,long sleeve,0.0377358490566037,0.0,5.623079737686765e-10
5553,56,AW19,long sleeve,0.0,0.0,0.013722121929943173
5553,73,AW19,long sleeve,0.0377358490566037,0.0188679245283018,0.013722121930038845
5558,115,AW19,medium coat,0.0,0.0,0.018867919531390987
5558,57,AW19,medium coat,0.0188679245283018,0.0188679245283018,0.01543738780808836
5558,44,AW19,medium coat,0.0566037735849056,0.0188679245283018,0.008762067766312163
5558,103,AW19,medium coat,0.0,0.0,0.017152653662347146
5558,46,AW19,medium coat,0.0,0.0,0.004599673334653378
5558,81,AW19,medium coat,0.0,0.0,0.012006856062355648
5558,53,AW19,medium coat,0.0566037735849056,0.0,0.017152653659743902
5567,19,AW19,long sleeve,0.0,0.0188679245283018,0.01543738779692556
5567,80,AW19,long sleeve,0.0,0.0377358490566037,0.030874780587499352
5558,27,AW19,medium coat,0.0188679245283018,0.0,0.012006856067435038
5558,1,AW19,medium coat,0.0,0.0188679245283018,0.024013717125112924
5543,108,AW19,long sleeve,0.0,0.0377358490566037,0.041229897132374994
5555,28,AW19,long sleeve,0.0,0.0,5.894287276715318e-14
5429,95,AW19,patterned top,0.0,0.0,0.013722121928189234
5522,76,AW19,solid color top,0.0188679245283018,0.0,0.010801481118913759
5061,108,AW19,long coat,0.0,0.0,0.01200685606530127
5061,3,AW19,long coat,0.0377358490566037,0.0,0.02058318539244653
5397,24,AW19,patterned top,0.0,0.0,0.027444248824333488
5061,10,AW19,long coat,0.0188679245283018,0.0,0.010291590196343495
5561,41,AW19,long coat,0.0188679245283018,0.0188679245283018,0.01715265366382959
5561,104,AW19,long coat,0.0188679245283018,0.0377358490566037,0.010291590195856624
5561,18,AW19,long coat,0.0,0.0,0.0240137171299898
5451,26,AW19,medium coat,0.0188679245283018,0.0188679245283018,0.01513683190626151
5561,69,AW19,long coat,0.0,0.0,0.012006856063064588
5561,20,AW19,long coat,0.0,0.0,0.020583185388430538
5561,47,AW19,long coat,0.0,0.0,0.0024543147461022277
5561,24,AW19,long coat,0.0,0.0188679245283018,0.01979217391494118
5492,101,AW19,solid color top,0.0,0.0188679245283018,0.012006859936631809
5451,22,AW19,medium coat,0.0188679245283018,0.0,0.010291590197145489
5561,28,AW19,long coat,0.0,0.0188679245283018,0.018867919530971517
5561,108,AW19,long coat,0.0,0.0,0.010291590197627628
5397,92,AW19,patterned top,0.0188679245283018,0.0,0.013722121929325837
5522,65,AW19,solid color top,0.0,0.0188679245283018,0.022298451269521784
5397,73,AW19,patterned top,0.0,0.0,0.027444252179293076
5492,26,AW19,solid color top,0.0,0.0,0.01372212192923227
4771,108,AW19,medium coat,0.0,0.0,0.02915951473451159
5522,3,AW19,solid color top,0.0,0.0,0.0009611269544340991
5372,30,AW19,gitana skirt,0.0,0.0,0.00013469164350461352
5397,117,AW19,patterned top,0.0,0.0,0.01886791952813695
5522,56,AW19,solid color top,0.0,0.0188679245283018,0.018867924528301796
5561,19,AW19,long coat,0.0,0.0188679245283018,0.02229845126201407
5561,75,AW19,long coat,0.0,0.0,0.02058318539408669
5561,48,AW19,long coat,0.0,0.0188679245283018,0.029159514727226533
5561,92,AW19,long coat,0.0,0.0,0.012006856062553759
5561,3,AW19,long coat,0.0188679245283018,0.0,0.022298451258566384
5522,108,AW19,solid color top,0.0,0.0,0.007626658359897969
5397,79,AW19,patterned top,0.0,0.0,0.02229845817830802
5397,106,AW19,patterned top,0.0566037735849056,0.0188679245283018,0.03773584405648802
5397,109,AW19,patterned top,0.0,0.0,0.008144485132404398
5397,102,AW19,patterned top,0.0188679245283018,0.0,0.008576324330920143
5542,35,AW19,kimono dress,0.0,0.0,0.0013988981466155287
5397,59,AW19,patterned top,0.0377358490566037,0.0,0.0037346715768299356
5072,108,AW19,medium coat,0.0,0.0,0.015437387795838349
5517,79,AW19,long sleeve,0.0,0.0188679245283018,0.01886773529444002
4983,10,AW19,short sleeves,0.0,0.0,0.007175622751283538
4981,88,AW19,doll dress,0.0188679245283018,0.0188679245283018,0.008576324332207381
4684,15,AW19,culottes,0.0,0.0,0.01886791952733374
5497,8,AW19,long coat,0.0,0.0,0.015437391082222683
5497,77,AW19,long coat,0.0,0.0,0.01029159020012161
5497,15,AW19,long coat,0.0,0.0,0.017152653661578615
5490,84,AW19,culottes,0.0,0.0,0.003119271221009421
5519,107,AW19,long coat,0.0,0.0377358490566037,0.01200685606120925
5428,110,AW19,sheath dress,0.0,0.0188679245283018,0.013722121931109407
4684,93,AW19,culottes,0.0188679245283018,0.0,0.010291590198613181
5519,16,AW19,long coat,0.0,0.0188679245283018,0.006861058465430434
5519,99,AW19,long coat,0.0,0.0188679245283018,0.008576324332143169
5397,107,AW19,patterned top,0.0,0.0,0.0017645047001619196
5530,30,AW19,medium coat,0.0,0.0188679245283018,0.02058318539563829
5530,12,AW19,medium coat,0.0188679245283018,0.0377358490566037,0.03254051282230665
5530,94,AW19,medium coat,0.0,0.0188679245283018,0.015437387797576911
5447,18,AW19,solid color top,0.0,0.0188679245283018,0.01372212192953488
5351,24,AW19,kimono dress,0.0188679245283018,0.0188679245283018,0.017152653662969745
5066,66,AW19,long coat,0.0,0.0188679245283018,0.013722121928106125
5447,80,AW19,solid color top,0.0,0.0,0.024013721779655123
5504,2,AW19,medium coat,0.0188679245283018,0.0,0.01372212193343136
5504,31,AW19,medium coat,0.0188679245283018,0.0188679245283018,0.01715265366023102
5504,22,AW19,medium coat,0.0,0.0,0.018867919521244177
4684,87,AW19,culottes,0.0188679245283018,0.0,6.150171854368761e-10
5351,108,AW19,kimono dress,0.0,0.0,0.018867919530828423
5428,48,AW19,sheath dress,0.0,0.0188679245283018,0.013722126083462809
5530,87,AW19,medium coat,0.0188679245283018,0.0188679245283018,0.015437387786480362
5541,115,AW19,kimono dress,0.0,0.0,0.015437392616047608
5397,14,AW19,patterned top,0.0,0.0,0.0377358440548893
4779,121,AW19,medium coat,0.0188679245283018,0.0377358490566037,0.0205831853942224
5070,107,AW19,long coat,0.0,0.0,0.013722121930982115
5539,107,AW19,maxi,0.0,0.0377358490566037,0.04974271069728863
5459,104,AW19,culottes,0.0,0.0,0.013722121929511576
5559,99,AW19,long sleeve,0.0,0.0,0.013722121931295149
5559,108,AW19,long sleeve,0.0,0.0,0.010488785602456632
5559,80,AW19,long sleeve,0.0,0.0,0.0075196423183542666
5559,88,AW19,long sleeve,0.0,0.0,0.002896782839987979
5559,43,AW19,long sleeve,0.0,0.0,0.0012189145953186771
5539,32,AW19,maxi,0.0377358490566037,0.0943396226415094,0.08404802237751781
5559,86,AW19,long sleeve,0.0,0.0,6.242872454543941e-26
5559,84,AW19,long sleeve,0.0,0.0,0.0062086706030690785
5539,26,AW19,maxi,0.0,0.0,0.029159514727287367
5040,3,AW19,solid color top,0.0,0.0,0.022298451265113164
5500,69,AW19,culottes,0.0,0.0188679245283018,0.01029159019718814
5436,80,AW19,long sleeve,0.0,0.0188679245283018,0.020583185388370003
5436,22,AW19,long sleeve,0.0,0.0,0.012006856062465083
5436,87,AW19,long sleeve,0.0188679245283018,0.0377358490566037,0.03773583725775228
5500,80,AW19,culottes,0.0188679245283018,0.0,0.013722121929889617
5500,79,AW19,culottes,0.0,0.0188679245283018,0.013722121929026186
5073,87,AW19,medium coat,0.0,0.0,0.012006863498386118
5452,87,AW19,long coat,0.0,0.0188679245283018,0.012006856064738471
5348,108,AW19,culottes,0.0,0.0,0.0030638526948331903
5500,108,AW19,culottes,0.0,0.0377358490566037,0.029159514761296877
5459,59,AW19,culottes,0.0,0.0,0.013721696269853981
5397,62,AW19,patterned top,0.0,0.0,0.03430531231315156
5468,61,AW19,culottes,0.0188679245283018,0.0,0.01372212192894572
5397,10,AW19,patterned top,0.0,0.0,1.6089106342469178e-05
5046,88,AW19,medium coat,0.0,0.0188679245283018,0.02058318539670451
5429,15,AW19,patterned top,0.0,0.0,0.010291590197259257
5539,23,AW19,maxi,0.0,0.0188679245283018,0.017152653661238377
5500,87,AW19,culottes,0.0188679245283018,0.0566037735849056,0.015437392766440785
5468,40,AW19,culottes,0.0,0.0188679245283018,0.010291590197971835
5397,105,AW19,patterned top,0.0,0.0,0.006730926994764468
5459,95,AW19,culottes,0.0188679245283018,0.0,0.012006856063332091
5539,27,AW19,maxi,0.0377358490566037,0.0566037735849056,0.015437387792115322
4779,59,AW19,medium coat,0.0188679245283018,0.0,0.02058318539534959
5560,76,AW19,medium coat,0.0,0.0,0.013722121930320824
5560,66,AW19,medium coat,0.0,0.0,0.017152657177785264
5493,91,AW19,sleeveless,0.0,0.0,0.012006856061157619
4778,108,AW19,medium coat,0.0,0.0,0.004997557006741549
5493,87,AW19,sleeveless,0.0188679245283018,0.0,0.010291590197076353
5539,49,AW19,maxi,0.0377358490566037,0.0,0.017355101357029046
5408,104,AW19,long sleeve,0.0,0.0,2.811539973581396e-10
5029,10,AW19,culottes,0.0,0.0,0.01200685606295109
5493,104,AW19,sleeveless,0.0,0.0,0.010291593592639137
5539,79,AW19,maxi,0.0,0.0,0.002933240743911885
5539,92,AW19,maxi,0.0,0.0377358490566037,0.030874780597187373
5047,89,AW19,long sleeve,0.0,0.0,0.010291590197253873
5359,99,AW19,culottes,0.0,0.0188679245283018,0.013722121933573377
5047,79,AW19,long sleeve,0.0188679245283018,0.0,0.010291590193909102
5539,6,AW19,maxi,0.0,0.0,0.010291590198355157
4989,44,AW19,miniskirt,0.0188679245283018,0.0188679245283018,0.008576324330894182
5539,101,AW19,maxi,0.0188679245283018,0.0,0.010291590197536123
5559,28,AW19,long sleeve,0.0,0.0,0.012006856061482512
5539,68,AW19,maxi,0.0377358490566037,0.0188679245283018,0.017728098880761364
5559,16,AW19,long sleeve,0.0,0.0,0.015437391174214284
5559,76,AW19,long sleeve,0.0,0.0,0.003908667524088358
5459,27,AW19,culottes,0.0,0.0,0.015437387796378916
5539,106,AW19,maxi,0.0,0.0188679245283018,0.03642565920466624
5559,95,AW19,long sleeve,0.0,0.0,0.0024952737897073244
5539,52,AW19,maxi,0.0188679245283018,0.0943396226415094,0.03773584406630919
5559,103,AW19,long sleeve,0.0,0.0,0.003940076402871133
5539,33,AW19,maxi,0.0,0.0188679245283018,0.029159520722738662
5559,63,AW19,long sleeve,0.0,0.0,0.013722121929010702
5539,117,AW19,maxi,0.0377358490566037,0.0377358490566037,0.024013717125807042
5539,28,AW19,maxi,0.0188679245283018,0.0,0.012006856071261333
5539,24,AW19,maxi,0.0,0.0,0.0007308316272741455
5001,125,AW19,long sleeve,0.0,0.0,0.005813514182655023
5541,57,AW19,kimono dress,0.0,0.0,0.017152653660535786
5394,95,AW19,maxi,0.0,0.0,0.013722121929812528
5570,9,AW19,maxi,0.0,0.0,0.030874784334733684
5570,80,AW19,maxi,0.0,0.0,0.0019524969797560263
5570,43,AW19,maxi,0.0,0.0,2.8115399316861863e-10
5570,14,AW19,maxi,0.0,0.0,0.01715265366537372
5570,7,AW19,maxi,0.0,0.0,0.004123762515755151
5570,10,AW19,maxi,0.0,0.0,0.0006091616075099435
5527,30,AW19,long coat,0.0377358490566037,0.0,0.015437387798273786
5570,12,AW19,maxi,0.0,0.0,6.049967700097701e-05
5569,41,AW19,maxi,0.0,0.0,0.04802743928074871
5569,100,AW19,maxi,0.0188679245283018,0.0,0.020583185389896175
5569,95,AW19,maxi,0.0188679245283018,0.0377358490566037,0.02181982073362013
5569,36,AW19,maxi,0.0,0.0,8.37904175771291e-18
5569,69,AW19,maxi,0.0566037735849056,0.0,0.0067733732470323296
5419,5,AW19,sleeveless,0.0188679245283018,0.0,5.202392926598352e-06
5419,16,AW19,sleeveless,0.0,0.0188679245283018,0.013722121928121646
5569,22,AW19,maxi,0.0,0.0566037735849056,0.02744424886318789
5569,56,AW19,maxi,0.0754716981132075,0.0188679245283018,0.015087894115294712
5562,103,AW19,maxi,0.0,0.0,0.044596907543605714
5562,8,AW19,maxi,0.0,0.0,0.0291595147236869
5562,100,AW19,maxi,0.0,0.0,0.022298451245284467
5562,21,AW19,maxi,0.0754716981132075,0.0188679245283018,0.03945110991524907
5562,57,AW19,maxi,0.0,0.0188679245283018,0.04802743926417677
5482,46,AW19,sleeveless,0.0,0.0188679245283018,0.010291590197443924
5570,5,AW19,maxi,0.0,0.0,0.041166378921869244
5562,115,AW19,maxi,0.0,0.0188679245283018,0.024013717127250513
5562,64,AW19,maxi,0.0188679245283018,0.0,0.009705762984101602
5562,41,AW19,maxi,0.0,0.0,0.06518009785790936
5482,89,AW19,sleeveless,0.0,0.0377358490566037,0.017152653662628886
5569,12,AW19,maxi,0.0188679245283018,0.0,0.032590046468283285
5569,14,AW19,maxi,0.0188679245283018,0.0,0.02401371712226334
5482,96,AW19,sleeveless,0.0,0.0,0.0006573435460883189
5562,29,AW19,maxi,0.0,0.0188679245283018,0.03430531701121531
5562,4,AW19,maxi,0.0188679245283018,0.0188679245283018,0.017152653662596395
5570,56,AW19,maxi,0.0,0.0,0.018061458035759478
5406,108,AW19,long coat,0.0,0.0188679245283018,0.02058318539579488
5501,79,AW19,long dress,0.0,0.0,0.005803887040448896
5531,19,AW19,long sleeve,0.0188679245283018,0.0188679245283018,0.021474029501836352
5531,12,AW19,long sleeve,0.0377358490566037,0.0188679245283018,0.02928006016707821
5001,18,AW19,long sleeve,0.0,0.0,0.020583185396940228
5501,10,AW19,long dress,0.0,0.0,0.013722121932181171
5534,101,AW19,long sleeve,0.0,0.0188679245283018,0.022298455728720065
5534,93,AW19,long sleeve,0.0188679245283018,0.0188679245283018,0.00857632433060293
5337,88,AW19,kimono dress,0.0,0.0188679245283018,0.017152653662034396
5502,103,AW19,long sleeve,0.0,0.0188679245283018,0.010291590196449242
5502,81,AW19,long sleeve,0.0,0.0,0.01029159019743314
5462,108,AW19,medium coat,0.0,0.0,0.008900433172537709
5337,108,AW19,kimono dress,0.0,0.0,0.0030475638544874215
5550,12,AW19,long sleeve,0.0,0.0566037735849056,0.021404000630398403
5465,12,AW19,long coat,0.0,0.0188679245283018,0.028189272467762018
5462,87,AW19,medium coat,0.0,0.0,0.022298451268387053
5465,43,AW19,long coat,0.0377358490566037,0.0188679245283018,0.00857632433175663
5465,93,AW19,long coat,0.0188679245283018,0.0188679245283018,0.00857632433058095
5433,23,AW19,long coat,0.0,0.0188679245283018,0.010291590196424604
5450,94,AW19,medium coat,0.0,0.0,0.024013717129045608
5048,21,AW19,doll dress,0.0,0.0188679245283018,0.012006856064814643
5462,4,AW19,medium coat,0.0,0.0,0.013722127018721492
5571,10,AW19,patterned top,0.0,0.0,0.000331600185418167
5571,56,AW19,patterned top,0.0,0.0,0.0006278297887037103
5406,36,AW19,long coat,0.0188679245283018,0.0188679245283018,0.02401371713066555
5471,106,AW19,medium coat,0.0,0.0,0.017152653661931166
5001,16,AW19,long sleeve,0.0,0.0,0.022298451259863256
5471,15,AW19,medium coat,0.0,0.0,0.002271942691367457
5471,2,AW19,medium coat,0.0,0.0,0.007645767731244309
5537,4,AW19,long sleeve,0.0,0.0,0.015437387792880439
5502,75,AW19,long sleeve,0.0,0.0,0.00501558818900529
5546,60,AW19,long sleeve,0.0,0.0188679245283018,0.01200685606187215
5571,125,AW19,patterned top,0.0,0.0,1.3861962097343671e-41
5337,74,AW19,kimono dress,0.0,0.0188679245283018,0.009950132985254146
5562,95,AW19,maxi,0.0,0.0,0.018867919521592193
5562,81,AW19,maxi,0.0377358490566037,0.0,0.056603768580701375
5566,75,AW19,short coat,0.0,0.0566037735849056,0.05061280869530892
5566,14,AW19,short coat,0.0,0.0,4.189520910070805e-18
5566,3,AW19,short coat,0.0,0.0377358490566037,0.03087478655511027
5566,5,AW19,short coat,0.0,0.0,0.015437391264332434
5566,53,AW19,short coat,0.0,0.0,0.015437387794047354
5566,46,AW19,short coat,0.0,0.0,0.024013723054016636
5564,49,AW19,short coat,0.0188679245283018,0.0754716981132075,0.020583185393548302
5564,7,AW19,short coat,0.0,0.0754716981132075,0.07214067650697877
5564,15,AW19,short coat,0.0,0.0566037735849056,0.020583185394185435
5564,31,AW19,short coat,0.0377358490566037,0.0566037735849056,0.029159514732221063
5564,105,AW19,short coat,0.0,0.0188679245283018,0.015437387797347848
5564,14,AW19,short coat,0.0566037735849056,0.0188679245283018,0.020583185394281635
5564,3,AW19,short coat,0.0188679245283018,0.0188679245283018,0.04631217339226934
5564,56,AW19,short coat,0.0566037735849056,0.0,0.0038464563044113384
5564,93,AW19,short coat,0.0,0.0188679245283018,0.029159522210105572
5564,76,AW19,short coat,0.0188679245283018,0.0188679245283018,0.012006856061783894
5564,47,AW19,short coat,0.0,0.0188679245283018,0.02712048618802965
5541,13,AW19,kimono dress,0.0,0.0,0.013722121925603936
5562,96,AW19,maxi,0.0188679245283018,0.0,0.013722121931100256
5562,30,AW19,maxi,0.0,0.0377358490566037,0.053173236863762297
5562,2,AW19,maxi,0.0188679245283018,0.0188679245283018,0.039451109932424906
5562,12,AW19,maxi,0.0,0.0,0.10806174518964501
5562,7,AW19,maxi,0.0,0.0,3.721042047345372e-33
5562,15,AW19,maxi,0.0566037735849056,0.0,0.03324441413854822
5564,64,AW19,short coat,0.0377358490566037,0.0754716981132075,0.020583185386586402
5564,18,AW19,short coat,0.0,0.0754716981132075,0.04116637578741132
5564,53,AW19,short coat,0.0188679245283018,0.0377358490566037,0.017152653670747597
5564,32,AW19,short coat,0.0188679245283018,0.0943396226415094,0.09433962179804745
5564,85,AW19,short coat,0.0188679245283018,0.0188679245283018,0.00857632433110353
5564,61,AW19,short coat,0.0377358490566037,0.0566037735849056,0.01886791953535353
5564,20,AW19,short coat,0.0,0.0188679245283018,0.01543738779627807
5564,0,AW19,short coat,0.0,0.0566037735849056,0.01715265366324253
5562,46,AW19,maxi,0.0,0.0,0.02572898298996641
5562,31,AW19,maxi,0.0,0.0,0.048027439267674776
5562,94,AW19,maxi,0.0,0.0,0.05488850271057346
5562,35,AW19,maxi,0.0,0.0,0.053173236861512006
5562,69,AW19,maxi,0.0,0.0188679245283018,0.01715265366447285
5562,40,AW19,maxi,0.0377358490566037,0.0377358490566037,0.029159514738151315
5334,60,AW19,long sleeve,0.0377358490566037,0.0,0.01886792562000345
5562,85,AW19,maxi,0.0377358490566037,0.0188679245283018,0.03602057819868218
5334,108,AW19,long sleeve,0.0,0.0,0.030874784980660267
5562,87,AW19,maxi,0.0,0.0,0.017152653657925017
5562,51,AW19,maxi,0.0,0.0,0.022298451259915017
5562,89,AW19,maxi,0.0188679245283018,0.0188679245283018,0.025728982994951802
5562,76,AW19,maxi,0.0,0.0,0.03430534039148643
5562,22,AW19,maxi,0.0377358490566037,0.0188679245283018,0.03602057819920304
5562,93,AW19,maxi,0.0,0.0,0.0428816416659585
5334,44,AW19,long sleeve,0.0,0.0566037735849056,0.01715265366033522
5562,16,AW19,maxi,0.0188679245283018,0.0,0.06003430035109156
5562,56,AW19,maxi,0.0566037735849056,0.0,0.05660377330106365
5562,99,AW19,maxi,0.0377358490566037,0.0188679245283018,0.03773584871299374
5562,5,AW19,maxi,0.0,0.0,0.02572898298881888
5548,29,AW19,kimono dress,0.0,0.0377358490566037,0.017152653663040137
5548,59,AW19,kimono dress,0.0,0.0,0.017152653660158435
5562,105,AW19,maxi,0.0188679245283018,0.0188679245283018,0.044596907537862295
5379,10,AW19,long coat,0.0188679245283018,0.0188679245283018,0.013722121925829868
5562,19,AW19,maxi,0.0,0.0,1.2485745188166068e-25
5548,101,AW19,kimono dress,0.0,0.0,0.012006856068852538
5562,65,AW19,maxi,0.0,0.0,6.242872640596042e-26
5562,48,AW19,maxi,0.0,0.0,0.013722121930824135
5562,86,AW19,maxi,0.0754716981132075,0.0,0.06003430378479676
5562,43,AW19,maxi,0.0,0.0,0.06518009793778376
5562,39,AW19,maxi,0.0566037735849056,0.0,0.03430531233196263
5562,80,AW19,maxi,0.0,0.0,0.06689536373507107
5562,73,AW19,maxi,0.0,0.0188679245283018,0.06861062966362655
5562,108,AW19,maxi,0.0,0.0,0.04116637578468776
5562,14,AW19,maxi,0.0,0.0,0.027444248858671243
5036,108,AW19,medium coat,0.0,0.0,0.009831027131238684
5554,85,AW19,long sleeve,0.0188679245283018,0.0188679245283018,0.012006856062322267
5463,46,AW19,sheath dress,0.0,0.0188679245283018,0.009094031336035618
5563,10,AW19,solid color top,0.0377358490566037,0.0,0.02572898299497894
5563,7,AW19,solid color top,0.0,0.0,0.029159514725313557
5368,108,AW19,long sleeve,0.0,0.0,0.005457035570536736
5535,47,AW19,kimono dress,0.0,0.0,0.03945110992932547
5538,56,AW19,kimono dress,0.0,0.0,0.00031021013520558203
5065,105,AW19,long coat,0.0188679245283018,0.0188679245283018,0.013722121929466657
5399,1,AW19,long sleeve,0.0,0.0,0.015437387795382977
5532,56,AW19,kimono dress,0.0,0.0,0.01578796165604687
5544,103,AW19,kimono dress,0.0,0.0,1.8264403630934296e-05
5430,108,AW19,kimono dress,0.0,0.0,4.624756934261629e-05
5538,5,AW19,kimono dress,0.0,0.0,0.07718695896304106
4966,75,AW19,long duster,0.0188679245283018,0.0,0.012006856064351862
5538,73,AW19,kimono dress,0.0,0.0,0.04631217691450081
5532,74,AW19,kimono dress,0.0,0.0,0.00089220594030901
5485,93,AW19,short sleeves,0.0,0.0188679245283018,0.032590046467395835
5544,100,AW19,kimono dress,0.0,0.0377358490566037,0.05145797099047844
5532,109,AW19,kimono dress,0.0188679245283018,0.0,0.01715265848376725
5532,28,AW19,kimono dress,0.0,0.0,0.007356937804348481
5071,87,AW19,long coat,0.0188679245283018,0.0377358490566037,0.017152658836938388
5532,5,AW19,kimono dress,0.0377358490566037,0.0188679245283018,0.037735844052128945
5476,57,AW19,solid color top,0.0,0.0,0.0052193829514756325
5371,108,AW19,long sleeve,0.0188679245283018,0.0188679245283018,0.012006856057972694
4928,117,AW19,medium coat,0.0188679245283018,0.0188679245283018,0.015437387798397002
4928,22,AW19,medium coat,0.0188679245283018,0.0,0.010291590198762812
5362,10,AW19,long sleeve,0.0,0.0377358490566037,0.04180303985519119
5544,90,AW19,kimono dress,0.0,0.0,0.029159519739122022
5343,93,AW19,long sleeve,0.0377358490566037,0.0188679245283018,0.008576324332186793
5006,87,AW19,short sleeves,0.0188679245283018,0.0,0.008576324331010432
5354,56,AW19,long sleeve,0.0377358490566037,0.0,0.003966303131071329
5466,94,AW19,kimono dress,0.0,0.0,0.013722121928104285
5563,54,AW19,solid color top,0.0,0.0,0.0257289829973351
5532,79,AW19,kimono dress,0.0,0.0,0.0048993475747102005
5466,7,AW19,kimono dress,0.0,0.0,0.0018750230817012675
5563,62,AW19,solid color top,0.0,0.0188679245283018,0.025728982997373088
5378,26,AW19,long sleeve,0.0,0.0188679245283018,0.012006859875086267
5563,2,AW19,solid color top,0.0,0.0377358490566037,0.02401371712269391
5563,12,AW19,solid color top,0.0188679245283018,0.0,0.04974270514094712
5532,69,AW19,kimono dress,0.0,0.0,0.022298451260879374
5079,108,AW19,kimono dress,0.0,0.0,0.020785294129700798
5484,72,AW19,long sleeve,0.0,0.0188679245283018,0.018773622222923923
5484,40,AW19,long sleeve,0.0,0.1132075471698113,0.02401371710216171
5547,75,AW19,kimono dress,0.0,0.0,0.011019612269741961
5508,15,AW19,long sleeve,0.0188679245283018,0.0,0.01372212193221975
5547,79,AW19,kimono dress,0.0188679245283018,0.0377358490566037,0.02401371712516516
5526,21,AW19,short cardigan,0.0,0.0188679245283018,0.017152653823433527
5547,39,AW19,kimono dress,0.0,0.0,2.77239239881281e-41
5526,36,AW19,short cardigan,0.0,0.0,0.012006856063469407
5533,56,AW19,kimono dress,0.0,0.0,0.06174956618884656
5526,81,AW19,short cardigan,0.0188679245283018,0.0377358490566037,0.01372212192963599
5373,36,AW19,long cardigan,0.0,0.0,0.018867919524356604
5341,53,AW19,kimono dress,0.0,0.0,0.004870837535357408
5508,50,AW19,long sleeve,0.0,0.0,0.007048877084758825
5547,3,AW19,kimono dress,0.0,0.0,0.05317323686386532
5373,3,AW19,long cardigan,0.0,0.0,0.010291590197590848
5508,89,AW19,long sleeve,0.0188679245283018,0.0188679245283018,0.018867919526161004
5568,51,AW19,solid color top,0.0,0.0,0.017152653660454403
5568,33,AW19,solid color top,0.0,0.0,0.004249755203287305
5568,13,AW19,solid color top,0.0,0.0188679245283018,0.01715265842842684
5535,92,AW19,kimono dress,0.0,0.0,0.0007308316272741455
5369,102,AW19,medium cardigan,0.0188679245283018,0.0,0.008576324330935014
5547,105,AW19,kimono dress,0.0,0.0188679245283018,0.025728982973644572
5533,60,AW19,kimono dress,0.0,0.0188679245283018,0.012006856059484618
5532,103,AW19,kimono dress,0.0,0.0,0.02744424886144779
5460,104,AW19,kimono dress,0.0,0.0377358490566037,0.017152653661222372
5532,21,AW19,kimono dress,0.0377358490566037,0.0,0.03945110992507212
5535,103,AW19,kimono dress,0.0,0.0,0.013014035353985716
5535,56,AW19,kimono dress,0.0,0.0,0.005463090904414978
5079,22,AW19,kimono dress,0.0377358490566037,0.0188679245283018,0.01482640375179255
5535,8,AW19,kimono dress,0.0,0.0,0.0008504295007864836
5544,23,AW19,kimono dress,0.0,0.0,0.03259004646427187
5358,69,AW19,long sleeve,0.0,0.0,0.015437387796097544
5538,92,AW19,kimono dress,0.0,0.0,1.1763786908755928e-13
5470,30,AW19,medium coat,0.0566037735849056,0.0188679245283018,0.012006856063309602
5533,54,AW19,kimono dress,0.0,0.0,0.015437387796863877
5023,106,AW19,medium cardigan,0.0,0.0,0.01715265366702203
5509,56,AW19,medium coat,0.0,0.0,0.006999439067874321
5535,73,AW19,kimono dress,0.0,0.0,0.004315791113855271
5350,93,AW19,solid color top,0.0,0.0188679245283018,0.015437387802491475
4930,93,AW19,solid color top,0.0,0.0,0.010291590197627628
5547,66,AW19,kimono dress,0.0,0.0,0.011078550704629556
4906,20,AW19,long cardigan,0.0188679245283018,0.0,0.015437387795463284
5369,41,AW19,medium cardigan,0.0,0.0,0.0019016059629503477
5356,4,AW19,long sleeve,0.0,0.0188679245283018,0.012006859688061904
5544,39,AW19,kimono dress,0.0,0.0,0.004850606850933918
5565,61,AW19,solid color top,0.0,0.0,0.005221795876223625
4949,121,AW19,long cardigan,0.0,0.0,0.013722121927455833
5544,92,AW19,kimono dress,0.0,0.0,0.046312173383437794
5513,3,AW19,sleeveless,0.0,0.0377358490566037,0.018867919526555872
5565,87,AW19,solid color top,0.0188679245283018,0.0377358490566037,0.010291590195537102
4697,108,AW19,short cardigan,0.0,0.0,0.00014980874129000808
5507,29,AW19,long sleeve,0.0,0.0188679245283018,0.02229845125938744
5544,109,AW19,kimono dress,0.0377358490566037,0.0,0.022298451259692407
5565,89,AW19,solid color top,0.0188679245283018,0.0,0.008576324330993541
5020,57,AW19,trapeze dress,0.0,0.0188679245283018,0.013722121926671518
5565,33,AW19,solid color top,0.0188679245283018,0.0188679245283018,0.012006856064416717
5565,13,AW19,solid color top,0.0,0.0188679245283018,0.015437387795158974
5565,28,AW19,solid color top,0.0188679245283018,0.0,0.013722121929293552
5544,107,AW19,kimono dress,0.0,0.0,0.0006258287114903007
5427,108,AW19,medium cardigan,0.0,0.0188679245283018,0.008576324332574803
5528,2,AW19,long sleeve,0.0,0.0188679245283018,0.012006856065930308
5544,27,AW19,kimono dress,0.0,0.0,0.018867919537865322
5544,54,AW19,kimono dress,0.0,0.0,0.022298451256294944
5565,69,AW19,solid color top,0.0188679245283018,0.0188679245283018,0.013722121928860454
4313,105,AW19,short sleeves,0.0,0.0,0.013722121929795486
5461,12,AW19,long coat,0.0377358490566037,0.0188679245283018,0.01543738779859909
5477,108,AW19,long sleeve,0.0,0.0188679245283018,0.02145007733698484
5544,87,AW19,kimono dress,0.0,0.0,0.008402469228368525
5526,31,AW19,short cardigan,0.0,0.0,0.01543738779601516
5544,56,AW19,kimono dress,0.0,0.0,0.016090347907180585
5544,28,AW19,kimono dress,0.0,0.0,0.011172940461128399
5526,10,AW19,short cardigan,0.0,0.0,0.012006856062317302
5565,57,AW19,solid color top,0.0,0.0188679245283018,0.018867925179039572
5512,0,AW19,long sleeve,0.0188679245283018,0.0,0.0024439211405904
5544,5,AW19,kimono dress,0.0188679245283018,0.0,0.0028663631109979667
5020,108,AW19,trapeze dress,0.0,0.0,0.001097397078316789
4914,108,AW19,solid color top,0.0,0.0,0.0021410109519211223
5486,26,AW19,long sleeve,0.0,0.0188679245283018,0.013722126443443795
5544,1,AW19,kimono dress,0.0188679245283018,0.0,0.10806174404181507
5544,73,AW19,kimono dress,0.0,0.0,0.041899078491631075
5473,1,AW19,culottes,0.0,0.0377358490566037,0.032590046453012764
5437,87,AW19,long sleeve,0.0566037735849056,0.0566037735849056,0.015437387793650547
5565,103,AW19,solid color top,0.0,0.0,0.017152653657154467
5568,108,AW19,solid color top,0.0,0.0,0.013722121929093785
5538,23,AW19,kimono dress,0.0,0.0,0.025728982985645694
5565,19,AW19,solid color top,0.0,0.0,0.02915951803249565
5568,68,AW19,solid color top,0.0,0.0,0.012006859470880385
5538,74,AW19,kimono dress,0.0,0.0,0.05660376858693566
5544,74,AW19,kimono dress,0.0,0.0,1.8605210167417032e-33
5503,36,AW19,long sleeve,0.0,0.0,0.0120068560641817
5489,15,AW19,long sleeve,0.0,0.0,0.013722126967649684
5395,39,AW19,doll dress,0.0,0.0,0.0005485571842896105
5395,32,AW19,doll dress,0.0,0.0,0.01543738779576221
5538,107,AW19,kimono dress,0.0,0.0,0.06174957039800822
5538,82,AW19,kimono dress,0.0,0.0,0.0034170729188426783
5458,77,AW19,sleeveless,0.0,0.0,0.0030195382506884774
5538,109,AW19,kimono dress,0.0,0.0,0.018867919527069215
5538,106,AW19,kimono dress,0.0,0.0,0.04974270509038573
5380,1,AW19,long sleeve,0.0188679245283018,0.0188679245283018,0.020583185396806734
5535,42,AW19,kimono dress,0.0,0.0,0.01543738778917119
5059,108,AW19,kimono dress,0.0,0.0,0.018867919528997548
5538,47,AW19,kimono dress,0.0,0.0,0.024013717127240215
5059,87,AW19,kimono dress,0.0,0.0,0.010291594165073876
5544,32,AW19,kimono dress,0.0,0.0,0.03773584962840415
5538,41,AW19,kimono dress,0.0,0.0,0.06518010157555454
5526,52,AW19,short cardigan,0.0,0.0188679245283018,0.01715265366289529
5538,95,AW19,kimono dress,0.0,0.0,0.010676066516308882
5565,94,AW19,solid color top,0.0188679245283018,0.0,0.01372212192910109
5538,125,AW19,kimono dress,0.0,0.0,0.006055782368733666
5565,15,AW19,solid color top,0.0,0.0188679245283018,0.01200686196793453
5538,44,AW19,kimono dress,0.0566037735849056,0.0188679245283018,0.025728982998591908
5538,25,AW19,kimono dress,0.0,0.0,0.017152653659501207
5565,12,AW19,solid color top,0.0,0.0,0.02744424885663429
5565,30,AW19,solid color top,0.0,0.0,0.001150279149878503
5568,41,AW19,solid color top,0.0,0.0,0.02058319067101345
5050,21,AW19,solid color top,0.0,0.0,0.0005841234442478689
5568,57,AW19,solid color top,0.0,0.0,0.0009347983751625742
5538,63,AW19,kimono dress,0.0,0.0,0.02401371712465289
5526,5,AW19,short cardigan,0.0188679245283018,0.0,0.01715265366304466
5568,95,AW19,solid color top,0.0188679245283018,0.0188679245283018,0.010291594859374751
5568,18,AW19,solid color top,0.0,0.0,1.3861962097343671e-41
5568,26,AW19,solid color top,0.0,0.0188679245283018,0.01200685606187215
5538,103,AW19,kimono dress,0.0,0.0,0.007176198315585156
5538,0,AW19,kimono dress,0.0,0.0,0.027444248872464497
5503,108,AW19,long sleeve,0.0188679245283018,0.0188679245283018,0.018829280380325837
5568,48,AW19,solid color top,0.0,0.0,0.00015965092451125434
5475,94,AW19,culottes,0.0188679245283018,0.0,0.020583185394366557
5485,106,AW19,short sleeves,0.0,0.0,0.012006856077462515
5547,103,AW19,kimono dress,0.0,0.0,0.06861062968616319
5563,14,AW19,solid color top,0.0188679245283018,0.0,0.0257289829982416
5563,48,AW19,solid color top,0.0,0.0,0.030874780577721004
5455,23,AW19,solid color top,0.0188679245283018,0.0,0.017152653667811355
5510,35,AW19,short sleeves,0.0,0.0,0.017152653661874413
5475,87,AW19,culottes,0.0,0.0,0.013722121928983314
5525,7,AW19,long sleeve,0.0,0.0,0.012006856062483404
5491,77,AW19,short cardigan,0.0,0.0,0.027444248857958074
5563,19,AW19,solid color top,0.0,0.0,0.04459691095066693
5439,76,AW19,solid color top,0.0,0.0188679245283018,0.015107546044911047
5563,94,AW19,solid color top,0.0188679245283018,0.0,0.01886791953547442
5563,65,AW19,solid color top,0.0188679245283018,0.0,0.027444248858263732
5563,31,AW19,solid color top,0.0,0.0,0.03259004645298985
5547,90,AW19,kimono dress,0.0,0.0,0.018867919529370412
5463,15,AW19,sheath dress,0.0188679245283018,0.0188679245283018,0.018867919541032202
5080,40,AW19,kimono dress,0.0188679245283018,0.0377358490566037,0.022298451262494943
5463,12,AW19,sheath dress,0.0,0.0,0.027444248846041353
5440,21,AW19,sleeveless,0.0,0.0,0.006726714447270559
5563,79,AW19,solid color top,0.0377358490566037,0.0377358490566037,0.03945110991736795
5510,89,AW19,short sleeves,0.0,0.0,0.02058318539389656
5563,89,AW19,solid color top,0.0,0.0188679245283018,0.01543738779901087
4667,30,AW19,doll dress,0.0,0.0188679245283018,0.0408016885314984
5563,52,AW19,solid color top,0.0,0.0377358490566037,0.0171526536624795
5563,22,AW19,solid color top,0.0,0.0,0.04802743925342824
5563,93,AW19,solid color top,0.0,0.0377358490566037,0.027444248857173517
5491,31,AW19,short cardigan,0.0,0.0,0.0026313294965733644
5510,15,AW19,short sleeves,0.0,0.0,0.004702106895625573
5563,13,AW19,solid color top,0.0188679245283018,0.0188679245283018,0.02744424887612038
5563,28,AW19,solid color top,0.0,0.0188679245283018,0.03259004643714139
5510,9,AW19,short sleeves,0.0,0.0188679245283018,0.015437387796920138
5563,99,AW19,solid color top,0.0,0.0,0.01886791952749516
5547,23,AW19,kimono dress,0.0,0.0,0.012006856061520228
5491,16,AW19,short cardigan,0.0,0.0,0.002001159471218791
5568,75,AW19,solid color top,0.0,0.0,0.006651184446958156
5563,6,AW19,solid color top,0.0,0.0,0.029159519980193862
5563,9,AW19,solid color top,0.0943396226415094,0.0188679245283018,0.029159514726530233
5563,80,AW19,solid color top,0.0188679245283018,0.0,0.03430531232177811
5533,11,AW19,kimono dress,0.0,0.0377358490566037,0.017152653662314766
5463,105,AW19,sheath dress,0.0188679245283018,0.0377358490566037,0.01029159019599125
5463,19,AW19,sheath dress,0.0,0.0188679245283018,0.009676028143494123
4948,104,AW19,sheath dress,0.0,0.0,0.020583185392639668
5555,77,AW19,long sleeve,0.0,0.0,0.0004568907109677262
5555,51,AW19,long sleeve,0.0,0.0,0.003939186475587484
5533,21,AW19,kimono dress,0.0,0.0,6.242872547569992e-26
5027,29,AW19,long coat,0.0,0.0754716981132075,0.018867919527650608
5547,45,AW19,kimono dress,0.0377358490566037,0.0,0.0047688147945493045
5478,94,AW19,short cardigan,0.0,0.0,0.00502001582364218
5483,105,AW19,sheath dress,0.0,0.0,0.005569706638628864
4570,6,AW19,long sleeve,0.0377358490566037,0.0,0.006861058469718087
5555,76,AW19,long sleeve,0.0,0.0,1.9175840220237964e-12
5526,76,AW19,short cardigan,0.0,0.0,0.01372212193725273
5555,22,AW19,long sleeve,0.0,0.0,0.025728987204332428
5555,93,AW19,long sleeve,0.0,0.0,0.024013721624793413
5335,86,AW19,shirt dress,0.0,0.0,0.015437387792263946
5483,80,AW19,sheath dress,0.0,0.0,0.017152653655846686
5555,56,AW19,long sleeve,0.0,0.0,0.004890934063969214
5463,103,AW19,sheath dress,0.0,0.0188679245283018,0.013722121925878124
5533,64,AW19,kimono dress,0.0,0.0,0.003191667631476834
5547,107,AW19,kimono dress,0.0,0.0,1.8605210583275882e-33
5563,51,AW19,solid color top,0.0188679245283018,0.0188679245283018,0.053173236848281166
5555,35,AW19,long sleeve,0.0,0.0,0.009958324637836264
5386,77,AW19,long sleeve,0.0,0.0,0.01715265366490154
5475,89,AW19,culottes,0.0377358490566037,0.0,0.008939416109372244
5475,45,AW19,culottes,0.0,0.0,0.02401371712479908
5547,74,AW19,kimono dress,0.0,0.0,0.051457974829506065
5463,43,AW19,sheath dress,0.0,0.0,0.013722121930064918
5555,54,AW19,long sleeve,0.0,0.0,0.013722121928545878
5555,10,AW19,long sleeve,0.0,0.0,0.018215231607588773
5555,15,AW19,long sleeve,0.0,0.0,2.7723923575009454e-41
5555,75,AW19,long sleeve,0.0,0.0,0.0012581155769452333
4936,104,AW19,short sleeves,0.0188679245283018,0.0,0.015437387794781604
5389,50,AW19,long sleeve,0.0,0.0,0.024013720552810765
5555,39,AW19,long sleeve,0.0,0.0,0.022298451269100735
5555,99,AW19,long sleeve,0.0,0.0,0.03259004646043389
5555,104,AW19,long sleeve,0.0,0.0,0.005219824045214061
5463,33,AW19,sheath dress,0.0,0.0188679245283018,0.01543738779708298
5555,115,AW19,long sleeve,0.0,0.0,0.002207115367860527
5555,57,AW19,long sleeve,0.0,0.0,0.0018750230817012675
5038,7,AW19,long sleeve,0.0,0.0,0.012006856064511108
5555,103,AW19,long sleeve,0.0,0.0,0.00637626102214997
5455,52,AW19,solid color top,0.0188679245283018,0.0,0.02058319002388644
5563,108,AW19,solid color top,0.0,0.0754716981132075,0.027444248864992547
5437,30,AW19,long sleeve,0.0,0.0188679245283018,0.015437391481538372
5563,61,AW19,solid color top,0.0,0.0,0.024013717125222416
5563,115,AW19,solid color top,0.0,0.0,0.02401371713328921
5563,57,AW19,solid color top,0.0,0.0377358490566037,0.04116637576036304
5422,15,AW19,long sleeve,0.0,0.0,0.015437387796042328
5563,21,AW19,solid color top,0.0,0.0,0.03259004645682482
5563,100,AW19,solid color top,0.0,0.0,0.0020152344105559827
5563,82,AW19,solid color top,0.0,0.0,0.018867919515261913
5563,103,AW19,solid color top,0.0,0.0,0.0030203712023710036
5563,95,AW19,solid color top,0.0,0.0,0.032590046455089755
5563,107,AW19,solid color top,0.0188679245283018,0.0,0.02401371712344025
5039,3,AW19,solid color top,0.0188679245283018,0.0,0.015437387792089408
5563,46,AW19,solid color top,0.0,0.0,0.03430531232029458
5563,83,AW19,solid color top,0.0,0.0943396226415094,0.037735844052395155
5563,67,AW19,solid color top,0.0,0.0377358490566037,0.04288164165580747
5563,36,AW19,solid color top,0.0,0.0,0.041166375808769466
5515,30,AW19,long sleeve,0.0,0.0,0.017152653663193285
5547,52,AW19,kimono dress,0.0,0.0,0.018867919526843798
5563,35,AW19,solid color top,0.0,0.0943396226415094,0.041166375787828134
5563,74,AW19,solid color top,0.0,0.0,0.01715265366253941
5563,27,AW19,solid color top,0.0,0.0377358490566037,0.024013717120135575
5455,117,AW19,solid color top,0.0,0.0188679245283018,0.012006856063379527
5563,8,AW19,solid color top,0.0,0.0377358490566037,0.03773584405950802
5563,41,AW19,solid color top,0.0,0.0,0.03602057822187146
5563,77,AW19,solid color top,0.0,0.0,1.860521016741703e-33
5039,64,AW19,solid color top,0.0,0.0,0.012006863435069676
5485,81,AW19,short sleeves,0.0,0.0566037735849056,0.04794103704003007
5526,85,AW19,short cardigan,0.0,0.0,0.013722125578068893
5568,65,AW19,solid color top,0.0,0.0,0.017152653661985727
5563,68,AW19,solid color top,0.0566037735849056,0.0,0.006634562632991966
5568,15,AW19,solid color top,0.0188679245283018,0.0,0.003870249319298898
5563,40,AW19,solid color top,0.0,0.0188679245283018,0.04116637577776428
5568,12,AW19,solid color top,0.0,0.0188679245283018,0.030874780590798435
5568,30,AW19,solid color top,0.0,0.0,0.00794421964994117
5460,100,AW19,kimono dress,0.0,0.0377358490566037,0.013722121929283158
5571,96,AW19,patterned top,0.0,0.0,0.030874780599562418
5571,13,AW19,patterned top,0.0,0.0,0.002002745330852667
5570,95,AW19,maxi,0.0,0.0,0.012292547592009387
5570,18,AW19,maxi,0.0,0.0,2.9044236760989674e-28
5547,82,AW19,kimono dress,0.0,0.0,1.0552067596230683e-05
5571,31,AW19,patterned top,0.0,0.0,0.00026592555345649225
5543,96,AW19,long sleeve,0.0188679245283018,0.0188679245283018,0.012006856063901162
5570,90,AW19,maxi,0.0,0.0,4.210143914598292e-05
5571,76,AW19,patterned top,0.0,0.0,0.03945110991263174
5534,79,AW19,long sleeve,0.0,0.0,0.018867919526153607
5039,105,AW19,solid color top,0.0,0.0,0.015437387798050817
5521,103,AW19,long coat,0.0,0.0188679245283018,0.020583185394450886
5570,115,AW19,maxi,0.0,0.0,0.0017334638734776313
5569,108,AW19,maxi,0.0,0.0,0.016048216758116924
5570,125,AW19,maxi,0.0,0.0,0.0037215518615856397
5535,100,AW19,kimono dress,0.0,0.0,0.025728983003833614
5571,51,AW19,patterned top,0.0,0.0,0.00016208745115322298
5570,104,AW19,maxi,0.0,0.0,0.006240671298158164
5433,63,AW19,long coat,0.0,0.0188679245283018,0.01200685606308899
5475,21,AW19,culottes,0.0,0.0188679245283018,0.015437387800335961
5547,32,AW19,kimono dress,0.0,0.0,0.015437387794743497
5569,3,AW19,maxi,0.0,0.0,0.02572898300384262
5535,102,AW19,kimono dress,0.0,0.0,0.013722121929991678
5571,14,AW19,patterned top,0.0,0.0,9.302605291637912e-34
5570,21,AW19,maxi,0.0,0.0,1.7543166409986053e-07
5570,57,AW19,maxi,0.0,0.0,0.004153470917282244
5570,100,AW19,maxi,0.0,0.0,0.008291346145569426
5570,26,AW19,maxi,0.0,0.0,0.005300362995611467
5437,108,AW19,long sleeve,0.0188679245283018,0.0377358490566037,0.03575453286266886
5569,96,AW19,maxi,0.0,0.0377358490566037,0.018867919529589605
5571,43,AW19,patterned top,0.0,0.0,4.189520785213355e-18
5547,121,AW19,kimono dress,0.0,0.0188679245283018,0.02001770732697336
5571,80,AW19,patterned top,0.0,0.0,0.005269392526545678
5569,31,AW19,maxi,0.0,0.0,0.015437387797183835
5569,105,AW19,maxi,0.0,0.0377358490566037,0.02572898299894782
5526,82,AW19,short cardigan,0.0,0.0,0.009199329599006142
5571,108,AW19,patterned top,0.0,0.0,0.009511938534424955
5570,8,AW19,maxi,0.0,0.0,0.006233168562958758
5571,30,AW19,patterned top,0.0,0.0,0.0021143823850892918
5569,43,AW19,maxi,0.0,0.0,0.018867919529153808
5424,102,AW19,long sleeve,0.0,0.0,0.010291590197787965
5569,80,AW19,maxi,0.0,0.0,0.044596907525282475
5570,25,AW19,maxi,0.0,0.0,0.0012411405511976437
5534,121,AW19,long sleeve,0.0188679245283018,0.0188679245283018,0.013722125512571074
5570,89,AW19,maxi,0.0,0.0,0.0004487635800658131
5569,13,AW19,maxi,0.0,0.0,0.015437387790745011
5570,84,AW19,maxi,0.0,0.0,0.004651182263947464
5570,75,AW19,maxi,0.0,0.0,0.00011030069960360135
5571,35,AW19,patterned top,0.0,0.0,0.002020571931291708
5535,121,AW19,kimono dress,0.0,0.0,0.036020578193311364
5440,5,AW19,sleeveless,0.0,0.0,0.006849490932141975
5570,72,AW19,maxi,0.0,0.0,0.029159514723398595
5546,61,AW19,long sleeve,0.0,0.0,0.012006856064594283
5570,79,AW19,maxi,0.0,0.0,1.3861962510462323e-41
5571,36,AW19,patterned top,0.0,0.0,0.0015689600876795692
5488,63,AW19,long sleeve,0.0,0.0,0.013722126817518408
5570,86,AW19,maxi,0.0,0.0,0.004515785262704241
5546,14,AW19,long sleeve,0.0,0.0,0.013722121932218195
5570,39,AW19,maxi,0.0,0.0,0.005220018648944188
5471,13,AW19,medium coat,0.0,0.0,0.02744424886171848
5457,21,AW19,long duster,0.0,0.0188679245283018,0.012006856062863069
5462,40,AW19,medium coat,0.0,0.0188679245283018,0.01200685605970031
5570,83,AW19,maxi,0.0,0.0,0.007779626795501813
5537,64,AW19,long sleeve,0.0,0.0,0.012006856065026559
5570,82,AW19,maxi,0.0,0.0,0.0006960455779982705
5074,87,AW19,long sleeve,0.0,0.0,0.017152653660312826
5570,16,AW19,maxi,0.0,0.0,8.07109824178923e-05
5571,26,AW19,patterned top,0.0,0.0,0.006845770725984279
5517,100,AW19,long sleeve,0.0,0.0,0.017152653666917095
5570,50,AW19,maxi,0.0,0.0,0.0222984512671639
5537,14,AW19,long sleeve,0.0,0.0,0.010291590196764577
5570,45,AW19,maxi,0.0,0.0,0.022298456194425498
5570,47,AW19,maxi,0.0,0.0,0.001260010725235867
5535,0,AW19,kimono dress,0.0,0.0188679245283018,0.009883770594389236
5570,24,AW19,maxi,0.0,0.0,0.020583189220047617
5571,8,AW19,patterned top,0.0,0.0,1.8605210306036648e-33
5502,19,AW19,long sleeve,0.0,0.0,0.018867919529265104
5547,18,AW19,kimono dress,0.0,0.0,0.005362589560216446
5450,8,AW19,medium coat,0.0,0.0188679245283018,0.010291590196476838
5570,2,AW19,maxi,0.0,0.0,0.00013545800069439864
5550,51,AW19,long sleeve,0.0,0.0,0.01372212192537437
5570,1,AW19,maxi,0.0,0.0,0.003150887611124897
5419,29,AW19,sleeveless,0.0,0.0,0.008118353177272478
5569,76,AW19,maxi,0.0,0.0,0.018868216614047046
5571,87,AW19,patterned top,0.0,0.0,0.006025441024738473
5570,40,AW19,maxi,0.0,0.0,0.025728986628974118
5569,87,AW19,maxi,0.0377358490566037,0.0,0.030874780587681866
5475,36,AW19,culottes,0.0,0.0,0.015437387794626375
5054,86,AW19,doll dress,0.0,0.0,1.3861961684225027e-41
5571,20,AW19,patterned top,0.0,0.0,0.02229845127287565
5571,83,AW19,patterned top,0.0,0.0,0.022298451267117016
5569,20,AW19,maxi,0.0,0.0,0.01715265365704014
5570,74,AW19,maxi,0.0,0.0,0.006353591328531288
5419,19,AW19,sleeveless,0.0,0.0,0.002896782839987979
5465,49,AW19,long coat,0.0,0.0188679245283018,0.015437387795779503
5570,53,AW19,maxi,0.0,0.0,0.007456200181554703
5569,83,AW19,maxi,0.0,0.0,0.022298451264665512
5569,35,AW19,maxi,0.0,0.0,0.024013717130473067
5571,121,AW19,patterned top,0.0,0.0,0.030874780594148294
5569,46,AW19,maxi,0.0,0.0188679245283018,0.01886791952769473
5462,16,AW19,medium coat,0.0,0.0,0.018867919528077644
5569,18,AW19,maxi,0.0,0.0,0.02058318538943383
5475,61,AW19,culottes,0.0,0.0,0.013722125932467927
5547,25,AW19,kimono dress,0.0,0.0188679245283018,0.013722121931731905
5571,69,AW19,patterned top,0.0,0.0,0.0009038369909160769
5547,115,AW19,kimono dress,0.0188679245283018,0.0188679245283018,0.02229845125046666
5570,32,AW19,maxi,0.0,0.0,0.022298455224297044
5569,115,AW19,maxi,0.0,0.0,0.03087478059731526
5502,1,AW19,long sleeve,0.0,0.0,0.010291590197311589
5570,96,AW19,maxi,0.0,0.0,0.012054946050076325
5569,82,AW19,maxi,0.0,0.0,0.025728982990718553
5571,77,AW19,patterned top,0.0,0.0,2.145101450408152e-05
5564,99,AW19,short coat,0.0,0.0188679245283018,0.03123299548600815
5562,74,AW19,maxi,0.0,0.0,0.034305312322952614
5492,74,AW19,solid color top,0.0,0.0,0.022298451260183344
5563,102,AW19,solid color top,0.0377358490566037,0.0,0.006377109541343764
5563,0,AW19,solid color top,0.0,0.0,0.01715265365538344
4895,108,AW19,long sleeve,0.0,0.0,0.015437387804534885
4950,103,AW19,medium coat,0.0188679245283018,0.0188679245283018,0.012006856062011797
4895,74,AW19,long sleeve,0.0,0.0943396226415094,0.0816432959488673
5397,6,AW19,patterned top,0.0,0.0,0.025728982994808976
5563,90,AW19,solid color top,0.0,0.0,0.004807964577753683
5397,52,AW19,patterned top,0.0,0.0,0.022298451248740858
5563,26,AW19,solid color top,0.0377358490566037,0.0377358490566037,0.018867919541969175
5563,53,AW19,solid color top,0.0,0.0,0.02229845125976009
4779,61,AW19,medium coat,0.0188679245283018,0.0,0.008576324331504251
5563,32,AW19,solid color top,0.0377358490566037,0.0188679245283018,0.017152653658766708
5560,102,AW19,medium coat,0.0,0.0377358490566037,0.028162474169543015
5560,36,AW19,medium coat,0.0,0.0,0.018867919525546843
5560,51,AW19,medium coat,0.0188679245283018,0.0,0.010291590198446702
5560,108,AW19,medium coat,0.0,0.0188679245283018,0.01372212193091063
5560,94,AW19,medium coat,0.0,0.0188679245283018,0.012006856062211387
5563,69,AW19,solid color top,0.0,0.0,0.017152653662142456
5563,29,AW19,solid color top,0.0,0.0,0.010586691968905918
5451,19,AW19,medium coat,0.0188679245283018,0.0377358490566037,0.013722121930261058
5563,23,AW19,solid color top,0.0188679245283018,0.0188679245283018,0.010291590197206645
5066,32,AW19,long coat,0.0,0.0,0.015437395216886909
5508,30,AW19,long sleeve,0.0,0.0,0.015437387791230123
5066,50,AW19,long coat,0.0188679245283018,0.0377358490566037,0.0317582597561752
5533,92,AW19,kimono dress,0.0,0.0,4.158588525923454e-41
5508,49,AW19,long sleeve,0.0188679245283018,0.0,0.004718150794591276
5533,88,AW19,kimono dress,0.0566037735849056,0.0377358490566037,0.030874780593997914
5533,73,AW19,kimono dress,0.0,0.0,0.004952873881820448
5522,107,AW19,solid color top,0.0,0.0188679245283018,0.01200693629485285
5397,47,AW19,patterned top,0.0,0.0,1.860521086051511e-33
5533,5,AW19,kimono dress,0.0,0.0,0.006606103472697032
5009,87,AW19,long sleeve,0.0,0.0,0.01715265366372186
5373,108,AW19,long cardigan,0.0,0.0,0.029159514727215795
5561,103,AW19,long coat,0.0188679245283018,0.0,0.010291590196705615
5561,74,AW19,long coat,0.0,0.0,0.008576324334625855
5568,73,AW19,solid color top,0.0,0.0188679245283018,0.0137221219290509
5568,43,AW19,solid color top,0.0,0.0,0.018867919523983513
5561,93,AW19,long coat,0.0,0.0377358490566037,0.01886791952976006
5535,84,AW19,kimono dress,0.0188679245283018,0.0,9.090919624372128e-06
5568,10,AW19,solid color top,0.0,0.0,0.010291590196477901
5560,49,AW19,medium coat,0.0,0.0,0.012006856062373195
5066,104,AW19,long coat,0.0,0.0188679245283018,0.01543738779486757
5563,1,AW19,solid color top,0.0,0.0,0.039451109932432005
5408,63,AW19,long sleeve,0.0,0.0188679245283018,0.012107102460784986
5563,66,AW19,solid color top,0.0188679245283018,0.0188679245283018,0.013722121931390762
5535,66,AW19,kimono dress,0.0,0.0377358490566037,0.013722121928255232
5533,47,AW19,kimono dress,0.0,0.0,0.001050737101274472
5539,74,AW19,maxi,0.0377358490566037,0.0377358490566037,0.02744424885832085
5436,62,AW19,long sleeve,0.0188679245283018,0.0377358490566037,0.010291590198330059
5533,109,AW19,kimono dress,0.0,0.0,0.013722121931113872
5533,82,AW19,kimono dress,0.0,0.0,0.015702913682944457
5454,47,AW19,culottes,0.0,0.0,0.013722121928530577
5563,105,AW19,solid color top,0.0188679245283018,0.0,0.0023108471172187963
5539,63,AW19,maxi,0.0,0.0,0.029159514713709204
5533,4,AW19,kimono dress,0.0377358490566037,0.0,5.872287917316642e-14
5533,8,AW19,kimono dress,0.0,0.0,0.017152653660207046
5073,31,AW19,medium coat,0.0,0.0,0.015437387796644835
5533,102,AW19,kimono dress,0.0,0.0,0.01886791952107339
5073,3,AW19,medium coat,0.0,0.0188679245283018,0.022298451262945326
5073,89,AW19,medium coat,0.0188679245283018,0.0,0.012006856062926704
5073,47,AW19,medium coat,0.0,0.0188679245283018,0.0188679245283018
5555,13,AW19,long sleeve,0.0,0.0,0.015437387793317938
5436,69,AW19,long sleeve,0.0,0.0,0.017152661055838618
5563,75,AW19,solid color top,0.0,0.0,0.03259004643989575
5563,60,AW19,solid color top,0.0188679245283018,0.0,0.013722129406664674
4784,13,AW19,culottes,0.0188679245283018,0.0,0.010291590195737266
5563,45,AW19,solid color top,0.0,0.0188679245283018,0.017152653662873295
4844,108,AW19,doll dress,0.0,0.0377358490566037,0.015437387794399928
5563,33,AW19,solid color top,0.0,0.0,0.048027439256878295
5047,46,AW19,long sleeve,0.0,0.0,0.012006856062268707
4989,107,AW19,miniskirt,0.0,0.0188679245283018,0.01372212193091063
5563,50,AW19,solid color top,0.0,0.0,0.01200685606426404
5563,16,AW19,solid color top,0.0,0.0,0.01886791953264541
5563,56,AW19,solid color top,0.0188679245283018,0.0,0.02572898299941243
5359,91,AW19,culottes,0.0,0.0,0.012006856063110976
5359,12,AW19,culottes,0.0,0.0,0.024013717129952518
5359,30,AW19,culottes,0.0,0.0188679245283018,0.020583185389068254
5563,5,AW19,solid color top,0.0566037735849056,0.0188679245283018,0.022298451265674847
5539,50,AW19,maxi,0.0,0.0188679245283018,0.012787743584524381
4969,5,AW19,long sleeve,0.0,0.0,0.012006856063627393
5563,73,AW19,solid color top,0.0,0.0188679245283018,0.030874780569918856
5563,88,AW19,solid color top,0.0,0.0377358490566037,0.020583185394188262
5563,39,AW19,solid color top,0.0,0.0,0.029159514728075597
5563,43,AW19,solid color top,0.0,0.0,0.03773584403910317
5539,47,AW19,maxi,0.0,0.0,0.002627532967934589
5563,87,AW19,solid color top,0.0,0.0188679245283018,0.015437387796543385
5025,46,AW19,long sleeve,0.0188679245283018,0.0,0.00857632915584674
5533,84,AW19,kimono dress,0.0377358490566037,0.0,0.004436803178007108
4684,69,AW19,culottes,0.0,0.0,0.010291590196477901
5562,91,AW19,maxi,0.0,0.0,0.010894497407766235
5568,121,AW19,solid color top,0.0188679245283018,0.0188679245283018,0.008576324331663403
5566,15,AW19,short coat,0.0566037735849056,0.0377358490566037,0.017152653671390145
5566,91,AW19,short coat,0.0,0.0188679245283018,0.01715265366663521
5566,31,AW19,short coat,0.0,0.0,0.015437387797756805
5025,74,AW19,long sleeve,0.0,0.0188679245283018,0.015437387798875294
5566,43,AW19,short coat,0.0,0.0188679245283018,0.018867916998408125
5566,108,AW19,short coat,0.0188679245283018,0.0,0.013722126391427532
5568,103,AW19,solid color top,0.0,0.0,0.009878479894269212
5566,93,AW19,short coat,0.0,0.0377358490566037,0.029159514729141207
5025,16,AW19,long sleeve,0.0,0.0188679245283018,0.012006856063566674
5566,0,AW19,short coat,0.0,0.0,0.015437387797784714
5566,103,AW19,short coat,0.0,0.0,0.02744424886350856
5564,30,AW19,short coat,0.0188679245283018,0.0,0.018867919527217666
5564,12,AW19,short coat,0.0188679245283018,0.0,0.027444248863190062
5423,102,AW19,long sleeve,0.0,0.0,0.012006856062844327
5564,91,AW19,short coat,0.0,0.0188679245283018,0.012006856064870775
5380,18,AW19,long sleeve,0.0,0.0,0.013722121928571487
5566,1,AW19,short coat,0.0,0.0566037735849056,0.020583185396512247
5562,84,AW19,maxi,0.0188679245283018,0.0,0.008919643881085711
5562,92,AW19,maxi,0.0,0.0,0.0006622451236047064
5565,79,AW19,solid color top,0.0,0.0188679245283018,0.01715265366063407
5562,67,AW19,maxi,0.0,0.0,0.00824955946616573
5562,83,AW19,maxi,0.0,0.0,0.017152653661544965
5562,106,AW19,maxi,0.0,0.0,0.022298455175335068
5562,38,AW19,maxi,0.0,0.0,0.0022743925926756153
5562,47,AW19,maxi,0.0754716981132075,0.0,0.02229845126363809
5562,1,AW19,maxi,0.0,0.0,0.032590046432158036
5562,24,AW19,maxi,0.0188679245283018,0.0,0.015437387782406695
5562,45,AW19,maxi,0.0,0.0,0.02744425170167104
5565,27,AW19,solid color top,0.0,0.0188679245283018,0.010291590196449242
5562,50,AW19,maxi,0.0,0.0,0.013722121927508895
5562,117,AW19,maxi,0.0,0.0188679245283018,0.025728982991832752
5562,13,AW19,maxi,0.0,0.0,0.03602057824690643
5565,22,AW19,solid color top,0.0188679245283018,0.0,0.0009718980780813657
5562,3,AW19,maxi,0.0,0.0,1.872861773573609e-25
5562,6,AW19,maxi,0.0188679245283018,0.0188679245283018,0.020583185395307603
5548,19,AW19,kimono dress,0.0,0.0,0.015436854699538387
5562,9,AW19,maxi,0.0,0.0,0.010509373870674417
5548,43,AW19,kimono dress,0.0188679245283018,0.0,0.010291590200713291
5565,88,AW19,solid color top,0.0,0.0,0.010291590197483672
5564,19,AW19,short coat,0.0188679245283018,0.0,0.02058318539387142
5533,91,AW19,kimono dress,0.0,0.0,0.014759334402400579
5564,75,AW19,short coat,0.0,0.0377358490566037,0.017152660330887835
5564,73,AW19,short coat,0.0,0.0377358490566037,0.03602057821189917
4760,103,AW19,long cardigan,0.0,0.0,1.3861962097343681e-41
5532,27,AW19,kimono dress,0.0,0.0,0.003058498561151473
5532,82,AW19,kimono dress,0.0,0.0,0.0035679910526341765
5532,107,AW19,kimono dress,0.0,0.0,0.004496300418508083
5532,121,AW19,kimono dress,0.0,0.0,2.811539847895771e-10
5428,33,AW19,sheath dress,0.0,0.0188679245283018,0.010291590196751979
5428,117,AW19,sheath dress,0.0188679245283018,0.0,0.008576324328212826
4760,108,AW19,long cardigan,0.0188679245283018,0.0,0.00030400198339296464
5497,100,AW19,long coat,0.0,0.0188679245283018,0.008674186793308235
5470,103,AW19,medium coat,0.0,0.0188679245283018,0.012006856063636313
5470,3,AW19,medium coat,0.0,0.0,0.010291590198602478
5490,4,AW19,culottes,0.0,0.0,0.010291593681623816
5504,89,AW19,medium coat,0.0,0.0188679245283018,0.0137221219313614
5504,86,AW19,medium coat,0.0188679245283018,0.0,0.012006856063513836
5535,5,AW19,kimono dress,0.0,0.0,0.002449689577772785
5532,23,AW19,kimono dress,0.0,0.0,0.008259054785697273
5530,46,AW19,medium coat,0.0,0.0,0.025728982990232425
5509,76,AW19,medium coat,0.0,0.0,0.01372212724109913
5532,8,AW19,kimono dress,0.0,0.0188679245283018,0.025728982989736613
5072,66,AW19,medium coat,0.0188679245283018,0.0188679245283018,0.012006856062913822
4987,88,AW19,long dress,0.0188679245283018,0.0188679245283018,0.018867925090609767
5397,8,AW19,patterned top,0.0,0.0,0.06174956618090369
5543,105,AW19,long sleeve,0.0,0.0377358490566037,0.015437387786118398
4928,108,AW19,medium coat,0.0,0.0188679245283018,0.017029322742939498
5564,68,AW19,short coat,0.0,0.0188679245283018,0.01886791953029117
5356,10,AW19,long sleeve,0.0,0.0188679245283018,0.012006862006390652
5564,27,AW19,short coat,0.0,0.0,0.015437387795378415
5564,83,AW19,short coat,0.0188679245283018,0.0188679245283018,0.012006856064324617
5564,46,AW19,short coat,0.0188679245283018,0.0188679245283018,0.025728982995603764
5532,84,AW19,kimono dress,0.0377358490566037,0.0377358490566037,0.022298455039661366
5564,103,AW19,short coat,0.0,0.0188679245283018,0.02572898299206511
5563,96,AW19,solid color top,0.0377358490566037,0.0,0.01886791952722779
5562,49,AW19,maxi,0.0,0.0188679245283018,0.01886791953006896
5563,30,AW19,solid color top,0.0,0.0,0.04974270517905031
5562,62,AW19,maxi,0.0,0.0,0.02058318539194435
5337,53,AW19,kimono dress,0.0,0.0188679245283018,0.012006856065840824
5532,88,AW19,kimono dress,0.0,0.0377358490566037,0.032590046462500126
5394,62,AW19,maxi,0.0188679245283018,0.0188679245283018,0.008576324330859635
5397,23,AW19,patterned top,0.0,0.0,0.0006221150983700404
5337,0,AW19,kimono dress,0.0188679245283018,0.0377358490566037,0.03326432413961737
5076,64,AW19,sheath dress,0.0,0.0188679245283018,0.010291590196932824
5564,43,AW19,short coat,0.0,0.0,0.017152653667126868
5543,79,AW19,long sleeve,0.0754716981132075,0.0,0.013722121929494088
5483,76,AW19,sheath dress,0.0,0.0,0.0071198452611728
5558,2,AW19,medium coat,0.0,0.0,6.1051722526333346e-15
5063,15,AW19,kimono dress,0.0566037735849056,0.0,0.0085763243325405
5527,87,AW19,long coat,0.0,0.0,0.003344214575791721
5544,0,AW19,kimono dress,0.0,0.0,0.018867919529205718
4938,95,AW19,culottes,0.0,0.0188679245283018,0.00686105846637139
5538,121,AW19,kimono dress,0.0,0.0,0.003636114379791772
5473,41,AW19,culottes,0.0,0.0,1.1886970881407742e-35
5381,20,AW19,long sleeve,0.0,0.0,0.015437391838912051
5474,0,AW19,long dress,0.0,0.0377358490566037,0.015437387796577034
5495,94,AW19,solid color top,0.0,0.0,0.01715265365595604
5503,82,AW19,long sleeve,0.0,0.0188679245283018,0.018867919528926986
5485,45,AW19,short sleeves,0.0,0.0,0.018867919529290202
5495,110,AW19,solid color top,0.0,0.0,0.004257410538926825
5540,94,AW19,culottes,0.0,0.0188679245283018,0.015437387795561124
5503,30,AW19,long sleeve,0.0,0.0,0.011429057937828564
5498,3,AW19,doll dress,0.0,0.0,0.01029159019709704
5507,94,AW19,long sleeve,0.0,0.0188679245283018,0.018773622222923923
5538,8,AW19,kimono dress,0.0,0.0566037735849056,0.03256867999087904
5538,59,AW19,kimono dress,0.0,0.0,0.009976579070499642
5538,66,AW19,kimono dress,0.0377358490566037,0.0,0.017152653636855846
5529,41,AW19,culottes,0.0,0.0188679245283018,0.02915951471690735
5529,103,AW19,culottes,0.0,0.0,0.03259004652916456
5529,18,AW19,culottes,0.0188679245283018,0.0,0.01372212192946987
5544,4,AW19,kimono dress,0.0188679245283018,0.0,0.0037806319289403825
5557,94,AW19,medium coat,0.0,0.0377358490566037,0.015437387799047237
5526,121,AW19,short cardigan,0.0,0.0188679245283018,0.018867922938501955
5557,22,AW19,medium coat,0.0,0.0188679245283018,0.013722121935142346
5547,48,AW19,kimono dress,0.0,0.0,0.0043388233323233185
4930,88,AW19,solid color top,0.0,0.0,0.02401371713837163
5557,67,AW19,medium coat,0.0188679245283018,0.0188679245283018,0.018867924516527995
5358,15,AW19,long sleeve,0.0,0.0,0.017152657965504976
5059,73,AW19,kimono dress,0.0566037735849056,0.0377358490566037,0.010291590201751358
5557,21,AW19,medium coat,0.0,0.0,0.012006856062519932
5501,18,AW19,long dress,0.0,0.0188679245283018,0.013722121932845915
5557,115,AW19,medium coat,0.0,0.0,0.009177991693284203
5529,56,AW19,culottes,0.0,0.0,2.353385293602706e-09
5529,22,AW19,culottes,0.0,0.0,0.02058318539149115
5558,94,AW19,medium coat,0.0,0.0377358490566037,0.01543738779448044
5538,88,AW19,kimono dress,0.0,0.0754716981132075,0.020583185394500048
5558,14,AW19,medium coat,0.0188679245283018,0.0188679245283018,0.012006856063236511
5544,8,AW19,kimono dress,0.0,0.0,0.005893906552916834
5558,73,AW19,medium coat,0.0,0.0,0.00771338575316232
5529,106,AW19,culottes,0.0,0.0,0.041166375776362105
5529,82,AW19,culottes,0.0,0.0,0.017152657556841762
4908,108,AW19,solid color top,0.0,0.0,0.034305317659428826
5567,75,AW19,long sleeve,0.0,0.0,0.015437387797012392
5538,100,AW19,kimono dress,0.0,0.0,0.048027439252139134
5538,57,AW19,kimono dress,0.0,0.0188679245283018,0.02318066592081666
5020,63,AW19,trapeze dress,0.0,0.0,0.010291590196822931
5444,51,AW19,long sleeve,0.0,0.0,1.6280513567273803e-14
5544,84,AW19,kimono dress,0.0377358490566037,0.0,0.00023516085875112492
5553,107,AW19,long sleeve,0.0188679245283018,0.0,0.012006856062079047
5553,20,AW19,long sleeve,0.0,0.0,0.022298451249337596
5558,117,AW19,medium coat,0.0,0.0,0.012006861135816688
5558,22,AW19,medium coat,0.0,0.0,0.01715265366993868
5545,15,AW19,medium coat,0.0188679245283018,0.0188679245283018,0.012006856064686447
5544,88,AW19,kimono dress,0.0,0.0,3.039190776667673e-09
5558,45,AW19,medium coat,0.0188679245283018,0.0,0.015437391862451069
5477,3,AW19,long sleeve,0.0,0.0,0.015437387797355406
5521,15,AW19,long coat,0.0,0.0188679245283018,0.01715265366632784
5477,77,AW19,long sleeve,0.0,0.0,0.01372212193001029
5473,32,AW19,culottes,0.0,0.0377358490566037,0.01200685606120925
5558,36,AW19,medium coat,0.0188679245283018,0.0,0.01543738779554716
5558,26,AW19,medium coat,0.0,0.0,0.001082584230392842
5558,18,AW19,medium coat,0.0,0.0,0.003141081051322105
5553,22,AW19,long sleeve,0.0,0.0,0.02058318538737491
5545,14,AW19,medium coat,0.0,0.0188679245283018,0.015437387795438991
5558,5,AW19,medium coat,0.0,0.0188679245283018,0.018867919530979143
5553,59,AW19,long sleeve,0.0188679245283018,0.0188679245283018,0.012006856065126878
5513,57,AW19,sleeveless,0.0,0.0377358490566037,0.03773584849429573
5553,29,AW19,long sleeve,0.0,0.0,0.0004705760355679933
5540,83,AW19,culottes,0.0,0.0,0.017152653660773932
4886,108,AW19,long sleeve,0.0,0.0,0.015437387796893303
5544,121,AW19,kimono dress,0.0,0.0,0.0016104084702712454
5540,121,AW19,culottes,0.0,0.0377358490566037,0.01372212193172
5545,109,AW19,medium coat,0.0,0.0377358490566037,0.01543738779358387
5554,51,AW19,long sleeve,0.0,0.0188679245283018,0.017152653663626744
5554,108,AW19,long sleeve,0.0,0.0,0.015437387795010242
5545,47,AW19,medium coat,0.0,0.0,0.017152653665520573
5540,90,AW19,culottes,0.0188679245283018,0.0,0.013722121930053352
5521,10,AW19,long coat,0.0,0.0,0.003997915067329374
5486,3,AW19,long sleeve,0.0,0.0,0.013722121923820694
5545,22,AW19,medium coat,0.0188679245283018,0.0,0.015437387797613797
5554,15,AW19,long sleeve,0.0188679245283018,0.0188679245283018,0.01715265366282578
5554,10,AW19,long sleeve,0.0,0.0188679245283018,0.018961752656965637
5540,4,AW19,culottes,0.0,0.0,0.013722121931612789
5544,82,AW19,kimono dress,0.0,0.0,0.010598542116312172
5553,19,AW19,long sleeve,0.0,0.0,0.024013717143115124
5553,75,AW19,long sleeve,0.0,0.0,0.01886791953396277
5477,30,AW19,long sleeve,0.0,0.0188679245283018,0.017152653669342998
5513,29,AW19,sleeveless,0.0,0.0188679245283018,0.01372212722848258
5543,8,AW19,long sleeve,0.0,0.0,0.013722121918728517
5567,88,AW19,long sleeve,0.0188679245283018,0.0,0.027444248866328354
5553,13,AW19,long sleeve,0.0,0.0,0.02058318539974041
5554,74,AW19,long sleeve,0.0,0.0,0.015437392437405665
5338,33,AW19,kimono dress,0.0,0.0566037735849056,0.05660377302259763
5551,49,AW19,long sleeve,0.0,0.0188679245283018,0.0137221219297087
5441,85,AW19,long dress,0.0,0.0377358490566037,0.03364044852082425
5510,20,AW19,short sleeves,0.0,0.0,0.024013717124594606
5556,57,AW19,long sleeve,0.0,0.0566037735849056,0.020583185395203724
5389,79,AW19,long sleeve,0.0,0.0188679245283018,0.015013165589463815
5464,104,AW19,sheath dress,0.0,0.0188679245283018,0.018867919527871445
5554,83,AW19,long sleeve,0.0,0.0188679245283018,0.012006856064603243
5552,3,AW19,long sleeve,0.0,0.0377358490566037,0.015437387794769228
5533,23,AW19,kimono dress,0.0,0.0,0.0037364874251105567
5510,22,AW19,short sleeves,0.0,0.0,0.015437387792933105
5389,82,AW19,long sleeve,0.0,0.0,0.005051630311211605
5554,46,AW19,long sleeve,0.0,0.0,0.02744425354541464
5441,25,AW19,long dress,0.0188679245283018,0.0,0.010291590196947524
5053,4,AW19,culottes,0.0188679245283018,0.0,0.0007950523471327307
4977,44,AW19,doll dress,0.0188679245283018,0.0,0.010291590200945817
5525,93,AW19,long sleeve,0.0,0.0,0.02401371710887433
5551,14,AW19,long sleeve,0.0,0.0,0.02058318538679675
5389,74,AW19,long sleeve,0.0,0.0,0.009236514090714588
5554,101,AW19,long sleeve,0.0,0.0,0.01886791952816608
5552,12,AW19,long sleeve,0.0,0.0377358490566037,0.03430531232206586
5551,46,AW19,long sleeve,0.0,0.0,0.018874596972367083
5485,15,AW19,short sleeves,0.0,0.0,0.018867919530111174
5389,44,AW19,long sleeve,0.0,0.0,0.013722121940558217
5551,75,AW19,long sleeve,0.0,0.0,0.017152653662224234
5552,19,AW19,long sleeve,0.0,0.0,0.017152653658636864
5551,82,AW19,long sleeve,0.0,0.0,0.017152653659194134
5527,94,AW19,long coat,0.0188679245283018,0.0566037735849056,0.032590046462419156
5551,56,AW19,long sleeve,0.0,0.0,2.8115398897909787e-10
5536,77,AW19,medium coat,0.0,0.0188679245283018,0.018867925416262338
5551,73,AW19,long sleeve,0.0,0.0,0.01886791952867095
5554,20,AW19,long sleeve,0.0,0.0,0.020583185394651322
5552,75,AW19,long sleeve,0.0,0.0,0.01200685605913486
5485,65,AW19,short sleeves,0.0,0.0,0.01715265822496595
5554,61,AW19,long sleeve,0.0,0.0,0.013722121929538842
5554,44,AW19,long sleeve,0.0,0.0,0.012006856062271379
5567,69,AW19,long sleeve,0.0,0.0377358490566037,0.0377358490566037
5556,30,AW19,long sleeve,0.0,0.0,0.0291595147261132
5455,83,AW19,solid color top,0.0,0.0,0.01543738780645672
5463,83,AW19,sheath dress,0.0,0.0188679245283018,0.01816598479883966
5455,62,AW19,solid color top,0.0,0.0,0.020583185384143905
5463,4,AW19,sheath dress,0.0,0.0754716981132075,0.018867919519009804
5536,85,AW19,medium coat,0.0,0.0,0.01543738779383736
5538,28,AW19,kimono dress,0.0,0.0188679245283018,0.011076587905923087
5341,105,AW19,kimono dress,0.0,0.0,0.020583185396526017
5467,51,AW19,sleeveless,0.0,0.0,0.015437387797499213
5556,105,AW19,long sleeve,0.0,0.0188679245283018,0.018867919528102205
4992,10,AW19,long coat,0.0,0.0,0.017152653660706885
5536,53,AW19,medium coat,0.0188679245283018,0.0188679245283018,0.023429407048338964
4931,117,AW19,culottes,0.0,0.0,0.005781989160587392
5552,61,AW19,long sleeve,0.0,0.0,0.0034987109973139297
5467,19,AW19,sleeveless,0.0,0.0188679245283018,0.02058318538558548
5538,50,AW19,kimono dress,0.0,0.0,0.010291590196995489
5567,72,AW19,long sleeve,0.0188679245283018,0.0,0.012006856062548168
5529,49,AW19,culottes,0.0566037735849056,0.0188679245283018,0.01886791951706083
5543,77,AW19,long sleeve,0.0,0.0566037735849056,0.046270590056419564
5556,73,AW19,long sleeve,0.0,0.0377358490566037,0.01886791953326218
5038,102,AW19,long sleeve,0.0,0.0,0.010291590197260425
5464,87,AW19,sheath dress,0.0,0.0377358490566037,0.020583185393697207
5554,57,AW19,long sleeve,0.0,0.0,0.02572898299182399
5556,13,AW19,long sleeve,0.0,0.0,0.0171526536484974
5483,46,AW19,sheath dress,0.0,0.0,0.007268356409547338
5447,35,AW19,solid color top,0.0,0.0,0.003587482671581352
5572,80,AW19,doll dress,0.0,0.0,0.0
5575,40,AW19,trapeze dress,0.0566037735849056,0.0,0.02401371712484603
5575,106,AW19,trapeze dress,0.0,0.0,0.0064608641435468205
5530,3,AW19,medium coat,0.0,0.0,0.03259004645338955
5577,8,AW19,trapeze dress,0.0,0.0,0.010709952136227576
5577,74,AW19,trapeze dress,0.0,0.0,0.010172212958736554
5575,32,AW19,trapeze dress,0.0,0.0,2.3540876502345245e-09
5577,103,AW19,trapeze dress,0.0377358490566037,0.0,0.02058318835521311
4940,89,AW19,sheath dress,0.0188679245283018,0.0,0.013722121926916188
5577,40,AW19,trapeze dress,0.0,0.0,0.01886791952491504
5577,95,AW19,trapeze dress,0.0,0.0188679245283018,0.017152653662794018
5563,49,AW19,solid color top,0.0,0.0,0.02401371712179347
5577,90,AW19,trapeze dress,0.0,0.0188679245283018,0.01886791952618723
5577,81,AW19,trapeze dress,0.0,0.0,0.020583190477023967
5572,88,AW19,doll dress,0.0,0.0188679245283018,0.01029159019758218
5575,67,AW19,trapeze dress,0.0,0.0,0.0070419411817047315
5575,85,AW19,trapeze dress,0.0,0.0,0.004298745854424893
5577,13,AW19,trapeze dress,0.0,0.0,0.002130527114850265
5572,45,AW19,doll dress,0.0,0.0188679245283018,0.015437387799009588
5572,13,AW19,doll dress,0.0,0.0,0.017152653661140164
5577,47,AW19,trapeze dress,0.0,0.0,0.017152653664075136
5577,1,AW19,trapeze dress,0.0,0.0,0.004340983037129434
5577,86,AW19,trapeze dress,0.0,0.0,0.02744424884988542
5572,4,AW19,doll dress,0.0,0.0,0.020583185389674633
5532,90,AW19,kimono dress,0.0,0.0,0.0205831853981825
5572,21,AW19,doll dress,0.0,0.0,0.017152653655101047
5572,125,AW19,doll dress,0.0,0.0,0.005120382053735377
5577,77,AW19,trapeze dress,0.0,0.0,0.00028659001734755897
5577,39,AW19,trapeze dress,0.0,0.0,0.009204269542804037
5577,89,AW19,trapeze dress,0.0,0.0377358490566037,0.020583185395309386
5577,76,AW19,trapeze dress,0.0188679245283018,0.0,0.0003723831194309057
5057,43,AW19,solid color top,0.0,0.0,0.00853427752297685
5577,88,AW19,trapeze dress,0.0188679245283018,0.0,0.020583188973731265
4966,30,AW19,long duster,0.0,0.0188679245283018,0.024013717123756197
5577,108,AW19,trapeze dress,0.0,0.0188679245283018,0.017152653661290165
5577,52,AW19,trapeze dress,0.0,0.0,0.01886792477139847
5532,32,AW19,kimono dress,0.0,0.0,0.000689899320112917
5577,56,AW19,trapeze dress,0.0,0.0188679245283018,0.018867919528838453
5577,33,AW19,trapeze dress,0.0,0.0377358490566037,0.015437387800300632
5577,105,AW19,trapeze dress,0.0,0.0,0.003678147210893017
5530,50,AW19,medium coat,0.0,0.0,0.012006856062956256
5490,87,AW19,culottes,0.0,0.0,0.012006856062519932
5572,81,AW19,doll dress,0.0,0.0,0.0011255739449842145
5575,90,AW19,trapeze dress,0.0,0.0,0.019230379705797333
5509,36,AW19,medium coat,0.0,0.0,0.022298456171232682
5575,8,AW19,trapeze dress,0.0,0.0,0.0003967642777346042
5575,59,AW19,trapeze dress,0.0,0.0,0.0008845671811230408
5575,115,AW19,trapeze dress,0.0,0.0188679245283018,0.03602057811886423
5575,104,AW19,trapeze dress,0.0,0.0,0.008648785186829877
5337,44,AW19,kimono dress,0.0,0.0,0.01372212192902904
5575,29,AW19,trapeze dress,0.0,0.0,0.008400329517748266
5575,41,AW19,trapeze dress,0.0,0.0377358490566037,0.03773584849429573
5504,3,AW19,medium coat,0.0,0.0188679245283018,0.024013717123381385
5577,30,AW19,trapeze dress,0.0,0.0,0.00232286916712272
5572,76,AW19,doll dress,0.0,0.0,0.013722121928407214
5577,12,AW19,trapeze dress,0.0,0.0,0.022298451254402128
5577,61,AW19,trapeze dress,0.0,0.0,5.623079737686765e-10
5532,25,AW19,kimono dress,0.0,0.0188679245283018,0.012006856065391522
5577,31,AW19,trapeze dress,0.0,0.0,0.0007941579066511753
5572,51,AW19,doll dress,0.0,0.0377358490566037,0.013722124535325718
5360,45,AW19,long sleeve,0.0,0.0,0.012006856061565272
5577,84,AW19,trapeze dress,0.0,0.0188679245283018,0.0188679245283018
5428,19,AW19,sheath dress,0.0188679245283018,0.0188679245283018,0.01200685606606116
5543,56,AW19,long sleeve,0.0,0.0,0.013722121928926783
5575,15,AW19,trapeze dress,0.0,0.0,0.004393391972132317
5575,61,AW19,trapeze dress,0.0188679245283018,0.0,0.0104783919456402
5563,3,AW19,solid color top,0.0,0.0,0.030874780588439437
4860,1,AW19,sleeveless,0.0,0.0,0.012006856063565335
5556,108,AW19,long sleeve,0.0,0.0,0.012006856062743456
5556,39,AW19,long sleeve,0.0188679245283018,0.0188679245283018,0.017152653651872036
5359,15,AW19,culottes,0.0,0.0,0.017152653662792186
5556,60,AW19,long sleeve,0.0,0.0188679245283018,0.012006856063831077
5556,75,AW19,long sleeve,0.0,0.0,0.018867919527897927
5511,57,AW19,long sleeve,0.0,0.0,0.01543738780060951
5510,49,AW19,short sleeves,0.0,0.0188679245283018,0.012006856062211694
5556,12,AW19,long sleeve,0.0,0.0,0.015437387792835223
4844,25,AW19,doll dress,0.0377358490566037,0.0188679245283018,0.01029159019713366
5510,2,AW19,short sleeves,0.0,0.0,0.005083944704027314
4389,110,AW19,culottes,0.0,0.0,0.0006398133101367488
5441,57,AW19,long dress,0.0,0.0,0.012006856064226431
5563,76,AW19,solid color top,0.0,0.0377358490566037,0.01707585095620029
5567,22,AW19,long sleeve,0.0,0.0188679245283018,0.01200685606172895
5574,2,AW19,trapeze dress,0.0,0.0,0.000704229157584481
5574,49,AW19,trapeze dress,0.0,0.0,0.013722121931695737
5574,7,AW19,trapeze dress,0.0,0.0,0.003107851872751823
5574,15,AW19,trapeze dress,0.0188679245283018,0.0566037735849056,0.02401371712695112
5574,31,AW19,trapeze dress,0.0,0.0,0.0021516753137052827
4895,64,AW19,long sleeve,0.0,0.0377358490566037,0.0204430297185004
5560,31,AW19,medium coat,0.0,0.0,0.017152653652543266
5563,106,AW19,solid color top,0.0,0.0,0.002359025829214598
5560,105,AW19,medium coat,0.0,0.0,0.0102915901976273
5574,86,AW19,trapeze dress,0.0,0.0188679245283018,0.027444248857051018
5560,16,AW19,medium coat,0.0,0.0188679245283018,0.013722121929773255
5574,92,AW19,trapeze dress,0.0,0.0,0.007577896517302921
5567,89,AW19,long sleeve,0.0566037735849056,0.0,0.013722121926834759
5459,76,AW19,culottes,0.0,0.0188679245283018,0.018867919521927425
5556,82,AW19,long sleeve,0.0,0.0,0.01372212192919414
5441,4,AW19,long dress,0.0,0.0188679245283018,0.01886792480945579
5463,25,AW19,sheath dress,0.0188679245283018,0.0,0.012006856065760473
5527,62,AW19,long coat,0.0,0.0,0.025728982994453014
5511,74,AW19,long sleeve,0.0,0.0,0.0014271407396573242
5511,40,AW19,long sleeve,0.0,0.0,0.02572898301168108
5533,44,AW19,kimono dress,0.0188679245283018,0.0,0.003748603192698062
5552,107,AW19,long sleeve,0.0,0.0,0.012006856061710237
5527,65,AW19,long coat,0.0,0.0,0.01543738779393543
5046,46,AW19,medium coat,0.0,0.0,0.013722121927357032
5552,1,AW19,long sleeve,0.0188679245283018,0.0,0.013722121928835528
5468,87,AW19,culottes,0.0188679245283018,0.0,0.012006856063871354
5500,30,AW19,culottes,0.0,0.0,0.004838850913060533
5525,81,AW19,long sleeve,0.0188679245283018,0.0,0.010291590197459007
5468,76,AW19,culottes,0.0,0.0,0.0137221219262075
5046,19,AW19,medium coat,0.0,0.0,0.01543738778711275
5468,93,AW19,culottes,0.0,0.0,2.3543738450469016e-11
5468,16,AW19,culottes,0.0188679245283018,0.0188679245283018,0.008576324330602523
4806,107,AW19,culottes,0.0,0.0,0.010291590198195033
4899,87,AW19,culottes,0.0188679245283018,0.0,0.010291590197649449
5539,102,AW19,maxi,0.0,0.0377358490566037,0.024013720738133945
5552,94,AW19,long sleeve,0.0,0.0,0.012006856066856772
5533,107,AW19,kimono dress,0.0,0.0,1.1772985278085575e-11
5436,10,AW19,long sleeve,0.0,0.0188679245283018,0.013722121928583585
5533,27,AW19,kimono dress,0.0188679245283018,0.0377358490566037,0.010291590198876216
5551,40,AW19,long sleeve,0.0,0.0,0.008353353526181191
5425,1,AW19,long sleeve,0.0,0.0188679245283018,0.017152653665012892
5525,43,AW19,long sleeve,0.0188679245283018,0.0,0.018867922130918764
5563,84,AW19,solid color top,0.0,0.0,0.015437387793878933
5515,57,AW19,long sleeve,0.0,0.0,0.012006856063152424
5441,0,AW19,long dress,0.0,0.0,0.01200685606355396
5574,88,AW19,trapeze dress,0.0,0.0188679245283018,0.01089619773396097
5574,110,AW19,trapeze dress,0.0188679245283018,0.0377358490566037,0.012006856062566913
5574,6,AW19,trapeze dress,0.0,0.0,0.003466772645470861
5563,85,AW19,solid color top,0.0,0.0,0.02229845119515441
4764,47,AW19,sleeveless,0.0,0.0,0.02229845126224837
4892,105,AW19,long sleeve,0.0,0.0188679245283018,0.013722121935680948
5575,12,AW19,trapeze dress,0.0,0.0188679245283018,0.026628310441982505
5575,10,AW19,trapeze dress,0.0,0.0,0.009039949218206568
5577,29,AW19,trapeze dress,0.0,0.0,0.0171526569856781
5575,31,AW19,trapeze dress,0.0,0.0188679245283018,0.013374439427080245
5575,94,AW19,trapeze dress,0.0188679245283018,0.0188679245283018,0.018773657208015843
5561,21,AW19,long coat,0.0188679245283018,0.0,1.177808126140441e-11
5575,105,AW19,trapeze dress,0.0754716981132075,0.0,0.01715265716964036
5561,64,AW19,long coat,0.0,0.0,0.013722121935723674
5508,87,AW19,long sleeve,0.0,0.0,0.013722121930182025
5575,86,AW19,trapeze dress,0.0,0.0,0.0016000330097110872
5575,92,AW19,trapeze dress,0.0,0.0,0.029159514729769857
5575,39,AW19,trapeze dress,0.0,0.0,0.00680449976911421
5373,82,AW19,long cardigan,0.0,0.0,0.012006856061613457
4763,108,AW19,medium coat,0.0188679245283018,0.0188679245283018,0.02572898300805207
5575,80,AW19,trapeze dress,0.0,0.0,0.01332503792025136
5575,3,AW19,trapeze dress,0.0,0.0,0.025728986091460716
5575,108,AW19,trapeze dress,0.0,0.0188679245283018,0.025728982983586765
5575,99,AW19,trapeze dress,0.0,0.0,0.013722121930270913
5535,48,AW19,kimono dress,0.0,0.0,0.01200685606400381
5575,13,AW19,trapeze dress,0.0,0.0,0.020837630696920337
5575,22,AW19,trapeze dress,0.0,0.0,0.008441488771537607
5575,52,AW19,trapeze dress,0.0,0.0377358490566037,0.020583185392388025
5575,24,AW19,trapeze dress,0.0,0.0,0.03945110989104424
5575,76,AW19,trapeze dress,0.0188679245283018,0.0377358490566037,0.03259004644062989
5575,89,AW19,trapeze dress,0.0188679245283018,0.0943396226415094,0.08623025869062748
5575,77,AW19,trapeze dress,0.0,0.0,0.0013036620544468014
5575,20,AW19,trapeze dress,0.0188679245283018,0.0377358490566037,0.032590046455147195
5575,30,AW19,trapeze dress,0.0,0.0,0.024846559613461515
5057,108,AW19,solid color top,0.0188679245283018,0.0377358490566037,0.022298451260231313
5574,23,AW19,trapeze dress,0.0,0.0188679245283018,0.013722121928565154
5561,5,AW19,long coat,0.0,0.0188679245283018,0.01200685606356048
5574,99,AW19,trapeze dress,0.0,0.0188679245283018,0.01877360570896079
5574,56,AW19,trapeze dress,0.0,0.0,0.006329017578804389
5574,13,AW19,trapeze dress,0.0,0.0,0.006589929808212744
5397,60,AW19,patterned top,0.0,0.0188679245283018,0.017152653660754007
5574,33,AW19,trapeze dress,0.0,0.0,0.004091880045489176
5574,22,AW19,trapeze dress,0.0,0.0,0.008573709656589492
5574,24,AW19,trapeze dress,0.0,0.0,0.013722121931273404
5397,88,AW19,patterned top,0.0,0.0,0.012006856064127961
5495,62,AW19,solid color top,0.0,0.0,0.010291590197669892
5397,110,AW19,patterned top,0.0,0.0,0.013722121929728675
5574,47,AW19,trapeze dress,0.0188679245283018,0.0,0.006281837722192113
5574,20,AW19,trapeze dress,0.0,0.0,0.029159514723936835
5574,106,AW19,trapeze dress,0.0,0.0,0.00778665265391661
5574,82,AW19,trapeze dress,0.0,0.0,6.242872454543942e-26
5574,72,AW19,trapeze dress,0.0,0.0,0.01886791954314295
5574,32,AW19,trapeze dress,0.0,0.0,7.767394131624559e-05
5574,53,AW19,trapeze dress,0.0188679245283018,0.0,0.01200685606330186
5495,13,AW19,solid color top,0.0,0.0,0.01200685606478528
5574,74,AW19,trapeze dress,0.0,0.0,0.010520444454538343
5563,25,AW19,solid color top,0.0,0.0,0.020583185395729495
5574,81,AW19,trapeze dress,0.0,0.0,0.003820189605664706
5563,125,AW19,solid color top,0.0,0.0,0.018867919534373147
4771,60,AW19,medium coat,0.0188679245283018,0.0377358490566037,0.013722121931489868
5574,0,AW19,trapeze dress,0.0,0.0188679245283018,0.012006856062349523
5561,12,AW19,long coat,0.0,0.0,0.002974224981217723
5574,63,AW19,trapeze dress,0.0,0.0,0.009207467830051013
5574,100,AW19,trapeze dress,0.0,0.0,0.012006856064982151
5574,29,AW19,trapeze dress,0.0,0.0,0.003554680119193724
5574,64,AW19,trapeze dress,0.0,0.0,0.017152653660723046
5574,41,AW19,trapeze dress,0.0,0.0188679245283018,0.013045044268847613
5577,41,AW19,trapeze dress,0.0188679245283018,0.0,0.025728982999284035
5453,43,AW19,miniskirt,0.0188679245283018,0.0,0.01029159019749095
4853,88,AW19,trapeze dress,0.0,0.0,0.010291590196822931
5558,16,AW19,medium coat,0.0,0.0,0.013722121931002744
5573,41,AW19,trapeze dress,0.0,0.0377358490566037,0.03259005047647511
5562,59,AW19,maxi,0.0,0.0,4.189520910070806e-18
5573,64,AW19,trapeze dress,0.0,0.0,0.0034687694328647545
5562,102,AW19,maxi,0.0,0.0188679245283018,0.013240240888743642
5405,16,AW19,sleeveless,0.0,0.0,0.010291590197483672
5573,115,AW19,trapeze dress,0.0,0.0,0.02572898298582488
5573,59,AW19,trapeze dress,0.0,0.0,0.01115211110476034
5571,93,AW19,patterned top,0.0,0.0,4.082830439011622e-05
5536,18,AW19,medium coat,0.0,0.0,0.013722121930117867
5536,35,AW19,medium coat,0.0,0.0,0.010291590198086563
5573,90,AW19,trapeze dress,0.0,0.0,0.015437387791906612
5569,10,AW19,maxi,0.0,0.0,0.01543738779550216
5569,75,AW19,maxi,0.0,0.0188679245283018,0.022298451261072976
5521,39,AW19,long coat,0.0,0.0,0.015437387795769838
5482,31,AW19,sleeveless,0.0,0.0,0.013722121927890213
5573,81,AW19,trapeze dress,0.0,0.0,0.0023242990479239163
5576,30,AW19,trapeze dress,0.0566037735849056,0.0,0.029159519781058067
5545,87,AW19,medium coat,0.0,0.0,0.008442985061766052
5576,54,AW19,trapeze dress,0.0,0.0,0.017152653668166633
5576,12,AW19,trapeze dress,0.0377358490566037,0.0,0.044596907506695864
5050,80,AW19,solid color top,0.0,0.0,0.01715265366184333
5554,19,AW19,long sleeve,0.0,0.0,1.1830556971413534e-11
5565,106,AW19,solid color top,0.0,0.0,5.884061706845077e-14
5573,5,AW19,trapeze dress,0.0,0.0,0.0005950258553038618
5565,95,AW19,solid color top,0.0,0.0188679245283018,0.018867924247147814
5576,105,AW19,trapeze dress,0.0188679245283018,0.0188679245283018,0.02058318538876084
5553,93,AW19,long sleeve,0.0,0.0,0.004036321841795429
5558,64,AW19,medium coat,0.0,0.0188679245283018,0.015437387795892018
5562,101,AW19,maxi,0.0,0.0,0.01715265366201809
5576,94,AW19,trapeze dress,0.0,0.0,0.015437387807585785
5576,65,AW19,trapeze dress,0.0,0.0188679245283018,0.018867919527431082
5576,31,AW19,trapeze dress,0.0,0.0,0.017152653664251425
5512,57,AW19,long sleeve,0.0,0.0188679245283018,0.013722121931070487
5558,87,AW19,medium coat,0.0,0.0,0.01372212193433239
5350,104,AW19,solid color top,0.0,0.0188679245283018,0.015437391668628668
5025,23,AW19,long sleeve,0.0188679245283018,0.0,0.00857632915584674
5562,0,AW19,maxi,0.0,0.0,0.01715265851735293
5571,53,AW19,patterned top,0.0,0.0,0.0025385043675722235
5545,68,AW19,medium coat,0.0,0.0,0.013722121930071725
5524,57,AW19,sleeveless,0.0188679245283018,0.0,0.00857632433126179
5055,103,AW19,culottes,0.0,0.0,0.013722129429338911
5536,93,AW19,medium coat,0.0188679245283018,0.0188679245283018,0.020583185394211643
5570,20,AW19,maxi,0.0,0.0,0.027444248859280904
5573,106,AW19,trapeze dress,0.0,0.0,2.2240678935860104e-09
5535,107,AW19,kimono dress,0.0,0.0,0.004107927607189357
5573,76,AW19,trapeze dress,0.0,0.0,0.022298455757641666
5573,92,AW19,trapeze dress,0.0,0.0188679245283018,0.03773584851937704
5570,68,AW19,maxi,0.0,0.0,0.022298451269459875
5573,43,AW19,trapeze dress,0.0,0.0,0.005260288431342732
5570,48,AW19,maxi,0.0,0.0,0.001415459175422573
5573,88,AW19,trapeze dress,0.0,0.0,0.01886792422495936
5573,24,AW19,trapeze dress,0.0,0.0,2.772392357500945e-41
5573,52,AW19,trapeze dress,0.0,0.0,0.015437387800479709
5573,22,AW19,trapeze dress,0.0,0.0188679245283018,0.024377782047268974
5570,33,AW19,maxi,0.0,0.0,0.0047415808467107246
5573,80,AW19,trapeze dress,0.0,0.0,0.0257289829614063
5573,6,AW19,trapeze dress,0.0188679245283018,0.0,0.015437387796291408
5573,108,AW19,trapeze dress,0.0,0.0188679245283018,0.017836727523655053
5458,104,AW19,sleeveless,0.0,0.0,0.015437387797756805
5507,91,AW19,long sleeve,0.0,0.0,6.242872454543941e-26
5573,86,AW19,trapeze dress,0.0,0.0,0.02401371712254631
5573,60,AW19,trapeze dress,0.0,0.0377358490566037,0.029159514724466404
5573,32,AW19,trapeze dress,0.0,0.0188679245283018,0.02058318538085414
5573,85,AW19,trapeze dress,0.0,0.0,0.02401372267961223
5545,53,AW19,medium coat,0.0188679245283018,0.0188679245283018,0.017152653645545645
5573,54,AW19,trapeze dress,0.0,0.0,0.0037313219566802312
5422,117,AW19,long sleeve,0.0188679245283018,0.0188679245283018,0.010291590196660457
5573,12,AW19,trapeze dress,0.0,0.0,0.00858985113239299
5507,86,AW19,long sleeve,0.0,0.0,0.001415459175422573
5557,75,AW19,medium coat,0.0188679245283018,0.0188679245283018,0.013722121929619614
5565,3,AW19,solid color top,0.0,0.0,0.01200685606273484
5545,26,AW19,medium coat,0.0,0.0188679245283018,0.012006856064987028
5545,46,AW19,medium coat,0.0,0.0,0.013722127530252013
5573,7,AW19,trapeze dress,0.0,0.0,0.0007669781733532543
5557,26,AW19,medium coat,0.0,0.0,0.015437390348227371
5573,31,AW19,trapeze dress,0.0,0.0,0.02229845126226878
5358,63,AW19,long sleeve,0.0,0.0188679245283018,0.01886791952701385
5573,94,AW19,trapeze dress,0.0,0.0,0.0005199160969687157
5406,79,AW19,long coat,0.0,0.0188679245283018,0.012006856061146919
4945,109,AW19,short sleeves,0.0,0.0,0.008576324328882095
5573,10,AW19,trapeze dress,0.0,0.0,0.004799096154988126
5540,87,AW19,culottes,0.0188679245283018,0.0188679245283018,0.013722121929982631
5573,99,AW19,trapeze dress,0.0,0.0,0.015829744907502177
5576,1,AW19,trapeze dress,0.0,0.0,0.024013717129571056
5402,102,AW19,short cardigan,0.0,0.0,0.008175285527250395
5562,10,AW19,maxi,0.0,0.0,0.02229845126063695
5576,100,AW19,trapeze dress,0.0188679245283018,0.0,0.008576324330935014
5576,8,AW19,trapeze dress,0.0,0.0188679245283018,0.020583185392841485
5576,22,AW19,trapeze dress,0.0,0.0188679245283018,0.01372212192953488
5576,52,AW19,trapeze dress,0.0,0.0,0.012006856066402333
5354,1,AW19,long sleeve,0.0,0.0,0.015437387792392374
5529,79,AW19,culottes,0.0,0.0188679245283018,0.029159514726701682
5576,24,AW19,trapeze dress,0.0188679245283018,0.0188679245283018,0.015437387797916513
5527,108,AW19,long coat,0.0,0.0,0.017152653661577137
5564,80,AW19,short coat,0.0,0.0,0.017152653662897997
5380,105,AW19,long sleeve,0.0,0.0,0.010291590197243858
5564,104,AW19,short coat,0.0,0.0377358490566037,0.012006856063667195
5576,103,AW19,trapeze dress,0.0,0.0,0.02229845126529144
5564,108,AW19,short coat,0.0,0.0,0.020583185394357068
5562,75,AW19,maxi,0.0,0.0188679245283018,0.01543738779470999
5576,47,AW19,trapeze dress,0.0188679245283018,0.0,0.020583185391006554
5564,28,AW19,short coat,0.0,0.0,0.02058318539356167
4392,88,AW19,long sleeve,0.0188679245283018,0.0377358490566037,0.0154373877957298
5564,35,AW19,short coat,0.0,0.0188679245283018,0.013350906951686975
5547,0,AW19,kimono dress,0.0,0.0,0.012006856064250537
5564,40,AW19,short coat,0.0,0.0,0.007739056388789878
5502,26,AW19,long sleeve,0.0,0.0,0.012006856061589957
5511,29,AW19,long sleeve,0.0,0.0,0.005051630311211605
5564,67,AW19,short coat,0.0,0.0,0.02572898298430405
5521,44,AW19,long coat,0.0,0.0,0.010291590197058964
5564,1,AW19,short coat,0.0,0.0,0.020583185396397235
5521,32,AW19,long coat,0.0,0.0188679245283018,0.012006856063104037
5485,49,AW19,short sleeves,0.0,0.0,0.00015151012482006313
5446,1,AW19,long sleeve,0.0,0.0,0.013722121926861537
5576,21,AW19,trapeze dress,0.0377358490566037,0.0377358490566037,0.03430531232526411
5564,62,AW19,short coat,0.0188679245283018,0.0377358490566037,0.022298451255698227
5527,76,AW19,long coat,0.0,0.0,0.013722121931828863
5521,80,AW19,long coat,0.0,0.0,0.0137221219296022
5379,15,AW19,long coat,0.0,0.0,0.02572898613128245
5498,32,AW19,doll dress,0.0,0.0,0.020583185396297506
5568,104,AW19,solid color top,0.0,0.0,0.012006856067740547
5526,83,AW19,short cardigan,0.0,0.0,0.013722121926919573
5576,29,AW19,trapeze dress,0.0,0.0,0.020583185394737444
5498,107,AW19,doll dress,0.0,0.0,0.0011838417982874905
5531,28,AW19,long sleeve,0.0,0.0377358490566037,0.03767784138986045
4988,10,AW19,medium coat,0.0188679245283018,0.0,0.005357234973309517
5576,86,AW19,trapeze dress,0.0,0.0,0.03087478057390266
5503,76,AW19,long sleeve,0.0,0.0,0.010291590197158276
5576,110,AW19,trapeze dress,0.0,0.0188679245283018,0.008576324333037073
5566,62,AW19,short coat,0.0,0.0,0.020583185395362285
5576,43,AW19,trapeze dress,0.0,0.0,0.005613493505241398
5071,41,AW19,long coat,0.0,0.0,0.01200685606376478
5527,74,AW19,long coat,0.0,0.0,0.01715265861349749
5394,59,AW19,maxi,0.0,0.0188679245283018,0.018867919528075233
5566,89,AW19,short coat,0.0,0.0,6.24287282664814e-26
5538,32,AW19,kimono dress,0.0,0.0,0.017152657683986623
5576,115,AW19,trapeze dress,0.0,0.0,0.03430531233799486
5576,9,AW19,trapeze dress,0.0,0.0,0.008576324332296263
5566,73,AW19,short coat,0.0,0.0,0.015437387799363714
5498,75,AW19,doll dress,0.0,0.0188679245283018,0.017152653662617406
5521,87,AW19,long coat,0.0,0.0,0.01715265823553434
5576,104,AW19,trapeze dress,0.0,0.0,0.015437387795377157
5503,51,AW19,long sleeve,0.0188679245283018,0.0377358490566037,0.013722121929485364
5576,80,AW19,trapeze dress,0.0566037735849056,0.0,0.010837519618309603
5521,50,AW19,long coat,0.0,0.0,0.0205831853916751
5576,73,AW19,trapeze dress,0.0,0.0377358490566037,0.030874780593101114
5574,48,AW19,trapeze dress,0.0,0.0,0.002373275397737851
4973,69,AW19,culottes,0.0,0.0,0.015437392602405809
5576,18,AW19,trapeze dress,0.0,0.0188679245283018,0.05317323676673498
5576,0,AW19,trapeze dress,0.0,0.0566037735849056,0.020583185394138306
5574,65,AW19,trapeze dress,0.0,0.0188679245283018,0.018867924247147814
5576,25,AW19,trapeze dress,0.0,0.0566037735849056,0.018867919539772356
5574,9,AW19,trapeze dress,0.0,0.0,0.012006856063469407
5439,104,AW19,solid color top,0.0,0.0,0.02229845126060605
4778,88,AW19,medium coat,0.0,0.0188679245283018,0.01372212192834516
5563,86,AW19,solid color top,0.0,0.0,0.003343834344004298
5465,53,AW19,long coat,0.0,0.0188679245283018,0.010291590197315055
5576,75,AW19,trapeze dress,0.0,0.0,0.006323533046548202
5511,8,AW19,long sleeve,0.0,0.0377358490566037,0.03773584849429573
5434,115,AW19,culottes,0.0,0.0,0.012006856062325369
5535,44,AW19,kimono dress,0.0,0.0,0.022298451228935416
5441,28,AW19,long dress,0.0,0.0,0.00529329763508446
4988,117,AW19,medium coat,0.0,0.0188679245283018,0.01200685606293586
5576,15,AW19,trapeze dress,0.0,0.0,0.0020497117940418974
5535,25,AW19,kimono dress,0.0,0.0,0.012006856065203127
5502,16,AW19,long sleeve,0.0,0.0,0.001097397078316789
5563,117,AW19,solid color top,0.0,0.0,0.01715265366755075
5502,22,AW19,long sleeve,0.0,0.0,0.0029651774892871818
5511,10,AW19,long sleeve,0.0,0.0,0.0003026911566251741
5536,29,AW19,medium coat,0.0,0.0,0.01886791952601627
5040,13,AW19,solid color top,0.0,0.0188679245283018,0.015437387796794096
5536,36,AW19,medium coat,0.0,0.0,0.030874780594325184
5502,74,AW19,long sleeve,0.0,0.0,0.003748603192698062
5069,69,AW19,long sleeve,0.0,0.0,0.01715265366062642
5573,40,AW19,trapeze dress,0.0,0.0188679245283018,0.017640090748820426
5521,41,AW19,long coat,0.0,0.0188679245283018,0.012006856063944861
5576,121,AW19,trapeze dress,0.0,0.0188679245283018,0.01886792687226228
5436,32,AW19,long sleeve,0.0,0.0,0.01372212903664622
5054,108,AW19,doll dress,0.0,0.0,0.006055782368733666
5576,69,AW19,trapeze dress,0.0,0.0,0.013722121927430855
5576,36,AW19,trapeze dress,0.0,0.0,0.0257289829505784
5576,46,AW19,trapeze dress,0.0,0.0,0.027444248858684937
5557,35,AW19,medium coat,0.0,0.0,0.013722121927655949
4974,108,AW19,long cardigan,0.0,0.0188679245283018,0.017152653669954224
4860,19,AW19,sleeveless,0.0,0.0,0.015437387801856993
5577,64,AW19,trapeze dress,0.0,0.0,0.007237646895518157
5574,89,AW19,trapeze dress,0.0,0.0,0.024013717119524224
5504,7,AW19,medium coat,0.0,0.0,0.012006856064861605
5573,16,AW19,trapeze dress,0.0,0.0,0.02744424886585519
5528,108,AW19,long sleeve,0.0,0.0377358490566037,0.01886791952146567
5565,73,AW19,solid color top,0.0,0.0,0.020583185393385182
5540,25,AW19,culottes,0.0,0.0,0.018867919528659842
4905,108,AW19,doll dress,0.0,0.0,0.018867919537620813
5484,0,AW19,long sleeve,0.0,0.0,0.010291590197326202
5575,11,AW19,trapeze dress,0.0,0.0188679245283018,0.014891626938582569
5376,108,AW19,long coat,0.0,0.0188679245283018,0.018867924247147817
5565,8,AW19,solid color top,0.0,0.0,0.012006856063124552
5575,56,AW19,trapeze dress,0.0,0.0,0.012006856056519475
5061,103,AW19,long coat,0.0,0.0377358490566037,0.020583185396447715
4990,46,AW19,long sleeve,0.0,0.0,0.008576324330076044
4803,32,AW19,sleeveless,0.0,0.0,0.018867919527388064
5373,27,AW19,long cardigan,0.0,0.0188679245283018,0.013722121927030652
5078,2,AW19,medium coat,0.0,0.0,0.010291590197031361
5061,80,AW19,long coat,0.0,0.0377358490566037,0.015437387796652382
5470,91,AW19,medium coat,0.0,0.0,0.013722121930374512
5577,15,AW19,trapeze dress,0.0,0.0,0.003348836490716145
5577,21,AW19,trapeze dress,0.0,0.0,0.010291590197375277
5567,12,AW19,long sleeve,0.0,0.0,0.0021694347274030202
5567,30,AW19,long sleeve,0.0,0.0,0.0015070660940006493
5577,18,AW19,trapeze dress,0.0,0.0,0.006065336346983948
5336,22,AW19,long sleeve,0.0,0.0,0.00010847346341788645
5564,41,AW19,short coat,0.0,0.0,0.024013717127720043
5532,117,AW19,kimono dress,0.0,0.0,0.015437387795797565
5564,89,AW19,short coat,0.0,0.0,0.013722121933571075
5577,68,AW19,trapeze dress,0.0,0.0,0.005523323332595159
4911,87,AW19,medium coat,0.0,0.0,0.010291590203478144
5497,60,AW19,long coat,0.0,0.0188679245283018,0.010291590196763095
5577,22,AW19,trapeze dress,0.0,0.0,0.007063846432205682
5380,51,AW19,long sleeve,0.0,0.0,0.020583185395208616
5577,73,AW19,trapeze dress,0.0,0.0,0.012006856064235226
5566,59,AW19,short coat,0.0,0.0,0.02572898298028564
5577,49,AW19,trapeze dress,0.0,0.0,0.002284788270215993
5347,110,AW19,long sleeve,0.0,0.0,0.0009332134505846378
5447,105,AW19,solid color top,0.0,0.0566037735849056,0.018867919522861355
5573,66,AW19,trapeze dress,0.0,0.0188679245283018,0.010291590197488574
5573,96,AW19,trapeze dress,0.0,0.0,0.00028631957243365256
5573,62,AW19,trapeze dress,0.0,0.0,0.00501558818900529
5574,8,AW19,trapeze dress,0.0,0.0,0.00435542824131559
5573,15,AW19,trapeze dress,0.0,0.0,0.0018578455531017132
5475,64,AW19,culottes,0.0,0.0188679245283018,0.017363201828942475
5573,105,AW19,trapeze dress,0.0,0.0,0.010512066279942866
5574,40,AW19,trapeze dress,0.0,0.0377358490566037,0.025728982988367368
5466,104,AW19,kimono dress,0.0,0.0377358490566037,0.017152653649008833
5394,48,AW19,maxi,0.0,0.0,0.010291590198195033
5381,76,AW19,long sleeve,0.0,0.0,0.018867919527639606
5574,83,AW19,trapeze dress,0.0,0.0,0.0029166160535331457
5367,50,AW19,long sleeve,0.0,0.0,0.010291590197347102
5574,1,AW19,trapeze dress,0.0,0.0,0.0027922194749839214
4813,47,AW19,long coat,0.0,0.0188679245283018,0.01715265366460095
5536,10,AW19,medium coat,0.0,0.0,0.015437387796372937
5543,42,AW19,long sleeve,0.0,0.0,0.013722121929426559
5524,31,AW19,sleeveless,0.0,0.0,0.01200686016957174
5469,51,AW19,long duster,0.0,0.0,0.010291590196945748
5575,84,AW19,trapeze dress,0.0,0.0,0.0067833376973684386
5575,19,AW19,trapeze dress,0.0,0.0,0.020583185390242974
5061,2,AW19,long coat,0.0,0.0,0.013722121919802878
4572,105,AW19,doll dress,0.0,0.0,0.0012027036757842461
4538,90,AW19,culottes,0.0,0.0,0.01200685606413377
4931,110,AW19,culottes,0.0,0.0,0.01543738779743306
5064,79,AW19,kimono dress,0.0,0.0,0.010291590198265832
4409,105,AW19,printed shirt,0.0,0.0,0.018867919514680802
4790,56,AW19,doll dress,0.0,0.0,0.010291593736954702
5497,125,AW19,long coat,0.0,0.0,0.010291590196609074
5576,74,AW19,trapeze dress,0.0,0.0,0.01886791953229284
5576,32,AW19,trapeze dress,0.0,0.0,0.003854852922374323
5577,87,AW19,trapeze dress,0.0,0.0,0.01543738779516455
5552,39,AW19,long sleeve,0.0,0.0,0.01029159019776339
5484,75,AW19,long sleeve,0.0,0.0,0.004038458409016154
5564,45,AW19,short coat,0.0,0.0,0.02058318539446228
5549,57,AW19,short coat,0.0,0.0,0.01029159019743314
5576,82,AW19,trapeze dress,0.0,0.0,6.24287254756999e-26
5576,27,AW19,trapeze dress,0.0,0.0,0.01372212192982707
5575,28,AW19,trapeze dress,0.0,0.0,0.0036092205171802325
5046,108,AW19,medium coat,0.0,0.0,6.242872733622091e-26
4721,88,AW19,long sleeve,0.0,0.0,0.013722121930931684
5433,16,AW19,long coat,0.0,0.0,5.919022149339946e-14
5564,8,AW19,short coat,0.0,0.0,0.020583188373930257
5567,31,AW19,long sleeve,0.0,0.0,2.355684888547511e-09
4978,4,AW19,culottes,0.0,0.0,0.018867919525332313
5576,41,AW19,trapeze dress,0.0,0.0,0.018867919533029128
4813,7,AW19,long coat,0.0,0.0,0.01372212193249052
4698,66,AW19,culottes,0.0,0.0188679245283018,0.010291590196424604
4867,108,AW19,sheath dress,0.0,0.0,0.009329101520862207
4878,26,AW19,long sleeve,0.0,0.0,0.0029899387745775537
4884,40,AW19,long sleeve,0.0,0.0,0.022298451258086133
5016,15,AW19,printed shirt,0.0,0.0,0.005516249132480464
4884,121,AW19,long sleeve,0.0,0.0,0.010291590197898545
5076,16,AW19,sheath dress,0.0,0.0,0.012006859734674486
5069,80,AW19,long sleeve,0.0,0.0,0.00029764613187228527
5073,15,AW19,medium coat,0.0,0.0,0.022298451225450114
5576,102,AW19,trapeze dress,0.0,0.0,0.010291593487135169
4791,108,AW19,sleeveless,0.0,0.0,0.00585015000819348
5046,115,AW19,medium coat,0.0,0.0,0.012006856061295241
5545,23,AW19,medium coat,0.0,0.0,0.013722124955980094
5576,63,AW19,trapeze dress,0.0,0.0,0.012006856061694911
5069,31,AW19,long sleeve,0.0,0.0,0.02572898631645149
5577,53,AW19,trapeze dress,0.0,0.0,0.015437387790547128
4279,105,AW19,sleeveless,0.0,0.0,0.020583185398194898
5556,19,AW19,long sleeve,0.0,0.0,0.022298451264224115
5576,2,AW19,trapeze dress,0.0,0.0,0.017152653662340214
5475,85,AW19,culottes,0.0,0.0,1.2865886770568686e-34
5465,83,AW19,long coat,0.0,0.0,6.174131990802182e-05
4812,103,AW19,long sleeve,0.0,0.0,0.01543738779797369
5576,14,AW19,trapeze dress,0.0,0.0188679245283018,0.015437387795949059
5576,48,AW19,trapeze dress,0.0,0.0,0.020583185397771084
4645,115,AW19,short sleeves,0.0,0.0,0.011235737637056412
4397,105,AW19,long sleeve,0.0,0.0,0.01543738779395349
5576,79,AW19,trapeze dress,0.0,0.0,0.020583185396512
5459,60,AW19,culottes,0.0,0.0,0.01200685961139468
5576,19,AW19,trapeze dress,0.0,0.0,0.029159514717270005
5469,104,AW19,long duster,0.0,0.0,0.010291590196254271
4559,0,AW19,culottes,0.0,0.0,0.01715265365442365
5556,93,AW19,long sleeve,0.0,0.0,0.01715265688989018
4523,115,AW19,doll dress,0.0,0.0,0.018867924381373285
5451,63,AW19,medium coat,0.0,0.0,0.015437387796121542
4623,103,AW19,sleeveless,0.0,0.0,0.0033689686420062975
4768,10,AW19,short cardigan,0.0,0.0,0.003119449502016846
5530,19,AW19,medium coat,0.0,0.0,0.01886791952500749
5574,46,AW19,trapeze dress,0.0,0.0,0.0009530008700190339
5504,108,AW19,medium coat,0.0,0.0,0.01715265366233594
5469,108,AW19,long duster,0.0,0.0,0.015437387800490454
5574,19,AW19,trapeze dress,0.0,0.0,0.00147361476604976
4409,31,AW19,printed shirt,0.0,0.0,0.013722121929151374
5527,13,AW19,long coat,0.0,0.0,0.01715265365704607
5418,105,AW19,short cardigan,0.0,0.0,0.015437387786185228
5040,76,AW19,solid color top,0.0,0.0,0.010291590197651352
4966,13,AW19,long duster,0.0,0.0,7.412469103399181e-16
5576,28,AW19,trapeze dress,0.0,0.0,0.012006856070590896
5461,3,AW19,long coat,0.0,0.0,0.02915951471966578
5011,90,AW19,long sleeve,0.0,0.0,0.013722126619742248
5011,69,AW19,long sleeve,0.0,0.0,0.0005485571842896105
5470,76,AW19,medium coat,0.0,0.0,0.015437387795095233
5566,83,AW19,short coat,0.0,0.0,1.386196189078435e-41
5025,20,AW19,long sleeve,0.0,0.0,0.015437387795633688
4991,36,AW19,long cardigan,0.0,0.0,0.00026023704896406254
5566,80,AW19,short coat,0.0,0.0,0.013722121929779108
5417,104,AW19,long sleeve,0.0,0.0,0.012006859417089722
5504,51,AW19,medium coat,0.0,0.0,1.3861962097343674e-41
5558,10,AW19,medium coat,0.0,0.0,0.01543738779319545
4988,108,AW19,medium coat,0.0,0.0,1.2485745374218165e-25
4280,105,AW19,culottes,0.0,0.0,0.0031703566235626395
4791,28,AW19,sleeveless,0.0,0.0,0.010291590197634542
