external_code,retail,season,category,actual,prediction
5198,100,SS19,culottes,0.018867925,0.009750344
5180,74,SS19,long dress,0.0,0.09464973
5159,43,SS19,culottes,0.0,0.008956946
5207,30,SS19,doll dress,0.0,0.04377409
5172,2,SS19,jumpsuit,0.0,0.011898007
5166,22,SS19,long dress,0.0,0.00543952
5159,3,SS19,culottes,0.0,0.01449411
5172,12,SS19,jumpsuit,0.018867925,0.012979254
5148,66,SS19,sleeveless,0.094339624,0.009734191
5113,14,SS19,culottes,0.0,0.045693833
5198,29,SS19,culottes,0.018867925,0.009683274
5172,10,SS19,jumpsuit,0.0,0.009715311
5148,84,SS19,sleeveless,0.03773585,0.011819676
5180,81,SS19,long dress,0.056603774,0.106581144
5207,90,SS19,doll dress,0.018867925,0.03602578
5207,46,SS19,doll dress,0.0,0.045428175
5207,36,SS19,doll dress,0.0,0.040143542
5148,75,SS19,sleeveless,0.03773585,0.016786281
5180,46,SS19,long dress,0.018867925,0.12538466
5166,101,SS19,long dress,0.0,0.008192334
5166,20,SS19,long dress,0.0,0.0079035275
5207,69,SS19,doll dress,0.0,0.03399452
5166,38,SS19,long dress,0.0,0.008096285
5147,57,SS19,capris,0.018867925,0.00990703
5166,61,SS19,long dress,0.0,0.0064854994
5180,67,SS19,long dress,0.018867925,0.12726128
5166,109,SS19,long dress,0.0,0.016098
4204,20,SS19,culottes,0.0,0.012079518
5127,75,SS19,sleeveless,0.018867925,0.012935314
5166,85,SS19,long dress,0.0,0.0038626567
5159,2,SS19,culottes,0.0,0.012356751
5145,94,SS19,doll dress,0.018867925,0.0
4204,24,SS19,culottes,0.0,0.010670222
5127,79,SS19,sleeveless,0.0,0.013884671
5125,42,SS19,culottes,0.0,0.02945447
5148,99,SS19,sleeveless,0.018867925,0.006236762
5127,86,SS19,sleeveless,0.0,0.012527898
5166,72,SS19,long dress,0.0,0.005969897
5136,15,SS19,jumpsuit,0.0,0.009570323
5148,5,SS19,sleeveless,0.018867925,0.013698921
5166,83,SS19,long dress,0.0,0.011101857
5122,59,SS19,solid color top,0.03773585,0.012657404
5180,44,SS19,long dress,0.11320755,0.04057526
4204,43,SS19,culottes,0.0,0.009224474
5207,40,SS19,doll dress,0.0,0.034339722
5166,33,SS19,long dress,0.0,0.0054412372
5124,25,SS19,drop sleeve,0.018867925,0.011133403
5159,65,SS19,culottes,0.018867925,0.009883519
5124,21,SS19,drop sleeve,0.0,0.005941212
5166,82,SS19,long dress,0.0,0.0077102855
5127,99,SS19,sleeveless,0.0,0.014131032
5148,3,SS19,sleeveless,0.018867925,0.017061956
5159,4,SS19,culottes,0.0,0.013363317
5124,6,SS19,drop sleeve,0.0,0.008823063
5143,54,SS19,capris,0.018867925,0.010834046
5124,32,SS19,drop sleeve,0.0,0.012280963
5207,35,SS19,doll dress,0.0,0.03942308
5113,6,SS19,culottes,0.03773585,0.011193685
5148,86,SS19,sleeveless,0.018867925,0.024933863
5125,22,SS19,culottes,0.03773585,0.014226794
5180,8,SS19,long dress,0.094339624,0.039205015
5180,59,SS19,long dress,0.056603774,0.054370534
5180,104,SS19,long dress,0.0,0.098401934
5130,9,SS19,culottes,0.0,0.009067126
5127,61,SS19,sleeveless,0.018867925,0.014040854
5150,104,SS19,doll dress,0.018867925,0.011532716
5124,67,SS19,drop sleeve,0.0,0.023441743
5127,20,SS19,sleeveless,0.0,0.010246813
5180,63,SS19,long dress,0.094339624,0.083755255
5180,100,SS19,long dress,0.0,0.04994189
5180,21,SS19,long dress,0.03773585,0.020427719
5127,93,SS19,sleeveless,0.0,0.006346658
4236,104,SS19,culottes,0.018867925,0.00684873
5180,102,SS19,long dress,0.056603774,0.057359975
5124,0,SS19,drop sleeve,0.03773585,0.004488047
5143,16,SS19,capris,0.0,0.013869569
5127,45,SS19,sleeveless,0.0,0.0104126185
5130,83,SS19,culottes,0.018867925,0.007493958
5130,53,SS19,culottes,0.0,0.0122509375
5124,46,SS19,drop sleeve,0.0,0.017846905
5147,4,SS19,capris,0.0,0.011445202
5122,57,SS19,solid color top,0.056603774,0.010905419
5130,18,SS19,culottes,0.0,0.010112658
5166,47,SS19,long dress,0.0,0.014531549
5130,10,SS19,culottes,0.0,0.016708553
5136,75,SS19,jumpsuit,0.0,0.011929095
5127,16,SS19,sleeveless,0.018867925,0.0104552135
5124,99,SS19,drop sleeve,0.0754717,0.011189774
5125,76,SS19,culottes,0.018867925,0.027787842
5166,51,SS19,long dress,0.0,0.0042578876
4222,109,SS19,printed shirt,0.0,0.014352415
5124,24,SS19,drop sleeve,0.018867925,0.013565034
5113,5,SS19,culottes,0.018867925,0.018911853
5136,101,SS19,jumpsuit,0.0,0.008551061
5127,117,SS19,sleeveless,0.0,0.011933144
5180,18,SS19,long dress,0.0,0.12236907
5125,16,SS19,culottes,0.0,0.010481179
5124,109,SS19,drop sleeve,0.0,0.012877539
5136,104,SS19,jumpsuit,0.03773585,0.017144017
5143,15,SS19,capris,0.0,0.008771099
5180,0,SS19,long dress,0.056603774,0.030888148
5207,2,SS19,doll dress,0.0,0.03307843
5180,41,SS19,long dress,0.03773585,0.08029474
5180,64,SS19,long dress,0.13207547,0.08618097
5093,84,SS19,culottes,0.0,0.015937276
5130,4,SS19,culottes,0.0,0.013843808
4161,80,SS19,long sleeve,0.094339624,0.005244404
5124,1,SS19,drop sleeve,0.0,0.0076523125
4204,101,SS19,culottes,0.0,0.0063812397
5147,44,SS19,capris,0.0,0.008806821
4204,61,SS19,culottes,0.0,0.004397407
5125,5,SS19,culottes,0.03773585,0.0152814835
4179,117,SS19,culottes,0.018867925,0.009092033
5222,81,SS19,culottes,0.0,0.0070924386
4222,5,SS19,printed shirt,0.0,0.0510932
5180,110,SS19,long dress,0.03773585,0.09107008
4222,117,SS19,printed shirt,0.018867925,0.023694467
5180,47,SS19,long dress,0.056603774,0.08212611
5125,19,SS19,culottes,0.03773585,0.017046105
5147,20,SS19,capris,0.0,0.006542243
5147,82,SS19,capris,0.0,0.013574846
4220,9,SS19,culottes,0.018867925,0.0053951517
5212,36,SS19,culottes,0.018867925,0.031981274
5147,107,SS19,capris,0.0,0.017787565
5166,81,SS19,long dress,0.0,0.009765569
5198,40,SS19,culottes,0.018867925,0.010032117
5180,99,SS19,long dress,0.03773585,0.08230209
5180,73,SS19,long dress,0.03773585,0.054189943
5207,8,SS19,doll dress,0.018867925,0.030509558
4186,68,SS19,sheath dress,0.0,0.012253616
5125,75,SS19,culottes,0.018867925,0.01747942
4204,18,SS19,culottes,0.0,0.0069682
5147,45,SS19,capris,0.0,0.014207356
5180,24,SS19,long dress,0.13207547,0.08555427
5125,48,SS19,culottes,0.0,0.01810313
5147,75,SS19,capris,0.0,0.008019563
5147,16,SS19,capris,0.0,0.00810352
5125,79,SS19,culottes,0.056603774,0.022365212
5233,16,SS19,long sleeve,0.0,0.011382766
5147,13,SS19,capris,0.018867925,0.00972598
5143,18,SS19,capris,0.0,0.005077932
5180,117,SS19,long dress,0.018867925,0.034659844
5212,40,SS19,culottes,0.018867925,0.018638827
5180,50,SS19,long dress,0.0754717,0.07662679
5212,69,SS19,culottes,0.056603774,0.034654923
5147,19,SS19,capris,0.0,0.006818544
5147,79,SS19,capris,0.018867925,0.014944967
5143,46,SS19,capris,0.0,0.008328211
5180,33,SS19,long dress,0.018867925,0.101954915
4228,49,SS19,short sleeves,0.0,0.0071489587
4222,16,SS19,printed shirt,0.0,0.04583119
5180,45,SS19,long dress,0.094339624,0.049477298
4220,26,SS19,culottes,0.0,0.013727173
5212,35,SS19,culottes,0.018867925,0.06351994
5125,46,SS19,culottes,0.018867925,0.016493797
5180,20,SS19,long dress,0.0,0.10880625
5180,101,SS19,long dress,0.056603774,0.03853315
5180,61,SS19,long dress,0.0754717,0.029441526
4204,83,SS19,culottes,0.0,0.006035194
5113,99,SS19,culottes,0.0,0.0062327012
4222,6,SS19,printed shirt,0.0754717,0.042191435
5148,54,SS19,sleeveless,0.0,0.01888961
5180,109,SS19,long dress,0.018867925,0.060614444
5180,72,SS19,long dress,0.056603774,0.08034909
5180,86,SS19,long dress,0.11320755,0.08575636
4219,1,SS19,short sleeves,0.0,0.02638571
4183,99,SS19,trapeze dress,0.018867925,0.008266665
5148,7,SS19,sleeveless,0.0,0.025100581
5125,107,SS19,culottes,0.0,0.014595587
5147,46,SS19,capris,0.018867925,0.0124053545
5143,51,SS19,capris,0.0,0.0053522885
5180,82,SS19,long dress,0.018867925,0.06518614
5166,53,SS19,long dress,0.018867925,0.008396883
5166,32,SS19,long dress,0.03773585,0.019794848
5229,36,SS19,short sleeves,0.018867925,0.004498057
5125,66,SS19,culottes,0.018867925,0.02334727
5166,69,SS19,long dress,0.0,0.0057607815
5147,40,SS19,capris,0.0,0.0077732056
4220,2,SS19,culottes,0.018867925,0.009529218
5166,40,SS19,long dress,0.0,0.011627182
5212,53,SS19,culottes,0.0,0.024975471
5226,49,SS19,culottes,0.0,0.02132503
5211,40,SS19,culottes,0.018867925,0.008970186
5166,67,SS19,long dress,0.0,0.008041762
5147,0,SS19,capris,0.018867925,0.009764288
5207,59,SS19,doll dress,0.018867925,0.02185037
5180,27,SS19,long dress,0.03773585,0.02419969
5211,53,SS19,culottes,0.0,0.0073546767
5125,57,SS19,culottes,0.0,0.016472675
5224,1,SS19,long sleeve,0.0,0.017292239
5209,12,SS19,patterned top,0.0,0.010163687
5209,14,SS19,patterned top,0.018867925,0.009006374
5209,7,SS19,patterned top,0.018867925,0.0072209984
5143,79,SS19,capris,0.0,0.004792124
5209,75,SS19,patterned top,0.0,0.009111308
5231,12,SS19,short sleeves,0.03773585,0.010152172
5231,65,SS19,short sleeves,0.018867925,0.0057755783
5170,32,SS19,jumpsuit,0.018867925,0.004238706
5284,86,SS19,long dress,0.0,0.014796071
5224,47,SS19,long sleeve,0.0,0.0083896
5170,39,SS19,jumpsuit,0.0,0.006134458
5125,21,SS19,culottes,0.03773585,0.009283431
5147,80,SS19,capris,0.0,0.0126820095
5209,19,SS19,patterned top,0.0,0.017602399
5284,94,SS19,long dress,0.0,0.013580333
5155,24,SS19,culottes,0.0,0.011219785
5224,20,SS19,long sleeve,0.0,0.007259354
5209,65,SS19,patterned top,0.018867925,0.005175613
5275,67,SS19,gitana skirt,0.03773585,0.011422839
5209,31,SS19,patterned top,0.0,0.0059655756
5125,63,SS19,culottes,0.03773585,0.0071752816
5147,6,SS19,capris,0.0,0.017173506
5143,73,SS19,capris,0.0,0.0063700676
5266,36,SS19,sleeveless,0.03773585,0.008788757
5209,2,SS19,patterned top,0.0,0.007211335
5213,12,SS19,long dress,0.0,0.010887679
5152,29,SS19,capris,0.0,0.004402347
5200,66,SS19,drop sleeve,0.0,0.01000965
5200,65,SS19,drop sleeve,0.018867925,0.009466261
5200,31,SS19,drop sleeve,0.018867925,0.009889267
5250,35,SS19,long dress,0.0,0.015201714
5169,22,SS19,jumpsuit,0.0,0.00662167
5213,35,SS19,long dress,0.0,0.006246105
5200,12,SS19,drop sleeve,0.056603774,0.02568455
5200,2,SS19,drop sleeve,0.0,0.022656687
5125,53,SS19,culottes,0.018867925,0.013078067
5169,9,SS19,jumpsuit,0.0,0.010480035
5200,19,SS19,drop sleeve,0.094339624,0.006848801
5147,25,SS19,capris,0.0,0.0063330084
4203,104,SS19,printed shirt,0.018867925,0.015966944
5213,72,SS19,long dress,0.0,0.0047023483
5224,41,SS19,long sleeve,0.0,0.012891091
5224,57,SS19,long sleeve,0.0,0.013562124
5224,69,SS19,long sleeve,0.0,0.019300885
5224,35,SS19,long sleeve,0.0,0.010861032
5175,20,SS19,jumpsuit,0.0,0.007179711
5268,30,SS19,printed shirt,0.056603774,0.041600145
5279,100,SS19,doll dress,0.0,0.00820744
5224,18,SS19,long sleeve,0.0,0.009060517
5200,54,SS19,drop sleeve,0.0,0.0055841655
5125,52,SS19,culottes,0.0,0.017763622
5279,36,SS19,doll dress,0.018867925,0.02946967
5279,35,SS19,doll dress,0.0,0.017328337
5250,8,SS19,long dress,0.018867925,0.010464668
5200,28,SS19,drop sleeve,0.0,0.01653245
5200,99,SS19,drop sleeve,0.0,0.004816048
5200,5,SS19,drop sleeve,0.0,0.005763285
5200,3,SS19,drop sleeve,0.018867925,0.014092736
5200,110,SS19,drop sleeve,0.0,0.009602495
5200,9,SS19,drop sleeve,0.018867925,0.0070759617
5148,53,SS19,sleeveless,0.0,0.028381668
5162,0,SS19,long sleeve,0.0,0.007596925
5224,4,SS19,long sleeve,0.0,0.006958246
5147,74,SS19,capris,0.0,0.020001821
5200,43,SS19,drop sleeve,0.0,0.006521523
5147,51,SS19,capris,0.0,0.017690763
5213,18,SS19,long dress,0.0,0.005435504
5147,47,SS19,capris,0.0,0.009696331
5174,109,SS19,miniskirt,0.018867925,0.0073679537
5279,67,SS19,doll dress,0.0,0.014899995
5213,19,SS19,long dress,0.0,0.0049167126
5200,48,SS19,drop sleeve,0.0,0.0051798373
5200,75,SS19,drop sleeve,0.0,0.004370082
5279,69,SS19,doll dress,0.018867925,0.017693564
5224,85,SS19,long sleeve,0.0,0.0114378
5213,66,SS19,long dress,0.0,0.0048597753
5209,79,SS19,patterned top,0.0,0.009627871
5203,51,SS19,sleeveless,0.0,0.006173402
5209,6,SS19,patterned top,0.0,0.012861881
5143,77,SS19,capris,0.03773585,0.018938161
5209,21,SS19,patterned top,0.0,0.004619673
5149,21,SS19,capris,0.03773585,0.011840165
5106,40,SS19,short sleeves,0.018867925,0.006715987
5209,57,SS19,patterned top,0.0,0.004389681
5106,18,SS19,short sleeves,0.0,0.0056493655
5284,41,SS19,long dress,0.03773585,0.011160083
5209,104,SS19,patterned top,0.094339624,0.0046182796
5209,64,SS19,patterned top,0.0,0.018766832
5148,104,SS19,sleeveless,0.018867925,0.0135969
5143,68,SS19,capris,0.0,0.006492406
5209,41,SS19,patterned top,0.0,0.013035428
5149,41,SS19,capris,0.0,0.009081438
5208,30,SS19,patterned top,0.0,0.016284917
5209,29,SS19,patterned top,0.018867925,0.011544615
5209,4,SS19,patterned top,0.018867925,0.0049360134
5209,90,SS19,patterned top,0.0,0.008507088
5275,100,SS19,gitana skirt,0.0,0.008439183
5209,93,SS19,patterned top,0.018867925,0.009442434
5276,36,SS19,sleeveless,0.0,0.009544246
5209,24,SS19,patterned top,0.018867925,0.0067547336
5146,7,SS19,culottes,0.0,0.013015766
5107,15,SS19,long dress,0.018867925,0.009061452
5209,51,SS19,patterned top,0.0,0.005851984
5209,77,SS19,patterned top,0.0,0.0068815947
5209,68,SS19,patterned top,0.0,0.0093480125
5209,47,SS19,patterned top,0.0754717,0.0055938438
5209,82,SS19,patterned top,0.0,0.011463817
5209,85,SS19,patterned top,0.03773585,0.0090705305
5209,67,SS19,patterned top,0.018867925,0.0
5209,74,SS19,patterned top,0.018867925,0.0052200183
5209,35,SS19,patterned top,0.0,0.004957717
5209,36,SS19,patterned top,0.018867925,0.0041471645
5143,83,SS19,capris,0.0,0.008512497
5284,36,SS19,long dress,0.0,0.007754665
5143,85,SS19,capris,0.0,0.0056926124
5232,46,SS19,sleeveless,0.0,0.0053068846
5203,26,SS19,sleeveless,0.0,0.006106995
5126,101,SS19,culottes,0.03773585,0.023883276
5217,54,SS19,sleeveless,0.0,0.009389617
5203,69,SS19,sleeveless,0.0,0.005909972
5217,2,SS19,sleeveless,0.0,0.006697811
5217,12,SS19,sleeveless,0.0,0.0054445863
5201,53,SS19,long dress,0.056603774,0.015576415
5203,74,SS19,sleeveless,0.0,0.008469775
5201,29,SS19,long dress,0.0,0.010218598
5217,80,SS19,sleeveless,0.0,0.016935907
5217,9,SS19,sleeveless,0.03773585,0.0051574707
5143,41,SS19,capris,0.0,0.009694502
5203,31,SS19,sleeveless,0.0,0.005055204
5203,85,SS19,sleeveless,0.018867925,0.006201938
5217,43,SS19,sleeveless,0.0,0.011673301
5203,63,SS19,sleeveless,0.0,0.004609965
5208,65,SS19,patterned top,0.0,0.022038717
5208,31,SS19,patterned top,0.0,0.009376451
5232,36,SS19,sleeveless,0.0,0.010287777
5268,86,SS19,printed shirt,0.056603774,0.05154583
5258,7,SS19,culottes,0.018867925,0.010201491
5232,69,SS19,sleeveless,0.0,0.0094888285
5232,83,SS19,sleeveless,0.0,0.0050629675
5143,35,SS19,capris,0.0,0.0058674365
5232,47,SS19,sleeveless,0.0,0.005578615
5232,45,SS19,sleeveless,0.03773585,0.00986895
5232,13,SS19,sleeveless,0.0,0.006876778
5143,26,SS19,capris,0.0,0.007362038
5232,80,SS19,sleeveless,0.0,0.0044887215
5175,110,SS19,jumpsuit,0.0,0.0097064935
5143,95,SS19,capris,0.018867925,0.006731283
5232,43,SS19,sleeveless,0.0,0.0051567927
4226,48,SS19,short sleeves,0.0,0.004905246
5175,14,SS19,jumpsuit,0.0,0.0054025464
5284,77,SS19,long dress,0.0,0.02328933
5192,12,SS19,sleeveless,0.0,0.0046555176
5148,21,SS19,sleeveless,0.018867925,0.022452291
5200,101,SS19,drop sleeve,0.0,0.008766726
4009,117,SS19,culottes,0.018867925,0.0072057173
5200,61,SS19,drop sleeve,0.0,0.015735187
5200,109,SS19,drop sleeve,0.018867925,0.013351176
5200,82,SS19,drop sleeve,0.0,0.014964998
5200,72,SS19,drop sleeve,0.0,0.011075795
5200,42,SS19,drop sleeve,0.018867925,0.010117799
5200,85,SS19,drop sleeve,0.0,0.018908314
5203,14,SS19,sleeveless,0.0,0.008878678
5148,4,SS19,sleeveless,0.0,0.021935768
5152,68,SS19,capris,0.0,0.0071734823
5279,94,SS19,doll dress,0.03773585,0.0343032
5152,99,SS19,capris,0.0,0.0055475608
5200,26,SS19,drop sleeve,0.018867925,0.0071505383
5234,51,SS19,short sleeves,0.0,0.017603941
5279,80,SS19,doll dress,0.056603774,0.034110334
5200,20,SS19,drop sleeve,0.03773585,0.0054785386
5200,38,SS19,drop sleeve,0.018867925,0.01473932
5209,3,SS19,patterned top,0.0,0.006739758
5209,16,SS19,patterned top,0.03773585,0.010786839
5209,13,SS19,patterned top,0.018867925,0.0062401667
5209,50,SS19,patterned top,0.03773585,0.012052923
5200,50,SS19,drop sleeve,0.0,0.006895177
5279,77,SS19,doll dress,0.018867925,0.020168245
5200,22,SS19,drop sleeve,0.056603774,0.008705974
5200,76,SS19,drop sleeve,0.0,0.013602264
5200,51,SS19,drop sleeve,0.0,0.013486363
5275,69,SS19,gitana skirt,0.018867925,0.023582876
5279,56,SS19,doll dress,0.0,0.010605887
5173,30,SS19,kimono dress,0.0,0.008162059
5268,39,SS19,printed shirt,0.018867925,0.05214127
5268,43,SS19,printed shirt,0.03773585,0.04811518
5200,47,SS19,drop sleeve,0.056603774,0.008666076
5200,46,SS19,drop sleeve,0.056603774,0.019086093
5145,22,SS19,doll dress,0.018867925,0.008138463
5200,18,SS19,drop sleeve,0.0,0.009710904
5200,4,SS19,drop sleeve,0.018867925,0.012264833
5284,35,SS19,long dress,0.0,0.011720117
4226,54,SS19,short sleeves,0.0,0.0144788325
5276,30,SS19,sleeveless,0.0,0.018798836
5126,24,SS19,culottes,0.0754717,0.027242005
5276,94,SS19,sleeveless,0.0,0.007388681
5192,18,SS19,sleeveless,0.0,0.0051797032
5284,40,SS19,long dress,0.056603774,0.008524828
5276,80,SS19,sleeveless,0.0,0.01089979
5176,104,SS19,jumpsuit,0.018867925,0.0057801157
5192,69,SS19,sleeveless,0.0,0.0050348192
5192,20,SS19,sleeveless,0.0,0.0055225417
5192,45,SS19,sleeveless,0.0,0.02220375
5192,56,SS19,sleeveless,0.0,0.01276961
5106,20,SS19,short sleeves,0.0,0.004155528
5192,35,SS19,sleeveless,0.0,0.005521182
5146,5,SS19,culottes,0.0,0.013118263
5094,50,SS19,long sleeve,0.018867925,0.0059154406
5146,117,SS19,culottes,0.018867925,0.007461995
5125,54,SS19,culottes,0.018867925,0.011784047
5200,59,SS19,drop sleeve,0.0,0.018343031
5252,52,SS19,culottes,0.0,0.0040555187
5200,63,SS19,drop sleeve,0.0,0.021192074
5200,100,SS19,drop sleeve,0.018867925,0.009160042
5258,100,SS19,culottes,0.0,0.015406132
5200,102,SS19,drop sleeve,0.03773585,0.011631921
5200,104,SS19,drop sleeve,0.018867925,0.013740998
5200,64,SS19,drop sleeve,0.018867925,0.005172875
5258,36,SS19,culottes,0.0,0.011708327
5200,41,SS19,drop sleeve,0.018867925,0.00863798
5176,0,SS19,jumpsuit,0.018867925,0.007691942
5258,69,SS19,culottes,0.0,0.008867644
5258,67,SS19,culottes,0.018867925,0.0021487772
5252,53,SS19,culottes,0.018867925,0.013697565
5258,29,SS19,culottes,0.0,0.010702599
5231,19,SS19,short sleeves,0.018867925,0.01458589
5230,6,SS19,short sleeves,0.0,0.005657971
5224,77,SS19,long sleeve,0.0,0.0076590255
5198,61,SS19,culottes,0.018867925,0.0052603744
5215,45,SS19,jumpsuit,0.0,0.004887555
5274,30,SS19,sleeveless,0.0,0.008653976
5274,43,SS19,sleeveless,0.0,0.0066814125
5274,80,SS19,sleeveless,0.0,0.0071888417
5227,117,SS19,sleeveless,0.0,0.0055931583
5227,107,SS19,sleeveless,0.0,0.0081455335
5274,56,SS19,sleeveless,0.0,0.010310464
4220,83,SS19,culottes,0.0,0.0107212365
5274,52,SS19,sleeveless,0.0,0.0065944344
5227,81,SS19,sleeveless,0.0,0.004646972
5198,20,SS19,culottes,0.0,0.00883919
5198,47,SS19,culottes,0.0,0.017087158
4220,31,SS19,culottes,0.0,0.008643672
5227,36,SS19,sleeveless,0.018867925,0.00670781
5198,1,SS19,culottes,0.0,0.008022666
5114,62,SS19,long dress,0.03773585,0.014793046
5215,77,SS19,jumpsuit,0.03773585,0.008366793
4227,49,SS19,short sleeves,0.0,0.006233856
5198,51,SS19,culottes,0.018867925,0.007421363
5215,82,SS19,jumpsuit,0.018867925,0.006503679
5227,3,SS19,sleeveless,0.018867925,0.016924515
5114,49,SS19,long dress,0.056603774,0.024706345
5265,80,SS19,sleeveless,0.0,0.0054452717
5271,13,SS19,long sleeve,0.018867925,0.020997278
5215,62,SS19,jumpsuit,0.018867925,0.007944714
5122,45,SS19,solid color top,0.0,0.026075684
5255,69,SS19,gitana skirt,0.03773585,0.0055594295
5198,8,SS19,culottes,0.0,0.010497369
5255,100,SS19,gitana skirt,0.0,0.006107077
5198,90,SS19,culottes,0.018867925,0.013868354
5198,69,SS19,culottes,0.0,0.008906573
5122,117,SS19,solid color top,0.03773585,0.0068043843
5271,41,SS19,long sleeve,0.0,0.01644674
5198,32,SS19,culottes,0.0,0.0072194114
5122,13,SS19,solid color top,0.0,0.030569214
5215,79,SS19,jumpsuit,0.018867925,0.009809922
4230,59,SS19,culottes,0.0,0.0047561675
5198,83,SS19,culottes,0.0,0.008885685
4184,54,SS19,short sleeves,0.0,0.007467933
5227,12,SS19,sleeveless,0.03773585,0.0152621195
5240,94,SS19,long sleeve,0.0,0.009388842
5271,77,SS19,long sleeve,0.0,0.016781136
5265,43,SS19,sleeveless,0.0,0.006042257
5227,84,SS19,sleeveless,0.0,0.012513749
5227,14,SS19,sleeveless,0.018867925,0.010522783
5227,80,SS19,sleeveless,0.0,0.0113892555
5132,77,SS19,maxi,0.018867925,0.014168322
5198,93,SS19,culottes,0.018867925,0.016379595
5215,69,SS19,jumpsuit,0.0,0.009220138
5191,4,SS19,solid color top,0.018867925,0.014735851
5156,110,SS19,solid color top,0.0,0.006337147
5198,84,SS19,culottes,0.0,0.015740603
5156,25,SS19,solid color top,0.018867925,0.008433703
5149,39,SS19,capris,0.0,0.012583256
5198,66,SS19,culottes,0.0,0.0149349235
5191,85,SS19,solid color top,0.0,0.005817253
5151,4,SS19,solid color top,0.0,0.009192899
5085,57,SS19,doll dress,0.0,0.011340365
5221,65,SS19,sleeveless,0.0,0.0042356476
5191,48,SS19,solid color top,0.0,0.0067668334
5191,60,SS19,solid color top,0.03773585,0.01478903
5198,94,SS19,culottes,0.0,0.0067150593
5168,12,SS19,short sleeves,0.03773585,0.02142331
5198,31,SS19,culottes,0.03773585,0.0060891844
5167,31,SS19,long sleeve,0.0,0.013546009
5207,63,SS19,doll dress,0.0,0.014645856
5256,81,SS19,long sleeve,0.0,0.011426225
5256,80,SS19,long sleeve,0.0,0.008186273
5256,86,SS19,long sleeve,0.03773585,0.0071381554
5256,94,SS19,long sleeve,0.0,0.004684441
4173,94,SS19,short sleeves,0.0,0.009626802
5191,63,SS19,solid color top,0.018867925,0.00573276
5191,64,SS19,solid color top,0.0,0.005941212
5191,41,SS19,solid color top,0.0,0.0049729384
5198,16,SS19,culottes,0.0,0.008238632
5132,46,SS19,maxi,0.0,0.019287173
5227,8,SS19,sleeveless,0.0,0.008036777
5271,80,SS19,long sleeve,0.0,0.009406328
5228,49,SS19,sleeveless,0.0,0.012944236
5271,30,SS19,long sleeve,0.018867925,0.0054170936
5228,8,SS19,sleeveless,0.0,0.016798671
5198,99,SS19,culottes,0.03773585,0.011822432
5207,53,SS19,doll dress,0.0,0.022096887
5198,5,SS19,culottes,0.0,0.007338494
5223,54,SS19,gitana skirt,0.018867925,0.014128234
5179,93,SS19,doll dress,0.0,0.019763619
5198,6,SS19,culottes,0.0,0.00856635
5179,76,SS19,doll dress,0.0,0.0159553
5198,9,SS19,culottes,0.0,0.0087884925
5179,47,SS19,doll dress,0.018867925,0.0128626
5179,85,SS19,doll dress,0.0,0.010860216
5179,74,SS19,doll dress,0.0,0.0109538585
5281,43,SS19,sleeveless,0.0,0.004375577
5239,13,SS19,sleeveless,0.0,0.007263139
5239,69,SS19,sleeveless,0.0,0.007856965
5190,22,SS19,solid color top,0.0,0.008439358
5198,3,SS19,culottes,0.0,0.009855315
5256,49,SS19,long sleeve,0.0,0.006073959
5223,12,SS19,gitana skirt,0.0,0.040955592
5223,65,SS19,gitana skirt,0.0,0.0076149367
5226,3,SS19,culottes,0.0,0.016251393
5226,5,SS19,culottes,0.0,0.012946367
5226,56,SS19,culottes,0.0,0.012247145
5226,13,SS19,culottes,0.0,0.017353848
5226,33,SS19,culottes,0.03773585,0.014489181
5127,43,SS19,sleeveless,0.0,0.006840702
5122,8,SS19,solid color top,0.018867925,0.021966163
5226,45,SS19,culottes,0.018867925,0.008152928
5127,28,SS19,sleeveless,0.0,0.007363282
4200,94,SS19,jumpsuit,0.0,0.033052996
5117,48,SS19,sleeveless,0.0,0.006197866
5226,1,SS19,culottes,0.0,0.010559395
5122,95,SS19,solid color top,0.0,0.015940096
5226,83,SS19,culottes,0.0,0.012101464
5226,32,SS19,culottes,0.018867925,0.010569587
5124,59,SS19,drop sleeve,0.0,0.016663164
5226,74,SS19,culottes,0.0,0.0081766695
5226,40,SS19,culottes,0.0,0.007053986
5226,69,SS19,culottes,0.018867925,0.023408055
5226,46,SS19,culottes,0.018867925,0.016746089
5270,14,SS19,long dress,0.094339624,0.013006616
5226,2,SS19,culottes,0.0,0.019490272
5270,86,SS19,long dress,0.0,0.030262716
5229,57,SS19,short sleeves,0.018867925,0.0068371594
5229,46,SS19,short sleeves,0.0,0.009104259
5230,66,SS19,short sleeves,0.018867925,0.0054133832
5230,4,SS19,short sleeves,0.0,0.0041015595
5226,10,SS19,culottes,0.0,0.0198114
5230,12,SS19,short sleeves,0.0,0.0067810304
5197,100,SS19,short sleeves,0.0,0.0046306215
5226,15,SS19,culottes,0.056603774,0.014351696
5197,85,SS19,short sleeves,0.018867925,0.005934231
5197,82,SS19,short sleeves,0.0,0.0054005496
5229,12,SS19,short sleeves,0.0,0.010124814
5197,43,SS19,short sleeves,0.0,0.011151373
5197,19,SS19,short sleeves,0.0,0.005912386
5197,7,SS19,short sleeves,0.0,0.023452103
5226,65,SS19,culottes,0.0,0.019405685
5226,66,SS19,culottes,0.0754717,0.009451132
5226,75,SS19,culottes,0.018867925,0.012587503
5226,14,SS19,culottes,0.018867925,0.01852408
5229,3,SS19,short sleeves,0.0,0.006648265
5226,43,SS19,culottes,0.03773585,0.011475697
5226,9,SS19,culottes,0.0,0.0136244
5226,110,SS19,culottes,0.018867925,0.010890648
5229,85,SS19,short sleeves,0.0,0.008597724
5117,74,SS19,sleeveless,0.0,0.004564237
5270,39,SS19,long dress,0.0,0.01669363
5270,80,SS19,long dress,0.018867925,0.019588567
5153,57,SS19,sleeveless,0.0,0.0059538074
5270,40,SS19,long dress,0.018867925,0.01661922
5198,25,SS19,culottes,0.018867925,0.01352264
5270,81,SS19,long dress,0.0,0.022451706
5205,12,SS19,short sleeves,0.056603774,0.0157222
5205,66,SS19,short sleeves,0.018867925,0.0071751922
5205,48,SS19,short sleeves,0.0,0.014691975
5205,43,SS19,short sleeves,0.0,0.005013369
5205,99,SS19,short sleeves,0.0,0.005898509
5205,50,SS19,short sleeves,0.0,0.0048779137
5205,24,SS19,short sleeves,0.018867925,0.009536542
5205,101,SS19,short sleeves,0.018867925,0.013672844
5205,74,SS19,short sleeves,0.0,0.006467819
5205,90,SS19,short sleeves,0.0,0.005265422
5255,10,SS19,gitana skirt,0.03773585,0.008058839
5205,8,SS19,short sleeves,0.0,0.0056127235
5122,77,SS19,solid color top,0.03773585,0.013951469
5223,16,SS19,gitana skirt,0.0,0.0131979175
5223,28,SS19,gitana skirt,0.0,0.0073410645
5223,5,SS19,gitana skirt,0.056603774,0.0073589906
5223,3,SS19,gitana skirt,0.018867925,0.0065910444
5223,14,SS19,gitana skirt,0.0,0.013600212
5144,13,SS19,maxi,0.0,0.006761253
5144,3,SS19,maxi,0.018867925,0.0050433353
5198,41,SS19,culottes,0.0,0.010306574
5207,95,SS19,doll dress,0.0,0.019672416
5124,8,SS19,drop sleeve,0.018867925,0.011141676
5153,102,SS19,sleeveless,0.0,0.0053867474
5226,63,SS19,culottes,0.0,0.015769616
5226,25,SS19,culottes,0.018867925,0.007925831
5127,51,SS19,sleeveless,0.0,0.0070885234
5226,104,SS19,culottes,0.018867925,0.0062779747
5226,29,SS19,culottes,0.0,0.027371464
5124,26,SS19,drop sleeve,0.056603774,0.019633152
5153,47,SS19,sleeveless,0.0,0.0083119795
5124,35,SS19,drop sleeve,0.0,0.00570821
5223,31,SS19,gitana skirt,0.0,0.011967547
5153,51,SS19,sleeveless,0.0,0.0053766407
5153,117,SS19,sleeveless,0.0,0.0065452233
4145,27,SS19,culottes,0.0,0.011674754
5153,5,SS19,sleeveless,0.0,0.006758198
5124,61,SS19,drop sleeve,0.0,0.010455217
5136,109,SS19,jumpsuit,0.018867925,0.011546694
5134,32,SS19,drop sleeve,0.0,0.008826606
4152,80,SS19,drop sleeve,0.0,0.018377423
5207,81,SS19,doll dress,0.03773585,0.022288315
5122,61,SS19,solid color top,0.018867925,0.013703104
5207,18,SS19,doll dress,0.018867925,0.01588469
5124,83,SS19,drop sleeve,0.0,0.009636655
5231,80,SS19,short sleeves,0.0,0.01132768
5248,41,SS19,long sleeve,0.0,0.015310746
5167,54,SS19,long sleeve,0.018867925,0.005811669
5246,79,SS19,long sleeve,0.018867925,0.018192627
5219,33,SS19,culottes,0.03773585,0.0057811886
5175,41,SS19,jumpsuit,0.0,0.007174246
5246,56,SS19,long sleeve,0.0,0.026286036
5246,69,SS19,long sleeve,0.0,0.02226279
5246,36,SS19,long sleeve,0.1509434,0.048694074
5219,36,SS19,culottes,0.0,0.0055875555
5246,8,SS19,long sleeve,0.0754717,0.016755037
5243,100,SS19,shorts,0.0,0.0055123717
5175,57,SS19,jumpsuit,0.018867925,0.016608775
5246,100,SS19,long sleeve,0.0,0.012115631
5199,2,SS19,long sleeve,0.0,0.009132311
5199,12,SS19,long sleeve,0.0,0.024961747
5175,59,SS19,jumpsuit,0.0,0.0044489354
5199,7,SS19,long sleeve,0.0,0.02631602
5199,65,SS19,long sleeve,0.03773585,0.016916905
5199,66,SS19,long sleeve,0.0,0.014781542
5199,48,SS19,long sleeve,0.018867925,0.008206584
5252,10,SS19,culottes,0.018867925,0.011789959
5199,43,SS19,long sleeve,0.0,0.016898379
5199,9,SS19,long sleeve,0.0,0.013867278
5246,94,SS19,long sleeve,0.03773585,0.033612978
5082,93,SS19,culottes,0.018867925,0.004027091
5246,7,SS19,long sleeve,0.0,0.019693479
5246,62,SS19,long sleeve,0.0,0.010628119
5112,65,SS19,doll dress,0.018867925,0.011736825
5112,60,SS19,doll dress,0.0,0.011848144
5269,29,SS19,culottes,0.0,0.010903016
5269,41,SS19,culottes,0.0,0.015584856
5220,25,SS19,culottes,0.0,0.0071173534
5220,57,SS19,culottes,0.03773585,0.017889876
5220,29,SS19,culottes,0.03773585,0.02370578
5220,41,SS19,culottes,0.0,0.014175378
5219,12,SS19,culottes,0.0,0.016656712
5194,2,SS19,long sleeve,0.018867925,0.006714396
5194,12,SS19,long sleeve,0.0,0.007458709
5219,19,SS19,culottes,0.0,0.008975841
5194,15,SS19,long sleeve,0.0,0.009914622
5194,94,SS19,long sleeve,0.0,0.004792124
5194,99,SS19,long sleeve,0.0,0.0059495047
5194,56,SS19,long sleeve,0.0,0.012658861
5194,117,SS19,long sleeve,0.03773585,0.012913451
5194,22,SS19,long sleeve,0.0,0.011376604
5194,101,SS19,long sleeve,0.0,0.008180149
5194,72,SS19,long sleeve,0.018867925,0.0058005787
5194,53,SS19,long sleeve,0.0,0.00839749
5246,10,SS19,long sleeve,0.094339624,0.0341419
5199,3,SS19,long sleeve,0.0,0.010337677
5155,22,SS19,culottes,0.0,0.0075373463
5199,99,SS19,long sleeve,0.0,0.013890866
5199,63,SS19,long sleeve,0.0,0.021129265
5199,21,SS19,long sleeve,0.056603774,0.016300015
5199,102,SS19,long sleeve,0.018867925,0.011334341
5199,25,SS19,long sleeve,0.0,0.018385325
5199,57,SS19,long sleeve,0.0,0.012863655
5199,41,SS19,long sleeve,0.0,0.014146425
5224,30,SS19,long sleeve,0.018867925,0.01757713
5224,2,SS19,long sleeve,0.0,0.009030767
5224,10,SS19,long sleeve,0.0,0.012582265
5224,31,SS19,long sleeve,0.0,0.009073403
5224,66,SS19,long sleeve,0.018867925,0.011448767
5224,84,SS19,long sleeve,0.0,0.015496194
5224,86,SS19,long sleeve,0.03773585,0.006104082
5224,5,SS19,long sleeve,0.0,0.012622811
5224,16,SS19,long sleeve,0.018867925,0.018211879
5224,117,SS19,long sleeve,0.018867925,0.008995004
5231,13,SS19,short sleeves,0.0,0.005879529
5224,50,SS19,long sleeve,0.0,0.0096047
5224,33,SS19,long sleeve,0.0,0.012747396
5224,22,SS19,long sleeve,0.0,0.014161736
5224,51,SS19,long sleeve,0.0,0.009640411
3973,94,SS19,culottes,0.018867925,0.007542804
5199,59,SS19,long sleeve,0.018867925,0.011387043
5199,8,SS19,long sleeve,0.03773585,0.022121437
5199,4,SS19,long sleeve,0.0,0.016081609
5231,100,SS19,short sleeves,0.0,0.004704822
5175,72,SS19,jumpsuit,0.0,0.012489598
5199,16,SS19,long sleeve,0.0,0.014751282
5199,13,SS19,long sleeve,0.03773585,0.025561698
5199,117,SS19,long sleeve,0.018867925,0.008809768
5199,93,SS19,long sleeve,0.018867925,0.0068851896
5199,22,SS19,long sleeve,0.0,0.019281618
5199,45,SS19,long sleeve,0.0,0.009374581
5199,51,SS19,long sleeve,0.0,0.024415098
5199,77,SS19,long sleeve,0.0,0.01035171
4228,102,SS19,short sleeves,0.018867925,0.0041360706
5231,18,SS19,short sleeves,0.018867925,0.017045062
5199,1,SS19,long sleeve,0.0,0.01599916
5199,47,SS19,long sleeve,0.018867925,0.01685885
5199,20,SS19,long sleeve,0.0,0.004729569
5199,42,SS19,long sleeve,0.03773585,0.0064049438
5199,85,SS19,long sleeve,0.0,0.01619671
5231,46,SS19,short sleeves,0.0,0.006334543
5199,74,SS19,long sleeve,0.018867925,0.029855458
5199,35,SS19,long sleeve,0.018867925,0.0133605
5231,26,SS19,short sleeves,0.0,0.008864634
5199,46,SS19,long sleeve,0.018867925,0.035747666
5199,68,SS19,long sleeve,0.018867925,0.014454678
5167,12,SS19,long sleeve,0.0,0.014942896
5230,80,SS19,short sleeves,0.0,0.0065199956
5245,100,SS19,culottes,0.0,0.017837849
5241,69,SS19,long sleeve,0.056603774,0.008483842
5119,77,SS19,solid color top,0.0,0.013347074
5207,57,SS19,doll dress,0.0,0.015718345
5207,101,SS19,doll dress,0.018867925,0.014484622
5138,12,SS19,culottes,0.056603774,0.0041443035
5138,80,SS19,culottes,0.018867925,0.015726015
5207,47,SS19,doll dress,0.0,0.029943036
5207,1,SS19,doll dress,0.0,0.02187024
5221,67,SS19,sleeveless,0.0,0.0057625324
5221,69,SS19,sleeveless,0.0,0.005396705
5131,74,SS19,doll dress,0.03773585,0.013509877
5221,26,SS19,sleeveless,0.0,0.005729869
5221,46,SS19,sleeveless,0.0,0.010362938
5245,30,SS19,culottes,0.094339624,0.03158126
5146,68,SS19,culottes,0.0,0.012809247
5272,80,SS19,shorts,0.0,0.027163766
5220,2,SS19,culottes,0.0,0.0130307
5220,10,SS19,culottes,0.018867925,0.014837865
5114,63,SS19,long dress,0.018867925,0.021986179
5220,15,SS19,culottes,0.018867925,0.021988902
5292,43,SS19,drop sleeve,0.0,0.028176343
5289,13,SS19,short sleeves,0.0,0.0050618425
5220,31,SS19,culottes,0.0,0.010963596
5119,74,SS19,solid color top,0.0,0.02507203
5207,44,SS19,doll dress,0.0,0.023433711
5181,21,SS19,long sleeve,0.018867925,0.008777484
5181,46,SS19,long sleeve,0.0,0.012175195
5198,2,SS19,culottes,0.0,0.0054422915
5181,36,SS19,long sleeve,0.0,0.017045062
5207,100,SS19,doll dress,0.0,0.013154976
5248,36,SS19,long sleeve,0.018867925,0.019160204
5146,23,SS19,culottes,0.0,0.011336282
5181,3,SS19,long sleeve,0.0,0.006106861
5181,12,SS19,long sleeve,0.03773585,0.013408229
5248,35,SS19,long sleeve,0.018867925,0.012201369
5248,69,SS19,long sleeve,0.0,0.0108089335
5248,67,SS19,long sleeve,0.018867925,0.012336899
5248,13,SS19,long sleeve,0.018867925,0.012794308
5248,80,SS19,long sleeve,0.0,0.006727919
5248,49,SS19,long sleeve,0.018867925,0.010110855
5221,16,SS19,sleeveless,0.0,0.00439338
5221,13,SS19,sleeveless,0.018867925,0.0040557235
5221,50,SS19,sleeveless,0.018867925,0.0111781135
5221,93,SS19,sleeveless,0.0,0.0050363317
5146,21,SS19,culottes,0.018867925,0.009456392
5207,107,SS19,doll dress,0.094339624,0.018028803
5272,30,SS19,shorts,0.0,0.015285142
5220,94,SS19,culottes,0.018867925,0.004185848
5220,9,SS19,culottes,0.018867925,0.0076828897
5115,52,SS19,culottes,0.0,0.01161094
5149,72,SS19,capris,0.018867925,0.016418383
5207,110,SS19,doll dress,0.0,0.018011633
5220,47,SS19,culottes,0.018867925,0.015714679
5140,109,SS19,patterned top,0.03773585,0.008579262
4227,50,SS19,short sleeves,0.03773585,0.007165637
5220,109,SS19,culottes,0.03773585,0.007903218
5220,82,SS19,culottes,0.0,0.015503623
5269,30,SS19,culottes,0.0,0.018836185
5269,86,SS19,culottes,0.0,0.008482121
5269,43,SS19,culottes,0.056603774,0.009060569
5269,80,SS19,culottes,0.03773585,0.020214163
5179,21,SS19,doll dress,0.0,0.020132817
5245,69,SS19,culottes,0.0754717,0.01048474
5245,35,SS19,culottes,0.056603774,0.028530572
5245,36,SS19,culottes,0.056603774,0.026957221
5103,28,SS19,sleeveless,0.0,0.010412231
5090,24,SS19,long dress,0.0,0.008512497
5269,35,SS19,culottes,0.018867925,0.011630692
5245,8,SS19,culottes,0.03773585,0.014473606
5220,26,SS19,culottes,0.03773585,0.012279734
5220,4,SS19,culottes,0.0,0.0056723803
5149,82,SS19,capris,0.0,0.010286272
5220,77,SS19,culottes,0.056603774,0.008727044
5220,45,SS19,culottes,0.0,0.016505688
5207,56,SS19,doll dress,0.0,0.0216867
5220,6,SS19,culottes,0.0,0.008232869
5182,69,SS19,long sleeve,0.0,0.0059646443
5220,3,SS19,culottes,0.03773585,0.014680378
5091,45,SS19,long dress,0.018867925,0.0063400753
5182,74,SS19,long sleeve,0.018867925,0.010233231
5220,56,SS19,culottes,0.056603774,0.007779196
5207,50,SS19,doll dress,0.0,0.016589142
5207,117,SS19,doll dress,0.018867925,0.014158823
5182,22,SS19,long sleeve,0.0,0.0078000054
3823,94,SS19,culottes,0.018867925,0.007786028
5245,41,SS19,culottes,0.03773585,0.009478949
5220,93,SS19,culottes,0.0,0.01048841
5243,80,SS19,shorts,0.0,0.0075796843
5165,3,SS19,long sleeve,0.018867925,0.012279734
5165,12,SS19,long sleeve,0.094339624,0.016116444
5243,13,SS19,shorts,0.018867925,0.009970717
5245,86,SS19,culottes,0.03773585,0.005591929
5245,39,SS19,culottes,0.03773585,0.01469253
5245,80,SS19,culottes,0.0754717,0.04555633
5220,52,SS19,culottes,0.018867925,0.006750971
5245,56,SS19,culottes,0.03773585,0.025226083
5245,13,SS19,culottes,0.0754717,0.03953617
5165,74,SS19,long sleeve,0.03773585,0.004936874
4184,8,SS19,short sleeves,0.0,0.0068356097
5234,76,SS19,short sleeves,0.11320755,0.011790287
5162,56,SS19,long sleeve,0.018867925,0.016683191
5212,75,SS19,culottes,0.0,0.018998947
5212,48,SS19,culottes,0.018867925,0.019419461
5204,2,SS19,culottes,0.0,0.005741827
5253,41,SS19,long dress,0.0,0.04505594
5253,29,SS19,long dress,0.0,0.036452048
5253,100,SS19,long dress,0.0,0.018751934
5196,29,SS19,culottes,0.018867925,0.012915835
5196,57,SS19,culottes,0.0,0.015786067
5196,100,SS19,culottes,0.0,0.006955214
5196,63,SS19,culottes,0.0,0.008940108
5204,94,SS19,culottes,0.056603774,0.011943102
5196,59,SS19,culottes,0.018867925,0.009593539
5196,35,SS19,culottes,0.0,0.01459343
5196,107,SS19,culottes,0.0,0.0048779137
5196,101,SS19,culottes,0.018867925,0.014863115
5253,35,SS19,long dress,0.0,0.04063948
5196,47,SS19,culottes,0.0,0.01492703
5196,1,SS19,culottes,0.0,0.009134866
5196,51,SS19,culottes,0.0754717,0.016209528
5196,24,SS19,culottes,0.03773585,0.011577237
5196,22,SS19,culottes,0.0,0.012961838
5196,93,SS19,culottes,0.0,0.009993665
5253,36,SS19,long dress,0.0,0.05829638
5204,43,SS19,culottes,0.0,0.006703362
5204,9,SS19,culottes,0.0,0.010191105
5204,13,SS19,culottes,0.0,0.006166436
5161,30,SS19,patterned top,0.03773585,0.009330742
5148,117,SS19,sleeveless,0.018867925,0.009756476
5207,79,SS19,doll dress,0.018867925,0.03372768
5160,110,SS19,printed shirt,0.0,0.010768481
5160,94,SS19,printed shirt,0.018867925,0.00573276
5088,83,SS19,long dress,0.0,0.0054115206
5207,75,SS19,doll dress,0.0,0.020054393
5207,19,SS19,doll dress,0.0,0.021549817
5163,22,SS19,culottes,0.03773585,0.012854844
5212,54,SS19,culottes,0.0,0.0061564557
5212,2,SS19,culottes,0.0,0.035457402
5212,12,SS19,culottes,0.056603774,0.03927526
5207,31,SS19,doll dress,0.0,0.021251459
5212,49,SS19,culottes,0.0,0.0112218335
5212,15,SS19,culottes,0.018867925,0.033046093
5212,31,SS19,culottes,0.018867925,0.02472248
5212,66,SS19,culottes,0.0,0.014007732
4194,107,SS19,solid color top,0.0,0.007500723
5207,15,SS19,doll dress,0.0,0.020939618
5207,7,SS19,doll dress,0.0,0.016756289
5212,19,SS19,culottes,0.094339624,0.020413317
5204,69,SS19,culottes,0.0,0.009283416
5204,82,SS19,culottes,0.0,0.005066801
5253,40,SS19,long dress,0.0,0.024374284
5196,117,SS19,culottes,0.018867925,0.00945501
5196,16,SS19,culottes,0.0,0.012085378
5196,56,SS19,culottes,0.0,0.01200971
5212,99,SS19,culottes,0.056603774,0.009306848
5113,82,SS19,culottes,0.018867925,0.0056486726
5212,16,SS19,culottes,0.094339624,0.024444118
5212,117,SS19,culottes,0.03773585,0.012987405
5212,50,SS19,culottes,0.018867925,0.012824401
5212,93,SS19,culottes,0.056603774,0.009753369
5113,33,SS19,culottes,0.018867925,0.009717323
5253,62,SS19,long dress,0.03773585,0.016782343
5212,22,SS19,culottes,0.018867925,0.01876945
5253,30,SS19,long dress,0.056603774,0.04256934
5212,45,SS19,culottes,0.018867925,0.020299643
5212,76,SS19,culottes,0.018867925,0.018933147
5212,68,SS19,culottes,0.0754717,0.028827338
5212,1,SS19,culottes,0.0,0.019292545
5212,47,SS19,culottes,0.056603774,0.05874783
5212,20,SS19,culottes,0.056603774,0.023662366
5212,42,SS19,culottes,0.11320755,0.022372987
5212,27,SS19,culottes,0.018867925,0.010833181
5212,82,SS19,culottes,0.03773585,0.017295942
4082,64,SS19,long dress,0.0,0.006291665
5212,107,SS19,culottes,0.0,0.013826072
5212,83,SS19,culottes,0.03773585,0.014065705
5212,72,SS19,culottes,0.018867925,0.017306048
5212,5,SS19,culottes,0.018867925,0.025802225
5161,86,SS19,patterned top,0.056603774,0.014206469
5212,3,SS19,culottes,0.0,0.024161048
5113,46,SS19,culottes,0.0,0.009721555
5196,9,SS19,culottes,0.0,0.0120859295
5196,73,SS19,culottes,0.03773585,0.01298967
5196,80,SS19,culottes,0.0,0.009773366
5196,43,SS19,culottes,0.018867925,0.006176267
5253,51,SS19,long dress,0.056603774,0.017481007
5253,52,SS19,long dress,0.0,0.011660419
5253,56,SS19,long dress,0.094339624,0.032631848
5253,73,SS19,long dress,0.056603774,0.029206298
5253,80,SS19,long dress,0.0,0.042802814
5253,39,SS19,long dress,0.018867925,0.03278642
5253,86,SS19,long dress,0.03773585,0.038384672
5253,14,SS19,long dress,0.056603774,0.028534548
5253,7,SS19,long dress,0.0,0.025296263
5196,31,SS19,culottes,0.0,0.0046883076
5196,15,SS19,culottes,0.0,0.004626788
5196,10,SS19,culottes,0.03773585,0.016697675
5196,12,SS19,culottes,0.03773585,0.014837705
5196,2,SS19,culottes,0.018867925,0.016000584
5212,43,SS19,culottes,0.03773585,0.01968737
5113,44,SS19,culottes,0.0,0.009562448
5212,9,SS19,culottes,0.03773585,0.02239291
5212,110,SS19,culottes,0.0,0.0130113885
5113,18,SS19,culottes,0.018867925,0.008347064
5212,6,SS19,culottes,0.0,0.018976025
5212,85,SS19,culottes,0.056603774,0.030291647
5161,80,SS19,patterned top,0.0,0.0073762834
5204,46,SS19,culottes,0.0,0.008488253
5216,30,SS19,doll dress,0.0,0.009094544
5216,12,SS19,doll dress,0.03773585,0.034381285
5216,7,SS19,doll dress,0.018867925,0.0056053475
5216,31,SS19,doll dress,0.0,0.009420667
5216,19,SS19,doll dress,0.0,0.009592362
5216,75,SS19,doll dress,0.018867925,0.015046805
5216,14,SS19,doll dress,0.03773585,0.01160248
5216,43,SS19,doll dress,0.0,0.0066768825
5216,110,SS19,doll dress,0.0,0.0048115514
5216,56,SS19,doll dress,0.03773585,0.016687483
5261,30,SS19,solid color top,0.13207547,0.005538769
5216,117,SS19,doll dress,0.018867925,0.006633103
5216,93,SS19,doll dress,0.0,0.015565515
5216,45,SS19,doll dress,0.0,0.008581493
5216,77,SS19,doll dress,0.0,0.006443888
5216,82,SS19,doll dress,0.0,0.008991763
5267,15,SS19,solid color top,0.056603774,0.019223254
5216,72,SS19,doll dress,0.0,0.005997494
5216,69,SS19,doll dress,0.018867925,0.011673719
5216,18,SS19,doll dress,0.0,0.008944139
5216,95,SS19,doll dress,0.018867925,0.0070907474
5267,80,SS19,solid color top,0.0,0.009487994
5216,50,SS19,doll dress,0.0,0.008365527
5257,36,SS19,solid color top,0.018867925,0.009034954
5105,15,SS19,doll dress,0.0,0.0062379353
5282,30,SS19,long sleeve,0.0,0.008463919
5244,43,SS19,long sleeve,0.0754717,0.014593393
5244,86,SS19,long sleeve,0.03773585,0.008756608
5244,94,SS19,long sleeve,0.11320755,0.025798783
5244,10,SS19,long sleeve,0.0,0.042660765
5244,30,SS19,long sleeve,0.094339624,0.04078608
5193,12,SS19,long dress,0.0,0.007167455
5193,65,SS19,long dress,0.0,0.015263576
5193,94,SS19,long dress,0.0,0.0096708685
5193,75,SS19,long dress,0.0,0.004440479
5193,14,SS19,long dress,0.018867925,0.004432235
5193,43,SS19,long dress,0.0,0.005401127
5193,39,SS19,long dress,0.0,0.006445825
5193,73,SS19,long dress,0.018867925,0.020655647
5193,9,SS19,long dress,0.0,0.010677468
5193,28,SS19,long dress,0.018867925,0.0049937405
5193,22,SS19,long dress,0.018867925,0.00828924
5193,24,SS19,long dress,0.0,0.0056182668
5193,82,SS19,long dress,0.0,0.005373724
5193,53,SS19,long dress,0.0,0.006396875
5193,95,SS19,long dress,0.0,0.010397978
5193,104,SS19,long dress,0.0,0.007595539
5282,35,SS19,long sleeve,0.018867925,0.014537282
5282,94,SS19,long sleeve,0.018867925,0.021416482
5267,35,SS19,solid color top,0.0,0.006955214
5267,41,SS19,solid color top,0.0,0.011706088
5105,4,SS19,doll dress,0.0,0.008144055
5268,29,SS19,printed shirt,0.0,0.0369522
5277,41,SS19,culottes,0.018867925,0.022573873
5166,13,SS19,long dress,0.0,0.0053729527
5247,36,SS19,long sleeve,0.03773585,0.015517481
5247,69,SS19,long sleeve,0.0,0.031265475
5247,40,SS19,long sleeve,0.056603774,0.007285785
5249,8,SS19,culottes,0.0,0.011018682
5249,36,SS19,culottes,0.0,0.0111656785
5249,51,SS19,culottes,0.03773585,0.009421453
5247,77,SS19,long sleeve,0.0,0.023251422
5249,49,SS19,culottes,0.018867925,0.009259932
5247,13,SS19,long sleeve,0.018867925,0.038379133
5251,81,SS19,culottes,0.018867925,0.008810066
5251,69,SS19,culottes,0.018867925,0.006462872
5247,56,SS19,long sleeve,0.056603774,0.0433184
5251,73,SS19,culottes,0.018867925,0.0136939585
5176,86,SS19,jumpsuit,0.0,0.006072156
5247,80,SS19,long sleeve,0.0,0.036582608
5178,20,SS19,culottes,0.018867925,0.009546235
5247,15,SS19,long sleeve,0.018867925,0.026340254
5247,7,SS19,long sleeve,0.0,0.03218136
5247,62,SS19,long sleeve,0.0,0.017548077
5290,77,SS19,long sleeve,0.056603774,0.009219475
5254,30,SS19,long dress,0.0,0.006615076
4219,0,SS19,short sleeves,0.018867925,0.009378627
5088,57,SS19,long dress,0.0,0.009925347
5148,45,SS19,sleeveless,0.018867925,0.02619087
5277,36,SS19,culottes,0.094339624,0.019232828
5268,41,SS19,printed shirt,0.0,0.032284632
5277,30,SS19,culottes,0.018867925,0.049030155
5277,49,SS19,culottes,0.0,0.004369706
5277,7,SS19,culottes,0.0754717,0.04044557
5102,10,SS19,doll dress,0.0,0.007863052
5262,90,SS19,culottes,0.0,0.005867142
5262,1,SS19,culottes,0.0,0.008681878
5262,22,SS19,culottes,0.018867925,0.012179397
5262,3,SS19,culottes,0.0,0.010403238
5262,12,SS19,culottes,0.018867925,0.014352858
5278,35,SS19,long sleeve,0.018867925,0.010344438
5277,79,SS19,culottes,0.03773585,0.016330093
5277,86,SS19,culottes,0.03773585,0.017785612
5277,43,SS19,culottes,0.018867925,0.036343556
5277,80,SS19,culottes,0.0,0.02881284
5278,13,SS19,long sleeve,0.0,0.00920222
5095,64,SS19,patterned top,0.0,0.0122746155
5277,56,SS19,culottes,0.018867925,0.008935057
5277,13,SS19,culottes,0.0754717,0.029465735
5148,77,SS19,sleeveless,0.0,0.012524996
5166,84,SS19,long dress,0.03773585,0.010662839
5277,40,SS19,culottes,0.018867925,0.019554544
5277,35,SS19,culottes,0.0,0.01755666
5277,8,SS19,culottes,0.03773585,0.03040601
4171,22,SS19,sheath dress,0.056603774,0.01762142
5212,67,SS19,culottes,0.03773585,0.026499718
5212,32,SS19,culottes,0.056603774,0.008941345
5225,19,SS19,capris,0.03773585,0.028111668
5225,75,SS19,capris,0.0,0.05377332
5225,48,SS19,capris,0.018867925,0.024670333
5225,79,SS19,capris,0.056603774,0.04080247
5225,43,SS19,capris,0.0,0.023660503
5210,100,SS19,long dress,0.018867925,0.009380862
5225,6,SS19,capris,0.0,0.016235046
5225,3,SS19,capris,0.03773585,0.048088692
5225,5,SS19,capris,0.0,0.014986813
5225,99,SS19,capris,0.018867925,0.011843555
5210,53,SS19,long dress,0.018867925,0.0073186196
5225,28,SS19,capris,0.056603774,0.012991793
5225,13,SS19,capris,0.018867925,0.018321782
5210,102,SS19,long dress,0.0754717,0.0060984977
5225,22,SS19,capris,0.0,0.014750268
5225,24,SS19,capris,0.018867925,0.0116250105
5121,64,SS19,sleeveless,0.0,0.02237377
5225,1,SS19,capris,0.0,0.021858849
5225,47,SS19,capris,0.03773585,0.046101484
5259,41,SS19,patterned top,0.0,0.016115472
5259,29,SS19,patterned top,0.0,0.004919514
5225,20,SS19,capris,0.0,0.032177106
5225,16,SS19,capris,0.0,0.016237814
5225,31,SS19,capris,0.018867925,0.034462847
5225,15,SS19,capris,0.056603774,0.026113536
5225,7,SS19,capris,0.0,0.026793413
4241,104,SS19,short sleeves,0.03773585,0.014622875
4209,13,SS19,culottes,0.0,0.013931502
4209,16,SS19,culottes,0.0,0.0101389885
4209,99,SS19,culottes,0.018867925,0.0064065903
5234,18,SS19,short sleeves,0.0,0.012281045
5286,35,SS19,shorts,0.0,0.011036232
4178,101,SS19,printed shirt,0.0,0.010363176
5178,3,SS19,culottes,0.018867925,0.0058876984
5178,12,SS19,culottes,0.018867925,0.018049277
5178,30,SS19,culottes,0.0,0.0089126825
5234,46,SS19,short sleeves,0.018867925,0.011027098
4191,86,SS19,culottes,0.03773585,0.013843276
5234,36,SS19,short sleeves,0.018867925,0.021204539
5185,3,SS19,culottes,0.0,0.019063994
5185,51,SS19,culottes,0.018867925,0.014917873
5185,46,SS19,culottes,0.0,0.006492682
5185,63,SS19,culottes,0.0,0.010543749
5189,31,SS19,culottes,0.018867925,0.004397407
5210,60,SS19,long dress,0.018867925,0.0072953627
5189,26,SS19,culottes,0.018867925,0.00873461
5189,41,SS19,culottes,0.0,0.010621224
5225,2,SS19,capris,0.0,0.01419124
5225,12,SS19,capris,0.018867925,0.1052086
5225,42,SS19,capris,0.018867925,0.01497728
5234,35,SS19,short sleeves,0.0,0.015225727
5225,53,SS19,capris,0.0754717,0.023534574
5225,35,SS19,capris,0.03773585,0.0117555745
5234,20,SS19,short sleeves,0.03773585,0.017702315
5286,86,SS19,shorts,0.0,0.0046238303
5234,47,SS19,short sleeves,0.0,0.01616916
5234,68,SS19,short sleeves,0.0,0.012961566
5234,30,SS19,short sleeves,0.056603774,0.0066350996
5234,2,SS19,short sleeves,0.056603774,0.019291032
5234,12,SS19,short sleeves,0.0,0.050528765
5234,10,SS19,short sleeves,0.0,0.02099353
5234,7,SS19,short sleeves,0.0,0.01548069
5234,15,SS19,short sleeves,0.018867925,0.012274526
5234,65,SS19,short sleeves,0.0,0.017378371
5234,94,SS19,short sleeves,0.03773585,0.021048564
5234,19,SS19,short sleeves,0.0,0.017369825
5234,75,SS19,short sleeves,0.018867925,0.013847798
5234,48,SS19,short sleeves,0.0,0.020339146
5234,79,SS19,short sleeves,0.018867925,0.011008866
5234,43,SS19,short sleeves,0.03773585,0.016906466
5234,80,SS19,short sleeves,0.056603774,0.010703143
5234,3,SS19,short sleeves,0.018867925,0.0118865
5234,99,SS19,short sleeves,0.0,0.012451924
5234,16,SS19,short sleeves,0.0,0.014321521
5234,13,SS19,short sleeves,0.03773585,0.006452251
5234,93,SS19,short sleeves,0.018867925,0.018056914
5234,82,SS19,short sleeves,0.0,0.007640071
5285,80,SS19,solid color top,0.0,0.01279594
5234,107,SS19,short sleeves,0.0,0.012141742
5234,85,SS19,short sleeves,0.018867925,0.01622165
5225,81,SS19,capris,0.0,0.0186738
5225,46,SS19,capris,0.018867925,0.044606637
5225,90,SS19,capris,0.018867925,0.019519456
5180,6,SS19,long dress,0.018867925,0.0065823533
5225,95,SS19,capris,0.056603774,0.018479079
5225,0,SS19,capris,0.018867925,0.037527684
5180,28,SS19,long dress,0.018867925,0.036787327
5225,4,SS19,capris,0.0,0.026589468
5225,59,SS19,capris,0.03773585,0.010763992
5225,21,SS19,capris,0.018867925,0.027861286
5225,25,SS19,capris,0.03773585,0.014775738
5180,52,SS19,long dress,0.056603774,0.038468216
5225,57,SS19,capris,0.03773585,0.019838125
5225,104,SS19,capris,0.0754717,0.019685298
5225,29,SS19,capris,0.0754717,0.0062882416
5225,41,SS19,capris,0.018867925,0.015858054
5234,69,SS19,short sleeves,0.0,0.022519208
5148,49,SS19,sleeveless,0.018867925,0.016863104
5180,42,SS19,long dress,0.03773585,0.013220202
5180,83,SS19,long dress,0.018867925,0.028911049
5234,74,SS19,short sleeves,0.0,0.0192415
5180,32,SS19,long dress,0.03773585,0.037647072
5234,53,SS19,short sleeves,0.0,0.0120914355
5234,83,SS19,short sleeves,0.018867925,0.0066896044
4209,47,SS19,culottes,0.018867925,0.009807818
5242,30,SS19,printed shirt,0.056603774,0.02317271
5234,59,SS19,short sleeves,0.03773585,0.008840583
4161,20,SS19,long sleeve,0.0,0.011720628
5207,54,SS19,doll dress,0.018867925,0.038530942
5166,24,SS19,long dress,0.0,0.004757218
5159,107,SS19,culottes,0.0,0.0076179914
5288,29,SS19,solid color top,0.0,0.011864405
5159,14,SS19,culottes,0.018867925,0.008626446
5113,66,SS19,culottes,0.03773585,0.027085476
5288,39,SS19,solid color top,0.0,0.008524857
5234,64,SS19,short sleeves,0.03773585,0.019908447
5242,41,SS19,printed shirt,0.0,0.017907232
5222,24,SS19,culottes,0.0,0.008789167
5222,50,SS19,culottes,0.0,0.0059456974
5222,13,SS19,culottes,0.0,0.006497696
5222,75,SS19,culottes,0.018867925,0.0058804676
5222,94,SS19,culottes,0.0,0.011626024
5222,10,SS19,culottes,0.0,0.0044389963
5222,2,SS19,culottes,0.018867925,0.004816279
5211,57,SS19,culottes,0.0,0.0067597926
4217,57,SS19,culottes,0.0,0.0071172267
5211,8,SS19,culottes,0.03773585,0.013409324
5211,36,SS19,culottes,0.0,0.0043439493
5242,81,SS19,printed shirt,0.018867925,0.0079214685
5242,35,SS19,printed shirt,0.0,0.013347581
5207,12,SS19,doll dress,0.0,0.07307644
5259,35,SS19,patterned top,0.018867925,0.017830651
5212,41,SS19,culottes,0.0,0.022381179
5212,104,SS19,culottes,0.0,0.020168371
4204,29,SS19,culottes,0.0,0.007569216
5212,46,SS19,culottes,0.11320755,0.055376593
4204,81,SS19,culottes,0.018867925,0.010043174
5212,90,SS19,culottes,0.018867925,0.0138176605
5212,18,SS19,culottes,0.018867925,0.0478604
4204,82,SS19,culottes,0.018867925,0.0062227026
4204,77,SS19,culottes,0.018867925,0.0040627867
5212,95,SS19,culottes,0.03773585,0.012953959
5212,0,SS19,culottes,0.03773585,0.0131182
5212,4,SS19,culottes,0.0,0.02101858
5212,8,SS19,culottes,0.0,0.008739211
5212,59,SS19,culottes,0.018867925,0.021411262
5212,63,SS19,culottes,0.03773585,0.013790306
5212,100,SS19,culottes,0.0,0.019909017
5212,102,SS19,culottes,0.018867925,0.013404369
5207,10,SS19,doll dress,0.0,0.025757875
5259,86,SS19,patterned top,0.0,0.009064656
5259,80,SS19,patterned top,0.018867925,0.009655818
5130,74,SS19,culottes,0.0,0.012273125
4236,64,SS19,culottes,0.0,0.007074915
5130,82,SS19,culottes,0.018867925,0.0067221522
5130,5,SS19,culottes,0.0,0.004857123
5212,57,SS19,culottes,0.03773585,0.02538601
5212,29,SS19,culottes,0.018867925,0.028108168
5244,13,SS19,long sleeve,0.13207547,0.06551676
5166,21,SS19,long dress,0.0,0.009220675
5259,36,SS19,patterned top,0.018867925,0.016018912
5237,43,SS19,gitana skirt,0.018867925,0.023780629
5237,75,SS19,gitana skirt,0.03773585,0.0104339905
5237,19,SS19,gitana skirt,0.0,0.007460624
5237,30,SS19,gitana skirt,0.0,0.01198902
5211,2,SS19,culottes,0.0,0.0066054165
5211,54,SS19,culottes,0.018867925,0.0058905035
4222,64,SS19,printed shirt,0.056603774,0.024713613
5202,12,SS19,long sleeve,0.0,0.01017648
5202,62,SS19,long sleeve,0.018867925,0.009407867
5280,80,SS19,solid color top,0.018867925,0.0059250817
5234,44,SS19,short sleeves,0.018867925,0.014215019
5280,86,SS19,solid color top,0.018867925,0.017404485
5264,29,SS19,solid color top,0.0,0.008603267
4210,68,SS19,culottes,0.018867925,0.008736685
5264,36,SS19,solid color top,0.018867925,0.00429485
5264,43,SS19,solid color top,0.0,0.005490802
5264,86,SS19,solid color top,0.0,0.027513055
5093,73,SS19,culottes,0.03773585,0.037515413
5242,80,SS19,printed shirt,0.0,0.014034878
5291,15,SS19,solid color top,0.018867925,0.016398232
5242,39,SS19,printed shirt,0.018867925,0.017870829
5242,43,SS19,printed shirt,0.018867925,0.016606934
5234,63,SS19,short sleeves,0.056603774,0.014513962
5237,39,SS19,gitana skirt,0.0,0.009137325
5234,29,SS19,short sleeves,0.0,0.01904679
5211,12,SS19,culottes,0.03773585,0.007069733
5237,5,SS19,gitana skirt,0.0,0.006798342
5236,75,SS19,gitana skirt,0.018867925,0.012251429
5236,10,SS19,gitana skirt,0.0,0.018032484
5235,36,SS19,gitana skirt,0.018867925,0.017823435
5235,35,SS19,gitana skirt,0.0,0.00813745
5234,104,SS19,short sleeves,0.018867925,0.005116079
5234,57,SS19,short sleeves,0.0,0.010927334
5235,73,SS19,gitana skirt,0.018867925,0.020040125
5211,68,SS19,culottes,0.0,0.008901626
5211,24,SS19,culottes,0.0,0.009198666
5235,66,SS19,gitana skirt,0.018867925,0.005906798
5235,12,SS19,gitana skirt,0.018867925,0.016536683
5237,18,SS19,gitana skirt,0.0,0.006832566
5237,36,SS19,gitana skirt,0.0,0.008825339
5237,72,SS19,gitana skirt,0.0,0.00891171
5237,47,SS19,gitana skirt,0.0,0.0074547604
5211,60,SS19,culottes,0.018867925,0.0098891705
4217,10,SS19,culottes,0.0,0.029362205
5211,19,SS19,culottes,0.0,0.011349425
4217,54,SS19,culottes,0.0,0.023660287
5211,7,SS19,culottes,0.0,0.0048779845
5237,22,SS19,gitana skirt,0.0,0.011546068
5237,13,SS19,gitana skirt,0.03773585,0.006989021
5237,56,SS19,gitana skirt,0.0,0.006779611
5237,73,SS19,gitana skirt,0.0,0.014248192
5244,52,SS19,long sleeve,0.094339624,0.0075533018
5278,94,SS19,long sleeve,0.056603774,0.013888121
5200,67,SS19,drop sleeve,0.03773585,0.0040530935
5218,9,SS19,long sleeve,0.03773585,0.027412903
5148,107,SS19,sleeveless,0.0,0.0062227026
5195,23,SS19,long sleeve,0.018867925,0.011327811
5195,41,SS19,long sleeve,0.0,0.01416041
5218,6,SS19,long sleeve,0.0,0.014804076
5218,3,SS19,long sleeve,0.0,0.0150798485
5195,64,SS19,long sleeve,0.03773585,0.009085715
5195,57,SS19,long sleeve,0.0,0.008186504
5195,25,SS19,long sleeve,0.0,0.0149883665
5218,5,SS19,long sleeve,0.03773585,0.020330317
5208,29,SS19,patterned top,0.0,0.010019515
5195,8,SS19,long sleeve,0.0,0.0077605695
5195,4,SS19,long sleeve,0.0,0.010635443
5218,99,SS19,long sleeve,0.0,0.021139681
5195,18,SS19,long sleeve,0.0,0.033857893
5195,26,SS19,long sleeve,0.0,0.0111864805
5195,40,SS19,long sleeve,0.0,0.009452172
5283,80,SS19,shorts,0.0,0.009189412
5195,83,SS19,long sleeve,0.0,0.015020549
5195,42,SS19,long sleeve,0.0,0.014820054
5195,20,SS19,long sleeve,0.0,0.01794311
5195,47,SS19,long sleeve,0.0,0.006243311
5218,16,SS19,long sleeve,0.0,0.012907721
5112,64,SS19,doll dress,0.0,0.014878515
5218,80,SS19,long sleeve,0.0,0.012372259
5268,36,SS19,printed shirt,0.056603774,0.04761609
5268,81,SS19,printed shirt,0.056603774,0.031544242
5208,99,SS19,patterned top,0.0,0.005871184
5208,33,SS19,patterned top,0.0,0.004531365
5208,76,SS19,patterned top,0.018867925,0.0060448535
5218,10,SS19,long sleeve,0.0,0.024414383
5218,15,SS19,long sleeve,0.0,0.017761976
5218,31,SS19,long sleeve,0.018867925,0.019206572
5208,83,SS19,patterned top,0.0,0.0045670085
5208,32,SS19,patterned top,0.0,0.0071960837
5208,53,SS19,patterned top,0.0,0.005470909
5218,65,SS19,long sleeve,0.03773585,0.023835592
5208,35,SS19,patterned top,0.0,0.006587796
5195,1,SS19,long sleeve,0.0,0.0139681585
5218,66,SS19,long sleeve,0.018867925,0.011004094
5208,46,SS19,patterned top,0.0,0.008792061
5218,75,SS19,long sleeve,0.056603774,0.015063904
5218,48,SS19,long sleeve,0.0,0.01058954
5287,41,SS19,shorts,0.018867925,0.022847198
5218,14,SS19,long sleeve,0.0,0.009517781
5238,12,SS19,kimono dress,0.018867925,0.015816264
5238,10,SS19,kimono dress,0.018867925,0.011595562
5238,3,SS19,kimono dress,0.03773585,0.0070155524
5268,69,SS19,printed shirt,0.056603774,0.02235303
5238,18,SS19,kimono dress,0.0,0.011055924
5268,35,SS19,printed shirt,0.0,0.05370783
5218,84,SS19,long sleeve,0.018867925,0.018718563
5195,68,SS19,long sleeve,0.018867925,0.015562616
5195,24,SS19,long sleeve,0.018867925,0.015736781
5195,16,SS19,long sleeve,0.018867925,0.006073959
5218,95,SS19,long sleeve,0.018867925,0.011401877
5218,18,SS19,long sleeve,0.0,0.03277325
5218,90,SS19,long sleeve,0.018867925,0.018481165
5218,46,SS19,long sleeve,0.0,0.031817257
5218,26,SS19,long sleeve,0.056603774,0.015914187
5218,45,SS19,long sleeve,0.018867925,0.020563379
5218,74,SS19,long sleeve,0.018867925,0.010966934
5218,32,SS19,long sleeve,0.0,0.011908621
5218,67,SS19,long sleeve,0.0,0.01572125
5218,85,SS19,long sleeve,0.03773585,0.03372868
5218,76,SS19,long sleeve,0.0,0.011221111
5208,104,SS19,patterned top,0.0,0.014614128
5208,63,SS19,patterned top,0.018867925,0.0077985227
5218,68,SS19,long sleeve,0.018867925,0.008033622
5218,82,SS19,long sleeve,0.0,0.0152473
5218,1,SS19,long sleeve,0.0,0.014284484
5218,47,SS19,long sleeve,0.0,0.021492254
5218,27,SS19,long sleeve,0.0,0.01159716
5208,18,SS19,patterned top,0.0,0.0065447316
5287,80,SS19,shorts,0.0,0.015580986
5218,38,SS19,long sleeve,0.0,0.016737051
5218,101,SS19,long sleeve,0.018867925,0.0052033365
5218,42,SS19,long sleeve,0.018867925,0.004510857
5218,20,SS19,long sleeve,0.0754717,0.022556443
5208,8,SS19,patterned top,0.0,0.007570632
5218,12,SS19,long sleeve,0.0,0.018070225
5283,41,SS19,shorts,0.056603774,0.009516917
5218,0,SS19,long sleeve,0.018867925,0.02105128
5195,28,SS19,long sleeve,0.0,0.0060376003
5195,99,SS19,long sleeve,0.0,0.013906196
5218,50,SS19,long sleeve,0.018867925,0.017738268
5218,93,SS19,long sleeve,0.03773585,0.011624318
5195,3,SS19,long sleeve,0.0,0.012610622
5195,110,SS19,long sleeve,0.056603774,0.013282258
5195,9,SS19,long sleeve,0.0,0.0061586797
5195,79,SS19,long sleeve,0.018867925,0.012610886
5195,75,SS19,long sleeve,0.018867925,0.014037732
5195,19,SS19,long sleeve,0.0,0.00943961
5195,66,SS19,long sleeve,0.018867925,0.020555109
5218,22,SS19,long sleeve,0.0,0.019828051
5195,31,SS19,long sleeve,0.0,0.024476483
5218,33,SS19,long sleeve,0.0,0.027857142
5195,10,SS19,long sleeve,0.0,0.016393945
5195,12,SS19,long sleeve,0.0,0.020570524
5218,41,SS19,long sleeve,0.018867925,0.027208477
5218,64,SS19,long sleeve,0.018867925,0.026301425
5218,104,SS19,long sleeve,0.0,0.021654397
5218,21,SS19,long sleeve,0.03773585,0.012407005
5218,100,SS19,long sleeve,0.03773585,0.03213164
5218,63,SS19,long sleeve,0.018867925,0.01606477
5218,8,SS19,long sleeve,0.03773585,0.025811233
5218,4,SS19,long sleeve,0.094339624,0.02182468
5195,15,SS19,long sleeve,0.018867925,0.012154199
5218,2,SS19,long sleeve,0.03773585,0.024073578
5195,85,SS19,long sleeve,0.0,0.007465113
5266,43,SS19,sleeveless,0.018867925,0.007518325
5208,48,SS19,patterned top,0.018867925,0.0057908557
5162,19,SS19,long sleeve,0.0,0.00937143
5244,8,SS19,long sleeve,0.018867925,0.046738997
5244,100,SS19,long sleeve,0.0,0.0193277
5208,6,SS19,patterned top,0.018867925,0.0057688877
5208,3,SS19,patterned top,0.0,0.0076205805
5244,40,SS19,long sleeve,0.03773585,0.034604046
5268,80,SS19,printed shirt,0.018867925,0.03471421
5162,14,SS19,long sleeve,0.0,0.012845691
5208,94,SS19,patterned top,0.0,0.015075933
5208,9,SS19,patterned top,0.03773585,0.005506698
5112,59,SS19,doll dress,0.03773585,0.010587171
5208,19,SS19,patterned top,0.03773585,0.0045878366
5266,80,SS19,sleeveless,0.0,0.01136066
5208,110,SS19,patterned top,0.0,0.004988976
5244,41,SS19,long sleeve,0.056603774,0.03202222
5218,54,SS19,long sleeve,0.0,0.010375224
5297,73,SS19,long dress,0.056603774,0.034429852
5297,79,SS19,long dress,0.018867925,0.019396625
5253,2,SS19,long dress,0.0,0.019900985
4208,28,SS19,short sleeves,0.018867925,0.012855403
5253,12,SS19,long dress,0.0,0.04034605
5295,69,SS19,jumpsuit,0.0,0.009964172
5295,35,SS19,jumpsuit,0.0,0.008425828
5113,68,SS19,culottes,0.0,0.013304755
5232,4,SS19,sleeveless,0.0754717,0.018888623
5143,31,SS19,capris,0.0,0.012599152
5226,86,SS19,culottes,0.0,0.0069816783
5113,24,SS19,culottes,0.0,0.0069496855
5117,46,SS19,sleeveless,0.0,0.005751513
5226,39,SS19,culottes,0.0,0.006756641
5297,80,SS19,long dress,0.056603774,0.03545332
5212,74,SS19,culottes,0.056603774,0.018120944
5311,40,SS19,jumpsuit,0.018867925,0.006770268
5259,19,SS19,patterned top,0.0,0.010623854
5297,14,SS19,long dress,0.056603774,0.022590399
5195,86,SS19,long sleeve,0.018867925,0.012203343
5297,49,SS19,long dress,0.0,0.01766795
5311,69,SS19,jumpsuit,0.11320755,0.0126011
5298,53,SS19,long cardigan,0.056603774,0.007608503
5212,61,SS19,culottes,0.056603774,0.0068814345
5297,94,SS19,long dress,0.0,0.011138659
5188,41,SS19,sleeveless,0.0,0.01277829
5197,83,SS19,short sleeves,0.0,0.009739667
5312,12,SS19,sleeveless,0.0,0.031546682
5197,47,SS19,short sleeves,0.0,0.005835671
5297,12,SS19,long dress,0.0,0.03199799
5268,3,SS19,printed shirt,0.018867925,0.020134874
5125,45,SS19,culottes,0.018867925,0.015165806
5207,49,SS19,doll dress,0.0,0.011899557
5232,28,SS19,sleeveless,0.018867925,0.012854844
5197,65,SS19,short sleeves,0.0,0.007697545
5311,81,SS19,jumpsuit,0.0,0.0279647
5298,69,SS19,long cardigan,0.0,0.023820333
5197,12,SS19,short sleeves,0.0,0.007547248
5226,94,SS19,culottes,0.0,0.0062324256
5297,30,SS19,long dress,0.0,0.026125576
5212,28,SS19,culottes,0.094339624,0.028948165
5195,2,SS19,long sleeve,0.0,0.017025508
5226,101,SS19,culottes,0.0754717,0.01702775
5226,27,SS19,culottes,0.03773585,0.010380164
5272,18,SS19,shorts,0.0,0.014537383
5196,94,SS19,culottes,0.0,0.016417518
5226,85,SS19,culottes,0.0754717,0.007631503
5196,19,SS19,culottes,0.03773585,0.0075639635
5226,53,SS19,culottes,0.0,0.0062820315
5147,8,SS19,capris,0.018867925,0.008381408
5253,31,SS19,long dress,0.018867925,0.029137835
5272,29,SS19,shorts,0.0,0.0059538707
5253,65,SS19,long dress,0.0,0.018087626
5270,2,SS19,long dress,0.0,0.025522485
5270,12,SS19,long dress,0.0,0.045072664
5253,66,SS19,long dress,0.0,0.018486101
5270,7,SS19,long dress,0.0,0.020262089
5270,15,SS19,long dress,0.056603774,0.01781233
5270,31,SS19,long dress,0.0,0.025748063
5270,66,SS19,long dress,0.018867925,0.019630633
5196,75,SS19,culottes,0.018867925,0.0068813115
5234,54,SS19,short sleeves,0.018867925,0.014924414
5253,94,SS19,long dress,0.0,0.017210789
5298,35,SS19,long cardigan,0.0,0.012325987
5226,20,SS19,culottes,0.056603774,0.010901183
5304,67,SS19,long dress,0.03773585,0.021770336
5195,73,SS19,long sleeve,0.0,0.007425219
5195,54,SS19,long sleeve,0.018867925,0.006964639
5209,44,SS19,patterned top,0.018867925,0.016866367
5117,20,SS19,sleeveless,0.0,0.0053791255
5117,38,SS19,sleeveless,0.0,0.0078822635
5226,28,SS19,culottes,0.0,0.00882896
5266,19,SS19,sleeveless,0.018867925,0.010138325
5145,66,SS19,doll dress,0.0,0.016350895
5253,10,SS19,long dress,0.018867925,0.037423514
5304,69,SS19,long dress,0.018867925,0.015885286
5226,93,SS19,culottes,0.0754717,0.012776926
5226,22,SS19,culottes,0.018867925,0.018405996
5209,59,SS19,patterned top,0.018867925,0.011123627
5209,8,SS19,patterned top,0.0,0.006224081
5226,24,SS19,culottes,0.018867925,0.007613361
5218,44,SS19,long sleeve,0.03773585,0.016421229
5218,25,SS19,long sleeve,0.0,0.007099651
5196,54,SS19,culottes,0.0,0.008939341
5162,2,SS19,long sleeve,0.0,0.007441424
5286,15,SS19,shorts,0.0,0.016666856
5298,36,SS19,long cardigan,0.0,0.014278386
5226,12,SS19,culottes,0.0,0.012648236
5260,12,SS19,culottes,0.018867925,0.005886577
5125,50,SS19,culottes,0.018867925,0.02705425
5207,0,SS19,doll dress,0.0,0.008185349
5288,18,SS19,solid color top,0.0,0.005554907
5288,100,SS19,solid color top,0.018867925,0.0048712716
5307,7,SS19,jumpsuit,0.0,0.015285715
5321,54,SS19,solid color top,0.0,0.00961322
5321,19,SS19,solid color top,0.03773585,0.015252441
5321,14,SS19,solid color top,0.0,0.0045287125
5298,15,SS19,long cardigan,0.0,0.017837547
5321,69,SS19,solid color top,0.0,0.00736437
5288,46,SS19,solid color top,0.0,0.0129021555
5321,29,SS19,solid color top,0.018867925,0.009764567
5272,53,SS19,shorts,0.0,0.0046483986
5298,49,SS19,long cardigan,0.0,0.029856922
5097,38,SS19,doll dress,0.018867925,0.0057174973
5130,19,SS19,culottes,0.0,0.01719743
5124,50,SS19,drop sleeve,0.0,0.004336141
5298,12,SS19,long cardigan,0.0,0.025194995
5315,12,SS19,solid color top,0.0754717,0.015969358
5312,41,SS19,sleeveless,0.0,0.030511376
4222,27,SS19,printed shirt,0.0,0.022654582
5306,43,SS19,solid color top,0.0,0.014762409
5250,85,SS19,long dress,0.056603774,0.010127321
5288,36,SS19,solid color top,0.0,0.009158514
5288,35,SS19,solid color top,0.018867925,0.009396307
5198,53,SS19,culottes,0.0,0.0062388405
5242,29,SS19,printed shirt,0.0,0.013905894
5176,107,SS19,jumpsuit,0.018867925,0.01354745
5198,36,SS19,culottes,0.0,0.0074352846
5258,101,SS19,culottes,0.0,0.017348394
5198,26,SS19,culottes,0.0,0.012806505
5215,48,SS19,jumpsuit,0.018867925,0.006715987
5307,12,SS19,jumpsuit,0.0,0.007242419
5198,18,SS19,culottes,0.0,0.017418105
5207,4,SS19,doll dress,0.018867925,0.01191403
5215,10,SS19,jumpsuit,0.018867925,0.019404441
5198,4,SS19,culottes,0.0,0.007712908
5288,3,SS19,solid color top,0.0,0.0112128705
5318,15,SS19,jumpsuit,0.0,0.026973415
5198,63,SS19,culottes,0.0,0.0068607926
5288,82,SS19,solid color top,0.0,0.0063674003
5198,21,SS19,culottes,0.018867925,0.007495191
5217,3,SS19,sleeveless,0.0,0.0059885085
5288,83,SS19,solid color top,0.018867925,0.0075865537
5198,57,SS19,culottes,0.0,0.006812766
5113,48,SS19,culottes,0.056603774,0.016853854
4222,101,SS19,printed shirt,0.0,0.025103144
5250,77,SS19,long dress,0.018867925,0.015562616
5298,62,SS19,long cardigan,0.018867925,0.028420938
5318,12,SS19,jumpsuit,0.0,0.021815911
5148,19,SS19,sleeveless,0.03773585,0.008300848
5295,56,SS19,jumpsuit,0.0,0.014348842
5201,102,SS19,long dress,0.0,0.022311598
5166,45,SS19,long dress,0.0,0.0081284195
5212,21,SS19,culottes,0.018867925,0.018230557
5195,33,SS19,long sleeve,0.0,0.013434261
5195,50,SS19,long sleeve,0.0,0.016299218
4204,19,SS19,culottes,0.018867925,0.007532604
5311,100,SS19,jumpsuit,0.094339624,0.011497073
5259,39,SS19,patterned top,0.056603774,0.0085577145
5180,90,SS19,long dress,0.0754717,0.029158128
4204,110,SS19,culottes,0.0,0.011785451
5143,33,SS19,capris,0.03773585,0.0063993186
5226,30,SS19,culottes,0.0,0.011955507
5143,117,SS19,capris,0.018867925,0.004065387
5232,54,SS19,sleeveless,0.0,0.007053729
5180,25,SS19,long dress,0.03773585,0.012507133
5226,54,SS19,culottes,0.0,0.008075558
5253,19,SS19,long dress,0.018867925,0.019350443
5229,29,SS19,short sleeves,0.0,0.0055696815
5234,67,SS19,short sleeves,0.018867925,0.009354502
5130,35,SS19,culottes,0.0,0.012307815
5311,29,SS19,jumpsuit,0.056603774,0.033970177
5311,41,SS19,jumpsuit,0.018867925,0.041384038
5124,20,SS19,drop sleeve,0.0,0.0059068054
5315,3,SS19,solid color top,0.03773585,0.024218023
5307,86,SS19,jumpsuit,0.03773585,0.011715569
4236,50,SS19,culottes,0.0,0.01835582
5272,83,SS19,shorts,0.0,0.0102918
5307,39,SS19,jumpsuit,0.0,0.011368066
5259,3,SS19,patterned top,0.0,0.01226192
5212,23,SS19,culottes,0.0754717,0.009352066
5217,90,SS19,sleeveless,0.0,0.007908799
5212,64,SS19,culottes,0.0,0.0127150975
5295,94,SS19,jumpsuit,0.0,0.008357838
5258,74,SS19,culottes,0.03773585,0.0064989775
5188,12,SS19,sleeveless,0.0,0.014076728
5130,73,SS19,culottes,0.018867925,0.00873461
5318,30,SS19,jumpsuit,0.056603774,0.010830954
5125,28,SS19,culottes,0.0,0.0069828667
5212,44,SS19,culottes,0.0,0.011299096
5212,25,SS19,culottes,0.0,0.014086753
5203,9,SS19,sleeveless,0.0,0.011151373
5295,80,SS19,jumpsuit,0.018867925,0.018541232
5203,56,SS19,sleeveless,0.0,0.0044556856
5298,30,SS19,long cardigan,0.018867925,0.020636901
5125,117,SS19,culottes,0.018867925,0.016779251
5253,48,SS19,long dress,0.018867925,0.032639123
5253,75,SS19,long dress,0.018867925,0.043235198
5255,12,SS19,gitana skirt,0.018867925,0.018157348
5311,10,SS19,jumpsuit,0.0754717,0.012341388
5255,15,SS19,gitana skirt,0.018867925,0.0049674585
5205,18,SS19,short sleeves,0.0,0.0061155185
5253,64,SS19,long dress,0.0,0.021021776
5125,4,SS19,culottes,0.056603774,0.012650415
5205,59,SS19,short sleeves,0.018867925,0.011303686
5255,48,SS19,gitana skirt,0.03773585,0.0050156116
5255,86,SS19,gitana skirt,0.0,0.004561387
5255,54,SS19,gitana skirt,0.0,0.011524539
5244,74,SS19,long sleeve,0.056603774,0.038934197
5302,36,SS19,sleeveless,0.0,0.011223882
5302,53,SS19,sleeveless,0.0,0.005824372
5218,107,SS19,long sleeve,0.018867925,0.008066364
5223,21,SS19,gitana skirt,0.0,0.007510733
5223,20,SS19,gitana skirt,0.0,0.0052098073
5223,51,SS19,gitana skirt,0.0,0.016979828
5223,45,SS19,gitana skirt,0.03773585,0.009573758
5192,59,SS19,sleeveless,0.0,0.005748026
5212,60,SS19,culottes,0.03773585,0.009755112
5311,12,SS19,jumpsuit,0.0,0.09871693
5125,59,SS19,culottes,0.018867925,0.012048461
5255,30,SS19,gitana skirt,0.0,0.01197191
5253,44,SS19,long dress,0.0,0.020703822
5253,8,SS19,long dress,0.056603774,0.0205248
5319,12,SS19,sleeveless,0.03773585,0.020138778
5196,4,SS19,culottes,0.0,0.008219145
5268,94,SS19,printed shirt,0.018867925,0.04545636
5316,94,SS19,culottes,0.056603774,0.025887463
5266,29,SS19,sleeveless,0.0,0.0073740855
5192,68,SS19,sleeveless,0.0,0.007404253
5314,30,SS19,gitana skirt,0.0,0.0052871704
5218,72,SS19,long sleeve,0.056603774,0.008551128
5253,104,SS19,long dress,0.0,0.013192266
5314,12,SS19,gitana skirt,0.018867925,0.0169378
5311,15,SS19,jumpsuit,0.056603774,0.041983094
5196,41,SS19,culottes,0.0,0.005490035
5253,63,SS19,long dress,0.0,0.027378706
5218,83,SS19,long sleeve,0.0,0.01685756
5205,93,SS19,short sleeves,0.018867925,0.009292051
5205,33,SS19,short sleeves,0.0,0.0072279535
5253,21,SS19,long dress,0.0,0.03223425
5253,102,SS19,long dress,0.018867925,0.024985414
5253,25,SS19,long dress,0.018867925,0.015526965
5147,76,SS19,capris,0.0,0.0054973215
5204,12,SS19,culottes,0.0,0.0069218613
5223,73,SS19,gitana skirt,0.0,0.0102520995
5223,80,SS19,gitana skirt,0.0,0.025209278
5255,35,SS19,gitana skirt,0.018867925,0.007677451
5204,61,SS19,culottes,0.0,0.006478198
5132,2,SS19,maxi,0.0,0.019655097
5255,18,SS19,gitana skirt,0.018867925,0.009235606
5126,117,SS19,culottes,0.018867925,0.013964251
5316,56,SS19,culottes,0.018867925,0.030890182
5207,86,SS19,doll dress,0.0,0.011987008
5255,29,SS19,gitana skirt,0.0,0.006405592
5255,41,SS19,gitana skirt,0.0,0.008017808
5204,20,SS19,culottes,0.03773585,0.0101270415
5268,31,SS19,printed shirt,0.0,0.03280874
5125,25,SS19,culottes,0.03773585,0.015623111
5234,33,SS19,short sleeves,0.018867925,0.014003329
5259,2,SS19,patterned top,0.03773585,0.0121085495
5234,22,SS19,short sleeves,0.0,0.012027714
5271,29,SS19,long sleeve,0.0,0.0067026056
5302,80,SS19,sleeveless,0.0,0.007108204
5271,36,SS19,long sleeve,0.0,0.004682444
5302,7,SS19,sleeveless,0.0,0.0054481104
5302,12,SS19,sleeveless,0.018867925,0.01362101
5268,15,SS19,printed shirt,0.0,0.023618042
5255,53,SS19,gitana skirt,0.0,0.009295855
5145,10,SS19,doll dress,0.018867925,0.01750027
5255,83,SS19,gitana skirt,0.018867925,0.012467742
5223,48,SS19,gitana skirt,0.0,0.008801244
5316,14,SS19,culottes,0.056603774,0.026152387
4197,74,SS19,printed shirt,0.0,0.005792275
5309,80,SS19,sleeveless,0.094339624,0.07943761
5309,73,SS19,sleeveless,0.018867925,0.020852774
5223,15,SS19,gitana skirt,0.018867925,0.005712837
5266,46,SS19,sleeveless,0.0,0.0067699105
5204,80,SS19,culottes,0.0,0.005537279
5141,26,SS19,short sleeves,0.018867925,0.006715987
5316,39,SS19,culottes,0.03773585,0.020162806
5122,24,SS19,solid color top,0.0,0.031336807
5255,13,SS19,gitana skirt,0.018867925,0.0022759363
5255,33,SS19,gitana skirt,0.018867925,0.005857315
5316,80,SS19,culottes,0.018867925,0.065773875
5316,73,SS19,culottes,0.056603774,0.017133899
5157,18,SS19,short sleeves,0.0,0.014050044
5255,51,SS19,gitana skirt,0.0,0.012431115
5144,46,SS19,maxi,0.0,0.005347252
5157,83,SS19,short sleeves,0.0,0.005127512
5255,20,SS19,gitana skirt,0.0,0.008799147
5204,99,SS19,culottes,0.0,0.0047506653
5270,46,SS19,long dress,0.018867925,0.017223984
5226,26,SS19,culottes,0.0,0.0124739185
5270,36,SS19,long dress,0.018867925,0.04419205
5253,95,SS19,long dress,0.0,0.030300122
5226,21,SS19,culottes,0.03773585,0.009126738
5253,99,SS19,long dress,0.0,0.024486307
5226,44,SS19,culottes,0.0,0.015394524
5226,57,SS19,culottes,0.056603774,0.018979926
5253,28,SS19,long dress,0.0,0.013314549
5209,20,SS19,patterned top,0.0,0.005476512
5253,16,SS19,long dress,0.03773585,0.03332058
5253,13,SS19,long dress,0.0,0.020322863
5253,117,SS19,long dress,0.018867925,0.022591792
5270,77,SS19,long dress,0.056603774,0.0232817
5226,41,SS19,culottes,0.0,0.008297667
5253,33,SS19,long dress,0.0,0.018350616
5209,38,SS19,patterned top,0.0754717,0.017159864
5253,45,SS19,long dress,0.0,0.019033242
5253,24,SS19,long dress,0.0,0.014989939
5253,76,SS19,long dress,0.0,0.02595624
5209,11,SS19,patterned top,0.018867925,0.006609712
5253,77,SS19,long dress,0.0,0.020371646
4173,44,SS19,short sleeves,0.03773585,0.006137423
5253,68,SS19,long dress,0.0,0.023988284
5253,93,SS19,long dress,0.0,0.016786925
5253,1,SS19,long dress,0.0,0.015830249
5253,5,SS19,long dress,0.0,0.0146721825
5253,3,SS19,long dress,0.0,0.039216053
5253,60,SS19,long dress,0.0,0.023041923
5122,90,SS19,solid color top,0.0,0.009307928
5098,19,SS19,culottes,0.018867925,0.013593566
5209,83,SS19,patterned top,0.018867925,0.0058088414
5253,79,SS19,long dress,0.0,0.015269712
5266,3,SS19,sleeveless,0.018867925,0.013602767
5253,43,SS19,long dress,0.018867925,0.029080546
5268,14,SS19,printed shirt,0.0,0.025111098
5270,110,SS19,long dress,0.094339624,0.017843116
5270,76,SS19,long dress,0.018867925,0.014617652
5270,3,SS19,long dress,0.03773585,0.018158272
5270,99,SS19,long dress,0.03773585,0.009383038
5226,95,SS19,culottes,0.03773585,0.014619075
5270,13,SS19,long dress,0.03773585,0.0147373155
5253,9,SS19,long dress,0.0,0.0106849
5226,0,SS19,culottes,0.03773585,0.009898871
5226,4,SS19,culottes,0.0,0.011130668
5253,110,SS19,long dress,0.0754717,0.02984161
5253,6,SS19,long dress,0.018867925,0.013591938
5226,59,SS19,culottes,0.03773585,0.008841492
5270,5,SS19,long dress,0.0,0.02175153
5253,47,SS19,long dress,0.018867925,0.023092926
5253,38,SS19,long dress,0.056603774,0.026197866
5196,79,SS19,culottes,0.0,0.012095302
5218,69,SS19,long sleeve,0.0754717,0.020490702
5268,75,SS19,printed shirt,0.0,0.018916395
5250,10,SS19,long dress,0.0754717,0.017344229
5298,29,SS19,long cardigan,0.0754717,0.01555413
5268,19,SS19,printed shirt,0.0,0.034805894
5196,68,SS19,culottes,0.0,0.005534526
5266,40,SS19,sleeveless,0.018867925,0.008658506
5253,69,SS19,long dress,0.0,0.050656006
5192,86,SS19,sleeveless,0.0,0.009308316
5253,74,SS19,long dress,0.0,0.012027122
5297,56,SS19,long dress,0.056603774,0.024583466
5122,42,SS19,solid color top,0.0,0.02264297
5253,81,SS19,long dress,0.03773585,0.020234399
5270,107,SS19,long dress,0.018867925,0.024585512
5311,94,SS19,jumpsuit,0.0,0.03341904
5270,85,SS19,long dress,0.018867925,0.01638759
4208,59,SS19,short sleeves,0.018867925,0.01162903
5147,1,SS19,capris,0.0,0.0061616637
5253,26,SS19,long dress,0.0,0.017121669
5253,46,SS19,long dress,0.0,0.024181474
5270,68,SS19,long dress,0.0,0.013499916
5253,53,SS19,long dress,0.018867925,0.03816447
5253,32,SS19,long dress,0.018867925,0.015645526
5253,67,SS19,long dress,0.0,0.018289134
5298,8,SS19,long cardigan,0.018867925,0.008911483
5253,101,SS19,long dress,0.0,0.017401867
5162,109,SS19,long sleeve,0.056603774,0.011825658
5232,25,SS19,sleeveless,0.018867925,0.0054838248
5253,107,SS19,long dress,0.0,0.018139642
5253,83,SS19,long dress,0.018867925,0.0170873
5316,30,SS19,culottes,0.0754717,0.04319679
5250,31,SS19,long dress,0.018867925,0.010627903
5188,10,SS19,sleeveless,0.0,0.009949505
5250,15,SS19,long dress,0.0,0.016557392
5311,80,SS19,jumpsuit,0.094339624,0.049128994
5134,77,SS19,drop sleeve,0.0,0.004608631
5311,79,SS19,jumpsuit,0.0,0.049290143
5316,12,SS19,culottes,0.13207547,0.06583695
5196,50,SS19,culottes,0.0,0.014196504
5122,67,SS19,solid color top,0.0,0.014087975
5316,49,SS19,culottes,0.056603774,0.02653841
5316,7,SS19,culottes,0.0754717,0.023583133
5122,85,SS19,solid color top,0.0,0.013952255
5316,15,SS19,culottes,0.018867925,0.04815686
5253,85,SS19,long dress,0.0,0.015153971
5270,35,SS19,long dress,0.0,0.025498267
5288,19,SS19,solid color top,0.0,0.0055342317
5222,33,SS19,culottes,0.0,0.005178407
5222,109,SS19,culottes,0.0,0.008016128
5269,79,SS19,culottes,0.0,0.009457596
5269,12,SS19,culottes,0.0,0.015066482
5285,43,SS19,solid color top,0.018867925,0.0104441345
5308,29,SS19,culottes,0.018867925,0.009923235
5285,15,SS19,solid color top,0.03773585,0.013486244
5145,110,SS19,doll dress,0.018867925,0.0050807334
5285,12,SS19,solid color top,0.03773585,0.010666404
5220,27,SS19,culottes,0.0,0.008945517
5234,8,SS19,short sleeves,0.018867925,0.005297009
5234,4,SS19,short sleeves,0.0,0.01117415
5276,54,SS19,sleeveless,0.018867925,0.010827079
5299,51,SS19,short sleeves,0.0,0.0056705326
5242,12,SS19,printed shirt,0.0,0.027697133
5242,15,SS19,printed shirt,0.0,0.014161713
5191,10,SS19,solid color top,0.018867925,0.018908087
5125,31,SS19,culottes,0.0,0.00743334
5242,31,SS19,printed shirt,0.0,0.052358028
5220,51,SS19,culottes,0.0,0.012569182
5147,31,SS19,capris,0.0,0.006250594
5298,73,SS19,long cardigan,0.0,0.014525138
5220,68,SS19,culottes,0.0,0.015365399
5242,19,SS19,printed shirt,0.018867925,0.010676477
5269,3,SS19,culottes,0.0,0.015574887
5269,45,SS19,culottes,0.0,0.015966106
5286,29,SS19,shorts,0.0,0.0062026903
5243,26,SS19,shorts,0.0,0.007186845
5234,90,SS19,short sleeves,0.03773585,0.012537081
5243,36,SS19,shorts,0.0,0.006131552
5220,21,SS19,culottes,0.03773585,0.009882469
5173,57,SS19,kimono dress,0.03773585,0.0044319555
5284,31,SS19,long dress,0.0,0.016885418
5176,57,SS19,jumpsuit,0.0,0.011927687
5269,46,SS19,culottes,0.056603774,0.01733043
5269,5,SS19,culottes,0.0,0.01749542
5312,35,SS19,sleeveless,0.0,0.007595621
5269,69,SS19,culottes,0.018867925,0.012596503
5285,69,SS19,solid color top,0.018867925,0.015519939
5225,36,SS19,capris,0.0,0.039211452
5243,85,SS19,shorts,0.0,0.010282993
5243,47,SS19,shorts,0.0,0.010495
5285,20,SS19,solid color top,0.03773585,0.011735655
4209,24,SS19,culottes,0.0,0.0076979324
5220,69,SS19,culottes,0.0,0.021210134
5269,82,SS19,culottes,0.0,0.009413816
5284,69,SS19,long dress,0.0,0.011067264
5242,75,SS19,printed shirt,0.0,0.011987619
5276,66,SS19,sleeveless,0.0,0.0047203004
5276,60,SS19,sleeveless,0.018867925,0.010382108
5276,83,SS19,sleeveless,0.018867925,0.0065310374
5264,46,SS19,solid color top,0.0,0.0064316466
5264,18,SS19,solid color top,0.0,0.009253837
5272,56,SS19,shorts,0.0,0.007371269
5287,82,SS19,shorts,0.0,0.014637895
5264,41,SS19,solid color top,0.0,0.0050888807
5220,12,SS19,culottes,0.018867925,0.036740057
5280,30,SS19,solid color top,0.0,0.025994722
5280,12,SS19,solid color top,0.0,0.010432985
5308,18,SS19,culottes,0.0,0.0070885234
5220,54,SS19,culottes,0.0,0.017127082
4143,32,SS19,culottes,0.03773585,0.0052431226
5312,36,SS19,sleeveless,0.03773585,0.010623418
5268,46,SS19,printed shirt,0.0,0.018185824
5275,46,SS19,gitana skirt,0.018867925,0.015787497
5298,14,SS19,long cardigan,0.094339624,0.029768059
5280,45,SS19,solid color top,0.0,0.004850123
5280,69,SS19,solid color top,0.0,0.009108771
5268,18,SS19,printed shirt,0.0,0.029675938
5280,81,SS19,solid color top,0.018867925,0.004345093
5280,75,SS19,solid color top,0.0,0.0069637224
5264,69,SS19,solid color top,0.0,0.0046017095
5264,53,SS19,solid color top,0.0,0.0052553974
5264,83,SS19,solid color top,0.0,0.006320715
5220,22,SS19,culottes,0.03773585,0.01144461
5298,80,SS19,long cardigan,0.0,0.022523686
5276,14,SS19,sleeveless,0.056603774,0.011101138
5284,15,SS19,long dress,0.0,0.005989697
5243,110,SS19,shorts,0.0,0.0050888807
5234,21,SS19,short sleeves,0.018867925,0.020894088
5243,43,SS19,shorts,0.0,0.0045025423
5242,13,SS19,printed shirt,0.0,0.014897823
5272,36,SS19,shorts,0.0,0.005112663
5259,63,SS19,patterned top,0.0,0.019147377
5259,18,SS19,patterned top,0.0,0.005553432
5220,13,SS19,culottes,0.0,0.015772432
5298,39,SS19,long cardigan,0.0754717,0.010442369
5276,28,SS19,sleeveless,0.018867925,0.008984689
5308,57,SS19,culottes,0.0,0.006755084
5264,12,SS19,solid color top,0.0,0.020517536
5264,19,SS19,solid color top,0.0,0.0073244795
5091,22,SS19,long dress,0.0,0.009573266
5272,22,SS19,shorts,0.0,0.010487083
5276,77,SS19,sleeveless,0.0,0.0043822825
5276,20,SS19,sleeveless,0.0,0.010524172
5286,63,SS19,shorts,0.0,0.00930728
5207,41,SS19,doll dress,0.0,0.011730753
4232,27,SS19,culottes,0.018867925,0.006462872
5269,63,SS19,culottes,0.018867925,0.024891235
5312,13,SS19,sleeveless,0.0,0.01994586
5284,9,SS19,long dress,0.13207547,0.017711867
5284,80,SS19,long dress,0.0,0.015266903
5268,20,SS19,printed shirt,0.0,0.026691742
5225,14,SS19,capris,0.018867925,0.016355693
5152,81,SS19,capris,0.0,0.009143408
5284,85,SS19,long dress,0.0,0.010798328
5225,38,SS19,capris,0.0,0.010025099
5210,69,SS19,long dress,0.018867925,0.011841968
5225,9,SS19,capris,0.0,0.016650416
5284,43,SS19,long dress,0.0,0.016444929
5110,53,SS19,short sleeves,0.0,0.009863578
5268,82,SS19,printed shirt,0.0,0.018312514
5208,67,SS19,patterned top,0.018867925,0.008626863
5225,49,SS19,capris,0.0,0.019360863
5313,30,SS19,shorts,0.0,0.008542053
5313,12,SS19,shorts,0.018867925,0.021091595
5284,14,SS19,long dress,0.0,0.006784253
5313,49,SS19,shorts,0.03773585,0.0065076128
5268,83,SS19,printed shirt,0.018867925,0.039572626
5275,35,SS19,gitana skirt,0.018867925,0.016222686
5210,50,SS19,long dress,0.0,0.007076394
5275,40,SS19,gitana skirt,0.03773585,0.012706406
5268,47,SS19,printed shirt,0.03773585,0.036448877
5252,104,SS19,culottes,0.018867925,0.009018287
5225,76,SS19,capris,0.03773585,0.015300125
5252,4,SS19,culottes,0.018867925,0.010535128
5252,90,SS19,culottes,0.018867925,0.006630495
5225,77,SS19,capris,0.018867925,0.016555578
5225,45,SS19,capris,0.018867925,0.009741113
5268,50,SS19,printed shirt,0.0,0.031640623
5210,104,SS19,long dress,0.018867925,0.014332205
5268,22,SS19,printed shirt,0.018867925,0.04564498
5252,43,SS19,culottes,0.018867925,0.0065863505
5252,20,SS19,culottes,0.03773585,0.011293136
5284,22,SS19,long dress,0.0,0.013366073
5252,110,SS19,culottes,0.0,0.004971925
5252,73,SS19,culottes,0.018867925,0.0053870864
5312,15,SS19,sleeveless,0.0,0.010136113
5268,51,SS19,printed shirt,0.0,0.068895206
5284,3,SS19,long dress,0.018867925,0.011278365
5152,77,SS19,capris,0.0,0.005072348
5309,56,SS19,sleeveless,0.0,0.04804221
5252,80,SS19,culottes,0.0,0.0068546385
5252,51,SS19,culottes,0.0,0.0055515617
5313,56,SS19,shorts,0.0,0.0060901344
5208,74,SS19,patterned top,0.0,0.007834706
5189,74,SS19,culottes,0.018867925,0.011784054
5081,38,SS19,short sleeves,0.0,0.005208876
5263,36,SS19,culottes,0.03773585,0.009525254
5312,77,SS19,sleeveless,0.0,0.012598209
5263,53,SS19,culottes,0.018867925,0.009272136
5298,56,SS19,long cardigan,0.018867925,0.01757972
5310,49,SS19,short sleeves,0.018867925,0.013618875
5263,73,SS19,culottes,0.018867925,0.010038555
5263,12,SS19,culottes,0.0754717,0.00967133
5310,15,SS19,short sleeves,0.018867925,0.009255417
5225,74,SS19,capris,0.0,0.02778553
5310,94,SS19,short sleeves,0.018867925,0.012800217
5310,77,SS19,short sleeves,0.0,0.008785225
5310,29,SS19,short sleeves,0.0,0.007968701
5286,50,SS19,shorts,0.018867925,0.011026427
5286,22,SS19,shorts,0.0,0.012079015
4209,73,SS19,culottes,0.018867925,0.009129152
5286,45,SS19,shorts,0.0,0.011165835
5220,44,SS19,culottes,0.018867925,0.0056138188
5286,51,SS19,shorts,0.0,0.007640168
5286,53,SS19,shorts,0.0,0.0049411952
5310,80,SS19,short sleeves,0.0,0.0056301877
5298,13,SS19,long cardigan,0.0,0.032988675
5252,12,SS19,culottes,0.0,0.018968534
5310,10,SS19,short sleeves,0.0,0.008356601
5189,32,SS19,culottes,0.03773585,0.0070384517
5323,12,SS19,drop sleeve,0.018867925,0.01436878
5284,19,SS19,long dress,0.0,0.010186695
5189,30,SS19,culottes,0.018867925,0.005211532
5268,53,SS19,printed shirt,0.0,0.011598997
5231,75,SS19,short sleeves,0.0,0.0069382526
5185,36,SS19,culottes,0.018867925,0.0172128
5225,83,SS19,capris,0.03773585,0.012651205
5225,85,SS19,capris,0.056603774,0.010306522
5231,5,SS19,short sleeves,0.018867925,0.011474747
5185,74,SS19,culottes,0.0,0.010569133
5231,40,SS19,short sleeves,0.018867925,0.004684139
5225,67,SS19,capris,0.0,0.024407294
5234,26,SS19,short sleeves,0.0,0.007856347
5301,94,SS19,short sleeves,0.018867925,0.006686896
5149,57,SS19,capris,0.0,0.0052089505
5301,7,SS19,short sleeves,0.018867925,0.006717406
5298,52,SS19,long cardigan,0.018867925,0.013745278
5275,107,SS19,gitana skirt,0.0,0.013675492
5310,12,SS19,short sleeves,0.0,0.009827487
5252,15,SS19,culottes,0.018867925,0.0050732344
5269,18,SS19,culottes,0.018867925,0.008601118
5198,85,SS19,culottes,0.0,0.017390009
5284,7,SS19,long dress,0.0,0.008777253
5276,0,SS19,sleeveless,0.03773585,0.0047782063
5274,90,SS19,sleeveless,0.0,0.01088265
5274,35,SS19,sleeveless,0.018867925,0.0039633773
5288,12,SS19,solid color top,0.0,0.005891815
4220,101,SS19,culottes,0.0,0.01042046
5195,69,SS19,long sleeve,0.0,0.0063323453
5222,12,SS19,culottes,0.03773585,0.026817568
5268,13,SS19,printed shirt,0.0,0.02438686
5234,40,SS19,short sleeves,0.018867925,0.009598274
5195,74,SS19,long sleeve,0.018867925,0.026253272
5274,18,SS19,sleeveless,0.0,0.0056676045
5215,76,SS19,jumpsuit,0.018867925,0.014652427
5274,48,SS19,sleeveless,0.0,0.0056205764
5274,65,SS19,sleeveless,0.0,0.0077237412
5274,12,SS19,sleeveless,0.0,0.012236938
5274,62,SS19,sleeveless,0.018867925,0.013515759
5265,29,SS19,sleeveless,0.0,0.0069115832
5265,100,SS19,sleeveless,0.0,0.004557684
5265,63,SS19,sleeveless,0.0,0.008873023
5265,59,SS19,sleeveless,0.018867925,0.006615296
5198,101,SS19,culottes,0.0,0.010263495
5302,30,SS19,sleeveless,0.0,0.006609626
5265,8,SS19,sleeveless,0.0,0.010012455
5298,67,SS19,long cardigan,0.0,0.01767236
5242,18,SS19,printed shirt,0.0,0.019341744
5236,36,SS19,gitana skirt,0.03773585,0.01782307
5272,35,SS19,shorts,0.0,0.005953856
5198,28,SS19,culottes,0.0,0.01103954
5195,0,SS19,long sleeve,0.03773585,0.020883515
5242,47,SS19,printed shirt,0.018867925,0.0065922886
5242,20,SS19,printed shirt,0.0,0.015402354
5198,13,SS19,culottes,0.0,0.012495667
5242,82,SS19,printed shirt,0.0,0.010069288
5242,83,SS19,printed shirt,0.0,0.02551552
5276,63,SS19,sleeveless,0.018867925,0.009674385
5198,33,SS19,culottes,0.018867925,0.008880109
5201,51,SS19,long dress,0.018867925,0.013965055
5201,107,SS19,long dress,0.0,0.012276772
5242,36,SS19,printed shirt,0.0,0.022100851
5250,95,SS19,long dress,0.03773585,0.015028343
5198,68,SS19,culottes,0.0,0.012347728
5242,46,SS19,printed shirt,0.018867925,0.015334722
5274,100,SS19,sleeveless,0.0,0.011856124
5296,18,SS19,culottes,0.0,0.010685071
5296,90,SS19,culottes,0.018867925,0.010077145
5242,69,SS19,printed shirt,0.018867925,0.017529543
5222,14,SS19,culottes,0.0,0.012380801
5296,46,SS19,culottes,0.0,0.0094167255
5222,73,SS19,culottes,0.0,0.004375577
5296,3,SS19,culottes,0.0,0.01152347
5296,6,SS19,culottes,0.0,0.005206134
5240,22,SS19,long sleeve,0.0,0.005182408
5296,43,SS19,culottes,0.0,0.0060505047
5240,3,SS19,long sleeve,0.0,0.007550232
5195,82,SS19,long sleeve,0.0,0.005654257
5296,79,SS19,culottes,0.018867925,0.015610479
5240,12,SS19,long sleeve,0.0,0.015467353
5296,48,SS19,culottes,0.018867925,0.0085905865
5240,36,SS19,long sleeve,0.0,0.0068576112
5296,19,SS19,culottes,0.0,0.0055307485
5296,31,SS19,culottes,0.0,0.0065133274
5296,15,SS19,culottes,0.0,0.008575909
5215,93,SS19,jumpsuit,0.0,0.0120852515
5296,12,SS19,culottes,0.018867925,0.018188294
4230,101,SS19,culottes,0.0,0.0070496425
5146,9,SS19,culottes,0.0,0.010395899
5296,54,SS19,culottes,0.0,0.0063098185
5296,30,SS19,culottes,0.0,0.006325297
5258,14,SS19,culottes,0.0,0.006076336
5296,66,SS19,culottes,0.018867925,0.005835369
5240,46,SS19,long sleeve,0.0,0.0056227557
5240,21,SS19,long sleeve,0.0,0.0054991096
5198,82,SS19,culottes,0.0,0.017524514
5296,26,SS19,culottes,0.018867925,0.030658998
5265,46,SS19,sleeveless,0.0,0.0046858676
5296,81,SS19,culottes,0.0,0.004244324
5265,50,SS19,sleeveless,0.0,0.0049424954
5265,16,SS19,sleeveless,0.0,0.008198276
5265,56,SS19,sleeveless,0.0,0.0049293265
5296,72,SS19,culottes,0.0,0.005506199
5268,56,SS19,printed shirt,0.0,0.019627735
5296,83,SS19,culottes,0.0,0.009304382
5265,60,SS19,sleeveless,0.0,0.007939193
5265,19,SS19,sleeveless,0.0,0.0064964965
5265,10,SS19,sleeveless,0.0,0.009664372
5265,12,SS19,sleeveless,0.0,0.011488516
5296,107,SS19,culottes,0.0,0.013233889
5296,68,SS19,culottes,0.0,0.006429214
5296,77,SS19,culottes,0.0,0.015257515
5296,45,SS19,culottes,0.0,0.009852931
5296,52,SS19,culottes,0.0,0.010521755
5296,28,SS19,culottes,0.0,0.005103633
5296,99,SS19,culottes,0.0,0.008822359
5296,5,SS19,culottes,0.0,0.008983962
5236,69,SS19,gitana skirt,0.0754717,0.01585614
5280,18,SS19,solid color top,0.0,0.0043694302
5198,110,SS19,culottes,0.018867925,0.007521108
4217,42,SS19,culottes,0.018867925,0.008433662
5308,40,SS19,culottes,0.0,0.010565996
5308,42,SS19,culottes,0.0,0.014827572
5191,94,SS19,solid color top,0.0,0.010571439
5211,31,SS19,culottes,0.0,0.0074857697
5284,10,SS19,long dress,0.018867925,0.011775896
5318,36,SS19,jumpsuit,0.0,0.0219641
5137,3,SS19,shorts,0.018867925,0.005961396
5237,51,SS19,gitana skirt,0.0,0.009239398
5237,77,SS19,gitana skirt,0.0,0.01362779
5308,26,SS19,culottes,0.03773585,0.015039764
5318,35,SS19,jumpsuit,0.0,0.0072827414
5237,46,SS19,gitana skirt,0.0,0.005207382
5148,101,SS19,sleeveless,0.018867925,0.021230347
5237,100,SS19,gitana skirt,0.0,0.0065283254
5237,29,SS19,gitana skirt,0.0,0.0070582144
5211,93,SS19,culottes,0.018867925,0.0042881295
5235,94,SS19,gitana skirt,0.018867925,0.012920424
5284,12,SS19,long dress,0.018867925,0.017060816
5211,22,SS19,culottes,0.0,0.0070623197
5235,14,SS19,gitana skirt,0.018867925,0.007427767
5318,69,SS19,jumpsuit,0.0,0.0076739863
5225,8,SS19,capris,0.0,0.016029954
5308,46,SS19,culottes,0.0,0.012937468
5208,43,SS19,patterned top,0.018867925,0.0044838376
5272,10,SS19,shorts,0.018867925,0.008010805
5242,45,SS19,printed shirt,0.0,0.012395628
5272,2,SS19,shorts,0.0,0.00769452
5276,8,SS19,sleeveless,0.0,0.009272158
5237,12,SS19,gitana skirt,0.0,0.015150908
5284,46,SS19,long dress,0.0,0.0107655935
5284,8,SS19,long dress,0.018867925,0.02076903
5284,29,SS19,long dress,0.0,0.01490815
5273,63,SS19,sleeveless,0.03773585,0.016336098
5275,68,SS19,gitana skirt,0.03773585,0.00977163
5237,3,SS19,gitana skirt,0.0,0.016540352
5198,30,SS19,culottes,0.0,0.005802892
5273,18,SS19,sleeveless,0.03773585,0.01838193
5198,12,SS19,culottes,0.0,0.010232009
5242,51,SS19,printed shirt,0.0,0.024168607
5114,117,SS19,long dress,0.0,0.009549104
4210,23,SS19,culottes,0.018867925,0.006681815
5148,25,SS19,sleeveless,0.0,0.015295386
5273,69,SS19,sleeveless,0.056603774,0.010237981
5273,85,SS19,sleeveless,0.018867925,0.012549743
5309,77,SS19,sleeveless,0.018867925,0.026242279
5149,84,SS19,capris,0.018867925,0.0056705326
5215,46,SS19,jumpsuit,0.018867925,0.005101189
5149,65,SS19,capris,0.0,0.005217083
5239,50,SS19,sleeveless,0.0,0.0061195344
5239,99,SS19,sleeveless,0.0,0.004610032
5239,3,SS19,sleeveless,0.0,0.0050335787
5239,6,SS19,sleeveless,0.03773585,0.008939616
5239,48,SS19,sleeveless,0.018867925,0.004299119
5239,75,SS19,sleeveless,0.018867925,0.0044396594
5239,12,SS19,sleeveless,0.0,0.009903304
5281,59,SS19,sleeveless,0.0,0.008787803
5281,99,SS19,sleeveless,0.0,0.011937339
5239,93,SS19,sleeveless,0.0,0.0028368607
5235,100,SS19,gitana skirt,0.018867925,0.010189626
5308,12,SS19,culottes,0.0,0.00922139
5308,54,SS19,culottes,0.018867925,0.0131621435
5308,30,SS19,culottes,0.0,0.005381167
5296,21,SS19,culottes,0.0,0.0052737445
5148,64,SS19,sleeveless,0.0,0.014721923
5114,6,SS19,long dress,0.018867925,0.008415118
5259,46,SS19,patterned top,0.0,0.014843971
5250,29,SS19,long dress,0.018867925,0.023972295
5260,90,SS19,culottes,0.03773585,0.008181252
5281,14,SS19,sleeveless,0.03773585,0.0052237064
5239,45,SS19,sleeveless,0.0,0.006115988
5239,76,SS19,sleeveless,0.018867925,0.008584939
5308,86,SS19,culottes,0.0,0.0054991096
5312,10,SS19,sleeveless,0.0,0.036197104
5149,31,SS19,capris,0.0,0.0068910047
5149,15,SS19,capris,0.0,0.007432908
5149,2,SS19,capris,0.0,0.006149918
5191,95,SS19,solid color top,0.056603774,0.014833465
4128,26,SS19,kimono dress,0.018867925,0.0060281754
4217,16,SS19,culottes,0.0,0.008003123
5211,38,SS19,culottes,0.018867925,0.0052589774
5260,33,SS19,culottes,0.03773585,0.014371194
5284,2,SS19,long dress,0.0,0.011624217
5235,3,SS19,gitana skirt,0.0,0.015234731
5260,47,SS19,culottes,0.03773585,0.005305521
5235,56,SS19,gitana skirt,0.018867925,0.0060947463
5195,102,SS19,long sleeve,0.0,0.007880211
5235,72,SS19,gitana skirt,0.018867925,0.007212557
5125,39,SS19,culottes,0.0,0.013887361
5235,69,SS19,gitana skirt,0.0,0.026803218
5308,93,SS19,culottes,0.056603774,0.010650143
5308,6,SS19,culottes,0.0,0.011773609
5308,73,SS19,culottes,0.0,0.013078127
5308,43,SS19,culottes,0.0,0.005610965
5236,82,SS19,gitana skirt,0.03773585,0.014450505
5259,30,SS19,patterned top,0.0754717,0.012717105
5244,53,SS19,long sleeve,0.0,0.019882657
5309,40,SS19,sleeveless,0.03773585,0.031107884
5245,74,SS19,culottes,0.0,0.022461712
5275,79,SS19,gitana skirt,0.0754717,0.015479747
5275,73,SS19,gitana skirt,0.0,0.011683807
5245,81,SS19,culottes,0.018867925,0.0048417784
5283,2,SS19,shorts,0.0,0.008077055
5245,26,SS19,culottes,0.056603774,0.036494993
5245,46,SS19,culottes,0.0,0.02981318
5279,9,SS19,doll dress,0.0,0.007869281
5275,56,SS19,gitana skirt,0.03773585,0.0070363954
5245,18,SS19,culottes,0.018867925,0.026329562
5262,99,SS19,culottes,0.0,0.006911941
5262,20,SS19,culottes,0.0,0.006209336
5262,26,SS19,culottes,0.018867925,0.013500426
5279,110,SS19,doll dress,0.056603774,0.020384118
5277,84,SS19,culottes,0.018867925,0.018814638
5277,66,SS19,culottes,0.03773585,0.025681026
5245,59,SS19,culottes,0.056603774,0.013141789
5245,63,SS19,culottes,0.018867925,0.0073299445
5277,94,SS19,culottes,0.018867925,0.027446084
5277,65,SS19,culottes,0.056603774,0.029715555
5277,15,SS19,culottes,0.18867925,0.03434379
5245,21,SS19,culottes,0.018867925,0.00620329
5262,40,SS19,culottes,0.0,0.008130938
5208,64,SS19,patterned top,0.0,0.009183407
5283,12,SS19,shorts,0.0,0.008004956
5275,15,SS19,gitana skirt,0.018867925,0.021476187
5245,32,SS19,culottes,0.056603774,0.009990435
5245,53,SS19,culottes,0.0,0.02734387
5277,14,SS19,culottes,0.018867925,0.0070419423
5278,82,SS19,long sleeve,0.0,0.0075955465
5277,60,SS19,culottes,0.056603774,0.005031526
5277,75,SS19,culottes,0.11320755,0.020413596
5207,6,SS19,doll dress,0.03773585,0.017959736
5283,43,SS19,shorts,0.0,0.005985424
5294,2,SS19,shorts,0.0,0.005671911
5278,26,SS19,long sleeve,0.0,0.005734004
5262,110,SS19,culottes,0.0,0.011614077
5188,7,SS19,sleeveless,0.0,0.010362655
5278,18,SS19,long sleeve,0.0,0.010921881
5278,100,SS19,long sleeve,0.018867925,0.0056272447
5188,39,SS19,sleeveless,0.0,0.02640633
5278,29,SS19,long sleeve,0.018867925,0.010233257
5278,64,SS19,long sleeve,0.03773585,0.0058218874
5188,73,SS19,sleeveless,0.0,0.012985274
5262,43,SS19,culottes,0.0,0.008823961
5275,12,SS19,gitana skirt,0.0,0.032544486
5262,80,SS19,culottes,0.0,0.005010549
5275,7,SS19,gitana skirt,0.0,0.01853213
5278,46,SS19,long sleeve,0.0,0.016387932
5245,57,SS19,culottes,0.0,0.016066175
5245,29,SS19,culottes,0.03773585,0.017302744
5245,64,SS19,culottes,0.0,0.01133167
5194,73,SS19,long sleeve,0.0,0.0049128085
5267,20,SS19,solid color top,0.0,0.0071039647
5267,51,SS19,solid color top,0.0754717,0.015745893
5267,50,SS19,solid color top,0.094339624,0.020452928
5267,5,SS19,solid color top,0.056603774,0.021050926
5316,67,SS19,culottes,0.0,0.046697635
5194,90,SS19,long sleeve,0.0,0.008440658
5316,40,SS19,culottes,0.0754717,0.014863446
5246,30,SS19,long sleeve,0.0754717,0.015132919
5246,54,SS19,long sleeve,0.018867925,0.012209445
5194,80,SS19,long sleeve,0.0,0.005073771
5246,2,SS19,long sleeve,0.03773585,0.08959375
5246,12,SS19,long sleeve,0.03773585,0.0518828
5246,49,SS19,long sleeve,0.018867925,0.02315306
5267,43,SS19,solid color top,0.0,0.0059673265
5246,15,SS19,long sleeve,0.056603774,0.032441273
5246,65,SS19,long sleeve,0.018867925,0.0130531415
5246,84,SS19,long sleeve,0.056603774,0.017212339
5246,60,SS19,long sleeve,0.056603774,0.016362239
5246,14,SS19,long sleeve,0.0754717,0.03666086
5246,43,SS19,long sleeve,0.03773585,0.028636247
5216,63,SS19,doll dress,0.0,0.014563229
5188,33,SS19,sleeveless,0.0,0.0063512027
5267,83,SS19,solid color top,0.03773585,0.021548666
5279,93,SS19,doll dress,0.0,0.016414471
5275,16,SS19,gitana skirt,0.03773585,0.010690369
5277,10,SS19,culottes,0.03773585,0.04527669
5277,12,SS19,culottes,0.056603774,0.04970867
5277,2,SS19,culottes,0.018867925,0.0359635
5277,54,SS19,culottes,0.0,0.005991362
5279,99,SS19,doll dress,0.03773585,0.010991417
5218,110,SS19,long sleeve,0.056603774,0.0076508634
5268,100,SS19,printed shirt,0.0,0.032999042
5112,38,SS19,doll dress,0.018867925,0.014365293
5309,41,SS19,sleeveless,0.018867925,0.019471548
5309,29,SS19,sleeveless,0.018867925,0.029772377
5316,77,SS19,culottes,0.018867925,0.033639878
5268,63,SS19,printed shirt,0.0,0.024391897
5112,0,SS19,doll dress,0.0,0.014454361
5279,29,SS19,doll dress,0.0,0.02380709
5317,69,SS19,short sleeves,0.056603774,0.01704999
5322,53,SS19,long dress,0.0,0.012326576
5322,40,SS19,long dress,0.0,0.014962643
5322,69,SS19,long dress,0.018867925,0.04293035
5322,35,SS19,long dress,0.018867925,0.029488651
5322,36,SS19,long dress,0.0,0.029535826
5317,100,SS19,short sleeves,0.0,0.0070954747
5194,10,SS19,long sleeve,0.0,0.00559514
5322,100,SS19,long dress,0.0,0.018790998
5245,85,SS19,culottes,0.018867925,0.02718234
5216,8,SS19,doll dress,0.0,0.0063633546
5278,20,SS19,long sleeve,0.018867925,0.008949757
5245,82,SS19,culottes,0.03773585,0.01748304
5292,19,SS19,drop sleeve,0.0,0.02240923
5292,66,SS19,drop sleeve,0.0,0.01512856
5277,83,SS19,culottes,0.03773585,0.011572879
5120,77,SS19,solid color top,0.0,0.007310629
5292,31,SS19,drop sleeve,0.0,0.0122567415
5277,107,SS19,culottes,0.018867925,0.009971872
5277,82,SS19,culottes,0.0,0.01463563
5294,22,SS19,shorts,0.0,0.0053598955
5120,110,SS19,solid color top,0.0,0.014182873
5245,2,SS19,culottes,0.018867925,0.010400418
5292,60,SS19,drop sleeve,0.0,0.014113009
5245,12,SS19,culottes,0.056603774,0.08846457
5300,100,SS19,culottes,0.0,0.012353413
5245,31,SS19,culottes,0.0,0.012703858
5277,20,SS19,culottes,0.056603774,0.035274804
5245,65,SS19,culottes,0.018867925,0.02616939
5245,94,SS19,culottes,0.03773585,0.01536642
5300,29,SS19,culottes,0.018867925,0.01771602
5245,66,SS19,culottes,0.0,0.017976575
5277,47,SS19,culottes,0.0,0.037747465
5300,41,SS19,culottes,0.018867925,0.007453624
5207,45,SS19,doll dress,0.0,0.0126044415
5245,15,SS19,culottes,0.13207547,0.018439546
5245,48,SS19,culottes,0.0,0.012500882
5292,48,SS19,drop sleeve,0.03773585,0.015791673
5303,7,SS19,long dress,0.0,0.009535752
5292,27,SS19,drop sleeve,0.018867925,0.019579168
5292,101,SS19,drop sleeve,0.0,0.013235189
5292,42,SS19,drop sleeve,0.0,0.009191155
5292,20,SS19,drop sleeve,0.0,0.008043788
5292,38,SS19,drop sleeve,0.03773585,0.020573646
5292,68,SS19,drop sleeve,0.018867925,0.021820627
5292,45,SS19,drop sleeve,0.0,0.011772864
5292,22,SS19,drop sleeve,0.056603774,0.01974789
5303,80,SS19,long dress,0.0,0.0051533505
5277,69,SS19,culottes,0.0,0.023548588
5087,10,SS19,solid color top,0.018867925,0.0065194406
5292,93,SS19,drop sleeve,0.03773585,0.021028772
5120,25,SS19,solid color top,0.0,0.00657098
5292,28,SS19,drop sleeve,0.0,0.010992795
5292,99,SS19,drop sleeve,0.11320755,0.019447438
5292,5,SS19,drop sleeve,0.03773585,0.017400056
5292,3,SS19,drop sleeve,0.03773585,0.028119687
5292,6,SS19,drop sleeve,0.018867925,0.0063525923
5292,9,SS19,drop sleeve,0.0,0.012853995
5277,32,SS19,culottes,0.094339624,0.0126662925
5283,5,SS19,shorts,0.0,0.0075909123
5277,85,SS19,culottes,0.018867925,0.039175563
5292,16,SS19,drop sleeve,0.018867925,0.018492907
5277,1,SS19,culottes,0.0,0.011083156
5245,14,SS19,culottes,0.018867925,0.0027646907
5277,68,SS19,culottes,0.094339624,0.035361532
5277,9,SS19,culottes,0.0754717,0.040394943
5245,16,SS19,culottes,0.11320755,0.009389617
5278,45,SS19,long sleeve,0.03773585,0.0069336668
5277,73,SS19,culottes,0.018867925,0.02461864
5279,79,SS19,doll dress,0.018867925,0.016515277
5245,22,SS19,culottes,0.056603774,0.031758998
5245,52,SS19,culottes,0.03773585,0.021071903
5245,45,SS19,culottes,0.056603774,0.016029235
5245,24,SS19,culottes,0.056603774,0.017653607
5279,86,SS19,doll dress,0.0,0.011255801
5245,28,SS19,culottes,0.03773585,0.02106217
5142,24,SS19,patterned top,0.0,0.009298362
5245,68,SS19,culottes,0.018867925,0.0154438615
5245,1,SS19,culottes,0.0,0.013845805
5245,47,SS19,culottes,0.094339624,0.04722638
5245,38,SS19,culottes,0.0,0.008889634
5245,20,SS19,culottes,0.0754717,0.027560946
5245,42,SS19,culottes,0.03773585,0.0134722665
5245,101,SS19,culottes,0.0,0.011923786
5245,27,SS19,culottes,0.03773585,0.022847626
5283,39,SS19,shorts,0.0,0.004677385
5245,109,SS19,culottes,0.0,0.010781463
5188,29,SS19,sleeveless,0.0,0.0059995316
5277,3,SS19,culottes,0.1509434,0.030418497
5245,5,SS19,culottes,0.03773585,0.022231646
5245,3,SS19,culottes,0.11320755,0.037026357
5277,51,SS19,culottes,0.056603774,0.017742217
5277,76,SS19,culottes,0.018867925,0.025433563
5277,45,SS19,culottes,0.11320755,0.03268472
5277,22,SS19,culottes,0.0754717,0.012298152
5277,93,SS19,culottes,0.056603774,0.024226397
5294,80,SS19,shorts,0.0,0.019330509
5292,12,SS19,drop sleeve,0.0,0.05239929
5277,50,SS19,culottes,0.0,0.023603909
5292,2,SS19,drop sleeve,0.0,0.02677928
5303,12,SS19,long dress,0.0,0.008393936
4218,90,SS19,short sleeves,0.0,0.007875785
5277,16,SS19,culottes,0.1509434,0.014254928
5283,3,SS19,shorts,0.0,0.006929815
5278,14,SS19,long sleeve,0.018867925,0.0063623264
5292,54,SS19,drop sleeve,0.0,0.009373773
5277,99,SS19,culottes,0.0754717,0.012472611
5278,73,SS19,long sleeve,0.0,0.008808121
5278,3,SS19,long sleeve,0.018867925,0.015458629
5305,29,SS19,long dress,0.0,0.017100774
5279,48,SS19,doll dress,0.0,0.02028133
5277,5,SS19,culottes,0.11320755,0.022568636
5245,73,SS19,culottes,0.0,0.02277521
5245,6,SS19,culottes,0.03773585,0.017836738
5245,107,SS19,culottes,0.018867925,0.0041710213
5246,73,SS19,long sleeve,0.018867925,0.01754336
5246,9,SS19,long sleeve,0.0,0.02609548
5246,110,SS19,long sleeve,0.018867925,0.014265422
5244,26,SS19,long sleeve,0.13207547,0.04457391
5193,30,SS19,long dress,0.0,0.004593581
5282,102,SS19,long sleeve,0.0,0.012180094
5244,36,SS19,long sleeve,0.094339624,0.05302816
5244,54,SS19,long sleeve,0.018867925,0.009501737
5224,83,SS19,long sleeve,0.0,0.0051852986
5244,2,SS19,long sleeve,0.056603774,0.05252984
5244,12,SS19,long sleeve,0.5660377,0.080182455
5279,27,SS19,doll dress,0.0,0.009945542
5244,49,SS19,long sleeve,0.03773585,0.042280447
5282,0,SS19,long sleeve,0.0,0.012891091
5244,15,SS19,long sleeve,0.0754717,0.047338188
5244,65,SS19,long sleeve,0.03773585,0.037998915
5244,35,SS19,long sleeve,0.094339624,0.040841732
4221,32,SS19,culottes,0.018867925,0.021053191
5244,66,SS19,long sleeve,0.018867925,0.06482803
5244,84,SS19,long sleeve,0.20754717,0.025491863
5244,75,SS19,long sleeve,0.0754717,0.033644266
5244,60,SS19,long sleeve,0.11320755,0.016953215
5244,48,SS19,long sleeve,0.0,0.019636806
5224,67,SS19,long sleeve,0.0,0.008992784
5244,14,SS19,long sleeve,0.03773585,0.03338789
5244,31,SS19,long sleeve,0.0754717,0.01967626
5244,79,SS19,long sleeve,0.03773585,0.01993613
5224,107,SS19,long sleeve,0.018867925,0.008518077
5193,66,SS19,long dress,0.0,0.008902367
5282,33,SS19,long sleeve,0.0,0.0074395724
5224,7,SS19,long sleeve,0.0,0.0074257404
5282,22,SS19,long sleeve,0.0,0.0074944645
5282,77,SS19,long sleeve,0.0,0.01194866
5282,68,SS19,long sleeve,0.018867925,0.015910074
5224,19,SS19,long sleeve,0.03773585,0.011684462
5224,14,SS19,long sleeve,0.0,0.007950567
5282,53,SS19,long sleeve,0.018867925,0.009561449
5224,43,SS19,long sleeve,0.0,0.0064070597
5282,69,SS19,long sleeve,0.0,0.012803413
5244,18,SS19,long sleeve,0.03773585,0.012417346
5305,52,SS19,long dress,0.056603774,0.011341393
5244,29,SS19,long sleeve,0.056603774,0.017699964
5244,104,SS19,long sleeve,0.056603774,0.0139022395
5244,25,SS19,long sleeve,0.056603774,0.02621828
5244,21,SS19,long sleeve,0.16981132,0.020156972
5193,110,SS19,long dress,0.0,0.009072609
5209,30,SS19,patterned top,0.0,0.008983206
5188,69,SS19,sleeveless,0.0,0.00515756
5244,63,SS19,long sleeve,0.056603774,0.015168894
5170,45,SS19,jumpsuit,0.018867925,0.0063668564
5244,4,SS19,long sleeve,0.018867925,0.06069458
5282,26,SS19,long sleeve,0.056603774,0.011965938
5279,82,SS19,doll dress,0.0,0.03767716
5244,69,SS19,long sleeve,0.018867925,0.06605425
5224,74,SS19,long sleeve,0.018867925,0.011045162
5244,68,SS19,long sleeve,0.03773585,0.06439601
5305,40,SS19,long dress,0.0,0.007782258
5305,69,SS19,long dress,0.0,0.014684118
5305,35,SS19,long dress,0.0,0.014624663
5305,81,SS19,long dress,0.0,0.015575811
5244,47,SS19,long sleeve,0.094339624,0.02462744
5244,20,SS19,long sleeve,0.13207547,0.04745244
5244,42,SS19,long sleeve,0.0754717,0.016515024
5279,8,SS19,doll dress,0.0,0.02471881
5244,101,SS19,long sleeve,0.018867925,0.0148458965
5244,77,SS19,long sleeve,0.094339624,0.025774457
5244,109,SS19,long sleeve,0.0754717,0.01924577
5279,90,SS19,doll dress,0.03773585,0.0109086335
5279,26,SS19,doll dress,0.0,0.012516849
5244,82,SS19,long sleeve,0.11320755,0.045142673
5279,81,SS19,doll dress,0.0,0.008080877
5244,107,SS19,long sleeve,0.03773585,0.016960569
5244,83,SS19,long sleeve,0.03773585,0.050615154
5244,72,SS19,long sleeve,0.018867925,0.01681482
5200,60,SS19,drop sleeve,0.0,0.012234211
5279,53,SS19,doll dress,0.0,0.01439023
5244,32,SS19,long sleeve,0.0,0.012415327
5305,100,SS19,long dress,0.0,0.0077705756
5244,51,SS19,long sleeve,0.13207547,0.04224304
5244,76,SS19,long sleeve,0.03773585,0.01903247
5244,24,SS19,long sleeve,0.0754717,0.00983642
5244,80,SS19,long sleeve,0.056603774,0.064303994
5244,73,SS19,long sleeve,0.03773585,0.032080248
5188,36,SS19,sleeveless,0.0,0.010647766
5244,9,SS19,long sleeve,0.056603774,0.017893862
5244,110,SS19,long sleeve,0.03773585,0.042204678
5169,54,SS19,jumpsuit,0.0,0.0049632713
5244,3,SS19,long sleeve,0.24528302,0.040047616
5244,5,SS19,long sleeve,0.11320755,0.023074146
5244,99,SS19,long sleeve,0.056603774,0.017100886
5244,28,SS19,long sleeve,0.094339624,0.028473623
5244,56,SS19,long sleeve,0.0,0.04496976
5224,8,SS19,long sleeve,0.0,0.012216613
5279,57,SS19,doll dress,0.018867925,0.017845191
5279,25,SS19,doll dress,0.0,0.0062805526
5244,16,SS19,long sleeve,0.03773585,0.03011127
5279,21,SS19,doll dress,0.094339624,0.024624586
5279,63,SS19,doll dress,0.0,0.007436298
5279,59,SS19,doll dress,0.0,0.007749196
5244,117,SS19,long sleeve,0.03773585,0.03228647
5244,50,SS19,long sleeve,0.094339624,0.062952146
5244,93,SS19,long sleeve,0.03773585,0.015755128
5244,33,SS19,long sleeve,0.0,0.020839274
5279,85,SS19,doll dress,0.0,0.022668023
5224,12,SS19,long sleeve,0.0,0.0060404018
5282,13,SS19,long sleeve,0.0,0.0057794712
5282,99,SS19,long sleeve,0.018867925,0.009590365
5199,23,SS19,long sleeve,0.0,0.010364976
5216,74,SS19,doll dress,0.0,0.0056803823
5246,21,SS19,long sleeve,0.0754717,0.019209944
5246,25,SS19,long sleeve,0.03773585,0.01751002
5246,57,SS19,long sleeve,0.0,0.0221918
5246,104,SS19,long sleeve,0.056603774,0.0272962
5246,29,SS19,long sleeve,0.056603774,0.010022823
5246,41,SS19,long sleeve,0.018867925,0.01664552
5279,76,SS19,doll dress,0.0,0.020386428
5175,63,SS19,jumpsuit,0.0,0.005832482
5279,51,SS19,doll dress,0.0,0.010547474
5216,40,SS19,doll dress,0.0,0.015481383
5267,12,SS19,solid color top,0.03773585,0.01914423
5216,76,SS19,doll dress,0.018867925,0.0065833926
5322,29,SS19,long dress,0.0,0.030790754
5322,41,SS19,long dress,0.0,0.02077391
5199,15,SS19,long sleeve,0.0,0.007926911
5305,12,SS19,long dress,0.0,0.016779393
5267,30,SS19,solid color top,0.0,0.021561995
5268,10,SS19,printed shirt,0.0,0.0124182105
5305,15,SS19,long dress,0.0,0.0069888122
5279,20,SS19,doll dress,0.0,0.010446139
5218,43,SS19,long sleeve,0.03773585,0.024045799
5279,68,SS19,doll dress,0.0,0.01741255
5279,24,SS19,doll dress,0.018867925,0.011653855
5246,18,SS19,long sleeve,0.03773585,0.019177109
5246,46,SS19,long sleeve,0.0,0.039880794
5246,3,SS19,long sleeve,0.018867925,0.029712897
5246,5,SS19,long sleeve,0.018867925,0.02605787
5279,22,SS19,doll dress,0.03773585,0.02103863
5246,16,SS19,long sleeve,0.0,0.021335468
5246,13,SS19,long sleeve,0.0,0.02450221
5246,50,SS19,long sleeve,0.0,0.02231175
5246,93,SS19,long sleeve,0.056603774,0.016406756
5246,33,SS19,long sleeve,0.018867925,0.01981046
5246,22,SS19,long sleeve,0.0,0.011790648
5246,24,SS19,long sleeve,0.018867925,0.027984124
5246,76,SS19,long sleeve,0.0,0.014175884
5246,51,SS19,long sleeve,0.056603774,0.0099875145
5246,68,SS19,long sleeve,0.03773585,0.03404012
5246,1,SS19,long sleeve,0.0,0.014883816
5246,47,SS19,long sleeve,0.018867925,0.0153120905
5246,20,SS19,long sleeve,0.0,0.016029418
5246,101,SS19,long sleeve,0.0754717,0.024547458
5246,61,SS19,long sleeve,0.018867925,0.008871928
5246,107,SS19,long sleeve,0.018867925,0.016789086
5246,83,SS19,long sleeve,0.056603774,0.02295009
5246,81,SS19,long sleeve,0.0,0.0063323453
5267,19,SS19,solid color top,0.0,0.01835363
5246,26,SS19,long sleeve,0.056603774,0.016298529
5199,19,SS19,long sleeve,0.0,0.012219541
5292,109,SS19,drop sleeve,0.0,0.012928657
5216,5,SS19,doll dress,0.0,0.012412272
5199,86,SS19,long sleeve,0.056603774,0.0057973415
5261,12,SS19,solid color top,0.0,0.02087012
5268,12,SS19,printed shirt,0.0,0.028928703
5257,41,SS19,solid color top,0.0,0.022325266
5257,18,SS19,solid color top,0.018867925,0.014016792
5257,47,SS19,solid color top,0.056603774,0.005094297
5257,45,SS19,solid color top,0.018867925,0.0071258172
5199,26,SS19,long sleeve,0.03773585,0.012511283
5199,90,SS19,long sleeve,0.056603774,0.016135417
5199,0,SS19,long sleeve,0.03773585,0.018481992
5257,43,SS19,solid color top,0.0,0.019660756
5199,83,SS19,long sleeve,0.03773585,0.016706169
5305,86,SS19,long dress,0.0,0.01257164
5282,12,SS19,long sleeve,0.0,0.011955716
5282,7,SS19,long sleeve,0.018867925,0.0098745
5282,15,SS19,long sleeve,0.018867925,0.00937124
5282,19,SS19,long sleeve,0.0,0.00456284
5316,29,SS19,culottes,0.056603774,0.02718936
5199,44,SS19,long sleeve,0.0,0.00978088
5282,43,SS19,long sleeve,0.0,0.009586148
5199,104,SS19,long sleeve,0.018867925,0.014102835
5282,73,SS19,long sleeve,0.018867925,0.0045670085
5282,3,SS19,long sleeve,0.0,0.021499421
5305,80,SS19,long dress,0.0,0.010856513
5199,82,SS19,long sleeve,0.03773585,0.006873753
5261,15,SS19,solid color top,0.0,0.016261984
5316,36,SS19,culottes,0.056603774,0.046239898
5188,77,SS19,sleeveless,0.0,0.0054535232
5199,73,SS19,long sleeve,0.0,0.0077639073
5261,46,SS19,solid color top,0.056603774,0.010057941
5261,36,SS19,solid color top,0.0754717,0.023092069
5261,69,SS19,solid color top,0.056603774,0.014244612
5175,32,SS19,jumpsuit,0.0,0.010951139
5261,22,SS19,solid color top,0.056603774,0.011363395
5261,50,SS19,solid color top,0.03773585,0.011303686
5209,28,SS19,patterned top,0.018867925,0.008648798
5261,80,SS19,solid color top,0.0,0.0054258965
5309,100,SS19,sleeveless,0.018867925,0.025159739
5188,53,SS19,sleeveless,0.0,0.016599104
5188,40,SS19,sleeveless,0.0,0.0044103414
4221,6,SS19,culottes,0.018867925,0.0051128305
4170,25,SS19,short sleeves,0.018867925,0.0061330944
5199,33,SS19,long sleeve,0.018867925,0.005057156
5216,66,SS19,doll dress,0.0,0.010889202
5216,65,SS19,doll dress,0.018867925,0.013234589
5199,76,SS19,long sleeve,0.0,0.009891383
5218,94,SS19,long sleeve,0.03773585,0.00785432
5216,2,SS19,doll dress,0.0,0.013113644
5209,43,SS19,patterned top,0.0,0.0066086054
5199,38,SS19,long sleeve,0.0,0.015694078
5218,86,SS19,long sleeve,0.0,0.00948853
5292,82,SS19,drop sleeve,0.056603774,0.0064696744
5278,77,SS19,long sleeve,0.03773585,0.0066567436
5271,14,SS19,long sleeve,0.0,0.008563675
5279,12,SS19,doll dress,0.0,0.044893753
5151,59,SS19,solid color top,0.03773585,0.009588942
5248,50,SS19,long sleeve,0.0,0.005724333
5309,49,SS19,sleeveless,0.0754717,0.034457095
5158,74,SS19,solid color top,0.0,0.027247574
5248,52,SS19,long sleeve,0.018867925,0.007857978
5248,45,SS19,long sleeve,0.03773585,0.0063911304
5179,32,SS19,doll dress,0.0,0.008963801
5303,36,SS19,long dress,0.0,0.0049139783
5322,33,SS19,long dress,0.03773585,0.033360973
5248,24,SS19,long sleeve,0.0,0.0048931576
5248,51,SS19,long sleeve,0.0,0.011194266
5161,69,SS19,patterned top,0.03773585,0.030314192
5218,24,SS19,long sleeve,0.018867925,0.013640329
5208,21,SS19,patterned top,0.0,0.0050185323
5248,101,SS19,long sleeve,0.0,0.00920222
5168,41,SS19,short sleeves,0.018867925,0.004920751
5251,46,SS19,culottes,0.018867925,0.00876528
5251,18,SS19,culottes,0.0,0.0047973655
5168,81,SS19,short sleeves,0.0,0.004360333
5247,10,SS19,long sleeve,0.0,0.028471693
5247,59,SS19,long sleeve,0.0,0.013716504
5248,32,SS19,long sleeve,0.03773585,0.0068948865
5207,32,SS19,doll dress,0.018867925,0.0146473795
5247,93,SS19,long sleeve,0.018867925,0.014950529
5119,59,SS19,solid color top,0.03773585,0.0064574406
5292,107,SS19,drop sleeve,0.0,0.009225033
5322,80,SS19,long dress,0.0,0.020833835
5247,8,SS19,long sleeve,0.018867925,0.011287704
5248,56,SS19,long sleeve,0.018867925,0.0136063285
5247,30,SS19,long sleeve,0.018867925,0.023082443
5251,74,SS19,culottes,0.0,0.009376049
5228,53,SS19,sleeveless,0.03773585,0.0047782063
5161,31,SS19,patterned top,0.018867925,0.0077729523
5247,99,SS19,long sleeve,0.018867925,0.007495854
5309,12,SS19,sleeveless,0.0,0.0492945
5247,29,SS19,long sleeve,0.0,0.0071626455
5279,2,SS19,doll dress,0.018867925,0.014331516
5161,75,SS19,patterned top,0.0,0.017033838
5251,56,SS19,culottes,0.056603774,0.012206167
5227,21,SS19,sleeveless,0.0,0.0067368858
5279,31,SS19,doll dress,0.0,0.01582634
5151,13,SS19,solid color top,0.0,0.0081537515
5300,12,SS19,culottes,0.0,0.032242235
5248,30,SS19,long sleeve,0.0,0.010652013
5248,2,SS19,long sleeve,0.0,0.015036173
5271,10,SS19,long sleeve,0.0,0.00489866
5161,3,SS19,patterned top,0.0,0.004747987
5251,20,SS19,culottes,0.018867925,0.013661977
5228,16,SS19,sleeveless,0.0,0.01307087
5228,13,SS19,sleeveless,0.0,0.010301359
5248,15,SS19,long sleeve,0.0,0.010579132
5248,65,SS19,long sleeve,0.0,0.012372963
5248,94,SS19,long sleeve,0.0,0.0055013523
5248,14,SS19,long sleeve,0.0,0.007141918
5271,54,SS19,long sleeve,0.0,0.0057696067
5248,86,SS19,long sleeve,0.0,0.00848778
5161,5,SS19,patterned top,0.0,0.017318971
5256,57,SS19,long sleeve,0.03773585,0.006283108
5248,43,SS19,long sleeve,0.0,0.0044044256
5247,57,SS19,long sleeve,0.0,0.015943289
5248,73,SS19,long sleeve,0.0,0.006100308
5248,5,SS19,long sleeve,0.0,0.008213013
5287,30,SS19,shorts,0.0,0.0071709454
5322,86,SS19,long dress,0.0,0.028347403
5248,81,SS19,long sleeve,0.0,0.006615296
5249,72,SS19,culottes,0.0,0.0149883665
5249,16,SS19,culottes,0.018867925,0.0051727965
5254,13,SS19,long dress,0.0,0.006465081
5256,46,SS19,long sleeve,0.0,0.0057546347
5256,43,SS19,long sleeve,0.0,0.01257946
5247,82,SS19,long sleeve,0.0,0.014695711
5254,110,SS19,long dress,0.0,0.0045080185
5256,110,SS19,long sleeve,0.0,0.021577511
5322,94,SS19,long dress,0.0,0.020611495
5254,9,SS19,long dress,0.0,0.008781999
5204,23,SS19,culottes,0.018867925,0.0060586557
5247,42,SS19,long sleeve,0.03773585,0.013949547
5256,50,SS19,long sleeve,0.018867925,0.006504845
5256,45,SS19,long sleeve,0.018867925,0.015079714
5254,80,SS19,long dress,0.0,0.0068899803
5221,56,SS19,sleeveless,0.0,0.0055846795
5290,31,SS19,long sleeve,0.018867925,0.0041996688
5256,47,SS19,long sleeve,0.0,0.008009616
5256,38,SS19,long sleeve,0.0,0.009975687
5290,94,SS19,long sleeve,0.018867925,0.015871432
5256,32,SS19,long sleeve,0.018867925,0.0072057173
5322,7,SS19,long dress,0.018867925,0.020975694
5256,53,SS19,long sleeve,0.0,0.00473544
5322,10,SS19,long dress,0.0,0.020799175
5256,36,SS19,long sleeve,0.0,0.011889495
5322,12,SS19,long dress,0.0,0.01682702
5254,75,SS19,long dress,0.018867925,0.00495765
5254,31,SS19,long dress,0.0,0.0060221776
5322,62,SS19,long dress,0.018867925,0.0104035735
5290,73,SS19,long sleeve,0.0,0.013265483
5322,79,SS19,long dress,0.0,0.016250554
5279,15,SS19,doll dress,0.0,0.014226198
5249,85,SS19,culottes,0.018867925,0.010157645
5247,95,SS19,long sleeve,0.018867925,0.015966065
5181,31,SS19,long sleeve,0.0,0.0075319596
5247,46,SS19,long sleeve,0.0,0.011348523
5247,26,SS19,long sleeve,0.0,0.008206908
5309,7,SS19,sleeveless,0.0754717,0.044181705
5251,29,SS19,culottes,0.0,0.011684462
5168,40,SS19,short sleeves,0.018867925,0.004919015
5279,19,SS19,doll dress,0.0,0.010543466
5283,29,SS19,shorts,0.0,0.010525584
5249,30,SS19,culottes,0.0,0.005542755
5249,29,SS19,culottes,0.0,0.0102687925
5247,53,SS19,long sleeve,0.03773585,0.008669045
5249,18,SS19,culottes,0.018867925,0.0066802055
5249,90,SS19,culottes,0.03773585,0.0089247
5248,59,SS19,long sleeve,0.0,0.0043813065
5200,25,SS19,drop sleeve,0.0,0.0134684965
5247,24,SS19,long sleeve,0.018867925,0.0173712
5249,2,SS19,culottes,0.018867925,0.01629436
5208,44,SS19,patterned top,0.0,0.010781225
5168,31,SS19,short sleeves,0.0,0.009601492
5249,66,SS19,culottes,0.03773585,0.0074999444
5249,69,SS19,culottes,0.03773585,0.012278743
5256,30,SS19,long sleeve,0.0,0.004914969
5254,41,SS19,long dress,0.0,0.006468937
5249,19,SS19,culottes,0.018867925,0.00681296
5247,51,SS19,long sleeve,0.0,0.012247797
5256,12,SS19,long sleeve,0.0,0.007928252
5256,65,SS19,long sleeve,0.0,0.012314118
5249,80,SS19,culottes,0.0,0.013030402
5254,29,SS19,long dress,0.0,0.0071989857
5161,46,SS19,patterned top,0.03773585,0.0058940426
5254,94,SS19,long dress,0.018867925,0.010401003
5221,33,SS19,sleeveless,0.0,0.0058763176
5300,13,SS19,culottes,0.0,0.011209458
5277,44,SS19,culottes,0.018867925,0.012576222
5247,48,SS19,long sleeve,0.056603774,0.009912752
5272,51,SS19,shorts,0.0,0.007425748
5271,68,SS19,long sleeve,0.018867925,0.009830944
5309,69,SS19,sleeveless,0.018867925,0.039275706
5300,56,SS19,culottes,0.0,0.0078517385
5277,57,SS19,culottes,0.018867925,0.027433991
5278,2,SS19,long sleeve,0.0,0.012393843
5207,27,SS19,doll dress,0.0,0.018451467
5292,104,SS19,drop sleeve,0.018867925,0.026511684
5247,75,SS19,long sleeve,0.03773585,0.03289878
5271,61,SS19,long sleeve,0.0,0.01215072
5277,104,SS19,culottes,0.018867925,0.023875434
5292,57,SS19,drop sleeve,0.018867925,0.015817694
5278,19,SS19,long sleeve,0.0,0.006516479
5247,86,SS19,long sleeve,0.0,0.011521265
5292,44,SS19,drop sleeve,0.056603774,0.015000857
5247,9,SS19,long sleeve,0.018867925,0.014276199
5292,25,SS19,drop sleeve,0.0,0.0076959617
5247,66,SS19,long sleeve,0.056603774,0.027729714
5251,49,SS19,culottes,0.03773585,0.005330518
5148,76,SS19,sleeveless,0.03773585,0.0129098445
5251,66,SS19,culottes,0.0,0.015307255
5251,19,SS19,culottes,0.018867925,0.0045933053
5309,15,SS19,sleeveless,0.11320755,0.041200068
5227,9,SS19,sleeveless,0.0,0.0049729384
5279,30,SS19,doll dress,0.0,0.021156378
5320,12,SS19,long sleeve,0.018867925,0.03807872
5277,95,SS19,culottes,0.018867925,0.0244411
5247,14,SS19,long sleeve,0.018867925,0.020331286
4170,117,SS19,short sleeves,0.03773585,0.011129431
5300,81,SS19,culottes,0.018867925,0.0070495903
5300,35,SS19,culottes,0.0,0.006940052
5277,18,SS19,culottes,0.0,0.025233306
5271,22,SS19,long sleeve,0.0,0.0046565533
5309,94,SS19,sleeveless,0.056603774,0.024619158
5300,40,SS19,culottes,0.0,0.00887534
5309,35,SS19,sleeveless,0.03773585,0.01995863
5227,19,SS19,sleeveless,0.0,0.011101812
5245,54,SS19,culottes,0.0,0.00568489
5148,24,SS19,sleeveless,0.018867925,0.009943716
5287,19,SS19,shorts,0.0,0.008000962
5317,86,SS19,short sleeves,0.018867925,0.020787649
5277,4,SS19,culottes,0.094339624,0.021709196
5272,82,SS19,shorts,0.0,0.020940926
3804,99,SS19,culottes,0.018867925,0.0066951886
5278,15,SS19,long sleeve,0.018867925,0.014336728
5283,22,SS19,shorts,0.0,0.0061999857
5277,59,SS19,culottes,0.094339624,0.012728192
5278,12,SS19,long sleeve,0.0,0.00896661
5277,63,SS19,culottes,0.0,0.0071509033
5277,100,SS19,culottes,0.0,0.005482182
5292,64,SS19,drop sleeve,0.0,0.022721067
5277,25,SS19,culottes,0.018867925,0.013935983
5271,82,SS19,long sleeve,0.0,0.006218113
5278,30,SS19,long sleeve,0.0754717,0.020117238
5227,13,SS19,sleeveless,0.0,0.010000765
5188,8,SS19,sleeveless,0.0,0.0058027618
5271,56,SS19,long sleeve,0.0,0.0046211407
5160,30,SS19,printed shirt,0.0,0.0058107786
5292,18,SS19,drop sleeve,0.03773585,0.030656453
5207,60,SS19,doll dress,0.0,0.019590512
5088,32,SS19,long dress,0.018867925,0.010583013
5292,90,SS19,drop sleeve,0.0754717,0.008552361
5292,46,SS19,drop sleeve,0.018867925,0.042275824
5277,90,SS19,culottes,0.03773585,0.01717088
4219,67,SS19,short sleeves,0.0,0.009549722
5271,107,SS19,long sleeve,0.018867925,0.010052815
5277,46,SS19,culottes,0.03773585,0.02705618
5289,7,SS19,short sleeves,0.0,0.009925347
5292,32,SS19,drop sleeve,0.018867925,0.014416225
5303,81,SS19,long dress,0.0,0.025034793
5300,94,SS19,culottes,0.0,0.009734981
5292,85,SS19,drop sleeve,0.018867925,0.010810636
5287,12,SS19,shorts,0.0,0.01570075
5303,69,SS19,long dress,0.0,0.0048231483
5161,63,SS19,patterned top,0.0,0.007205788
5277,26,SS19,culottes,0.03773585,0.034025542
5247,5,SS19,long sleeve,0.03773585,0.009523615
5161,18,SS19,patterned top,0.0,0.0077025257
5287,2,SS19,shorts,0.0,0.009997413
5292,83,SS19,drop sleeve,0.018867925,0.011183836
5279,54,SS19,doll dress,0.0,0.015489411
5283,50,SS19,shorts,0.0,0.009903487
5227,110,SS19,sleeveless,0.0,0.010214798
5294,51,SS19,shorts,0.018867925,0.00596831
5292,4,SS19,drop sleeve,0.03773585,0.023642115
5277,29,SS19,culottes,0.0,0.01167734
5207,66,SS19,doll dress,0.0,0.011767164
5247,3,SS19,long sleeve,0.0,0.02017941
5317,62,SS19,short sleeves,0.018867925,0.014508769
5247,94,SS19,long sleeve,0.0,0.008833446
5188,100,SS19,sleeveless,0.0,0.009286858
5292,63,SS19,drop sleeve,0.0,0.012242224
5227,22,SS19,sleeveless,0.03773585,0.0056226775
5292,21,SS19,drop sleeve,0.0,0.014663529
5300,80,SS19,culottes,0.0,0.0117854625
5300,79,SS19,culottes,0.0,0.016705379
5292,59,SS19,drop sleeve,0.11320755,0.023038495
5156,29,SS19,solid color top,0.0,0.0048206896
5227,82,SS19,sleeveless,0.0,0.006647326
5309,36,SS19,sleeveless,0.0,0.020673063
5317,94,SS19,short sleeves,0.056603774,0.009317331
5207,109,SS19,doll dress,0.018867925,0.01720775
5289,69,SS19,short sleeves,0.0,0.0065141916
5163,20,SS19,culottes,0.0,0.006270908
5320,36,SS19,long sleeve,0.0,0.012198899
5287,15,SS19,shorts,0.0,0.005606089
5300,73,SS19,culottes,0.0,0.017080057
5300,86,SS19,culottes,0.0,0.005487524
5268,101,SS19,printed shirt,0.0,0.006414354
5261,26,SS19,solid color top,0.0,0.014205232
5199,18,SS19,long sleeve,0.018867925,0.013234787
5290,13,SS19,long sleeve,0.0,0.008646496
5247,43,SS19,long sleeve,0.0,0.023597933
5148,26,SS19,sleeveless,0.0,0.015405484
5312,33,SS19,sleeveless,0.0,0.01146654
5290,19,SS19,long sleeve,0.0,0.009182036
5257,31,SS19,solid color top,0.018867925,0.022942103
5312,22,SS19,sleeveless,0.0,0.01485078
5257,99,SS19,solid color top,0.0,0.007263761
5247,12,SS19,long sleeve,0.0,0.014153127
5290,4,SS19,long sleeve,0.0,0.015343368
5261,19,SS19,solid color top,0.0,0.009375695
5247,65,SS19,long sleeve,0.0,0.01739541
5231,39,SS19,short sleeves,0.03773585,0.012532875
5205,54,SS19,short sleeves,0.0,0.0073394105
5312,51,SS19,sleeveless,0.0,0.010219723
5247,31,SS19,long sleeve,0.0,0.008325703
5312,76,SS19,sleeveless,0.0,0.0138749555
5319,8,SS19,sleeveless,0.018867925,0.0062401667
5319,36,SS19,sleeveless,0.0,0.012661848
5231,32,SS19,short sleeves,0.018867925,0.016600229
5261,31,SS19,solid color top,0.0,0.018130455
5319,74,SS19,sleeveless,0.0,0.0059220158
5268,74,SS19,printed shirt,0.0,0.028507058
5319,56,SS19,sleeveless,0.0,0.018452622
5319,3,SS19,sleeveless,0.0,0.008761756
5199,50,SS19,long sleeve,0.018867925,0.007946156
5319,110,SS19,sleeveless,0.018867925,0.008272294
5121,10,SS19,sleeveless,0.03773585,0.017129287
5247,84,SS19,long sleeve,0.0,0.013265148
5290,57,SS19,long sleeve,0.0,0.011704303
5257,101,SS19,solid color top,0.018867925,0.011754699
5188,47,SS19,sleeveless,0.018867925,0.006393973
5257,26,SS19,solid color top,0.0,0.016146258
5199,6,SS19,long sleeve,0.0,0.0044287443
5247,54,SS19,long sleeve,0.018867925,0.019217283
5312,20,SS19,sleeveless,0.0,0.009237543
5188,85,SS19,sleeveless,0.0,0.004669085
5261,20,SS19,solid color top,0.0,0.023612738
5179,61,SS19,doll dress,0.0,0.012808263
5210,13,SS19,long dress,0.018867925,0.0096022785
5121,50,SS19,sleeveless,0.018867925,0.014994081
5268,67,SS19,printed shirt,0.0,0.012289211
5192,47,SS19,sleeveless,0.0,0.0044210553
5213,44,SS19,long dress,0.0,0.0063982755
5121,60,SS19,sleeveless,0.018867925,0.019202817
5196,26,SS19,culottes,0.0,0.014560819
5196,90,SS19,culottes,0.0,0.009731486
5312,29,SS19,sleeveless,0.018867925,0.006607823
5224,68,SS19,long sleeve,0.018867925,0.0046154708
5312,19,SS19,sleeveless,0.0,0.008969229
5244,22,SS19,long sleeve,0.13207547,0.06423375
5271,16,SS19,long sleeve,0.0,0.012300774
5234,109,SS19,short sleeves,0.018867925,0.01261352
5176,20,SS19,jumpsuit,0.0,0.0045617037
5268,9,SS19,printed shirt,0.0,0.013149977
5188,18,SS19,sleeveless,0.0,0.0055997074
5188,26,SS19,sleeveless,0.0,0.009894993
5143,22,SS19,capris,0.0,0.0114174895
5148,50,SS19,sleeveless,0.0,0.008307822
5234,32,SS19,short sleeves,0.0,0.0120879
5268,5,SS19,printed shirt,0.0,0.01433377
5268,99,SS19,printed shirt,0.0,0.010633018
5268,65,SS19,printed shirt,0.0,0.015620954
5312,30,SS19,sleeveless,0.0,0.009028196
5244,39,SS19,long sleeve,0.018867925,0.02193876
5143,107,SS19,capris,0.018867925,0.0061496347
5223,49,SS19,gitana skirt,0.0,0.009058822
5271,110,SS19,long sleeve,0.0,0.006993361
5268,16,SS19,printed shirt,0.0,0.0068264455
5268,117,SS19,printed shirt,0.018867925,0.020086423
5223,66,SS19,gitana skirt,0.0,0.013738275
5271,7,SS19,long sleeve,0.0,0.005942963
5218,109,SS19,long sleeve,0.03773585,0.005617555
5271,12,SS19,long sleeve,0.0,0.0052446127
5244,7,SS19,long sleeve,0.0754717,0.047650244
5223,68,SS19,gitana skirt,0.0,0.01669987
5223,69,SS19,gitana skirt,0.0,0.0049577802
5256,25,SS19,long sleeve,0.0,0.007697545
5268,28,SS19,printed shirt,0.0,0.0063948706
5244,62,SS19,long sleeve,0.0,0.045946334
5244,45,SS19,long sleeve,0.0,0.036213532
5176,16,SS19,jumpsuit,0.0,0.016283214
5234,52,SS19,short sleeves,0.018867925,0.010132663
5244,67,SS19,long sleeve,0.0,0.021827873
5244,85,SS19,long sleeve,0.0754717,0.022818014
5162,6,SS19,long sleeve,0.0,0.008860849
5271,35,SS19,long sleeve,0.018867925,0.011597056
5268,7,SS19,printed shirt,0.0,0.008214459
5147,50,SS19,capris,0.0,0.012300774
5271,64,SS19,long sleeve,0.0,0.0040766373
5234,39,SS19,short sleeves,0.0,0.0077418834
5234,86,SS19,short sleeves,0.018867925,0.029448025
5268,2,SS19,printed shirt,0.0,0.020329632
5234,60,SS19,short sleeves,0.0,0.019003846
5268,54,SS19,printed shirt,0.0,0.00934612
5204,74,SS19,culottes,0.0,0.010792442
5176,110,SS19,jumpsuit,0.0,0.017218962
5147,83,SS19,capris,0.0,0.010236256
5329,69,SS19,sleeveless,0.056603774,0.01421937
5329,74,SS19,sleeveless,0.0,0.0066944994
5244,38,SS19,long sleeve,0.0,0.04429497
5329,32,SS19,sleeveless,0.018867925,0.021000028
5329,67,SS19,sleeveless,0.018867925,0.029495776
5329,85,SS19,sleeveless,0.0,0.010872249
5329,107,SS19,sleeveless,0.0,0.020015314
5325,30,SS19,sleeveless,0.018867925,0.013133533
5188,104,SS19,sleeveless,0.0,0.005825516
5329,36,SS19,sleeveless,0.0,0.046760242
5312,80,SS19,sleeveless,0.0,0.011208773
5325,26,SS19,sleeveless,0.056603774,0.0048805326
5329,61,SS19,sleeveless,0.018867925,0.010439206
5329,43,SS19,sleeveless,0.03773585,0.0067670345
5329,14,SS19,sleeveless,0.03773585,0.019521363
5330,80,SS19,short sleeves,0.056603774,0.024451613
5330,110,SS19,short sleeves,0.018867925,0.013849702
5330,3,SS19,short sleeves,0.11320755,0.03465388
5329,60,SS19,sleeveless,0.0754717,0.012086503
5329,75,SS19,sleeveless,0.0,0.021090485
5329,19,SS19,sleeveless,0.0,0.024624452
5282,82,SS19,long sleeve,0.0,0.020930491
5329,66,SS19,sleeveless,0.0,0.008337349
5329,94,SS19,sleeveless,0.018867925,0.02248368
5152,80,SS19,capris,0.0,0.0061889626
5329,65,SS19,sleeveless,0.018867925,0.015549868
5121,25,SS19,sleeveless,0.0,0.0118577555
5329,31,SS19,sleeveless,0.03773585,0.035951626
5330,76,SS19,short sleeves,0.0,0.0050419457
5268,45,SS19,printed shirt,0.0,0.019427344
5330,77,SS19,short sleeves,0.0,0.0135274865
5330,47,SS19,short sleeves,0.0,0.00464727
5329,15,SS19,sleeveless,0.056603774,0.020510413
5329,7,SS19,sleeveless,0.0,0.009437371
5224,62,SS19,long sleeve,0.0,0.006266713
5152,56,SS19,capris,0.018867925,0.008800268
5268,1,SS19,printed shirt,0.0,0.0060001835
5290,30,SS19,long sleeve,0.018867925,0.01053926
5329,12,SS19,sleeveless,0.0,0.015969012
5199,64,SS19,long sleeve,0.0,0.007460173
5290,12,SS19,long sleeve,0.056603774,0.009361137
5330,28,SS19,short sleeves,0.018867925,0.017369084
5325,46,SS19,sleeveless,0.0,0.02172944
5224,110,SS19,long sleeve,0.0,0.012959972
5256,95,SS19,long sleeve,0.0,0.007447928
5329,101,SS19,sleeveless,0.0,0.011844285
5329,20,SS19,sleeveless,0.0,0.008545537
5325,8,SS19,sleeveless,0.0,0.009967096
5244,90,SS19,long sleeve,0.056603774,0.02042742
5180,84,SS19,long dress,0.018867925,0.016865551
5329,68,SS19,sleeveless,0.0,0.025917415
5329,76,SS19,sleeveless,0.018867925,0.03881007
5329,45,SS19,sleeveless,0.018867925,0.020617515
5329,33,SS19,sleeveless,0.018867925,0.012818024
5188,81,SS19,sleeveless,0.0,0.0057543367
5312,7,SS19,sleeveless,0.0,0.009396501
5325,59,SS19,sleeveless,0.0,0.012697373
5244,59,SS19,long sleeve,0.018867925,0.026820943
5201,12,SS19,long dress,0.0,0.015071522
5330,2,SS19,short sleeves,0.018867925,0.010032903
5329,56,SS19,sleeveless,0.0,0.017146938
5329,99,SS19,sleeveless,0.0,0.006814465
5329,5,SS19,sleeveless,0.0,0.012207247
5329,3,SS19,sleeveless,0.0,0.012227908
5261,18,SS19,solid color top,0.0,0.0111337155
5329,110,SS19,sleeveless,0.056603774,0.015247364
5329,9,SS19,sleeveless,0.0,0.021879219
5282,90,SS19,long sleeve,0.0,0.012093499
5329,80,SS19,sleeveless,0.0,0.0084089115
5330,10,SS19,short sleeves,0.0,0.016683534
5330,31,SS19,short sleeves,0.018867925,0.01698213
5282,46,SS19,long sleeve,0.018867925,0.009289231
5330,94,SS19,short sleeves,0.03773585,0.011622138
5329,50,SS19,sleeveless,0.018867925,0.0048485696
5247,22,SS19,long sleeve,0.0,0.01542877
4209,48,SS19,culottes,0.0,0.008995853
5195,62,SS19,long sleeve,0.0,0.0047227293
5113,32,SS19,culottes,0.0,0.007877249
5248,10,SS19,long sleeve,0.0,0.0073322803
5248,54,SS19,long sleeve,0.0,0.004397575
5329,18,SS19,sleeveless,0.0,0.014862575
5296,100,SS19,culottes,0.0,0.008835368
5296,8,SS19,culottes,0.0,0.007908978
5296,4,SS19,culottes,0.0,0.009134755
5329,0,SS19,sleeveless,0.0,0.013886295
5329,59,SS19,sleeveless,0.0,0.023450382
5117,26,SS19,sleeveless,0.0,0.00720156
5195,46,SS19,long sleeve,0.0,0.010280393
5329,63,SS19,sleeveless,0.0,0.022015959
5215,40,SS19,jumpsuit,0.03773585,0.01011429
5211,59,SS19,culottes,0.018867925,0.004473459
5329,21,SS19,sleeveless,0.0,0.01931218
5329,57,SS19,sleeveless,0.0,0.018265821
5329,104,SS19,sleeveless,0.018867925,0.012608029
5329,64,SS19,sleeveless,0.0,0.0138377845
5222,30,SS19,culottes,0.0,0.008680902
5329,41,SS19,sleeveless,0.03773585,0.0062939525
5247,64,SS19,long sleeve,0.0,0.017472334
5232,18,SS19,sleeveless,0.0,0.0040709972
5247,41,SS19,long sleeve,0.0,0.013599299
5206,22,SS19,shorts,0.0,0.005979743
5233,29,SS19,long sleeve,0.0,0.0062089935
5233,57,SS19,long sleeve,0.0,0.0152366385
5233,63,SS19,long sleeve,0.0,0.011997741
5329,100,SS19,sleeveless,0.0,0.0109246
5222,60,SS19,culottes,0.0,0.011860307
5247,104,SS19,long sleeve,0.0,0.011833698
5188,66,SS19,sleeveless,0.0,0.007980794
5308,9,SS19,culottes,0.0,0.011306651
5172,72,SS19,jumpsuit,0.0,0.006937731
5248,61,SS19,long sleeve,0.0,0.005428672
5308,19,SS19,culottes,0.018867925,0.015960395
5195,21,SS19,long sleeve,0.0,0.0054410473
5172,61,SS19,jumpsuit,0.0,0.0043877475
5329,26,SS19,sleeveless,0.0,0.02489096
5262,69,SS19,culottes,0.0,0.007698193
5329,46,SS19,sleeveless,0.0,0.0074391216
5195,100,SS19,long sleeve,0.0,0.0046992153
5262,53,SS19,culottes,0.0,0.008936219
5329,90,SS19,sleeveless,0.0,0.020384453
5248,42,SS19,long sleeve,0.0,0.005189091
5188,15,SS19,sleeveless,0.0,0.005953826
5196,7,SS19,culottes,0.018867925,0.011230171
5196,49,SS19,culottes,0.018867925,0.010874048
5308,84,SS19,culottes,0.018867925,0.007495217
5308,65,SS19,culottes,0.0,0.009392433
5308,49,SS19,culottes,0.018867925,0.0049205087
5248,22,SS19,long sleeve,0.0,0.004742667
5248,33,SS19,long sleeve,0.018867925,0.0044680163
5113,63,SS19,culottes,0.056603774,0.009357795
5247,102,SS19,long sleeve,0.03773585,0.013139959
5148,23,SS19,sleeveless,0.0,0.010459676
5248,9,SS19,long sleeve,0.03773585,0.009809922
5262,14,SS19,culottes,0.0,0.0073754415
5117,76,SS19,sleeveless,0.0,0.009043701
5201,50,SS19,long dress,0.03773585,0.0138531625
5248,68,SS19,long sleeve,0.0,0.0075484365
5308,3,SS19,culottes,0.0,0.009224944
5289,45,SS19,short sleeves,0.0,0.0092986375
5233,36,SS19,long sleeve,0.0,0.009920888
5232,19,SS19,sleeveless,0.0,0.008453831
5206,31,SS19,shorts,0.018867925,0.005321957
5232,31,SS19,sleeveless,0.0,0.0076858774
5207,42,SS19,doll dress,0.0,0.008244783
5247,23,SS19,long sleeve,0.018867925,0.01371178
5203,8,SS19,sleeveless,0.03773585,0.00413464
5317,19,SS19,short sleeves,0.0,0.026479006
5317,75,SS19,short sleeves,0.018867925,0.016543567
5317,14,SS19,short sleeves,0.0,0.014239259
5195,22,SS19,long sleeve,0.0,0.0067731068
5317,43,SS19,short sleeves,0.018867925,0.013501562
5317,39,SS19,short sleeves,0.018867925,0.0229241
5317,73,SS19,short sleeves,0.0,0.0048838966
5317,66,SS19,short sleeves,0.0,0.016904742
5222,8,SS19,culottes,0.0,0.0047465414
5317,3,SS19,short sleeves,0.018867925,0.03186745
5317,33,SS19,short sleeves,0.0,0.016774416
5317,22,SS19,short sleeves,0.018867925,0.009272136
5215,75,SS19,jumpsuit,0.0,0.014876291
5120,85,SS19,solid color top,0.0,0.014985587
5217,18,SS19,sleeveless,0.0,0.006145932
5317,51,SS19,short sleeves,0.056603774,0.025634058
5317,77,SS19,short sleeves,0.0,0.014804348
5217,36,SS19,sleeveless,0.0,0.0055359267
5188,2,SS19,sleeveless,0.0,0.005572155
5317,47,SS19,short sleeves,0.0,0.00522523
5207,26,SS19,doll dress,0.0,0.0104132965
5217,45,SS19,sleeveless,0.0754717,0.009348057
5317,110,SS19,short sleeves,0.03773585,0.011396065
5233,46,SS19,long sleeve,0.018867925,0.029352508
5296,1,SS19,culottes,0.0,0.004690051
5233,12,SS19,long sleeve,0.0,0.005354546
5233,35,SS19,long sleeve,0.018867925,0.013458397
5233,69,SS19,long sleeve,0.0,0.01368881
5233,85,SS19,long sleeve,0.03773585,0.01198617
5233,20,SS19,long sleeve,0.0,0.031457163
5233,51,SS19,long sleeve,0.0,0.022252612
5233,22,SS19,long sleeve,0.018867925,0.014592394
5206,39,SS19,shorts,0.0,0.010854546
5233,13,SS19,long sleeve,0.018867925,0.020091228
5289,36,SS19,short sleeves,0.0,0.019471087
5195,60,SS19,long sleeve,0.0,0.023153163
5326,18,SS19,shorts,0.0,0.005466819
5222,3,SS19,culottes,0.0,0.0053963847
5233,56,SS19,long sleeve,0.0,0.009694606
5233,2,SS19,long sleeve,0.018867925,0.008818358
5326,41,SS19,shorts,0.0,0.008815609
5222,16,SS19,culottes,0.0,0.004073877
5317,12,SS19,short sleeves,0.0,0.02953413
5317,65,SS19,short sleeves,0.0,0.027491154
5233,5,SS19,long sleeve,0.018867925,0.015691195
5233,3,SS19,long sleeve,0.0,0.009873129
5233,80,SS19,long sleeve,0.0,0.014184419
5233,39,SS19,long sleeve,0.0,0.01192046
5233,43,SS19,long sleeve,0.0,0.022725713
5233,94,SS19,long sleeve,0.018867925,0.007015068
5233,31,SS19,long sleeve,0.0,0.0076273717
5233,7,SS19,long sleeve,0.018867925,0.011607349
5233,10,SS19,long sleeve,0.0,0.016078863
5317,2,SS19,short sleeves,0.018867925,0.013884939
5308,99,SS19,culottes,0.03773585,0.0090731755
5308,56,SS19,culottes,0.0,0.010141201
5308,50,SS19,culottes,0.018867925,0.015011847
5246,59,SS19,long sleeve,0.0,0.012176905
5247,16,SS19,long sleeve,0.0,0.024993625
5188,22,SS19,sleeveless,0.0,0.0063512623
5267,31,SS19,solid color top,0.0,0.020896748
5246,90,SS19,long sleeve,0.0,0.017409105
5276,12,SS19,sleeveless,0.0,0.008123063
5246,40,SS19,long sleeve,0.0,0.033768006
5246,74,SS19,long sleeve,0.0,0.024063446
5246,53,SS19,long sleeve,0.03773585,0.011003822
5246,67,SS19,long sleeve,0.0,0.00865154
5158,36,SS19,solid color top,0.018867925,0.01554025
5246,82,SS19,long sleeve,0.03773585,0.032147676
5246,42,SS19,long sleeve,0.03773585,0.016831107
5246,63,SS19,long sleeve,0.0,0.021109734
5196,6,SS19,culottes,0.018867925,0.0075293705
5246,77,SS19,long sleeve,0.0,0.0150005445
5247,50,SS19,long sleeve,0.018867925,0.017146535
5153,28,SS19,sleeveless,0.0,0.0066935867
5246,45,SS19,long sleeve,0.03773585,0.011390142
5246,117,SS19,long sleeve,0.0,0.013471931
5308,100,SS19,culottes,0.0,0.011013836
5330,69,SS19,short sleeves,0.0,0.026926734
5308,63,SS19,culottes,0.0,0.010087542
5308,59,SS19,culottes,0.0,0.016398154
5246,28,SS19,long sleeve,0.0,0.017529543
5330,46,SS19,short sleeves,0.0,0.0055469014
5131,50,SS19,doll dress,0.0,0.01645042
5246,80,SS19,long sleeve,0.0,0.01210849
5188,49,SS19,sleeveless,0.0,0.0057803392
5269,15,SS19,culottes,0.018867925,0.0074796155
5261,63,SS19,solid color top,0.0,0.016164426
5261,41,SS19,solid color top,0.018867925,0.014952365
5199,75,SS19,long sleeve,0.0,0.026362441
5175,26,SS19,jumpsuit,0.0,0.004752081
5268,66,SS19,printed shirt,0.0,0.02670044
5269,90,SS19,culottes,0.0,0.013787091
5196,61,SS19,culottes,0.0,0.008838687
5196,27,SS19,culottes,0.018867925,0.008975022
5192,80,SS19,sleeveless,0.0,0.0042716414
5247,73,SS19,long sleeve,0.0,0.010221995
5199,31,SS19,long sleeve,0.0,0.00576777
5196,20,SS19,culottes,0.018867925,0.013996452
5269,2,SS19,culottes,0.0,0.009557061
5312,40,SS19,sleeveless,0.0,0.015573684
5267,2,SS19,solid color top,0.018867925,0.023610108
5247,110,SS19,long sleeve,0.018867925,0.02410248
5188,51,SS19,sleeveless,0.0,0.005803596
5246,23,SS19,long sleeve,0.0,0.006122023
5269,20,SS19,culottes,0.0,0.006731633
5269,38,SS19,culottes,0.018867925,0.004928585
5246,64,SS19,long sleeve,0.0,0.053075735
5269,93,SS19,culottes,0.0,0.006471336
4209,76,SS19,culottes,0.0,0.00960784
5269,39,SS19,culottes,0.018867925,0.007371206
5156,24,SS19,solid color top,0.0,0.007770218
5330,59,SS19,short sleeves,0.0,0.01590779
5276,53,SS19,sleeveless,0.018867925,0.005193617
5246,86,SS19,long sleeve,0.0,0.009369075
5308,36,SS19,culottes,0.0,0.00536998
5317,8,SS19,short sleeves,0.018867925,0.0045163035
5308,72,SS19,culottes,0.0,0.0247121
5317,0,SS19,short sleeves,0.0,0.0049815513
5308,45,SS19,culottes,0.018867925,0.012014724
5308,52,SS19,culottes,0.0,0.009974077
5317,18,SS19,short sleeves,0.0,0.013073072
5247,67,SS19,long sleeve,0.0,0.0074689463
5211,80,SS19,culottes,0.0,0.005886905
5211,3,SS19,culottes,0.018867925,0.014203902
5317,81,SS19,short sleeves,0.0,0.009220168
5256,54,SS19,long sleeve,0.0,0.013766717
5112,23,SS19,doll dress,0.0,0.0085096285
5317,29,SS19,short sleeves,0.0,0.0059126467
5326,66,SS19,shorts,0.056603774,0.0064324215
5317,72,SS19,short sleeves,0.03773585,0.015233073
5317,83,SS19,short sleeves,0.018867925,0.014772616
5215,4,SS19,jumpsuit,0.03773585,0.014312897
5248,21,SS19,long sleeve,0.018867925,0.019419484
5105,10,SS19,doll dress,0.018867925,0.010575436
5248,95,SS19,long sleeve,0.0,0.00884679
5188,56,SS19,sleeveless,0.0,0.0050212145
4231,46,SS19,sleeveless,0.056603774,0.007333815
4231,16,SS19,sleeveless,0.018867925,0.011432119
4231,65,SS19,sleeveless,0.018867925,0.008913524
5247,4,SS19,long sleeve,0.0,0.036982276
5248,40,SS19,long sleeve,0.018867925,0.0030140914
5248,74,SS19,long sleeve,0.0,0.014357761
5317,67,SS19,short sleeves,0.018867925,0.029344302
5267,18,SS19,solid color top,0.0,0.020234633
5215,59,SS19,jumpsuit,0.0,0.013531029
5268,48,SS19,printed shirt,0.0,0.033347465
5267,48,SS19,solid color top,0.0,0.0056272447
5246,48,SS19,long sleeve,0.0,0.007796649
5247,68,SS19,long sleeve,0.0,0.008186191
5246,19,SS19,long sleeve,0.0,0.026083432
5246,66,SS19,long sleeve,0.0,0.012553241
5268,26,SS19,printed shirt,0.0,0.008955792
5330,104,SS19,short sleeves,0.03773585,0.011120804
5267,86,SS19,solid color top,0.0,0.016009264
5196,60,SS19,culottes,0.03773585,0.015154421
5246,31,SS19,long sleeve,0.0,0.009171877
5268,90,SS19,printed shirt,0.0,0.010496013
5312,18,SS19,sleeveless,0.0,0.016286906
5267,39,SS19,solid color top,0.018867925,0.020825956
5312,57,SS19,sleeveless,0.0,0.018623494
5256,40,SS19,long sleeve,0.018867925,0.0023934916
5202,0,SS19,long sleeve,0.018867925,0.005548507
5276,46,SS19,sleeveless,0.0,0.01131919
5267,3,SS19,solid color top,0.0,0.0190106
5267,22,SS19,solid color top,0.0,0.008341774
5194,93,SS19,long sleeve,0.0,0.012980279
5268,0,SS19,printed shirt,0.0,0.00795386
5268,8,SS19,printed shirt,0.0,0.010133427
5207,21,SS19,doll dress,0.0,0.008834153
5267,82,SS19,solid color top,0.018867925,0.012130797
4210,64,SS19,culottes,0.03773585,0.007813796
5256,9,SS19,long sleeve,0.0,0.0045837946
5194,60,SS19,long sleeve,0.018867925,0.009092033
5267,36,SS19,solid color top,0.0,0.01735603
5232,100,SS19,sleeveless,0.0,0.0094487
4209,60,SS19,culottes,0.0,0.007386517
5329,49,SS19,sleeveless,0.0,0.008960664
5310,7,SS19,short sleeves,0.0,0.008984007
5288,30,SS19,solid color top,0.0,0.01590117
5277,67,SS19,culottes,0.056603774,0.00584393
5277,0,SS19,culottes,0.0,0.034243006
5302,13,SS19,sleeveless,0.018867925,0.0046953782
5302,117,SS19,sleeveless,0.0,0.0049190186
5302,33,SS19,sleeveless,0.0,0.008946791
5277,102,SS19,culottes,0.03773585,0.0065654963
5277,64,SS19,culottes,0.03773585,0.012984112
5161,26,SS19,patterned top,0.0,0.0070868134
5161,36,SS19,patterned top,0.0,0.0055263676
5161,83,SS19,patterned top,0.0,0.020957846
5161,107,SS19,patterned top,0.0,0.006572485
5302,26,SS19,sleeveless,0.0,0.0050632507
5161,20,SS19,patterned top,0.0,0.0066221803
5277,61,SS19,culottes,0.0,0.016507998
5161,45,SS19,patterned top,0.0,0.00929122
5254,18,SS19,long dress,0.0,0.008971807
5161,19,SS19,patterned top,0.018867925,0.016530607
5161,15,SS19,patterned top,0.0,0.0056003258
5161,12,SS19,patterned top,0.0,0.012315065
5161,2,SS19,patterned top,0.0,0.005508147
5254,47,SS19,long dress,0.0,0.004438989
5254,12,SS19,long dress,0.0,0.0052548423
5305,77,SS19,long dress,0.0,0.0072750524
5316,117,SS19,culottes,0.0,0.035497136
5316,13,SS19,culottes,0.0,0.010017097
5305,47,SS19,long dress,0.0,0.0056552067
5316,3,SS19,culottes,0.0,0.0425178
5316,43,SS19,culottes,0.0,0.03948513
5161,22,SS19,patterned top,0.0,0.0050727166
5316,86,SS19,culottes,0.0,0.01713619
5277,101,SS19,culottes,0.018867925,0.01582513
5305,76,SS19,long dress,0.0,0.0046707317
5293,22,SS19,solid color top,0.0,0.011316888
4197,109,SS19,printed shirt,0.0,0.0074124783
5266,51,SS19,sleeveless,0.056603774,0.019227497
5122,104,SS19,solid color top,0.0,0.010537893
5122,21,SS19,solid color top,0.0,0.006129496
5266,10,SS19,sleeveless,0.0754717,0.010345243
5273,22,SS19,sleeveless,0.0754717,0.015289694
5122,53,SS19,solid color top,0.0,0.009765841
5273,19,SS19,sleeveless,0.0,0.015717477
5122,38,SS19,solid color top,0.0,0.012463726
5324,40,SS19,long sleeve,0.018867925,0.010803439
5324,47,SS19,long sleeve,0.0,0.0047009587
5324,22,SS19,long sleeve,0.0,0.0092136115
5277,24,SS19,culottes,0.0,0.01261133
5324,33,SS19,long sleeve,0.0,0.0076548234
5305,33,SS19,long dress,0.0,0.008481085
5305,22,SS19,long dress,0.0,0.012398988
5324,110,SS19,long sleeve,0.0,0.009565316
5324,80,SS19,long sleeve,0.0,0.012524366
5324,65,SS19,long sleeve,0.018867925,0.018240474
5293,3,SS19,solid color top,0.0,0.017214507
5277,62,SS19,culottes,0.0,0.019141886
5277,31,SS19,culottes,0.0754717,0.024999391
5324,7,SS19,long sleeve,0.0,0.006228078
5324,12,SS19,long sleeve,0.0,0.007872552
5293,15,SS19,solid color top,0.018867925,0.016520038
5277,39,SS19,culottes,0.056603774,0.015146576
5277,28,SS19,culottes,0.056603774,0.027328283
5305,93,SS19,long dress,0.0,0.0066766962
5316,79,SS19,culottes,0.03773585,0.03423437
5309,8,SS19,sleeveless,0.03773585,0.030278359
5293,2,SS19,solid color top,0.0,0.014520355
5309,33,SS19,sleeveless,0.03773585,0.021400176
5275,26,SS19,gitana skirt,0.0,0.007722188
5255,19,SS19,gitana skirt,0.0,0.0028960705
5255,94,SS19,gitana skirt,0.0,0.018666558
5314,36,SS19,gitana skirt,0.0,0.0068533123
5316,2,SS19,culottes,0.0,0.012604803
5314,82,SS19,gitana skirt,0.0,0.008161161
5316,62,SS19,culottes,0.0,0.023754157
5314,3,SS19,gitana skirt,0.018867925,0.0186251
5314,73,SS19,gitana skirt,0.0,0.0053735226
5314,80,SS19,gitana skirt,0.0,0.006449878
5314,66,SS19,gitana skirt,0.018867925,0.010619737
5314,2,SS19,gitana skirt,0.018867925,0.006391052
5309,22,SS19,sleeveless,0.0,0.02827067
5270,41,SS19,long dress,0.0,0.007689737
5253,82,SS19,long dress,0.018867925,0.023616593
5309,117,SS19,sleeveless,0.0,0.043815006
5309,13,SS19,sleeveless,0.0,0.039705716
5309,3,SS19,sleeveless,0.0,0.034762084
5309,43,SS19,sleeveless,0.018867925,0.03891193
5309,86,SS19,sleeveless,0.03773585,0.033662464
5309,14,SS19,sleeveless,0.11320755,0.045524094
5253,50,SS19,long dress,0.0,0.013503302
5253,84,SS19,long dress,0.018867925,0.0077112913
5253,49,SS19,long dress,0.0,0.018184286
5309,19,SS19,sleeveless,0.0,0.02693101
5309,66,SS19,sleeveless,0.0,0.015932783
5309,65,SS19,sleeveless,0.03773585,0.03588357
5270,64,SS19,long dress,0.0,0.010782324
5309,52,SS19,sleeveless,0.0,0.016506482
5309,76,SS19,sleeveless,0.0,0.028458819
5316,10,SS19,culottes,0.03773585,0.041899577
5275,85,SS19,gitana skirt,0.03773585,0.011303835
5255,14,SS19,gitana skirt,0.0,0.012661848
5253,57,SS19,long dress,0.0,0.009500388
5253,59,SS19,long dress,0.0,0.006693475
5309,18,SS19,sleeveless,0.0,0.01086361
5274,83,SS19,sleeveless,0.018867925,0.0045408085
5274,76,SS19,sleeveless,0.0,0.009694532
5309,46,SS19,sleeveless,0.0,0.015685327
5309,26,SS19,sleeveless,0.0,0.01204627
5309,81,SS19,sleeveless,0.018867925,0.020279158
5274,39,SS19,sleeveless,0.0,0.008230358
5316,19,SS19,culottes,0.0,0.018432364
5274,60,SS19,sleeveless,0.03773585,0.005110346
5274,19,SS19,sleeveless,0.0,0.004089147
5274,15,SS19,sleeveless,0.0,0.005467117
5309,74,SS19,sleeveless,0.0,0.012300909
5309,53,SS19,sleeveless,0.0,0.048571076
5309,32,SS19,sleeveless,0.018867925,0.025174465
5309,67,SS19,sleeveless,0.0,0.018016554
5309,85,SS19,sleeveless,0.0,0.016556151
5316,66,SS19,culottes,0.0,0.0095544085
5316,65,SS19,culottes,0.0,0.024448767
5253,4,SS19,long dress,0.0,0.01862371
5275,36,SS19,gitana skirt,0.0,0.008015115
5253,0,SS19,long dress,0.018867925,0.011873864
5291,24,SS19,solid color top,0.056603774,0.019753352
5309,20,SS19,sleeveless,0.0,0.020268012
5169,0,SS19,jumpsuit,0.018867925,0.011839334
3929,11,SS19,printed shirt,0.0,0.0060152523
5298,2,SS19,long cardigan,0.0,0.028713834
5305,20,SS19,long dress,0.0,0.0051985607
5324,29,SS19,long sleeve,0.018867925,0.008054305
5298,10,SS19,long cardigan,0.0,0.015581213
5275,75,SS19,gitana skirt,0.0,0.010518774
5275,19,SS19,gitana skirt,0.0,0.006685529
5322,15,SS19,long dress,0.0,0.0067961365
5275,2,SS19,gitana skirt,0.056603774,0.011669084
5322,2,SS19,long dress,0.0,0.014123429
5322,54,SS19,long dress,0.018867925,0.013601676
5278,36,SS19,long sleeve,0.0,0.009884924
5322,30,SS19,long dress,0.0,0.010638598
5323,36,SS19,drop sleeve,0.0,0.0125528835
5278,67,SS19,long sleeve,0.0,0.0056189783
5278,109,SS19,long sleeve,0.0,0.015131954
5323,26,SS19,drop sleeve,0.0,0.016149338
5278,51,SS19,long sleeve,0.018867925,0.010962822
5322,31,SS19,long dress,0.0,0.02072227
5323,46,SS19,drop sleeve,0.03773585,0.009354796
5278,76,SS19,long sleeve,0.0,0.013510667
5323,8,SS19,drop sleeve,0.0,0.010928646
5278,22,SS19,long sleeve,0.0,0.0056130774
5278,33,SS19,long sleeve,0.018867925,0.012415942
5323,57,SS19,drop sleeve,0.0,0.0073504746
5285,100,SS19,solid color top,0.018867925,0.0101239495
5228,7,SS19,sleeveless,0.0,0.009951197
5228,30,SS19,sleeveless,0.0,0.009803608
5285,18,SS19,solid color top,0.018867925,0.0075331107
5285,90,SS19,solid color top,0.0,0.0021562725
5227,10,SS19,sleeveless,0.0,0.004455574
5227,30,SS19,sleeveless,0.0,0.005619012
5285,82,SS19,solid color top,0.0,0.011295706
5228,36,SS19,sleeveless,0.0,0.022146404
5298,40,SS19,long cardigan,0.018867925,0.012809768
5305,110,SS19,long dress,0.0,0.0073657334
5322,66,SS19,long dress,0.0,0.008281019
5322,3,SS19,long dress,0.0,0.010549523
4233,41,SS19,solid color top,0.0,0.007678412
5322,110,SS19,long dress,0.018867925,0.020042703
5316,76,SS19,culottes,0.0,0.012527056
5322,9,SS19,long dress,0.0,0.00713221
5149,46,SS19,capris,0.0,0.009166576
5322,73,SS19,long dress,0.0,0.01405178
5243,50,SS19,shorts,0.0,0.006705422
5243,19,SS19,shorts,0.0,0.00677529
5243,12,SS19,shorts,0.0,0.0044438615
5322,43,SS19,long dress,0.0,0.02680964
5322,14,SS19,long dress,0.03773585,0.011973508
5322,75,SS19,long dress,0.0,0.014245503
5323,35,SS19,drop sleeve,0.018867925,0.0065638125
5305,48,SS19,long dress,0.0,0.0061044395
5305,43,SS19,long dress,0.0,0.006963808
5245,90,SS19,culottes,0.03773585,0.016480252
5305,39,SS19,long dress,0.018867925,0.0044731684
5245,0,SS19,culottes,0.0,0.019858398
5298,100,SS19,long cardigan,0.0,0.011092115
5245,44,SS19,culottes,0.0,0.026532337
5305,73,SS19,long dress,0.0,0.006859336
5316,22,SS19,culottes,0.0,0.026716378
5305,9,SS19,long dress,0.0,0.0067559406
5149,13,SS19,capris,0.0,0.010788195
5298,0,SS19,long cardigan,0.018867925,0.014227826
5316,33,SS19,culottes,0.018867925,0.023432907
5322,19,SS19,long dress,0.0,0.0074057654
5208,24,SS19,patterned top,0.0,0.0267885
5302,65,SS19,sleeveless,0.0,0.010163285
5302,43,SS19,sleeveless,0.0,0.004923232
5302,3,SS19,sleeveless,0.018867925,0.018621452
5249,75,SS19,culottes,0.018867925,0.013487861
5249,54,SS19,culottes,0.018867925,0.003906369
5305,16,SS19,long dress,0.0,0.006367989
5251,59,SS19,culottes,0.018867925,0.011669084
5298,79,SS19,long cardigan,0.03773585,0.013694983
5284,20,SS19,long dress,0.0,0.012100972
5284,13,SS19,long dress,0.0,0.009678505
5284,16,SS19,long dress,0.0,0.009753302
5298,75,SS19,long cardigan,0.018867925,0.018597066
5298,19,SS19,long cardigan,0.018867925,0.011251748
5250,36,SS19,long dress,0.018867925,0.0145394765
5250,40,SS19,long dress,0.018867925,0.0066951886
5298,66,SS19,long cardigan,0.0,0.01203762
5249,73,SS19,culottes,0.0,0.0062379353
5251,36,SS19,culottes,0.03773585,0.007934563
5250,14,SS19,long dress,0.0,0.007360272
5250,19,SS19,long dress,0.018867925,0.024106104
5266,63,SS19,sleeveless,0.0,0.014832258
5266,95,SS19,sleeveless,0.0,0.022048064
5305,13,SS19,long dress,0.0,0.008728638
5298,94,SS19,long cardigan,0.0,0.014534369
5266,18,SS19,sleeveless,0.018867925,0.011212282
5298,65,SS19,long cardigan,0.0,0.026256591
5251,9,SS19,culottes,0.0,0.023153163
5251,80,SS19,culottes,0.0,0.0053953305
5251,43,SS19,culottes,0.018867925,0.009055786
5298,31,SS19,long cardigan,0.0,0.018170051
5298,7,SS19,long cardigan,0.0,0.023786183
5250,3,SS19,long dress,0.018867925,0.009832256
5298,110,SS19,long cardigan,0.094339624,0.0060055777
5298,3,SS19,long cardigan,0.0,0.037464738
5274,104,SS19,sleeveless,0.0,0.009424619
5298,83,SS19,long cardigan,0.03773585,0.027868485
5285,48,SS19,solid color top,0.0,0.009054899
5286,69,SS19,shorts,0.0,0.008720215
5298,1,SS19,long cardigan,0.0,0.005211238
5298,68,SS19,long cardigan,0.018867925,0.010113414
5298,51,SS19,long cardigan,0.0,0.014436685
5275,22,SS19,gitana skirt,0.018867925,0.012682311
5275,76,SS19,gitana skirt,0.018867925,0.013495222
5255,95,SS19,gitana skirt,0.018867925,0.016372394
5255,46,SS19,gitana skirt,0.0,0.008645713
5275,82,SS19,gitana skirt,0.0,0.009468883
5298,24,SS19,long cardigan,0.0,0.010132894
5255,26,SS19,gitana skirt,0.0,0.0055523515
4221,27,SS19,culottes,0.0,0.016304072
4203,95,SS19,printed shirt,0.018867925,0.006106995
5255,68,SS19,gitana skirt,0.0,0.00937333
5255,76,SS19,gitana skirt,0.0,0.011007436
5255,45,SS19,gitana skirt,0.0,0.008817717
5126,48,SS19,culottes,0.0,0.04900156
5298,45,SS19,long cardigan,0.018867925,0.009850044
5126,32,SS19,culottes,0.03773585,0.010384545
5298,22,SS19,long cardigan,0.0,0.014522433
5298,33,SS19,long cardigan,0.0,0.013860047
5249,0,SS19,culottes,0.0,0.0102144405
5249,40,SS19,culottes,0.018867925,0.014120385
5298,16,SS19,long cardigan,0.0,0.011371061
5249,101,SS19,culottes,0.0,0.014995314
5298,5,SS19,long cardigan,0.0,0.008022312
5249,22,SS19,culottes,0.0,0.0097839385
5278,66,SS19,long sleeve,0.03773585,0.01606986
5245,72,SS19,culottes,0.018867925,0.017608665
5309,10,SS19,sleeveless,0.03773585,0.043266125
5309,2,SS19,sleeveless,0.0,0.01073093
5295,8,SS19,jumpsuit,0.0,0.0103441775
5297,51,SS19,long dress,0.0,0.024487205
5295,104,SS19,jumpsuit,0.03773585,0.017443031
5295,64,SS19,jumpsuit,0.0,0.0092353225
5295,41,SS19,jumpsuit,0.018867925,0.009774163
5280,28,SS19,solid color top,0.0,0.0041334555
5304,2,SS19,long dress,0.03773585,0.013948515
5279,45,SS19,doll dress,0.0,0.0065861307
5280,31,SS19,solid color top,0.0,0.0074024275
5264,20,SS19,solid color top,0.0,0.0040766373
5264,45,SS19,solid color top,0.0,0.0056194104
5264,22,SS19,solid color top,0.0,0.009281434
5235,22,SS19,gitana skirt,0.018867925,0.010019496
5264,31,SS19,solid color top,0.0,0.005110465
5304,10,SS19,long dress,0.0,0.00810352
5304,7,SS19,long dress,0.018867925,0.0066275
5279,16,SS19,doll dress,0.0,0.024219658
5235,110,SS19,gitana skirt,0.0,0.006647587
5279,3,SS19,doll dress,0.0,0.023430113
5297,67,SS19,long dress,0.0,0.009571526
5279,73,SS19,doll dress,0.0,0.015364461
5297,69,SS19,long dress,0.03773585,0.012595259
5264,9,SS19,solid color top,0.0,0.0090864785
5304,94,SS19,long dress,0.0,0.013402097
5297,76,SS19,long dress,0.056603774,0.013337143
5295,36,SS19,jumpsuit,0.0,0.008324325
5295,28,SS19,jumpsuit,0.0,0.0053431764
5295,16,SS19,jumpsuit,0.0,0.013470825
5295,13,SS19,jumpsuit,0.018867925,0.0081866495
5235,51,SS19,gitana skirt,0.0,0.014945485
5295,33,SS19,jumpsuit,0.0,0.009605736
5280,36,SS19,solid color top,0.0,0.006461948
5295,24,SS19,jumpsuit,0.0,0.012004647
5280,35,SS19,solid color top,0.0,0.0047961175
5295,77,SS19,jumpsuit,0.018867925,0.010734506
5295,1,SS19,jumpsuit,0.0,0.007412471
5295,47,SS19,jumpsuit,0.0,0.014487907
5235,39,SS19,gitana skirt,0.018867925,0.009636208
5295,26,SS19,jumpsuit,0.0,0.015968468
5280,53,SS19,solid color top,0.0,0.0065933615
5297,33,SS19,long dress,0.0,0.013734043
5280,101,SS19,solid color top,0.0,0.0058181137
5280,50,SS19,solid color top,0.0,0.008731097
5197,95,SS19,short sleeves,0.0,0.0053012073
5297,22,SS19,long dress,0.0,0.009531774
5197,80,SS19,short sleeves,0.0,0.0051284507
5295,82,SS19,jumpsuit,0.0,0.008414023
5297,52,SS19,long dress,0.018867925,0.014930386
5295,67,SS19,jumpsuit,0.0,0.008100476
5295,53,SS19,jumpsuit,0.018867925,0.013181247
5295,81,SS19,jumpsuit,0.0,0.009702366
5279,47,SS19,doll dress,0.0,0.010576181
5297,35,SS19,long dress,0.0,0.0137065165
5297,81,SS19,long dress,0.018867925,0.015059158
5297,36,SS19,long dress,0.0,0.008132055
5303,93,SS19,long dress,0.0,0.007801309
5270,30,SS19,long dress,0.018867925,0.010675643
5297,41,SS19,long dress,0.0,0.0103846565
5093,101,SS19,culottes,0.0,0.01056546
5242,54,SS19,printed shirt,0.0,0.007667493
5270,19,SS19,long dress,0.0,0.018449798
5303,18,SS19,long dress,0.0,0.0040766373
5303,45,SS19,long dress,0.0,0.0053746104
5270,75,SS19,long dress,0.03773585,0.022046778
5303,26,SS19,long dress,0.0,0.006567776
5279,10,SS19,doll dress,0.0,0.017300077
5279,49,SS19,doll dress,0.018867925,0.019104026
5270,73,SS19,long dress,0.0,0.011121586
5304,29,SS19,long dress,0.0,0.005626142
5270,9,SS19,long dress,0.0,0.011783715
5270,56,SS19,long dress,0.018867925,0.017155595
5270,16,SS19,long dress,0.0,0.013880402
5270,117,SS19,long dress,0.0,0.004787676
5270,50,SS19,long dress,0.018867925,0.007896874
5310,36,SS19,short sleeves,0.0,0.0077109337
5270,22,SS19,long dress,0.0,0.016917542
5310,18,SS19,short sleeves,0.0,0.005442433
5303,24,SS19,long dress,0.0,0.004242461
5270,51,SS19,long dress,0.018867925,0.016023993
5279,65,SS19,doll dress,0.0,0.011978481
5279,66,SS19,doll dress,0.018867925,0.026121777
5286,80,SS19,shorts,0.0,0.006686721
5286,81,SS19,shorts,0.0,0.005939789
5279,7,SS19,doll dress,0.0,0.011796016
5310,67,SS19,short sleeves,0.0,0.024274126
5297,29,SS19,long dress,0.0,0.010601468
5310,85,SS19,short sleeves,0.0,0.011792347
5279,39,SS19,doll dress,0.0,0.009237863
5297,26,SS19,long dress,0.0,0.018326554
5297,46,SS19,long dress,0.0,0.010442272
5279,43,SS19,doll dress,0.0,0.007673256
5310,2,SS19,short sleeves,0.0,0.015017368
5310,65,SS19,short sleeves,0.018867925,0.011194091
5310,66,SS19,short sleeves,0.0,0.00766588
5242,117,SS19,printed shirt,0.0,0.01635801
5242,5,SS19,printed shirt,0.0,0.0149021
5297,8,SS19,long dress,0.0,0.019937813
5242,3,SS19,printed shirt,0.0,0.013272189
5242,14,SS19,printed shirt,0.0,0.009371076
5305,41,SS19,long dress,0.0,0.0059021153
5297,100,SS19,long dress,0.018867925,0.013626784
5310,14,SS19,short sleeves,0.0,0.008765928
5304,35,SS19,long dress,0.0,0.016671099
5310,43,SS19,short sleeves,0.0,0.010636315
5310,73,SS19,short sleeves,0.0,0.01115495
5310,3,SS19,short sleeves,0.018867925,0.0054257736
5303,66,SS19,long dress,0.0,0.0046486855
5304,46,SS19,long dress,0.0,0.015571013
5304,18,SS19,long dress,0.0,0.0066664144
5242,48,SS19,printed shirt,0.0,0.0080811195
5310,33,SS19,short sleeves,0.0,0.011046331
5242,66,SS19,printed shirt,0.0,0.0058099627
5303,39,SS19,long dress,0.0,0.008808017
5242,65,SS19,printed shirt,0.0,0.011522427
5295,3,SS19,jumpsuit,0.0,0.019982297
4204,35,SS19,culottes,0.0,0.014749244
5295,73,SS19,jumpsuit,0.0,0.011749014
5295,43,SS19,jumpsuit,0.0,0.0062990636
5307,77,SS19,jumpsuit,0.0,0.009667389
5225,82,SS19,capris,0.0,0.0083954
5307,20,SS19,jumpsuit,0.0,0.004483126
5307,85,SS19,jumpsuit,0.0,0.004562676
5225,50,SS19,capris,0.03773585,0.01522854
5307,36,SS19,jumpsuit,0.0,0.0044145733
5225,117,SS19,capris,0.0,0.011559881
5236,110,SS19,gitana skirt,0.0,0.016360998
5315,0,SS19,solid color top,0.0,0.029043365
5225,110,SS19,capris,0.018867925,0.013734072
5225,65,SS19,capris,0.0,0.023737669
5307,26,SS19,jumpsuit,0.018867925,0.011802167
5270,100,SS19,long dress,0.0,0.006493125
5237,80,SS19,gitana skirt,0.0,0.006796114
5315,18,SS19,solid color top,0.018867925,0.0078843385
5307,18,SS19,jumpsuit,0.0,0.009500567
5307,8,SS19,jumpsuit,0.0,0.0076997504
5270,63,SS19,long dress,0.0,0.010823164
5307,57,SS19,jumpsuit,0.0,0.007936984
5270,59,SS19,long dress,0.0,0.014313471
5270,4,SS19,long dress,0.0,0.017913196
5297,2,SS19,long dress,0.018867925,0.011976175
5315,42,SS19,solid color top,0.018867925,0.008000843
5315,20,SS19,solid color top,0.0,0.012540974
5315,75,SS19,solid color top,0.0,0.017260581
5315,19,SS19,solid color top,0.0,0.040253554
5297,10,SS19,long dress,0.0,0.023184448
5225,54,SS19,capris,0.0,0.010290768
5315,69,SS19,solid color top,0.018867925,0.024480265
5297,7,SS19,long dress,0.018867925,0.019053988
5225,107,SS19,capris,0.0,0.011509266
5240,10,SS19,long sleeve,0.0,0.0112765655
5272,69,SS19,shorts,0.0,0.01133623
5130,43,SS19,culottes,0.0,0.0042370968
5272,90,SS19,shorts,0.0,0.0046565533
5159,35,SS19,culottes,0.03773585,0.012742065
5286,12,SS19,shorts,0.0,0.008120842
5275,29,SS19,gitana skirt,0.0,0.013064198
5275,41,SS19,gitana skirt,0.0,0.009498902
5159,69,SS19,culottes,0.0,0.010056913
5286,10,SS19,shorts,0.0,0.005070824
5159,45,SS19,culottes,0.018867925,0.009177811
5286,31,SS19,shorts,0.0,0.017692618
5286,14,SS19,shorts,0.0,0.005977221
5286,43,SS19,shorts,0.0,0.0066125914
5240,2,SS19,long sleeve,0.018867925,0.013709776
5159,56,SS19,culottes,0.0,0.0060227886
5159,66,SS19,culottes,0.056603774,0.005465701
5307,30,SS19,jumpsuit,0.0,0.015197065
5307,2,SS19,jumpsuit,0.0,0.0046718195
5307,10,SS19,jumpsuit,0.03773585,0.0046914443
5307,49,SS19,jumpsuit,0.0,0.0073394105
5307,15,SS19,jumpsuit,0.0,0.005134344
5307,14,SS19,jumpsuit,0.0,0.006848857
5307,43,SS19,jumpsuit,0.0,0.0072026923
5307,80,SS19,jumpsuit,0.0,0.0047851577
5307,3,SS19,jumpsuit,0.0,0.013460472
5240,67,SS19,long sleeve,0.0,0.016860262
5225,26,SS19,capris,0.0,0.012956392
5240,56,SS19,long sleeve,0.018867925,0.0052858964
5286,39,SS19,shorts,0.0,0.009287022
5305,82,SS19,long dress,0.018867925,0.007837974
5297,15,SS19,long dress,0.0,0.03479345
5306,26,SS19,solid color top,0.03773585,0.01143986
5305,18,SS19,long dress,0.0,0.010584775
5305,59,SS19,long dress,0.0,0.005602207
5279,4,SS19,doll dress,0.0,0.020017825
5270,72,SS19,long dress,0.0,0.013692949
5270,82,SS19,long dress,0.0,0.015805803
5136,4,SS19,jumpsuit,0.0,0.008597724
5295,30,SS19,jumpsuit,0.018867925,0.0050615296
5295,2,SS19,jumpsuit,0.03773585,0.011846028
5305,63,SS19,long dress,0.0,0.0059457794
5279,40,SS19,doll dress,0.0,0.008891918
5297,16,SS19,long dress,0.0,0.022341788
5279,74,SS19,doll dress,0.0,0.00622366
5297,13,SS19,long dress,0.0,0.010521516
5235,29,SS19,gitana skirt,0.0,0.024264872
5242,68,SS19,printed shirt,0.0,0.008730553
5242,22,SS19,printed shirt,0.0,0.0048744194
5242,93,SS19,printed shirt,0.0,0.011016697
5242,50,SS19,printed shirt,0.03773585,0.028749429
5280,46,SS19,solid color top,0.0,0.0053851083
5305,104,SS19,long dress,0.0,0.0055563897
5295,49,SS19,jumpsuit,0.018867925,0.012971923
5279,107,SS19,doll dress,0.0,0.022596825
5295,66,SS19,jumpsuit,0.018867925,0.013717312
5235,30,SS19,gitana skirt,0.03773585,0.012385529
5295,75,SS19,jumpsuit,0.0,0.0062072426
5280,26,SS19,solid color top,0.0,0.0041141137
5295,14,SS19,jumpsuit,0.0,0.00555747
5185,24,SS19,culottes,0.0,0.0050175413
5242,24,SS19,printed shirt,0.0,0.010833416
5209,42,SS19,patterned top,0.0,0.016124144
5209,101,SS19,patterned top,0.0,0.009485651
5185,83,SS19,culottes,0.018867925,0.007632982
5297,65,SS19,long dress,0.0,0.013888232
5321,100,SS19,solid color top,0.0,0.006071225
5321,18,SS19,solid color top,0.0,0.008196548
5270,18,SS19,long dress,0.0,0.01827491
5305,72,SS19,long dress,0.0,0.008026574
5321,93,SS19,solid color top,0.0,0.0049350113
5321,66,SS19,solid color top,0.0,0.009482533
5288,107,SS19,solid color top,0.018867925,0.009309754
5305,67,SS19,long dress,0.0,0.011584647
5189,24,SS19,culottes,0.0,0.0055693686
5288,50,SS19,solid color top,0.0,0.008172393
5288,5,SS19,solid color top,0.0,0.009851836
5288,86,SS19,solid color top,0.0,0.0054858066
5242,100,SS19,printed shirt,0.0,0.0124641955
5288,75,SS19,solid color top,0.0,0.0073957443
5242,63,SS19,printed shirt,0.0,0.018127725
5242,8,SS19,printed shirt,0.0,0.008893933
5242,0,SS19,printed shirt,0.0,0.011027683
5242,26,SS19,printed shirt,0.0,0.008627523
5242,53,SS19,printed shirt,0.0,0.011940442
5242,67,SS19,printed shirt,0.0,0.008284807
5242,101,SS19,printed shirt,0.0,0.007436566
5185,104,SS19,culottes,0.0,0.01003997
5297,66,SS19,long dress,0.018867925,0.016798045
5185,59,SS19,culottes,0.0,0.010364927
5297,19,SS19,long dress,0.0,0.02099197
5270,53,SS19,long dress,0.018867925,0.010577381
5236,12,SS19,gitana skirt,0.0,0.011998314
5097,48,SS19,doll dress,0.0,0.004165124
5295,39,SS19,jumpsuit,0.0,0.006957002
5322,99,SS19,long dress,0.0,0.0071113594
5285,10,SS19,solid color top,0.018867925,0.01795344
5286,5,SS19,shorts,0.0,0.006173793
5147,2,SS19,capris,0.0,0.004944369
5305,94,SS19,long dress,0.0,0.0062184557
5111,46,SS19,short sleeves,0.018867925,0.011754699
5147,10,SS19,capris,0.0,0.005539704
5316,100,SS19,culottes,0.0,0.008713808
5147,65,SS19,capris,0.0,0.0068462715
5294,81,SS19,shorts,0.0,0.0071227625
5147,60,SS19,capris,0.0,0.017210916
5208,95,SS19,patterned top,0.03773585,0.011111066
5287,75,SS19,shorts,0.0,0.015114453
5226,67,SS19,culottes,0.03773585,0.006395921
5316,8,SS19,culottes,0.0,0.011990607
5300,20,SS19,culottes,0.0,0.0062425584
5294,26,SS19,shorts,0.0,0.0048632286
5300,47,SS19,culottes,0.0,0.005425602
5300,68,SS19,culottes,0.0,0.006443657
5294,46,SS19,shorts,0.0,0.010740414
5327,18,SS19,patterned top,0.0,0.005112827
5300,77,SS19,culottes,0.018867925,0.009103164
5327,74,SS19,patterned top,0.0,0.008850925
5300,42,SS19,culottes,0.018867925,0.0059653297
5300,51,SS19,culottes,0.018867925,0.0062839426
5316,41,SS19,culottes,0.0,0.019816417
5305,31,SS19,long dress,0.0,0.010123614
5252,22,SS19,culottes,0.03773585,0.0114036985
5300,95,SS19,culottes,0.0,0.018470127
5252,68,SS19,culottes,0.0,0.0070485175
5294,74,SS19,shorts,0.0,0.0049632713
5300,18,SS19,culottes,0.0,0.009949841
5300,46,SS19,culottes,0.0,0.0079972595
5300,26,SS19,culottes,0.0,0.0069952533
5300,36,SS19,culottes,0.0,0.006599799
5300,74,SS19,culottes,0.0,0.006521806
5226,90,SS19,culottes,0.018867925,0.014824137
5300,32,SS19,culottes,0.0,0.006406106
5252,46,SS19,culottes,0.0,0.010085292
5294,69,SS19,shorts,0.056603774,0.028723098
5287,50,SS19,shorts,0.0,0.015054036
5305,30,SS19,long dress,0.0,0.008301355
5305,2,SS19,long dress,0.0,0.0058035776
5260,15,SS19,culottes,0.0,0.011261366
5305,10,SS19,long dress,0.0,0.0056188144
5260,94,SS19,culottes,0.03773585,0.0045374334
5287,43,SS19,shorts,0.0,0.008597162
5252,83,SS19,culottes,0.018867925,0.004531365
5327,67,SS19,patterned top,0.0,0.008972928
5300,76,SS19,culottes,0.0,0.01663692
5294,18,SS19,shorts,0.0,0.005459167
5328,101,SS19,patterned top,0.0,0.012092106
5328,1,SS19,patterned top,0.0,0.004282724
5328,68,SS19,patterned top,0.0,0.0054367036
5258,73,SS19,culottes,0.0,0.0075036176
5328,3,SS19,patterned top,0.0,0.015026227
5328,80,SS19,patterned top,0.0,0.0046900213
5328,43,SS19,patterned top,0.0,0.008188307
5300,5,SS19,culottes,0.0,0.014091704
5258,110,SS19,culottes,0.018867925,0.003906369
5258,94,SS19,culottes,0.0,0.010075256
5226,82,SS19,culottes,0.0,0.00983762
5316,46,SS19,culottes,0.0,0.016298488
5316,26,SS19,culottes,0.0,0.022526313
5300,6,SS19,culottes,0.0,0.01315555
5300,110,SS19,culottes,0.018867925,0.010601886
5258,83,SS19,culottes,0.0,0.013034768
5300,9,SS19,culottes,0.0,0.005547717
5300,39,SS19,culottes,0.0,0.013235182
5294,100,SS19,shorts,0.0,0.0044983327
5226,68,SS19,culottes,0.0,0.011373296
5300,3,SS19,culottes,0.0,0.005850464
5316,18,SS19,culottes,0.0,0.011318725
5328,69,SS19,patterned top,0.0,0.00564567
5258,31,SS19,culottes,0.018867925,0.015796207
5260,101,SS19,culottes,0.018867925,0.017786223
5327,51,SS19,patterned top,0.0,0.0072209984
5327,22,SS19,patterned top,0.0,0.0065833405
5327,13,SS19,patterned top,0.0,0.013402097
5300,22,SS19,culottes,0.0,0.023755163
5327,80,SS19,patterned top,0.0,0.010580845
5313,66,SS19,shorts,0.018867925,0.005761355
5300,33,SS19,culottes,0.0,0.0056622177
5300,50,SS19,culottes,0.018867925,0.0077819526
5260,36,SS19,culottes,0.018867925,0.009596091
5226,107,SS19,culottes,0.018867925,0.0049683265
5258,54,SS19,culottes,0.0,0.009067126
5208,4,SS19,patterned top,0.0,0.014557928
5300,16,SS19,culottes,0.0,0.010518469
5327,19,SS19,patterned top,0.0,0.0052611753
5258,10,SS19,culottes,0.0,0.004662268
5328,104,SS19,patterned top,0.018867925,0.007728003
5328,21,SS19,patterned top,0.0,0.005250454
5328,4,SS19,patterned top,0.0,0.016407989
5300,28,SS19,culottes,0.018867925,0.022948928
5328,26,SS19,patterned top,0.0,0.01624038
5252,3,SS19,culottes,0.018867925,0.008952133
5311,30,SS19,jumpsuit,0.0,0.025345143
5301,59,SS19,short sleeves,0.018867925,0.0063687935
5301,51,SS19,short sleeves,0.0,0.0161618
5311,27,SS19,jumpsuit,0.0,0.023923047
5300,44,SS19,culottes,0.0,0.005217083
5300,64,SS19,culottes,0.0,0.02112206
5311,47,SS19,jumpsuit,0.0,0.019633878
5318,5,SS19,jumpsuit,0.0,0.0057623573
5318,99,SS19,jumpsuit,0.0,0.0068186
5300,23,SS19,culottes,0.03773585,0.014438048
5318,16,SS19,jumpsuit,0.0,0.007614948
5115,4,SS19,culottes,0.0,0.0070868134
5300,25,SS19,culottes,0.018867925,0.031020973
5318,117,SS19,jumpsuit,0.018867925,0.014562763
5318,76,SS19,jumpsuit,0.018867925,0.011002041
5318,68,SS19,jumpsuit,0.0,0.008567687
5294,65,SS19,shorts,0.0,0.00786943
5318,47,SS19,jumpsuit,0.0,0.009190448
5259,12,SS19,patterned top,0.0,0.027315058
5294,66,SS19,shorts,0.0,0.0046472102
5311,22,SS19,jumpsuit,0.03773585,0.036295008
5259,5,SS19,patterned top,0.018867925,0.011741906
5318,50,SS19,jumpsuit,0.0,0.014964692
5318,80,SS19,jumpsuit,0.0,0.0196474
5318,43,SS19,jumpsuit,0.0,0.014998488
5318,86,SS19,jumpsuit,0.0,0.022766829
5294,12,SS19,shorts,0.0,0.00843836
5311,4,SS19,jumpsuit,0.0,0.02582246
5311,8,SS19,jumpsuit,0.018867925,0.011746757
5311,36,SS19,jumpsuit,0.0,0.021613196
5311,59,SS19,jumpsuit,0.03773585,0.018594772
4173,48,SS19,short sleeves,0.018867925,0.008744307
5311,21,SS19,jumpsuit,0.0,0.014472924
5300,4,SS19,culottes,0.0,0.014766887
5311,44,SS19,jumpsuit,0.0,0.0065540634
5311,57,SS19,jumpsuit,0.0,0.015187055
5311,53,SS19,jumpsuit,0.0,0.01483573
5318,54,SS19,jumpsuit,0.0,0.0116882585
5318,31,SS19,jumpsuit,0.018867925,0.010383777
5318,65,SS19,jumpsuit,0.0,0.006571442
5311,32,SS19,jumpsuit,0.018867925,0.03656045
5318,84,SS19,jumpsuit,0.0,0.0077027977
5318,19,SS19,jumpsuit,0.0,0.007928751
5300,59,SS19,culottes,0.0,0.0112201385
4226,68,SS19,short sleeves,0.0,0.010782599
5311,107,SS19,jumpsuit,0.056603774,0.01586856
5311,82,SS19,jumpsuit,0.0,0.016906511
5318,85,SS19,jumpsuit,0.0,0.01005391
5258,23,SS19,culottes,0.0,0.008374877
5318,81,SS19,jumpsuit,0.0,0.010644205
5132,26,SS19,maxi,0.0,0.026130214
5299,93,SS19,short sleeves,0.0,0.011816312
5299,40,SS19,short sleeves,0.0,0.007743232
5287,83,SS19,shorts,0.0,0.018252183
5299,69,SS19,short sleeves,0.0,0.0056231953
5294,13,SS19,shorts,0.0,0.00455207
5311,43,SS19,jumpsuit,0.056603774,0.029789273
5311,86,SS19,jumpsuit,0.0,0.032369126
5311,14,SS19,jumpsuit,0.0,0.0194094
5299,14,SS19,short sleeves,0.0,0.012751568
5311,75,SS19,jumpsuit,0.018867925,0.025695834
5226,8,SS19,culottes,0.0,0.014549445
5311,84,SS19,jumpsuit,0.0,0.009489164
5226,18,SS19,culottes,0.0,0.008083582
5301,10,SS19,short sleeves,0.0,0.015355684
5311,65,SS19,jumpsuit,0.0,0.016601399
5193,8,SS19,long dress,0.0,0.004490163
5301,14,SS19,short sleeves,0.018867925,0.0056286417
5311,31,SS19,jumpsuit,0.0754717,0.026222542
5311,19,SS19,jumpsuit,0.0,0.036424737
5245,77,SS19,culottes,0.0,0.0101723
5259,82,SS19,patterned top,0.018867925,0.01643829
5132,50,SS19,maxi,0.0,0.0072367117
5318,0,SS19,jumpsuit,0.0,0.025189713
5318,4,SS19,jumpsuit,0.018867925,0.016327798
5311,93,SS19,jumpsuit,0.056603774,0.037950754
5318,8,SS19,jumpsuit,0.0,0.010013774
5318,100,SS19,jumpsuit,0.018867925,0.0071838684
5318,21,SS19,jumpsuit,0.018867925,0.018032108
5294,43,SS19,shorts,0.0,0.006115541
5311,13,SS19,jumpsuit,0.018867925,0.026781067
5144,102,SS19,maxi,0.0,0.009132236
5294,5,SS19,shorts,0.0,0.013191022
5318,57,SS19,jumpsuit,0.0,0.01721657
5311,28,SS19,jumpsuit,0.0,0.014660593
5318,29,SS19,jumpsuit,0.0,0.010226522
5311,99,SS19,jumpsuit,0.018867925,0.027805382
5318,41,SS19,jumpsuit,0.0,0.0072516203
5311,3,SS19,jumpsuit,0.0,0.046006866
5259,51,SS19,patterned top,0.0,0.012091935
5311,6,SS19,jumpsuit,0.0,0.029937165
5259,20,SS19,patterned top,0.0,0.0058781877
5287,45,SS19,shorts,0.0,0.008506801
5318,46,SS19,jumpsuit,0.0,0.038933627
5226,51,SS19,culottes,0.056603774,0.009875946
5328,90,SS19,patterned top,0.0,0.012829635
5311,18,SS19,jumpsuit,0.0,0.016964301
5146,19,SS19,culottes,0.0,0.0051817894
5146,75,SS19,culottes,0.03773585,0.021851778
5283,35,SS19,shorts,0.0,0.0056278333
5198,27,SS19,culottes,0.018867925,0.00631281
5198,42,SS19,culottes,0.0,0.010186836
5272,3,SS19,shorts,0.0,0.0056316964
5313,36,SS19,shorts,0.0,0.01664088
5272,5,SS19,shorts,0.0,0.006214466
5300,31,SS19,culottes,0.0,0.012759086
5316,51,SS19,culottes,0.0,0.022440817
5322,38,SS19,long dress,0.03773585,0.019647721
5198,43,SS19,culottes,0.0,0.00844207
5313,100,SS19,shorts,0.0,0.0040862896
5322,25,SS19,long dress,0.0,0.019160565
5283,69,SS19,shorts,0.018867925,0.011571664
5300,15,SS19,culottes,0.0,0.038019486
5322,77,SS19,long dress,0.0,0.020100974
5313,69,SS19,shorts,0.0,0.0074886493
5292,15,SS19,drop sleeve,0.0,0.017629005
5292,7,SS19,drop sleeve,0.0,0.015714582
5322,26,SS19,long dress,0.0,0.015744403
5322,81,SS19,long dress,0.0,0.0107734725
5245,62,SS19,culottes,0.018867925,0.019419484
5245,10,SS19,culottes,0.018867925,0.008889183
5245,60,SS19,culottes,0.0754717,0.007786989
5322,32,SS19,long dress,0.018867925,0.017184433
5272,14,SS19,shorts,0.0,0.0044073015
5245,79,SS19,culottes,0.094339624,0.0054101497
5243,67,SS19,shorts,0.0,0.0055371933
5300,65,SS19,culottes,0.0,0.005112365
5198,72,SS19,culottes,0.018867925,0.00563021
5322,76,SS19,long dress,0.0,0.01003287
5313,40,SS19,shorts,0.0,0.009401642
5322,74,SS19,long dress,0.0,0.0071086437
5322,59,SS19,long dress,0.0,0.006971188
5216,46,SS19,doll dress,0.0,0.0075146705
5300,7,SS19,culottes,0.0,0.006536305
5322,101,SS19,long dress,0.0,0.012870021
5323,56,SS19,drop sleeve,0.0,0.020124674
5220,84,SS19,culottes,0.0,0.008681178
5300,30,SS19,culottes,0.0,0.010785148
5300,54,SS19,culottes,0.0,0.007872239
5300,2,SS19,culottes,0.0,0.02892447
5322,21,SS19,long dress,0.0,0.013608471
5220,49,SS19,culottes,0.018867925,0.005330976
5220,43,SS19,culottes,0.0,0.016224608
5220,35,SS19,culottes,0.0,0.009427115
5322,63,SS19,long dress,0.0,0.008931112
5220,5,SS19,culottes,0.0,0.013801001
5220,99,SS19,culottes,0.0,0.011872206
5322,8,SS19,long dress,0.0,0.010802731
5220,20,SS19,culottes,0.03773585,0.008955568
5220,46,SS19,culottes,0.018867925,0.013011076
5220,90,SS19,culottes,0.0,0.009971883
5146,52,SS19,culottes,0.0,0.005072966
5322,102,SS19,long dress,0.0,0.021882888
5300,10,SS19,culottes,0.0,0.01629829
5283,75,SS19,shorts,0.056603774,0.0076176077
5322,61,SS19,long dress,0.0,0.009170324
5323,7,SS19,drop sleeve,0.018867925,0.0046935976
5323,15,SS19,drop sleeve,0.0,0.009428546
5198,49,SS19,culottes,0.0,0.010390252
5305,66,SS19,long dress,0.0,0.0064033493
5323,80,SS19,drop sleeve,0.0,0.022080377
5322,82,SS19,long dress,0.0,0.013653494
5283,15,SS19,shorts,0.0,0.006544806
5322,83,SS19,long dress,0.0,0.00982894
5146,27,SS19,culottes,0.0,0.01706712
5146,77,SS19,culottes,0.0,0.007600542
5322,72,SS19,long dress,0.0,0.014863294
5322,67,SS19,long dress,0.0,0.019116394
5292,94,SS19,drop sleeve,0.0,0.014643326
5125,68,SS19,culottes,0.0,0.01528836
5322,45,SS19,long dress,0.0,0.028283585
5221,107,SS19,sleeveless,0.0,0.008153148
5320,49,SS19,long sleeve,0.056603774,0.0134753585
5320,10,SS19,long sleeve,0.0,0.016352288
5221,27,SS19,sleeveless,0.03773585,0.009513907
5292,10,SS19,drop sleeve,0.0,0.014689371
5322,13,SS19,long dress,0.0,0.01073841
5292,29,SS19,drop sleeve,0.0,0.0070251673
5272,12,SS19,shorts,0.0,0.013442792
5252,48,SS19,culottes,0.03773585,0.0048838966
5245,117,SS19,culottes,0.0,0.010630224
5125,102,SS19,culottes,0.0,0.0079380125
5292,100,SS19,drop sleeve,0.0,0.010124177
5300,43,SS19,culottes,0.0,0.014275577
5328,12,SS19,patterned top,0.0,0.009593025
5292,8,SS19,drop sleeve,0.0,0.02088458
5300,14,SS19,culottes,0.0,0.0076386817
5300,19,SS19,culottes,0.0,0.0070912316
5252,94,SS19,culottes,0.0,0.012971528
5245,50,SS19,culottes,0.018867925,0.018888753
5263,94,SS19,culottes,0.018867925,0.008987479
5245,76,SS19,culottes,0.0,0.018593047
5226,99,SS19,culottes,0.0,0.004405841
4227,65,SS19,short sleeves,0.018867925,0.02179271
5316,69,SS19,culottes,0.018867925,0.023923483
5316,35,SS19,culottes,0.0,0.029340593
5320,66,SS19,long sleeve,0.0,0.013242021
5226,48,SS19,culottes,0.0,0.0141173825
5226,31,SS19,culottes,0.0,0.006550193
5263,69,SS19,culottes,0.018867925,0.018355899
5300,48,SS19,culottes,0.018867925,0.01622403
5300,66,SS19,culottes,0.0,0.013723038
5316,81,SS19,culottes,0.0,0.010860756
5320,33,SS19,long sleeve,0.0,0.019006986
5322,16,SS19,long dress,0.0,0.013294548
5328,15,SS19,patterned top,0.0,0.004769508
5226,7,SS19,culottes,0.0,0.0058726296
5292,26,SS19,drop sleeve,0.0,0.024861358
5328,14,SS19,patterned top,0.0,0.0067396797
5322,93,SS19,long dress,0.0,0.015379079
5245,51,SS19,culottes,0.03773585,0.009176463
5292,73,SS19,drop sleeve,0.0,0.011650912
5292,80,SS19,drop sleeve,0.0,0.017148152
5292,30,SS19,drop sleeve,0.0,0.01721922
5292,56,SS19,drop sleeve,0.0,0.014189828
5294,29,SS19,shorts,0.0,0.008635893
5292,62,SS19,drop sleeve,0.0,0.007004261
5292,39,SS19,drop sleeve,0.018867925,0.017113723
5313,22,SS19,shorts,0.018867925,0.0046250746
5292,14,SS19,drop sleeve,0.03773585,0.01574435
5322,90,SS19,long dress,0.0,0.006858282
5292,75,SS19,drop sleeve,0.018867925,0.025967665
5322,22,SS19,long dress,0.0,0.010438316
5292,13,SS19,drop sleeve,0.018867925,0.022185832
5305,19,SS19,long dress,0.0,0.010651626
5272,19,SS19,shorts,0.0,0.006256502
5292,36,SS19,drop sleeve,0.0,0.010917194
5198,23,SS19,culottes,0.0,0.0087805465
5245,43,SS19,culottes,0.018867925,0.019986663
5298,104,SS19,long cardigan,0.0,0.025610365
5292,69,SS19,drop sleeve,0.0,0.008458726
5272,75,SS19,shorts,0.0,0.015528254
5292,74,SS19,drop sleeve,0.0,0.004905116
5216,102,SS19,doll dress,0.0,0.006201938
5292,53,SS19,drop sleeve,0.0,0.007897869
5292,51,SS19,drop sleeve,0.0,0.01687419
5216,21,SS19,doll dress,0.0,0.0062861294
5292,33,SS19,drop sleeve,0.018867925,0.018422142
5272,31,SS19,shorts,0.0,0.005647093
5226,117,SS19,culottes,0.03773585,0.015077367
5189,3,SS19,culottes,0.03773585,0.010138504
5322,18,SS19,long dress,0.0,0.006101392
5317,25,SS19,short sleeves,0.0,0.02031343
5330,18,SS19,short sleeves,0.0,0.0047255345
5279,75,SS19,doll dress,0.0,0.019344613
5300,63,SS19,culottes,0.0,0.004165124
5305,61,SS19,long dress,0.0,0.009842694
5310,46,SS19,short sleeves,0.0,0.004149925
5303,109,SS19,long dress,0.0,0.0041872896
5326,12,SS19,shorts,0.0,0.010302648
5300,104,SS19,culottes,0.0,0.016175665
5317,64,SS19,short sleeves,0.0,0.009977877
5326,50,SS19,shorts,0.0,0.009694532
5182,3,SS19,long sleeve,0.0,0.010541372
5319,30,SS19,sleeveless,0.018867925,0.005316362
5319,109,SS19,sleeveless,0.018867925,0.009067126
5322,4,SS19,long dress,0.0,0.0054065883
5294,15,SS19,shorts,0.0,0.01052472
5294,31,SS19,shorts,0.0,0.0061452277
5330,95,SS19,short sleeves,0.0,0.0068948865
5294,75,SS19,shorts,0.0,0.005644299
5330,21,SS19,short sleeves,0.0,0.018319704
5305,32,SS19,long dress,0.0,0.007264763
5294,36,SS19,shorts,0.018867925,0.00993073
5207,61,SS19,doll dress,0.018867925,0.010107748
5272,43,SS19,shorts,0.0,0.007373415
4217,28,SS19,culottes,0.0,0.010731544
4166,64,SS19,sheath dress,0.0,0.00655701
5270,20,SS19,long dress,0.0,0.0069828667
5246,75,SS19,long sleeve,0.0,0.019504476
5185,60,SS19,culottes,0.0,0.011418927
5279,50,SS19,doll dress,0.0,0.00752715
5279,33,SS19,doll dress,0.018867925,0.008437533
5279,1,SS19,doll dress,0.0,0.005003378
5294,63,SS19,shorts,0.0,0.011150416
5279,5,SS19,doll dress,0.0,0.009287596
5272,50,SS19,shorts,0.0,0.016251262
5294,0,SS19,shorts,0.0,0.0050426796
5305,26,SS19,long dress,0.0,0.011882789
5270,32,SS19,long dress,0.018867925,0.011973299
5294,93,SS19,shorts,0.0,0.005369395
5310,52,SS19,short sleeves,0.0,0.01685886
5210,10,SS19,long dress,0.018867925,0.0077919066
5305,36,SS19,long dress,0.0,0.005593002
5310,53,SS19,short sleeves,0.0,0.0048779137
5330,57,SS19,short sleeves,0.0,0.010050751
5279,0,SS19,doll dress,0.0,0.0070796423
5235,10,SS19,gitana skirt,0.0,0.008503236
5310,31,SS19,short sleeves,0.018867925,0.017065167
5246,39,SS19,long sleeve,0.0,0.031750906
5279,83,SS19,doll dress,0.0,0.014467575
5294,20,SS19,shorts,0.0,0.0071486495
5310,84,SS19,short sleeves,0.0,0.007404465
5279,32,SS19,doll dress,0.0,0.0078422725
5305,102,SS19,long dress,0.0,0.010689206
5279,18,SS19,doll dress,0.0,0.005701501
5270,109,SS19,long dress,0.0,0.004761465
5294,45,SS19,shorts,0.0,0.0044555664
5322,28,SS19,long dress,0.0,0.006450344
5225,66,SS19,capris,0.03773585,0.012588803
5313,16,SS19,shorts,0.018867925,0.012444422
5312,8,SS19,sleeveless,0.018867925,0.0064691864
5298,43,SS19,long cardigan,0.0,0.01821655
5298,9,SS19,long cardigan,0.0,0.016512718
5325,28,SS19,sleeveless,0.0,0.008513868
5223,94,SS19,gitana skirt,0.0,0.0102841705
5312,85,SS19,sleeveless,0.0,0.0074813664
5298,99,SS19,long cardigan,0.0,0.010530397
5298,28,SS19,long cardigan,0.018867925,0.012265496
5298,50,SS19,long cardigan,0.0,0.016139962
5298,93,SS19,long cardigan,0.0,0.0063064843
5255,56,SS19,gitana skirt,0.0,0.00738512
5255,52,SS19,gitana skirt,0.0,0.0066361204
5313,5,SS19,shorts,0.018867925,0.012386791
5255,38,SS19,gitana skirt,0.03773585,0.007670082
5255,32,SS19,gitana skirt,0.0,0.008833051
5313,77,SS19,shorts,0.0,0.008778814
5313,68,SS19,shorts,0.0,0.004991282
5313,53,SS19,shorts,0.0,0.0021195412
5313,74,SS19,shorts,0.0,0.0070154704
5255,104,SS19,gitana skirt,0.018867925,0.008201595
5305,28,SS19,long dress,0.0,0.004546605
5305,99,SS19,long dress,0.0,0.0042797104
5325,12,SS19,sleeveless,0.0,0.0050175413
5313,90,SS19,shorts,0.0,0.0062430725
5305,5,SS19,long dress,0.0,0.005080756
5329,83,SS19,sleeveless,0.0,0.019318823
5313,95,SS19,shorts,0.0,0.018479608
5255,101,SS19,gitana skirt,0.0,0.01252225
5199,52,SS19,long sleeve,0.018867925,0.004057154
5289,12,SS19,short sleeves,0.0,0.00648503
5300,84,SS19,culottes,0.0,0.0049692392
5302,45,SS19,sleeveless,0.0,0.009271115
5302,22,SS19,sleeveless,0.0,0.0049250796
5329,6,SS19,sleeveless,0.018867925,0.009778619
5199,5,SS19,long sleeve,0.0,0.0056649894
5329,28,SS19,sleeveless,0.0,0.020235412
5305,24,SS19,long dress,0.0,0.004701063
5325,104,SS19,sleeveless,0.018867925,0.0055692717
5305,45,SS19,long dress,0.0,0.008363936
5329,51,SS19,sleeveless,0.0,0.0130964145
5289,14,SS19,short sleeves,0.0,0.017210916
5325,4,SS19,sleeveless,0.0,0.011433516
5317,15,SS19,short sleeves,0.0,0.0115626305
5317,7,SS19,short sleeves,0.0,0.021505151
5329,109,SS19,sleeveless,0.018867925,0.015392352
5329,82,SS19,sleeveless,0.0,0.0077072307
5317,49,SS19,short sleeves,0.0,0.011176802
5122,109,SS19,solid color top,0.0,0.01103507
5317,10,SS19,short sleeves,0.0,0.009071328
5300,60,SS19,culottes,0.0,0.0014748089
5298,41,SS19,long cardigan,0.0,0.0058177635
5313,75,SS19,shorts,0.0,0.009052988
5289,47,SS19,short sleeves,0.018867925,0.009904359
5329,73,SS19,sleeveless,0.0,0.01427586
5329,53,SS19,sleeveless,0.03773585,0.010300502
5285,3,SS19,solid color top,0.0,0.025535047
5329,95,SS19,sleeveless,0.03773585,0.02322165
5305,3,SS19,long dress,0.0,0.00512594
5248,66,SS19,long sleeve,0.0,0.007233396
5248,79,SS19,long sleeve,0.0,0.0111430995
5322,27,SS19,long dress,0.0,0.006689705
5322,47,SS19,long dress,0.0,0.00946103
5248,110,SS19,long sleeve,0.0,0.0068377107
5256,90,SS19,long sleeve,0.0,0.007831838
5322,68,SS19,long dress,0.0,0.012400314
5322,51,SS19,long dress,0.0,0.0068809725
5322,24,SS19,long dress,0.0,0.004799783
5305,79,SS19,long dress,0.0,0.0144383535
5248,64,SS19,long sleeve,0.0,0.0047371313
5305,84,SS19,long dress,0.0,0.006145261
5248,0,SS19,long sleeve,0.0,0.01039736
5322,39,SS19,long dress,0.0,0.016413555
5322,6,SS19,long dress,0.0,0.012398772
5248,82,SS19,long sleeve,0.0,0.008744307
5322,56,SS19,long dress,0.0,0.007486809
5322,5,SS19,long dress,0.0,0.007909983
5298,20,SS19,long cardigan,0.0,0.0068044774
5329,4,SS19,sleeveless,0.018867925,0.018952854
5178,5,SS19,culottes,0.0,0.0058477074
5298,107,SS19,long cardigan,0.0,0.0054547787
5298,32,SS19,long cardigan,0.018867925,0.020747148
5298,74,SS19,long cardigan,0.0,0.006220635
5302,56,SS19,sleeveless,0.0,0.004913941
5271,57,SS19,long sleeve,0.0,0.0075376704
5285,47,SS19,solid color top,0.0,0.005707983
5271,72,SS19,long sleeve,0.018867925,0.006686896
5323,66,SS19,drop sleeve,0.0,0.015192561
5199,101,SS19,long sleeve,0.0,0.006079264
5323,99,SS19,drop sleeve,0.0,0.006255921
5285,0,SS19,solid color top,0.0754717,0.012206167
5227,27,SS19,sleeveless,0.0,0.008258913
5227,95,SS19,sleeveless,0.0,0.017378502
5329,8,SS19,sleeveless,0.0,0.013732549
5227,29,SS19,sleeveless,0.0,0.009097658
5298,90,SS19,long cardigan,0.018867925,0.029285336
5298,18,SS19,long cardigan,0.0,0.008074135
5228,73,SS19,sleeveless,0.0,0.008681878
5199,32,SS19,long sleeve,0.018867925,0.007756591
5323,45,SS19,drop sleeve,0.0,0.004618317
5329,44,SS19,sleeveless,0.0,0.007105235
5323,47,SS19,drop sleeve,0.018867925,0.011357851
5293,12,SS19,solid color top,0.018867925,0.00897222
5329,39,SS19,sleeveless,0.0,0.01243452
5305,51,SS19,long dress,0.0,0.005043447
5148,22,SS19,sleeveless,0.0,0.02253794
5309,75,SS19,sleeveless,0.0,0.012187377
5309,60,SS19,sleeveless,0.0,0.017996829
5279,102,SS19,doll dress,0.0,0.0045175925
5224,63,SS19,long sleeve,0.0,0.008293126
5309,39,SS19,sleeveless,0.0,0.022434235
5309,9,SS19,sleeveless,0.0,0.014214147
5309,110,SS19,sleeveless,0.03773585,0.019228324
5309,6,SS19,sleeveless,0.018867925,0.02977679
5246,4,SS19,long sleeve,0.03773585,0.0070794225
5279,104,SS19,doll dress,0.018867925,0.015746284
5259,75,SS19,patterned top,0.018867925,0.0056012236
5309,99,SS19,sleeveless,0.0,0.024525054
5309,16,SS19,sleeveless,0.0,0.013988614
5259,50,SS19,patterned top,0.018867925,0.0075645894
5309,50,SS19,sleeveless,0.018867925,0.023978144
5148,46,SS19,sleeveless,0.0,0.011308294
5270,57,SS19,long dress,0.018867925,0.005826205
5270,29,SS19,long dress,0.0,0.008317396
5259,45,SS19,patterned top,0.0,0.014938638
5314,65,SS19,gitana skirt,0.0,0.007578969
5314,86,SS19,gitana skirt,0.0,0.005784124
5314,110,SS19,gitana skirt,0.0,0.01135223
5314,22,SS19,gitana skirt,0.018867925,0.00392168
5314,69,SS19,gitana skirt,0.0,0.00821729
5299,77,SS19,short sleeves,0.0,0.010761712
5309,28,SS19,sleeveless,0.0,0.023531958
5259,15,SS19,patterned top,0.0,0.023840513
5272,47,SS19,shorts,0.0,0.0074357837
5330,20,SS19,short sleeves,0.0,0.0049498826
5246,38,SS19,long sleeve,0.03773585,0.010666937
5237,28,SS19,gitana skirt,0.0,0.007633988
5294,54,SS19,shorts,0.0,0.0043242574
5330,50,SS19,short sleeves,0.018867925,0.020854913
5330,75,SS19,short sleeves,0.0,0.012918379
5330,19,SS19,short sleeves,0.0,0.005205542
5330,66,SS19,short sleeves,0.0,0.007463686
5148,48,SS19,sleeveless,0.0,0.010084748
5246,109,SS19,long sleeve,0.0,0.030469662
5272,45,SS19,shorts,0.0,0.004078053
5207,84,SS19,doll dress,0.0,0.011238743
5246,72,SS19,long sleeve,0.056603774,0.004351683
5246,85,SS19,long sleeve,0.0,0.0079905465
5246,32,SS19,long sleeve,0.03773585,0.024638943
5237,66,SS19,gitana skirt,0.0,0.0122049935
5224,23,SS19,long sleeve,0.0,0.0057751685
5272,41,SS19,shorts,0.0,0.004991725
5148,28,SS19,sleeveless,0.0,0.012285989
5246,35,SS19,long sleeve,0.0,0.009251691
4210,32,SS19,culottes,0.03773585,0.017993499
5234,0,SS19,short sleeves,0.0,0.0092036575
5148,95,SS19,sleeveless,0.0,0.010516308
5300,27,SS19,culottes,0.018867925,0.015397418
5199,54,SS19,long sleeve,0.0,0.0097424835
5322,23,SS19,long dress,0.0,0.0054304823
5309,90,SS19,sleeveless,0.11320755,0.009731591
4209,23,SS19,culottes,0.0,0.01191977
5329,30,SS19,sleeveless,0.0,0.018560082
5305,49,SS19,long dress,0.0,0.010281149
5329,2,SS19,sleeveless,0.0,0.010727704
5329,10,SS19,sleeveless,0.03773585,0.023255158
5309,95,SS19,sleeveless,0.0,0.010150202
5305,65,SS19,long dress,0.018867925,0.0042024553
5309,4,SS19,sleeveless,0.0,0.0079560615
5110,42,SS19,short sleeves,0.0,0.0068948865
5300,61,SS19,culottes,0.018867925,0.017871749
5309,59,SS19,sleeveless,0.0,0.0068549737
5170,64,SS19,jumpsuit,0.0,0.005489446
5309,102,SS19,sleeveless,0.0,0.031591196
5309,25,SS19,sleeveless,0.0,0.024997193
5110,29,SS19,short sleeves,0.0,0.013551667
5313,2,SS19,shorts,0.0,0.0029285103
5188,45,SS19,sleeveless,0.0,0.009144384
5309,57,SS19,sleeveless,0.0,0.013571918
5309,104,SS19,sleeveless,0.018867925,0.019024987
5224,24,SS19,long sleeve,0.0,0.007631846
5188,3,SS19,sleeveless,0.0,0.012943901
5329,48,SS19,sleeveless,0.03773585,0.013422631
5302,104,SS19,sleeveless,0.0,0.006678693
5313,10,SS19,shorts,0.03773585,0.009962667
5309,21,SS19,sleeveless,0.0,0.009500958
5300,82,SS19,culottes,0.0,0.006293893
5300,83,SS19,culottes,0.0,0.00571562
5300,72,SS19,culottes,0.0,0.00472717
5234,95,SS19,short sleeves,0.03773585,0.006112214
5301,12,SS19,short sleeves,0.018867925,0.009959638
5309,24,SS19,sleeveless,0.0,0.011941072
5317,76,SS19,short sleeves,0.018867925,0.016350117
5309,51,SS19,sleeveless,0.0,0.022265755
5309,68,SS19,sleeveless,0.0,0.02101595
5309,1,SS19,sleeveless,0.0,0.0067578517
5305,38,SS19,long dress,0.0,0.008943997
4210,28,SS19,culottes,0.018867925,0.007149473
5317,52,SS19,short sleeves,0.0,0.018891297
4210,60,SS19,culottes,0.0,0.0072026625
5291,30,SS19,solid color top,0.018867925,0.010414273
5201,24,SS19,long dress,0.03773585,0.0071898773
5201,77,SS19,long dress,0.018867925,0.010459043
5309,47,SS19,sleeveless,0.0,0.009025082
5291,80,SS19,solid color top,0.03773585,0.008925885
5246,44,SS19,long sleeve,0.0,0.009481244
5309,42,SS19,sleeveless,0.0,0.008071646
5309,101,SS19,sleeveless,0.0,0.009595908
5309,27,SS19,sleeveless,0.018867925,0.025729407
5224,82,SS19,long sleeve,0.0,0.007910874
5309,109,SS19,sleeveless,0.0,0.026332598
5309,82,SS19,sleeveless,0.0,0.0144293755
5309,107,SS19,sleeveless,0.018867925,0.01891267
5309,83,SS19,sleeveless,0.056603774,0.024737902
5234,42,SS19,short sleeves,0.0,0.0079106055
5309,72,SS19,sleeveless,0.0,0.0063653216
5300,69,SS19,culottes,0.0,0.007892422
5330,40,SS19,short sleeves,0.0,0.012068015
5251,75,SS19,culottes,0.03773585,0.014121722
5286,36,SS19,shorts,0.0,0.009066209
5316,68,SS19,culottes,0.0,0.018177822
5287,69,SS19,shorts,0.0,0.012413111
5287,46,SS19,shorts,0.0,0.012369439
3867,104,SS19,short sleeves,0.0,0.012666844
5287,63,SS19,shorts,0.0,0.005014077
5269,51,SS19,culottes,0.0,0.009187035
5269,50,SS19,culottes,0.0,0.0076716095
5269,56,SS19,culottes,0.018867925,0.0108615905
5269,110,SS19,culottes,0.0,0.0048779137
5269,31,SS19,culottes,0.0,0.005610466
5245,61,SS19,culottes,0.0,0.009752341
5316,1,SS19,culottes,0.0,0.005904153
5267,63,SS19,solid color top,0.0,0.0147131495
5267,0,SS19,solid color top,0.018867925,0.006037824
5316,47,SS19,culottes,0.0,0.006450422
5328,95,SS19,patterned top,0.0,0.0118697435
5257,29,SS19,solid color top,0.018867925,0.014188178
5316,90,SS19,culottes,0.0,0.010993689
5216,60,SS19,doll dress,0.018867925,0.004437577
5261,3,SS19,solid color top,0.0,0.014148358
5261,5,SS19,solid color top,0.056603774,0.007577773
5216,51,SS19,doll dress,0.0,0.0077928677
5216,83,SS19,doll dress,0.0,0.0092801
5216,35,SS19,doll dress,0.0,0.004831873
5267,75,SS19,solid color top,0.018867925,0.011609755
5328,62,SS19,patterned top,0.0,0.009436816
5328,30,SS19,patterned top,0.0,0.004168041
5263,18,SS19,culottes,0.0,0.00805942
5263,110,SS19,culottes,0.0,0.0075055435
5263,9,SS19,culottes,0.0,0.004039705
5316,83,SS19,culottes,0.0,0.007382054
5221,30,SS19,sleeveless,0.0,0.0070413426
5316,107,SS19,culottes,0.018867925,0.010796316
5221,80,SS19,sleeveless,0.0,0.00442788
5267,45,SS19,solid color top,0.0,0.00936573
5320,7,SS19,long sleeve,0.0,0.009568945
5316,82,SS19,culottes,0.0,0.012531996
5292,35,SS19,drop sleeve,0.0,0.016520571
5120,74,SS19,solid color top,0.0,0.014081106
5267,47,SS19,solid color top,0.0,0.0077838823
5316,61,SS19,culottes,0.0,0.0046457946
5316,27,SS19,culottes,0.018867925,0.025684714
5316,101,SS19,culottes,0.0,0.011600204
5267,46,SS19,solid color top,0.0,0.0073589236
5316,85,SS19,culottes,0.0,0.009763144
5327,75,SS19,patterned top,0.0,0.004839126
5247,90,SS19,long sleeve,0.0754717,0.004133355
5247,35,SS19,long sleeve,0.0,0.005881302
5247,61,SS19,long sleeve,0.0,0.00961861
5247,27,SS19,long sleeve,0.0,0.0131865665
5247,20,SS19,long sleeve,0.0,0.016391002
5247,47,SS19,long sleeve,0.0,0.004751548
5247,52,SS19,long sleeve,0.018867925,0.007045809
5173,26,SS19,kimono dress,0.018867925,0.010048285
5284,83,SS19,long dress,0.03773585,0.010945518
5251,4,SS19,culottes,0.0,0.008597724
5250,18,SS19,long dress,0.094339624,0.011819303
5251,0,SS19,culottes,0.018867925,0.007871538
5247,39,SS19,long sleeve,0.056603774,0.021290787
5324,59,SS19,long sleeve,0.0,0.012933925
5324,69,SS19,long sleeve,0.03773585,0.0082620755
5273,31,SS19,sleeveless,0.018867925,0.0062227026
3869,69,SS19,long dress,0.0,0.006624773
5247,19,SS19,long sleeve,0.0,0.013720315
5324,51,SS19,long sleeve,0.0,0.0064309537
5324,28,SS19,long sleeve,0.0,0.008815609
5247,49,SS19,long sleeve,0.0,0.0054367036
5247,2,SS19,long sleeve,0.0,0.025310852
5296,59,SS19,culottes,0.0,0.008504331
5277,33,SS19,culottes,0.018867925,0.015285164
5277,52,SS19,culottes,0.018867925,0.016565062
5290,69,SS19,long sleeve,0.0,0.00730253
5190,82,SS19,solid color top,0.0,0.0056789815
5247,21,SS19,long sleeve,0.018867925,0.01955825
5149,77,SS19,capris,0.0,0.0052003786
5316,45,SS19,culottes,0.018867925,0.015848987
5316,52,SS19,culottes,0.0,0.014251966
5268,38,SS19,printed shirt,0.0,0.0069828294
5268,24,SS19,printed shirt,0.0,0.012174919
5245,95,SS19,culottes,0.018867925,0.0080715045
5245,4,SS19,culottes,0.018867925,0.039830644
5245,25,SS19,culottes,0.0,0.0072707385
5268,93,SS19,printed shirt,0.0,0.0098463
5286,47,SS19,shorts,0.0,0.0122348815
5275,65,SS19,gitana skirt,0.0,0.0053680316
5275,10,SS19,gitana skirt,0.0,0.008776255
5278,21,SS19,long sleeve,0.0,0.008836411
5262,75,SS19,culottes,0.0,0.011323869
5206,67,SS19,shorts,0.0,0.006106995
5278,38,SS19,long sleeve,0.018867925,0.007092178
5278,48,SS19,long sleeve,0.0,0.008360699
5275,3,SS19,gitana skirt,0.056603774,0.017184168
5327,48,SS19,patterned top,0.0,0.0076552555
5316,0,SS19,culottes,0.0,0.009227626
5257,51,SS19,solid color top,0.018867925,0.010313243
5215,94,SS19,jumpsuit,0.0,0.014077827
5143,5,SS19,capris,0.0,0.0059494004
5198,59,SS19,culottes,0.0,0.011105828
5198,104,SS19,culottes,0.03773585,0.009357948
5226,76,SS19,culottes,0.0,0.01490156
5226,47,SS19,culottes,0.0,0.0046783686
5226,42,SS19,culottes,0.018867925,0.009161845
5143,74,SS19,capris,0.0,0.007501647
5260,4,SS19,culottes,0.0,0.005626142
5260,76,SS19,culottes,0.0,0.010227099
5260,3,SS19,culottes,0.018867925,0.009673648
5260,110,SS19,culottes,0.018867925,0.004582241
5260,80,SS19,culottes,0.0,0.005183615
5143,0,SS19,capris,0.018867925,0.005905684
5226,35,SS19,culottes,0.0,0.013084009
5147,66,SS19,capris,0.0,0.004629366
5287,31,SS19,shorts,0.0,0.004804071
5260,10,SS19,culottes,0.0,0.011571705
5107,95,SS19,long dress,0.0,0.008302763
5252,59,SS19,culottes,0.018867925,0.010775581
5252,69,SS19,culottes,0.018867925,0.02265859
5287,22,SS19,shorts,0.0,0.0049584135
5311,66,SS19,jumpsuit,0.0,0.008964978
5226,100,SS19,culottes,0.0,0.010725215
5283,18,SS19,shorts,0.0,0.0059081838
5198,46,SS19,culottes,0.0,0.0064554736
5283,81,SS19,shorts,0.0,0.0060088634
5198,107,SS19,culottes,0.03773585,0.007847041
5125,44,SS19,culottes,0.018867925,0.013619166
5125,100,SS19,culottes,0.0,0.01027175
5125,27,SS19,culottes,0.0,0.008906648
5125,15,SS19,culottes,0.0,0.009335406
5125,23,SS19,culottes,0.0,0.012116902
5146,31,SS19,culottes,0.0,0.017878529
5145,76,SS19,doll dress,0.0,0.005347252
5146,48,SS19,culottes,0.0,0.011972211
5155,56,SS19,culottes,0.0,0.004642274
5219,46,SS19,culottes,0.0,0.0078027323
5220,32,SS19,culottes,0.018867925,0.016039204
5220,107,SS19,culottes,0.0,0.007443186
5311,73,SS19,jumpsuit,0.018867925,0.026514862
5220,33,SS19,culottes,0.0,0.017959107
5220,73,SS19,culottes,0.0,0.012114853
5220,14,SS19,culottes,0.0,0.00794141
5146,24,SS19,culottes,0.03773585,0.011728108
5146,72,SS19,culottes,0.0,0.008819178
5146,0,SS19,culottes,0.018867925,0.00919541
5198,54,SS19,culottes,0.0,0.0050198734
5215,23,SS19,jumpsuit,0.018867925,0.011178859
5198,48,SS19,culottes,0.0,0.010460611
5283,51,SS19,shorts,0.018867925,0.0076799765
5198,50,SS19,culottes,0.0,0.010452278
5198,52,SS19,culottes,0.0,0.005416006
5215,32,SS19,jumpsuit,0.018867925,0.016292248
5215,107,SS19,jumpsuit,0.018867925,0.0149883665
5198,77,SS19,culottes,0.0,0.006591689
5220,16,SS19,culottes,0.0,0.0077668056
5311,9,SS19,jumpsuit,0.0,0.04022714
5311,110,SS19,jumpsuit,0.018867925,0.038285345
5134,75,SS19,drop sleeve,0.0,0.0058212876
5318,38,SS19,jumpsuit,0.0,0.012935314
5318,83,SS19,jumpsuit,0.0,0.007122569
5318,32,SS19,jumpsuit,0.0,0.0065204278
5318,102,SS19,jumpsuit,0.0,0.006116256
5318,104,SS19,jumpsuit,0.0,0.005638059
5193,59,SS19,long dress,0.0,0.004512027
5156,22,SS19,solid color top,0.0,0.0051700845
5282,74,SS19,long sleeve,0.0,0.010178987
5158,9,SS19,solid color top,0.0,0.007891126
5318,22,SS19,jumpsuit,0.0,0.0043844953
5158,24,SS19,solid color top,0.018867925,0.009235356
5316,104,SS19,culottes,0.0,0.010316573
5316,102,SS19,culottes,0.0,0.020259663
5257,7,SS19,solid color top,0.0,0.021932703
5316,59,SS19,culottes,0.0,0.005492203
5257,16,SS19,solid color top,0.0,0.011842106
5257,22,SS19,solid color top,0.0,0.014458582
5327,46,SS19,patterned top,0.0,0.004118275
5327,32,SS19,patterned top,0.0,0.00997629
5327,83,SS19,patterned top,0.0,0.010486729
5327,42,SS19,patterned top,0.0,0.010370538
5327,3,SS19,patterned top,0.0,0.009496897
5290,40,SS19,long sleeve,0.018867925,0.011087932
5318,3,SS19,jumpsuit,0.0,0.0043343604
5318,79,SS19,jumpsuit,0.0,0.009558514
4152,38,SS19,drop sleeve,0.0,0.005505599
5311,5,SS19,jumpsuit,0.0,0.023059975
5218,59,SS19,long sleeve,0.0,0.0036990345
5311,56,SS19,jumpsuit,0.0754717,0.023695052
5144,42,SS19,maxi,0.0,0.0114378
5132,62,SS19,maxi,0.0,0.009076856
5218,57,SS19,long sleeve,0.0,0.010275979
5244,23,SS19,long sleeve,0.018867925,0.033202663
5132,64,SS19,maxi,0.0,0.0052916966
5311,45,SS19,jumpsuit,0.056603774,0.025864158
5218,23,SS19,long sleeve,0.0,0.009788439
5318,73,SS19,jumpsuit,0.0,0.011050478
5179,117,SS19,doll dress,0.018867925,0.0064049438
5311,68,SS19,jumpsuit,0.0,0.007742524
5311,38,SS19,jumpsuit,0.03773585,0.006084796
5179,72,SS19,doll dress,0.0,0.005654838
5311,74,SS19,jumpsuit,0.0,0.008522175
5311,35,SS19,jumpsuit,0.03773585,0.020112947
5311,46,SS19,jumpsuit,0.0,0.015826695
5311,95,SS19,jumpsuit,0.0,0.008843988
5311,63,SS19,jumpsuit,0.0,0.0069279224
5311,23,SS19,jumpsuit,0.0,0.025473885
5318,94,SS19,jumpsuit,0.0,0.0072166175
5195,72,SS19,long sleeve,0.018867925,0.009524234
5318,48,SS19,jumpsuit,0.0,0.006548971
5290,101,SS19,long sleeve,0.0,0.02039978
5307,24,SS19,jumpsuit,0.0,0.0041334555
5240,29,SS19,long sleeve,0.0,0.00633594
5222,32,SS19,culottes,0.0,0.015595816
5222,21,SS19,culottes,0.018867925,0.005317755
4206,8,SS19,solid color top,0.0,0.00883086
5275,102,SS19,gitana skirt,0.0,0.017082315
5290,51,SS19,long sleeve,0.0,0.011481591
5275,90,SS19,gitana skirt,0.0,0.008436643
5233,15,SS19,long sleeve,0.0,0.0066915452
5276,42,SS19,sleeveless,0.0,0.0065501966
5276,3,SS19,sleeveless,0.0,0.030262746
5222,110,SS19,culottes,0.0,0.013409875
5236,13,SS19,gitana skirt,0.018867925,0.012206461
5288,24,SS19,solid color top,0.0,0.004238706
5288,101,SS19,solid color top,0.0,0.006836131
5321,47,SS19,solid color top,0.0,0.0090645775
5321,20,SS19,solid color top,0.0,0.011051632
5306,75,SS19,solid color top,0.018867925,0.016522534
5306,0,SS19,solid color top,0.03773585,0.027444143
5315,65,SS19,solid color top,0.018867925,0.01653245
5307,104,SS19,jumpsuit,0.0,0.005967751
5315,67,SS19,solid color top,0.0,0.024442978
5236,48,SS19,gitana skirt,0.0,0.011295468
5236,80,SS19,gitana skirt,0.018867925,0.019583203
5196,66,SS19,culottes,0.03773585,0.01621186
5196,84,SS19,culottes,0.0,0.0047351457
5316,54,SS19,culottes,0.0,0.012083683
5265,48,SS19,sleeveless,0.0,0.0043298677
5253,72,SS19,long dress,0.0,0.008564904
5276,65,SS19,sleeveless,0.03773585,0.00919858
5253,20,SS19,long dress,0.0,0.007146053
5253,42,SS19,long dress,0.0754717,0.0061523467
5253,27,SS19,long dress,0.0,0.010338161
5211,25,SS19,culottes,0.0,0.0057908557
5196,110,SS19,culottes,0.018867925,0.017299853
5265,39,SS19,sleeveless,0.0,0.004691489
5242,38,SS19,printed shirt,0.0,0.006202072
5297,75,SS19,long dress,0.0,0.0059729926
5297,0,SS19,long dress,0.018867925,0.019590147
5297,18,SS19,long dress,0.0,0.0065965913
5297,90,SS19,long dress,0.0754717,0.007377997
5304,80,SS19,long dress,0.018867925,0.014622387
5304,75,SS19,long dress,0.0754717,0.007323079
5297,40,SS19,long dress,0.018867925,0.023647778
5297,53,SS19,long dress,0.0,0.019487314
5297,85,SS19,long dress,0.0,0.0052211247
5297,82,SS19,long dress,0.056603774,0.017023634
5297,101,SS19,long dress,0.0,0.007179357
5304,12,SS19,long dress,0.018867925,0.03292001
5297,42,SS19,long dress,0.0,0.0060185865
5304,22,SS19,long dress,0.0,0.012450036
5264,2,SS19,solid color top,0.0,0.0070245564
5304,40,SS19,long dress,0.03773585,0.013873465
5270,45,SS19,long dress,0.03773585,0.012352128
5270,52,SS19,long dress,0.018867925,0.0066173337
5270,33,SS19,long dress,0.0,0.01639903
5270,93,SS19,long dress,0.03773585,0.015932802
5304,57,SS19,long dress,0.03773585,0.006536402
5304,21,SS19,long dress,0.018867925,0.012684129
5297,104,SS19,long dress,0.0,0.0076276213
5304,4,SS19,long dress,0.0,0.008761756
5297,25,SS19,long dress,0.056603774,0.0040926337
5304,36,SS19,long dress,0.13207547,0.02269468
4217,56,SS19,culottes,0.0,0.006707415
5297,59,SS19,long dress,0.0,0.004879717
5264,75,SS19,solid color top,0.0,0.005103465
5264,3,SS19,solid color top,0.0,0.004572876
5264,50,SS19,solid color top,0.0,0.006162986
5295,15,SS19,jumpsuit,0.0,0.005649492
5297,117,SS19,long dress,0.018867925,0.008831456
5295,12,SS19,jumpsuit,0.0,0.012051992
5211,117,SS19,culottes,0.0,0.0098891705
5297,5,SS19,long dress,0.0,0.0070626773
5192,66,SS19,sleeveless,0.0,0.008346818
5297,3,SS19,long dress,0.0,0.017043196
5127,25,SS19,sleeveless,0.03773585,0.004536979
5297,110,SS19,long dress,0.0,0.00963854
5297,9,SS19,long dress,0.0,0.006430272
5236,30,SS19,gitana skirt,0.0,0.017185286
5297,43,SS19,long dress,0.0,0.013575625
5295,19,SS19,jumpsuit,0.0,0.006953761
5297,50,SS19,long dress,0.0,0.012157053
5295,86,SS19,jumpsuit,0.0,0.00507731
5295,110,SS19,jumpsuit,0.018867925,0.022571776
5297,1,SS19,long dress,0.0,0.005313821
5264,51,SS19,solid color top,0.0,0.0050353706
5264,81,SS19,solid color top,0.0,0.0071228296
5297,68,SS19,long dress,0.0,0.009243425
5297,77,SS19,long dress,0.0,0.0066049956
5280,39,SS19,solid color top,0.0,0.0045080185
5295,29,SS19,jumpsuit,0.018867925,0.0060759746
5317,57,SS19,short sleeves,0.0,0.014475808
5295,83,SS19,jumpsuit,0.018867925,0.010279894
5229,30,SS19,short sleeves,0.03773585,0.016303547
5295,27,SS19,jumpsuit,0.018867925,0.010771789
5295,42,SS19,jumpsuit,0.0,0.012969375
5295,20,SS19,jumpsuit,0.0,0.008891337
5295,76,SS19,jumpsuit,0.0,0.010703348
5295,45,SS19,jumpsuit,0.0,0.017196879
5295,5,SS19,jumpsuit,0.0,0.009413216
5197,30,SS19,short sleeves,0.0,0.0095812455
5317,104,SS19,short sleeves,0.018867925,0.010570116
5316,9,SS19,culottes,0.0,0.00921258
5316,28,SS19,culottes,0.0,0.011534229
5316,60,SS19,culottes,0.0,0.0076920018
5233,77,SS19,long sleeve,0.018867925,0.016372792
5275,83,SS19,gitana skirt,0.018867925,0.011682667
5204,32,SS19,culottes,0.0,0.0047161356
5316,99,SS19,culottes,0.0,0.017364003
5274,16,SS19,sleeveless,0.0,0.008585788
5316,75,SS19,culottes,0.0,0.01064752
5196,18,SS19,culottes,0.018867925,0.009144627
5316,31,SS19,culottes,0.0,0.024572082
5204,73,SS19,culottes,0.0,0.011120804
5196,44,SS19,culottes,0.0,0.0076548234
5253,23,SS19,long dress,0.018867925,0.012378637
5204,90,SS19,culottes,0.0,0.007989373
5204,31,SS19,culottes,0.018867925,0.0044866614
5290,5,SS19,long sleeve,0.018867925,0.0071172267
5316,50,SS19,culottes,0.0,0.012443174
5290,10,SS19,long sleeve,0.0,0.014365833
5196,64,SS19,culottes,0.0,0.012867477
5161,68,SS19,patterned top,0.0,0.004068807
5290,3,SS19,long sleeve,0.0,0.022205796
5290,14,SS19,long sleeve,0.0,0.013653897
5161,82,SS19,patterned top,0.0,0.0046580955
5316,93,SS19,culottes,0.0,0.005959332
5297,93,SS19,long dress,0.0,0.022895686
5297,28,SS19,long dress,0.0,0.008672632
5297,99,SS19,long dress,0.0,0.0048056617
5235,48,SS19,gitana skirt,0.018867925,0.006659217
5311,51,SS19,jumpsuit,0.0,0.012272954
5192,6,SS19,sleeveless,0.018867925,0.005167175
5246,52,SS19,long sleeve,0.018867925,0.010178588
5244,64,SS19,long sleeve,0.0,0.011876091
5294,28,SS19,shorts,0.0,0.0067215934
5311,16,SS19,jumpsuit,0.0,0.009013563
5294,39,SS19,shorts,0.0,0.005516574
5196,104,SS19,culottes,0.0,0.010371253
5247,83,SS19,long sleeve,0.0,0.01091709
5247,25,SS19,long sleeve,0.0,0.005271971
5305,75,SS19,long dress,0.0,0.0042716414
5318,110,SS19,jumpsuit,0.018867925,0.023779217
5318,56,SS19,jumpsuit,0.0,0.0050853714
5244,11,SS19,long sleeve,0.0,0.015287861
5318,51,SS19,jumpsuit,0.0,0.009120557
5318,1,SS19,jumpsuit,0.0,0.0041015595
5318,42,SS19,jumpsuit,0.0,0.012321595
5318,107,SS19,jumpsuit,0.018867925,0.011927944
5318,90,SS19,jumpsuit,0.0,0.005319737
5311,20,SS19,jumpsuit,0.018867925,0.00794895
5275,93,SS19,gitana skirt,0.018867925,0.0047658086
5297,84,SS19,long dress,0.0,0.006101884
5244,27,SS19,long sleeve,0.0,0.020045254
5297,6,SS19,long dress,0.0,0.008766934
5311,25,SS19,jumpsuit,0.0,0.009676769
5311,104,SS19,jumpsuit,0.0,0.0065609626
5297,60,SS19,long dress,0.0,0.0051842406
5236,7,SS19,gitana skirt,0.018867925,0.014382765
4217,6,SS19,culottes,0.0,0.005748026
5324,50,SS19,long sleeve,0.0,0.00802438
5316,5,SS19,culottes,0.0,0.0074954554
5316,110,SS19,culottes,0.0,0.025796019
5204,28,SS19,culottes,0.0,0.0062947795
5297,32,SS19,long dress,0.0,0.015500598
5324,4,SS19,long sleeve,0.0,0.0049746633
5283,28,SS19,shorts,0.0,0.0059495047
5297,4,SS19,long dress,0.0,0.011630721
5224,6,SS19,long sleeve,0.0,0.0075111687
5279,84,SS19,doll dress,0.03773585,0.013502926
5297,64,SS19,long dress,0.0,0.0051760003
5297,44,SS19,long dress,0.018867925,0.014698178
4102,23,SS19,sleeveless,0.0,0.014772132
5235,80,SS19,gitana skirt,0.0,0.008758388
5297,83,SS19,long dress,0.0,0.023718532
5251,3,SS19,culottes,0.056603774,0.018600687
5224,101,SS19,long sleeve,0.0,0.006842755
5297,24,SS19,long dress,0.0,0.0056170076
5294,83,SS19,shorts,0.0,0.0051727965
5294,107,SS19,shorts,0.0,0.008286178
5311,7,SS19,jumpsuit,0.0,0.014469422
5311,48,SS19,jumpsuit,0.0,0.020928934
5247,38,SS19,long sleeve,0.0,0.012475103
5279,13,SS19,doll dress,0.0,0.009032741
5251,30,SS19,culottes,0.0,0.0074261576
5297,107,SS19,long dress,0.0,0.010843687
5207,25,SS19,doll dress,0.0,0.010901846
5297,109,SS19,long dress,0.0,0.007328525
5316,48,SS19,culottes,0.0,0.009449434
5297,38,SS19,long dress,0.0,0.013851017
5305,109,SS19,long dress,0.0,0.006018594
5313,21,SS19,shorts,0.0,0.0058212876
5313,29,SS19,shorts,0.0,0.006989043
5313,64,SS19,shorts,0.0,0.0047388338
5323,73,SS19,drop sleeve,0.018867925,0.024497971
5323,13,SS19,drop sleeve,0.0,0.008678801
5323,22,SS19,drop sleeve,0.0,0.0070042387
5121,6,SS19,sleeveless,0.0,0.010599807
5206,20,SS19,shorts,0.0,0.01196529
5313,13,SS19,shorts,0.0,0.0054785833
5276,2,SS19,sleeveless,0.0,0.010827079
5316,109,SS19,culottes,0.0,0.017725516
5313,101,SS19,shorts,0.0,0.005922094
5316,42,SS19,culottes,0.0,0.013077065
5106,48,SS19,short sleeves,0.0,0.0064049438
5253,109,SS19,long dress,0.0,0.005464062
4210,95,SS19,culottes,0.018867925,0.020451624
5278,40,SS19,long sleeve,0.0,0.013788287
5313,59,SS19,shorts,0.0,0.0069314837
5196,39,SS19,culottes,0.018867925,0.005489446
5275,9,SS19,gitana skirt,0.0,0.007378716
5291,19,SS19,solid color top,0.018867925,0.007139623
5323,20,SS19,drop sleeve,0.0,0.012523629
4225,63,SS19,sleeveless,0.0,0.013669126
5262,4,SS19,culottes,0.0,0.016178299
4210,24,SS19,culottes,0.0,0.007428102
5196,81,SS19,culottes,0.0,0.006112583
4242,56,SS19,sleeveless,0.0,0.012057032
4231,3,SS19,sleeveless,0.0,0.0341413
5287,18,SS19,shorts,0.0,0.0049360134
5293,20,SS19,solid color top,0.0,0.011591695
5322,44,SS19,long dress,0.0,0.005696781
5234,5,SS19,short sleeves,0.0,0.008008264
5287,20,SS19,shorts,0.0,0.0047769435
5224,26,SS19,long sleeve,0.0,0.007237509
5293,45,SS19,solid color top,0.0,0.0146037005
5232,3,SS19,sleeveless,0.0,0.008363467
5193,49,SS19,long dress,0.0,0.0057855323
5193,27,SS19,long dress,0.0,0.008696169
5316,23,SS19,culottes,0.0,0.004228711
5159,109,SS19,culottes,0.0,0.0063012466
5276,21,SS19,sleeveless,0.03773585,0.0042881295
5261,75,SS19,solid color top,0.0,0.021632694
5305,101,SS19,long dress,0.0,0.019325364
5316,95,SS19,culottes,0.0,0.006590482
5130,46,SS19,culottes,0.0,0.008849699
5224,104,SS19,long sleeve,0.0,0.008728012
5178,4,SS19,culottes,0.0,0.024818923
5316,72,SS19,culottes,0.0,0.028760608
5313,110,SS19,shorts,0.0,0.012690023
5276,67,SS19,sleeveless,0.0,0.0070169345
5222,102,SS19,culottes,0.0,0.007331416
5316,57,SS19,culottes,0.0,0.00587409
5316,25,SS19,culottes,0.0,0.009261511
5113,60,SS19,culottes,0.0,0.0090073645
5257,50,SS19,solid color top,0.0,0.028885737
5307,52,SS19,jumpsuit,0.018867925,0.011679314
5307,33,SS19,jumpsuit,0.0,0.005552411
5222,27,SS19,culottes,0.018867925,0.01152613
4102,74,SS19,sleeveless,0.0,0.0062227026
5228,29,SS19,sleeveless,0.0,0.0091635585
5279,41,SS19,doll dress,0.018867925,0.009545259
5273,3,SS19,sleeveless,0.018867925,0.016997773
5273,9,SS19,sleeveless,0.018867925,0.01350984
5317,59,SS19,short sleeves,0.018867925,0.010303043
4220,42,SS19,culottes,0.0,0.008177735
4220,75,SS19,culottes,0.0,0.011785451
5161,39,SS19,patterned top,0.0,0.007899523
5304,14,SS19,long dress,0.0,0.028002813
5264,30,SS19,solid color top,0.0,0.0053215697
5264,0,SS19,solid color top,0.0,0.008658506
5295,21,SS19,jumpsuit,0.0,0.0055475608
5295,4,SS19,jumpsuit,0.018867925,0.009147629
5295,18,SS19,jumpsuit,0.0,0.0059082434
5304,9,SS19,long dress,0.0,0.0065507144
5295,32,SS19,jumpsuit,0.018867925,0.008628208
5197,69,SS19,short sleeves,0.0,0.0068804324
5295,109,SS19,jumpsuit,0.0,0.016391587
5295,117,SS19,jumpsuit,0.018867925,0.012692295
5295,99,SS19,jumpsuit,0.0,0.010918923
5295,48,SS19,jumpsuit,0.0,0.0113357045
5295,10,SS19,jumpsuit,0.018867925,0.011913896
5295,85,SS19,jumpsuit,0.0,0.007913157
5304,13,SS19,long dress,0.0,0.020036146
5310,101,SS19,short sleeves,0.0,0.010033149
5310,74,SS19,short sleeves,0.0,0.009237543
5310,40,SS19,short sleeves,0.0,0.00758449
5310,104,SS19,short sleeves,0.0,0.0061443746
5286,46,SS19,shorts,0.0,0.0046390668
5270,79,SS19,long dress,0.0,0.0063934103
5242,2,SS19,printed shirt,0.0,0.005924903
5304,64,SS19,long dress,0.0,0.007986847
5304,8,SS19,long dress,0.0,0.011477083
5304,95,SS19,long dress,0.018867925,0.026950624
5304,81,SS19,long dress,0.03773585,0.008817717
5304,53,SS19,long dress,0.018867925,0.024403304
5304,51,SS19,long dress,0.018867925,0.013155263
5098,3,SS19,culottes,0.0,0.005626142
5306,46,SS19,solid color top,0.0,0.014406428
5315,7,SS19,solid color top,0.018867925,0.021627057
5315,4,SS19,solid color top,0.0,0.016902648
5240,74,SS19,long sleeve,0.0,0.006737344
5310,28,SS19,short sleeves,0.0,0.0070956796
3961,75,SS19,culottes,0.0,0.011169605
5132,102,SS19,maxi,0.0,0.00717289
5132,20,SS19,maxi,0.018867925,0.010200486
5132,60,SS19,maxi,0.0,0.004238706
5132,10,SS19,maxi,0.0,0.008737683
5158,109,SS19,solid color top,0.018867925,0.005079057
5198,44,SS19,culottes,0.018867925,0.010845188
5198,0,SS19,culottes,0.0,0.0055047125
5198,95,SS19,culottes,0.0,0.008951716
5215,80,SS19,jumpsuit,0.0,0.0059229136
5215,9,SS19,jumpsuit,0.0,0.009664752
5215,83,SS19,jumpsuit,0.0,0.0064854994
5147,64,SS19,capris,0.018867925,0.0076801926
5215,25,SS19,jumpsuit,0.03773585,0.019462429
5146,61,SS19,culottes,0.0,0.006615013
5220,7,SS19,culottes,0.0,0.0062005855
5220,19,SS19,culottes,0.0,0.00592402
5220,60,SS19,culottes,0.0,0.007829018
5146,28,SS19,culottes,0.018867925,0.009414852
5125,84,SS19,culottes,0.0,0.0060903355
5125,24,SS19,culottes,0.018867925,0.0038822964
5125,32,SS19,culottes,0.0,0.009128533
5198,75,SS19,culottes,0.0,0.011203408
5258,39,SS19,culottes,0.018867925,0.011405297
5258,12,SS19,culottes,0.0,0.011268534
5143,8,SS19,capris,0.0,0.004353583
5252,82,SS19,culottes,0.0,0.017268289
5107,74,SS19,long dress,0.0,0.0051334463
5260,75,SS19,culottes,0.018867925,0.011177916
5149,8,SS19,capris,0.0,0.011571482
5143,104,SS19,capris,0.0,0.0050722957
3804,35,SS19,culottes,0.0,0.009577576
5112,43,SS19,doll dress,0.0,0.0055016577
5308,51,SS19,culottes,0.0,0.00821729
3954,76,SS19,sleeveless,0.0,0.0142881945
5149,30,SS19,capris,0.0,0.011110138
5292,41,SS19,drop sleeve,0.0,0.0048724115
5241,80,SS19,long sleeve,0.0,0.010258704
5168,65,SS19,short sleeves,0.0,0.006201938
5231,33,SS19,short sleeves,0.0,0.012703009
5231,30,SS19,short sleeves,0.0,0.0062764995
5149,117,SS19,capris,0.0,0.005346991
5142,27,SS19,patterned top,0.03773585,0.015689947
5269,22,SS19,culottes,0.0,0.0075872764
5310,75,SS19,short sleeves,0.0,0.009419635
5274,3,SS19,sleeveless,0.0,0.0054463074
5298,26,SS19,long cardigan,0.0,0.015754145
5227,94,SS19,sleeveless,0.0,0.006438587
5322,49,SS19,long dress,0.0,0.011458427
5322,65,SS19,long dress,0.0,0.005242683
5271,32,SS19,long sleeve,0.0,0.008815609
5181,16,SS19,long sleeve,0.0,0.0069682
5322,50,SS19,long dress,0.0,0.004948035
5322,52,SS19,long dress,0.0,0.00748381
5248,28,SS19,long sleeve,0.0,0.0057240203
5322,109,SS19,long dress,0.0,0.005395595
5322,107,SS19,long dress,0.0,0.008022688
5298,21,SS19,long cardigan,0.0,0.006175801
5298,27,SS19,long cardigan,0.0,0.010441199
5298,42,SS19,long cardigan,0.018867925,0.009503331
5309,61,SS19,sleeveless,0.0,0.013829708
5201,64,SS19,long dress,0.0,0.008228987
5309,0,SS19,sleeveless,0.0,0.01060804
5188,38,SS19,sleeveless,0.018867925,0.005364828
5309,64,SS19,sleeveless,0.0,0.006227635
5309,23,SS19,sleeveless,0.0,0.011551842
5302,77,SS19,sleeveless,0.0,0.010366872
5298,101,SS19,long cardigan,0.0,0.01208207
5325,21,SS19,sleeveless,0.0,0.007611051
5329,38,SS19,sleeveless,0.0,0.014869396
5329,42,SS19,sleeveless,0.0,0.010681629
5122,64,SS19,solid color top,0.0,0.0050696805
5255,110,SS19,gitana skirt,0.0,0.005489424
5223,79,SS19,gitana skirt,0.0,0.0045672804
5298,76,SS19,long cardigan,0.0,0.007104762
5325,65,SS19,sleeveless,0.018867925,0.007855199
5312,43,SS19,sleeveless,0.0,0.005347252
5329,40,SS19,sleeveless,0.0,0.004826702
5329,22,SS19,sleeveless,0.0,0.011291958
5317,42,SS19,short sleeves,0.0,0.0056909025
5300,38,SS19,culottes,0.0,0.012067847
5330,65,SS19,short sleeves,0.018867925,0.015042476
5330,26,SS19,short sleeves,0.0,0.0102106035
5330,74,SS19,short sleeves,0.0,0.005660519
5330,33,SS19,short sleeves,0.0,0.012572035
5330,82,SS19,short sleeves,0.018867925,0.004065387
5330,51,SS19,short sleeves,0.0,0.010659847
5330,102,SS19,short sleeves,0.0,0.00912502
5317,6,SS19,short sleeves,0.0,0.005102657
5300,109,SS19,culottes,0.0,0.008018255
5298,38,SS19,long cardigan,0.0,0.00673379
5201,30,SS19,long dress,0.0,0.006740518
5270,8,SS19,long dress,0.018867925,0.015254192
5319,83,SS19,sleeveless,0.0,0.005489446
5201,79,SS19,long dress,0.018867925,0.006952919
5317,56,SS19,short sleeves,0.0,0.005759001
5286,2,SS19,shorts,0.0,0.0038294196
4000,109,SS19,short sleeves,0.0,0.02113498
5309,54,SS19,sleeveless,0.0,0.0069268644
5319,43,SS19,sleeveless,0.0,0.0039307773
5319,48,SS19,sleeveless,0.018867925,0.005459003
5270,101,SS19,long dress,0.0,0.005010903
5270,69,SS19,long dress,0.0,0.013569467
5309,48,SS19,sleeveless,0.0,0.010561682
5326,22,SS19,shorts,0.0,0.0051936433
5309,31,SS19,sleeveless,0.0,0.012792766
5309,38,SS19,sleeveless,0.0,0.0106629245
5148,38,SS19,sleeveless,0.0,0.019928582
5148,32,SS19,sleeveless,0.0,0.017068516
5309,5,SS19,sleeveless,0.0,0.011724733
5309,93,SS19,sleeveless,0.0,0.011727273
5301,30,SS19,short sleeves,0.0,0.00805771
5294,30,SS19,shorts,0.0,0.004606683
5257,80,SS19,solid color top,0.0,0.00896664
5216,27,SS19,doll dress,0.0,0.006856069
5245,67,SS19,culottes,0.0,0.007986441
4242,4,SS19,sleeveless,0.018867925,0.014994081
5259,22,SS19,patterned top,0.0,0.005455382
5132,66,SS19,maxi,0.0,0.0108479485
5145,4,SS19,doll dress,0.0,0.008469775
5219,67,SS19,culottes,0.0,0.0058269054
5125,99,SS19,culottes,0.0,0.007844374
5226,64,SS19,culottes,0.0,0.01161094
5316,21,SS19,culottes,0.0,0.0059868693
5316,44,SS19,culottes,0.0754717,0.011326097
5294,24,SS19,shorts,0.0,0.004720174
5294,3,SS19,shorts,0.0,0.005541295
5294,50,SS19,shorts,0.0,0.0063020736
5323,6,SS19,drop sleeve,0.018867925,0.008972175
5316,84,SS19,culottes,0.0,0.004501559
5201,74,SS19,long dress,0.0,0.009062894
5159,19,SS19,culottes,0.0,0.0057190135
5188,4,SS19,sleeveless,0.0,0.009446498
5291,82,SS19,solid color top,0.0,0.005683936
5309,44,SS19,sleeveless,0.0,0.009771448
5253,54,SS19,long dress,0.0,0.008702122
5293,46,SS19,solid color top,0.018867925,0.011997908
5196,23,SS19,culottes,0.018867925,0.008849699
5254,104,SS19,long dress,0.03773585,0.0110293925
5313,3,SS19,shorts,0.0,0.004774548
5184,4,SS19,long sleeve,0.03773585,0.018454138
5310,59,SS19,short sleeves,0.0,0.008231048
5310,25,SS19,short sleeves,0.0,0.010854546
4234,36,SS19,solid color top,0.0,0.026135247
5315,53,SS19,solid color top,0.018867925,0.017082315
4217,32,SS19,culottes,0.0,0.008144055
5201,13,SS19,long dress,0.0,0.013973333
5315,44,SS19,solid color top,0.0,0.020510793
5236,94,SS19,gitana skirt,0.018867925,0.009150624
5201,67,SS19,long dress,0.0,0.004368417
5291,3,SS19,solid color top,0.03773585,0.0072430745
5315,109,SS19,solid color top,0.0,0.00820471
5315,66,SS19,solid color top,0.0,0.014503591
5185,42,SS19,culottes,0.0,0.010192227
5210,49,SS19,long dress,0.0,0.016292926
5210,75,SS19,long dress,0.0,0.00955176
5189,53,SS19,culottes,0.0,0.009663876
5210,24,SS19,long dress,0.0,0.0061459765
5148,110,SS19,sleeveless,0.0,0.004703816
5166,25,SS19,long dress,0.0,0.01404921
5313,31,SS19,shorts,0.0,0.00517682
5278,24,SS19,long sleeve,0.018867925,0.007369891
5245,23,SS19,culottes,0.0,0.011797957
5250,51,SS19,long dress,0.056603774,0.018910378
5284,39,SS19,long dress,0.0754717,0.015917525
5249,3,SS19,culottes,0.03773585,0.022874951
4104,109,SS19,long dress,0.018867925,0.013836488
5266,15,SS19,sleeveless,0.018867925,0.036905818
5266,22,SS19,sleeveless,0.03773585,0.02116274
5324,44,SS19,long sleeve,0.018867925,0.0047782063
5231,31,SS19,short sleeves,0.0,0.010806266
5233,18,SS19,long sleeve,0.0,0.008649193
5308,28,SS19,culottes,0.0,0.006021999
5295,60,SS19,jumpsuit,0.0,0.0041278824
5295,22,SS19,jumpsuit,0.0,0.005885083
5295,51,SS19,jumpsuit,0.03773585,0.0077837557
5304,15,SS19,long dress,0.0,0.014955249
5304,31,SS19,long dress,0.018867925,0.0070441365
5263,47,SS19,culottes,0.0,0.017154723
5263,28,SS19,culottes,0.0,0.012242481
5279,109,SS19,doll dress,0.0,0.005535133
5300,52,SS19,culottes,0.0,0.0056261346
5318,23,SS19,jumpsuit,0.0,0.0052184984
5318,77,SS19,jumpsuit,0.0,0.009462856
5318,13,SS19,jumpsuit,0.0,0.004995331
5318,14,SS19,jumpsuit,0.0,0.010385223
5311,67,SS19,jumpsuit,0.0,0.0075123087
5311,77,SS19,jumpsuit,0.0,0.014452361
5311,76,SS19,jumpsuit,0.0,0.0059518516
5149,95,SS19,capris,0.0,0.009394243
5258,35,SS19,culottes,0.0,0.0044237524
4182,22,SS19,short sleeves,0.0,0.008949686
5228,75,SS19,sleeveless,0.0,0.021306697
5271,15,SS19,long sleeve,0.0,0.004561387
5224,39,SS19,long sleeve,0.018867925,0.012365401
5227,7,SS19,sleeveless,0.0,0.007801309
5270,44,SS19,long dress,0.0,0.00880257
5255,75,SS19,gitana skirt,0.0,0.004720174
5325,14,SS19,sleeveless,0.0,0.0054258965
5141,49,SS19,short sleeves,0.0,0.009283658
5223,7,SS19,gitana skirt,0.0,0.0065268353
5223,110,SS19,gitana skirt,0.0,0.004397407
5325,24,SS19,sleeveless,0.0,0.006964147
5329,79,SS19,sleeveless,0.0,0.0103728175
5270,67,SS19,long dress,0.0,0.0044003725
5270,74,SS19,long dress,0.0,0.00610831
5308,4,SS19,culottes,0.0,0.007534027
5311,50,SS19,jumpsuit,0.0,0.00822112
4068,104,SS19,sleeveless,0.0,0.009092592
5224,32,SS19,long sleeve,0.0,0.009247474
5228,4,SS19,sleeveless,0.03773585,0.0055026338
5228,77,SS19,sleeveless,0.0,0.0058130473
5143,44,SS19,capris,0.018867925,0.005597513
5304,38,SS19,long dress,0.056603774,0.019461341
5304,100,SS19,long dress,0.018867925,0.009586163
5270,84,SS19,long dress,0.0,0.004646972
5297,54,SS19,long dress,0.0,0.009694431
5270,60,SS19,long dress,0.0,0.005592428
5232,67,SS19,sleeveless,0.0,0.009095989
5317,13,SS19,short sleeves,0.0,0.012300413
5297,86,SS19,long dress,0.0,0.004557442
5297,27,SS19,long dress,0.0,0.0057615004
5118,25,SS19,short sleeves,0.0,0.0155845955
5297,21,SS19,long dress,0.0,0.013277765
5194,110,SS19,long sleeve,0.0,0.017599255
5285,26,SS19,solid color top,0.0,0.005251769
5243,89,SS19,shorts,0.0,0.0050440654
5250,2,SS19,long dress,0.0,0.0075407475
4103,104,SS19,sleeveless,0.0,0.007582642
5313,63,SS19,shorts,0.0,0.004710503
5121,11,SS19,sleeveless,0.0,0.013545997
3954,10,SS19,sleeveless,0.0,0.005647961
5308,7,SS19,culottes,0.0,0.007728003
5128,10,SS19,short sleeves,0.0,0.012279812
4211,89,SS19,culottes,0.0,0.017407931
4211,88,SS19,culottes,0.018867925,0.07581638
5330,56,SS19,short sleeves,0.0,0.005127579
5270,38,SS19,long dress,0.0,0.0054244623
5289,107,SS19,short sleeves,0.0,0.013201892
5330,27,SS19,short sleeves,0.0,0.011471562
5304,28,SS19,long dress,0.0,0.008626837
5304,50,SS19,long dress,0.0,0.0073490813
5194,89,SS19,long sleeve,0.0,0.005633354
5270,28,SS19,long dress,0.0,0.0049527287
5326,89,SS19,shorts,0.0,0.0067946874
5270,49,SS19,long dress,0.0,0.00661657
5304,77,SS19,long dress,0.018867925,0.009536192
5304,68,SS19,long dress,0.0,0.0021545999
5309,88,SS19,sleeveless,0.0,0.006766841
5228,88,SS19,sleeveless,0.056603774,0.021454088
5255,3,SS19,gitana skirt,0.0,0.00623931
4165,38,SS19,doll dress,0.0,0.0062805526
5201,89,SS19,long dress,0.0,0.0064566396
5270,102,SS19,long dress,0.0,0.0071852356
5227,88,SS19,sleeveless,0.056603774,0.024559055
5298,88,SS19,long cardigan,0.0,0.0043907613
5304,73,SS19,long dress,0.0,0.0068330914
5201,88,SS19,long dress,0.018867925,0.006915752
5225,89,SS19,capris,0.0,0.0045735613
5329,25,SS19,sleeveless,0.0,0.0043270886
5270,21,SS19,long dress,0.0,0.01903487
5270,95,SS19,long dress,0.0,0.0051700845
5277,88,SS19,culottes,0.056603774,0.042228825
5277,89,SS19,culottes,0.0,0.008784376
5246,89,SS19,long sleeve,0.0,0.0041928813
5104,109,SS19,patterned top,0.018867925,0.009754561
5246,88,SS19,long sleeve,0.0,0.0093751475
5294,89,SS19,shorts,0.0,0.004962392
4223,109,SS19,patterned top,0.0,0.007373847
5301,13,SS19,short sleeves,0.0,0.004700631
5273,51,SS19,sleeveless,0.018867925,0.050693776
5273,77,SS19,sleeveless,0.018867925,0.021023948
5315,59,SS19,solid color top,0.0,0.008777525
4215,89,SS19,long sleeve,0.0,0.004554972
5280,5,SS19,solid color top,0.0,0.004072465
5304,30,SS19,long dress,0.0,0.017609604
5202,89,SS19,long sleeve,0.0,0.0064166933
5212,89,SS19,culottes,0.0,0.006141763
5265,89,SS19,sleeveless,0.0,0.0054328702
5329,89,SS19,sleeveless,0.0,0.0046707466
5196,89,SS19,culottes,0.0,0.0070037395
5276,10,SS19,sleeveless,0.0,0.0047685876
3891,94,SS19,long sleeve,0.0,0.0160552
5130,21,SS19,culottes,0.0,0.01302458
5159,16,SS19,culottes,0.0,0.00797528
5263,29,SS19,culottes,0.0,0.01200109
5204,89,SS19,culottes,0.0,0.012154009
5247,72,SS19,long sleeve,0.0,0.013028331
4218,89,SS19,short sleeves,0.0,0.004321359
5247,109,SS19,long sleeve,0.018867925,0.00021456927
5262,83,SS19,culottes,0.0,0.008955009
5208,89,SS19,patterned top,0.0,0.0064875446
4231,56,SS19,sleeveless,0.0,0.010733359
5316,89,SS19,culottes,0.0,0.005325202
5278,88,SS19,long sleeve,0.0,0.006715007
5324,88,SS19,long sleeve,0.0,0.024072751
5262,65,SS19,culottes,0.0,0.004238706
5198,89,SS19,culottes,0.0,0.011462785
5311,39,SS19,jumpsuit,0.0,0.0052321553
5291,89,SS19,solid color top,0.0,0.00768324
5316,4,SS19,culottes,0.0,0.012093179
5287,86,SS19,shorts,0.0,0.0050392374
5291,53,SS19,solid color top,0.018867925,0.0061733834
5218,89,SS19,long sleeve,0.0,0.0052300394
5131,57,SS19,doll dress,0.0,0.009272158
5245,88,SS19,culottes,0.0,0.06107627
5279,88,SS19,doll dress,0.0,0.005061701
5297,89,SS19,long dress,0.0,0.004185848
5192,89,SS19,sleeveless,0.0,0.0053879917
5209,89,SS19,patterned top,0.0,0.004941687
5209,109,SS19,patterned top,0.0,0.0052471906
5311,24,SS19,jumpsuit,0.0,0.0050255246
5311,52,SS19,jumpsuit,0.0,0.01661589
5237,89,SS19,gitana skirt,0.0,0.004415501
5236,40,SS19,gitana skirt,0.0,0.010939922
5235,43,SS19,gitana skirt,0.0,0.009720437
5219,89,SS19,culottes,0.0,0.007594347
5320,4,SS19,long sleeve,0.0,0.017378502
5311,89,SS19,jumpsuit,0.0,0.0044288896
5147,77,SS19,capris,0.0,0.006618142
5217,89,SS19,sleeveless,0.0,0.005563535
5244,89,SS19,long sleeve,0.0,0.023629908
5267,89,SS19,solid color top,0.0,0.00455207
5311,101,SS19,jumpsuit,0.0,0.008647181
5226,89,SS19,culottes,0.0,0.0051384345
4217,64,SS19,culottes,0.03773585,0.011764672
5245,89,SS19,culottes,0.0,0.0052610114
5261,89,SS19,solid color top,0.0,0.006207537
5198,64,SS19,culottes,0.018867925,0.01164208
5221,89,SS19,sleeveless,0.0,0.0070729777
5220,89,SS19,culottes,0.0,0.0074638687
5320,101,SS19,long sleeve,0.0,0.007864926
5307,27,SS19,jumpsuit,0.0,0.004366994
5132,51,SS19,maxi,0.0,0.0057914183
5293,24,SS19,solid color top,0.0,0.01571285
5216,22,SS19,doll dress,0.0,0.0040862896
5210,22,SS19,long dress,0.0,0.014421523
4054,11,SS19,solid color top,0.0,0.006116677
5161,51,SS19,patterned top,0.0,0.0052376688
5201,80,SS19,long dress,0.0,0.0047106296
5325,88,SS19,sleeveless,0.0,0.0047465414
5255,92,SS19,gitana skirt,0.0,0.0074267983
5255,88,SS19,gitana skirt,0.0,0.012165327
5223,89,SS19,gitana skirt,0.0,0.005410053
5309,63,SS19,sleeveless,0.0,0.009943858
5298,60,SS19,long cardigan,0.0,0.0055200383
5228,89,SS19,sleeveless,0.0,0.004958257
5206,89,SS19,shorts,0.0,0.0043724366
5311,33,SS19,jumpsuit,0.0,0.011328768
4215,92,SS19,long sleeve,0.0,0.0043543912
5210,64,SS19,long dress,0.0,0.009652972
4223,38,SS19,patterned top,0.0,0.004068807
5311,54,SS19,jumpsuit,0.0,0.006109696
5148,89,SS19,sleeveless,0.0,0.0042868257
5256,88,SS19,long sleeve,0.0,0.008903839
5311,90,SS19,jumpsuit,0.0,0.004319988
5282,88,SS19,long sleeve,0.0,0.011405658
5230,89,SS19,short sleeves,0.0,0.0047741383
4233,3,SS19,solid color top,0.0,0.0054201446
4154,83,SS19,long sleeve,0.0,0.0055910125
5306,80,SS19,solid color top,0.0,0.006833393
5315,24,SS19,solid color top,0.0,0.008309163
5257,46,SS19,solid color top,0.0,0.006945893
3978,3,SS19,long sleeve,0.0,0.0052786544
5304,24,SS19,long dress,0.0,0.009463616
5304,88,SS19,long dress,0.0,0.017141491
5304,79,SS19,long dress,0.0,0.008493714
5260,95,SS19,culottes,0.0,0.013593543
5317,88,SS19,short sleeves,0.0,0.010161042
4231,43,SS19,sleeveless,0.0,0.006396938
4192,84,SS19,doll dress,0.0,0.005946815
5135,25,SS19,culottes,0.0,0.023717526
5260,88,SS19,culottes,0.018867925,0.0147680715
5304,59,SS19,long dress,0.0,0.0060716867
5270,88,SS19,long dress,0.0,0.0070358217
3949,117,SS19,long sleeve,0.0,0.0056150183
4166,38,SS19,sheath dress,0.0,0.009436816
5285,51,SS19,solid color top,0.0,0.0073383264
3838,23,SS19,trapeze dress,0.018867925,0.014753446
5250,13,SS19,long dress,0.018867925,0.012758844
5091,51,SS19,long dress,0.0,0.0047161356
5266,14,SS19,sleeveless,0.0,0.02988941
5266,35,SS19,sleeveless,0.0,0.0082924515
5327,92,SS19,patterned top,0.0,0.012162946
5217,92,SS19,sleeveless,0.0,0.004692562
4211,92,SS19,culottes,0.0,0.0054904968
4202,75,SS19,doll dress,0.0,0.0072156265
3778,117,SS19,trapeze dress,0.0,0.0063345246
4094,69,SS19,doll dress,0.0,0.0047327504
5191,89,SS19,solid color top,0.0,0.0045617037
3778,32,SS19,trapeze dress,0.0,0.012015328
4204,0,SS19,culottes,0.0,0.012326613
5320,89,SS19,long sleeve,0.0,0.009273909
5236,5,SS19,gitana skirt,0.0,0.013359651
5251,22,SS19,culottes,0.0,0.006843105
5301,88,SS19,short sleeves,0.0,0.015463479
5324,13,SS19,long sleeve,0.0,0.011072844
5324,3,SS19,long sleeve,0.0,0.0069226474
4218,92,SS19,short sleeves,0.0,0.0066842586
5294,67,SS19,shorts,0.0,0.004507974
5110,74,SS19,short sleeves,0.018867925,0.0039536506
5328,92,SS19,patterned top,0.0,0.00636106
5293,19,SS19,solid color top,0.0,0.0067903586
3833,12,SS19,patterned top,0.0,0.0044918954
3833,94,SS19,patterned top,0.0,0.006207537
5145,93,SS19,doll dress,0.0,0.0059509017
5189,64,SS19,culottes,0.0,0.00455207
5319,92,SS19,sleeveless,0.0,0.007877249
5250,88,SS19,long dress,0.0,0.0057417564
5150,10,SS19,doll dress,0.0,0.0055069253
5150,33,SS19,doll dress,0.0,0.006073959
5306,48,SS19,solid color top,0.0,0.005279798
3718,80,SS19,culottes,0.0,0.0074744746
5273,14,SS19,sleeveless,0.0,0.013419785
5136,56,SS19,jumpsuit,0.0,0.0056789815
5229,89,SS19,short sleeves,0.0,0.0068576112
5308,92,SS19,culottes,0.0,0.008843519
4202,11,SS19,doll dress,0.0,0.00967573
5292,88,SS19,drop sleeve,0.0,0.01157257
5304,89,SS19,long dress,0.0,0.004411511
3884,53,SS19,doll dress,0.0,0.004662268
5257,35,SS19,solid color top,0.0,0.005119048
5282,92,SS19,long sleeve,0.0,0.0055254884
3781,117,SS19,doll dress,0.0,0.004633479
3838,104,SS19,trapeze dress,0.0,0.0047506653
5324,25,SS19,long sleeve,0.0,0.00652501
4242,30,SS19,sleeveless,0.0,0.0047903806
5323,88,SS19,drop sleeve,0.0,0.01480617
5298,92,SS19,long cardigan,0.0,0.009870455
5285,22,SS19,solid color top,0.0,0.00510088
5323,40,SS19,drop sleeve,0.0,0.008888233
5209,92,SS19,patterned top,0.0,0.0066357963
5285,30,SS19,solid color top,0.0,0.0051675104
5285,19,SS19,solid color top,0.0,0.0070169345
3983,21,SS19,doll dress,0.0,0.005208876
5256,52,SS19,long sleeve,0.0,0.005964771
5228,18,SS19,sleeveless,0.0,0.0062171966
5323,25,SS19,drop sleeve,0.0,0.006352216
5315,48,SS19,solid color top,0.0,0.0045769215
5306,22,SS19,solid color top,0.0,0.004514534
4094,109,SS19,doll dress,0.0,0.0052307025
4083,4,SS19,long sleeve,0.0,0.007114943
4083,66,SS19,long sleeve,0.0,0.0044293143
4219,91,SS19,short sleeves,0.0,0.005186647
5269,91,SS19,culottes,0.0,0.0042356476
4027,117,SS19,long sleeve,0.0,0.005627904
4058,66,SS19,long sleeve,0.018867925,0.00531359
4221,91,SS19,culottes,0.0,0.005901687
4103,10,SS19,sleeveless,0.0,0.0044085905
5292,91,SS19,drop sleeve,0.0,0.004149925
3977,11,SS19,culottes,0.0,0.0069248974
5159,88,SS19,culottes,0.0,0.0058725104
5244,88,SS19,long sleeve,0.0,0.0125179365
3978,46,SS19,long sleeve,0.0,0.00470645
3900,107,SS19,long sleeve,0.0,0.0070289
5228,67,SS19,sleeveless,0.0,0.0055254884
4225,4,SS19,sleeveless,0.0,0.0046763346
5252,88,SS19,culottes,0.0,0.012567643
5183,74,SS19,sleeveless,0.0,0.0060119703
5267,91,SS19,solid color top,0.0,0.005182728
5165,25,SS19,long sleeve,0.0,0.009780824
5272,91,SS19,shorts,0.0,0.004273087
5241,0,SS19,long sleeve,0.0,0.008519433
5241,89,SS19,long sleeve,0.0,0.0044887215
3983,88,SS19,doll dress,0.0,0.0048371106
5320,88,SS19,long sleeve,0.0,0.004825525
3791,88,SS19,doll dress,0.0,0.0041114017
4143,66,SS19,culottes,0.0,0.004264571
4058,76,SS19,long sleeve,0.0,0.004253976
5277,91,SS19,culottes,0.0,0.0049128085
5323,92,SS19,drop sleeve,0.0,0.0056789815
4103,92,SS19,sleeveless,0.0,0.0048672482
4103,88,SS19,sleeveless,0.0,0.0072030425
4229,74,SS19,drop sleeve,0.0,0.00610137
5315,91,SS19,solid color top,0.0,0.0066866875
3838,95,SS19,trapeze dress,0.0,0.004746571
4010,3,SS19,long sleeve,0.0,0.0041319653
3816,109,SS19,culottes,0.0,0.004397407
5154,95,SS19,long sleeve,0.0,0.0042675994
4242,95,SS19,sleeveless,0.0,0.004476726
5304,0,SS19,long dress,0.0,0.0050792918
3731,74,SS19,long sleeve,0.0,0.0071488135
5259,91,SS19,patterned top,0.0,0.004489936
4126,88,SS19,short sleeves,0.018867925,0.004233092
3731,0,SS19,long sleeve,0.0,0.0043426603
5444,76,AW19,long sleeve,0.0,0.0058785006
5434,57,AW19,culottes,0.0,0.0058916137
5005,31,AW19,short sleeves,0.0754717,0.007515248
5005,12,AW19,short sleeves,0.018867925,0.020807937
5336,6,AW19,long sleeve,0.018867925,0.007859331
5434,22,AW19,culottes,0.0,0.009043939
5434,75,AW19,culottes,0.018867925,0.006566882
5434,94,AW19,culottes,0.0,0.012906726
5434,65,AW19,culottes,0.0,0.004689742
5434,12,AW19,culottes,0.03773585,0.01466085
5434,30,AW19,culottes,0.03773585,0.016084455
5444,74,AW19,long sleeve,0.018867925,0.007332936
5444,35,AW19,long sleeve,0.0,0.015152935
5444,36,AW19,long sleeve,0.0,0.0070114434
4980,79,AW19,long sleeve,0.0,0.006774001
5444,41,AW19,long sleeve,0.0,0.022998456
5444,48,AW19,long sleeve,0.0,0.013023064
5015,40,AW19,medium coat,0.0,0.011215046
4972,105,AW19,culottes,0.0,0.007730063
5444,75,AW19,long sleeve,0.0,0.014322173
5409,81,AW19,culottes,0.018867925,0.012091808
5409,35,AW19,culottes,0.0,0.008883353
5422,28,AW19,long sleeve,0.018867925,0.0081069395
5409,109,AW19,culottes,0.0,0.00602711
5409,101,AW19,culottes,0.018867925,0.0054271147
5409,1,AW19,culottes,0.0,0.007980652
4992,109,AW19,long coat,0.03773585,0.034603376
5409,22,AW19,culottes,0.0,0.007600561
5409,33,AW19,culottes,0.0,0.0059550926
5409,93,AW19,culottes,0.03773585,0.009830825
5409,16,AW19,culottes,0.03773585,0.014977377
5409,56,AW19,culottes,0.018867925,0.012233745
5409,28,AW19,culottes,0.018867925,0.00617617
5409,43,AW19,culottes,0.0,0.0075955465
5409,92,AW19,culottes,0.0,0.0075807534
5409,14,AW19,culottes,0.0,0.00788442
5422,86,AW19,long sleeve,0.0,0.010857396
5409,31,AW19,culottes,0.0,0.007726103
5409,15,AW19,culottes,0.0,0.0076523386
5409,30,AW19,culottes,0.0,0.012395769
5422,65,AW19,long sleeve,0.018867925,0.0054425374
5422,7,AW19,long sleeve,0.0,0.005762916
5444,105,AW19,long sleeve,0.018867925,0.0108117685
4975,100,AW19,culottes,0.0,0.0094041675
5386,30,AW19,long sleeve,0.0,0.009625934
5382,61,AW19,long sleeve,0.0,0.007985316
5441,35,AW19,long dress,0.0,0.0129667
5458,52,AW19,sleeveless,0.0,0.005854979
5396,19,AW19,long sleeve,0.0,0.0048929267
5455,4,AW19,solid color top,0.0,0.025221236
5396,7,AW19,long sleeve,0.0,0.006170705
5458,76,AW19,sleeveless,0.018867925,0.010630466
5396,96,AW19,long sleeve,0.0,0.004510965
5374,41,AW19,long sleeve,0.018867925,0.0110293925
5458,38,AW19,sleeveless,0.018867925,0.0076631494
4905,102,AW19,doll dress,0.018867925,0.008875817
5374,35,AW19,long sleeve,0.018867925,0.0065738037
5458,22,AW19,sleeveless,0.0,0.009871796
4905,105,AW19,doll dress,0.03773585,0.010464668
5464,20,AW19,sheath dress,0.0,0.005635787
5385,117,AW19,doll dress,0.0,0.010412585
5385,88,AW19,doll dress,0.0,0.006168004
5464,82,AW19,sheath dress,0.0,0.005504258
5455,103,AW19,solid color top,0.018867925,0.028765488
5455,8,AW19,solid color top,0.0,0.03073299
5464,67,AW19,sheath dress,0.0,0.009218071
5055,30,AW19,culottes,0.0,0.024421193
5458,53,AW19,sleeveless,0.0,0.0069728345
5464,18,AW19,sheath dress,0.018867925,0.005835835
5390,88,AW19,miniskirt,0.0,0.0069442876
5458,13,AW19,sleeveless,0.0,0.011101812
5458,56,AW19,sleeveless,0.0,0.007369891
5396,39,AW19,long sleeve,0.0,0.007832065
5448,9,AW19,medium coat,0.0,0.011710692
5448,73,AW19,medium coat,0.0,0.0062084757
5448,80,AW19,medium coat,0.0,0.0064914525
5448,39,AW19,medium coat,0.018867925,0.005636554
5448,48,AW19,medium coat,0.018867925,0.0039993078
5448,75,AW19,medium coat,0.0,0.009026252
5458,80,AW19,sleeveless,0.0,0.010204554
5448,105,AW19,medium coat,0.0,0.008054137
5448,84,AW19,medium coat,0.0,0.010170288
5448,66,AW19,medium coat,0.0,0.006306857
5448,94,AW19,medium coat,0.018867925,0.009913489
5448,31,AW19,medium coat,0.0,0.009858146
5448,7,AW19,medium coat,0.0,0.007947411
5448,49,AW19,medium coat,0.018867925,0.014094476
5448,10,AW19,medium coat,0.0,0.006757438
5448,2,AW19,medium coat,0.0,0.006275356
5448,30,AW19,medium coat,0.0,0.010656815
5458,9,AW19,sleeveless,0.0,0.011858791
5063,103,AW19,kimono dress,0.0,0.005470909
5076,6,AW19,sheath dress,0.0,0.01160007
5464,39,AW19,sheath dress,0.018867925,0.005444452
5396,56,AW19,long sleeve,0.018867925,0.0040367357
5396,28,AW19,long sleeve,0.0,0.008326702
5464,115,AW19,sheath dress,0.0,0.006643586
5358,8,AW19,long sleeve,0.0,0.00497853
5455,21,AW19,solid color top,0.03773585,0.029263698
5458,8,AW19,sleeveless,0.0,0.00855403
5441,86,AW19,long dress,0.0,0.006375268
5455,125,AW19,solid color top,0.018867925,0.0066329613
5343,41,AW19,long sleeve,0.0,0.004983805
5343,46,AW19,long sleeve,0.0,0.0073928908
5343,106,AW19,long sleeve,0.0,0.004683081
5441,80,AW19,long dress,0.03773585,0.011623137
5416,63,AW19,long sleeve,0.018867925,0.004091829
5343,9,AW19,long sleeve,0.018867925,0.0056477897
5006,3,AW19,short sleeves,0.018867925,0.007751532
5440,48,AW19,sleeveless,0.0,0.0060703345
5455,104,AW19,solid color top,0.018867925,0.010285042
5441,3,AW19,long dress,0.0,0.009882048
5441,5,AW19,long dress,0.03773585,0.009925179
5416,90,AW19,long sleeve,0.018867925,0.0057993494
5441,56,AW19,long dress,0.018867925,0.009055786
5416,40,AW19,long sleeve,0.0,0.005936064
5416,76,AW19,long sleeve,0.0,0.0058084205
5440,73,AW19,sleeveless,0.0,0.0077516735
5455,29,AW19,solid color top,0.03773585,0.019493446
5416,31,AW19,long sleeve,0.0,0.006725274
5416,54,AW19,long sleeve,0.0,0.01020363
5441,106,AW19,long dress,0.0,0.006468497
5382,26,AW19,long sleeve,0.018867925,0.005164452
5440,31,AW19,sleeveless,0.0,0.010215081
5382,35,AW19,long sleeve,0.0,0.005369082
5455,115,AW19,solid color top,0.0,0.0225816
5362,82,AW19,long sleeve,0.0,0.004974231
5358,107,AW19,long sleeve,0.0,0.0044624805
5366,68,AW19,long sleeve,0.018867925,0.009229194
5441,2,AW19,long dress,0.018867925,0.004905328
5366,26,AW19,long sleeve,0.018867925,0.0052858964
5465,73,AW19,long coat,0.018867925,0.008000843
5366,103,AW19,long sleeve,0.0,0.008433633
5358,89,AW19,long sleeve,0.0,0.005073771
5458,29,AW19,sleeveless,0.0,0.007505335
5367,73,AW19,long sleeve,0.03773585,0.0048018545
5367,5,AW19,long sleeve,0.0,0.0056165233
5441,15,AW19,long dress,0.0,0.012941889
5441,31,AW19,long dress,0.056603774,0.010539018
5367,46,AW19,long sleeve,0.0,0.0050378293
5364,68,AW19,long sleeve,0.0,0.006776966
5392,36,AW19,long sleeve,0.018867925,0.0039592236
5458,41,AW19,sleeveless,0.0,0.010688685
5440,30,AW19,sleeveless,0.0,0.006728798
5440,12,AW19,sleeveless,0.0,0.008109596
5362,64,AW19,long sleeve,0.0,0.0040862896
5392,43,AW19,long sleeve,0.0,0.01131919
5392,10,AW19,long sleeve,0.018867925,0.0049536005
5362,74,AW19,long sleeve,0.0,0.004195519
5362,67,AW19,long sleeve,0.0,0.0048529766
5362,56,AW19,long sleeve,0.0,0.009187046
4946,15,AW19,short sleeves,0.0754717,0.0052527934
5428,65,AW19,sheath dress,0.0,0.011194266
5444,95,AW19,long sleeve,0.018867925,0.018466394
5447,82,AW19,solid color top,0.018867925,0.0069057196
5447,20,AW19,solid color top,0.0,0.0073490813
5447,1,AW19,solid color top,0.0,0.011093613
5455,28,AW19,solid color top,0.0,0.02401847
5399,36,AW19,long sleeve,0.056603774,0.011937439
5447,86,AW19,solid color top,0.0,0.005093664
5455,15,AW19,solid color top,0.056603774,0.029068949
5407,40,AW19,long sleeve,0.018867925,0.007047519
4587,125,AW19,drop sleeve,0.0,0.005009722
5460,41,AW19,kimono dress,0.03773585,0.008894134
5064,60,AW19,kimono dress,0.03773585,0.009691194
5447,49,AW19,solid color top,0.018867925,0.018916022
5407,4,AW19,long sleeve,0.0,0.01245182
5447,12,AW19,solid color top,0.0,0.012598373
5425,12,AW19,long sleeve,0.0,0.017018594
5460,29,AW19,kimono dress,0.0,0.008969337
5447,19,AW19,solid color top,0.0,0.01059673
5447,100,AW19,solid color top,0.0,0.02202151
5069,67,AW19,long sleeve,0.0,0.0059027076
5466,12,AW19,kimono dress,0.018867925,0.011500947
5454,43,AW19,culottes,0.0,0.021508887
5047,13,AW19,long sleeve,0.018867925,0.0052858964
5454,39,AW19,culottes,0.018867925,0.013365962
5386,7,AW19,long sleeve,0.0,0.005729966
5455,121,AW19,solid color top,0.0,0.0093425065
5407,30,AW19,long sleeve,0.0,0.0043135807
5454,3,AW19,culottes,0.0,0.02638859
5399,100,AW19,long sleeve,0.0,0.005900245
5407,76,AW19,long sleeve,0.018867925,0.006423086
5407,68,AW19,long sleeve,0.018867925,0.0058888122
5407,42,AW19,long sleeve,0.0,0.007959988
5407,61,AW19,long sleeve,0.0,0.0047106296
5407,83,AW19,long sleeve,0.0,0.0067724213
5454,5,AW19,culottes,0.018867925,0.00774882
5383,117,AW19,culottes,0.0,0.013932131
5383,49,AW19,culottes,0.0,0.005251769
5383,30,AW19,culottes,0.0,0.0059428215
4587,105,AW19,drop sleeve,0.0,0.010582332
5454,51,AW19,culottes,0.018867925,0.024858914
4989,115,AW19,miniskirt,0.03773585,0.010345243
5425,13,AW19,long sleeve,0.0,0.01496879
5460,22,AW19,kimono dress,0.0,0.0074213743
5455,6,AW19,solid color top,0.018867925,0.005742453
5460,93,AW19,kimono dress,0.018867925,0.007772252
5455,31,AW19,solid color top,0.018867925,0.032214817
5460,50,AW19,kimono dress,0.0,0.008061685
5389,0,AW19,long sleeve,0.03773585,0.012849759
5460,80,AW19,kimono dress,0.0,0.005908437
5389,18,AW19,long sleeve,0.0,0.01053936
5389,46,AW19,long sleeve,0.0,0.018318512
5460,43,AW19,kimono dress,0.0,0.0042496696
5460,14,AW19,kimono dress,0.0,0.011701241
5389,36,AW19,long sleeve,0.018867925,0.014152184
5389,40,AW19,long sleeve,0.0,0.011710018
5455,65,AW19,solid color top,0.018867925,0.019847278
5460,65,AW19,kimono dress,0.0,0.006758645
5377,35,AW19,long sleeve,0.0,0.005821582
5455,33,AW19,solid color top,0.0,0.012815338
5460,51,AW19,kimono dress,0.018867925,0.00797978
5455,86,AW19,solid color top,0.0,0.044578686
5460,77,AW19,kimono dress,0.0,0.0040766373
5069,103,AW19,long sleeve,0.03773585,0.011771724
5425,93,AW19,long sleeve,0.03773585,0.0062845126
5460,57,AW19,kimono dress,0.0,0.0043242574
5425,89,AW19,long sleeve,0.0,0.010543749
5454,106,AW19,culottes,0.0,0.015375983
5460,36,AW19,kimono dress,0.0,0.011203751
5460,81,AW19,kimono dress,0.018867925,0.0068975314
5425,109,AW19,long sleeve,0.0,0.007950284
5425,74,AW19,long sleeve,0.0,0.004331559
5425,100,AW19,long sleeve,0.0,0.0081868805
5436,64,AW19,long sleeve,0.0,0.0297117
5455,80,AW19,solid color top,0.018867925,0.016834736
5389,115,AW19,long sleeve,0.018867925,0.013479173
5377,83,AW19,long sleeve,0.0,0.0064976662
5389,21,AW19,long sleeve,0.0,0.017326746
5454,53,AW19,culottes,0.018867925,0.016040422
5455,99,AW19,solid color top,0.0,0.019601323
5389,63,AW19,long sleeve,0.0,0.0183198
5455,5,AW19,solid color top,0.0,0.013784565
5431,115,AW19,kimono dress,0.03773585,0.0051922314
5417,18,AW19,long sleeve,0.0,0.0060988814
5417,67,AW19,long sleeve,0.018867925,0.0073203184
5455,42,AW19,solid color top,0.0,0.012337126
5455,61,AW19,solid color top,0.0,0.0065406337
5455,49,AW19,solid color top,0.0,0.02187359
5459,14,AW19,culottes,0.0,0.01865621
5377,86,AW19,long sleeve,0.0,0.004904449
5456,56,AW19,long sleeve,0.0,0.009974875
5459,73,AW19,culottes,0.056603774,0.019760478
5436,13,AW19,long sleeve,0.0,0.01633516
5377,66,AW19,long sleeve,0.018867925,0.0049263462
4969,19,AW19,long sleeve,0.0,0.008892324
5446,94,AW19,long sleeve,0.0,0.010012455
5455,107,AW19,solid color top,0.018867925,0.01580163
5436,89,AW19,long sleeve,0.018867925,0.023546763
5459,50,AW19,culottes,0.018867925,0.01716999
5459,22,AW19,culottes,0.0,0.022088163
5459,51,AW19,culottes,0.03773585,0.02714058
5455,82,AW19,solid color top,0.0,0.022689983
5377,3,AW19,long sleeve,0.018867925,0.0056791604
4936,100,AW19,short sleeves,0.018867925,0.0102451
5455,47,AW19,solid color top,0.018867925,0.014065221
5455,22,AW19,solid color top,0.018867925,0.014413979
5455,54,AW19,solid color top,0.018867925,0.025917321
5455,45,AW19,solid color top,0.018867925,0.007922411
4891,88,AW19,trapeze dress,0.03773585,0.017393872
5455,76,AW19,solid color top,0.056603774,0.02785082
5456,19,AW19,long sleeve,0.018867925,0.005287301
5455,51,AW19,solid color top,0.0,0.0148737505
5455,96,AW19,solid color top,0.03773585,0.010311995
5070,39,AW19,long coat,0.018867925,0.005410403
5455,13,AW19,solid color top,0.0,0.02094099
5377,52,AW19,long sleeve,0.0,0.004646972
5331,21,AW19,solid color top,0.0,0.0058357194
5331,32,AW19,solid color top,0.018867925,0.010848653
5459,31,AW19,culottes,0.018867925,0.0190875
5456,12,AW19,long sleeve,0.018867925,0.0134102255
5070,89,AW19,long coat,0.0,0.005792275
4936,86,AW19,short sleeves,0.0,0.015295386
5455,72,AW19,solid color top,0.0,0.024808817
5455,7,AW19,solid color top,0.018867925,0.015325189
5459,20,AW19,culottes,0.018867925,0.011564247
5455,85,AW19,solid color top,0.0,0.016626023
5064,89,AW19,kimono dress,0.0,0.0045780987
5454,54,AW19,culottes,0.018867925,0.008679055
5466,51,AW19,kimono dress,0.0,0.013758376
5466,22,AW19,kimono dress,0.018867925,0.0060884766
5466,93,AW19,kimono dress,0.018867925,0.004683934
5466,50,AW19,kimono dress,0.0,0.021860786
5466,13,AW19,kimono dress,0.0,0.015485235
5455,43,AW19,solid color top,0.03773585,0.014496043
4921,105,AW19,culottes,0.018867925,0.004007429
5047,49,AW19,long sleeve,0.0,0.020004027
5417,43,AW19,long sleeve,0.018867925,0.008625153
5417,88,AW19,long sleeve,0.0,0.011960477
4966,15,AW19,long duster,0.16981132,0.016441114
5417,6,AW19,long sleeve,0.0,0.013080604
5064,39,AW19,kimono dress,0.0,0.012058523
5454,31,AW19,culottes,0.018867925,0.012949519
5417,51,AW19,long sleeve,0.018867925,0.0048820786
5459,64,AW19,culottes,0.03773585,0.019462429
5454,84,AW19,culottes,0.0,0.004640337
5466,1,AW19,kimono dress,0.0,0.0068826377
5466,83,AW19,kimono dress,0.018867925,0.009946987
5440,36,AW19,sleeveless,0.0,0.01927339
5459,106,AW19,culottes,0.018867925,0.0076082274
5459,53,AW19,culottes,0.018867925,0.03158078
5446,30,AW19,long sleeve,0.03773585,0.014659144
5440,18,AW19,sleeveless,0.0,0.012883335
5436,77,AW19,long sleeve,0.03773585,0.01750027
5459,40,AW19,culottes,0.03773585,0.017602049
5064,29,AW19,kimono dress,0.0,0.011547029
5355,33,AW19,long sleeve,0.0,0.004988201
5355,65,AW19,long sleeve,0.0,0.013112493
5436,83,AW19,long sleeve,0.018867925,0.013596632
5463,30,AW19,sheath dress,0.0,0.007825926
5466,36,AW19,kimono dress,0.0,0.010980759
4965,19,AW19,long duster,0.03773585,0.012374252
5466,40,AW19,kimono dress,0.0,0.009970084
5459,30,AW19,culottes,0.0,0.039954424
5064,35,AW19,kimono dress,0.0,0.011752225
5459,21,AW19,culottes,0.056603774,0.012870237
5455,66,AW19,solid color top,0.0,0.013354652
5460,12,AW19,kimono dress,0.0,0.0077999122
5460,62,AW19,kimono dress,0.0,0.0048845485
5371,104,AW19,long sleeve,0.0,0.009861551
5369,65,AW19,medium cardigan,0.0,0.009036992
4771,42,AW19,medium coat,0.0754717,0.019160308
5369,68,AW19,medium cardigan,0.0,0.008281987
4771,13,AW19,medium coat,0.018867925,0.03230131
4771,28,AW19,medium coat,0.018867925,0.016000312
5455,75,AW19,solid color top,0.0754717,0.010913577
5386,36,AW19,long sleeve,0.0,0.0056668557
5386,81,AW19,long sleeve,0.0,0.009448074
5386,53,AW19,long sleeve,0.0,0.009464756
4771,73,AW19,medium coat,0.11320755,0.015783094
5436,7,AW19,long sleeve,0.018867925,0.019716047
4990,110,AW19,long sleeve,0.03773585,0.006435998
5386,47,AW19,long sleeve,0.0,0.008562069
5386,68,AW19,long sleeve,0.0,0.0053012073
5463,1,AW19,sheath dress,0.018867925,0.009400219
4771,75,AW19,medium coat,0.03773585,0.024892583
5371,21,AW19,long sleeve,0.018867925,0.005387012
5455,105,AW19,solid color top,0.0,0.018689938
5371,67,AW19,long sleeve,0.0,0.010460485
4805,30,AW19,short sleeves,0.018867925,0.013489269
5368,115,AW19,long sleeve,0.018867925,0.0136852935
5354,35,AW19,long sleeve,0.018867925,0.009384304
5394,4,AW19,maxi,0.018867925,0.017442998
5394,8,AW19,maxi,0.0,0.019386783
5354,18,AW19,long sleeve,0.0,0.014805287
5361,105,AW19,long sleeve,0.0,0.007859632
5386,64,AW19,long sleeve,0.018867925,0.0054887645
5386,115,AW19,long sleeve,0.018867925,0.0052778795
5386,21,AW19,long sleeve,0.0,0.01187069
5361,115,AW19,long sleeve,0.0,0.015821919
5371,96,AW19,long sleeve,0.0,0.014160726
4762,88,AW19,medium coat,0.03773585,0.01496879
5371,10,AW19,long sleeve,0.0,0.0060365647
5371,39,AW19,long sleeve,0.03773585,0.0066275
4762,30,AW19,medium coat,0.0,0.008806109
4771,64,AW19,medium coat,0.056603774,0.016393065
5025,69,AW19,long sleeve,0.018867925,0.032651946
5371,22,AW19,long sleeve,0.0,0.007941045
5394,35,AW19,maxi,0.0,0.010516666
4763,57,AW19,medium coat,0.0,0.009086225
5386,76,AW19,long sleeve,0.018867925,0.0070306286
5418,12,AW19,short cardigan,0.03773585,0.012274571
5334,38,AW19,long sleeve,0.0,0.008941755
5348,50,AW19,culottes,0.0,0.009904522
5418,19,AW19,short cardigan,0.0,0.0068010986
5418,80,AW19,short cardigan,0.0,0.0056365505
5334,117,AW19,long sleeve,0.03773585,0.009421453
5334,16,AW19,long sleeve,0.0,0.007453397
5455,19,AW19,solid color top,0.018867925,0.0198339
5334,3,AW19,long sleeve,0.0,0.01647649
5334,14,AW19,long sleeve,0.0,0.01546751
5418,107,AW19,short cardigan,0.018867925,0.008772798
5334,75,AW19,long sleeve,0.018867925,0.02674317
5334,19,AW19,long sleeve,0.0,0.00503524
5334,31,AW19,long sleeve,0.018867925,0.020330332
5429,64,AW19,patterned top,0.0,0.012285396
5334,96,AW19,long sleeve,0.0,0.011556104
5418,40,AW19,short cardigan,0.03773585,0.016912155
5334,53,AW19,long sleeve,0.0,0.0064084865
5468,103,AW19,culottes,0.018867925,0.009907078
5334,40,AW19,long sleeve,0.0,0.024387427
5334,18,AW19,long sleeve,0.03773585,0.025110565
4763,74,AW19,medium coat,0.0,0.030712605
5386,45,AW19,long sleeve,0.0,0.010451116
5455,40,AW19,solid color top,0.018867925,0.03360576
5463,121,AW19,sheath dress,0.0,0.004981648
4990,107,AW19,long sleeve,0.018867925,0.0063687935
5380,85,AW19,long sleeve,0.018867925,0.009357795
5455,9,AW19,solid color top,0.0,0.022271588
5059,14,AW19,kimono dress,0.03773585,0.004006326
4947,105,AW19,culottes,0.0,0.008784749
5342,33,AW19,short cardigan,0.0,0.0051811114
5386,9,AW19,long sleeve,0.0,0.015161544
5334,104,AW19,long sleeve,0.018867925,0.007511571
5334,125,AW19,long sleeve,0.0,0.004946746
5334,100,AW19,long sleeve,0.018867925,0.0065009
4810,105,AW19,trapeze dress,0.0,0.011684462
5334,103,AW19,long sleeve,0.0,0.01689468
5368,54,AW19,long sleeve,0.0,0.02522809
5334,69,AW19,long sleeve,0.0,0.017822154
5394,74,AW19,maxi,0.0,0.0052036047
4779,79,AW19,medium coat,0.03773585,0.023051146
5394,121,AW19,maxi,0.03773585,0.006316941
4820,30,AW19,short sleeves,0.056603774,0.00811762
4820,18,AW19,short sleeves,0.0,0.006558411
5018,109,AW19,long sleeve,0.018867925,0.0063687935
5432,80,AW19,kimono dress,0.0,0.004348077
4778,67,AW19,medium coat,0.0,0.012712698
4981,0,AW19,doll dress,0.018867925,0.008802354
4981,68,AW19,doll dress,0.018867925,0.011447508
5018,13,AW19,long sleeve,0.018867925,0.006724812
4981,117,AW19,doll dress,0.0,0.010066859
4987,83,AW19,long dress,0.018867925,0.0069420934
4778,121,AW19,medium coat,0.0,0.0081868805
5468,51,AW19,culottes,0.03773585,0.012266774
5389,45,AW19,long sleeve,0.03773585,0.011721551
5059,89,AW19,kimono dress,0.0,0.008694485
5069,41,AW19,long sleeve,0.056603774,0.015869364
4778,20,AW19,medium coat,0.0,0.0054072887
5368,75,AW19,long sleeve,0.0,0.014217161
5432,106,AW19,kimono dress,0.018867925,0.004161492
5432,69,AW19,kimono dress,0.0,0.0070996247
5431,88,AW19,kimono dress,0.0,0.00525447
5368,33,AW19,long sleeve,0.0,0.007030785
5377,81,AW19,long sleeve,0.0,0.004340939
5431,21,AW19,kimono dress,0.018867925,0.0037360787
5389,72,AW19,long sleeve,0.018867925,0.017906256
5431,40,AW19,kimono dress,0.0,0.005729586
5463,86,AW19,sheath dress,0.0,0.0053983107
5431,83,AW19,kimono dress,0.0,0.0058356263
5377,63,AW19,long sleeve,0.018867925,0.0041014627
5368,21,AW19,long sleeve,0.018867925,0.0056964904
5354,85,AW19,long sleeve,0.0,0.0101239495
5460,96,AW19,kimono dress,0.0,0.0076444
5389,47,AW19,long sleeve,0.0,0.034247667
5468,49,AW19,culottes,0.018867925,0.013722066
5368,107,AW19,long sleeve,0.018867925,0.0071468167
5431,51,AW19,kimono dress,0.056603774,0.007271953
5431,89,AW19,kimono dress,0.0,0.009972699
5431,56,AW19,kimono dress,0.03773585,0.0038320087
5368,82,AW19,long sleeve,0.0,0.0047242716
5463,80,AW19,sheath dress,0.018867925,0.015973318
5389,42,AW19,long sleeve,0.018867925,0.007659003
5463,99,AW19,sheath dress,0.03773585,0.011770077
4778,5,AW19,medium coat,0.0,0.012238026
5368,31,AW19,long sleeve,0.0,0.016717255
5389,65,AW19,long sleeve,0.018867925,0.015425902
5394,31,AW19,maxi,0.018867925,0.005985275
5455,48,AW19,solid color top,0.0,0.019239206
5394,105,AW19,maxi,0.0,0.007972479
5389,15,AW19,long sleeve,0.0,0.034346096
5389,7,AW19,long sleeve,0.0,0.01236552
5394,86,AW19,maxi,0.0,0.009239595
5389,49,AW19,long sleeve,0.0,0.017650321
5394,39,AW19,maxi,0.0,0.011001851
5394,3,AW19,maxi,0.056603774,0.014450714
5389,62,AW19,long sleeve,0.0,0.007231809
5394,33,AW19,maxi,0.0,0.0102436915
5389,30,AW19,long sleeve,0.03773585,0.027351093
5394,77,AW19,maxi,0.0,0.0056707263
5059,80,AW19,kimono dress,0.03773585,0.012054604
5394,68,AW19,maxi,0.018867925,0.0073394105
5386,41,AW19,long sleeve,0.018867925,0.009758979
4928,19,AW19,medium coat,0.018867925,0.006953988
5389,75,AW19,long sleeve,0.0,0.0106535405
5389,19,AW19,long sleeve,0.0,0.012150463
5389,48,AW19,long sleeve,0.03773585,0.018503994
5389,16,AW19,long sleeve,0.0,0.011791214
5455,53,AW19,solid color top,0.018867925,0.012598842
5378,14,AW19,long sleeve,0.018867925,0.003973007
5389,99,AW19,long sleeve,0.0,0.013367273
5463,13,AW19,sheath dress,0.0,0.004476104
4911,19,AW19,medium coat,0.0,0.015399188
5394,96,AW19,maxi,0.0,0.011848107
5378,1,AW19,long sleeve,0.0,0.013034768
5455,14,AW19,solid color top,0.018867925,0.0150662735
4779,74,AW19,medium coat,0.018867925,0.013107538
5354,43,AW19,long sleeve,0.0,0.010048561
5463,22,AW19,sheath dress,0.0,0.005668115
4911,31,AW19,medium coat,0.018867925,0.011116572
5459,12,AW19,culottes,0.0,0.019728579
5473,36,AW19,culottes,0.0,0.016487703
5503,96,AW19,long sleeve,0.0,0.0048295967
4939,105,AW19,culottes,0.0,0.00717175
5382,94,AW19,long sleeve,0.0,0.009844732
5382,31,AW19,long sleeve,0.0,0.0064141043
5393,43,AW19,kimono dress,0.0,0.012117267
5382,105,AW19,long sleeve,0.018867925,0.0052954406
5528,8,AW19,long sleeve,0.03773585,0.028821044
5503,20,AW19,long sleeve,0.0,0.0046858676
5382,49,AW19,long sleeve,0.0,0.007757984
5063,3,AW19,kimono dress,0.03773585,0.008721154
5475,54,AW19,culottes,0.0,0.015664697
5478,41,AW19,short cardigan,0.0,0.007138349
5472,115,AW19,long sleeve,0.0,0.006185822
5475,30,AW19,culottes,0.018867925,0.015639208
5422,2,AW19,long sleeve,0.0,0.005310245
5455,84,AW19,solid color top,0.018867925,0.008965317
5503,8,AW19,long sleeve,0.0,0.0052145347
5455,94,AW19,solid color top,0.0,0.013924569
5486,12,AW19,long sleeve,0.018867925,0.0063904077
5422,31,AW19,long sleeve,0.018867925,0.007940449
5422,75,AW19,long sleeve,0.018867925,0.010118235
5473,18,AW19,culottes,0.0,0.010930032
5422,14,AW19,long sleeve,0.0,0.011447508
5422,3,AW19,long sleeve,0.0,0.009624854
5422,99,AW19,long sleeve,0.018867925,0.008722361
5486,31,AW19,long sleeve,0.0,0.01444063
5422,16,AW19,long sleeve,0.018867925,0.0057650357
5022,125,AW19,long cardigan,0.0,0.0138211325
5422,77,AW19,long sleeve,0.0,0.009466443
4947,74,AW19,culottes,0.0,0.006857518
5473,115,AW19,culottes,0.018867925,0.0071600154
5422,107,AW19,long sleeve,0.0,0.008325085
5422,36,AW19,long sleeve,0.018867925,0.010901876
5486,105,AW19,long sleeve,0.0,0.01083409
5486,19,AW19,long sleeve,0.0,0.0076429397
5503,1,AW19,long sleeve,0.03773585,0.030342687
5528,18,AW19,long sleeve,0.018867925,0.010827467
5473,51,AW19,culottes,0.0,0.011300787
5528,106,AW19,long sleeve,0.018867925,0.01363492
5393,109,AW19,kimono dress,0.03773585,0.0092971325
5487,12,AW19,long sleeve,0.0,0.0071034394
5477,19,AW19,long sleeve,0.03773585,0.012030333
5487,96,AW19,long sleeve,0.0,0.015848607
5473,43,AW19,culottes,0.0,0.032811802
5516,36,AW19,long sleeve,0.0,0.018103551
5516,63,AW19,long sleeve,0.0,0.004395105
5477,29,AW19,long sleeve,0.018867925,0.01044184
5516,57,AW19,long sleeve,0.0,0.0043726116
5512,31,AW19,long sleeve,0.018867925,0.008950919
5473,31,AW19,culottes,0.018867925,0.005022891
5516,104,AW19,long sleeve,0.0,0.009066373
5487,39,AW19,long sleeve,0.0,0.004298523
5412,13,AW19,long sleeve,0.0,0.0056384206
5486,18,AW19,long sleeve,0.0,0.0061534345
5516,29,AW19,long sleeve,0.0,0.008808672
5396,103,AW19,long sleeve,0.0,0.010008097
5512,80,AW19,long sleeve,0.0,0.011100769
5020,19,AW19,trapeze dress,0.018867925,0.013580512
5435,15,AW19,kimono dress,0.0,0.004612703
5020,79,AW19,trapeze dress,0.0,0.005955547
5396,20,AW19,long sleeve,0.0,0.005776141
5512,40,AW19,long sleeve,0.0,0.012309283
5512,46,AW19,long sleeve,0.03773585,0.011190183
5476,105,AW19,solid color top,0.0,0.009933203
5473,12,AW19,culottes,0.0,0.00963103
5512,14,AW19,long sleeve,0.056603774,0.0045670085
5487,93,AW19,long sleeve,0.0,0.0042466484
4908,23,AW19,solid color top,0.03773585,0.011589542
5473,68,AW19,culottes,0.0,0.0069438666
5486,115,AW19,long sleeve,0.03773585,0.004724577
5486,41,AW19,long sleeve,0.018867925,0.0073205456
5507,7,AW19,long sleeve,0.018867925,0.04159482
5435,103,AW19,kimono dress,0.0,0.015106201
5516,2,AW19,long sleeve,0.0,0.009675011
5486,8,AW19,long sleeve,0.0,0.0073483624
5435,67,AW19,kimono dress,0.0,0.0049555153
5507,19,AW19,long sleeve,0.056603774,0.0068520457
5516,10,AW19,long sleeve,0.0,0.0063123815
5516,65,AW19,long sleeve,0.0,0.0047313683
5507,80,AW19,long sleeve,0.0,0.0170345
5507,73,AW19,long sleeve,0.056603774,0.0094351545
5507,3,AW19,long sleeve,0.018867925,0.010142423
5487,100,AW19,long sleeve,0.0,0.009085834
5487,36,AW19,long sleeve,0.0,0.004803434
5507,5,AW19,long sleeve,0.018867925,0.00987307
5507,56,AW19,long sleeve,0.018867925,0.009521164
5473,56,AW19,culottes,0.03773585,0.012853704
5507,76,AW19,long sleeve,0.0,0.02154781
5507,35,AW19,long sleeve,0.018867925,0.011097774
5507,36,AW19,long sleeve,0.0,0.03517118
5507,46,AW19,long sleeve,0.0,0.015561935
5487,35,AW19,long sleeve,0.0,0.0055299625
5487,32,AW19,long sleeve,0.018867925,0.0043481886
5507,18,AW19,long sleeve,0.0,0.007413268
5487,82,AW19,long sleeve,0.0,0.0047426187
4908,109,AW19,solid color top,0.0,0.006758947
5396,43,AW19,long sleeve,0.0,0.005312614
5486,93,AW19,long sleeve,0.018867925,0.006760597
5512,21,AW19,long sleeve,0.018867925,0.010877121
5476,14,AW19,solid color top,0.0,0.0049107186
5430,27,AW19,kimono dress,0.0,0.00955176
5020,64,AW19,trapeze dress,0.0,0.01248052
5476,46,AW19,solid color top,0.0,0.006998293
5528,30,AW19,long sleeve,0.018867925,0.016358241
4891,44,AW19,trapeze dress,0.0,0.0070649274
5528,12,AW19,long sleeve,0.018867925,0.012938939
5476,29,AW19,solid color top,0.0,0.0055879354
5050,79,AW19,solid color top,0.0,0.00615263
5528,19,AW19,long sleeve,0.0,0.007799417
5050,93,AW19,solid color top,0.0,0.0103170425
5050,45,AW19,solid color top,0.0,0.0077204034
4891,62,AW19,trapeze dress,0.0,0.005832717
5476,35,AW19,solid color top,0.0,0.00449951
5452,99,AW19,long coat,0.018867925,0.004351683
5528,73,AW19,long sleeve,0.0,0.026925936
5401,57,AW19,kimono dress,0.018867925,0.009027511
5382,90,AW19,long sleeve,0.0,0.0052550063
5382,36,AW19,long sleeve,0.0,0.0047971755
5382,53,AW19,long sleeve,0.0,0.0052253157
5473,69,AW19,culottes,0.0,0.008886408
5430,28,AW19,kimono dress,0.0,0.0053831264
5528,93,AW19,long sleeve,0.0,0.015950691
5528,76,AW19,long sleeve,0.018867925,0.015938427
5455,2,AW19,solid color top,0.018867925,0.009578131
5528,1,AW19,long sleeve,0.0,0.018470094
5455,12,AW19,solid color top,0.018867925,0.017703488
5382,4,AW19,long sleeve,0.0,0.005298078
5476,47,AW19,solid color top,0.0,0.004454173
5430,74,AW19,kimono dress,0.0,0.009466134
5486,20,AW19,long sleeve,0.0,0.009448741
5486,46,AW19,long sleeve,0.0,0.006051112
5393,90,AW19,kimono dress,0.0,0.00736437
5476,86,AW19,solid color top,0.0,0.004903499
5473,47,AW19,culottes,0.0,0.015961781
5513,31,AW19,sleeveless,0.0,0.025280662
5020,20,AW19,trapeze dress,0.018867925,0.02017887
5513,66,AW19,sleeveless,0.018867925,0.010301359
5486,36,AW19,long sleeve,0.0,0.011222508
5476,80,AW19,solid color top,0.0,0.004557714
5473,82,AW19,culottes,0.0,0.005634278
5358,29,AW19,long sleeve,0.0,0.010027513
5393,4,AW19,kimono dress,0.0,0.012495056
5513,43,AW19,sleeveless,0.018867925,0.013815902
5513,80,AW19,sleeveless,0.0754717,0.024444424
5358,21,AW19,long sleeve,0.0,0.009412438
5476,5,AW19,solid color top,0.0,0.004491359
5513,16,AW19,sleeveless,0.018867925,0.012400523
5358,67,AW19,long sleeve,0.03773585,0.010976687
5358,85,AW19,long sleeve,0.056603774,0.00903796
5513,22,AW19,sleeveless,0.0,0.018827058
4908,14,AW19,solid color top,0.018867925,0.018034551
5476,13,AW19,solid color top,0.0,0.0055134892
5476,76,AW19,solid color top,0.0,0.004699681
5476,51,AW19,solid color top,0.0,0.006999377
5513,82,AW19,sleeveless,0.0,0.005400777
5513,83,AW19,sleeveless,0.0,0.016796261
5513,26,AW19,sleeveless,0.018867925,0.0076137856
5020,22,AW19,trapeze dress,0.0,0.005992431
5512,89,AW19,long sleeve,0.0,0.016817965
5463,20,AW19,sheath dress,0.0,0.008984007
5472,100,AW19,long sleeve,0.0,0.004107088
5470,94,AW19,medium coat,0.018867925,0.009127557
5470,19,AW19,medium coat,0.0,0.012084931
5470,75,AW19,medium coat,0.0,0.005281709
5470,88,AW19,medium coat,0.0,0.005506117
5470,80,AW19,medium coat,0.0,0.012914639
5470,77,AW19,medium coat,0.0,0.0080916025
5470,47,AW19,medium coat,0.0,0.019606676
5470,35,AW19,medium coat,0.0,0.011280663
5470,26,AW19,medium coat,0.0,0.008407112
5470,18,AW19,medium coat,0.0,0.0086406395
5460,53,AW19,kimono dress,0.0,0.0063618794
5470,8,AW19,medium coat,0.018867925,0.009857349
5484,18,AW19,long sleeve,0.0,0.009182349
5484,46,AW19,long sleeve,0.0,0.005896151
5484,36,AW19,long sleeve,0.0,0.007979736
5484,35,AW19,long sleeve,0.0,0.0055526346
5484,76,AW19,long sleeve,0.0,0.006116677
5460,13,AW19,kimono dress,0.0,0.0046295635
4760,69,AW19,long cardigan,0.018867925,0.016526759
5484,60,AW19,long sleeve,0.0,0.011141676
4760,57,AW19,long cardigan,0.0,0.021183606
5484,31,AW19,long sleeve,0.0,0.00777993
5484,30,AW19,long sleeve,0.0,0.0070799366
5470,65,AW19,medium coat,0.0,0.007622067
5368,57,AW19,long sleeve,0.018867925,0.013504617
5470,7,AW19,medium coat,0.0,0.006461736
5466,30,AW19,kimono dress,0.0,0.014180861
5509,30,AW19,medium coat,0.03773585,0.0055192187
5509,54,AW19,medium coat,0.0,0.0067784935
5509,12,AW19,medium coat,0.0,0.0050478578
5509,10,AW19,medium coat,0.0,0.0056410544
5466,3,AW19,kimono dress,0.018867925,0.0046895742
5509,65,AW19,medium coat,0.018867925,0.005274281
5509,75,AW19,medium coat,0.0,0.004930541
5509,14,AW19,medium coat,0.0,0.007990353
5509,86,AW19,medium coat,0.018867925,0.005095184
5509,80,AW19,medium coat,0.0,0.014212407
5509,5,AW19,medium coat,0.0,0.006441038
5509,28,AW19,medium coat,0.056603774,0.016461529
5466,43,AW19,kimono dress,0.0,0.011481967
5509,22,AW19,medium coat,0.018867925,0.0092168525
5509,89,AW19,medium coat,0.0,0.010217264
5509,51,AW19,medium coat,0.018867925,0.004857123
5509,38,AW19,medium coat,0.0,0.010004431
5509,106,AW19,medium coat,0.0,0.007371269
5509,107,AW19,medium coat,0.018867925,0.00618295
5509,72,AW19,medium coat,0.0,0.004561387
5509,46,AW19,medium coat,0.0,0.0081921
5074,74,AW19,long sleeve,0.0,0.0056836084
5509,41,AW19,medium coat,0.018867925,0.00754191
5470,10,AW19,medium coat,0.0,0.006346658
5065,80,AW19,long coat,0.0,0.029022362
5065,13,AW19,long coat,0.018867925,0.006915778
5368,46,AW19,long sleeve,0.0,0.005677916
5488,3,AW19,long sleeve,0.0,0.0096066855
5361,26,AW19,long sleeve,0.018867925,0.0056208223
5488,6,AW19,long sleeve,0.018867925,0.0066513866
5488,80,AW19,long sleeve,0.0,0.0096927695
5488,39,AW19,long sleeve,0.0,0.0053773
5488,43,AW19,long sleeve,0.0,0.0075498074
5488,75,AW19,long sleeve,0.0,0.0054686666
5488,19,AW19,long sleeve,0.0,0.004814595
5488,105,AW19,long sleeve,0.0,0.005471308
5356,22,AW19,long sleeve,0.018867925,0.00611376
5488,65,AW19,long sleeve,0.0,0.010142423
5488,15,AW19,long sleeve,0.0,0.0053389966
5356,64,AW19,long sleeve,0.0,0.0071588233
5488,10,AW19,long sleeve,0.018867925,0.0045406222
5380,39,AW19,long sleeve,0.03773585,0.012279734
5488,12,AW19,long sleeve,0.0,0.00534771
5380,99,AW19,long sleeve,0.03773585,0.0101270415
5489,29,AW19,long sleeve,0.018867925,0.0042301565
5488,2,AW19,long sleeve,0.018867925,0.0041996688
5489,18,AW19,long sleeve,0.0,0.0061972886
5489,46,AW19,long sleeve,0.0,0.0054042935
5489,40,AW19,long sleeve,0.0,0.011828508
5489,22,AW19,long sleeve,0.018867925,0.004195977
5361,43,AW19,long sleeve,0.0,0.006783385
4721,61,AW19,long sleeve,0.018867925,0.011303686
5488,5,AW19,long sleeve,0.0,0.014898576
5488,56,AW19,long sleeve,0.0,0.011214286
5488,115,AW19,long sleeve,0.0,0.004459746
5488,57,AW19,long sleeve,0.0,0.0060079508
5368,56,AW19,long sleeve,0.018867925,0.01147937
5074,10,AW19,long sleeve,0.0754717,0.013970733
5368,43,AW19,long sleeve,0.0,0.0064314827
5071,88,AW19,long coat,0.0754717,0.006425768
5475,1,AW19,culottes,0.0,0.015720773
5071,13,AW19,long coat,0.0,0.0064567067
5368,91,AW19,long sleeve,0.018867925,0.0046800673
5378,15,AW19,long sleeve,0.018867925,0.00497853
5075,18,AW19,long sleeve,0.018867925,0.027107626
5074,64,AW19,long sleeve,0.0,0.010817438
5488,72,AW19,long sleeve,0.0,0.0045054033
5475,51,AW19,culottes,0.11320755,0.037876073
5354,19,AW19,long sleeve,0.0,0.008929655
5488,1,AW19,long sleeve,0.03773585,0.0042564906
5453,80,AW19,miniskirt,0.0,0.014359016
5453,68,AW19,miniskirt,0.0,0.014543116
5453,1,AW19,miniskirt,0.018867925,0.0046833158
5354,3,AW19,long sleeve,0.03773585,0.004527174
5453,29,AW19,miniskirt,0.0,0.010529928
5475,22,AW19,culottes,0.0,0.016598389
5488,13,AW19,long sleeve,0.0,0.008730885
5488,16,AW19,long sleeve,0.0,0.004706703
5378,16,AW19,long sleeve,0.018867925,0.011432119
5418,1,AW19,short cardigan,0.0,0.005226955
4559,51,AW19,culottes,0.0,0.014539689
5508,66,AW19,long sleeve,0.018867925,0.004220411
5479,83,AW19,long sleeve,0.0,0.004801899
5475,46,AW19,culottes,0.0,0.0103549585
5479,42,AW19,long sleeve,0.0,0.007704541
5479,56,AW19,long sleeve,0.0,0.0048268326
5479,88,AW19,long sleeve,0.0,0.0044237524
5479,105,AW19,long sleeve,0.0,0.007032536
5479,31,AW19,long sleeve,0.0,0.0052956007
5079,42,AW19,kimono dress,0.018867925,0.009788528
5395,88,AW19,doll dress,0.0,0.008973084
5479,2,AW19,long sleeve,0.0,0.004470907
5479,30,AW19,long sleeve,0.0,0.0042796917
5479,96,AW19,long sleeve,0.0,0.0052573606
5413,13,AW19,long sleeve,0.0,0.006277077
5518,41,AW19,long sleeve,0.0,0.0067835413
5514,53,AW19,long sleeve,0.0,0.012169711
5514,121,AW19,long sleeve,0.03773585,0.00446536
5514,83,AW19,long sleeve,0.0,0.005156394
5518,29,AW19,long sleeve,0.0,0.009039506
5514,47,AW19,long sleeve,0.0,0.0044821724
5518,104,AW19,long sleeve,0.0,0.015674077
5518,95,AW19,long sleeve,0.0,0.009234779
5518,18,AW19,long sleeve,0.0,0.005081963
5475,69,AW19,culottes,0.0,0.01585754
5475,18,AW19,culottes,0.018867925,0.016430624
5518,36,AW19,long sleeve,0.0,0.006004177
5032,93,AW19,long duster,0.018867925,0.009873774
5479,26,AW19,long sleeve,0.0,0.0045499504
5427,125,AW19,medium cardigan,0.018867925,0.0058707222
5400,12,AW19,medium cardigan,0.03773585,0.0064355433
4724,101,AW19,long coat,0.0,0.011150628
5526,19,AW19,short cardigan,0.0,0.012365524
5411,69,AW19,culottes,0.018867925,0.018943831
5025,2,AW19,long sleeve,0.0,0.0061553903
5526,30,AW19,short cardigan,0.0,0.008666605
5400,29,AW19,medium cardigan,0.0,0.008450333
5514,46,AW19,long sleeve,0.0,0.011606738
5526,80,AW19,short cardigan,0.0,0.024684407
5427,51,AW19,medium cardigan,0.0,0.006889574
5399,16,AW19,long sleeve,0.0,0.023703568
5395,117,AW19,doll dress,0.0,0.007377036
5079,84,AW19,kimono dress,0.0,0.015135184
5079,19,AW19,kimono dress,0.0,0.007280357
5079,75,AW19,kimono dress,0.0,0.009573579
5079,60,AW19,kimono dress,0.0,0.013687514
5526,16,AW19,short cardigan,0.0,0.00953465
5526,13,AW19,short cardigan,0.0,0.019560687
5526,22,AW19,short cardigan,0.0,0.009841464
5479,104,AW19,long sleeve,0.0,0.0048987493
5479,57,AW19,long sleeve,0.0,0.011771604
5479,8,AW19,long sleeve,0.0,0.0063345246
5032,30,AW19,long duster,0.0,0.018511761
5079,21,AW19,kimono dress,0.0,0.007213041
5518,69,AW19,long sleeve,0.0,0.004819937
5475,40,AW19,culottes,0.0,0.024731278
5514,105,AW19,long sleeve,0.0,0.004149925
5518,14,AW19,long sleeve,0.0,0.007554028
5518,84,AW19,long sleeve,0.0,0.0046459436
5514,10,AW19,long sleeve,0.0,0.005625941
5518,65,AW19,long sleeve,0.0,0.00470645
5514,12,AW19,long sleeve,0.0,0.008592434
5518,31,AW19,long sleeve,0.0,0.00489711
5514,30,AW19,long sleeve,0.018867925,0.0048486665
5475,42,AW19,culottes,0.018867925,0.012157176
5508,41,AW19,long sleeve,0.0,0.005080864
5508,115,AW19,long sleeve,0.018867925,0.00982444
5475,20,AW19,culottes,0.0,0.010776892
4984,102,AW19,long sleeve,0.0,0.005301982
5508,106,AW19,long sleeve,0.0,0.00649108
5508,47,AW19,long sleeve,0.0,0.012310691
5518,30,AW19,long sleeve,0.0,0.005240403
5508,76,AW19,long sleeve,0.018867925,0.004604593
5466,21,AW19,kimono dress,0.03773585,0.0048143417
5466,69,AW19,kimono dress,0.0,0.011017658
5508,56,AW19,long sleeve,0.0,0.005115077
5466,121,AW19,kimono dress,0.0,0.0076895505
5058,39,AW19,long sleeve,0.03773585,0.011303686
5508,84,AW19,long sleeve,0.0,0.008181535
5518,79,AW19,long sleeve,0.0,0.004378222
5080,107,AW19,kimono dress,0.0,0.00955176
5514,75,AW19,long sleeve,0.0,0.007547766
5518,86,AW19,long sleeve,0.0,0.009160422
5518,72,AW19,long sleeve,0.0,0.009891193
5518,107,AW19,long sleeve,0.018867925,0.0064258054
5518,20,AW19,long sleeve,0.0,0.011324696
5518,1,AW19,long sleeve,0.0,0.0048541874
5518,77,AW19,long sleeve,0.0,0.011000067
5518,89,AW19,long sleeve,0.0,0.0041871816
5518,24,AW19,long sleeve,0.0,0.0043199398
5388,0,AW19,long sleeve,0.018867925,0.014904022
5388,18,AW19,long sleeve,0.0,0.007053744
5518,52,AW19,long sleeve,0.018867925,0.009529479
5518,56,AW19,long sleeve,0.0,0.014674377
5484,21,AW19,long sleeve,0.0,0.009991579
5518,28,AW19,long sleeve,0.0,0.008461349
5518,9,AW19,long sleeve,0.0,0.009372495
5080,88,AW19,kimono dress,0.0,0.011300657
5518,73,AW19,long sleeve,0.0,0.005514957
4955,20,AW19,long duster,0.0,0.016291082
5518,80,AW19,long sleeve,0.0,0.0049618594
5388,20,AW19,long sleeve,0.0,0.0043813065
5514,13,AW19,long sleeve,0.0,0.0046653226
5514,56,AW19,long sleeve,0.0,0.0051568747
5475,106,AW19,culottes,0.0,0.017423235
5518,39,AW19,long sleeve,0.0,0.014726158
5475,27,AW19,culottes,0.0,0.0108117685
5518,99,AW19,long sleeve,0.0,0.0052692145
5418,83,AW19,short cardigan,0.018867925,0.007808365
5418,69,AW19,short cardigan,0.0,0.008122124
5418,8,AW19,short cardigan,0.0,0.005063407
5506,5,AW19,long sleeve,0.0,0.0052144453
5506,93,AW19,long sleeve,0.0,0.013708383
5506,1,AW19,long sleeve,0.0,0.0049004667
5506,47,AW19,long sleeve,0.0,0.004098907
5506,38,AW19,long sleeve,0.0,0.00968568
5506,106,AW19,long sleeve,0.0,0.011045191
5457,56,AW19,long duster,0.0,0.0044528544
5506,83,AW19,long sleeve,0.0,0.0043233633
5506,72,AW19,long sleeve,0.0,0.008671232
5457,5,AW19,long duster,0.0,0.019338857
5506,40,AW19,long sleeve,0.0,0.010170441
5506,69,AW19,long sleeve,0.018867925,0.0052503943
5506,35,AW19,long sleeve,0.0,0.0042624883
5472,12,AW19,long sleeve,0.0,0.0066753738
5506,4,AW19,long sleeve,0.0,0.01040864
5506,41,AW19,long sleeve,0.0,0.0111366585
5496,80,AW19,long sleeve,0.0,0.0058636703
5496,9,AW19,long sleeve,0.0,0.006503299
5496,76,AW19,long sleeve,0.0,0.005626425
5496,38,AW19,long sleeve,0.0,0.004466638
5496,107,AW19,long sleeve,0.0,0.008659929
5496,32,AW19,long sleeve,0.0,0.0041873157
5472,49,AW19,long sleeve,0.0,0.0055385977
5506,80,AW19,long sleeve,0.0,0.014711
5491,30,AW19,short cardigan,0.0,0.0064391047
5506,39,AW19,long sleeve,0.0,0.005555667
5506,14,AW19,long sleeve,0.018867925,0.009525254
5375,9,AW19,long sleeve,0.0,0.0043888576
5375,5,AW19,long sleeve,0.0,0.004918009
5472,30,AW19,long sleeve,0.0,0.0055002123
5375,52,AW19,long sleeve,0.0,0.0053641237
5375,76,AW19,long sleeve,0.0,0.004903853
5375,89,AW19,long sleeve,0.0,0.004741974
5375,83,AW19,long sleeve,0.0,0.004396487
5375,72,AW19,long sleeve,0.0,0.00517343
5375,85,AW19,long sleeve,0.018867925,0.0044237524
5375,69,AW19,long sleeve,0.0,0.004825264
5475,19,AW19,culottes,0.0,0.017377034
5440,117,AW19,sleeveless,0.0,0.004153583
5375,115,AW19,long sleeve,0.0,0.0059798434
5375,29,AW19,long sleeve,0.0,0.0046194494
5375,64,AW19,long sleeve,0.0,0.004522279
5506,96,AW19,long sleeve,0.0,0.0060583577
5506,7,AW19,long sleeve,0.0,0.005089022
5506,15,AW19,long sleeve,0.0,0.0046734624
5506,31,AW19,long sleeve,0.0,0.005062882
5506,65,AW19,long sleeve,0.0,0.0053416938
5506,105,AW19,long sleeve,0.0,0.011435755
5506,19,AW19,long sleeve,0.0,0.004536979
5457,16,AW19,long duster,0.0,0.0062789097
5506,43,AW19,long sleeve,0.0,0.008380614
5440,68,AW19,sleeveless,0.0,0.01380039
5457,86,AW19,long duster,0.0,0.00706771
5457,14,AW19,long duster,0.0,0.00855403
5491,72,AW19,short cardigan,0.0,0.0046376362
5491,85,AW19,short cardigan,0.0,0.0053562745
5472,1,AW19,long sleeve,0.0,0.007997062
5472,20,AW19,long sleeve,0.0,0.0038225278
5472,42,AW19,long sleeve,0.0,0.010493644
5491,35,AW19,short cardigan,0.0,0.012238704
5472,109,AW19,long sleeve,0.0,0.012412887
5472,72,AW19,long sleeve,0.0,0.009000868
5491,46,AW19,short cardigan,0.0,0.009083696
5472,85,AW19,long sleeve,0.0,0.0056622177
5472,121,AW19,long sleeve,0.0,0.0047421306
5475,10,AW19,culottes,0.018867925,0.030287527
5491,104,AW19,short cardigan,0.056603774,0.03414572
5478,54,AW19,short cardigan,0.0,0.0137823075
5472,40,AW19,long sleeve,0.0,0.00877808
5472,69,AW19,long sleeve,0.018867925,0.006889276
5478,14,AW19,short cardigan,0.0,0.004248839
5475,12,AW19,culottes,0.0,0.01778103
5472,26,AW19,long sleeve,0.0,0.0051727965
5478,89,AW19,short cardigan,0.0,0.009031374
5475,2,AW19,culottes,0.0,0.010642562
5472,4,AW19,long sleeve,0.018867925,0.01417204
5478,53,AW19,short cardigan,0.0,0.011055924
5491,83,AW19,short cardigan,0.0,0.007187322
5491,107,AW19,short cardigan,0.0,0.012269691
5491,82,AW19,short cardigan,0.0,0.0060382895
5491,20,AW19,short cardigan,0.0,0.005171515
5457,31,AW19,long duster,0.0,0.004962288
5469,29,AW19,long duster,0.0,0.005782105
5491,12,AW19,short cardigan,0.0,0.0051686764
5491,7,AW19,short cardigan,0.018867925,0.021460734
5469,36,AW19,long duster,0.0754717,0.01652972
5472,19,AW19,long sleeve,0.0,0.0045496225
5491,75,AW19,short cardigan,0.0,0.0064109117
5469,80,AW19,long duster,0.03773585,0.018382583
5469,94,AW19,long duster,0.0,0.012133259
5469,15,AW19,long duster,0.0,0.021553457
5440,83,AW19,sleeveless,0.018867925,0.010207538
5375,73,AW19,long sleeve,0.0,0.006224528
5491,43,AW19,short cardigan,0.0,0.0067519844
5472,75,AW19,long sleeve,0.0,0.013721507
5440,32,AW19,sleeveless,0.0,0.0071231797
5472,43,AW19,long sleeve,0.0,0.007242985
5472,73,AW19,long sleeve,0.018867925,0.0064835995
5491,22,AW19,short cardigan,0.0,0.004644543
5475,65,AW19,culottes,0.03773585,0.010105088
5491,76,AW19,short cardigan,0.0,0.0090799
5491,89,AW19,short cardigan,0.0,0.0047676787
5475,31,AW19,culottes,0.0,0.01868318
5472,51,AW19,long sleeve,0.018867925,0.008769184
5475,49,AW19,culottes,0.03773585,0.008721761
5491,80,AW19,short cardigan,0.0,0.0058267936
5375,39,AW19,long sleeve,0.0,0.0044085905
5375,14,AW19,long sleeve,0.0,0.0056103095
5375,48,AW19,long sleeve,0.0,0.0065473244
5461,62,AW19,long coat,0.018867925,0.011425115
5461,15,AW19,long coat,0.018867925,0.00097231567
5461,50,AW19,long coat,0.018867925,0.021393701
5526,1,AW19,short cardigan,0.03773585,0.018606443
5461,29,AW19,long coat,0.0,0.017314736
5424,36,AW19,long sleeve,0.018867925,0.029972501
5526,20,AW19,short cardigan,0.0,0.018882588
5424,41,AW19,long sleeve,0.03773585,0.019078016
5475,56,AW19,culottes,0.03773585,0.014459681
5000,121,AW19,long sleeve,0.0,0.010163285
5347,99,AW19,long sleeve,0.03773585,0.0053942315
5347,6,AW19,long sleeve,0.0,0.007052183
5480,2,AW19,long sleeve,0.0,0.0043687746
5480,12,AW19,long sleeve,0.0,0.0071775913
5480,10,AW19,long sleeve,0.0,0.017196678
5480,65,AW19,long sleeve,0.0,0.0060680546
5387,1,AW19,kimono dress,0.018867925,0.006575864
5480,19,AW19,long sleeve,0.0,0.0068567544
5480,48,AW19,long sleeve,0.0,0.00510747
5480,5,AW19,long sleeve,0.0,0.0052046925
5480,93,AW19,long sleeve,0.0,0.008849882
5458,105,AW19,sleeveless,0.018867925,0.010251831
5475,88,AW19,culottes,0.018867925,0.013663124
5526,51,AW19,short cardigan,0.0,0.008742545
5415,107,AW19,long sleeve,0.0,0.0073394105
5415,15,AW19,long sleeve,0.0,0.007819366
5415,49,AW19,long sleeve,0.0,0.009892628
5418,59,AW19,short cardigan,0.0,0.0048779137
5489,13,AW19,long sleeve,0.0,0.0075749755
5418,104,AW19,short cardigan,0.0,0.006065659
5489,80,AW19,long sleeve,0.0,0.009379387
5423,86,AW19,long sleeve,0.0,0.0045976155
5423,83,AW19,long sleeve,0.0,0.0060905516
5423,69,AW19,long sleeve,0.018867925,0.009068221
5489,86,AW19,long sleeve,0.0,0.0044548474
5488,30,AW19,long sleeve,0.0,0.0074668378
5475,13,AW19,culottes,0.03773585,0.012038231
5404,102,AW19,long sleeve,0.0,0.0061882325
5458,43,AW19,sleeveless,0.0,0.006951928
5421,7,AW19,long sleeve,0.0,0.006761253
5421,68,AW19,long sleeve,0.0,0.00889273
5475,16,AW19,culottes,0.018867925,0.014289662
5347,63,AW19,long sleeve,0.0,0.0076018125
5347,4,AW19,long sleeve,0.018867925,0.004835181
5489,12,AW19,long sleeve,0.0,0.0053871945
5347,67,AW19,long sleeve,0.0,0.0046072155
5347,82,AW19,long sleeve,0.03773585,0.008176643
5526,89,AW19,short cardigan,0.0,0.005671844
5347,27,AW19,long sleeve,0.018867925,0.011088006
5350,75,AW19,solid color top,0.018867925,0.008449044
5414,69,AW19,long sleeve,0.0,0.006542951
5489,31,AW19,long sleeve,0.0,0.0067327656
5478,104,AW19,short cardigan,0.0,0.0043543354
5458,39,AW19,sleeveless,0.0,0.0061814636
5480,106,AW19,long sleeve,0.0,0.006671779
5475,14,AW19,culottes,0.056603774,0.016325027
5458,21,AW19,sleeveless,0.0,0.020840205
5366,83,AW19,long sleeve,0.0,0.005211659
5366,35,AW19,long sleeve,0.0,0.007321991
5366,21,AW19,long sleeve,0.03773585,0.012043212
5475,48,AW19,culottes,0.018867925,0.0065343753
5367,83,AW19,long sleeve,0.03773585,0.0077985823
5367,103,AW19,long sleeve,0.0,0.009523526
5458,64,AW19,sleeveless,0.0,0.011013836
5475,75,AW19,culottes,0.056603774,0.03131826
5362,40,AW19,long sleeve,0.0,0.0049527287
5362,31,AW19,long sleeve,0.0,0.015871577
5457,36,AW19,long duster,0.0,0.013905577
5440,65,AW19,sleeveless,0.018867925,0.010059513
5343,27,AW19,long sleeve,0.0,0.009671424
5440,105,AW19,sleeveless,0.018867925,0.0046402365
5440,14,AW19,sleeveless,0.0,0.0059486628
5375,96,AW19,long sleeve,0.0,0.013595995
5375,12,AW19,long sleeve,0.0,0.0054526366
5375,10,AW19,long sleeve,0.0,0.00799413
5440,86,AW19,sleeveless,0.0,0.005027201
5375,7,AW19,long sleeve,0.0,0.006885849
5440,80,AW19,sleeveless,0.0,0.009109609
5366,54,AW19,long sleeve,0.0,0.010992058
5481,29,AW19,long sleeve,0.0,0.005410753
5526,46,AW19,short cardigan,0.0,0.01753664
5387,67,AW19,kimono dress,0.0,0.0046555772
5458,73,AW19,sleeveless,0.0,0.0065228306
5480,53,AW19,long sleeve,0.0,0.0070605725
5480,35,AW19,long sleeve,0.0,0.0047725663
5458,99,AW19,sleeveless,0.0,0.0059910566
5480,18,AW19,long sleeve,0.0,0.007270109
5480,115,AW19,long sleeve,0.0,0.01673051
5481,7,AW19,long sleeve,0.0,0.014176402
5481,105,AW19,long sleeve,0.0,0.019528009
5481,19,AW19,long sleeve,0.018867925,0.06074466
5526,35,AW19,short cardigan,0.0,0.0048419386
5481,80,AW19,long sleeve,0.0,0.026668418
5480,47,AW19,long sleeve,0.0,0.0088685155
5481,3,AW19,long sleeve,0.0,0.018501569
5481,5,AW19,long sleeve,0.0,0.009589296
5481,93,AW19,long sleeve,0.0,0.0042356476
5481,22,AW19,long sleeve,0.0,0.004616797
5481,52,AW19,long sleeve,0.0,0.0049537346
5481,76,AW19,long sleeve,0.0,0.010115385
5458,72,AW19,sleeveless,0.0,0.0045551136
5458,121,AW19,sleeveless,0.03773585,0.007827755
4869,74,AW19,medium coat,0.018867925,0.005786963
5481,27,AW19,long sleeve,0.056603774,0.013409574
5481,53,AW19,long sleeve,0.0,0.019794028
5475,43,AW19,culottes,0.0,0.017572276
5458,82,AW19,sleeveless,0.0,0.0046062097
5480,32,AW19,long sleeve,0.0,0.0057580955
5526,43,AW19,short cardigan,0.0,0.016846817
5059,43,AW19,kimono dress,0.0,0.012706213
5482,106,AW19,sleeveless,0.018867925,0.0155946165
5482,82,AW19,sleeveless,0.0,0.0055475608
5009,67,AW19,long sleeve,0.0,0.0062129237
5522,67,AW19,solid color top,0.0,0.00671044
5482,8,AW19,sleeveless,0.018867925,0.008844193
5523,105,AW19,sleeveless,0.0,0.008896738
5523,56,AW19,sleeveless,0.0,0.0060308054
5523,22,AW19,sleeveless,0.0,0.00906159
5351,109,AW19,kimono dress,0.0,0.010538645
5523,51,AW19,sleeveless,0.056603774,0.004536979
5482,1,AW19,sleeveless,0.0,0.020319216
5523,20,AW19,sleeveless,0.0,0.0048398003
5522,83,AW19,solid color top,0.0,0.006012656
5522,20,AW19,solid color top,0.0,0.008107074
5523,8,AW19,sleeveless,0.0,0.009105019
5334,2,AW19,long sleeve,0.018867925,0.009712424
5334,48,AW19,long sleeve,0.018867925,0.006148562
5376,13,AW19,long coat,0.0,0.014686655
5522,77,AW19,solid color top,0.0,0.008246131
5376,94,AW19,long coat,0.018867925,0.016527817
5334,20,AW19,long sleeve,0.0,0.009326465
5334,95,AW19,long sleeve,0.0,0.0087512955
5376,41,AW19,long coat,0.0,0.005778052
4763,88,AW19,medium coat,0.03773585,0.029536813
5482,22,AW19,sleeveless,0.018867925,0.009254798
5522,36,AW19,solid color top,0.018867925,0.027216673
5406,39,AW19,long coat,0.03773585,0.0072169155
5450,56,AW19,medium coat,0.018867925,0.012049049
5450,52,AW19,medium coat,0.0,0.009119578
5428,16,AW19,sheath dress,0.0,0.013832267
5450,89,AW19,medium coat,0.018867925,0.004065387
5450,42,AW19,medium coat,0.018867925,0.008777484
5450,83,AW19,medium coat,0.0,0.011841197
5450,85,AW19,medium coat,0.018867925,0.0061570443
5450,32,AW19,medium coat,0.0,0.009006489
5450,26,AW19,medium coat,0.0,0.006622076
5009,74,AW19,long sleeve,0.0,0.005657792
5450,4,AW19,medium coat,0.0,0.006173402
5450,21,AW19,medium coat,0.0,0.0065957904
4853,3,AW19,trapeze dress,0.0,0.014686655
5036,117,AW19,medium coat,0.03773585,0.011727061
5410,82,AW19,sleeveless,0.0,0.004512027
5419,30,AW19,sleeveless,0.056603774,0.026381858
5428,99,AW19,sheath dress,0.0,0.011821903
5522,29,AW19,solid color top,0.0,0.006564051
5522,18,AW19,solid color top,0.0,0.008940995
5522,26,AW19,solid color top,0.018867925,0.009150043
5482,80,AW19,sleeveless,0.0,0.0068554804
5450,100,AW19,medium coat,0.0,0.011392523
5406,30,AW19,long coat,0.018867925,0.025801376
5522,51,AW19,solid color top,0.018867925,0.007940762
4763,38,AW19,medium coat,0.0,0.019270029
4779,92,AW19,medium coat,0.018867925,0.011879917
5394,22,AW19,maxi,0.0,0.005010523
4779,33,AW19,medium coat,0.018867925,0.009530894
5394,92,AW19,maxi,0.0,0.005243223
4973,29,AW19,culottes,0.0,0.026323251
5394,84,AW19,maxi,0.0,0.0050212145
5394,91,AW19,maxi,0.0,0.006158199
5394,10,AW19,maxi,0.0,0.015138403
5522,7,AW19,solid color top,0.0,0.0068136975
5072,69,AW19,medium coat,0.0,0.0044943467
4779,14,AW19,medium coat,0.0,0.014721822
5522,49,AW19,solid color top,0.056603774,0.0070773214
4779,8,AW19,medium coat,0.018867925,0.01778271
5522,12,AW19,solid color top,0.0,0.013828341
5072,77,AW19,medium coat,0.018867925,0.0051894635
5522,2,AW19,solid color top,0.0,0.010043409
4973,3,AW19,culottes,0.018867925,0.012599289
5353,3,AW19,long sleeve,0.0,0.025650691
4778,48,AW19,medium coat,0.018867925,0.006609712
4778,14,AW19,medium coat,0.018867925,0.0051137507
5522,30,AW19,solid color top,0.0,0.0090495795
4973,105,AW19,culottes,0.0,0.0077313855
4779,26,AW19,medium coat,0.018867925,0.009905621
5522,22,AW19,solid color top,0.018867925,0.014778219
5522,105,AW19,solid color top,0.0,0.005443841
4779,105,AW19,medium coat,0.056603774,0.012986727
5379,121,AW19,long coat,0.018867925,0.0019421577
4763,101,AW19,medium coat,0.0,0.0122585185
4763,109,AW19,medium coat,0.0,0.016539868
5522,13,AW19,solid color top,0.0,0.014446661
4763,4,AW19,medium coat,0.0,0.011101194
5522,16,AW19,solid color top,0.0,0.015017927
4771,19,AW19,medium coat,0.018867925,0.0065315664
5379,22,AW19,long coat,0.0,0.0129201375
5379,9,AW19,long coat,0.0,0.010099769
4771,9,AW19,medium coat,0.0,0.021383949
5394,100,AW19,maxi,0.018867925,0.005835671
5379,105,AW19,long coat,0.0,0.007829137
4771,24,AW19,medium coat,0.03773585,0.029165052
5078,26,AW19,medium coat,0.018867925,0.013700515
4771,121,AW19,medium coat,0.0,0.039044723
5522,86,AW19,solid color top,0.0,0.005099863
4771,26,AW19,medium coat,0.0,0.019221291
5522,14,AW19,solid color top,0.0,0.0087584965
4762,43,AW19,medium coat,0.0,0.004760653
4762,109,AW19,medium coat,0.0,0.009068221
5394,104,AW19,maxi,0.0,0.008531846
5394,21,AW19,maxi,0.018867925,0.019106321
5379,49,AW19,long coat,0.0,0.011631854
4778,1,AW19,medium coat,0.018867925,0.01162906
5450,19,AW19,medium coat,0.0,0.0054964647
5433,21,AW19,long coat,0.03773585,0.0093731955
5517,6,AW19,long sleeve,0.0,0.011316497
5517,110,AW19,long sleeve,0.018867925,0.0045517385
5438,18,AW19,long sleeve,0.0,0.005337201
5517,9,AW19,long sleeve,0.0,0.004387874
5337,103,AW19,kimono dress,0.0,0.019538276
5076,69,AW19,sheath dress,0.018867925,0.003941737
5448,96,AW19,medium coat,0.0,0.009405438
5448,19,AW19,medium coat,0.0,0.0044089854
5448,86,AW19,medium coat,0.0,0.0047275126
5448,28,AW19,medium coat,0.0,0.005099125
5381,104,AW19,long sleeve,0.056603774,0.016234726
5448,33,AW19,medium coat,0.018867925,0.009687088
5517,80,AW19,long sleeve,0.0,0.013659786
5448,82,AW19,medium coat,0.0,0.0048776194
4970,80,AW19,long coat,0.0,0.006839983
4970,15,AW19,long coat,0.0,0.009675987
5059,60,AW19,kimono dress,0.0,0.017225068
5448,63,AW19,medium coat,0.0,0.004725769
5448,21,AW19,medium coat,0.0,0.0059497803
5448,64,AW19,medium coat,0.0,0.009277791
5531,80,AW19,long sleeve,0.03773585,0.019585572
5054,21,AW19,doll dress,0.018867925,0.005973339
5448,22,AW19,medium coat,0.0,0.005097501
5462,12,AW19,medium coat,0.018867925,0.020546906
5517,99,AW19,long sleeve,0.018867925,0.0042291433
5517,28,AW19,long sleeve,0.0,0.0044126585
5517,104,AW19,long sleeve,0.0,0.0062965415
5517,102,AW19,long sleeve,0.0,0.009066328
5517,103,AW19,long sleeve,0.0,0.004396487
5465,35,AW19,long coat,0.018867925,0.013379268
5384,93,AW19,long dress,0.0,0.006774001
5517,20,AW19,long sleeve,0.0,0.009199239
5384,69,AW19,long dress,0.03773585,0.0062401667
5517,1,AW19,long sleeve,0.0,0.0054092854
5517,51,AW19,long sleeve,0.0,0.0071960837
5381,31,AW19,long sleeve,0.0,0.011203751
4971,121,AW19,doll dress,0.0,0.010501504
5381,75,AW19,long sleeve,0.018867925,0.011309665
5385,23,AW19,doll dress,0.0,0.01424735
5390,92,AW19,miniskirt,0.0,0.0077381954
5381,13,AW19,long sleeve,0.03773585,0.0070014372
5517,89,AW19,long sleeve,0.0,0.004245762
4867,15,AW19,sheath dress,0.018867925,0.017406665
5517,13,AW19,long sleeve,0.0,0.006653115
5381,46,AW19,long sleeve,0.0,0.0124450885
4971,86,AW19,doll dress,0.0,0.009694219
4971,99,AW19,doll dress,0.0,0.008570369
4971,52,AW19,doll dress,0.0,0.009705294
4817,0,AW19,doll dress,0.018867925,0.025329404
5433,29,AW19,long coat,0.0,0.015429571
5462,10,AW19,medium coat,0.0,0.014119826
5054,32,AW19,doll dress,0.018867925,0.009361267
5471,76,AW19,medium coat,0.018867925,0.016458862
5403,56,AW19,long coat,0.03773585,0.00895416
5351,62,AW19,kimono dress,0.018867925,0.010013871
5471,82,AW19,medium coat,0.018867925,0.019554108
5403,69,AW19,long coat,0.056603774,0.010358591
5471,36,AW19,medium coat,0.0,0.013557233
5471,46,AW19,medium coat,0.0,0.01283687
5471,18,AW19,medium coat,0.0,0.010996405
5471,102,AW19,medium coat,0.056603774,0.0056286417
5471,57,AW19,medium coat,0.0,0.008652654
5471,45,AW19,medium coat,0.0,0.00833806
5433,79,AW19,long coat,0.056603774,0.011114441
5433,73,AW19,long coat,0.0,0.009891111
5433,9,AW19,long coat,0.0,0.009731673
5471,23,AW19,medium coat,0.018867925,0.007973887
5428,27,AW19,sheath dress,0.018867925,0.008722361
5433,76,AW19,long coat,0.0754717,0.0080232285
5462,103,AW19,medium coat,0.018867925,0.005082976
5433,68,AW19,long coat,0.018867925,0.009883519
5462,8,AW19,medium coat,0.0,0.0064482465
5462,21,AW19,medium coat,0.0,0.015853766
5433,103,AW19,long coat,0.018867925,0.008939616
5471,64,AW19,medium coat,0.018867925,0.008683242
5517,88,AW19,long sleeve,0.0,0.007917091
5471,93,AW19,medium coat,0.0,0.006088432
5428,4,AW19,sheath dress,0.0,0.0056535527
5462,43,AW19,medium coat,0.018867925,0.009956174
5462,39,AW19,medium coat,0.018867925,0.0056549795
5462,9,AW19,medium coat,0.0,0.0092610195
5462,3,AW19,medium coat,0.0,0.010282651
5462,93,AW19,medium coat,0.0,0.010865644
5462,33,AW19,medium coat,0.0,0.021628391
5462,76,AW19,medium coat,0.0,0.008105934
5517,86,AW19,long sleeve,0.018867925,0.014795471
5462,72,AW19,medium coat,0.03773585,0.010152247
5517,49,AW19,long sleeve,0.03773585,0.004604388
5471,99,AW19,medium coat,0.0,0.01421088
5438,73,AW19,long sleeve,0.0,0.004505176
5462,35,AW19,medium coat,0.0,0.007433988
5471,30,AW19,medium coat,0.018867925,0.006698996
5471,12,AW19,medium coat,0.0,0.019830357
5471,7,AW19,medium coat,0.0,0.010200396
5428,64,AW19,sheath dress,0.018867925,0.0048485696
5471,19,AW19,medium coat,0.018867925,0.015554473
5471,43,AW19,medium coat,0.018867925,0.015727311
5471,73,AW19,medium coat,0.018867925,0.014846534
5471,110,AW19,medium coat,0.018867925,0.017105773
5471,3,AW19,medium coat,0.0,0.009051781
5462,74,AW19,medium coat,0.0,0.012214787
5069,64,AW19,long sleeve,0.0,0.019395418
4778,106,AW19,medium coat,0.0,0.019922696
4964,76,AW19,gitana skirt,0.03773585,0.01522335
5505,79,AW19,sleeveless,0.0,0.004618183
5505,86,AW19,sleeveless,0.0,0.0043406487
5505,80,AW19,sleeveless,0.0,0.010394789
5505,56,AW19,sleeveless,0.0,0.004238706
5505,76,AW19,sleeveless,0.018867925,0.017542355
5505,89,AW19,sleeveless,0.018867925,0.009253018
5408,86,AW19,long sleeve,0.0,0.0058916286
5408,92,AW19,long sleeve,0.0,0.011830974
5408,88,AW19,long sleeve,0.018867925,0.015896216
5505,51,AW19,sleeveless,0.0,0.0058008283
5505,12,AW19,sleeveless,0.018867925,0.011576384
5505,47,AW19,sleeveless,0.0,0.010376152
5505,74,AW19,sleeveless,0.0,0.006906837
5500,64,AW19,culottes,0.0,0.009440221
5505,35,AW19,sleeveless,0.0,0.0064701587
5493,30,AW19,sleeveless,0.0,0.0046492293
5493,12,AW19,sleeveless,0.0,0.005363323
5493,75,AW19,sleeveless,0.0,0.0053234845
5493,110,AW19,sleeveless,0.0,0.004790686
5408,74,AW19,long sleeve,0.0,0.00859043
5500,36,AW19,culottes,0.0,0.0053587034
5493,77,AW19,sleeveless,0.0,0.0068524107
5443,117,AW19,long coat,0.0,0.006492082
5408,95,AW19,long sleeve,0.0,0.018801536
5331,110,AW19,solid color top,0.0,0.0045617037
4969,10,AW19,long sleeve,0.018867925,0.008491933
5443,105,AW19,long coat,0.0,0.0051727295
4969,13,AW19,long sleeve,0.018867925,0.010534018
5443,48,AW19,long coat,0.018867925,0.0062401667
5451,73,AW19,medium coat,0.0,0.015069932
5443,92,AW19,long coat,0.0,0.010019496
5451,43,AW19,medium coat,0.0,0.013757896
5451,86,AW19,medium coat,0.018867925,0.0115330815
5492,85,AW19,solid color top,0.018867925,0.01354979
5492,67,AW19,solid color top,0.0,0.0064309165
5451,91,AW19,medium coat,0.0,0.0071086586
5492,64,AW19,solid color top,0.0,0.017719187
5492,53,AW19,solid color top,0.018867925,0.0050177015
5451,10,AW19,medium coat,0.0,0.0075251833
5451,12,AW19,medium coat,0.056603774,0.026773147
5492,35,AW19,solid color top,0.0,0.004295569
5492,81,AW19,solid color top,0.0,0.0051317364
5492,46,AW19,solid color top,0.0,0.0050931796
5492,103,AW19,solid color top,0.0,0.0043771043
5492,8,AW19,solid color top,0.0,0.010022953
4895,105,AW19,long sleeve,0.0,0.012298167
5492,59,AW19,solid color top,0.0,0.009419106
5492,63,AW19,solid color top,0.0,0.0042859092
5451,49,AW19,medium coat,0.0,0.012644019
5492,107,AW19,solid color top,0.018867925,0.010181434
5493,47,AW19,sleeveless,0.0,0.00960023
5408,102,AW19,long sleeve,0.0,0.013509877
5454,13,AW19,culottes,0.0,0.018232651
5454,93,AW19,culottes,0.0,0.016480371
5454,77,AW19,culottes,0.0,0.00798481
5454,36,AW19,culottes,0.0,0.008973654
4899,6,AW19,culottes,0.018867925,0.012865342
5500,2,AW19,culottes,0.0,0.01413013
5500,56,AW19,culottes,0.0,0.017123364
5500,5,AW19,culottes,0.0,0.017700598
5468,13,AW19,culottes,0.056603774,0.023277164
5468,77,AW19,culottes,0.0,0.013856754
5454,49,AW19,culottes,0.0,0.0060503893
5046,53,AW19,medium coat,0.03773585,0.008895069
5073,12,AW19,medium coat,0.094339624,0.013033979
5429,13,AW19,patterned top,0.0,0.009144902
5429,117,AW19,patterned top,0.03773585,0.01701134
5429,93,AW19,patterned top,0.0,0.010248467
5429,89,AW19,patterned top,0.0,0.0074124783
5429,77,AW19,patterned top,0.0,0.0047400743
5452,117,AW19,long coat,0.018867925,0.008004639
5429,101,AW19,patterned top,0.0,0.01166584
5073,69,AW19,medium coat,0.018867925,0.011173189
5348,57,AW19,culottes,0.0,0.011674754
5452,39,AW19,long coat,0.0,0.0055005252
5436,19,AW19,long sleeve,0.0,0.010172747
5500,47,AW19,culottes,0.0,0.0060118064
5454,96,AW19,culottes,0.018867925,0.0135768205
5436,14,AW19,long sleeve,0.0,0.017204344
5443,107,AW19,long coat,0.0,0.0067006983
5493,8,AW19,sleeveless,0.0,0.0073859543
4844,105,AW19,doll dress,0.0,0.005535133
5443,83,AW19,long coat,0.0,0.005714789
5443,32,AW19,long coat,0.0,0.012375176
5040,79,AW19,solid color top,0.018867925,0.01878649
5459,62,AW19,culottes,0.0,0.010695055
5459,2,AW19,culottes,0.0,0.011704132
5459,49,AW19,culottes,0.0,0.014721822
5454,62,AW19,culottes,0.0,0.011626538
5500,121,AW19,culottes,0.018867925,0.006630495
5459,94,AW19,culottes,0.0,0.01529986
5500,85,AW19,culottes,0.03773585,0.0096770115
5459,43,AW19,culottes,0.0,0.0123132095
5500,83,AW19,culottes,0.0,0.015194096
5500,61,AW19,culottes,0.0,0.01428844
5459,47,AW19,culottes,0.0,0.015260778
5452,59,AW19,long coat,0.018867925,0.0067088977
5436,121,AW19,long sleeve,0.0,0.007678412
5459,18,AW19,culottes,0.0,0.025097031
5459,63,AW19,culottes,0.0,0.016095944
5459,65,AW19,culottes,0.018867925,0.0153500885
5492,20,AW19,solid color top,0.0,0.009642653
5492,1,AW19,solid color top,0.0,0.006322056
5451,85,AW19,medium coat,0.0,0.013035346
4778,64,AW19,medium coat,0.0,0.00764817
4778,41,AW19,medium coat,0.0,0.009610742
5519,45,AW19,long coat,0.0,0.004877895
5490,5,AW19,culottes,0.0,0.006773751
5490,16,AW19,culottes,0.0,0.004436344
5490,89,AW19,culottes,0.0,0.007822517
5519,43,AW19,long coat,0.0,0.008593332
5490,1,AW19,culottes,0.0,0.0062286183
5519,75,AW19,long coat,0.018867925,0.0048295967
5519,19,AW19,long coat,0.03773585,0.004869271
5519,1,AW19,long coat,0.0,0.0054695606
5490,42,AW19,culottes,0.0,0.008737706
5490,27,AW19,culottes,0.0,0.008370824
5519,2,AW19,long coat,0.0,0.00790894
5490,121,AW19,culottes,0.0,0.0061913654
5504,46,AW19,medium coat,0.018867925,0.031394325
5490,32,AW19,culottes,0.0,0.0071434677
5504,53,AW19,medium coat,0.03773585,0.022746619
5490,35,AW19,culottes,0.0,0.013490498
5490,81,AW19,culottes,0.0,0.0050354153
5490,46,AW19,culottes,0.0,0.0101338625
5490,8,AW19,culottes,0.0,0.0045670085
5519,10,AW19,long coat,0.0,0.011758529
5490,63,AW19,culottes,0.0,0.0090316795
5490,43,AW19,culottes,0.0,0.006167613
4778,57,AW19,medium coat,0.0,0.004280396
5497,64,AW19,long coat,0.0,0.009392433
4778,74,AW19,medium coat,0.0,0.0031166151
5497,115,AW19,long coat,0.0,0.007835299
5497,18,AW19,long coat,0.0,0.004207056
5497,46,AW19,long coat,0.0,0.006717697
5497,20,AW19,long coat,0.018867925,0.010737993
5497,76,AW19,long coat,0.0,0.0081766285
5497,45,AW19,long coat,0.018867925,0.007645149
5497,93,AW19,long coat,0.0,0.0045053773
5497,13,AW19,long coat,0.0,0.0046446025
5490,75,AW19,culottes,0.0,0.0070539676
5497,3,AW19,long coat,0.0,0.01108925
5497,43,AW19,long coat,0.0,0.011865709
5497,75,AW19,long coat,0.018867925,0.008882869
5497,19,AW19,long coat,0.0,0.0069161914
5497,105,AW19,long coat,0.018867925,0.009177394
5431,29,AW19,kimono dress,0.018867925,0.005218558
5497,10,AW19,long coat,0.0,0.010601029
5490,30,AW19,culottes,0.0,0.0072989278
5490,2,AW19,culottes,0.0,0.009104565
5490,15,AW19,culottes,0.0,0.0057107247
5519,18,AW19,long coat,0.0,0.004324071
5497,73,AW19,long coat,0.018867925,0.007739749
5504,16,AW19,medium coat,0.0,0.016963378
5504,56,AW19,medium coat,0.03773585,0.01488281
5490,21,AW19,culottes,0.0,0.0064536147
5492,80,AW19,solid color top,0.0,0.0058614984
5047,19,AW19,long sleeve,0.0,0.0075080916
5449,43,AW19,medium coat,0.018867925,0.006400861
5449,19,AW19,medium coat,0.0,0.011700738
5061,5,AW19,long coat,0.056603774,0.0051574707
5449,31,AW19,medium coat,0.0,0.0063853823
5061,73,AW19,long coat,0.094339624,0.02920156
5449,15,AW19,medium coat,0.018867925,0.0043179244
5492,6,AW19,solid color top,0.0,0.016574185
5492,99,AW19,solid color top,0.0,0.0061363727
5492,39,AW19,solid color top,0.0,0.004683081
5449,10,AW19,medium coat,0.03773585,0.004542209
5061,12,AW19,long coat,0.018867925,0.025780175
5443,49,AW19,long coat,0.018867925,0.0048518404
5492,56,AW19,solid color top,0.0,0.004371524
5451,29,AW19,medium coat,0.0,0.015960634
5492,93,AW19,solid color top,0.0,0.00529328
4969,53,AW19,long sleeve,0.0,0.0065705925
5492,52,AW19,solid color top,0.0,0.0046858676
5492,76,AW19,solid color top,0.0,0.014302313
5492,77,AW19,solid color top,0.0,0.00584393
5451,53,AW19,medium coat,0.018867925,0.008518107
5449,12,AW19,medium coat,0.018867925,0.012217812
5492,43,AW19,solid color top,0.0,0.004567355
5492,86,AW19,solid color top,0.0,0.008815467
5449,16,AW19,medium coat,0.0,0.011198815
5490,104,AW19,culottes,0.0,0.0052946694
5447,30,AW19,solid color top,0.0,0.004149925
5504,91,AW19,medium coat,0.03773585,0.009282276
5504,12,AW19,medium coat,0.0,0.033847068
5530,53,AW19,medium coat,0.03773585,0.020739503
5069,35,AW19,long sleeve,0.0,0.015602596
5447,40,AW19,solid color top,0.0,0.0065957904
5045,12,AW19,solid color top,0.0,0.0058593377
5449,100,AW19,medium coat,0.018867925,0.0073205456
5047,41,AW19,long sleeve,0.0,0.011451207
4882,125,AW19,culottes,0.0,0.016740214
4989,109,AW19,miniskirt,0.0,0.0078067556
5066,33,AW19,long coat,0.018867925,0.018466394
5492,96,AW19,solid color top,0.0,0.006734103
5492,12,AW19,solid color top,0.0,0.025325164
5047,53,AW19,long sleeve,0.0,0.013560072
5492,7,AW19,solid color top,0.018867925,0.012730926
5492,66,AW19,solid color top,0.0,0.0059013106
5449,76,AW19,medium coat,0.0,0.008864075
5492,19,AW19,solid color top,0.0,0.00427169
5492,79,AW19,solid color top,0.018867925,0.0041928217
5061,21,AW19,long coat,0.018867925,0.0068371594
5359,39,AW19,culottes,0.0,0.01880686
5332,81,AW19,doll dress,0.0,0.01007469
5502,14,AW19,long sleeve,0.018867925,0.004175108
4970,7,AW19,long coat,0.0,0.01063218
5398,10,AW19,medium coat,0.0,0.014659144
5445,117,AW19,long dress,0.018867925,0.008882862
5445,93,AW19,long dress,0.03773585,0.016003713
5445,33,AW19,long dress,0.0,0.009499349
5445,89,AW19,long dress,0.0,0.008975841
5455,59,AW19,solid color top,0.0,0.009186227
5455,63,AW19,solid color top,0.094339624,0.012186602
5445,46,AW19,long dress,0.0,0.0065145344
5445,0,AW19,long dress,0.018867925,0.014044389
5445,63,AW19,long dress,0.0,0.0075208135
5464,77,AW19,sheath dress,0.018867925,0.0046435744
5464,64,AW19,sheath dress,0.0,0.014577359
5441,12,AW19,long dress,0.0,0.0052397996
5455,25,AW19,solid color top,0.0,0.013878137
5441,65,AW19,long dress,0.018867925,0.012566585
5441,105,AW19,long dress,0.0,0.006817993
5441,19,AW19,long dress,0.056603774,0.012974557
5515,35,AW19,long sleeve,0.03773585,0.0074805766
5441,9,AW19,long dress,0.0,0.015029751
5441,99,AW19,long dress,0.0,0.0057887323
5441,16,AW19,long dress,0.018867925,0.017748125
5445,29,AW19,long dress,0.0,0.005309537
5464,76,AW19,sheath dress,0.018867925,0.017375812
5464,93,AW19,sheath dress,0.018867925,0.008602001
5464,28,AW19,sheath dress,0.0,0.014830895
5426,68,AW19,long sleeve,0.0,0.004572585
5426,31,AW19,long sleeve,0.0,0.004603073
5391,29,AW19,long sleeve,0.0,0.0041707233
5483,30,AW19,sheath dress,0.03773585,0.009026989
5463,81,AW19,sheath dress,0.03773585,0.01453745
5483,43,AW19,sheath dress,0.0,0.009378109
5463,26,AW19,sheath dress,0.018867925,0.004386764
5463,29,AW19,sheath dress,0.0,0.0047620796
5483,40,AW19,sheath dress,0.018867925,0.010857396
5464,31,AW19,sheath dress,0.0,0.007596925
5464,94,AW19,sheath dress,0.0,0.011439808
5445,12,AW19,long dress,0.0,0.0117714815
5445,7,AW19,long dress,0.018867925,0.013351075
5391,91,AW19,long sleeve,0.0,0.0043326914
5445,65,AW19,long dress,0.0,0.0065933242
5445,94,AW19,long dress,0.03773585,0.006598957
5391,2,AW19,long sleeve,0.0,0.005527947
5464,43,AW19,sheath dress,0.0,0.010405187
5464,80,AW19,sheath dress,0.018867925,0.008652128
5464,5,AW19,sheath dress,0.0,0.008737192
5464,99,AW19,sheath dress,0.018867925,0.011523418
5441,93,AW19,long dress,0.0,0.030635577
5386,2,AW19,long sleeve,0.0,0.0021001548
5515,81,AW19,long sleeve,0.0,0.010603398
5455,41,AW19,solid color top,0.0,0.015745439
5027,67,AW19,long coat,0.0,0.012272779
4976,86,AW19,sleeveless,0.0,0.017329693
5027,18,AW19,long coat,0.018867925,0.024900973
5495,51,AW19,solid color top,0.03773585,0.0044901147
4992,56,AW19,long coat,0.03773585,0.02003733
5495,40,AW19,solid color top,0.0,0.0061541274
5495,69,AW19,solid color top,0.0,0.013399102
5495,46,AW19,solid color top,0.0,0.008765075
5494,15,AW19,long sleeve,0.0,0.0055744424
5495,80,AW19,solid color top,0.018867925,0.0059344918
5511,80,AW19,long sleeve,0.0,0.03857671
5494,65,AW19,long sleeve,0.0,0.006706983
5444,54,AW19,long sleeve,0.0,0.00908903
5444,49,AW19,long sleeve,0.0,0.012161404
5444,15,AW19,long sleeve,0.0,0.005705215
5494,84,AW19,long sleeve,0.0,0.004612766
5444,92,AW19,long sleeve,0.0,0.0053386316
5444,56,AW19,long sleeve,0.0,0.0123677105
5494,19,AW19,long sleeve,0.0,0.0046565533
5511,5,AW19,long sleeve,0.0,0.010388836
5495,29,AW19,solid color top,0.0,0.007430706
5495,105,AW19,solid color top,0.0,0.00526648
5495,12,AW19,solid color top,0.0,0.0048913173
5442,45,AW19,solid color top,0.0,0.004274808
5441,20,AW19,long dress,0.056603774,0.0058232322
5441,83,AW19,long dress,0.018867925,0.021207906
5441,121,AW19,long dress,0.0,0.009473987
5441,74,AW19,long dress,0.0,0.013966259
5441,69,AW19,long dress,0.018867925,0.01198617
5525,12,AW19,long sleeve,0.018867925,0.05080634
5015,5,AW19,medium coat,0.0,0.0060434565
5467,31,AW19,sleeveless,0.018867925,0.023162872
5033,104,AW19,medium coat,0.0,0.0043920726
5467,56,AW19,sleeveless,0.0,0.010327809
5051,77,AW19,trapeze dress,0.0,0.010985181
5467,93,AW19,sleeveless,0.0,0.0044116974
5502,88,AW19,long sleeve,0.0,0.011191603
5467,76,AW19,sleeveless,0.0,0.00459069
5467,77,AW19,sleeveless,0.018867925,0.009186111
5467,83,AW19,sleeveless,0.0,0.0063913316
5525,51,AW19,long sleeve,0.03773585,0.03631455
5467,32,AW19,sleeveless,0.0,0.0067215934
5340,85,AW19,culottes,0.018867925,0.017959107
5511,12,AW19,long sleeve,0.0,0.024891928
5442,22,AW19,solid color top,0.0,0.0058025457
5441,77,AW19,long dress,0.0,0.0057763904
5341,79,AW19,kimono dress,0.0,0.007983305
5386,86,AW19,long sleeve,0.018867925,0.0055803135
5386,43,AW19,long sleeve,0.0,0.007214669
4907,88,AW19,culottes,0.0,0.0047976896
5455,24,AW19,solid color top,0.018867925,0.038291506
5455,89,AW19,solid color top,0.0,0.006704405
5485,18,AW19,short sleeves,0.0,0.043913487
5485,44,AW19,short sleeves,0.018867925,0.02188341
5485,115,AW19,short sleeves,0.0,0.022430059
5515,5,AW19,long sleeve,0.0,0.012295119
5510,96,AW19,short sleeves,0.03773585,0.0065884925
5455,38,AW19,solid color top,0.0,0.00880643
5485,76,AW19,short sleeves,0.03773585,0.025721803
5510,7,AW19,short sleeves,0.0,0.018477976
5455,109,AW19,solid color top,0.0,0.018713541
5510,105,AW19,short sleeves,0.0,0.0076123923
5510,19,AW19,short sleeves,0.0,0.010312479
5510,43,AW19,short sleeves,0.03773585,0.028701644
5341,28,AW19,kimono dress,0.0,0.0149538
5510,3,AW19,short sleeves,0.0,0.01753392
5440,53,AW19,sleeveless,0.0,0.0059945397
5510,93,AW19,short sleeves,0.0,0.031013548
5510,76,AW19,short sleeves,0.03773585,0.014056344
5455,106,AW19,solid color top,0.0,0.0074925646
5455,16,AW19,solid color top,0.0,0.01365184
5455,56,AW19,solid color top,0.0,0.008884642
5485,43,AW19,short sleeves,0.03773585,0.03312029
5341,64,AW19,kimono dress,0.0,0.009489551
5455,79,AW19,solid color top,0.0,0.01706969
5059,81,AW19,kimono dress,0.03773585,0.014049076
5059,26,AW19,kimono dress,0.0,0.0051619485
5059,46,AW19,kimono dress,0.0,0.011378884
4904,105,AW19,long sleeve,0.018867925,0.018619377
5064,2,AW19,kimono dress,0.0,0.0056042224
5064,19,AW19,kimono dress,0.0,0.009843819
5064,14,AW19,kimono dress,0.018867925,0.005732782
5064,46,AW19,kimono dress,0.0,0.009152241
5446,15,AW19,long sleeve,0.018867925,0.010199279
5455,39,AW19,solid color top,0.0,0.017406967
4947,83,AW19,culottes,0.0,0.0057417825
5485,96,AW19,short sleeves,0.018867925,0.014713027
5455,73,AW19,solid color top,0.0,0.0062998384
5455,110,AW19,solid color top,0.0,0.0041280463
5455,3,AW19,solid color top,0.0,0.012132205
5485,105,AW19,short sleeves,0.0,0.029086279
5485,19,AW19,short sleeves,0.0,0.03287874
5485,75,AW19,short sleeves,0.13207547,0.018868886
5485,92,AW19,short sleeves,0.018867925,0.015341297
5440,8,AW19,sleeveless,0.0,0.0057266057
5510,1,AW19,short sleeves,0.0,0.017876938
5439,18,AW19,solid color top,0.0,0.004798908
5510,101,AW19,short sleeves,0.0,0.008661494
5463,66,AW19,sheath dress,0.0,0.009191692
5439,7,AW19,solid color top,0.0,0.007863395
5439,49,AW19,solid color top,0.0,0.0049328357
5389,4,AW19,long sleeve,0.0,0.010067463
5455,32,AW19,solid color top,0.0,0.017851971
5389,67,AW19,long sleeve,0.0,0.0062171966
5389,51,AW19,long sleeve,0.0,0.013389915
5389,89,AW19,long sleeve,0.0754717,0.020127814
5463,9,AW19,sheath dress,0.018867925,0.009646691
5389,13,AW19,long sleeve,0.0,0.019389875
5389,3,AW19,long sleeve,0.03773585,0.027606523
5389,9,AW19,long sleeve,0.0,0.027262967
5463,45,AW19,sheath dress,0.018867925,0.011050243
5386,63,AW19,long sleeve,0.0,0.012217544
5463,76,AW19,sheath dress,0.018867925,0.016128227
5463,51,AW19,sheath dress,0.0,0.0021093413
5386,107,AW19,long sleeve,0.03773585,0.005332008
5335,72,AW19,shirt dress,0.0,0.01212642
4724,38,AW19,long coat,0.0,0.004371524
5335,33,AW19,shirt dress,0.0,0.006926257
5463,53,AW19,sheath dress,0.0,0.007837094
5389,125,AW19,long sleeve,0.018867925,0.008837037
5494,43,AW19,long sleeve,0.0,0.004565172
5499,38,AW19,short cardigan,0.0,0.005730871
5425,6,AW19,long sleeve,0.0,0.010200903
5510,82,AW19,short sleeves,0.018867925,0.014431737
5439,81,AW19,solid color top,0.0,0.004988201
5439,121,AW19,solid color top,0.0,0.0140718445
5463,2,AW19,sheath dress,0.018867925,0.010589134
5344,4,AW19,doll dress,0.018867925,0.03303085
5510,18,AW19,short sleeves,0.0,0.012260772
5510,115,AW19,short sleeves,0.0,0.02234596
5439,107,AW19,solid color top,0.0,0.012191758
5463,7,AW19,sheath dress,0.03773585,0.0052171126
5439,56,AW19,solid color top,0.0,0.004700631
5417,24,AW19,long sleeve,0.0,0.012733579
5417,74,AW19,long sleeve,0.018867925,0.008078761
5417,0,AW19,long sleeve,0.018867925,0.0045267195
5344,23,AW19,doll dress,0.03773585,0.013401061
5417,4,AW19,long sleeve,0.0,0.0048295967
5417,59,AW19,long sleeve,0.0,0.0055006705
5407,80,AW19,long sleeve,0.0,0.0048724115
5455,67,AW19,solid color top,0.018867925,0.018114958
5407,69,AW19,long sleeve,0.0,0.01669423
5407,0,AW19,long sleeve,0.0,0.009893857
5425,7,AW19,long sleeve,0.0,0.008124605
5463,94,AW19,sheath dress,0.0,0.0052418374
5494,80,AW19,long sleeve,0.0,0.0067810304
5467,22,AW19,sleeveless,0.0,0.0050076656
5474,85,AW19,long dress,0.0,0.009219542
5498,36,AW19,doll dress,0.0,0.011237055
5521,75,AW19,long coat,0.0,0.006018594
5474,14,AW19,long dress,0.0,0.004771389
5474,19,AW19,long dress,0.0,0.009699322
5527,93,AW19,long coat,0.0,0.019473944
5474,66,AW19,long dress,0.018867925,0.0051371157
5474,94,AW19,long dress,0.0,0.0070881136
5521,30,AW19,long coat,0.0,0.018197436
5498,46,AW19,doll dress,0.0,0.006803371
5521,19,AW19,long coat,0.0,0.0073201954
5501,77,AW19,long dress,0.0,0.005622115
5474,15,AW19,long dress,0.0,0.0051037334
5474,10,AW19,long dress,0.0,0.009783633
5474,12,AW19,long dress,0.0,0.00552503
5498,81,AW19,doll dress,0.018867925,0.010687415
5474,2,AW19,long dress,0.0,0.010403272
5498,95,AW19,doll dress,0.0,0.02167692
5521,73,AW19,long coat,0.018867925,0.012989312
5521,3,AW19,long coat,0.0,0.005035743
5498,100,AW19,doll dress,0.0,0.010174487
5053,19,AW19,culottes,0.018867925,0.00720156
5520,101,AW19,doll dress,0.018867925,0.009883519
5501,80,AW19,long dress,0.0,0.012664691
5521,93,AW19,long coat,0.0,0.0056194887
5501,85,AW19,long dress,0.0,0.018547181
5527,26,AW19,long coat,0.056603774,0.0057174973
5409,53,AW19,culottes,0.0,0.005195044
5474,32,AW19,long dress,0.0,0.00927338
5409,83,AW19,culottes,0.018867925,0.0046966895
5474,47,AW19,long dress,0.0,0.00919541
5474,96,AW19,long dress,0.0,0.0068712756
5474,86,AW19,long dress,0.0,0.0045900457
4938,84,AW19,culottes,0.0,0.014250971
5498,35,AW19,doll dress,0.0,0.013811391
5529,80,AW19,culottes,0.018867925,0.033068124
5498,89,AW19,doll dress,0.018867925,0.0046238974
5474,77,AW19,long dress,0.0,0.007320907
5474,51,AW19,long dress,0.0,0.0056205206
5474,89,AW19,long dress,0.0,0.0072720125
5498,68,AW19,doll dress,0.0,0.011284567
5498,1,AW19,doll dress,0.03773585,0.015783139
5474,76,AW19,long dress,0.018867925,0.004834309
5521,43,AW19,long coat,0.018867925,0.009766109
5474,22,AW19,long dress,0.0,0.005462665
5474,38,AW19,long dress,0.0,0.014324211
5501,76,AW19,long dress,0.0,0.010891531
5529,12,AW19,culottes,0.018867925,0.033789124
5474,20,AW19,long dress,0.018867925,0.0061688647
5474,56,AW19,long dress,0.018867925,0.009038448
5474,99,AW19,long dress,0.0,0.0050352365
5474,5,AW19,long dress,0.0,0.004355751
5474,43,AW19,long dress,0.0,0.009898484
5498,40,AW19,doll dress,0.03773585,0.006080389
5474,82,AW19,long dress,0.0,0.007952273
5529,46,AW19,culottes,0.018867925,0.011633143
5474,80,AW19,long dress,0.018867925,0.019456953
5498,13,AW19,doll dress,0.0,0.011684161
5501,36,AW19,long dress,0.018867925,0.027839167
5498,93,AW19,doll dress,0.0,0.008446675
5474,73,AW19,long dress,0.0,0.005465828
5474,9,AW19,long dress,0.0,0.013832685
5501,5,AW19,long dress,0.018867925,0.010111947
4931,49,AW19,culottes,0.018867925,0.007522434
5498,121,AW19,doll dress,0.0,0.0060161278
5501,24,AW19,long dress,0.0,0.0055385977
5498,33,AW19,doll dress,0.0,0.0046306215
5474,74,AW19,long dress,0.0,0.00655549
5474,53,AW19,long dress,0.0,0.0048406348
5498,43,AW19,doll dress,0.0,0.0067808405
5434,8,AW19,culottes,0.0,0.011960611
5511,52,AW19,long sleeve,0.018867925,0.006890811
5511,51,AW19,long sleeve,0.0,0.021399781
5502,69,AW19,long sleeve,0.0,0.009271778
5511,1,AW19,long sleeve,0.0,0.014538668
5527,18,AW19,long coat,0.03773585,0.014161967
5474,4,AW19,long dress,0.0,0.008252278
5474,18,AW19,long dress,0.0,0.0052292943
5521,125,AW19,long coat,0.018867925,0.0043023713
5474,41,AW19,long dress,0.0,0.0050743297
5502,100,AW19,long sleeve,0.0,0.004987031
5498,12,AW19,doll dress,0.0,0.008626349
5409,68,AW19,culottes,0.018867925,0.006297238
5001,85,AW19,long sleeve,0.0,0.033129353
5511,53,AW19,long sleeve,0.018867925,0.012093499
5527,19,AW19,long coat,0.018867925,0.012315493
5474,29,AW19,long dress,0.0,0.005037032
5434,105,AW19,culottes,0.056603774,0.018646106
5398,105,AW19,medium coat,0.0,0.0070042387
5444,82,AW19,long sleeve,0.0,0.0075777844
5474,21,AW19,long dress,0.0,0.008492984
5444,83,AW19,long sleeve,0.0,0.026692659
5474,8,AW19,long dress,0.0,0.0056391284
5494,5,AW19,long sleeve,0.0,0.0045766756
5434,53,AW19,culottes,0.0,0.009482276
5444,121,AW19,long sleeve,0.018867925,0.0048499927
5444,46,AW19,long sleeve,0.0,0.0045080185
5494,74,AW19,long sleeve,0.0,0.004834365
5494,35,AW19,long sleeve,0.0,0.004148677
5494,29,AW19,long sleeve,0.0,0.01196488
5474,115,AW19,long dress,0.0,0.0045070015
5502,53,AW19,long sleeve,0.0,0.0047755316
5520,12,AW19,doll dress,0.0,0.0080278255
5521,8,AW19,long coat,0.0,0.008149646
5511,46,AW19,long sleeve,0.018867925,0.020437758
5474,46,AW19,long dress,0.0,0.005576223
5498,86,AW19,doll dress,0.0,0.007760808
5409,117,AW19,culottes,0.0,0.009334806
5409,80,AW19,culottes,0.0,0.011949476
5409,105,AW19,culottes,0.0,0.023797221
5520,64,AW19,doll dress,0.0,0.013593629
4603,105,AW19,culottes,0.018867925,0.010709964
5501,12,AW19,long dress,0.0,0.032019284
5521,20,AW19,long coat,0.0,0.013856616
4662,24,AW19,culottes,0.0,0.011003781
5521,12,AW19,long coat,0.0,0.01104673
4975,105,AW19,culottes,0.0,0.01777307
5498,15,AW19,doll dress,0.0,0.0043130443
5474,35,AW19,long dress,0.0,0.005164765
4924,21,AW19,long coat,0.0,0.015013576
5474,69,AW19,long dress,0.0,0.0050127953
5521,86,AW19,long coat,0.0,0.010126881
5017,92,AW19,culottes,0.018867925,0.004223421
5521,46,AW19,long coat,0.0,0.009140022
5521,18,AW19,long coat,0.0,0.008381698
5501,30,AW19,long dress,0.0,0.017588966
4922,5,AW19,long coat,0.0,0.014329724
5474,36,AW19,long dress,0.13207547,0.024762295
5498,49,AW19,doll dress,0.0,0.0052612238
5521,36,AW19,long coat,0.0,0.012593731
5527,3,AW19,long coat,0.0,0.009327002
5393,18,AW19,kimono dress,0.0,0.004545331
5473,49,AW19,culottes,0.0,0.007260844
5475,32,AW19,culottes,0.0,0.010403849
5443,108,AW19,long coat,0.0,0.0046565533
5475,83,AW19,culottes,0.0,0.008945886
5475,82,AW19,culottes,0.0,0.010274302
5475,108,AW19,culottes,0.0,0.00886672
5517,43,AW19,long sleeve,0.0,0.016864456
5501,1,AW19,long dress,0.0,0.014991138
5475,73,AW19,culottes,0.0,0.013090856
5070,105,AW19,long coat,0.0,0.008124255
5501,46,AW19,long dress,0.018867925,0.011631854
5393,85,AW19,kimono dress,0.018867925,0.0117243305
5517,91,AW19,long sleeve,0.0,0.0055998713
5473,10,AW19,culottes,0.0,0.005660869
5475,3,AW19,culottes,0.13207547,0.028452445
5393,100,AW19,kimono dress,0.0,0.006882973
5475,80,AW19,culottes,0.0,0.012992322
5500,89,AW19,culottes,0.0,0.008664146
5501,2,AW19,long dress,0.018867925,0.01110867
5500,22,AW19,culottes,0.018867925,0.0056293085
5475,100,AW19,culottes,0.0,0.009156652
5500,93,AW19,culottes,0.0,0.01298371
5475,57,AW19,culottes,0.03773585,0.019010007
4939,108,AW19,culottes,0.0,0.012255095
5500,13,AW19,culottes,0.0,0.008737192
5452,86,AW19,long coat,0.018867925,0.0055401884
5475,115,AW19,culottes,0.0,0.02534274
5502,36,AW19,long sleeve,0.0,0.008253299
5500,3,AW19,culottes,0.018867925,0.009852685
5517,101,AW19,long sleeve,0.0,0.009395409
5517,82,AW19,long sleeve,0.018867925,0.0007710159
5023,108,AW19,medium cardigan,0.0,0.013424717
5475,41,AW19,culottes,0.0,0.0086193085
4697,79,AW19,short cardigan,0.0,0.0074158944
5517,95,AW19,long sleeve,0.0,0.0042315647
5502,40,AW19,long sleeve,0.0,0.007908978
5500,39,AW19,culottes,0.0,0.0068372115
5502,77,AW19,long sleeve,0.0,0.011797972
5502,3,AW19,long sleeve,0.0,0.012321595
5502,10,AW19,long sleeve,0.0,0.0046639033
5500,1,AW19,culottes,0.03773585,0.023634464
5475,8,AW19,culottes,0.0,0.019479819
5023,87,AW19,medium cardigan,0.018867925,0.012279734
4939,87,AW19,culottes,0.0,0.009782426
5500,95,AW19,culottes,0.0,0.019929335
5500,46,AW19,culottes,0.0,0.019600473
5500,81,AW19,culottes,0.0,0.009313956
5500,35,AW19,culottes,0.018867925,0.0073012784
5475,81,AW19,culottes,0.0,0.006768059
5501,9,AW19,long dress,0.0,0.007477209
5515,50,AW19,long sleeve,0.018867925,0.013559423
5473,30,AW19,culottes,0.0,0.014432874
5475,39,AW19,culottes,0.0,0.020094384
5393,57,AW19,kimono dress,0.0,0.0059016272
5500,53,AW19,culottes,0.0,0.011756737
5475,53,AW19,culottes,0.0,0.009867594
5501,75,AW19,long dress,0.0,0.017130986
5501,94,AW19,long dress,0.0,0.011051841
5337,105,AW19,kimono dress,0.018867925,0.012469646
5475,26,AW19,culottes,0.0,0.010076381
5515,73,AW19,long sleeve,0.0,0.02844808
5515,12,AW19,long sleeve,0.0,0.0076770335
5501,7,AW19,long dress,0.0,0.02272632
5500,20,AW19,culottes,0.0,0.0073106363
5337,48,AW19,kimono dress,0.0,0.023254834
5475,0,AW19,culottes,0.018867925,0.0065268353
5517,117,AW19,long sleeve,0.0,0.011641566
5517,76,AW19,long sleeve,0.0,0.007216774
5515,108,AW19,long sleeve,0.056603774,0.029661182
5473,19,AW19,culottes,0.0,0.008293159
5522,9,AW19,solid color top,0.018867925,0.007903472
5473,39,AW19,culottes,0.018867925,0.0056062117
5525,20,AW19,long sleeve,0.018867925,0.014033139
5522,85,AW19,solid color top,0.0,0.010237597
4694,75,AW19,long sleeve,0.03773585,0.0125304535
5475,47,AW19,culottes,0.0,0.009411935
5351,42,AW19,kimono dress,0.0,0.011547178
5535,41,AW19,kimono dress,0.0,0.0060974956
5525,52,AW19,long sleeve,0.018867925,0.012365401
5525,56,AW19,long sleeve,0.0,0.027267892
5473,81,AW19,culottes,0.0,0.0074171163
5475,7,AW19,culottes,0.018867925,0.0050503016
5525,108,AW19,long sleeve,0.018867925,0.04045142
5522,35,AW19,solid color top,0.0,0.014734425
5475,68,AW19,culottes,0.03773585,0.013109177
5525,73,AW19,long sleeve,0.0,0.026004061
5473,40,AW19,culottes,0.0,0.020148434
5475,15,AW19,culottes,0.0,0.011663504
5515,0,AW19,long sleeve,0.03773585,0.020909332
5520,36,AW19,doll dress,0.0,0.026249062
5535,64,AW19,kimono dress,0.018867925,0.0287695
5473,53,AW19,culottes,0.0,0.0059743077
5535,29,AW19,kimono dress,0.0,0.014084145
5522,46,AW19,solid color top,0.018867925,0.018706739
5069,29,AW19,long sleeve,0.0,0.011303764
5522,90,AW19,solid color top,0.03773585,0.006050471
4926,19,AW19,long sleeve,0.03773585,0.013019435
5351,16,AW19,kimono dress,0.0,0.0076731294
5525,94,AW19,long sleeve,0.0,0.027047489
5525,53,AW19,long sleeve,0.018867925,0.018131092
5387,10,AW19,kimono dress,0.0,0.009992365
5511,30,AW19,long sleeve,0.0,0.015138112
5522,80,AW19,solid color top,0.03773585,0.015477978
5393,65,AW19,kimono dress,0.018867925,0.008365698
5522,39,AW19,solid color top,0.0,0.0054463074
5522,43,AW19,solid color top,0.0,0.016494226
5522,79,AW19,solid color top,0.03773585,0.0101107955
5511,56,AW19,long sleeve,0.0,0.009412363
5522,60,AW19,solid color top,0.018867925,0.009526677
5511,13,AW19,long sleeve,0.03773585,0.011191301
5393,105,AW19,kimono dress,0.0,0.0057279468
5522,47,AW19,solid color top,0.018867925,0.00959456
5522,31,AW19,solid color top,0.0,0.0060930103
5511,20,AW19,long sleeve,0.03773585,0.0167583
5511,43,AW19,long sleeve,0.0,0.010723919
5511,75,AW19,long sleeve,0.018867925,0.008305527
5475,93,AW19,culottes,0.0,0.017486315
5522,15,AW19,solid color top,0.018867925,0.005064197
5473,29,AW19,culottes,0.0,0.008773819
5511,35,AW19,long sleeve,0.0,0.010118894
5387,75,AW19,kimono dress,0.056603774,0.0053396598
5511,81,AW19,long sleeve,0.0,0.016125087
5511,19,AW19,long sleeve,0.0,0.005368557
5353,39,AW19,long sleeve,0.0,0.009689733
5475,76,AW19,culottes,0.0,0.010545306
5387,91,AW19,kimono dress,0.0,0.0058819093
5511,15,AW19,long sleeve,0.0,0.013121635
5073,103,AW19,medium coat,0.03773585,0.015708614
5511,7,AW19,long sleeve,0.0,0.009873696
5428,80,AW19,sheath dress,0.018867925,0.0061885566
5428,108,AW19,sheath dress,0.0,0.0121939555
5535,104,AW19,kimono dress,0.0,0.005194586
5535,125,AW19,kimono dress,0.018867925,0.0139386505
5515,51,AW19,long sleeve,0.018867925,0.015221395
5535,69,AW19,kimono dress,0.0,0.023253676
5473,76,AW19,culottes,0.018867925,0.0053883865
5473,93,AW19,culottes,0.018867925,0.008062154
5535,40,AW19,kimono dress,0.0,0.0067435503
5522,5,AW19,solid color top,0.0,0.014015399
5443,10,AW19,long coat,0.0,0.01447757
5535,53,AW19,kimono dress,0.0,0.004868537
5535,67,AW19,kimono dress,0.0,0.011831336
5387,108,AW19,kimono dress,0.0,0.0074696243
5515,89,AW19,long sleeve,0.0,0.012907073
5428,36,AW19,sheath dress,0.0,0.004756227
5520,15,AW19,doll dress,0.0,0.011299804
5535,85,AW19,kimono dress,0.0,0.008622747
5428,18,AW19,sheath dress,0.0,0.010038555
5535,72,AW19,kimono dress,0.0,0.004684478
5473,13,AW19,culottes,0.018867925,0.010997571
5515,22,AW19,long sleeve,0.03773585,0.0070593543
5535,106,AW19,kimono dress,0.0,0.014887724
5535,101,AW19,kimono dress,0.0,0.007892773
5473,108,AW19,culottes,0.0,0.00920669
5473,3,AW19,culottes,0.018867925,0.01518175
5475,38,AW19,culottes,0.0,0.0065788627
5520,49,AW19,doll dress,0.018867925,0.009107597
4969,77,AW19,long sleeve,0.0,0.007449873
5395,62,AW19,doll dress,0.0,0.009997144
5473,73,AW19,culottes,0.018867925,0.00515154
5520,94,AW19,doll dress,0.0,0.010094166
5393,107,AW19,kimono dress,0.03773585,0.004368417
5520,75,AW19,doll dress,0.03773585,0.013411306
5535,35,AW19,kimono dress,0.0,0.02223929
5535,115,AW19,kimono dress,0.0,0.009095546
5473,121,AW19,culottes,0.0,0.007035032
5520,56,AW19,doll dress,0.018867925,0.0042812675
5393,108,AW19,kimono dress,0.0,0.006896496
5535,21,AW19,kimono dress,0.0,0.0069246106
5473,83,AW19,culottes,0.0,0.009155944
5393,99,AW19,kimono dress,0.0,0.014282934
5535,63,AW19,kimono dress,0.0,0.005145848
5515,20,AW19,long sleeve,0.018867925,0.013335705
5535,59,AW19,kimono dress,0.0,0.0059484094
5473,106,AW19,culottes,0.0,0.0054669343
5387,57,AW19,kimono dress,0.056603774,0.011555754
5535,4,AW19,kimono dress,0.0,0.0070672333
5520,108,AW19,doll dress,0.03773585,0.020592116
5387,59,AW19,kimono dress,0.0,0.0064282157
5535,95,AW19,kimono dress,0.0,0.014956806
5351,105,AW19,kimono dress,0.018867925,0.018039428
5475,84,AW19,culottes,0.0,0.008668564
5520,9,AW19,doll dress,0.018867925,0.013238538
5535,18,AW19,kimono dress,0.0,0.0067811646
5535,36,AW19,kimono dress,0.0,0.021909561
5428,101,AW19,sheath dress,0.03773585,0.008811861
5520,73,AW19,doll dress,0.03773585,0.0063401386
5535,81,AW19,kimono dress,0.03773585,0.0053454116
5428,82,AW19,sheath dress,0.0,0.0058916137
5515,47,AW19,long sleeve,0.018867925,0.004229039
5515,1,AW19,long sleeve,0.0,0.02260141
5428,85,AW19,sheath dress,0.0,0.006844908
5429,81,AW19,patterned top,0.0,0.0059453472
5547,12,AW19,kimono dress,0.0,0.010758333
5025,19,AW19,long sleeve,0.0,0.009150393
5540,20,AW19,culottes,0.018867925,0.00751286
5540,27,AW19,culottes,0.018867925,0.007786028
5540,72,AW19,culottes,0.018867925,0.00919693
5540,53,AW19,culottes,0.0,0.010320973
5540,40,AW19,culottes,0.0,0.01564036
5540,81,AW19,culottes,0.0,0.007926967
4435,45,AW19,patterned top,0.018867925,0.010775581
5540,36,AW19,culottes,0.0,0.006763682
5540,46,AW19,culottes,0.0,0.011172116
5540,68,AW19,culottes,0.0,0.015561201
5540,18,AW19,culottes,0.018867925,0.005596351
5540,0,AW19,culottes,0.0,0.008036517
5540,103,AW19,culottes,0.0,0.0077999793
5540,8,AW19,culottes,0.0,0.008702323
5540,59,AW19,culottes,0.0,0.010408856
5540,21,AW19,culottes,0.03773585,0.0058699176
5540,115,AW19,culottes,0.018867925,0.006944455
5540,29,AW19,culottes,0.0,0.0057500005
5545,2,AW19,medium coat,0.0,0.0073490813
5545,12,AW19,medium coat,0.018867925,0.017891735
5540,95,AW19,culottes,0.0,0.010325465
5545,10,AW19,medium coat,0.018867925,0.015129343
5540,77,AW19,culottes,0.018867925,0.0049777254
5540,89,AW19,culottes,0.0,0.0069279857
5529,43,AW19,culottes,0.0,0.011901453
5529,9,AW19,culottes,0.0,0.023234874
5529,108,AW19,culottes,0.018867925,0.024938148
4977,87,AW19,doll dress,0.0,0.0092776045
4938,13,AW19,culottes,0.0,0.006326001
5540,54,AW19,culottes,0.018867925,0.008773528
5540,12,AW19,culottes,0.0,0.01595226
5540,7,AW19,culottes,0.0,0.009147439
5540,15,AW19,culottes,0.0,0.009804979
5540,51,AW19,culottes,0.056603774,0.009380445
5540,65,AW19,culottes,0.0,0.013042338
5540,43,AW19,culottes,0.018867925,0.007793799
4977,108,AW19,doll dress,0.0,0.0066457614
5540,39,AW19,culottes,0.0,0.006867975
5540,3,AW19,culottes,0.03773585,0.008341864
5540,5,AW19,culottes,0.0,0.007137157
5540,99,AW19,culottes,0.0,0.010364447
5540,16,AW19,culottes,0.0,0.010692373
5540,13,AW19,culottes,0.018867925,0.009364478
5540,22,AW19,culottes,0.03773585,0.005316049
5540,75,AW19,culottes,0.0,0.008087907
5545,7,AW19,medium coat,0.0,0.007558465
5545,31,AW19,medium coat,0.018867925,0.016138673
5545,94,AW19,medium coat,0.0,0.01605606
5536,2,AW19,medium coat,0.03773585,0.02707494
5381,32,AW19,long sleeve,0.018867925,0.011633262
5536,31,AW19,medium coat,0.0754717,0.01019109
5536,19,AW19,medium coat,0.018867925,0.029170709
5536,75,AW19,medium coat,0.018867925,0.024781417
5381,95,AW19,long sleeve,0.018867925,0.0058060326
5536,80,AW19,medium coat,0.0,0.022160344
5536,73,AW19,medium coat,0.0,0.026130907
5536,3,AW19,medium coat,0.018867925,0.020247124
5536,30,AW19,medium coat,0.018867925,0.019256514
5536,108,AW19,medium coat,0.056603774,0.017840333
5536,51,AW19,medium coat,0.0,0.03179962
5536,87,AW19,medium coat,0.0,0.03648806
5536,20,AW19,medium coat,0.0,0.011191502
5536,74,AW19,medium coat,0.0,0.022244178
5536,57,AW19,medium coat,0.13207547,0.021930337
5536,115,AW19,medium coat,0.056603774,0.02599306
5448,108,AW19,medium coat,0.0,0.010311656
5448,87,AW19,medium coat,0.018867925,0.009077311
4970,88,AW19,long coat,0.0,0.009886764
5536,76,AW19,medium coat,0.03773585,0.015163332
5545,41,AW19,medium coat,0.0,0.0063371435
5381,16,AW19,long sleeve,0.0,0.008005284
5545,29,AW19,medium coat,0.0,0.014602106
5545,19,AW19,medium coat,0.018867925,0.008448452
5545,75,AW19,medium coat,0.0,0.010541771
5545,80,AW19,medium coat,0.0,0.009702414
5545,73,AW19,medium coat,0.0,0.010685325
5545,108,AW19,medium coat,0.0,0.013470497
5545,5,AW19,medium coat,0.0,0.0067464747
5545,99,AW19,medium coat,0.0,0.009952545
5545,56,AW19,medium coat,0.018867925,0.011656173
5545,93,AW19,medium coat,0.018867925,0.006557107
5545,33,AW19,medium coat,0.03773585,0.01223135
5545,24,AW19,medium coat,0.018867925,0.02273228
5545,77,AW19,medium coat,0.018867925,0.01815813
5545,107,AW19,medium coat,0.018867925,0.016424727
5545,67,AW19,medium coat,0.0,0.0093939975
5545,74,AW19,medium coat,0.0,0.008623935
5545,69,AW19,medium coat,0.018867925,0.004805431
5545,95,AW19,medium coat,0.0,0.013274845
5545,8,AW19,medium coat,0.018867925,0.022860289
5545,104,AW19,medium coat,0.0,0.014638126
5381,88,AW19,long sleeve,0.018867925,0.022670235
5381,3,AW19,long sleeve,0.0,0.007527247
5529,15,AW19,culottes,0.0,0.016859569
5462,49,AW19,medium coat,0.0,0.017745972
4900,108,AW19,culottes,0.0,0.004168149
4925,30,AW19,culottes,0.018867925,0.011921935
5441,102,AW19,long dress,0.0,0.010818623
5441,125,AW19,long dress,0.03773585,0.005215727
5467,7,AW19,sleeveless,0.0,0.0049042962
5467,14,AW19,sleeveless,0.0,0.011674754
5467,92,AW19,sleeveless,0.018867925,0.0084854625
5467,80,AW19,sleeveless,0.0,0.009282939
5467,9,AW19,sleeveless,0.0,0.011168167
5467,117,AW19,sleeveless,0.0,0.0050292388
5467,106,AW19,sleeveless,0.056603774,0.008596092
5441,21,AW19,long dress,0.0,0.00427524
5467,72,AW19,sleeveless,0.0,0.0049291216
5467,21,AW19,sleeveless,0.0,0.007190738
5467,125,AW19,sleeveless,0.0,0.007569216
5467,29,AW19,sleeveless,0.0,0.005648762
5340,108,AW19,culottes,0.03773585,0.008788135
5495,96,AW19,solid color top,0.0,0.0062380955
5495,19,AW19,solid color top,0.0,0.019075446
5495,75,AW19,solid color top,0.0,0.01038871
5495,3,AW19,solid color top,0.0,0.005996749
5495,108,AW19,solid color top,0.0,0.007939216
5467,103,AW19,sleeveless,0.0,0.0055683106
5495,93,AW19,solid color top,0.0,0.0056275427
5441,100,AW19,long dress,0.0,0.009893261
5441,103,AW19,long dress,0.0,0.004210688
5463,0,AW19,sheath dress,0.018867925,0.0055419914
5463,8,AW19,sheath dress,0.018867925,0.012964133
5463,21,AW19,sheath dress,0.0,0.0050362386
5463,104,AW19,sheath dress,0.0,0.015281349
5464,22,AW19,sheath dress,0.0,0.007065788
5464,83,AW19,sheath dress,0.0,0.009890143
5464,85,AW19,sheath dress,0.0,0.005334556
5464,121,AW19,sheath dress,0.018867925,0.005156394
5464,35,AW19,sheath dress,0.0,0.009777375
5441,63,AW19,long dress,0.0,0.011753529
5464,36,AW19,sheath dress,0.0,0.01878526
5441,7,AW19,long dress,0.0,0.004419662
5441,75,AW19,long dress,0.0,0.009343449
5441,79,AW19,long dress,0.0,0.0066209026
5441,39,AW19,long dress,0.0,0.007396251
5441,110,AW19,long dress,0.0,0.014288574
5441,22,AW19,long dress,0.0,0.0057520047
5441,51,AW19,long dress,0.0,0.01126527
5441,1,AW19,long dress,0.03773585,0.011202589
5441,36,AW19,long dress,0.0,0.023077223
5464,29,AW19,sheath dress,0.0,0.010425076
5495,76,AW19,solid color top,0.056603774,0.011958264
5495,77,AW19,solid color top,0.018867925,0.003992103
5495,83,AW19,solid color top,0.0,0.006742485
5549,5,AW19,short coat,0.0,0.012921691
5549,28,AW19,short coat,0.0,0.00904062
5549,16,AW19,short coat,0.0,0.009085491
5549,22,AW19,short coat,0.0,0.009224899
5549,89,AW19,short coat,0.0,0.011896174
5549,87,AW19,short coat,0.018867925,0.0040959716
5549,68,AW19,short coat,0.0,0.0066910908
5549,1,AW19,short coat,0.0,0.009430703
5549,42,AW19,short coat,0.0,0.004658766
5549,108,AW19,short coat,0.018867925,0.016815148
5549,83,AW19,short coat,0.0,0.005300097
5549,36,AW19,short coat,0.03773585,0.01911065
5549,46,AW19,short coat,0.0,0.006926216
5549,18,AW19,short coat,0.0,0.0056950375
5549,95,AW19,short coat,0.0,0.009109791
5549,64,AW19,short coat,0.0,0.015187316
5549,41,AW19,short coat,0.0,0.010459535
4979,102,AW19,culottes,0.0,0.009689733
5409,57,AW19,culottes,0.0,0.00999878
5409,64,AW19,culottes,0.0,0.014513791
5549,35,AW19,short coat,0.018867925,0.0065363124
5549,73,AW19,short coat,0.0,0.012233712
5549,80,AW19,short coat,0.0,0.006790675
5549,43,AW19,short coat,0.0,0.0086176805
5495,81,AW19,solid color top,0.018867925,0.012650803
5495,95,AW19,solid color top,0.018867925,0.01737798
5495,104,AW19,solid color top,0.03773585,0.026948966
4845,13,AW19,sleeveless,0.0,0.008964848
5444,31,AW19,long sleeve,0.0,0.007605292
5444,93,AW19,long sleeve,0.0,0.007258553
5444,33,AW19,long sleeve,0.0,0.0098891705
5444,77,AW19,long sleeve,0.0,0.011891525
5444,87,AW19,long sleeve,0.018867925,0.01081318
5444,85,AW19,long sleeve,0.018867925,0.009348057
4980,83,AW19,long sleeve,0.03773585,0.0039515123
4980,41,AW19,long sleeve,0.0,0.00709432
5549,30,AW19,short coat,0.018867925,0.0073660687
5549,12,AW19,short coat,0.03773585,0.02007389
5549,10,AW19,short coat,0.0,0.0064562857
5549,15,AW19,short coat,0.0,0.013510667
5549,31,AW19,short coat,0.0,0.008229312
5549,94,AW19,short coat,0.0,0.00907759
5549,19,AW19,short coat,0.0,0.00926014
5549,48,AW19,short coat,0.0,0.0072651654
5549,86,AW19,short coat,0.018867925,0.0061441585
4925,108,AW19,culottes,0.0,0.0074124783
5462,51,AW19,medium coat,0.0,0.0059048384
5462,68,AW19,medium coat,0.0,0.0091490075
5462,83,AW19,medium coat,0.018867925,0.013230987
5447,73,AW19,solid color top,0.0,0.008808147
5447,29,AW19,solid color top,0.0,0.0065268353
5045,22,AW19,solid color top,0.0,0.008749954
5057,15,AW19,solid color top,0.0,0.014065262
5057,29,AW19,solid color top,0.0,0.005410403
5449,103,AW19,medium coat,0.0,0.009968348
5449,4,AW19,medium coat,0.0,0.011958264
4591,89,AW19,patterned top,0.018867925,0.01257734
5492,49,AW19,solid color top,0.018867925,0.008922443
5447,75,AW19,solid color top,0.0,0.008346818
5492,75,AW19,solid color top,0.0,0.0059744418
5449,39,AW19,medium coat,0.0,0.011463776
5492,73,AW19,solid color top,0.0,0.00493877
5449,94,AW19,medium coat,0.018867925,0.0060707405
5451,23,AW19,medium coat,0.0,0.0056189783
5492,33,AW19,solid color top,0.0,0.0042356476
5451,50,AW19,medium coat,0.018867925,0.018186837
5451,13,AW19,medium coat,0.0,0.019152828
5451,3,AW19,medium coat,0.056603774,0.01730726
5451,9,AW19,medium coat,0.0,0.009290073
5449,13,AW19,medium coat,0.0,0.0052876063
5492,83,AW19,solid color top,0.018867925,0.005393043
5490,44,AW19,culottes,0.0,0.010881446
5490,108,AW19,culottes,0.0,0.004251346
5542,14,AW19,kimono dress,0.0,0.0043617487
5542,56,AW19,kimono dress,0.0,0.0044175833
5542,51,AW19,kimono dress,0.0,0.019011855
5542,77,AW19,kimono dress,0.0,0.0070790797
5542,68,AW19,kimono dress,0.0,0.012070999
5542,81,AW19,kimono dress,0.0,0.008109037
5542,36,AW19,kimono dress,0.0,0.004305199
5542,95,AW19,kimono dress,0.0,0.004403673
4985,87,AW19,doll dress,0.0,0.009694882
5490,77,AW19,culottes,0.0,0.0056123585
5542,0,AW19,kimono dress,0.0,0.005233571
5542,115,AW19,kimono dress,0.018867925,0.008273661
5542,64,AW19,kimono dress,0.0,0.006174762
5542,41,AW19,kimono dress,0.0,0.0080055855
4987,65,AW19,long dress,0.018867925,0.006387107
4981,8,AW19,doll dress,0.0,0.0076644905
4985,108,AW19,doll dress,0.018867925,0.02011368
5490,7,AW19,culottes,0.0,0.0053275675
5490,94,AW19,culottes,0.0,0.004988201
5490,88,AW19,culottes,0.0,0.0058269054
5542,8,AW19,kimono dress,0.0,0.0056509636
5451,15,AW19,medium coat,0.0,0.012868237
4950,4,AW19,medium coat,0.0,0.010546505
5492,104,AW19,solid color top,0.0,0.019882143
5459,74,AW19,culottes,0.0,0.0059823096
4950,54,AW19,medium coat,0.03773585,0.011256881
5459,81,AW19,culottes,0.018867925,0.018646106
4733,19,AW19,drop sleeve,0.0,0.0114378
5459,90,AW19,culottes,0.018867925,0.014304981
5454,2,AW19,culottes,0.0,0.009696797
5454,14,AW19,culottes,0.0,0.0075152814
5454,108,AW19,culottes,0.0,0.008198746
5454,22,AW19,culottes,0.0,0.005466819
5459,13,AW19,culottes,0.0,0.008519556
5454,83,AW19,culottes,0.0,0.0071750507
4839,74,AW19,culottes,0.018867925,0.012374878
4758,74,AW19,culottes,0.018867925,0.011619616
5468,54,AW19,culottes,0.0,0.009332094
5468,10,AW19,culottes,0.0,0.02053345
5468,108,AW19,culottes,0.0,0.03024342
5046,13,AW19,medium coat,0.0,0.026426472
5046,26,AW19,medium coat,0.0,0.005942881
5073,19,AW19,medium coat,0.0,0.036212128
5073,22,AW19,medium coat,0.018867925,0.019422282
5454,41,AW19,culottes,0.0,0.013928935
4950,48,AW19,medium coat,0.0,0.0057064146
5459,99,AW19,culottes,0.0,0.010485537
5459,66,AW19,culottes,0.0,0.01193884
5505,91,AW19,sleeveless,0.018867925,0.00768698
5505,105,AW19,sleeveless,0.0,0.0043270886
5505,13,AW19,sleeveless,0.0,0.004115723
5505,83,AW19,sleeveless,0.018867925,0.004672192
5505,40,AW19,sleeveless,0.0,0.004721582
5493,7,AW19,sleeveless,0.0,0.005487822
5493,105,AW19,sleeveless,0.0,0.0075569004
5493,80,AW19,sleeveless,0.0,0.012412436
5493,3,AW19,sleeveless,0.0,0.007731028
5493,93,AW19,sleeveless,0.0,0.004772812
5493,76,AW19,sleeveless,0.0,0.009958342
5408,90,AW19,long sleeve,0.0,0.0148181915
5493,109,AW19,sleeveless,0.0,0.0069171116
5493,83,AW19,sleeveless,0.0,0.007043861
5408,23,AW19,long sleeve,0.056603774,0.008722361
4950,101,AW19,medium coat,0.0,0.005957961
4844,21,AW19,doll dress,0.0,0.006483786
5060,65,AW19,culottes,0.0,0.00709223
5459,96,AW19,culottes,0.018867925,0.011106651
5459,15,AW19,culottes,0.0,0.016641624
4950,108,AW19,medium coat,0.0,0.0111821145
5542,65,AW19,kimono dress,0.0,0.004528612
5542,31,AW19,kimono dress,0.0,0.004608631
5542,15,AW19,kimono dress,0.0,0.009016171
5542,12,AW19,kimono dress,0.0,0.0046702474
5524,7,AW19,sleeveless,0.0,0.008064136
5524,108,AW19,sleeveless,0.0,0.014263958
5524,35,AW19,sleeveless,0.0,0.0046705827
5482,12,AW19,sleeveless,0.0,0.0119901
5482,10,AW19,sleeveless,0.018867925,0.011910006
5482,105,AW19,sleeveless,0.018867925,0.015017174
5482,19,AW19,sleeveless,0.018867925,0.004562989
5482,108,AW19,sleeveless,0.0,0.0059121214
5482,56,AW19,sleeveless,0.018867925,0.00485152
5524,10,AW19,sleeveless,0.0,0.011660859
5482,13,AW19,sleeveless,0.0,0.008868091
5482,26,AW19,sleeveless,0.018867925,0.0066000037
5523,19,AW19,sleeveless,0.018867925,0.005203277
5523,43,AW19,sleeveless,0.0,0.00431763
5523,89,AW19,sleeveless,0.056603774,0.004538007
5523,1,AW19,sleeveless,0.018867925,0.013540268
5523,53,AW19,sleeveless,0.0,0.0068451166
5523,40,AW19,sleeveless,0.0,0.008880891
5334,50,AW19,long sleeve,0.0,0.0072923824
5334,87,AW19,long sleeve,0.018867925,0.0064016357
5482,53,AW19,sleeveless,0.018867925,0.013592854
5524,12,AW19,sleeveless,0.0,0.008761644
5419,47,AW19,sleeveless,0.0,0.006477244
5419,87,AW19,sleeveless,0.018867925,0.0078537315
5462,85,AW19,medium coat,0.018867925,0.0056203306
5462,121,AW19,medium coat,0.0,0.0070198737
5471,94,AW19,medium coat,0.0,0.0059360676
5471,80,AW19,medium coat,0.0,0.009742625
5471,108,AW19,medium coat,0.0,0.005757831
5471,5,AW19,medium coat,0.0,0.010142818
5471,22,AW19,medium coat,0.0,0.008318014
5471,101,AW19,medium coat,0.0,0.008917738
5471,26,AW19,medium coat,0.03773585,0.0053617805
5471,103,AW19,medium coat,0.018867925,0.019957572
5471,8,AW19,medium coat,0.0,0.007499058
5471,115,AW19,medium coat,0.0,0.007513292
5471,125,AW19,medium coat,0.0,0.009071145
5462,26,AW19,medium coat,0.0,0.005628288
5462,90,AW19,medium coat,0.0,0.015021279
5462,57,AW19,medium coat,0.0,0.00911165
5450,54,AW19,medium coat,0.0,0.005733706
5450,108,AW19,medium coat,0.0,0.0044418126
5450,76,AW19,medium coat,0.018867925,0.014792651
5419,10,AW19,sleeveless,0.018867925,0.0063014217
5419,108,AW19,sleeveless,0.0,0.04674253
5334,8,AW19,long sleeve,0.0,0.01159301
5335,88,AW19,shirt dress,0.0,0.0075789094
5334,23,AW19,long sleeve,0.03773585,0.0051345937
5548,12,AW19,kimono dress,0.0,0.021466166
5541,48,AW19,kimono dress,0.0,0.0049370155
5541,14,AW19,kimono dress,0.0,0.012246113
5541,43,AW19,kimono dress,0.0,0.013897147
5541,73,AW19,kimono dress,0.018867925,0.004228711
5541,3,AW19,kimono dress,0.0,0.008032694
5541,108,AW19,kimono dress,0.0,0.004476331
5541,99,AW19,kimono dress,0.0,0.012891091
5541,16,AW19,kimono dress,0.0,0.005416006
5541,22,AW19,kimono dress,0.0,0.010204729
5541,19,AW19,kimono dress,0.0,0.0050959624
5541,51,AW19,kimono dress,0.0,0.0043462887
5541,82,AW19,kimono dress,0.0,0.0057554133
5541,26,AW19,kimono dress,0.0,0.0056816563
5541,46,AW19,kimono dress,0.0,0.0056246147
5541,18,AW19,kimono dress,0.0,0.013912585
5541,0,AW19,kimono dress,0.0,0.009436816
5541,4,AW19,kimono dress,0.0,0.0067754164
5541,8,AW19,kimono dress,0.0,0.0053105056
5541,41,AW19,kimono dress,0.018867925,0.007122934
5542,2,AW19,kimono dress,0.0,0.017057478
5541,42,AW19,kimono dress,0.03773585,0.033887945
5541,31,AW19,kimono dress,0.0,0.004480496
5541,15,AW19,kimono dress,0.018867925,0.0057031736
5541,7,AW19,kimono dress,0.0,0.0113357045
5548,7,AW19,kimono dress,0.018867925,0.0105104
5548,15,AW19,kimono dress,0.0,0.010057941
5548,31,AW19,kimono dress,0.0,0.010049693
5548,94,AW19,kimono dress,0.0,0.01033232
5548,14,AW19,kimono dress,0.0,0.008526474
5548,3,AW19,kimono dress,0.056603774,0.021815151
5548,108,AW19,kimono dress,0.0,0.010596499
5548,28,AW19,kimono dress,0.0,0.0048715807
5548,13,AW19,kimono dress,0.0,0.014742222
5548,93,AW19,kimono dress,0.018867925,0.009414852
5548,33,AW19,kimono dress,0.0,0.004243925
5548,24,AW19,kimono dress,0.0,0.012455218
5548,20,AW19,kimono dress,0.0,0.004571371
5548,67,AW19,kimono dress,0.0,0.005089067
5548,36,AW19,kimono dress,0.0,0.007712528
5548,26,AW19,kimono dress,0.0,0.0057270974
5548,18,AW19,kimono dress,0.0,0.007038109
5548,95,AW19,kimono dress,0.0,0.0076069646
5548,104,AW19,kimono dress,0.03773585,0.006462872
5541,30,AW19,kimono dress,0.0,0.0063912235
5541,12,AW19,kimono dress,0.018867925,0.040564865
5548,2,AW19,kimono dress,0.0,0.011048101
5463,35,AW19,sheath dress,0.0,0.0071231388
5463,69,AW19,sheath dress,0.0,0.0049336925
5463,32,AW19,sheath dress,0.018867925,0.0040162317
5532,85,AW19,kimono dress,0.0,0.009231463
5532,72,AW19,kimono dress,0.0,0.009356387
5532,83,AW19,kimono dress,0.0,0.009906873
5532,106,AW19,kimono dress,0.03773585,0.020130448
5532,61,AW19,kimono dress,0.018867925,0.011514962
5532,101,AW19,kimono dress,0.0,0.00621707
5532,20,AW19,kimono dress,0.0,0.014012191
5532,1,AW19,kimono dress,0.03773585,0.031076081
5532,68,AW19,kimono dress,0.0,0.011722095
5532,40,AW19,kimono dress,0.0,0.014019914
5532,77,AW19,kimono dress,0.0,0.0062589496
5532,76,AW19,kimono dress,0.0,0.010773495
5532,24,AW19,kimono dress,0.018867925,0.013243578
5532,45,AW19,kimono dress,0.0,0.0072126463
5532,52,AW19,kimono dress,0.0,0.007859681
5532,22,AW19,kimono dress,0.03773585,0.012218632
5532,93,AW19,kimono dress,0.0,0.0057912394
5532,13,AW19,kimono dress,0.0,0.008901466
5532,16,AW19,kimono dress,0.0,0.007437907
5532,99,AW19,kimono dress,0.0,0.0051311925
5532,51,AW19,kimono dress,0.0,0.012784127
5532,108,AW19,kimono dress,0.0,0.02635374
5532,35,AW19,kimono dress,0.0,0.0077459067
5532,36,AW19,kimono dress,0.0,0.006773874
5533,15,AW19,kimono dress,0.03773585,0.01767755
5533,7,AW19,kimono dress,0.0,0.0074535906
5533,10,AW19,kimono dress,0.0,0.023163803
5533,12,AW19,kimono dress,0.018867925,0.048293352
5533,2,AW19,kimono dress,0.0,0.039280612
5533,62,AW19,kimono dress,0.0,0.010339338
5533,30,AW19,kimono dress,0.0,0.009274401
5533,96,AW19,kimono dress,0.0,0.006707281
5532,41,AW19,kimono dress,0.0,0.010033205
5532,81,AW19,kimono dress,0.0,0.005799271
5532,64,AW19,kimono dress,0.0754717,0.015784316
5532,125,AW19,kimono dress,0.0,0.0119561665
5532,115,AW19,kimono dress,0.094339624,0.009829134
5532,102,AW19,kimono dress,0.03773585,0.008738659
5532,63,AW19,kimono dress,0.0,0.009128548
5532,59,AW19,kimono dress,0.0,0.004808545
5532,4,AW19,kimono dress,0.018867925,0.014277339
5532,95,AW19,kimono dress,0.0,0.005918771
5532,18,AW19,kimono dress,0.0,0.007711269
5532,46,AW19,kimono dress,0.0,0.012067333
5532,29,AW19,kimono dress,0.0,0.007074885
5532,3,AW19,kimono dress,0.0,0.012541108
5532,110,AW19,kimono dress,0.0,0.0044237003
5532,9,AW19,kimono dress,0.0,0.0051178187
5489,49,AW19,long sleeve,0.0,0.0094645545
5350,31,AW19,solid color top,0.0,0.014322173
5350,46,AW19,solid color top,0.0,0.009004246
5461,108,AW19,long coat,0.0,0.022812873
5461,63,AW19,long coat,0.0,0.011049792
5043,108,AW19,short sleeves,0.0,0.0043466836
4613,105,AW19,short sleeves,0.018867925,0.016910832
4593,51,AW19,sleeveless,0.03773585,0.026693784
4593,82,AW19,sleeveless,0.03773585,0.0028780326
5489,94,AW19,long sleeve,0.0,0.012040775
5458,30,AW19,sleeveless,0.0,0.004343245
5458,65,AW19,sleeveless,0.0,0.0070721842
5458,14,AW19,sleeveless,0.0,0.0044459775
5458,3,AW19,sleeveless,0.0,0.0053323805
5458,89,AW19,sleeveless,0.018867925,0.008448988
5458,69,AW19,sleeveless,0.0,0.008238103
5458,81,AW19,sleeveless,0.0,0.0057835616
5458,36,AW19,sleeveless,0.0,0.0067338124
5458,100,AW19,sleeveless,0.0,0.012331292
5457,41,AW19,long duster,0.056603774,0.004833743
5458,10,AW19,sleeveless,0.0,0.005061526
5489,84,AW19,long sleeve,0.0,0.007377036
5489,4,AW19,long sleeve,0.0,0.0050170273
5489,41,AW19,long sleeve,0.0,0.0039355755
5532,80,AW19,kimono dress,0.0,0.01676764
5532,39,AW19,kimono dress,0.0,0.008152507
5532,86,AW19,kimono dress,0.0,0.014628198
5532,14,AW19,kimono dress,0.0,0.006494157
5532,60,AW19,kimono dress,0.0,0.012980044
5532,75,AW19,kimono dress,0.0,0.0054047033
5532,19,AW19,kimono dress,0.0,0.010842137
5532,105,AW19,kimono dress,0.018867925,0.014351655
5532,94,AW19,kimono dress,0.0,0.010085426
5532,65,AW19,kimono dress,0.0,0.010960065
5532,31,AW19,kimono dress,0.0,0.004922271
5532,91,AW19,kimono dress,0.018867925,0.012075089
5532,15,AW19,kimono dress,0.0,0.008927505
5532,7,AW19,kimono dress,0.0,0.007945966
5532,10,AW19,kimono dress,0.03773585,0.017476846
5532,12,AW19,kimono dress,0.0,0.01354029
5532,2,AW19,kimono dress,0.0,0.029766249
5532,62,AW19,kimono dress,0.018867925,0.005119309
5532,54,AW19,kimono dress,0.0,0.01997573
5532,30,AW19,kimono dress,0.0,0.007654652
5532,96,AW19,kimono dress,0.0,0.0052484237
5533,31,AW19,kimono dress,0.0,0.010599904
5533,65,AW19,kimono dress,0.0,0.005957905
5533,94,AW19,kimono dress,0.0,0.008215692
5533,105,AW19,kimono dress,0.018867925,0.011366487
5535,39,AW19,kimono dress,0.0,0.010366254
5535,43,AW19,kimono dress,0.0,0.013467103
5535,86,AW19,kimono dress,0.0,0.014822435
5535,79,AW19,kimono dress,0.0,0.007452786
5535,14,AW19,kimono dress,0.0,0.004998617
5535,75,AW19,kimono dress,0.0,0.011639971
5535,19,AW19,kimono dress,0.0,0.0098027885
5535,105,AW19,kimono dress,0.0,0.009983946
5535,94,AW19,kimono dress,0.0,0.0077373274
5535,80,AW19,kimono dress,0.0,0.0101020895
5535,65,AW19,kimono dress,0.0,0.006908968
5535,91,AW19,kimono dress,0.0,0.008073725
5535,15,AW19,kimono dress,0.0,0.020067088
5535,7,AW19,kimono dress,0.0,0.009843048
5535,49,AW19,kimono dress,0.0,0.0117454305
5535,10,AW19,kimono dress,0.0,0.008943468
5535,12,AW19,kimono dress,0.0,0.025295481
5535,2,AW19,kimono dress,0.0,0.013687208
5535,30,AW19,kimono dress,0.0,0.031269684
5535,96,AW19,kimono dress,0.0,0.009523716
5535,31,AW19,kimono dress,0.0,0.023791842
5535,9,AW19,kimono dress,0.018867925,0.012193792
5535,110,AW19,kimono dress,0.0,0.0074540637
5535,3,AW19,kimono dress,0.0,0.011692923
4960,44,AW19,culottes,0.03773585,0.016162679
4928,13,AW19,medium coat,0.018867925,0.005467683
5395,102,AW19,doll dress,0.0,0.005763285
5535,20,AW19,kimono dress,0.0,0.013670988
5535,1,AW19,kimono dress,0.0,0.010346364
5535,68,AW19,kimono dress,0.0,0.008002918
5535,77,AW19,kimono dress,0.0,0.009280365
5535,51,AW19,kimono dress,0.0,0.014184143
5535,89,AW19,kimono dress,0.056603774,0.014834315
5535,76,AW19,kimono dress,0.0,0.007332463
5535,24,AW19,kimono dress,0.018867925,0.016434606
5535,45,AW19,kimono dress,0.0,0.006696701
5535,52,AW19,kimono dress,0.0,0.012639388
5535,22,AW19,kimono dress,0.03773585,0.010191549
5535,33,AW19,kimono dress,0.0,0.014751643
5535,93,AW19,kimono dress,0.0,0.015262112
5535,13,AW19,kimono dress,0.0,0.009613641
5535,16,AW19,kimono dress,0.0,0.011266395
5535,28,AW19,kimono dress,0.0,0.01318042
5535,99,AW19,kimono dress,0.0,0.011217512
5535,108,AW19,kimono dress,0.0,0.010737538
5533,41,AW19,kimono dress,0.0,0.018527616
5457,95,AW19,long duster,0.018867925,0.010479912
5533,29,AW19,kimono dress,0.0,0.011244088
5533,125,AW19,kimono dress,0.0,0.007632166
5533,24,AW19,kimono dress,0.0,0.011965107
5533,45,AW19,kimono dress,0.0,0.005052991
5533,52,AW19,kimono dress,0.0,0.018847335
5533,22,AW19,kimono dress,0.03773585,0.014297873
5533,33,AW19,kimono dress,0.0,0.010245293
5533,93,AW19,kimono dress,0.0,0.016902238
5533,13,AW19,kimono dress,0.0,0.010026444
5533,16,AW19,kimono dress,0.0,0.013357889
5533,28,AW19,kimono dress,0.0,0.011485577
5533,76,AW19,kimono dress,0.0,0.011467781
5533,99,AW19,kimono dress,0.0,0.0061703622
5533,3,AW19,kimono dress,0.018867925,0.020841457
5533,9,AW19,kimono dress,0.0,0.014661081
5533,80,AW19,kimono dress,0.0,0.009150676
5533,39,AW19,kimono dress,0.0,0.011868052
5533,43,AW19,kimono dress,0.0,0.010579124
5533,79,AW19,kimono dress,0.0,0.00998193
5533,14,AW19,kimono dress,0.0,0.0073345974
5533,75,AW19,kimono dress,0.0,0.010233901
5533,19,AW19,kimono dress,0.0,0.014962517
5533,108,AW19,kimono dress,0.0,0.015276454
5533,89,AW19,kimono dress,0.0,0.01963763
5533,51,AW19,kimono dress,0.0,0.013873767
5533,77,AW19,kimono dress,0.0,0.006663535
5533,115,AW19,kimono dress,0.0,0.010370769
5533,57,AW19,kimono dress,0.0,0.008439358
5533,63,AW19,kimono dress,0.0,0.0074426085
5533,59,AW19,kimono dress,0.0,0.0072335377
5533,95,AW19,kimono dress,0.0,0.00859854
5533,18,AW19,kimono dress,0.0,0.007945996
5533,46,AW19,kimono dress,0.0,0.020351913
5533,36,AW19,kimono dress,0.0,0.008186951
5533,81,AW19,kimono dress,0.018867925,0.005808495
5533,35,AW19,kimono dress,0.0,0.008203667
5533,69,AW19,kimono dress,0.0,0.013390459
5533,40,AW19,kimono dress,0.0,0.01436903
5533,53,AW19,kimono dress,0.0,0.015687626
5533,85,AW19,kimono dress,0.0,0.01329945
5533,72,AW19,kimono dress,0.0,0.011479545
5533,83,AW19,kimono dress,0.0,0.015705023
5533,106,AW19,kimono dress,0.018867925,0.012083761
5533,61,AW19,kimono dress,0.018867925,0.008403599
5533,1,AW19,kimono dress,0.018867925,0.011852622
5533,68,AW19,kimono dress,0.0,0.00770713
5533,87,AW19,kimono dress,0.0,0.008318298
5533,104,AW19,kimono dress,0.0,0.005684778
4697,87,AW19,short cardigan,0.0,0.009598367
5440,108,AW19,sleeveless,0.0,0.014151983
5457,3,AW19,long duster,0.0,0.0057477504
5538,102,AW19,kimono dress,0.018867925,0.011423677
5538,21,AW19,kimono dress,0.0,0.018463708
5538,4,AW19,kimono dress,0.0,0.009994738
5538,18,AW19,kimono dress,0.0,0.010339715
5538,46,AW19,kimono dress,0.0,0.020958722
5538,36,AW19,kimono dress,0.0,0.050932515
5538,81,AW19,kimono dress,0.0,0.014012456
5538,35,AW19,kimono dress,0.0,0.012312666
5538,69,AW19,kimono dress,0.0,0.016090885
5538,115,AW19,kimono dress,0.0,0.011770483
5538,40,AW19,kimono dress,0.0,0.018533796
5538,67,AW19,kimono dress,0.0,0.032746173
5538,85,AW19,kimono dress,0.0,0.01741752
5538,72,AW19,kimono dress,0.018867925,0.0067213774
5538,83,AW19,kimono dress,0.0,0.01342402
5538,101,AW19,kimono dress,0.0,0.007615529
5538,42,AW19,kimono dress,0.0,0.009196714
5538,20,AW19,kimono dress,0.0,0.010743879
5538,1,AW19,kimono dress,0.0,0.0138475895
5538,68,AW19,kimono dress,0.0,0.02105549
5538,53,AW19,kimono dress,0.0,0.018316008
5538,87,AW19,kimono dress,0.0,0.03059028
5538,104,AW19,kimono dress,0.0,0.0098063275
5538,64,AW19,kimono dress,0.0,0.008172989
5544,80,AW19,kimono dress,0.0,0.022882149
5544,86,AW19,kimono dress,0.0,0.006816745
5544,79,AW19,kimono dress,0.03773585,0.014338173
5544,14,AW19,kimono dress,0.0,0.034182895
5544,60,AW19,kimono dress,0.0,0.007384062
5544,75,AW19,kimono dress,0.0,0.010777876
5544,19,AW19,kimono dress,0.0,0.009499066
5544,105,AW19,kimono dress,0.094339624,0.02633401
5544,94,AW19,kimono dress,0.0,0.018351324
5538,29,AW19,kimono dress,0.03773585,0.030843753
5544,65,AW19,kimono dress,0.018867925,0.013686471
5544,91,AW19,kimono dress,0.018867925,0.018264119
5544,15,AW19,kimono dress,0.0,0.018211078
5544,7,AW19,kimono dress,0.0,0.0099508315
5544,49,AW19,kimono dress,0.0,0.009243578
5544,10,AW19,kimono dress,0.0,0.012023259
5544,12,AW19,kimono dress,0.0,0.027438302
5544,62,AW19,kimono dress,0.018867925,0.04741726
5544,30,AW19,kimono dress,0.0,0.014006451
5544,96,AW19,kimono dress,0.018867925,0.019871883
5544,31,AW19,kimono dress,0.0,0.012379494
5538,77,AW19,kimono dress,0.0,0.01548063
5538,51,AW19,kimono dress,0.056603774,0.03197721
5538,89,AW19,kimono dress,0.0,0.01099062
5538,91,AW19,kimono dress,0.0,0.009474762
5538,15,AW19,kimono dress,0.0,0.020006329
5538,7,AW19,kimono dress,0.0,0.030706465
5538,49,AW19,kimono dress,0.0,0.006486006
5538,10,AW19,kimono dress,0.018867925,0.054150272
5538,12,AW19,kimono dress,0.0,0.036124527
5538,2,AW19,kimono dress,0.0,0.008992471
5538,62,AW19,kimono dress,0.0,0.0262153
5538,54,AW19,kimono dress,0.0,0.012792714
5538,31,AW19,kimono dress,0.0,0.006670721
5538,30,AW19,kimono dress,0.0,0.017408349
4860,29,AW19,sleeveless,0.0,0.010930032
5440,40,AW19,sleeveless,0.0,0.009556048
4860,96,AW19,sleeveless,0.018867925,0.011727061
5439,3,AW19,solid color top,0.0,0.014708094
5463,65,AW19,sheath dress,0.0754717,0.0058060326
5463,14,AW19,sheath dress,0.0,0.00891687
5463,56,AW19,sheath dress,0.0,0.008737955
5463,93,AW19,sheath dress,0.0,0.0057884157
5463,85,AW19,sheath dress,0.0,0.008422837
5538,96,AW19,kimono dress,0.0,0.012847662
5538,65,AW19,kimono dress,0.03773585,0.0153065175
5538,94,AW19,kimono dress,0.0,0.017512806
5538,105,AW19,kimono dress,0.018867925,0.0221342
5538,76,AW19,kimono dress,0.0,0.011035368
5538,24,AW19,kimono dress,0.0,0.013084371
5538,45,AW19,kimono dress,0.018867925,0.012396891
5538,52,AW19,kimono dress,0.0,0.00798481
5538,22,AW19,kimono dress,0.0,0.015324637
5538,33,AW19,kimono dress,0.0,0.023511268
5538,93,AW19,kimono dress,0.0,0.013417605
5538,13,AW19,kimono dress,0.0,0.009153321
5538,16,AW19,kimono dress,0.018867925,0.04100924
5538,99,AW19,kimono dress,0.0,0.0054307356
5538,108,AW19,kimono dress,0.018867925,0.024931274
5538,3,AW19,kimono dress,0.0,0.011752568
5538,9,AW19,kimono dress,0.0,0.02725257
5538,80,AW19,kimono dress,0.018867925,0.0698774
5538,39,AW19,kimono dress,0.0,0.016469315
5538,43,AW19,kimono dress,0.0,0.024689592
5538,86,AW19,kimono dress,0.0,0.005967371
5538,79,AW19,kimono dress,0.018867925,0.007216193
5538,14,AW19,kimono dress,0.03773585,0.03949095
5538,75,AW19,kimono dress,0.018867925,0.02412131
5538,19,AW19,kimono dress,0.0,0.00925187
5544,9,AW19,kimono dress,0.0,0.012637392
5544,6,AW19,kimono dress,0.0,0.004314352
5544,3,AW19,kimono dress,0.0,0.014501471
5544,108,AW19,kimono dress,0.0,0.012259718
5547,68,AW19,kimono dress,0.0,0.0086301975
5547,87,AW19,kimono dress,0.0,0.011741694
5547,77,AW19,kimono dress,0.0,0.022149768
5547,51,AW19,kimono dress,0.0,0.009811297
5547,89,AW19,kimono dress,0.0,0.006154582
5547,76,AW19,kimono dress,0.0,0.0072415024
5547,22,AW19,kimono dress,0.0,0.0076693296
5547,33,AW19,kimono dress,0.0,0.0060468167
5547,93,AW19,kimono dress,0.0,0.008336902
5547,1,AW19,kimono dress,0.03773585,0.01355584
5547,50,AW19,kimono dress,0.018867925,0.011220694
5547,16,AW19,kimono dress,0.0,0.010120589
5547,28,AW19,kimono dress,0.0,0.014171325
5547,108,AW19,kimono dress,0.0,0.008504763
5547,9,AW19,kimono dress,0.0,0.0119349845
5547,80,AW19,kimono dress,0.0,0.038653497
5547,43,AW19,kimono dress,0.0,0.006472908
5547,86,AW19,kimono dress,0.0,0.008805983
5547,14,AW19,kimono dress,0.0,0.015615746
5547,19,AW19,kimono dress,0.0,0.011896957
5547,13,AW19,kimono dress,0.0,0.0108539015
5547,20,AW19,kimono dress,0.0,0.005260043
5547,106,AW19,kimono dress,0.0,0.008122988
5547,83,AW19,kimono dress,0.0,0.00925491
5440,93,AW19,sleeveless,0.0,0.0045947134
5440,76,AW19,sleeveless,0.0,0.016779661
5457,7,AW19,long duster,0.018867925,0.009369094
5469,46,AW19,long duster,0.0,0.020818233
5440,101,AW19,sleeveless,0.0,0.008808017
5469,30,AW19,long duster,0.0,0.0118424
5547,41,AW19,kimono dress,0.0,0.010586739
5547,29,AW19,kimono dress,0.0,0.00560797
5547,104,AW19,kimono dress,0.0,0.010470092
5547,44,AW19,kimono dress,0.0,0.011301003
5547,102,AW19,kimono dress,0.0,0.0073741674
5547,21,AW19,kimono dress,0.0,0.006043546
5547,95,AW19,kimono dress,0.0,0.0055467784
5547,46,AW19,kimono dress,0.0,0.01931753
5547,36,AW19,kimono dress,0.0,0.024902675
5547,81,AW19,kimono dress,0.0,0.007864926
5547,35,AW19,kimono dress,0.0,0.0069447495
5547,69,AW19,kimono dress,0.0,0.006210819
5547,40,AW19,kimono dress,0.0,0.014199786
5547,67,AW19,kimono dress,0.0,0.012107328
5547,85,AW19,kimono dress,0.0,0.009583704
5547,94,AW19,kimono dress,0.0,0.009146117
5457,89,AW19,long duster,0.0,0.0104562305
5547,65,AW19,kimono dress,0.0,0.010007128
5547,7,AW19,kimono dress,0.0,0.01868929
5544,85,AW19,kimono dress,0.0,0.012646779
5544,72,AW19,kimono dress,0.0,0.014511436
5544,83,AW19,kimono dress,0.0,0.0070610642
5544,106,AW19,kimono dress,0.0,0.010818753
5544,61,AW19,kimono dress,0.018867925,0.011481844
5544,101,AW19,kimono dress,0.0,0.007538408
5544,20,AW19,kimono dress,0.0,0.015600115
5544,68,AW19,kimono dress,0.0,0.01036156
5544,77,AW19,kimono dress,0.0,0.02107237
5544,67,AW19,kimono dress,0.03773585,0.026114121
5544,89,AW19,kimono dress,0.0,0.010530852
5544,24,AW19,kimono dress,0.0,0.0070597827
5544,45,AW19,kimono dress,0.018867925,0.012989771
5544,52,AW19,kimono dress,0.03773585,0.025006037
5544,22,AW19,kimono dress,0.018867925,0.009583656
5544,33,AW19,kimono dress,0.0,0.02240178
5544,93,AW19,kimono dress,0.0,0.01564515
5544,13,AW19,kimono dress,0.0,0.009175591
5544,16,AW19,kimono dress,0.0,0.01047679
5544,99,AW19,kimono dress,0.0,0.017885283
5544,76,AW19,kimono dress,0.0,0.011815757
5544,53,AW19,kimono dress,0.0,0.031782847
5544,40,AW19,kimono dress,0.0,0.026785761
5544,69,AW19,kimono dress,0.0,0.008709732
5547,10,AW19,kimono dress,0.0,0.008789588
5547,2,AW19,kimono dress,0.0,0.019912254
5547,62,AW19,kimono dress,0.0,0.007727459
5547,30,AW19,kimono dress,0.0,0.012339339
5547,96,AW19,kimono dress,0.0,0.017151635
5544,41,AW19,kimono dress,0.0,0.012385219
5544,64,AW19,kimono dress,0.0754717,0.01890843
5544,29,AW19,kimono dress,0.0,0.009273469
5544,104,AW19,kimono dress,0.0,0.009579208
5544,125,AW19,kimono dress,0.0,0.008759141
5544,115,AW19,kimono dress,0.018867925,0.01840157
5544,57,AW19,kimono dress,0.0,0.015252568
5544,44,AW19,kimono dress,0.0,0.016768135
5544,63,AW19,kimono dress,0.0,0.00867163
5544,59,AW19,kimono dress,0.0,0.0112626925
5544,95,AW19,kimono dress,0.0,0.007209234
5544,18,AW19,kimono dress,0.0,0.009746049
5544,46,AW19,kimono dress,0.0,0.015727341
5544,36,AW19,kimono dress,0.0,0.05857669
5544,81,AW19,kimono dress,0.018867925,0.017990813
5544,35,AW19,kimono dress,0.0,0.011158124
5547,91,AW19,kimono dress,0.0,0.0075977966
5500,43,AW19,culottes,0.0,0.007345043
5521,108,AW19,long coat,0.0,0.0077825636
5452,45,AW19,long coat,0.0,0.008157954
5382,10,AW19,long sleeve,0.0,0.0052403957
5382,15,AW19,long sleeve,0.0,0.007865008
5037,125,AW19,solid color top,0.018867925,0.0076644905
5382,22,AW19,long sleeve,0.0,0.004479505
5382,83,AW19,long sleeve,0.018867925,0.008725993
4930,95,AW19,solid color top,0.0,0.007993966
5382,46,AW19,long sleeve,0.03773585,0.006186668
5382,0,AW19,long sleeve,0.018867925,0.011346567
5416,14,AW19,long sleeve,0.0,0.011157077
5358,14,AW19,long sleeve,0.0,0.0080385655
4908,88,AW19,solid color top,0.0,0.011683144
5358,64,AW19,long sleeve,0.0,0.00885386
5358,41,AW19,long sleeve,0.03773585,0.007548813
5374,108,AW19,long sleeve,0.0,0.0052240565
5422,59,AW19,long sleeve,0.0,0.00942491
5374,29,AW19,long sleeve,0.0,0.009432808
5487,87,AW19,long sleeve,0.0,0.0074474663
4946,6,AW19,short sleeves,0.0,0.009247474
5345,95,AW19,long sleeve,0.018867925,0.0045205504
5507,30,AW19,long sleeve,0.0,0.01618421
5507,12,AW19,long sleeve,0.0,0.014494285
5507,10,AW19,long sleeve,0.0,0.03327265
5507,15,AW19,long sleeve,0.03773585,0.01389987
5507,43,AW19,long sleeve,0.018867925,0.016539425
5507,108,AW19,long sleeve,0.0,0.010366872
5507,13,AW19,long sleeve,0.0,0.012518033
5507,77,AW19,long sleeve,0.0,0.021480624
5507,121,AW19,long sleeve,0.0,0.01085753
5477,15,AW19,long sleeve,0.0,0.013836369
5477,43,AW19,long sleeve,0.03773585,0.01052548
4908,87,AW19,solid color top,0.018867925,0.007602617
5422,42,AW19,long sleeve,0.0,0.0040862896
5422,47,AW19,long sleeve,0.0,0.0054589286
5422,5,AW19,long sleeve,0.018867925,0.01538945
5491,54,AW19,short cardigan,0.0,0.004949551
4605,11,AW19,doll dress,0.03773585,0.01354745
4562,105,AW19,trapeze dress,0.0,0.018998496
4628,103,AW19,sleeveless,0.03773585,0.003905952
5491,105,AW19,short cardigan,0.0,0.010096449
5491,19,AW19,short cardigan,0.0,0.00466004
4988,19,AW19,medium coat,0.03773585,0.006437801
5491,48,AW19,short cardigan,0.0,0.004692577
5491,73,AW19,short cardigan,0.0,0.0096138865
5491,3,AW19,short cardigan,0.0,0.0051357113
5491,5,AW19,short cardigan,0.0,0.004751604
5491,52,AW19,short cardigan,0.0,0.0047579147
5491,51,AW19,short cardigan,0.0,0.017701492
5491,68,AW19,short cardigan,0.0,0.007007204
5491,1,AW19,short cardigan,0.0,0.011905365
5491,38,AW19,short cardigan,0.0,0.01819932
5491,121,AW19,short cardigan,0.0,0.0043640956
5005,1,AW19,short sleeves,0.0,0.013440542
5478,8,AW19,short cardigan,0.0,0.0115618035
5478,85,AW19,short cardigan,0.0,0.013225488
5478,61,AW19,short cardigan,0.0,0.008991189
5478,73,AW19,short cardigan,0.0,0.010485537
5478,39,AW19,short cardigan,0.0,0.0053731985
5477,121,AW19,long sleeve,0.0,0.0147131495
5478,75,AW19,short cardigan,0.0,0.0052361265
5491,4,AW19,short cardigan,0.0,0.009538483
5491,18,AW19,short cardigan,0.0,0.00465858
5491,26,AW19,short cardigan,0.0,0.0057524964
5491,81,AW19,short cardigan,0.0,0.014315128
5491,53,AW19,short cardigan,0.0,0.011113077
5491,32,AW19,short cardigan,0.0,0.021767486
5491,8,AW19,short cardigan,0.018867925,0.0060690567
5336,32,AW19,long sleeve,0.0,0.011869818
5512,12,AW19,long sleeve,0.0,0.00456284
5512,75,AW19,long sleeve,0.0,0.010987297
5485,7,AW19,short sleeves,0.0,0.012398414
5485,80,AW19,short sleeves,0.0,0.019170605
5485,9,AW19,short sleeves,0.018867925,0.015251309
5485,3,AW19,short sleeves,0.0,0.008443259
5485,108,AW19,short sleeves,0.0,0.010976918
5485,5,AW19,short sleeves,0.03773585,0.010210838
5485,13,AW19,short sleeves,0.0,0.016817655
5485,89,AW19,short sleeves,0.0,0.03958997
5485,51,AW19,short sleeves,0.018867925,0.01947353
5485,1,AW19,short sleeves,0.0,0.013819635
5485,20,AW19,short sleeves,0.0,0.019103363
5344,108,AW19,doll dress,0.018867925,0.013530411
5485,82,AW19,short sleeves,0.0,0.015007157
5485,74,AW19,short sleeves,0.0,0.0135811195
5485,10,AW19,short sleeves,0.018867925,0.0075433217
5485,35,AW19,short sleeves,0.0,0.014716849
5485,64,AW19,short sleeves,0.0,0.02050428
5485,41,AW19,short sleeves,0.0,0.012647305
5510,10,AW19,short sleeves,0.0,0.007460624
5344,87,AW19,doll dress,0.056603774,0.009749629
5510,75,AW19,short sleeves,0.0,0.017499834
5510,80,AW19,short sleeves,0.0,0.009276483
5510,73,AW19,short sleeves,0.0,0.0076114424
5510,99,AW19,short sleeves,0.0,0.011030432
5510,13,AW19,short sleeves,0.0,0.019462876
5510,45,AW19,short sleeves,0.0,0.014782336
5510,51,AW19,short sleeves,0.0,0.006148815
5510,106,AW19,short sleeves,0.0,0.010600481
5510,81,AW19,short sleeves,0.0,0.016261607
5510,26,AW19,short sleeves,0.0,0.02149976
5485,103,AW19,short sleeves,0.0,0.01636571
5485,62,AW19,short sleeves,0.0,0.012812927
4861,54,AW19,long sleeve,0.0,0.0043242574
4904,26,AW19,long sleeve,0.0,0.017989673
5512,88,AW19,long sleeve,0.018867925,0.030431796
5512,93,AW19,long sleeve,0.018867925,0.0110019855
5512,1,AW19,long sleeve,0.0,0.013855845
5512,36,AW19,long sleeve,0.0,0.0147756785
5020,87,AW19,trapeze dress,0.0,0.0059550926
5513,15,AW19,sleeveless,0.094339624,0.017815962
5513,65,AW19,sleeveless,0.018867925,0.009857733
5513,19,AW19,sleeveless,0.11320755,0.0037677959
5513,48,AW19,sleeveless,0.0,0.0075765327
5513,76,AW19,sleeveless,0.0754717,0.01379016
5513,51,AW19,sleeveless,0.03773585,0.021292858
5513,1,AW19,sleeveless,0.018867925,0.0064646974
5513,121,AW19,sleeveless,0.018867925,0.010200486
5513,46,AW19,sleeveless,0.0,0.0050363317
5020,21,AW19,trapeze dress,0.0,0.016678292
5513,8,AW19,sleeveless,0.0,0.010186605
5528,7,AW19,long sleeve,0.0,0.010501504
5059,74,AW19,kimono dress,0.018867925,0.011469312
5059,39,AW19,kimono dress,0.0,0.017583191
5059,15,AW19,kimono dress,0.0,0.008127008
5503,25,AW19,long sleeve,0.018867925,0.008558862
5503,106,AW19,long sleeve,0.0,0.013604134
4744,108,AW19,sheath dress,0.018867925,0.01645882
5512,19,AW19,long sleeve,0.018867925,0.00585204
5503,19,AW19,long sleeve,0.018867925,0.009286225
5528,36,AW19,long sleeve,0.0,0.014913749
5050,40,AW19,solid color top,0.056603774,0.010853164
5528,3,AW19,long sleeve,0.094339624,0.01144667
5528,43,AW19,long sleeve,0.0,0.020696234
5528,105,AW19,long sleeve,0.018867925,0.004382089
5050,105,AW19,solid color top,0.0,0.008761756
5503,12,AW19,long sleeve,0.0,0.014663674
5344,63,AW19,doll dress,0.018867925,0.0062794387
5506,81,AW19,long sleeve,0.0,0.0039870925
5506,82,AW19,long sleeve,0.0,0.012806103
5484,121,AW19,long sleeve,0.018867925,0.005822696
5484,77,AW19,long sleeve,0.0,0.014234275
5484,89,AW19,long sleeve,0.0,0.005254112
5484,13,AW19,long sleeve,0.0,0.009949632
5484,99,AW19,long sleeve,0.018867925,0.0063553154
5484,3,AW19,long sleeve,0.0,0.004437946
5484,43,AW19,long sleeve,0.0,0.0043108016
5484,10,AW19,long sleeve,0.0,0.010015562
4790,108,AW19,doll dress,0.018867925,0.016891591
5368,104,AW19,long sleeve,0.018867925,0.0060808733
5368,63,AW19,long sleeve,0.0,0.007963851
5368,85,AW19,long sleeve,0.03773585,0.0072498918
5368,76,AW19,long sleeve,0.0,0.01240192
5368,14,AW19,long sleeve,0.0,0.022236668
5470,36,AW19,medium coat,0.0,0.023751758
5071,108,AW19,long coat,0.0,0.010292672
5378,65,AW19,long sleeve,0.0,0.007757291
5378,28,AW19,long sleeve,0.0,0.010084376
5378,56,AW19,long sleeve,0.03773585,0.0046402365
5378,25,AW19,long sleeve,0.018867925,0.01159697
5453,83,AW19,miniskirt,0.0,0.012258656
5354,51,AW19,long sleeve,0.0,0.009072609
5354,77,AW19,long sleeve,0.018867925,0.0078110695
5354,20,AW19,long sleeve,0.0,0.0104399845
5361,3,AW19,long sleeve,0.018867925,0.008668575
5369,26,AW19,medium cardigan,0.018867925,0.0057750084
5356,5,AW19,long sleeve,0.018867925,0.009525254
5356,13,AW19,long sleeve,0.018867925,0.007799901
5356,26,AW19,long sleeve,0.0,0.002243936
5380,80,AW19,long sleeve,0.056603774,0.008777797
5368,94,AW19,long sleeve,0.0,0.0055263713
5470,45,AW19,medium coat,0.0,0.0058212876
5470,5,AW19,medium coat,0.0,0.017350987
5470,43,AW19,medium coat,0.0,0.016250089
5514,108,AW19,long sleeve,0.0,0.0057859235
5080,87,AW19,kimono dress,0.0,0.0071088597
5514,80,AW19,long sleeve,0.0,0.0045135505
5514,14,AW19,long sleeve,0.0,0.012533125
5514,19,AW19,long sleeve,0.0,0.0042312965
5514,65,AW19,long sleeve,0.0,0.006406352
5514,7,AW19,long sleeve,0.0,0.0045343935
5514,54,AW19,long sleeve,0.0,0.0041445196
4834,24,AW19,long sleeve,0.0,0.005333055
5508,29,AW19,long sleeve,0.0,0.005299695
5508,36,AW19,long sleeve,0.0,0.005883783
5508,35,AW19,long sleeve,0.0,0.006167151
5508,20,AW19,long sleeve,0.0,0.0049095005
5508,3,AW19,long sleeve,0.0,0.01376183
5508,80,AW19,long sleeve,0.018867925,0.012838356
5508,39,AW19,long sleeve,0.0,0.01032009
5508,43,AW19,long sleeve,0.0,0.0048483536
5470,48,AW19,medium coat,0.0,0.007917665
5470,31,AW19,medium coat,0.0,0.01690755
5470,12,AW19,medium coat,0.018867925,0.005396582
5509,21,AW19,medium coat,0.0,0.009000957
5509,8,AW19,medium coat,0.03773585,0.012210421
5509,83,AW19,medium coat,0.03773585,0.014312897
5380,121,AW19,long sleeve,0.056603774,0.0122689605
5509,88,AW19,medium coat,0.018867925,0.018884432
5484,95,AW19,long sleeve,0.0,0.005885128
5484,115,AW19,long sleeve,0.0,0.008462839
5484,29,AW19,long sleeve,0.0,0.019043114
5508,12,AW19,long sleeve,0.0,0.0045648552
5508,31,AW19,long sleeve,0.0,0.0074762553
5508,75,AW19,long sleeve,0.056603774,0.006076634
5509,49,AW19,medium coat,0.0,0.013149623
5506,121,AW19,long sleeve,0.0,0.004366994
5380,40,AW19,long sleeve,0.094339624,0.018098798
5404,54,AW19,long sleeve,0.0,0.0040877312
5481,75,AW19,long sleeve,0.0,0.015447035
5481,39,AW19,long sleeve,0.0,0.044774875
5481,73,AW19,long sleeve,0.0,0.014160141
5481,108,AW19,long sleeve,0.0,0.010551229
5481,51,AW19,long sleeve,0.0,0.0051852986
5481,1,AW19,long sleeve,0.0,0.017123818
5481,42,AW19,long sleeve,0.0,0.0049729384
5481,107,AW19,long sleeve,0.0,0.011271402
5481,36,AW19,long sleeve,0.0,0.012116831
5481,4,AW19,long sleeve,0.03773585,0.0081450045
5481,100,AW19,long sleeve,0.0,0.01590779
5481,41,AW19,long sleeve,0.018867925,0.0095434785
5366,108,AW19,long sleeve,0.0,0.008971326
5366,87,AW19,long sleeve,0.0,0.0048295967
5481,30,AW19,long sleeve,0.0,0.042307246
5366,29,AW19,long sleeve,0.0,0.015624773
5347,75,AW19,long sleeve,0.0,0.0071676
5347,94,AW19,long sleeve,0.03773585,0.010102008
5347,15,AW19,long sleeve,0.018867925,0.009009004
5362,36,AW19,long sleeve,0.0,0.018801536
5362,15,AW19,long sleeve,0.018867925,0.004320074
4453,24,AW19,long sleeve,0.0,0.014985554
5370,16,AW19,long sleeve,0.0,0.009957366
5375,49,AW19,long sleeve,0.0,0.0060858876
5375,105,AW19,long sleeve,0.0,0.0056744963
5375,75,AW19,long sleeve,0.0,0.004240826
5375,93,AW19,long sleeve,0.0,0.0042956434
5375,81,AW19,long sleeve,0.0,0.0041169226
5375,36,AW19,long sleeve,0.0,0.0041680783
5506,75,AW19,long sleeve,0.0,0.011113033
5347,14,AW19,long sleeve,0.018867925,0.0065363124
5480,41,AW19,long sleeve,0.0,0.0069486275
5480,104,AW19,long sleeve,0.0,0.005522374
5480,8,AW19,long sleeve,0.0,0.0063922107
5404,107,AW19,long sleeve,0.0,0.006615013
5421,117,AW19,long sleeve,0.0,0.005321957
5347,57,AW19,long sleeve,0.0,0.024409696
5347,0,AW19,long sleeve,0.0,0.0050792918
5347,106,AW19,long sleeve,0.0,0.0047489926
5347,76,AW19,long sleeve,0.018867925,0.007039182
5437,12,AW19,long sleeve,0.056603774,0.016776014
5437,19,AW19,long sleeve,0.094339624,0.020935655
5437,80,AW19,long sleeve,0.056603774,0.011760339
5437,28,AW19,long sleeve,0.056603774,0.020453945
5437,76,AW19,long sleeve,0.018867925,0.013468064
5437,21,AW19,long sleeve,0.0,0.013404593
5424,75,AW19,long sleeve,0.018867925,0.006758414
5424,108,AW19,long sleeve,0.018867925,0.010643847
4949,29,AW19,long cardigan,0.03773585,0.009394132
5000,88,AW19,long sleeve,0.0,0.010560375
5480,7,AW19,long sleeve,0.0,0.0056549795
5480,36,AW19,long sleeve,0.0,0.006155364
5480,69,AW19,long sleeve,0.0,0.004490163
5480,121,AW19,long sleeve,0.0,0.006216131
5480,107,AW19,long sleeve,0.0,0.0070265085
5480,82,AW19,long sleeve,0.0,0.0057274587
5480,1,AW19,long sleeve,0.0,0.005787581
5418,57,AW19,short cardigan,0.0,0.009735435
5480,87,AW19,long sleeve,0.0,0.011176415
5480,52,AW19,long sleeve,0.0,0.007004991
5480,3,AW19,long sleeve,0.018867925,0.0041166954
5480,73,AW19,long sleeve,0.0,0.009313598
5480,75,AW19,long sleeve,0.0,0.008069385
5480,94,AW19,long sleeve,0.0,0.005601406
5480,31,AW19,long sleeve,0.0,0.0075822137
5480,76,AW19,long sleeve,0.0,0.008061461
5510,41,AW19,short sleeves,0.0,0.010162383
5417,108,AW19,long sleeve,0.018867925,0.011690922
5407,93,AW19,long sleeve,0.018867925,0.010479912
5397,68,AW19,patterned top,0.0,0.025717549
5397,87,AW19,patterned top,0.0,0.0065229014
5397,77,AW19,patterned top,0.0,0.008526843
5061,1,AW19,long coat,0.0,0.012218479
5397,51,AW19,patterned top,0.0,0.01007795
5061,56,AW19,long coat,0.0,0.014999807
5397,89,AW19,patterned top,0.0,0.008402016
5397,76,AW19,patterned top,0.0,0.008323617
5397,45,AW19,patterned top,0.018867925,0.010592334
5397,22,AW19,patterned top,0.03773585,0.017847322
5397,93,AW19,patterned top,0.0,0.0071239322
5397,13,AW19,patterned top,0.0,0.0072047412
5397,16,AW19,patterned top,0.0,0.0059434026
5397,56,AW19,patterned top,0.0,0.013095725
5397,20,AW19,patterned top,0.0,0.005945213
5397,28,AW19,patterned top,0.0,0.0081958175
5397,5,AW19,patterned top,0.0,0.006360285
5397,108,AW19,patterned top,0.0,0.026170615
5397,3,AW19,patterned top,0.0,0.0118006095
5397,9,AW19,patterned top,0.0,0.007205695
5397,80,AW19,patterned top,0.018867925,0.049651872
5397,39,AW19,patterned top,0.0,0.028011244
5397,43,AW19,patterned top,0.0,0.021180723
5397,48,AW19,patterned top,0.0,0.0052244514
5397,75,AW19,patterned top,0.0,0.010638982
5397,19,AW19,patterned top,0.0,0.0068992674
5397,94,AW19,patterned top,0.0,0.011798464
5397,65,AW19,patterned top,0.0,0.0123989545
5397,31,AW19,patterned top,0.0,0.04421457
5539,96,AW19,maxi,0.018867925,0.00952255
5397,99,AW19,patterned top,0.018867925,0.023083907
5061,100,AW19,long coat,0.018867925,0.014520355
5397,27,AW19,patterned top,0.0,0.005304672
5397,61,AW19,patterned top,0.0,0.007322885
5497,89,AW19,long coat,0.0,0.012366891
5497,9,AW19,long coat,0.018867925,0.0043874383
5497,80,AW19,long coat,0.0,0.009683512
5497,7,AW19,long coat,0.0,0.007131569
5497,12,AW19,long coat,0.0,0.0092289
5497,62,AW19,long coat,0.0,0.0060655028
5497,54,AW19,long coat,0.0,0.007734835
5519,103,AW19,long coat,0.0,0.0061278194
5519,46,AW19,long coat,0.0,0.0072818696
5519,42,AW19,long coat,0.0,0.014628112
5519,87,AW19,long coat,0.018867925,0.007455498
5519,51,AW19,long coat,0.018867925,0.0072304197
5519,33,AW19,long coat,0.0,0.00911393
5519,80,AW19,long coat,0.0,0.012668777
5519,86,AW19,long coat,0.0,0.00555411
5519,65,AW19,long coat,0.0,0.007201668
5519,12,AW19,long coat,0.0,0.009464294
5397,82,AW19,patterned top,0.0,0.01775486
5397,83,AW19,patterned top,0.018867925,0.0057293214
5397,72,AW19,patterned top,0.0,0.008703776
5397,121,AW19,patterned top,0.0,0.022084244
5397,67,AW19,patterned top,0.0,0.005970888
5530,86,AW19,medium coat,0.03773585,0.015741892
5539,30,AW19,maxi,0.018867925,0.049530264
5530,16,AW19,medium coat,0.018867925,0.017954838
5530,89,AW19,medium coat,0.0,0.0131865665
5504,19,AW19,medium coat,0.0,0.012585685
5504,1,AW19,medium coat,0.03773585,0.018564537
5504,47,AW19,medium coat,0.0,0.005815588
5504,35,AW19,medium coat,0.0,0.016271278
5519,54,AW19,long coat,0.0,0.018703666
5530,22,AW19,medium coat,0.0,0.022005253
5497,51,AW19,long coat,0.0,0.0068745315
5539,54,AW19,maxi,0.0,0.012100652
5539,10,AW19,maxi,0.0,0.007182941
5539,53,AW19,maxi,0.056603774,0.005506102
5539,40,AW19,maxi,0.03773585,0.036554668
5539,69,AW19,maxi,0.03773585,0.0147615075
5539,35,AW19,maxi,0.0,0.010149486
5539,81,AW19,maxi,0.0,0.017530747
5539,36,AW19,maxi,0.0,0.020323046
5539,46,AW19,maxi,0.0,0.03692234
5539,90,AW19,maxi,0.018867925,0.0110614225
5539,18,AW19,maxi,0.094339624,0.016136758
5539,95,AW19,maxi,0.018867925,0.007900011
5539,4,AW19,maxi,0.0,0.009614624
5539,8,AW19,maxi,0.0,0.035798658
5539,100,AW19,maxi,0.0,0.01562687
5539,21,AW19,maxi,0.056603774,0.023324162
5539,67,AW19,maxi,0.0,0.01989866
5539,57,AW19,maxi,0.0,0.010074869
5539,29,AW19,maxi,0.0,0.015091293
5539,64,AW19,maxi,0.0,0.012747362
5539,41,AW19,maxi,0.0,0.038538527
5397,15,AW19,patterned top,0.0,0.01270666
5397,7,AW19,patterned top,0.0,0.006621018
5429,105,AW19,patterned top,0.0,0.009264708
5397,12,AW19,patterned top,0.0,0.023560558
5429,108,AW19,patterned top,0.0,0.0084446
5397,2,AW19,patterned top,0.0,0.041390024
5397,54,AW19,patterned top,0.0,0.022563197
5397,30,AW19,patterned top,0.0,0.007148925
5397,96,AW19,patterned top,0.0,0.0063948445
5429,83,AW19,patterned top,0.0,0.0235889
5429,121,AW19,patterned top,0.018867925,0.0068948865
5539,115,AW19,maxi,0.018867925,0.055148613
5539,121,AW19,maxi,0.0,0.016948916
5539,85,AW19,maxi,0.056603774,0.030316718
5539,72,AW19,maxi,0.056603774,0.017968044
5539,7,AW19,maxi,0.0,0.012828197
5539,15,AW19,maxi,0.03773585,0.026653226
5539,91,AW19,maxi,0.03773585,0.009957805
5539,31,AW19,maxi,0.094339624,0.025776297
5539,94,AW19,maxi,0.0,0.013735026
5539,105,AW19,maxi,0.0,0.014497489
5539,19,AW19,maxi,0.03773585,0.017954051
5539,75,AW19,maxi,0.03773585,0.00940533
5539,14,AW19,maxi,0.0,0.023200858
5539,86,AW19,maxi,0.0,0.024174124
5539,43,AW19,maxi,0.0,0.013865113
5539,39,AW19,maxi,0.0,0.020497028
5539,80,AW19,maxi,0.056603774,0.0425673
5539,73,AW19,maxi,0.0,0.013914116
5539,9,AW19,maxi,0.056603774,0.029637843
5539,3,AW19,maxi,0.13207547,0.042376082
5539,108,AW19,maxi,0.018867925,0.014246404
5539,83,AW19,maxi,0.018867925,0.020344235
5539,82,AW19,maxi,0.03773585,0.036539786
5539,20,AW19,maxi,0.018867925,0.014257938
5539,1,AW19,maxi,0.018867925,0.042695783
5539,51,AW19,maxi,0.0,0.006312594
5539,89,AW19,maxi,0.0,0.009650338
5539,12,AW19,maxi,0.0,0.023600452
5539,76,AW19,maxi,0.018867925,0.01591969
5539,22,AW19,maxi,0.03773585,0.018002778
5539,93,AW19,maxi,0.0,0.036191154
5539,16,AW19,maxi,0.018867925,0.032578878
5539,56,AW19,maxi,0.018867925,0.018136524
5539,99,AW19,maxi,0.056603774,0.010963209
5539,5,AW19,maxi,0.0,0.008183055
5539,45,AW19,maxi,0.056603774,0.01881126
5497,59,AW19,long coat,0.0,0.012714088
5497,41,AW19,long coat,0.0,0.0058971904
5397,53,AW19,patterned top,0.0,0.005682986
5474,79,AW19,long dress,0.0,0.0051742196
5474,110,AW19,long dress,0.0,0.008243494
5474,3,AW19,long dress,0.0,0.013212264
5474,108,AW19,long dress,0.0,0.0048084483
5474,28,AW19,long dress,0.0,0.01476007
5474,93,AW19,long dress,0.0,0.025167014
5474,33,AW19,long dress,0.0,0.004587993
5474,87,AW19,long dress,0.0,0.006528206
5474,68,AW19,long dress,0.0,0.004761748
5474,27,AW19,long dress,0.018867925,0.005101189
5474,106,AW19,long dress,0.0,0.0077656955
5474,67,AW19,long dress,0.0,0.0063955374
5474,40,AW19,long dress,0.0754717,0.007383149
5474,81,AW19,long dress,0.018867925,0.008884676
5474,105,AW19,long dress,0.0,0.004673712
5474,103,AW19,long dress,0.0,0.0041160733
5474,64,AW19,long dress,0.0,0.007547438
5498,88,AW19,doll dress,0.0,0.004547879
5498,73,AW19,doll dress,0.0,0.006540604
5498,110,AW19,doll dress,0.03773585,0.011665307
5498,76,AW19,doll dress,0.0,0.005961105
5498,85,AW19,doll dress,0.0,0.011287764
5498,53,AW19,doll dress,0.0,0.0066839866
5498,104,AW19,doll dress,0.0,0.008501947
5332,87,AW19,doll dress,0.0,0.0075484365
5332,83,AW19,doll dress,0.0,0.010249186
5543,46,AW19,long sleeve,0.056603774,0.011432119
5543,53,AW19,long sleeve,0.0,0.015875362
5543,106,AW19,long sleeve,0.0,0.011568107
5543,47,AW19,long sleeve,0.0,0.010135673
5474,57,AW19,long dress,0.0,0.0050206035
5474,7,AW19,long dress,0.0,0.004636254
5051,108,AW19,trapeze dress,0.0,0.0072202384
5056,32,AW19,sheath dress,0.0,0.005490564
5389,100,AW19,long sleeve,0.0,0.00739133
5389,87,AW19,long sleeve,0.0,0.0078074858
5389,93,AW19,long sleeve,0.0,0.006806642
5389,56,AW19,long sleeve,0.0,0.008297902
5389,108,AW19,long sleeve,0.0,0.008757375
5389,14,AW19,long sleeve,0.018867925,0.012462094
5389,31,AW19,long sleeve,0.0,0.025998212
5386,90,AW19,long sleeve,0.0,0.0050850287
5386,67,AW19,long sleeve,0.018867925,0.007422939
5386,87,AW19,long sleeve,0.0,0.014824219
5386,51,AW19,long sleeve,0.0,0.004498489
5386,22,AW19,long sleeve,0.0,0.005686328
5386,50,AW19,long sleeve,0.0,0.014565207
5386,117,AW19,long sleeve,0.0,0.013265483
5386,13,AW19,long sleeve,0.0,0.008145541
5386,28,AW19,long sleeve,0.0,0.008821636
5386,14,AW19,long sleeve,0.0,0.008093428
5445,57,AW19,long dress,0.018867925,0.0062416196
5445,40,AW19,long dress,0.0,0.0020897165
5445,28,AW19,long dress,0.0,0.009149492
5445,108,AW19,long dress,0.0,0.0043368824
5483,103,AW19,sheath dress,0.0,0.009995684
5483,95,AW19,sheath dress,0.0,0.006572485
5543,15,AW19,long sleeve,0.0,0.022088617
5483,83,AW19,sheath dress,0.0,0.0052573606
5483,51,AW19,sheath dress,0.0,0.011710927
5483,73,AW19,sheath dress,0.018867925,0.0086890645
5500,92,AW19,culottes,0.018867925,0.009461798
5483,88,AW19,sheath dress,0.018867925,0.016350396
5483,86,AW19,sheath dress,0.0,0.004155528
5386,31,AW19,long sleeve,0.0,0.0058084503
5483,106,AW19,sheath dress,0.018867925,0.00412789
5543,12,AW19,long sleeve,0.0,0.016258731
5531,107,AW19,long sleeve,0.018867925,0.011019651
5531,39,AW19,long sleeve,0.03773585,0.01612848
5537,12,AW19,long sleeve,0.018867925,0.010550335
4934,88,AW19,long coat,0.03773585,0.01976069
4853,74,AW19,trapeze dress,0.0,0.0044474304
5376,40,AW19,long coat,0.0,0.009430319
5376,31,AW19,long coat,0.0,0.0074210986
5062,77,AW19,medium coat,0.018867925,0.005786963
5394,18,AW19,maxi,0.0,0.012940556
5394,67,AW19,maxi,0.0,0.006068997
5394,107,AW19,maxi,0.0,0.0095602535
5394,108,AW19,maxi,0.0,0.0077659637
5394,79,AW19,maxi,0.0,0.008811116
5397,41,AW19,patterned top,0.0,0.008406095
5397,64,AW19,patterned top,0.018867925,0.016536538
5397,29,AW19,patterned top,0.0,0.010800328
5397,104,AW19,patterned top,0.0,0.0054993704
5397,115,AW19,patterned top,0.0,0.0059734993
5397,57,AW19,patterned top,0.0,0.006773539
5397,40,AW19,patterned top,0.0,0.0075507015
5397,69,AW19,patterned top,0.0,0.008571118
5397,35,AW19,patterned top,0.0,0.007100627
5072,84,AW19,medium coat,0.03773585,0.009969227
5397,81,AW19,patterned top,0.0,0.01395322
5397,36,AW19,patterned top,0.0,0.009665646
5537,15,AW19,long sleeve,0.0,0.0072584674
5397,46,AW19,patterned top,0.0,0.009051777
5397,18,AW19,patterned top,0.0,0.008610092
5397,0,AW19,patterned top,0.0,0.010152213
5397,4,AW19,patterned top,0.0,0.0066616833
5397,100,AW19,patterned top,0.018867925,0.008672554
5397,21,AW19,patterned top,0.0,0.006089717
5397,25,AW19,patterned top,0.018867925,0.009666249
5397,90,AW19,patterned top,0.0,0.006400585
4936,21,AW19,short sleeves,0.0,0.005897131
5537,31,AW19,long sleeve,0.0,0.026330125
5537,80,AW19,long sleeve,0.0,0.016110417
5534,103,AW19,long sleeve,0.0,0.0148181915
5534,90,AW19,long sleeve,0.018867925,0.014198676
5534,53,AW19,long sleeve,0.0,0.022121288
5534,83,AW19,long sleeve,0.018867925,0.018980037
5534,77,AW19,long sleeve,0.0,0.025911316
5534,14,AW19,long sleeve,0.03773585,0.008887947
5534,15,AW19,long sleeve,0.018867925,0.011195481
5534,12,AW19,long sleeve,0.0,0.023221835
5550,95,AW19,long sleeve,0.0,0.011141676
5550,67,AW19,long sleeve,0.0,0.012697373
5550,1,AW19,long sleeve,0.0,0.009768274
5550,77,AW19,long sleeve,0.0,0.013346799
5550,80,AW19,long sleeve,0.0,0.011963647
5550,19,AW19,long sleeve,0.018867925,0.010567293
5550,31,AW19,long sleeve,0.0,0.0108091235
4850,87,AW19,trapeze dress,0.0,0.0135307275
5550,15,AW19,long sleeve,0.018867925,0.0213168
5537,76,AW19,long sleeve,0.018867925,0.012547031
5537,1,AW19,long sleeve,0.0,0.012502708
5537,20,AW19,long sleeve,0.0,0.0054991096
5546,30,AW19,long sleeve,0.0,0.010028973
5546,75,AW19,long sleeve,0.0,0.0071947873
5546,9,AW19,long sleeve,0.0,0.007801309
5537,75,AW19,long sleeve,0.0,0.014214963
5546,24,AW19,long sleeve,0.0,0.0068587773
5546,77,AW19,long sleeve,0.0,0.0069171116
5546,53,AW19,long sleeve,0.018867925,0.012418427
5546,69,AW19,long sleeve,0.018867925,0.006554384
5546,18,AW19,long sleeve,0.0,0.018597916
5546,95,AW19,long sleeve,0.0,0.00446108
5550,30,AW19,long sleeve,0.0,0.007442631
5546,51,AW19,long sleeve,0.018867925,0.009298407
4936,90,AW19,short sleeves,0.018867925,0.004382089
5073,8,AW19,medium coat,0.0,0.027147248
5365,108,AW19,culottes,0.0,0.004381135
5516,3,AW19,long sleeve,0.0,0.008797258
5516,13,AW19,long sleeve,0.0,0.0042415783
5516,93,AW19,long sleeve,0.018867925,0.006572485
5526,12,AW19,short cardigan,0.0,0.0064446926
5516,87,AW19,long sleeve,0.0,0.004720174
5526,2,AW19,short cardigan,0.0,0.014727339
5526,54,AW19,short cardigan,0.018867925,0.004857626
5514,115,AW19,long sleeve,0.0,0.006613672
5435,33,AW19,kimono dress,0.0,0.0059166104
5514,8,AW19,long sleeve,0.0,0.0061485544
5435,93,AW19,kimono dress,0.018867925,0.0065364204
5514,18,AW19,long sleeve,0.0,0.004597567
5516,68,AW19,long sleeve,0.0,0.004723318
5516,72,AW19,long sleeve,0.0,0.0039087273
5008,24,AW19,long sleeve,0.0,0.0047298744
5516,40,AW19,long sleeve,0.03773585,0.009950504
5435,110,AW19,kimono dress,0.03773585,0.004351683
5516,39,AW19,long sleeve,0.0,0.005005941
5516,115,AW19,long sleeve,0.0,0.006533649
5486,21,AW19,long sleeve,0.0,0.0074272677
5401,96,AW19,kimono dress,0.0,0.006584741
5486,75,AW19,long sleeve,0.018867925,0.0065143406
5486,56,AW19,long sleeve,0.056603774,0.018250652
5486,13,AW19,long sleeve,0.0,0.013418958
5526,75,AW19,short cardigan,0.0,0.012089465
5400,93,AW19,medium cardigan,0.018867925,0.016522534
4686,105,AW19,doll dress,0.0,0.023464315
5486,22,AW19,long sleeve,0.018867925,0.01874604
5486,52,AW19,long sleeve,0.0,0.006684646
5486,68,AW19,long sleeve,0.0,0.009106427
5486,1,AW19,long sleeve,0.0,0.016896646
5401,82,AW19,kimono dress,0.018867925,0.017241128
5486,40,AW19,long sleeve,0.018867925,0.008835681
5486,69,AW19,long sleeve,0.0,0.007890984
5486,35,AW19,long sleeve,0.0,0.010638747
5401,16,AW19,kimono dress,0.03773585,0.016192224
5521,7,AW19,long coat,0.018867925,0.00993938
5486,0,AW19,long sleeve,0.0,0.009176865
5486,63,AW19,long sleeve,0.0,0.008196548
5526,60,AW19,short cardigan,0.018867925,0.0058610216
4971,54,AW19,doll dress,0.0,0.017047781
4971,85,AW19,doll dress,0.018867925,0.010134164
5399,29,AW19,long sleeve,0.0,0.01386141
4684,88,AW19,culottes,0.0,0.017567609
4684,73,AW19,culottes,0.0,0.0051114485
4684,3,AW19,culottes,0.0,0.020750426
4684,99,AW19,culottes,0.0,0.009348504
4684,28,AW19,culottes,0.0,0.007296413
5009,102,AW19,long sleeve,0.0,0.009893835
4684,16,AW19,culottes,0.0,0.016391814
5476,43,AW19,solid color top,0.0,0.009432189
5476,3,AW19,solid color top,0.0,0.004072465
5079,28,AW19,kimono dress,0.018867925,0.0100501105
4684,22,AW19,culottes,0.0,0.025401875
5032,95,AW19,long duster,0.0,0.014122628
4684,51,AW19,culottes,0.0,0.006048918
4684,1,AW19,culottes,0.0,0.008964848
4684,38,AW19,culottes,0.0,0.00794936
5079,33,AW19,kimono dress,0.0,0.008948758
4684,48,AW19,culottes,0.0,0.0064788274
4971,105,AW19,doll dress,0.0,0.0053115897
4684,75,AW19,culottes,0.018867925,0.01774396
5079,88,AW19,kimono dress,0.0,0.00885386
5399,10,AW19,long sleeve,0.0,0.013291642
5527,125,AW19,long coat,0.018867925,0.007679321
4971,103,AW19,doll dress,0.0,0.007150218
5438,83,AW19,long sleeve,0.0,0.004696753
5527,103,AW19,long coat,0.018867925,0.015549265
5476,12,AW19,solid color top,0.0,0.004541166
5476,65,AW19,solid color top,0.0,0.0057107434
5527,46,AW19,long coat,0.018867925,0.016111776
5399,14,AW19,long sleeve,0.0,0.006727211
5399,22,AW19,long sleeve,0.018867925,0.0047039315
5476,60,AW19,solid color top,0.018867925,0.0043298677
5399,76,AW19,long sleeve,0.0,0.019506156
4684,49,AW19,culottes,0.0,0.011118673
5476,79,AW19,solid color top,0.0,0.0044914633
5399,47,AW19,long sleeve,0.0,0.00805942
4684,31,AW19,culottes,0.0,0.0074913427
5399,85,AW19,long sleeve,0.0,0.012569085
4684,19,AW19,culottes,0.0,0.0061080344
5427,57,AW19,medium cardigan,0.018867925,0.010859057
5427,4,AW19,medium cardigan,0.018867925,0.00469362
5486,94,AW19,long sleeve,0.018867925,0.008854732
5465,13,AW19,long coat,0.0,0.010617223
5460,105,AW19,kimono dress,0.0,0.010198392
5526,29,AW19,short cardigan,0.0,0.007844057
5460,75,AW19,kimono dress,0.0,0.009788509
5460,68,AW19,kimono dress,0.0,0.009143494
5465,72,AW19,long coat,0.0,0.0074844137
5460,82,AW19,kimono dress,0.0,0.019188765
5001,108,AW19,long sleeve,0.0,0.008450337
4781,105,AW19,culottes,0.056603774,0.01024764
5472,54,AW19,long sleeve,0.0,0.012928676
4592,26,AW19,trapeze dress,0.018867925,0.0065162405
5472,15,AW19,long sleeve,0.0,0.011519551
5460,74,AW19,kimono dress,0.0,0.005133532
5472,94,AW19,long sleeve,0.0,0.017239459
5074,101,AW19,long sleeve,0.0,0.01759512
5472,105,AW19,long sleeve,0.0,0.00443035
5472,3,AW19,long sleeve,0.0,0.004280396
5488,4,AW19,long sleeve,0.0,0.009010516
5472,13,AW19,long sleeve,0.0,0.004599005
5488,18,AW19,long sleeve,0.0,0.0058962367
5488,69,AW19,long sleeve,0.0,0.011183586
5526,107,AW19,short cardigan,0.0,0.010401003
5526,106,AW19,short cardigan,0.0,0.011778232
5526,87,AW19,short cardigan,0.0,0.0114378
5526,72,AW19,short cardigan,0.0,0.0069701523
5521,45,AW19,long coat,0.0,0.01575894
5488,96,AW19,long sleeve,0.03773585,0.004394781
5488,52,AW19,long sleeve,0.0,0.0075063705
5521,76,AW19,long coat,0.018867925,0.013687387
5488,89,AW19,long sleeve,0.0,0.0041568875
5001,26,AW19,long sleeve,0.0,0.0070241354
5488,87,AW19,long sleeve,0.0,0.0070376173
5488,61,AW19,long sleeve,0.0,0.004663676
5488,82,AW19,long sleeve,0.0,0.008586369
5488,83,AW19,long sleeve,0.0,0.007568095
5526,40,AW19,short cardigan,0.0754717,0.012255169
5521,115,AW19,long coat,0.0,0.013958562
5488,40,AW19,long sleeve,0.0,0.006499175
5526,18,AW19,short cardigan,0.0,0.006243199
5074,121,AW19,long sleeve,0.0,0.01269234
5466,15,AW19,kimono dress,0.0,0.0046565533
5472,52,AW19,long sleeve,0.0,0.0053386316
5518,121,AW19,long sleeve,0.0,0.008964639
5518,53,AW19,long sleeve,0.018867925,0.002017714
5518,46,AW19,long sleeve,0.0,0.004338242
5413,3,AW19,long sleeve,0.0,0.006876655
5486,96,AW19,long sleeve,0.018867925,0.0051178634
5479,49,AW19,long sleeve,0.0,0.009394132
5486,30,AW19,long sleeve,0.0,0.0054991096
5479,27,AW19,long sleeve,0.0,0.006021492
5479,109,AW19,long sleeve,0.0,0.0053452365
5479,32,AW19,long sleeve,0.0,0.0049854666
5413,46,AW19,long sleeve,0.0,0.005882334
5486,7,AW19,long sleeve,0.0,0.0137730725
5486,65,AW19,long sleeve,0.018867925,0.009276278
5526,3,AW19,short cardigan,0.0754717,0.00995481
5427,106,AW19,medium cardigan,0.0,0.005037725
5427,82,AW19,medium cardigan,0.0,0.0060767345
5526,39,AW19,short cardigan,0.0,0.009054571
5518,82,AW19,long sleeve,0.0,0.0049696863
5518,3,AW19,long sleeve,0.0,0.005591832
5388,27,AW19,long sleeve,0.018867925,0.004091829
5518,88,AW19,long sleeve,0.0,0.013434716
5074,59,AW19,long sleeve,0.0,0.0070551187
5472,87,AW19,long sleeve,0.03773585,0.009918265
5466,108,AW19,kimono dress,0.0,0.0044182427
5472,68,AW19,long sleeve,0.0,0.0067215934
5466,16,AW19,kimono dress,0.03773585,0.009680048
5058,10,AW19,long sleeve,0.0,0.0062653236
5058,15,AW19,long sleeve,0.03773585,0.012380801
5472,53,AW19,long sleeve,0.018867925,0.014023803
5430,40,AW19,kimono dress,0.0,0.004514847
5472,81,AW19,long sleeve,0.0,0.0072043464
5466,53,AW19,kimono dress,0.018867925,0.009833168
5466,90,AW19,kimono dress,0.0,0.006953012
5472,57,AW19,long sleeve,0.0,0.0140674
5518,15,AW19,long sleeve,0.0,0.015398093
5388,15,AW19,long sleeve,0.018867925,0.006526407
5388,31,AW19,long sleeve,0.0,0.008922048
5388,65,AW19,long sleeve,0.0,0.014111187
5518,43,AW19,long sleeve,0.0,0.0044115633
5466,47,AW19,kimono dress,0.0,0.014939822
4684,53,AW19,culottes,0.0,0.0144709945
4881,105,AW19,trapeze dress,0.0,0.015383832
5455,88,AW19,solid color top,0.0,0.0058437623
4771,59,AW19,medium coat,0.0,0.01167031
4771,67,AW19,medium coat,0.0,0.012797441
4771,101,AW19,medium coat,0.018867925,0.009362772
5455,93,AW19,solid color top,0.0,0.023085728
4771,88,AW19,medium coat,0.0,0.008877717
5009,108,AW19,long sleeve,0.0,0.0047011226
5514,68,AW19,long sleeve,0.0,0.008560568
5079,103,AW19,kimono dress,0.0,0.004973095
5514,51,AW19,long sleeve,0.0,0.0056138188
5514,89,AW19,long sleeve,0.0,0.0061457865
5455,108,AW19,solid color top,0.0,0.008910835
5338,13,AW19,kimono dress,0.0,0.004728779
5341,46,AW19,kimono dress,0.03773585,0.004057154
4806,81,AW19,culottes,0.018867925,0.004719533
4963,108,AW19,long cardigan,0.0,0.006958537
5455,91,AW19,solid color top,0.0,0.009530887
5436,88,AW19,long sleeve,0.0,0.009041011
5038,82,AW19,long sleeve,0.0,0.008689124
5430,88,AW19,kimono dress,0.0754717,0.0060795173
5452,64,AW19,long coat,0.018867925,0.009105671
5436,24,AW19,long sleeve,0.0,0.009287704
5430,3,AW19,kimono dress,0.0754717,0.0064707696
5027,105,AW19,long coat,0.0,0.011415355
5338,89,AW19,kimono dress,0.0,0.0067326836
5514,82,AW19,long sleeve,0.0,0.0041872896
4771,44,AW19,medium coat,0.018867925,0.01419089
4762,92,AW19,medium coat,0.0,0.004276201
4778,26,AW19,medium coat,0.0,0.0054295063
5383,87,AW19,culottes,0.0,0.0074259564
4778,101,AW19,medium coat,0.018867925,0.009057205
4973,49,AW19,culottes,0.0,0.007142462
5455,95,AW19,solid color top,0.03773585,0.007942043
5455,57,AW19,solid color top,0.018867925,0.0024663769
5455,64,AW19,solid color top,0.0,0.009045832
4778,10,AW19,medium coat,0.0754717,0.0064633004
4973,22,AW19,culottes,0.0,0.0042928383
5455,35,AW19,solid color top,0.0,0.00925415
5455,69,AW19,solid color top,0.0,0.006326001
5359,94,AW19,culottes,0.018867925,0.012697373
5455,74,AW19,solid color top,0.0,0.008794431
4779,85,AW19,medium coat,0.018867925,0.016657427
4597,53,AW19,solid color top,0.0,0.008136183
5377,88,AW19,long sleeve,0.018867925,0.015091505
4779,108,AW19,medium coat,0.03773585,0.007116262
5015,87,AW19,medium coat,0.018867925,0.009449318
5455,68,AW19,solid color top,0.0,0.025990494
5455,87,AW19,solid color top,0.0,0.007748857
5015,41,AW19,medium coat,0.0,0.006197866
4779,60,AW19,medium coat,0.0,0.0068740696
4779,7,AW19,medium coat,0.03773585,0.023798078
5338,20,AW19,kimono dress,0.0,0.016206019
5436,46,AW19,long sleeve,0.0,0.007099651
5455,100,AW19,solid color top,0.0,0.0083104
5500,94,AW19,culottes,0.018867925,0.023969647
4684,95,AW19,culottes,0.0,0.007133879
5514,72,AW19,long sleeve,0.0,0.004721932
5514,69,AW19,long sleeve,0.0,0.010521974
4872,96,AW19,culottes,0.0,0.011120804
4684,64,AW19,culottes,0.018867925,0.010390073
5079,40,AW19,kimono dress,0.0,0.022092834
5514,26,AW19,long sleeve,0.0,0.011721078
5079,20,AW19,kimono dress,0.0,0.0069245286
4684,102,AW19,culottes,0.018867925,0.005822696
5514,36,AW19,long sleeve,0.0,0.008428246
5500,12,AW19,culottes,0.0,0.010193665
5500,15,AW19,culottes,0.0,0.007030785
5476,85,AW19,solid color top,0.0,0.004337497
4684,29,AW19,culottes,0.0,0.009031147
4684,4,AW19,culottes,0.018867925,0.013736706
5021,76,AW19,long sleeve,0.018867925,0.012005575
4854,21,AW19,doll dress,0.0,0.0057270974
5021,87,AW19,long sleeve,0.0,0.007160753
5434,36,AW19,culottes,0.0,0.0056955814
5377,77,AW19,long sleeve,0.0,0.010005448
4684,81,AW19,culottes,0.018867925,0.008856736
4763,44,AW19,medium coat,0.03773585,0.011193067
4684,74,AW19,culottes,0.0,0.007144667
5377,45,AW19,long sleeve,0.03773585,0.009847607
4684,46,AW19,culottes,0.0,0.008536663
5009,24,AW19,long sleeve,0.0,0.009760316
5434,63,AW19,culottes,0.03773585,0.010578081
5452,74,AW19,long coat,0.0,0.006533295
5476,26,AW19,solid color top,0.0,0.011250168
5377,108,AW19,long sleeve,0.0,0.016804121
5527,73,AW19,long coat,0.0,0.012928948
5527,12,AW19,long coat,0.018867925,0.0061446726
5079,85,AW19,kimono dress,0.0,0.00686191
5494,48,AW19,long sleeve,0.0,0.0043242574
5430,16,AW19,kimono dress,0.018867925,0.01081875
5027,16,AW19,long coat,0.0,0.015469141
5452,77,AW19,long coat,0.0,0.011132091
5455,30,AW19,solid color top,0.0,0.0075370744
4684,18,AW19,culottes,0.0,0.012301106
5558,19,AW19,medium coat,0.0,0.009277254
5558,43,AW19,medium coat,0.0,0.015781265
5551,108,AW19,long sleeve,0.018867925,0.017833736
5558,31,AW19,medium coat,0.0,0.009126969
5551,76,AW19,long sleeve,0.018867925,0.020002153
5558,75,AW19,medium coat,0.03773585,0.004662268
5551,51,AW19,long sleeve,0.0,0.008117359
5552,29,AW19,long sleeve,0.0,0.009375431
5557,99,AW19,medium coat,0.018867925,0.009179197
5464,108,AW19,sheath dress,0.0,0.0042692795
5483,26,AW19,sheath dress,0.018867925,0.0076297633
5536,64,AW19,medium coat,0.018867925,0.011468507
5556,69,AW19,long sleeve,0.0,0.01032912
5556,8,AW19,long sleeve,0.0,0.020166319
5464,15,AW19,sheath dress,0.0,0.005453244
5556,102,AW19,long sleeve,0.0,0.006856069
5556,29,AW19,long sleeve,0.0,0.006528314
5551,80,AW19,long sleeve,0.056603774,0.010694228
5536,4,AW19,medium coat,0.018867925,0.014418639
5536,13,AW19,medium coat,0.018867925,0.015695117
5551,12,AW19,long sleeve,0.018867925,0.005967755
5536,101,AW19,medium coat,0.056603774,0.01858161
5551,31,AW19,long sleeve,0.0,0.0056272447
5558,39,AW19,medium coat,0.0,0.011760328
5551,94,AW19,long sleeve,0.0,0.01641462
5441,76,AW19,long dress,0.0,0.00468041
5381,90,AW19,long sleeve,0.018867925,0.011461489
5551,15,AW19,long sleeve,0.0,0.0055578724
5551,29,AW19,long sleeve,0.0,0.0055157766
5551,74,AW19,long sleeve,0.0,0.0057316087
5557,47,AW19,medium coat,0.0,0.005590152
5552,56,AW19,long sleeve,0.0,0.00777369
5552,13,AW19,long sleeve,0.0,0.0103168
5557,1,AW19,medium coat,0.018867925,0.005928334
5557,87,AW19,medium coat,0.018867925,0.008584939
5557,51,AW19,medium coat,0.018867925,0.0045351014
5557,15,AW19,medium coat,0.0,0.0075152814
5552,69,AW19,long sleeve,0.0,0.005636487
5557,20,AW19,medium coat,0.0,0.007371206
5557,89,AW19,medium coat,0.03773585,0.015376989
5552,22,AW19,long sleeve,0.018867925,0.008196548
5557,76,AW19,medium coat,0.018867925,0.018736556
5552,76,AW19,long sleeve,0.03773585,0.008738659
5557,93,AW19,medium coat,0.0,0.009303972
5552,89,AW19,long sleeve,0.0,0.014757115
5552,101,AW19,long sleeve,0.0,0.011476416
5557,56,AW19,medium coat,0.018867925,0.0056425147
5557,28,AW19,medium coat,0.018867925,0.01112394
5557,86,AW19,medium coat,0.0,0.009850509
5551,1,AW19,long sleeve,0.0,0.017267346
5556,51,AW19,long sleeve,0.0,0.0061132163
5552,80,AW19,long sleeve,0.0,0.0038413592
5551,69,AW19,long sleeve,0.0,0.0060708895
5551,36,AW19,long sleeve,0.0,0.019839011
5551,26,AW19,long sleeve,0.0,0.017024137
5551,18,AW19,long sleeve,0.0,0.00644248
5558,12,AW19,medium coat,0.03773585,0.01816982
5551,8,AW19,long sleeve,0.018867925,0.018002763
5557,39,AW19,medium coat,0.0,0.009882398
5536,22,AW19,medium coat,0.03773585,0.021917902
5511,26,AW19,long sleeve,0.0,0.006080888
5552,43,AW19,long sleeve,0.03773585,0.007219631
5464,57,AW19,sheath dress,0.0,0.0058212876
5557,12,AW19,medium coat,0.0,0.0053932965
5557,103,AW19,medium coat,0.0,0.0053276345
5464,8,AW19,sheath dress,0.0,0.009570569
5557,46,AW19,medium coat,0.0,0.011855118
5557,81,AW19,medium coat,0.0,0.009712707
5464,4,AW19,sheath dress,0.056603774,0.006431196
5557,85,AW19,medium coat,0.056603774,0.0101270415
5557,8,AW19,medium coat,0.0,0.005032547
5529,19,AW19,culottes,0.018867925,0.022440862
5553,43,AW19,long sleeve,0.0,0.013638604
5556,56,AW19,long sleeve,0.0,0.012341589
5549,103,AW19,short coat,0.0,0.014874987
5549,4,AW19,short coat,0.03773585,0.005707346
5540,108,AW19,culottes,0.0,0.0081563
5498,108,AW19,doll dress,0.018867925,0.009441622
5540,56,AW19,culottes,0.018867925,0.0064491406
5498,109,AW19,doll dress,0.018867925,0.012598276
5540,45,AW19,culottes,0.018867925,0.013098329
5521,2,AW19,long coat,0.0,0.0057323426
5498,4,AW19,doll dress,0.0,0.0066730455
5540,1,AW19,culottes,0.0,0.020093363
5498,8,AW19,doll dress,0.0,0.011374161
5501,35,AW19,long dress,0.0,0.008034505
5554,47,AW19,long sleeve,0.0,0.00443431
5549,26,AW19,short coat,0.0,0.007080175
5549,121,AW19,short coat,0.0,0.009569094
5540,67,AW19,culottes,0.018867925,0.0049632713
5554,13,AW19,long sleeve,0.0,0.026479866
5549,51,AW19,short coat,0.0,0.013184037
5549,3,AW19,short coat,0.0,0.006685309
5554,80,AW19,long sleeve,0.0,0.008553788
5554,86,AW19,long sleeve,0.018867925,0.013555594
5549,105,AW19,short coat,0.0,0.0054991096
5554,14,AW19,long sleeve,0.0,0.0063086227
5549,59,AW19,short coat,0.0,0.0057595074
5549,54,AW19,short coat,0.018867925,0.005079057
4656,108,AW19,culottes,0.11320755,0.023437828
5567,54,AW19,long sleeve,0.018867925,0.013711873
5527,5,AW19,long coat,0.0,0.012592357
5520,69,AW19,doll dress,0.0,0.007875986
4931,74,AW19,culottes,0.0,0.0059130974
5527,22,AW19,long coat,0.018867925,0.014206547
4931,6,AW19,culottes,0.018867925,0.0099465735
5529,87,AW19,culottes,0.0,0.0074528605
5474,109,AW19,long dress,0.0,0.006058708
5474,72,AW19,long dress,0.056603774,0.0041031092
5527,80,AW19,long coat,0.018867925,0.009045284
4938,88,AW19,culottes,0.0,0.0077100247
5527,1,AW19,long coat,0.056603774,0.013901211
5474,95,AW19,long dress,0.018867925,0.015080426
5540,2,AW19,culottes,0.0,0.0049893446
5527,43,AW19,long coat,0.0,0.010389641
4933,87,AW19,culottes,0.0,0.008201584
5520,43,AW19,doll dress,0.018867925,0.007958919
5527,20,AW19,long coat,0.0,0.0096475035
5540,31,AW19,culottes,0.0,0.008482248
4977,23,AW19,doll dress,0.0,0.008974269
5498,39,AW19,doll dress,0.0,0.013461046
5554,8,AW19,long sleeve,0.0,0.01071493
5554,104,AW19,long sleeve,0.018867925,0.010110617
4970,75,AW19,long coat,0.0,0.007096365
5540,80,AW19,culottes,0.0,0.0088916235
5556,22,AW19,long sleeve,0.018867925,0.006368242
5554,12,AW19,long sleeve,0.0,0.019076612
5444,13,AW19,long sleeve,0.0,0.0048779137
5558,56,AW19,medium coat,0.018867925,0.010950148
5558,28,AW19,medium coat,0.0,0.00938075
5567,121,AW19,long sleeve,0.0,0.016819656
5558,108,AW19,medium coat,0.0,0.007686302
5558,9,AW19,medium coat,0.018867925,0.009050272
5553,15,AW19,long sleeve,0.0,0.0073574297
5553,12,AW19,long sleeve,0.0,0.0048564523
5553,96,AW19,long sleeve,0.018867925,0.010287404
5521,105,AW19,long coat,0.0,0.0061187968
5567,74,AW19,long sleeve,0.0,0.013269283
5556,15,AW19,long sleeve,0.03773585,0.0043893345
5545,76,AW19,medium coat,0.0,0.005964577
5001,29,AW19,long sleeve,0.0,0.005846571
5556,91,AW19,long sleeve,0.018867925,0.008781552
5545,40,AW19,medium coat,0.018867925,0.015902083
5545,35,AW19,medium coat,0.018867925,0.016615547
5545,81,AW19,medium coat,0.0,0.018542822
5556,31,AW19,long sleeve,0.0,0.013510175
5381,108,AW19,long sleeve,0.0,0.006187152
5556,86,AW19,long sleeve,0.018867925,0.009205386
5545,64,AW19,medium coat,0.0,0.009374201
5536,12,AW19,medium coat,0.018867925,0.029482884
5536,7,AW19,medium coat,0.0,0.019508827
5558,93,AW19,medium coat,0.0,0.009305328
5553,104,AW19,long sleeve,0.0,0.007369891
5558,89,AW19,medium coat,0.03773585,0.012027603
5558,20,AW19,medium coat,0.0,0.01368127
4845,46,AW19,sleeveless,0.056603774,0.005323399
5553,115,AW19,long sleeve,0.0,0.009448085
5495,8,AW19,solid color top,0.0,0.01146844
5495,107,AW19,solid color top,0.056603774,0.022228204
5495,87,AW19,solid color top,0.018867925,0.027325444
5553,8,AW19,long sleeve,0.018867925,0.020480167
5545,30,AW19,medium coat,0.0,0.010947868
4874,108,AW19,doll dress,0.0,0.01293952
5553,101,AW19,long sleeve,0.0,0.007876016
5553,47,AW19,long sleeve,0.0,0.03950057
5553,89,AW19,long sleeve,0.03773585,0.013056513
5553,56,AW19,long sleeve,0.0,0.010708123
5553,73,AW19,long sleeve,0.03773585,0.0093562305
5558,115,AW19,medium coat,0.0,0.007743109
5558,57,AW19,medium coat,0.018867925,0.014790621
5558,44,AW19,medium coat,0.056603774,0.008627925
5558,103,AW19,medium coat,0.0,0.0068894997
5558,46,AW19,medium coat,0.0,0.0068735033
5558,81,AW19,medium coat,0.0,0.0071959756
5558,53,AW19,medium coat,0.056603774,0.0051583275
5567,19,AW19,long sleeve,0.0,0.012624346
5567,80,AW19,long sleeve,0.0,0.018963039
5558,27,AW19,medium coat,0.018867925,0.0071395263
5558,1,AW19,medium coat,0.0,0.011897799
5543,108,AW19,long sleeve,0.0,0.025292892
5555,28,AW19,long sleeve,0.0,0.0042397305
5429,95,AW19,patterned top,0.0,0.0058953613
5522,76,AW19,solid color top,0.018867925,0.0073285624
5061,108,AW19,long coat,0.0,0.010144718
5061,3,AW19,long coat,0.03773585,0.012035526
5397,24,AW19,patterned top,0.0,0.009883303
5061,10,AW19,long coat,0.018867925,0.006515749
5561,41,AW19,long coat,0.018867925,0.012729697
5561,104,AW19,long coat,0.018867925,0.014893755
5561,18,AW19,long coat,0.0,0.0068047345
5451,26,AW19,medium coat,0.018867925,0.012532875
5561,69,AW19,long coat,0.0,0.0073837377
5561,20,AW19,long coat,0.0,0.0068886615
5561,47,AW19,long coat,0.0,0.005459167
5561,24,AW19,long coat,0.0,0.014452986
5492,101,AW19,solid color top,0.0,0.013588771
5451,22,AW19,medium coat,0.018867925,0.004866842
5561,28,AW19,long coat,0.0,0.014498934
5561,108,AW19,long coat,0.0,0.007697545
5397,92,AW19,patterned top,0.018867925,0.007092878
5522,65,AW19,solid color top,0.0,0.009490304
5397,73,AW19,patterned top,0.0,0.004677478
5492,26,AW19,solid color top,0.0,0.007916197
4771,108,AW19,medium coat,0.0,0.008516543
5522,3,AW19,solid color top,0.0,0.004147336
5372,30,AW19,gitana skirt,0.0,0.0037779808
5397,117,AW19,patterned top,0.0,0.007955309
5522,56,AW19,solid color top,0.0,0.011109281
5561,19,AW19,long coat,0.0,0.0109648965
5561,75,AW19,long coat,0.0,0.0079459585
5561,48,AW19,long coat,0.0,0.01589328
5561,92,AW19,long coat,0.0,0.0051797032
5561,3,AW19,long coat,0.018867925,0.013922349
5522,108,AW19,solid color top,0.0,0.0057903975
5397,79,AW19,patterned top,0.0,0.0045153648
5397,106,AW19,patterned top,0.056603774,0.01801753
5397,109,AW19,patterned top,0.0,0.004511427
5397,102,AW19,patterned top,0.018867925,0.0016981028
5542,35,AW19,kimono dress,0.0,0.004377
5397,59,AW19,patterned top,0.03773585,0.0054189786
5072,108,AW19,medium coat,0.0,0.0062736496
5517,79,AW19,long sleeve,0.0,0.011078287
4983,10,AW19,short sleeves,0.0,0.0058269054
4981,88,AW19,doll dress,0.018867925,0.010157645
4684,15,AW19,culottes,0.0,0.008331239
5497,8,AW19,long coat,0.0,0.005075097
5497,77,AW19,long coat,0.0,0.004277274
5497,15,AW19,long coat,0.0,0.0056536496
5490,84,AW19,culottes,0.0,0.00497853
5519,107,AW19,long coat,0.0,0.016085282
5428,110,AW19,sheath dress,0.0,0.011636645
4684,93,AW19,culottes,0.018867925,0.0060600527
5519,16,AW19,long coat,0.0,0.0100478865
5519,99,AW19,long coat,0.0,0.006870821
5397,107,AW19,patterned top,0.0,0.006028831
5530,30,AW19,medium coat,0.0,0.016382642
5530,12,AW19,medium coat,0.018867925,0.02015752
5530,94,AW19,medium coat,0.0,0.014813177
5447,18,AW19,solid color top,0.0,0.01307087
5351,24,AW19,kimono dress,0.018867925,0.014428362
5066,66,AW19,long coat,0.0,0.01331196
5447,80,AW19,solid color top,0.0,0.006549783
5504,2,AW19,medium coat,0.018867925,0.012388166
5504,31,AW19,medium coat,0.018867925,0.014343508
5504,22,AW19,medium coat,0.0,0.01033394
4684,87,AW19,culottes,0.018867925,0.004927207
5351,108,AW19,kimono dress,0.0,0.0073149577
5428,48,AW19,sheath dress,0.0,0.0153225735
5530,87,AW19,medium coat,0.018867925,0.01601597
5541,115,AW19,kimono dress,0.0,0.0057392493
5397,14,AW19,patterned top,0.0,0.010994442
4779,121,AW19,medium coat,0.018867925,0.016394295
5070,107,AW19,long coat,0.0,0.0056926124
5539,107,AW19,maxi,0.0,0.015949078
5459,104,AW19,culottes,0.0,0.006217502
5559,99,AW19,long sleeve,0.0,0.0056293085
5559,108,AW19,long sleeve,0.0,0.005366914
5559,80,AW19,long sleeve,0.0,0.0053831562
5559,88,AW19,long sleeve,0.0,0.004360333
5559,43,AW19,long sleeve,0.0,0.0058669634
5539,32,AW19,maxi,0.03773585,0.04785584
5559,86,AW19,long sleeve,0.0,0.004721403
5559,84,AW19,long sleeve,0.0,0.0048129708
5539,26,AW19,maxi,0.0,0.0060716644
5040,3,AW19,solid color top,0.0,0.009791214
5500,69,AW19,culottes,0.0,0.009436816
5436,80,AW19,long sleeve,0.0,0.017440997
5436,22,AW19,long sleeve,0.0,0.009102885
5436,87,AW19,long sleeve,0.018867925,0.02003733
5500,80,AW19,culottes,0.018867925,0.009505846
5500,79,AW19,culottes,0.0,0.009472854
5073,87,AW19,medium coat,0.0,0.00982976
5452,87,AW19,long coat,0.0,0.00928789
5348,108,AW19,culottes,0.0,0.004641764
5500,108,AW19,culottes,0.0,0.0213788
5459,59,AW19,culottes,0.0,0.008691523
5397,62,AW19,patterned top,0.0,0.013343349
5468,61,AW19,culottes,0.018867925,0.008849427
5397,10,AW19,patterned top,0.0,0.004847795
5046,88,AW19,medium coat,0.0,0.021875564
5429,15,AW19,patterned top,0.0,0.0050156116
5539,23,AW19,maxi,0.0,0.0114448145
5500,87,AW19,culottes,0.018867925,0.022545397
5468,40,AW19,culottes,0.0,0.010364927
5397,105,AW19,patterned top,0.0,0.0052600093
5459,95,AW19,culottes,0.018867925,0.006724678
5539,27,AW19,maxi,0.03773585,0.021116093
4779,59,AW19,medium coat,0.018867925,0.013558835
5560,76,AW19,medium coat,0.0,0.007510733
5560,66,AW19,medium coat,0.0,0.0055508018
5493,91,AW19,sleeveless,0.0,0.012591153
4778,108,AW19,medium coat,0.0,0.00650461
5493,87,AW19,sleeveless,0.018867925,0.005332008
5539,49,AW19,maxi,0.03773585,0.006692592
5408,104,AW19,long sleeve,0.0,0.014360182
5029,10,AW19,culottes,0.0,0.005533017
5493,104,AW19,sleeveless,0.0,0.0048779137
5539,79,AW19,maxi,0.0,0.004927527
5539,92,AW19,maxi,0.0,0.017519109
5047,89,AW19,long sleeve,0.0,0.0062653236
5359,99,AW19,culottes,0.0,0.011301003
5047,79,AW19,long sleeve,0.018867925,0.009339992
5539,6,AW19,maxi,0.0,0.005647961
4989,44,AW19,miniskirt,0.018867925,0.009830825
5539,101,AW19,maxi,0.018867925,0.006691087
5559,28,AW19,long sleeve,0.0,0.004988201
5539,68,AW19,maxi,0.03773585,0.011989348
5559,16,AW19,long sleeve,0.0,0.0052471906
5559,76,AW19,long sleeve,0.0,0.0064674243
5459,27,AW19,culottes,0.0,0.009176746
5539,106,AW19,maxi,0.0,0.01625939
5559,95,AW19,long sleeve,0.0,0.00392852
5539,52,AW19,maxi,0.018867925,0.031019475
5559,103,AW19,long sleeve,0.0,0.005468931
5539,33,AW19,maxi,0.0,0.012458652
5559,63,AW19,long sleeve,0.0,0.0047513694
5539,117,AW19,maxi,0.03773585,0.016339522
5539,28,AW19,maxi,0.018867925,0.009667203
5539,24,AW19,maxi,0.0,0.0044873357
5001,125,AW19,long sleeve,0.0,0.0069095865
5541,57,AW19,kimono dress,0.0,0.008339036
5394,95,AW19,maxi,0.0,0.009313814
5570,9,AW19,maxi,0.0,0.000612814
5570,80,AW19,maxi,0.0,0.00748495
5570,43,AW19,maxi,0.0,0.010899045
5570,14,AW19,maxi,0.0,0.005423479
5570,7,AW19,maxi,0.0,0.004603915
5570,10,AW19,maxi,0.0,0.005041823
5527,30,AW19,long coat,0.03773585,0.0060763247
5570,12,AW19,maxi,0.0,0.006564714
5569,41,AW19,maxi,0.0,0.010049999
5569,100,AW19,maxi,0.018867925,0.0060273856
5569,95,AW19,maxi,0.018867925,0.01354054
5569,36,AW19,maxi,0.0,0.009613987
5569,69,AW19,maxi,0.056603774,0.0047741905
5419,5,AW19,sleeveless,0.018867925,0.00392168
5419,16,AW19,sleeveless,0.0,0.013841979
5569,22,AW19,maxi,0.0,0.025848474
5569,56,AW19,maxi,0.0754717,0.01118391
5562,103,AW19,maxi,0.0,0.015590787
5562,8,AW19,maxi,0.0,0.009919226
5562,100,AW19,maxi,0.0,0.0076934546
5562,21,AW19,maxi,0.0754717,0.01841607
5562,57,AW19,maxi,0.0,0.029113535
5482,46,AW19,sleeveless,0.0,0.008955009
5570,5,AW19,maxi,0.0,0.007561803
5562,115,AW19,maxi,0.0,0.013898615
5562,64,AW19,maxi,0.018867925,0.006745413
5562,41,AW19,maxi,0.0,0.0074019954
5482,89,AW19,sleeveless,0.0,0.016021825
5569,12,AW19,maxi,0.018867925,0.010517802
5569,14,AW19,maxi,0.018867925,0.011752084
5482,96,AW19,sleeveless,0.0,0.004840389
5562,29,AW19,maxi,0.0,0.012865864
5562,4,AW19,maxi,0.018867925,0.010581963
5570,56,AW19,maxi,0.0,0.0061768144
5406,108,AW19,long coat,0.0,0.012501404
5501,79,AW19,long dress,0.0,0.007975616
5531,19,AW19,long sleeve,0.018867925,0.014954984
5531,12,AW19,long sleeve,0.03773585,0.020678274
5001,18,AW19,long sleeve,0.0,0.006978847
5501,10,AW19,long dress,0.0,0.008524828
5534,101,AW19,long sleeve,0.0,0.019255377
5534,93,AW19,long sleeve,0.018867925,0.011050243
5337,88,AW19,kimono dress,0.0,0.013112493
5502,103,AW19,long sleeve,0.0,0.011055924
5502,81,AW19,long sleeve,0.0,0.0055845603
5462,108,AW19,medium coat,0.0,0.005527377
5337,108,AW19,kimono dress,0.0,0.008513212
5550,12,AW19,long sleeve,0.0,0.019046143
5465,12,AW19,long coat,0.0,0.020565402
5462,87,AW19,medium coat,0.0,0.0087001175
5465,43,AW19,long coat,0.03773585,0.011626199
5465,93,AW19,long coat,0.018867925,0.010285974
5433,23,AW19,long coat,0.0,0.012371063
5450,94,AW19,medium coat,0.0,0.012894448
5048,21,AW19,doll dress,0.0,0.01040864
5462,4,AW19,medium coat,0.0,0.005511284
5571,10,AW19,patterned top,0.0,0.0051614083
5571,56,AW19,patterned top,0.0,0.0057291016
5406,36,AW19,long coat,0.018867925,0.01175401
5471,106,AW19,medium coat,0.0,0.0058508962
5001,16,AW19,long sleeve,0.0,0.01027979
5471,15,AW19,medium coat,0.0,0.005779382
5471,2,AW19,medium coat,0.0,0.006269321
5537,4,AW19,long sleeve,0.0,0.012021221
5502,75,AW19,long sleeve,0.0,0.006319247
5546,60,AW19,long sleeve,0.0,0.009925347
5571,125,AW19,patterned top,0.0,0.0042797104
5337,74,AW19,kimono dress,0.0,0.0072960854
5562,95,AW19,maxi,0.0,0.012134906
5562,81,AW19,maxi,0.03773585,0.0176794
5566,75,AW19,short coat,0.0,0.028135046
5566,14,AW19,short coat,0.0,0.006919358
5566,3,AW19,short coat,0.0,0.02414184
5566,5,AW19,short coat,0.0,0.012314357
5566,53,AW19,short coat,0.0,0.01027032
5566,46,AW19,short coat,0.0,0.01592242
5564,49,AW19,short coat,0.018867925,0.024711937
5564,7,AW19,short coat,0.0,0.0290405
5564,15,AW19,short coat,0.0,0.02168905
5564,31,AW19,short coat,0.03773585,0.025122434
5564,105,AW19,short coat,0.0,0.0132256895
5564,14,AW19,short coat,0.056603774,0.022251934
5564,3,AW19,short coat,0.018867925,0.022258118
5564,56,AW19,short coat,0.056603774,0.005101554
5564,93,AW19,short coat,0.0,0.017696239
5564,76,AW19,short coat,0.018867925,0.010085292
5564,47,AW19,short coat,0.0,0.017882787
5541,13,AW19,kimono dress,0.0,0.0094809085
5562,96,AW19,maxi,0.018867925,0.0061044022
5562,30,AW19,maxi,0.0,0.0177183
5562,2,AW19,maxi,0.018867925,0.016822636
5562,12,AW19,maxi,0.0,0.013650719
5562,7,AW19,maxi,0.0,0.006736066
5562,15,AW19,maxi,0.056603774,0.012811989
5564,64,AW19,short coat,0.03773585,0.024242446
5564,18,AW19,short coat,0.0,0.031113066
5564,53,AW19,short coat,0.018867925,0.015648618
5564,32,AW19,short coat,0.018867925,0.032671615
5564,85,AW19,short coat,0.018867925,0.008949354
5564,61,AW19,short coat,0.03773585,0.023808166
5564,20,AW19,short coat,0.0,0.01400625
5564,0,AW19,short coat,0.0,0.022128511
5562,46,AW19,maxi,0.0,0.004924033
5562,31,AW19,maxi,0.0,0.012277909
5562,94,AW19,maxi,0.0,0.012323666
5562,35,AW19,maxi,0.0,0.020524431
5562,69,AW19,maxi,0.0,0.01070556
5562,40,AW19,maxi,0.03773585,0.015177023
5334,60,AW19,long sleeve,0.03773585,0.012061812
5562,85,AW19,maxi,0.03773585,0.018462542
5334,108,AW19,long sleeve,0.0,0.0058964267
5562,87,AW19,maxi,0.0,0.012894474
5562,51,AW19,maxi,0.0,0.0066494495
5562,89,AW19,maxi,0.018867925,0.01744131
5562,76,AW19,maxi,0.0,0.017022673
5562,22,AW19,maxi,0.03773585,0.018519923
5562,93,AW19,maxi,0.0,0.0091240965
5334,44,AW19,long sleeve,0.0,0.019025855
5562,16,AW19,maxi,0.018867925,0.011110991
5562,56,AW19,maxi,0.056603774,0.011299409
5562,99,AW19,maxi,0.03773585,0.01267935
5562,5,AW19,maxi,0.0,0.008639857
5548,29,AW19,kimono dress,0.0,0.015054852
5548,59,AW19,kimono dress,0.0,0.009788543
5562,105,AW19,maxi,0.018867925,0.01939701
5379,10,AW19,long coat,0.018867925,0.0115838945
5562,19,AW19,maxi,0.0,0.0072021037
5548,101,AW19,kimono dress,0.0,0.010928646
5562,65,AW19,maxi,0.0,0.005579699
5562,48,AW19,maxi,0.0,0.009939585
5562,86,AW19,maxi,0.0754717,0.01637613
5562,43,AW19,maxi,0.0,0.011746071
5562,39,AW19,maxi,0.056603774,0.007653076
5562,80,AW19,maxi,0.0,0.015578225
5562,73,AW19,maxi,0.0,0.014145024
5562,108,AW19,maxi,0.0,0.027350884
5562,14,AW19,maxi,0.0,0.009134106
5036,108,AW19,medium coat,0.0,0.0048673153
5554,85,AW19,long sleeve,0.018867925,0.013548829
5463,46,AW19,sheath dress,0.0,0.008689176
5563,10,AW19,solid color top,0.03773585,0.013122451
5563,7,AW19,solid color top,0.0,0.008350585
5368,108,AW19,long sleeve,0.0,0.0044329055
5535,47,AW19,kimono dress,0.0,0.010059033
5538,56,AW19,kimono dress,0.0,0.012023792
5065,105,AW19,long coat,0.018867925,0.013958044
5399,1,AW19,long sleeve,0.0,0.008977681
5532,56,AW19,kimono dress,0.0,0.006155245
5544,103,AW19,kimono dress,0.0,0.011687983
5430,108,AW19,kimono dress,0.0,0.0050406232
5538,5,AW19,kimono dress,0.0,0.017581008
4966,75,AW19,long duster,0.018867925,0.01016441
5538,73,AW19,kimono dress,0.0,0.00739339
5532,74,AW19,kimono dress,0.0,0.0046585277
5485,93,AW19,short sleeves,0.0,0.015833303
5544,100,AW19,kimono dress,0.0,0.02117689
5532,109,AW19,kimono dress,0.018867925,0.005578585
5532,28,AW19,kimono dress,0.0,0.007056825
5071,87,AW19,long coat,0.018867925,0.019875713
5532,5,AW19,kimono dress,0.03773585,0.012530394
5476,57,AW19,solid color top,0.0,0.0047852397
5371,108,AW19,long sleeve,0.018867925,0.011136703
4928,117,AW19,medium coat,0.018867925,0.013286371
4928,22,AW19,medium coat,0.018867925,0.005079057
5362,10,AW19,long sleeve,0.0,0.024961736
5544,90,AW19,kimono dress,0.0,0.0049918666
5343,93,AW19,long sleeve,0.03773585,0.011754699
5006,87,AW19,short sleeves,0.018867925,0.0064421073
5354,56,AW19,long sleeve,0.03773585,0.004233092
5466,94,AW19,kimono dress,0.0,0.006154027
5563,54,AW19,solid color top,0.0,0.007153377
5532,79,AW19,kimono dress,0.0,0.0078033917
5466,7,AW19,kimono dress,0.0,0.0043726116
5563,62,AW19,solid color top,0.0,0.01380533
5378,26,AW19,long sleeve,0.0,0.014985554
5563,2,AW19,solid color top,0.0,0.019441951
5563,12,AW19,solid color top,0.018867925,0.017764784
5532,69,AW19,kimono dress,0.0,0.0073060095
5079,108,AW19,kimono dress,0.0,0.011329211
5484,72,AW19,long sleeve,0.0,0.008658506
5484,40,AW19,long sleeve,0.0,0.03643084
5547,75,AW19,kimono dress,0.0,0.0062196776
5508,15,AW19,long sleeve,0.018867925,0.005636081
5547,79,AW19,kimono dress,0.018867925,0.017567422
5526,21,AW19,short cardigan,0.0,0.009393167
5547,39,AW19,kimono dress,0.0,0.0047731735
5526,36,AW19,short cardigan,0.0,0.0060794875
5533,56,AW19,kimono dress,0.0,0.0159453
5526,81,AW19,short cardigan,0.018867925,0.01375775
5373,36,AW19,long cardigan,0.0,0.014619123
5341,53,AW19,kimono dress,0.0,0.004308887
5508,50,AW19,long sleeve,0.0,0.005169168
5547,3,AW19,kimono dress,0.0,0.011983871
5373,3,AW19,long cardigan,0.0,0.008281987
5508,89,AW19,long sleeve,0.018867925,0.009110525
5568,51,AW19,solid color top,0.0,0.006195072
5568,33,AW19,solid color top,0.0,0.0046953782
5568,13,AW19,solid color top,0.0,0.009241633
5535,92,AW19,kimono dress,0.0,0.0044873357
5369,102,AW19,medium cardigan,0.018867925,0.0063039325
5547,105,AW19,kimono dress,0.0,0.012528002
5533,60,AW19,kimono dress,0.0,0.011647202
5532,103,AW19,kimono dress,0.0,0.0048989505
5460,104,AW19,kimono dress,0.0,0.01734703
5532,21,AW19,kimono dress,0.03773585,0.011040553
5535,103,AW19,kimono dress,0.0,0.005347334
5535,56,AW19,kimono dress,0.0,0.0074041635
5079,22,AW19,kimono dress,0.03773585,0.009162761
5535,8,AW19,kimono dress,0.0,0.0057073087
5544,23,AW19,kimono dress,0.0,0.012683529
5358,69,AW19,long sleeve,0.0,0.009138688
5538,92,AW19,kimono dress,0.0,0.004314352
5470,30,AW19,medium coat,0.056603774,0.011633143
5533,54,AW19,kimono dress,0.0,0.0067399666
5023,106,AW19,medium cardigan,0.0,0.008487605
5509,56,AW19,medium coat,0.0,0.0047792643
5535,73,AW19,kimono dress,0.0,0.006213166
5350,93,AW19,solid color top,0.0,0.012486726
4930,93,AW19,solid color top,0.0,0.007697545
5547,66,AW19,kimono dress,0.0,0.006033525
4906,20,AW19,long cardigan,0.018867925,0.0074896812
5369,41,AW19,medium cardigan,0.0,0.004561387
5356,4,AW19,long sleeve,0.0,0.013098329
5544,39,AW19,kimono dress,0.0,0.0064117946
5565,61,AW19,solid color top,0.0,0.005712364
4949,121,AW19,long cardigan,0.0,0.010201491
5544,92,AW19,kimono dress,0.0,0.014716707
5513,3,AW19,sleeveless,0.0,0.016228564
5565,87,AW19,solid color top,0.018867925,0.013642199
4697,108,AW19,short cardigan,0.0,0.0047792047
5507,29,AW19,long sleeve,0.0,0.01291294
5544,109,AW19,kimono dress,0.03773585,0.008501247
5565,89,AW19,solid color top,0.018867925,0.007628411
5020,57,AW19,trapeze dress,0.0,0.011807438
5565,33,AW19,solid color top,0.018867925,0.009364858
5565,13,AW19,solid color top,0.0,0.009779841
5565,28,AW19,solid color top,0.018867925,0.007325873
5544,107,AW19,kimono dress,0.0,0.005350709
5427,108,AW19,medium cardigan,0.0,0.007895343
5528,2,AW19,long sleeve,0.0,0.013510175
5544,27,AW19,kimono dress,0.0,0.006593846
5544,54,AW19,kimono dress,0.0,0.00704024
5565,69,AW19,solid color top,0.018867925,0.01110984
4313,105,AW19,short sleeves,0.0,0.009857081
5461,12,AW19,long coat,0.03773585,0.010871157
5477,108,AW19,long sleeve,0.0,0.015441153
5544,87,AW19,kimono dress,0.0,0.012420073
5526,31,AW19,short cardigan,0.0,0.0068426877
5544,56,AW19,kimono dress,0.0,0.011161298
5544,28,AW19,kimono dress,0.0,0.007927366
5526,10,AW19,short cardigan,0.0,0.0056963116
5565,57,AW19,solid color top,0.0,0.010114718
5512,0,AW19,long sleeve,0.018867925,0.0050937906
5544,5,AW19,kimono dress,0.018867925,0.0055513084
5020,108,AW19,trapeze dress,0.0,0.0043877475
4914,108,AW19,solid color top,0.0,0.0042692795
5486,26,AW19,long sleeve,0.0,0.008957762
5544,1,AW19,kimono dress,0.018867925,0.022681136
5544,73,AW19,kimono dress,0.0,0.010456968
5473,1,AW19,culottes,0.0,0.01572191
5437,87,AW19,long sleeve,0.056603774,0.020030022
5565,103,AW19,solid color top,0.0,0.007298276
5568,108,AW19,solid color top,0.0,0.008318074
5538,23,AW19,kimono dress,0.0,0.007472217
5565,19,AW19,solid color top,0.0,0.005312737
5568,68,AW19,solid color top,0.0,0.005784124
5538,74,AW19,kimono dress,0.0,0.007989585
5544,74,AW19,kimono dress,0.0,0.005492009
5503,36,AW19,long sleeve,0.0,0.0058061294
5489,15,AW19,long sleeve,0.0,0.005253084
5395,39,AW19,doll dress,0.0,0.0045617037
5395,32,AW19,doll dress,0.0,0.0064854994
5538,107,AW19,kimono dress,0.0,0.007752247
5538,82,AW19,kimono dress,0.0,0.009296596
5458,77,AW19,sleeveless,0.0,0.0051727965
5538,109,AW19,kimono dress,0.0,0.0053316355
5538,106,AW19,kimono dress,0.0,0.0129122585
5380,1,AW19,long sleeve,0.018867925,0.0115439
5535,42,AW19,kimono dress,0.0,0.0051272623
5059,108,AW19,kimono dress,0.0,0.009489235
5538,47,AW19,kimono dress,0.0,0.0076881275
5059,87,AW19,kimono dress,0.0,0.0053316206
5544,32,AW19,kimono dress,0.0,0.0102439225
5538,41,AW19,kimono dress,0.0,0.012807436
5526,52,AW19,short cardigan,0.0,0.011766441
5538,95,AW19,kimono dress,0.0,0.0064128786
5565,94,AW19,solid color top,0.018867925,0.0053431764
5538,125,AW19,kimono dress,0.0,0.0048798285
5565,15,AW19,solid color top,0.0,0.012207333
5538,44,AW19,kimono dress,0.056603774,0.011352893
5538,25,AW19,kimono dress,0.0,0.00522127
5565,12,AW19,solid color top,0.0,0.009571113
5565,30,AW19,solid color top,0.0,0.0042509064
5568,41,AW19,solid color top,0.0,0.0048862398
5050,21,AW19,solid color top,0.0,0.004012093
5568,57,AW19,solid color top,0.0,0.0042356476
5538,63,AW19,kimono dress,0.0,0.007659659
5526,5,AW19,short cardigan,0.018867925,0.007980652
5568,95,AW19,solid color top,0.018867925,0.012933925
5568,18,AW19,solid color top,0.0,0.0042880774
5568,26,AW19,solid color top,0.0,0.009925347
5538,103,AW19,kimono dress,0.0,0.006303545
5538,0,AW19,kimono dress,0.0,0.012176588
5503,108,AW19,long sleeve,0.018867925,0.0128777325
5568,48,AW19,solid color top,0.0,0.00512065
5475,94,AW19,culottes,0.018867925,0.009249002
5485,106,AW19,short sleeves,0.0,0.0061968863
5547,103,AW19,kimono dress,0.0,0.0122914985
5563,14,AW19,solid color top,0.018867925,0.016314264
5563,48,AW19,solid color top,0.0,0.010077529
5455,23,AW19,solid color top,0.018867925,0.0056690313
5510,35,AW19,short sleeves,0.0,0.005528733
5475,87,AW19,culottes,0.0,0.006782256
5525,7,AW19,long sleeve,0.0,0.009420089
5491,77,AW19,short cardigan,0.0,0.0077920407
5563,19,AW19,solid color top,0.0,0.008456983
5439,76,AW19,solid color top,0.0,0.011752643
5563,94,AW19,solid color top,0.018867925,0.006722972
5563,65,AW19,solid color top,0.018867925,0.0073157176
5563,31,AW19,solid color top,0.0,0.015546676
5547,90,AW19,kimono dress,0.0,0.005569335
5463,15,AW19,sheath dress,0.018867925,0.008897565
5080,40,AW19,kimono dress,0.018867925,0.015537873
5463,12,AW19,sheath dress,0.0,0.009238947
5440,21,AW19,sleeveless,0.0,0.0058075264
5563,79,AW19,solid color top,0.03773585,0.019878678
5510,89,AW19,short sleeves,0.0,0.006862521
5563,89,AW19,solid color top,0.0,0.012013152
4667,30,AW19,doll dress,0.0,0.02505187
5563,52,AW19,solid color top,0.0,0.016889542
5563,22,AW19,solid color top,0.0,0.017336115
5563,93,AW19,solid color top,0.0,0.017728988
5491,31,AW19,short cardigan,0.0,0.005358033
5510,15,AW19,short sleeves,0.0,0.0057728067
5563,13,AW19,solid color top,0.018867925,0.01334855
5563,28,AW19,solid color top,0.0,0.022345856
5510,9,AW19,short sleeves,0.0,0.01074516
5563,99,AW19,solid color top,0.0,0.0068652444
5547,23,AW19,kimono dress,0.0,0.008772798
5491,16,AW19,short cardigan,0.0,0.005528912
5568,75,AW19,solid color top,0.0,0.006140247
5563,6,AW19,solid color top,0.0,0.006112762
5563,9,AW19,solid color top,0.094339624,0.017545622
5563,80,AW19,solid color top,0.018867925,0.011389643
5533,11,AW19,kimono dress,0.0,0.015459068
5463,105,AW19,sheath dress,0.018867925,0.01578562
5463,19,AW19,sheath dress,0.0,0.008823805
4948,104,AW19,sheath dress,0.0,0.012077764
5555,77,AW19,long sleeve,0.0,0.0046830364
5555,51,AW19,long sleeve,0.0,0.0048140287
5533,21,AW19,kimono dress,0.0,0.0052857623
5027,29,AW19,long coat,0.0,0.027110182
5547,45,AW19,kimono dress,0.03773585,0.004805509
5478,94,AW19,short cardigan,0.0,0.0063248426
5483,105,AW19,sheath dress,0.0,0.005832482
4570,6,AW19,long sleeve,0.03773585,0.0053627044
5555,76,AW19,long sleeve,0.0,0.0045175925
5526,76,AW19,short cardigan,0.0,0.006678462
5555,22,AW19,long sleeve,0.0,0.007366702
5555,93,AW19,long sleeve,0.0,0.006044239
5335,86,AW19,shirt dress,0.0,0.007237561
5483,80,AW19,sheath dress,0.0,0.016742833
5555,56,AW19,long sleeve,0.0,0.0060889274
5463,103,AW19,sheath dress,0.0,0.0113182925
5533,64,AW19,kimono dress,0.0,0.0053199828
5547,107,AW19,kimono dress,0.0,0.0062013194
5563,51,AW19,solid color top,0.018867925,0.0259857
5555,35,AW19,long sleeve,0.0,0.0059053525
5386,77,AW19,long sleeve,0.0,0.0067517385
5475,89,AW19,culottes,0.03773585,0.007599734
5475,45,AW19,culottes,0.0,0.006932296
5547,74,AW19,kimono dress,0.0,0.008604109
5463,43,AW19,sheath dress,0.0,0.009128861
5555,54,AW19,long sleeve,0.0,0.007971175
5555,10,AW19,long sleeve,0.0,0.009905979
5555,15,AW19,long sleeve,0.0,0.0045778677
5555,75,AW19,long sleeve,0.0,0.0055935085
4936,104,AW19,short sleeves,0.018867925,0.0106846355
5389,50,AW19,long sleeve,0.0,0.006301921
5555,39,AW19,long sleeve,0.0,0.005325772
5555,99,AW19,long sleeve,0.0,0.011491954
5555,104,AW19,long sleeve,0.0,0.0046060532
5463,33,AW19,sheath dress,0.0,0.012363356
5555,115,AW19,long sleeve,0.0,0.0050489306
5555,57,AW19,long sleeve,0.0,0.0043726116
5038,7,AW19,long sleeve,0.0,0.005146388
5555,103,AW19,long sleeve,0.0,0.0047215037
5455,52,AW19,solid color top,0.018867925,0.0068032295
5563,108,AW19,solid color top,0.0,0.026589453
5437,30,AW19,long sleeve,0.0,0.01755011
5563,61,AW19,solid color top,0.0,0.009444311
5563,115,AW19,solid color top,0.0,0.009957679
5563,57,AW19,solid color top,0.0,0.020766284
5422,15,AW19,long sleeve,0.0,0.008369423
5563,21,AW19,solid color top,0.0,0.013722736
5563,100,AW19,solid color top,0.0,0.004752133
5563,82,AW19,solid color top,0.0,0.0052449256
5563,103,AW19,solid color top,0.0,0.0060105175
5563,95,AW19,solid color top,0.0,0.0134367645
5563,107,AW19,solid color top,0.018867925,0.018639106
5039,3,AW19,solid color top,0.018867925,0.010161214
5563,46,AW19,solid color top,0.0,0.013372235
5563,83,AW19,solid color top,0.0,0.033496123
5563,67,AW19,solid color top,0.0,0.021078862
5563,36,AW19,solid color top,0.0,0.011622727
5515,30,AW19,long sleeve,0.0,0.013425089
5547,52,AW19,kimono dress,0.0,0.007715665
5563,35,AW19,solid color top,0.0,0.032650523
5563,74,AW19,solid color top,0.0,0.0064336136
5563,27,AW19,solid color top,0.0,0.018343318
5455,117,AW19,solid color top,0.0,0.009725887
5563,8,AW19,solid color top,0.0,0.025691759
5563,41,AW19,solid color top,0.0,0.01152448
5563,77,AW19,solid color top,0.0,0.0051054806
5039,64,AW19,solid color top,0.0,0.012029901
5485,81,AW19,short sleeves,0.0,0.023723379
5526,85,AW19,short cardigan,0.0,0.003006719
5568,65,AW19,solid color top,0.0,0.008204244
5563,68,AW19,solid color top,0.056603774,0.0057119653
5568,15,AW19,solid color top,0.018867925,0.005141154
5563,40,AW19,solid color top,0.0,0.017277084
5568,12,AW19,solid color top,0.0,0.013977811
5568,30,AW19,solid color top,0.0,0.005522322
5460,100,AW19,kimono dress,0.0,0.017632715
5571,96,AW19,patterned top,0.0,0.007505469
5571,13,AW19,patterned top,0.0,0.004822038
5570,95,AW19,maxi,0.0,0.0070245415
5570,18,AW19,maxi,0.0,0.005042009
5547,82,AW19,kimono dress,0.0,0.004565425
5571,31,AW19,patterned top,0.0,0.0044390187
5543,96,AW19,long sleeve,0.018867925,0.012058523
5570,90,AW19,maxi,0.0,0.0043894835
5571,76,AW19,patterned top,0.0,0.011200123
5534,79,AW19,long sleeve,0.0,0.008458503
5039,105,AW19,solid color top,0.0,0.009785306
5521,103,AW19,long coat,0.0,0.013963934
5570,115,AW19,maxi,0.0,0.0047123954
5569,108,AW19,maxi,0.0,0.00749705
5570,125,AW19,maxi,0.0,0.0050395206
5535,100,AW19,kimono dress,0.0,0.0074543096
5571,51,AW19,patterned top,0.0,0.004728887
5570,104,AW19,maxi,0.0,0.005710639
5433,63,AW19,long coat,0.0,0.013012972
5475,21,AW19,culottes,0.0,0.0141185
5547,32,AW19,kimono dress,0.0,0.007074535
5569,3,AW19,maxi,0.0,0.011387825
5535,102,AW19,kimono dress,0.0,0.0077329874
5571,14,AW19,patterned top,0.0,0.004797496
5570,21,AW19,maxi,0.0,0.004275419
5570,57,AW19,maxi,0.0,0.005895488
5570,100,AW19,maxi,0.0,0.005744584
5570,26,AW19,maxi,0.0,0.004819691
5437,108,AW19,long sleeve,0.018867925,0.022157323
5569,96,AW19,maxi,0.0,0.017214343
5571,43,AW19,patterned top,0.0,0.0054883137
5547,121,AW19,kimono dress,0.0,0.012558214
5571,80,AW19,patterned top,0.0,0.008257989
5569,31,AW19,maxi,0.0,0.0075311475
5569,105,AW19,maxi,0.0,0.023399357
5526,82,AW19,short cardigan,0.0,0.005508326
5571,108,AW19,patterned top,0.0,0.005362496
5570,8,AW19,maxi,0.0,0.005640723
5571,30,AW19,patterned top,0.0,0.004669793
5569,43,AW19,maxi,0.0,0.009282883
5424,102,AW19,long sleeve,0.0,0.007831838
5569,80,AW19,maxi,0.0,0.013429169
5570,25,AW19,maxi,0.0,0.004620798
5534,121,AW19,long sleeve,0.018867925,0.015649423
5570,89,AW19,maxi,0.0,0.004496917
5569,13,AW19,maxi,0.0,0.007840443
5570,84,AW19,maxi,0.0,0.0055406764
5570,75,AW19,maxi,0.0,0.0043874793
5571,35,AW19,patterned top,0.0,0.004326232
5535,121,AW19,kimono dress,0.0,0.013359912
5440,5,AW19,sleeveless,0.0,0.0064049438
5570,72,AW19,maxi,0.0,0.003174007
5546,61,AW19,long sleeve,0.0,0.009701829
5570,79,AW19,maxi,0.0,0.0045284405
5571,36,AW19,patterned top,0.0,0.0047543272
5488,63,AW19,long sleeve,0.0,0.006552972
5570,86,AW19,maxi,0.0,0.00431142
5546,14,AW19,long sleeve,0.0,0.008776389
5570,39,AW19,maxi,0.0,0.0052902736
5471,13,AW19,medium coat,0.0,0.0088160075
5457,21,AW19,long duster,0.0,0.0125234425
5462,40,AW19,medium coat,0.0,0.0108091235
5570,83,AW19,maxi,0.0,0.0052089505
5537,64,AW19,long sleeve,0.0,0.0055122823
5570,82,AW19,maxi,0.0,0.0044477135
5074,87,AW19,long sleeve,0.0,0.008419715
5570,16,AW19,maxi,0.0,0.0048410296
5571,26,AW19,patterned top,0.0,0.0050656497
5517,100,AW19,long sleeve,0.0,0.0081993565
5570,50,AW19,maxi,0.0,0.0041715354
5537,14,AW19,long sleeve,0.0,0.006794721
5570,45,AW19,maxi,0.0,0.0057148784
5570,47,AW19,maxi,0.0,0.0043674707
5535,0,AW19,kimono dress,0.0,0.009038534
5570,24,AW19,maxi,0.0,0.00599885
5571,8,AW19,patterned top,0.0,0.005579125
5502,19,AW19,long sleeve,0.0,0.009258699
5547,18,AW19,kimono dress,0.0,0.0047988445
5450,8,AW19,medium coat,0.0,0.0089120865
5570,2,AW19,maxi,0.0,0.004863184
5550,51,AW19,long sleeve,0.0,0.0097371265
5570,1,AW19,maxi,0.0,0.004775014
5419,29,AW19,sleeveless,0.0,0.0070250183
5569,76,AW19,maxi,0.0,0.008556295
5571,87,AW19,patterned top,0.0,0.0056103095
5570,40,AW19,maxi,0.0,0.0070585385
5569,87,AW19,maxi,0.03773585,0.011088684
5475,36,AW19,culottes,0.0,0.005732648
5054,86,AW19,doll dress,0.0,0.004139051
5571,20,AW19,patterned top,0.0,0.006569974
5571,83,AW19,patterned top,0.0,0.007562734
5569,20,AW19,maxi,0.0,0.007851526
5570,74,AW19,maxi,0.0,0.0046213195
5419,19,AW19,sleeveless,0.0,0.004360333
5465,49,AW19,long coat,0.0,0.012023404
5570,53,AW19,maxi,0.0,0.004881423
5569,83,AW19,maxi,0.0,0.019349117
5569,35,AW19,maxi,0.0,0.010000538
5571,121,AW19,patterned top,0.0,0.013932448
5569,46,AW19,maxi,0.0,0.012036584
5462,16,AW19,medium coat,0.0,0.008602001
5569,18,AW19,maxi,0.0,0.007831246
5475,61,AW19,culottes,0.0,0.0056895204
5547,25,AW19,kimono dress,0.0,0.011301175
5571,69,AW19,patterned top,0.0,0.00428918
5547,115,AW19,kimono dress,0.018867925,0.00972813
5570,32,AW19,maxi,0.0,0.004429616
5569,115,AW19,maxi,0.0,0.0117440075
5502,1,AW19,long sleeve,0.0,0.010127276
5570,96,AW19,maxi,0.0,0.00561586
5569,82,AW19,maxi,0.0,0.005952731
5571,77,AW19,patterned top,0.0,0.004644666
5564,99,AW19,short coat,0.0,0.019803017
5562,74,AW19,maxi,0.0,0.016134247
5492,74,AW19,solid color top,0.0,0.009117387
5563,102,AW19,solid color top,0.03773585,0.004685931
5563,0,AW19,solid color top,0.0,0.0083633885
4895,108,AW19,long sleeve,0.0,0.008190803
4950,103,AW19,medium coat,0.018867925,0.011104606
4895,74,AW19,long sleeve,0.0,0.03728065
5397,6,AW19,patterned top,0.0,0.007432349
5563,90,AW19,solid color top,0.0,0.0047628917
5397,52,AW19,patterned top,0.0,0.0047669485
5563,26,AW19,solid color top,0.03773585,0.015253995
5563,53,AW19,solid color top,0.0,0.011074245
4779,61,AW19,medium coat,0.018867925,0.007691942
5563,32,AW19,solid color top,0.03773585,0.014870964
5560,102,AW19,medium coat,0.0,0.017786223
5560,36,AW19,medium coat,0.0,0.007262856
5560,51,AW19,medium coat,0.018867925,0.0054970235
5560,108,AW19,medium coat,0.0,0.0127471015
5560,94,AW19,medium coat,0.0,0.01143603
5563,69,AW19,solid color top,0.0,0.0067891926
5563,29,AW19,solid color top,0.0,0.0064487606
5451,19,AW19,medium coat,0.018867925,0.013988778
5563,23,AW19,solid color top,0.018867925,0.010152146
5066,32,AW19,long coat,0.0,0.012229249
5508,30,AW19,long sleeve,0.0,0.007004261
5066,50,AW19,long coat,0.018867925,0.01889982
5533,92,AW19,kimono dress,0.0,0.0046808645
5508,49,AW19,long sleeve,0.018867925,0.005421575
5533,88,AW19,kimono dress,0.056603774,0.021756843
5533,73,AW19,kimono dress,0.0,0.004930757
5522,107,AW19,solid color top,0.0,0.010796547
5397,47,AW19,patterned top,0.0,0.006405011
5533,5,AW19,kimono dress,0.0,0.0047486164
5009,87,AW19,long sleeve,0.0,0.013061602
5373,108,AW19,long cardigan,0.0,0.009022877
5561,103,AW19,long coat,0.018867925,0.005872138
5561,74,AW19,long coat,0.0,0.0043948777
5568,73,AW19,solid color top,0.0,0.009324007
5568,43,AW19,solid color top,0.0,0.0056671053
5561,93,AW19,long coat,0.0,0.015017625
5535,84,AW19,kimono dress,0.018867925,0.004292235
5568,10,AW19,solid color top,0.0,0.0076548234
5560,49,AW19,medium coat,0.0,0.0056911856
5066,104,AW19,long coat,0.0,0.015489239
5563,1,AW19,solid color top,0.0,0.011390157
5408,63,AW19,long sleeve,0.0,0.00992677
5563,66,AW19,solid color top,0.018867925,0.010048259
5535,66,AW19,kimono dress,0.0,0.013876561
5533,47,AW19,kimono dress,0.0,0.004466485
5539,74,AW19,maxi,0.03773585,0.018250711
5436,62,AW19,long sleeve,0.018867925,0.015375346
5533,109,AW19,kimono dress,0.0,0.005470909
5533,82,AW19,kimono dress,0.0,0.009713221
5454,47,AW19,culottes,0.0,0.0056238696
5563,105,AW19,solid color top,0.018867925,0.005882226
5539,63,AW19,maxi,0.0,0.0068178996
5533,4,AW19,kimono dress,0.03773585,0.004078053
5533,8,AW19,kimono dress,0.0,0.010274779
5073,31,AW19,medium coat,0.0,0.0099434
5533,102,AW19,kimono dress,0.0,0.011948489
5073,3,AW19,medium coat,0.0,0.015774868
5073,89,AW19,medium coat,0.018867925,0.008485019
5073,47,AW19,medium coat,0.0,0.01288281
5555,13,AW19,long sleeve,0.0,0.0060580336
5436,69,AW19,long sleeve,0.0,0.013474949
5563,75,AW19,solid color top,0.0,0.008517839
5563,60,AW19,solid color top,0.018867925,0.014025815
4784,13,AW19,culottes,0.018867925,0.00688041
5563,45,AW19,solid color top,0.0,0.010977216
4844,108,AW19,doll dress,0.0,0.014730252
5563,33,AW19,solid color top,0.0,0.008837875
5047,46,AW19,long sleeve,0.0,0.010539614
4989,107,AW19,miniskirt,0.0,0.0127471015
5563,50,AW19,solid color top,0.0,0.008777693
5563,16,AW19,solid color top,0.0,0.0060896836
5563,56,AW19,solid color top,0.018867925,0.008555502
5359,91,AW19,culottes,0.0,0.0067754164
5359,12,AW19,culottes,0.0,0.010094088
5359,30,AW19,culottes,0.0,0.012955204
5563,5,AW19,solid color top,0.056603774,0.009953879
5539,50,AW19,maxi,0.0,0.00968124
4969,5,AW19,long sleeve,0.0,0.006438587
5563,73,AW19,solid color top,0.0,0.009884506
5563,88,AW19,solid color top,0.0,0.019529924
5563,39,AW19,solid color top,0.0,0.007870242
5563,43,AW19,solid color top,0.0,0.006800331
5539,47,AW19,maxi,0.0,0.0046251416
5563,87,AW19,solid color top,0.0,0.01130826
5025,46,AW19,long sleeve,0.018867925,0.004361376
5533,84,AW19,kimono dress,0.03773585,0.006861523
4684,69,AW19,culottes,0.0,0.0076548234
5562,91,AW19,maxi,0.0,0.0071176887
5568,121,AW19,solid color top,0.018867925,0.009421453
5566,15,AW19,short coat,0.056603774,0.015601613
5566,91,AW19,short coat,0.0,0.012187187
5566,31,AW19,short coat,0.0,0.0050770342
5025,74,AW19,long sleeve,0.0,0.012681134
5566,43,AW19,short coat,0.0,0.012658492
5566,108,AW19,short coat,0.018867925,0.009749673
5568,103,AW19,solid color top,0.0,0.005549617
5566,93,AW19,short coat,0.0,0.024347428
5025,16,AW19,long sleeve,0.0,0.011547178
5566,0,AW19,short coat,0.0,0.0089238435
5566,103,AW19,short coat,0.0,0.014401734
5564,30,AW19,short coat,0.018867925,0.013109259
5564,12,AW19,short coat,0.018867925,0.012227777
5423,102,AW19,long sleeve,0.0,0.006122254
5564,91,AW19,short coat,0.0,0.010637946
5380,18,AW19,long sleeve,0.0,0.008025754
5566,1,AW19,short coat,0.0,0.021998957
5562,84,AW19,maxi,0.018867925,0.0052548833
5562,92,AW19,maxi,0.0,0.0071575344
5565,79,AW19,solid color top,0.0,0.01055041
5562,67,AW19,maxi,0.0,0.0055293404
5562,83,AW19,maxi,0.0,0.008115131
5562,106,AW19,maxi,0.0,0.0069486946
5562,38,AW19,maxi,0.0,0.0047313683
5562,47,AW19,maxi,0.0754717,0.009804659
5562,1,AW19,maxi,0.0,0.0064220503
5562,24,AW19,maxi,0.018867925,0.005558688
5562,45,AW19,maxi,0.0,0.005865805
5565,27,AW19,solid color top,0.0,0.011055924
5562,50,AW19,maxi,0.0,0.00603161
5562,117,AW19,maxi,0.0,0.015073992
5562,13,AW19,maxi,0.0,0.008695334
5565,22,AW19,solid color top,0.018867925,0.004206706
5562,3,AW19,maxi,0.0,0.007775627
5562,6,AW19,maxi,0.018867925,0.012918796
5548,19,AW19,kimono dress,0.0,0.0065157786
5562,9,AW19,maxi,0.0,0.008894227
5548,43,AW19,kimono dress,0.018867925,0.0030516647
5565,88,AW19,solid color top,0.0,0.006106995
5564,19,AW19,short coat,0.018867925,0.01108101
5533,91,AW19,kimono dress,0.0,0.007612549
5564,75,AW19,short coat,0.0,0.019700855
5564,73,AW19,short coat,0.0,0.022404
4760,103,AW19,long cardigan,0.0,0.0044359714
5532,27,AW19,kimono dress,0.0,0.0046525896
5532,82,AW19,kimono dress,0.0,0.0054660253
5532,107,AW19,kimono dress,0.0,0.005719304
5532,121,AW19,kimono dress,0.0,0.008886341
5428,33,AW19,sheath dress,0.0,0.009604305
5428,117,AW19,sheath dress,0.018867925,0.0063687935
4760,108,AW19,long cardigan,0.018867925,0.004008852
5497,100,AW19,long coat,0.0,0.008809477
5470,103,AW19,medium coat,0.0,0.011157982
5470,3,AW19,medium coat,0.0,0.005617555
5490,4,AW19,culottes,0.0,0.005321957
5504,89,AW19,medium coat,0.0,0.010769978
5504,86,AW19,medium coat,0.018867925,0.009934023
5535,5,AW19,kimono dress,0.0,0.0050676763
5532,23,AW19,kimono dress,0.0,0.005115077
5530,46,AW19,medium coat,0.0,0.014367722
5509,76,AW19,medium coat,0.0,0.0115820095
5532,8,AW19,kimono dress,0.0,0.015823647
5072,66,AW19,medium coat,0.018867925,0.011869818
4987,88,AW19,long dress,0.018867925,0.020258404
5397,8,AW19,patterned top,0.0,0.011518054
5543,105,AW19,long sleeve,0.0,0.015902646
4928,108,AW19,medium coat,0.0,0.012702122
5564,68,AW19,short coat,0.0,0.015561093
5356,10,AW19,long sleeve,0.0,0.014418241
5564,27,AW19,short coat,0.0,0.012517147
5564,83,AW19,short coat,0.018867925,0.013711873
5564,46,AW19,short coat,0.018867925,0.013659008
5532,84,AW19,kimono dress,0.03773585,0.013656795
5564,103,AW19,short coat,0.0,0.015120279
5563,96,AW19,solid color top,0.03773585,0.004891716
5562,49,AW19,maxi,0.0,0.0117340945
5563,30,AW19,solid color top,0.0,0.0084805265
5562,62,AW19,maxi,0.0,0.007231079
5337,53,AW19,kimono dress,0.0,0.009467259
5532,88,AW19,kimono dress,0.0,0.017918423
5394,62,AW19,maxi,0.018867925,0.009525254
5397,23,AW19,patterned top,0.0,0.00596207
5337,0,AW19,kimono dress,0.018867925,0.015742578
5076,64,AW19,sheath dress,0.0,0.011790924
5564,43,AW19,short coat,0.0,0.008126512
5543,79,AW19,long sleeve,0.0754717,0.011278592
5483,76,AW19,sheath dress,0.0,0.005763285
5558,2,AW19,medium coat,0.0,0.004122287
5063,15,AW19,kimono dress,0.056603774,0.003952846
5527,87,AW19,long coat,0.0,0.0063578486
5544,0,AW19,kimono dress,0.0,0.010313123
4938,95,AW19,culottes,0.0,0.009424619
5538,121,AW19,kimono dress,0.0,0.004952498
5473,41,AW19,culottes,0.0,0.004180394
5381,20,AW19,long sleeve,0.0,0.006629035
5474,0,AW19,long dress,0.0,0.015610479
5495,94,AW19,solid color top,0.0,0.005838271
5503,82,AW19,long sleeve,0.0,0.010189824
5485,45,AW19,short sleeves,0.0,0.006677076
5495,110,AW19,solid color top,0.0,0.013385937
5540,94,AW19,culottes,0.0,0.009690359
5503,30,AW19,long sleeve,0.0,0.006106928
5498,3,AW19,doll dress,0.0,0.0048921555
5507,94,AW19,long sleeve,0.0,0.008658506
5538,8,AW19,kimono dress,0.0,0.019118771
5538,59,AW19,kimono dress,0.0,0.0060340166
5538,66,AW19,kimono dress,0.03773585,0.0047932193
5529,41,AW19,culottes,0.0,0.01751357
5529,103,AW19,culottes,0.0,0.0066880286
5529,18,AW19,culottes,0.018867925,0.00957451
5544,4,AW19,kimono dress,0.018867925,0.005830493
5557,94,AW19,medium coat,0.0,0.018615011
5526,121,AW19,short cardigan,0.0,0.021093037
5557,22,AW19,medium coat,0.0,0.011280246
5547,48,AW19,kimono dress,0.0,0.0052531585
4930,88,AW19,solid color top,0.0,0.010259539
5557,67,AW19,medium coat,0.018867925,0.012860499
5358,15,AW19,long sleeve,0.0,0.0052904338
5059,73,AW19,kimono dress,0.056603774,0.016198412
5557,21,AW19,medium coat,0.0,0.0048749074
5501,18,AW19,long dress,0.0,0.013446122
5557,115,AW19,medium coat,0.0,0.004883513
5529,56,AW19,culottes,0.0,0.005000714
5529,22,AW19,culottes,0.0,0.0056859255
5558,94,AW19,medium coat,0.0,0.013712123
5538,88,AW19,kimono dress,0.0,0.023557208
5558,14,AW19,medium coat,0.018867925,0.009183206
5544,8,AW19,kimono dress,0.0,0.008348227
5558,73,AW19,medium coat,0.0,0.004393123
5529,106,AW19,culottes,0.0,0.008410756
5529,82,AW19,culottes,0.0,0.0055317283
4908,108,AW19,solid color top,0.0,0.007025063
5567,75,AW19,long sleeve,0.0,0.011085719
5538,100,AW19,kimono dress,0.0,0.0135750845
5538,57,AW19,kimono dress,0.0,0.012289695
5020,63,AW19,trapeze dress,0.0,0.0053012073
5444,51,AW19,long sleeve,0.0,0.004072465
5544,84,AW19,kimono dress,0.03773585,0.007420849
5553,107,AW19,long sleeve,0.018867925,0.011182889
5553,20,AW19,long sleeve,0.0,0.0075961202
5558,117,AW19,medium coat,0.0,0.005358003
5558,22,AW19,medium coat,0.0,0.011894524
5545,15,AW19,medium coat,0.018867925,0.010070827
5544,88,AW19,kimono dress,0.0,0.004091896
5558,45,AW19,medium coat,0.018867925,0.0061941147
5477,3,AW19,long sleeve,0.0,0.007052973
5521,15,AW19,long coat,0.0,0.010394707
5477,77,AW19,long sleeve,0.0,0.005551506
5473,32,AW19,culottes,0.0,0.016085282
5558,36,AW19,medium coat,0.018867925,0.007681228
5558,26,AW19,medium coat,0.0,0.007026702
5558,18,AW19,medium coat,0.0,0.0046431683
5553,22,AW19,long sleeve,0.0,0.005541738
5545,14,AW19,medium coat,0.0,0.0114104375
5558,5,AW19,medium coat,0.0,0.012576174
5553,59,AW19,long sleeve,0.018867925,0.010331318
5513,57,AW19,sleeveless,0.0,0.013699405
5553,29,AW19,long sleeve,0.0,0.0050226115
5540,83,AW19,culottes,0.0,0.008034542
4886,108,AW19,long sleeve,0.0,0.00794141
5544,121,AW19,kimono dress,0.0,0.009459443
5540,121,AW19,culottes,0.0,0.017127778
5545,109,AW19,medium coat,0.0,0.014929198
5554,51,AW19,long sleeve,0.0,0.0160738
5554,108,AW19,long sleeve,0.0,0.010271788
5545,47,AW19,medium coat,0.0,0.00799543
5540,90,AW19,culottes,0.018867925,0.0072430745
5521,10,AW19,long coat,0.0,0.00468868
5486,3,AW19,long sleeve,0.0,0.0066030584
5545,22,AW19,medium coat,0.018867925,0.005490035
5554,15,AW19,long sleeve,0.018867925,0.009489998
5554,10,AW19,long sleeve,0.0,0.014674444
5540,4,AW19,culottes,0.0,0.010596491
5544,82,AW19,kimono dress,0.0,0.0063736066
5553,19,AW19,long sleeve,0.0,0.009646073
5553,75,AW19,long sleeve,0.0,0.0084695
5477,30,AW19,long sleeve,0.0,0.01314763
5513,29,AW19,sleeveless,0.0,0.0112526305
5543,8,AW19,long sleeve,0.0,0.0066873953
5567,88,AW19,long sleeve,0.018867925,0.022780031
5553,13,AW19,long sleeve,0.0,0.010974392
5554,74,AW19,long sleeve,0.0,0.0055634454
5338,33,AW19,kimono dress,0.0,0.020760953
5551,49,AW19,long sleeve,0.0,0.013860986
5441,85,AW19,long dress,0.0,0.017234739
5510,20,AW19,short sleeves,0.0,0.010463178
5556,57,AW19,long sleeve,0.0,0.024432201
5389,79,AW19,long sleeve,0.0,0.011094894
5464,104,AW19,sheath dress,0.0,0.014527909
5554,83,AW19,long sleeve,0.0,0.012330495
5552,3,AW19,long sleeve,0.0,0.014955219
5533,23,AW19,kimono dress,0.0,0.0049291216
5510,22,AW19,short sleeves,0.0,0.005790394
5389,82,AW19,long sleeve,0.0,0.0048615932
5554,46,AW19,long sleeve,0.0,0.008420967
5441,25,AW19,long dress,0.018867925,0.0054119937
5053,4,AW19,culottes,0.018867925,0.0040349513
4977,44,AW19,doll dress,0.018867925,0.00818263
5525,93,AW19,long sleeve,0.0,0.010705095
5551,14,AW19,long sleeve,0.0,0.0054479875
5389,74,AW19,long sleeve,0.0,0.0063324273
5554,101,AW19,long sleeve,0.0,0.013267167
5552,12,AW19,long sleeve,0.0,0.019777767
5551,46,AW19,long sleeve,0.0,0.008404706
5485,15,AW19,short sleeves,0.0,0.005834475
5389,44,AW19,long sleeve,0.0,0.005959045
5551,75,AW19,long sleeve,0.0,0.006241195
5552,19,AW19,long sleeve,0.0,0.010266274
5551,82,AW19,long sleeve,0.0,0.009956159
5527,94,AW19,long coat,0.018867925,0.027391674
5551,56,AW19,long sleeve,0.0,0.009705294
5536,77,AW19,medium coat,0.0,0.018438831
5551,73,AW19,long sleeve,0.0,0.005800143
5554,20,AW19,long sleeve,0.0,0.0074936077
5552,75,AW19,long sleeve,0.0,0.006395921
5485,65,AW19,short sleeves,0.0,0.0062198564
5554,61,AW19,long sleeve,0.0,0.0059549883
5554,44,AW19,long sleeve,0.0,0.009922363
5567,69,AW19,long sleeve,0.0,0.021362975
5556,30,AW19,long sleeve,0.0,0.011941075
5455,83,AW19,solid color top,0.0,0.0063811615
5463,83,AW19,sheath dress,0.0,0.01234249
5455,62,AW19,solid color top,0.0,0.0055963434
5463,4,AW19,sheath dress,0.0,0.023923174
5536,85,AW19,medium coat,0.0,0.012905274
5538,28,AW19,kimono dress,0.0,0.009255342
5341,105,AW19,kimono dress,0.0,0.010090262
5467,51,AW19,sleeveless,0.0,0.009714134
5556,105,AW19,long sleeve,0.0,0.014855422
4992,10,AW19,long coat,0.0,0.009104002
5536,53,AW19,medium coat,0.018867925,0.016736992
4931,117,AW19,culottes,0.0,0.004607156
5552,61,AW19,long sleeve,0.0,0.004414074
5467,19,AW19,sleeveless,0.0,0.015483901
5538,50,AW19,kimono dress,0.0,0.008196548
5567,72,AW19,long sleeve,0.018867925,0.006216131
5529,49,AW19,culottes,0.056603774,0.012693174
5543,77,AW19,long sleeve,0.0,0.02733403
5556,73,AW19,long sleeve,0.0,0.016812373
5038,102,AW19,long sleeve,0.0,0.0070537664
5464,87,AW19,sheath dress,0.0,0.016288977
5554,57,AW19,long sleeve,0.0,0.0107030645
5556,13,AW19,long sleeve,0.0,0.0068212524
5483,46,AW19,sheath dress,0.0,0.0053053126
5447,35,AW19,solid color top,0.0,0.00547567
5572,80,AW19,doll dress,0.0,0.0024130978
5575,40,AW19,trapeze dress,0.056603774,0.010531049
5575,106,AW19,trapeze dress,0.0,0.0049636997
5530,3,AW19,medium coat,0.0,0.014134001
5577,8,AW19,trapeze dress,0.0,0.005134329
5577,74,AW19,trapeze dress,0.0,0.0049506873
5575,32,AW19,trapeze dress,0.0,0.005028181
5577,103,AW19,trapeze dress,0.03773585,0.0061876103
4940,89,AW19,sheath dress,0.018867925,0.0056604818
5577,40,AW19,trapeze dress,0.0,0.010178514
5577,95,AW19,trapeze dress,0.0,0.012360573
5563,49,AW19,solid color top,0.0,0.009407155
5577,90,AW19,trapeze dress,0.0,0.018435542
5577,81,AW19,trapeze dress,0.0,0.0052071027
5572,88,AW19,doll dress,0.0,0.011937439
5575,67,AW19,trapeze dress,0.0,0.0066805817
5575,85,AW19,trapeze dress,0.0,0.0045506917
5577,13,AW19,trapeze dress,0.0,0.0050982162
5572,45,AW19,doll dress,0.0,0.012270369
5572,13,AW19,doll dress,0.0,0.010336414
5577,47,AW19,trapeze dress,0.0,0.0074596778
5577,1,AW19,trapeze dress,0.0,0.0044116974
5577,86,AW19,trapeze dress,0.0,0.00947804
5572,4,AW19,doll dress,0.0,0.013297539
5532,90,AW19,kimono dress,0.0,0.0059930123
5572,21,AW19,doll dress,0.0,0.0063330084
5572,125,AW19,doll dress,0.0,0.006407745
5577,77,AW19,trapeze dress,0.0,0.004331559
5577,39,AW19,trapeze dress,0.0,0.006623842
5577,89,AW19,trapeze dress,0.0,0.015669227
5577,76,AW19,trapeze dress,0.018867925,0.004783869
5057,43,AW19,solid color top,0.0,0.0069754757
5577,88,AW19,trapeze dress,0.018867925,0.00858308
4966,30,AW19,long duster,0.0,0.011985999
5577,108,AW19,trapeze dress,0.0,0.011874061
5577,52,AW19,trapeze dress,0.0,0.0075409263
5532,32,AW19,kimono dress,0.0,0.0043716207
5577,56,AW19,trapeze dress,0.0,0.010122795
5577,33,AW19,trapeze dress,0.0,0.016715266
5577,105,AW19,trapeze dress,0.0,0.004222706
5530,50,AW19,medium coat,0.0,0.006468937
5490,87,AW19,culottes,0.0,0.0048749074
5572,81,AW19,doll dress,0.0,0.00456284
5575,90,AW19,trapeze dress,0.0,0.010387391
5509,36,AW19,medium coat,0.0,0.0048581176
5575,8,AW19,trapeze dress,0.0,0.004341271
5575,59,AW19,trapeze dress,0.0,0.005084239
5575,115,AW19,trapeze dress,0.0,0.025509648
5575,104,AW19,trapeze dress,0.0,0.0054269135
5337,44,AW19,kimono dress,0.0,0.008307014
5575,29,AW19,trapeze dress,0.0,0.008845139
5575,41,AW19,trapeze dress,0.0,0.013447426
5504,3,AW19,medium coat,0.0,0.012659706
5577,30,AW19,trapeze dress,0.0,0.005741466
5572,76,AW19,doll dress,0.0,0.0058930144
5577,12,AW19,trapeze dress,0.0,0.0031979978
5577,61,AW19,trapeze dress,0.0,0.013099074
5532,25,AW19,kimono dress,0.0,0.013409875
5577,31,AW19,trapeze dress,0.0,0.0045728534
5572,51,AW19,doll dress,0.0,0.013684228
5360,45,AW19,long sleeve,0.0,0.006445706
5577,84,AW19,trapeze dress,0.0,0.0131865665
5428,19,AW19,sheath dress,0.018867925,0.014014371
5543,56,AW19,long sleeve,0.0,0.006737344
5575,15,AW19,trapeze dress,0.0,0.005551718
5575,61,AW19,trapeze dress,0.018867925,0.0070250407
5563,3,AW19,solid color top,0.0,0.008073632
4860,1,AW19,sleeveless,0.0,0.0050089695
5556,108,AW19,long sleeve,0.0,0.0068853945
5556,39,AW19,long sleeve,0.018867925,0.011175588
5359,15,AW19,culottes,0.0,0.010181747
5556,60,AW19,long sleeve,0.0,0.012617543
5556,75,AW19,long sleeve,0.0,0.00725735
5511,57,AW19,long sleeve,0.0,0.006662026
5510,49,AW19,short sleeves,0.0,0.011933334
5556,12,AW19,long sleeve,0.0,0.010894634
4844,25,AW19,doll dress,0.03773585,0.012254346
5510,2,AW19,short sleeves,0.0,0.0052278116
4389,110,AW19,culottes,0.0,0.0043256655
5441,57,AW19,long dress,0.0,0.005959071
5563,76,AW19,solid color top,0.0,0.013846494
5567,22,AW19,long sleeve,0.0,0.011269111
5574,2,AW19,trapeze dress,0.0,0.0043702014
5574,49,AW19,trapeze dress,0.0,0.006618444
5574,7,AW19,trapeze dress,0.0,0.0044126585
5574,15,AW19,trapeze dress,0.018867925,0.02333925
5574,31,AW19,trapeze dress,0.0,0.0017337799
4895,64,AW19,long sleeve,0.0,0.017378502
5560,31,AW19,medium coat,0.0,0.0070243925
5563,106,AW19,solid color top,0.0,0.0045492873
5560,105,AW19,medium coat,0.0,0.00834544
5574,86,AW19,trapeze dress,0.0,0.012012742
5560,16,AW19,medium coat,0.0,0.014000583
5574,92,AW19,trapeze dress,0.0,0.006017022
5567,89,AW19,long sleeve,0.056603774,0.007894315
5459,76,AW19,culottes,0.0,0.01200711
5556,82,AW19,long sleeve,0.0,0.0063922964
5441,4,AW19,long dress,0.0,0.018786602
5463,25,AW19,sheath dress,0.018867925,0.005597513
5527,62,AW19,long coat,0.0,0.008207992
5511,74,AW19,long sleeve,0.0,0.0043242574
5511,40,AW19,long sleeve,0.0,0.0062444583
5533,44,AW19,kimono dress,0.018867925,0.004646972
5552,107,AW19,long sleeve,0.0,0.01011429
5527,65,AW19,long coat,0.0,0.0075290017
5046,46,AW19,medium coat,0.0,0.0053624734
5552,1,AW19,long sleeve,0.018867925,0.0051811114
5468,87,AW19,culottes,0.018867925,0.010058433
5500,30,AW19,culottes,0.0,0.004578337
5525,81,AW19,long sleeve,0.018867925,0.008448988
5468,76,AW19,culottes,0.0,0.0034696423
5046,19,AW19,medium coat,0.0,0.0071617737
5468,93,AW19,culottes,0.0,0.0048990883
5468,16,AW19,culottes,0.018867925,0.01111513
4806,107,AW19,culottes,0.0,0.0059495047
4899,87,AW19,culottes,0.018867925,0.009404864
5539,102,AW19,maxi,0.0,0.0138296485
5552,94,AW19,long sleeve,0.0,0.010217965
5533,107,AW19,kimono dress,0.0,0.00440301
5436,10,AW19,long sleeve,0.0,0.0093049
5533,27,AW19,kimono dress,0.018867925,0.013474308
5551,40,AW19,long sleeve,0.0,0.0066513866
5425,1,AW19,long sleeve,0.0,0.011219595
5525,43,AW19,long sleeve,0.018867925,0.012323946
5563,84,AW19,solid color top,0.0,0.008526191
5515,57,AW19,long sleeve,0.0,0.008312482
5441,0,AW19,long dress,0.0,0.005127512
5574,88,AW19,trapeze dress,0.0,0.0099170655
5574,110,AW19,trapeze dress,0.018867925,0.015068315
5574,6,AW19,trapeze dress,0.0,0.0044722185
5563,85,AW19,solid color top,0.0,0.008778125
4764,47,AW19,sleeveless,0.0,0.007384427
4892,105,AW19,long sleeve,0.0,0.010206766
5575,12,AW19,trapeze dress,0.0,0.015899055
5575,10,AW19,trapeze dress,0.0,0.00769642
5577,29,AW19,trapeze dress,0.0,0.00674814
5575,31,AW19,trapeze dress,0.0,0.0106477365
5575,94,AW19,trapeze dress,0.018867925,0.008665584
5561,21,AW19,long coat,0.018867925,0.004351683
5575,105,AW19,trapeze dress,0.0754717,0.006993301
5561,64,AW19,long coat,0.0,0.006106939
5508,87,AW19,long sleeve,0.0,0.00676845
5575,86,AW19,trapeze dress,0.0,0.0054920726
5575,92,AW19,trapeze dress,0.0,0.008338258
5575,39,AW19,trapeze dress,0.0,0.006154664
5373,82,AW19,long cardigan,0.0,0.006728247
4763,108,AW19,medium coat,0.018867925,0.01159317
5575,80,AW19,trapeze dress,0.0,0.0052808076
5575,3,AW19,trapeze dress,0.0,0.0071570463
5575,108,AW19,trapeze dress,0.0,0.014120854
5575,99,AW19,trapeze dress,0.0,0.010001235
5535,48,AW19,kimono dress,0.0,0.0048115514
5575,13,AW19,trapeze dress,0.0,0.011457816
5575,22,AW19,trapeze dress,0.0,0.0078833625
5575,52,AW19,trapeze dress,0.0,0.014861748
5575,24,AW19,trapeze dress,0.0,0.008670308
5575,76,AW19,trapeze dress,0.018867925,0.02105119
5575,89,AW19,trapeze dress,0.018867925,0.030488767
5575,77,AW19,trapeze dress,0.0,0.0043178126
5575,20,AW19,trapeze dress,0.018867925,0.018690906
5575,30,AW19,trapeze dress,0.0,0.009669878
5057,108,AW19,solid color top,0.018867925,0.016353317
5574,23,AW19,trapeze dress,0.0,0.011186704
5561,5,AW19,long coat,0.0,0.010443777
5574,99,AW19,trapeze dress,0.0,0.008909427
5574,56,AW19,trapeze dress,0.0,0.0064896643
5574,13,AW19,trapeze dress,0.0,0.004739307
5397,60,AW19,patterned top,0.0,0.0165639
5574,33,AW19,trapeze dress,0.0,0.0070471056
5574,22,AW19,trapeze dress,0.0,0.006881859
5574,24,AW19,trapeze dress,0.0,0.005960688
5397,88,AW19,patterned top,0.0,0.0071752816
5495,62,AW19,solid color top,0.0,0.008512497
5397,110,AW19,patterned top,0.0,0.009507224
5574,47,AW19,trapeze dress,0.018867925,0.006655313
5574,20,AW19,trapeze dress,0.0,0.00956028
5574,106,AW19,trapeze dress,0.0,0.006662119
5574,82,AW19,trapeze dress,0.0,0.004969798
5574,72,AW19,trapeze dress,0.0,0.006953623
5574,32,AW19,trapeze dress,0.0,0.0050758347
5574,53,AW19,trapeze dress,0.018867925,0.0058477074
5495,13,AW19,solid color top,0.0,0.006108366
5574,74,AW19,trapeze dress,0.0,0.0066372193
5563,25,AW19,solid color top,0.0,0.006355051
5574,81,AW19,trapeze dress,0.0,0.00608553
5563,125,AW19,solid color top,0.0,0.009415198
4771,60,AW19,medium coat,0.018867925,0.015867926
5574,0,AW19,trapeze dress,0.0,0.011114303
5561,12,AW19,long coat,0.0,0.006584678
5574,63,AW19,trapeze dress,0.0,0.006843284
5574,100,AW19,trapeze dress,0.0,0.0074592754
5574,29,AW19,trapeze dress,0.0,0.0071393773
5574,64,AW19,trapeze dress,0.0,0.006608736
5574,41,AW19,trapeze dress,0.0,0.010320604
5577,41,AW19,trapeze dress,0.018867925,0.0067145526
5453,43,AW19,miniskirt,0.018867925,0.0064906105
4853,88,AW19,trapeze dress,0.0,0.0053012073
5558,16,AW19,medium coat,0.0,0.008117359
5573,41,AW19,trapeze dress,0.0,0.0144297965
5562,59,AW19,maxi,0.0,0.007426955
5573,64,AW19,trapeze dress,0.0,0.0046555772
5562,102,AW19,maxi,0.0,0.009847607
5405,16,AW19,sleeveless,0.0,0.006106995
5573,115,AW19,trapeze dress,0.0,0.006947443
5573,59,AW19,trapeze dress,0.0,0.0051663704
5571,93,AW19,patterned top,0.0,0.004297007
5536,18,AW19,medium coat,0.0,0.0074540637
5536,35,AW19,medium coat,0.0,0.008023437
5573,90,AW19,trapeze dress,0.0,0.012413137
5569,10,AW19,maxi,0.0,0.010778293
5569,75,AW19,maxi,0.0,0.014002677
5521,39,AW19,long coat,0.0,0.0068597607
5482,31,AW19,sleeveless,0.0,0.0064207837
5573,81,AW19,trapeze dress,0.0,0.004767321
5576,30,AW19,trapeze dress,0.056603774,0.009865407
5545,87,AW19,medium coat,0.0,0.005733378
5576,54,AW19,trapeze dress,0.0,0.0075600147
5576,12,AW19,trapeze dress,0.03773585,0.018451154
5050,80,AW19,solid color top,0.0,0.009316366
5554,19,AW19,long sleeve,0.0,0.0045672804
5565,106,AW19,solid color top,0.0,0.0040709972
5573,5,AW19,trapeze dress,0.0,0.0041430965
5565,95,AW19,solid color top,0.0,0.009044871
5576,105,AW19,trapeze dress,0.018867925,0.010054193
5553,93,AW19,long sleeve,0.0,0.0047119446
5558,64,AW19,medium coat,0.0,0.016070455
5562,101,AW19,maxi,0.0,0.006877128
5576,94,AW19,trapeze dress,0.0,0.005705215
5576,65,AW19,trapeze dress,0.0,0.017685443
5576,31,AW19,trapeze dress,0.0,0.008643672
5512,57,AW19,long sleeve,0.0,0.012702726
5558,87,AW19,medium coat,0.0,0.009997055
5350,104,AW19,solid color top,0.0,0.01016897
5025,23,AW19,long sleeve,0.018867925,0.004361376
5562,0,AW19,maxi,0.0,0.0065710098
5571,53,AW19,patterned top,0.0,0.0055339932
5545,68,AW19,medium coat,0.0,0.008886863
5524,57,AW19,sleeveless,0.018867925,0.006858725
5055,103,AW19,culottes,0.0,0.011049792
5536,93,AW19,medium coat,0.018867925,0.016942583
5570,20,AW19,maxi,0.0,0.009589054
5573,106,AW19,trapeze dress,0.0,0.0052305944
5535,107,AW19,kimono dress,0.0,0.0063401386
5573,76,AW19,trapeze dress,0.0,0.00852526
5573,92,AW19,trapeze dress,0.0,0.010577217
5570,68,AW19,maxi,0.0,0.00436572
5573,43,AW19,trapeze dress,0.0,0.007013187
5570,48,AW19,maxi,0.0,0.0043298677
5573,88,AW19,trapeze dress,0.0,0.004842747
5573,24,AW19,trapeze dress,0.0,0.004485082
5573,52,AW19,trapeze dress,0.0,0.008380324
5573,22,AW19,trapeze dress,0.0,0.01443015
5570,33,AW19,maxi,0.0,0.005115021
5573,80,AW19,trapeze dress,0.0,0.0051754415
5573,6,AW19,trapeze dress,0.018867925,0.008594733
5573,108,AW19,trapeze dress,0.0,0.011471324
5458,104,AW19,sleeveless,0.0,0.0050770342
5507,91,AW19,long sleeve,0.0,0.004612703
5573,86,AW19,trapeze dress,0.0,0.009848282
5573,60,AW19,trapeze dress,0.0,0.021958388
5573,32,AW19,trapeze dress,0.0,0.011738978
5573,85,AW19,trapeze dress,0.0,0.007956404
5545,53,AW19,medium coat,0.018867925,0.013886727
5573,54,AW19,trapeze dress,0.0,0.004662268
5422,117,AW19,long sleeve,0.018867925,0.009329185
5573,12,AW19,trapeze dress,0.0,0.0056490973
5507,86,AW19,long sleeve,0.0,0.0043298677
5557,75,AW19,medium coat,0.018867925,0.01115904
5565,3,AW19,solid color top,0.0,0.0053452365
5545,26,AW19,medium coat,0.0,0.011355273
5545,46,AW19,medium coat,0.0,0.00583677
5573,7,AW19,trapeze dress,0.0,0.005234968
5557,26,AW19,medium coat,0.0,0.0062047914
5573,31,AW19,trapeze dress,0.0,0.0065459833
5358,63,AW19,long sleeve,0.0,0.016677119
5573,94,AW19,trapeze dress,0.0,0.0041527078
5406,79,AW19,long coat,0.0,0.012266774
4945,109,AW19,short sleeves,0.0,0.005622439
5573,10,AW19,trapeze dress,0.0,0.0050188303
5540,87,AW19,culottes,0.018867925,0.009246483
5573,99,AW19,trapeze dress,0.0,0.0077243447
5576,1,AW19,trapeze dress,0.0,0.0117798
5402,102,AW19,short cardigan,0.0,0.0060850605
5562,10,AW19,maxi,0.0,0.007477179
5576,100,AW19,trapeze dress,0.018867925,0.0063039325
5576,8,AW19,trapeze dress,0.0,0.011034511
5576,22,AW19,trapeze dress,0.0,0.01307087
5576,52,AW19,trapeze dress,0.0,0.008836411
5354,1,AW19,long sleeve,0.0,0.007436298
5529,79,AW19,culottes,0.0,0.018141266
5576,24,AW19,trapeze dress,0.018867925,0.011149973
5527,108,AW19,long coat,0.0,0.006038733
5564,80,AW19,short coat,0.0,0.012061883
5380,105,AW19,long sleeve,0.0,0.007822141
5564,104,AW19,short coat,0.0,0.016234726
5576,103,AW19,trapeze dress,0.0,0.0085451305
5564,108,AW19,short coat,0.0,0.00936573
5562,75,AW19,maxi,0.0,0.011002626
5576,47,AW19,trapeze dress,0.018867925,0.008613527
5564,28,AW19,short coat,0.0,0.0118093565
4392,88,AW19,long sleeve,0.018867925,0.016689137
5564,35,AW19,short coat,0.0,0.010716908
5547,0,AW19,kimono dress,0.0,0.007363282
5564,40,AW19,short coat,0.0,0.009711124
5502,26,AW19,long sleeve,0.0,0.007222384
5511,29,AW19,long sleeve,0.0,0.0048615932
5564,67,AW19,short coat,0.0,0.011193518
5521,44,AW19,long coat,0.0,0.0068948865
5564,1,AW19,short coat,0.0,0.010435756
5521,32,AW19,long coat,0.0,0.009884164
5485,49,AW19,short sleeves,0.0,0.004138939
5446,1,AW19,long sleeve,0.0,0.0077591836
5576,21,AW19,trapeze dress,0.03773585,0.0181663
5564,62,AW19,short coat,0.018867925,0.022247426
5527,76,AW19,long coat,0.0,0.0104333125
5521,80,AW19,long coat,0.0,0.007594414
5379,15,AW19,long coat,0.0,0.0058724433
5498,32,AW19,doll dress,0.0,0.0141074285
5568,104,AW19,solid color top,0.0,0.005964771
5526,83,AW19,short cardigan,0.0,0.006790675
5576,29,AW19,trapeze dress,0.0,0.005465701
5498,107,AW19,doll dress,0.0,0.0051923245
5531,28,AW19,long sleeve,0.0,0.01795344
4988,10,AW19,medium coat,0.018867925,0.009211861
5576,86,AW19,trapeze dress,0.0,0.00977762
5503,76,AW19,long sleeve,0.0,0.006937731
5576,110,AW19,trapeze dress,0.0,0.00999878
5566,62,AW19,short coat,0.0,0.010403108
5576,43,AW19,trapeze dress,0.0,0.0063577667
5071,41,AW19,long coat,0.0,0.007996023
5527,74,AW19,long coat,0.0,0.0052968375
5394,59,AW19,maxi,0.0,0.015802562
5566,89,AW19,short coat,0.0,0.006357394
5538,32,AW19,kimono dress,0.0,0.004879147
5576,115,AW19,trapeze dress,0.0,0.013593458
5576,9,AW19,trapeze dress,0.0,0.0034662783
5566,73,AW19,short coat,0.0,0.0066758394
5498,75,AW19,doll dress,0.0,0.012197278
5521,87,AW19,long coat,0.0,0.00476069
5576,104,AW19,trapeze dress,0.0,0.00681236
5503,51,AW19,long sleeve,0.018867925,0.017624252
5576,80,AW19,trapeze dress,0.056603774,0.005197894
5521,50,AW19,long coat,0.0,0.013848059
5576,73,AW19,trapeze dress,0.0,0.021627761
5574,48,AW19,trapeze dress,0.0,0.004365951
4973,69,AW19,culottes,0.0,0.0052614957
5576,18,AW19,trapeze dress,0.0,0.014952641
5576,0,AW19,trapeze dress,0.0,0.020657256
5574,65,AW19,trapeze dress,0.0,0.009106133
5576,25,AW19,trapeze dress,0.0,0.020072639
5574,9,AW19,trapeze dress,0.0,0.0060794875
5439,104,AW19,solid color top,0.0,0.017408941
4778,88,AW19,medium coat,0.0,0.011449061
5563,86,AW19,solid color top,0.0,0.004592158
5465,53,AW19,long coat,0.0,0.01006905
5576,75,AW19,trapeze dress,0.0,0.00610546
5511,8,AW19,long sleeve,0.0,0.016129732
5434,115,AW19,culottes,0.0,0.0065141916
5535,44,AW19,kimono dress,0.0,0.00979083
5441,28,AW19,long dress,0.0,0.004398957
4988,117,AW19,medium coat,0.0,0.011720628
5576,15,AW19,trapeze dress,0.0,0.005456969
5535,25,AW19,kimono dress,0.0,0.0071960837
5502,16,AW19,long sleeve,0.0,0.0043877475
5563,117,AW19,solid color top,0.0,0.011959553
5502,22,AW19,long sleeve,0.0,0.0039131343
5511,10,AW19,long sleeve,0.0,0.0043948814
5536,29,AW19,medium coat,0.0,0.006126873
5040,13,AW19,solid color top,0.0,0.012948107
5536,36,AW19,medium coat,0.0,0.007978909
5502,74,AW19,long sleeve,0.0,0.004646972
5069,69,AW19,long sleeve,0.0,0.006066717
5573,40,AW19,trapeze dress,0.0,0.012761302
5521,41,AW19,long coat,0.0,0.009245083
5576,121,AW19,trapeze dress,0.0,0.013846509
5436,32,AW19,long sleeve,0.0,0.010964595
5054,108,AW19,doll dress,0.0,0.0048798285
5576,69,AW19,trapeze dress,0.0,0.0075821355
5576,36,AW19,trapeze dress,0.0,0.004941471
5576,46,AW19,trapeze dress,0.0,0.011435077
5557,35,AW19,medium coat,0.0,0.006967116
4974,108,AW19,long cardigan,0.0,0.011988118
4860,19,AW19,sleeveless,0.0,0.0066940635
5577,64,AW19,trapeze dress,0.0,0.006051451
5574,89,AW19,trapeze dress,0.0,0.009234622
5504,7,AW19,medium coat,0.0,0.006886009
5573,16,AW19,trapeze dress,0.0,0.013760511
5528,108,AW19,long sleeve,0.0,0.017787676
5565,73,AW19,solid color top,0.0,0.006956622
5540,25,AW19,culottes,0.0,0.012781143
4905,108,AW19,doll dress,0.0,0.009927362
5484,0,AW19,long sleeve,0.0,0.0070868134
5575,11,AW19,trapeze dress,0.0,0.0104660615
5376,108,AW19,long coat,0.0,0.011925593
5565,8,AW19,solid color top,0.0,0.0056631938
5575,56,AW19,trapeze dress,0.0,0.00443035
5061,103,AW19,long coat,0.0,0.017880596
4990,46,AW19,long sleeve,0.0,0.005973585
4803,32,AW19,sleeveless,0.0,0.013586111
5373,27,AW19,long cardigan,0.0,0.011669043
5078,2,AW19,medium coat,0.0,0.0061922744
5061,80,AW19,long coat,0.0,0.013709307
5470,91,AW19,medium coat,0.0,0.005116366
5577,15,AW19,trapeze dress,0.0,0.0046722516
5577,21,AW19,trapeze dress,0.0,0.007801309
5567,12,AW19,long sleeve,0.0,0.0061734766
5567,30,AW19,long sleeve,0.0,0.004941687
5577,18,AW19,trapeze dress,0.0,0.0053634383
5336,22,AW19,long sleeve,0.0,0.004618317
5564,41,AW19,short coat,0.0,0.00806579
5532,117,AW19,kimono dress,0.0,0.007343799
5564,89,AW19,short coat,0.0,0.009156652
5577,68,AW19,trapeze dress,0.0,0.004780665
4911,87,AW19,medium coat,0.0,0.0069468394
5497,60,AW19,long coat,0.0,0.009277791
5577,22,AW19,trapeze dress,0.0,0.0060710423
5380,51,AW19,long sleeve,0.0,0.011142887
5577,73,AW19,trapeze dress,0.0,0.0071324855
5566,59,AW19,short coat,0.0,0.01291525
5577,49,AW19,trapeze dress,0.0,0.0047583655
5347,110,AW19,long sleeve,0.0,0.004238706
5447,105,AW19,solid color top,0.0,0.021492906
5573,66,AW19,trapeze dress,0.0,0.009308316
5573,96,AW19,trapeze dress,0.0,0.0048838966
5573,62,AW19,trapeze dress,0.0,0.006319247
5574,8,AW19,trapeze dress,0.0,0.0049733
5573,15,AW19,trapeze dress,0.0,0.0068271086
5475,64,AW19,culottes,0.0,0.014788963
5573,105,AW19,trapeze dress,0.0,0.0067177266
5574,40,AW19,trapeze dress,0.0,0.017487176
5466,104,AW19,kimono dress,0.0,0.01516404
5394,48,AW19,maxi,0.0,0.0059495047
5381,76,AW19,long sleeve,0.0,0.011137158
5574,83,AW19,trapeze dress,0.0,0.005376257
5367,50,AW19,long sleeve,0.0,0.0058212876
5574,1,AW19,trapeze dress,0.0,0.004893683
4813,47,AW19,long coat,0.0,0.013676316
5536,10,AW19,medium coat,0.0,0.006195806
5543,42,AW19,long sleeve,0.0,0.009005137
5524,31,AW19,sleeveless,0.0,0.005590152
5469,51,AW19,long duster,0.0,0.0029691532
5575,84,AW19,trapeze dress,0.0,0.005302839
5575,19,AW19,trapeze dress,0.0,0.006662771
5061,2,AW19,long coat,0.0,0.006182652
4572,105,AW19,doll dress,0.0,0.0051955134
4538,90,AW19,culottes,0.0,0.006228283
4931,110,AW19,culottes,0.0,0.0069268644
5064,79,AW19,kimono dress,0.0,0.006201938
4409,105,AW19,printed shirt,0.0,0.005485151
4790,56,AW19,doll dress,0.0,0.004720174
5497,125,AW19,long coat,0.0,0.004887555
5576,74,AW19,trapeze dress,0.0,0.006896276
5576,32,AW19,trapeze dress,0.0,0.00461556
5577,87,AW19,trapeze dress,0.0,0.007185243
5552,39,AW19,long sleeve,0.0,0.0077072307
5484,75,AW19,long sleeve,0.0,0.0048295967
5564,45,AW19,short coat,0.0,0.0059292912
5549,57,AW19,short coat,0.0,0.0055845603
5576,82,AW19,trapeze dress,0.0,0.004706282
5576,27,AW19,trapeze dress,0.0,0.010109406
5575,28,AW19,trapeze dress,0.0,0.005259808
5046,108,AW19,medium coat,0.0,0.0059961453
4721,88,AW19,long sleeve,0.0,0.006090451
5433,16,AW19,long coat,0.0,0.0041569136
5564,8,AW19,short coat,0.0,0.0066381395
5567,31,AW19,long sleeve,0.0,0.0052485876
4978,4,AW19,culottes,0.0,0.0072422065
5576,41,AW19,trapeze dress,0.0,0.005712129
4813,7,AW19,long coat,0.0,0.008728012
4698,66,AW19,culottes,0.0,0.012371063
4867,108,AW19,sheath dress,0.0,0.004384119
4878,26,AW19,long sleeve,0.0,0.0030197129
4884,40,AW19,long sleeve,0.0,0.0067554973
5016,15,AW19,printed shirt,0.0,0.007256523
4884,121,AW19,long sleeve,0.0,0.0074124783
5076,16,AW19,sheath dress,0.0,0.0045946017
5069,80,AW19,long sleeve,0.0,0.005207382
5073,15,AW19,medium coat,0.0,0.010443084
5576,102,AW19,trapeze dress,0.0,0.006447725
4791,108,AW19,sleeveless,0.0,0.004736826
5046,115,AW19,medium coat,0.0,0.0056205764
5545,23,AW19,medium coat,0.0,0.005977221
5576,63,AW19,trapeze dress,0.0,0.006702207
5069,31,AW19,long sleeve,0.0,0.0058316663
5577,53,AW19,trapeze dress,0.0,0.008156568
4279,105,AW19,sleeveless,0.0,0.009649053
5556,19,AW19,long sleeve,0.0,0.0073074847
5576,2,AW19,trapeze dress,0.0,0.0059182346
5475,85,AW19,culottes,0.0,0.0041292943
5465,83,AW19,long coat,0.0,0.0040862896
4812,103,AW19,long sleeve,0.0,0.0050751492
5576,14,AW19,trapeze dress,0.0,0.009251036
5576,48,AW19,trapeze dress,0.0,0.011489172
4645,115,AW19,short sleeves,0.0,0.0053769946
4397,105,AW19,long sleeve,0.0,0.0064499825
5576,79,AW19,trapeze dress,0.0,0.0069719404
5459,60,AW19,culottes,0.0,0.0046565533
5576,19,AW19,trapeze dress,0.0,0.009717524
5469,104,AW19,long duster,0.0,0.005906798
4559,0,AW19,culottes,0.0,0.008266211
5556,93,AW19,long sleeve,0.0,0.006066896
4523,115,AW19,doll dress,0.0,0.0048385933
5451,63,AW19,medium coat,0.0,0.006647587
4623,103,AW19,sleeveless,0.0,0.004378222
4768,10,AW19,short cardigan,0.0,0.004477553
5530,19,AW19,medium coat,0.0,0.005228199
5574,46,AW19,trapeze dress,0.0,0.0073686615
5504,108,AW19,medium coat,0.0,0.0057395324
5469,108,AW19,long duster,0.0,0.010618873
5574,19,AW19,trapeze dress,0.0,0.0058050156
4409,31,AW19,printed shirt,0.0,0.0070590004
5527,13,AW19,long coat,0.0,0.0076879337
5418,105,AW19,short cardigan,0.0,0.006033875
5040,76,AW19,solid color top,0.0,0.007263761
4966,13,AW19,long duster,0.0,0.008185349
5576,28,AW19,trapeze dress,0.0,0.006637141
5461,3,AW19,long coat,0.0,0.008448854
5011,90,AW19,long sleeve,0.0,0.004755877
5011,69,AW19,long sleeve,0.0,0.0045617037
5470,76,AW19,medium coat,0.0,0.00662075
5566,83,AW19,short coat,0.0,0.004185848
5025,20,AW19,long sleeve,0.0,0.0069019645
4991,36,AW19,long cardigan,0.0,0.0042900145
5566,80,AW19,short coat,0.0,0.005522374
5417,104,AW19,long sleeve,0.0,0.006706409
5504,51,AW19,medium coat,0.0,0.004301816
5558,10,AW19,medium coat,0.0,0.0065544993
4988,108,AW19,medium coat,0.0,0.007417895
4280,105,AW19,culottes,0.0,0.004860677
4791,28,AW19,sleeveless,0.0,0.006478198
