external_code,retail,season,category,actual,prediction
5198,100,SS19,culottes,0.0188679245283018,0.0
5180,74,SS19,long dress,0.0,0.1132075471698113
5159,43,SS19,culottes,0.0,0.0
5207,30,SS19,doll dress,0.0,0.0188679245283018
5172,2,SS19,jumpsuit,0.0,0.0188679245283018
5166,22,SS19,long dress,0.0,0.0
5159,3,SS19,culottes,0.0,0.0
5172,12,SS19,jumpsuit,0.0188679245283018,0.0
5148,66,SS19,sleeveless,0.0943396226415094,0.0
5113,14,SS19,culottes,0.0,0.0377358490566037
5198,29,SS19,culottes,0.0188679245283018,0.0
5172,10,SS19,jumpsuit,0.0,0.0188679245283018
5148,84,SS19,sleeveless,0.0377358490566037,0.0
5180,81,SS19,long dress,0.0566037735849056,0.2452830188679245
5207,90,SS19,doll dress,0.0188679245283018,0.0943396226415094
5207,46,SS19,doll dress,0.0,0.0754716981132075
5207,36,SS19,doll dress,0.0,0.0377358490566037
5148,75,SS19,sleeveless,0.0377358490566037,0.0188679245283018
5180,46,SS19,long dress,0.0188679245283018,0.2075471698113207
5166,101,SS19,long dress,0.0,0.0
5166,20,SS19,long dress,0.0,0.0
5207,69,SS19,doll dress,0.0,0.0188679245283018
5166,38,SS19,long dress,0.0,0.0
5147,57,SS19,capris,0.0188679245283018,0.0
5166,61,SS19,long dress,0.0,0.0
5180,67,SS19,long dress,0.0188679245283018,0.1509433962264151
5166,109,SS19,long dress,0.0,0.0188679245283018
4204,20,SS19,culottes,0.0,0.0188679245283018
5127,75,SS19,sleeveless,0.0188679245283018,0.0188679245283018
5166,85,SS19,long dress,0.0,0.0
5159,2,SS19,culottes,0.0,0.0
5145,94,SS19,doll dress,0.0188679245283018,0.0
4204,24,SS19,culottes,0.0,0.0
5127,79,SS19,sleeveless,0.0,0.0188679245283018
5125,42,SS19,culottes,0.0,0.0754716981132075
5148,99,SS19,sleeveless,0.0188679245283018,0.0
5127,86,SS19,sleeveless,0.0,0.0
5166,72,SS19,long dress,0.0,0.0
5136,15,SS19,jumpsuit,0.0,0.0
5148,5,SS19,sleeveless,0.0188679245283018,0.0188679245283018
5166,83,SS19,long dress,0.0,0.0
5122,59,SS19,solid color top,0.0377358490566037,0.0
5180,44,SS19,long dress,0.1132075471698113,0.0754716981132075
4204,43,SS19,culottes,0.0,0.0188679245283018
5207,40,SS19,doll dress,0.0,0.0188679245283018
5166,33,SS19,long dress,0.0,0.0
5124,25,SS19,drop sleeve,0.0188679245283018,0.0188679245283018
5159,65,SS19,culottes,0.0188679245283018,0.0188679245283018
5124,21,SS19,drop sleeve,0.0,0.0
5166,82,SS19,long dress,0.0,0.0
5127,99,SS19,sleeveless,0.0,0.0
5148,3,SS19,sleeveless,0.0188679245283018,0.0377358490566037
5159,4,SS19,culottes,0.0,0.0188679245283018
5124,6,SS19,drop sleeve,0.0,0.0
5143,54,SS19,capris,0.0188679245283018,0.0188679245283018
5124,32,SS19,drop sleeve,0.0,0.0
5207,35,SS19,doll dress,0.0,0.0
5113,6,SS19,culottes,0.0377358490566037,0.0188679245283018
5148,86,SS19,sleeveless,0.0188679245283018,0.0377358490566037
5125,22,SS19,culottes,0.0377358490566037,0.0
5180,8,SS19,long dress,0.0943396226415094,0.0188679245283018
5180,59,SS19,long dress,0.0566037735849056,0.0754716981132075
5180,104,SS19,long dress,0.0,0.1132075471698113
5130,9,SS19,culottes,0.0,0.0
5127,61,SS19,sleeveless,0.0188679245283018,0.0188679245283018
5150,104,SS19,doll dress,0.0188679245283018,0.0
5124,67,SS19,drop sleeve,0.0,0.0377358490566037
5127,20,SS19,sleeveless,0.0,0.0
5180,63,SS19,long dress,0.0943396226415094,0.1886792452830188
5180,100,SS19,long dress,0.0,0.0754716981132075
5180,21,SS19,long dress,0.0377358490566037,0.0188679245283018
5127,93,SS19,sleeveless,0.0,0.0
4236,104,SS19,culottes,0.0188679245283018,0.0
5180,102,SS19,long dress,0.0566037735849056,0.1509433962264151
5124,0,SS19,drop sleeve,0.0377358490566037,0.0
5143,16,SS19,capris,0.0,0.0188679245283018
5127,45,SS19,sleeveless,0.0,0.0
5130,83,SS19,culottes,0.0188679245283018,0.0
5130,53,SS19,culottes,0.0,0.0188679245283018
5124,46,SS19,drop sleeve,0.0,0.0188679245283018
5147,4,SS19,capris,0.0,0.0
5122,57,SS19,solid color top,0.0566037735849056,0.0
5130,18,SS19,culottes,0.0,0.0188679245283018
5166,47,SS19,long dress,0.0,0.0188679245283018
5130,10,SS19,culottes,0.0,0.0377358490566037
5136,75,SS19,jumpsuit,0.0,0.0188679245283018
5127,16,SS19,sleeveless,0.0188679245283018,0.0
5124,99,SS19,drop sleeve,0.0754716981132075,0.0
5125,76,SS19,culottes,0.0188679245283018,0.0377358490566037
5166,51,SS19,long dress,0.0,0.0
4222,109,SS19,printed shirt,0.0,0.0
5124,24,SS19,drop sleeve,0.0188679245283018,0.0188679245283018
5113,5,SS19,culottes,0.0188679245283018,0.0188679245283018
5136,101,SS19,jumpsuit,0.0,0.0
5127,117,SS19,sleeveless,0.0,0.0188679245283018
5180,18,SS19,long dress,0.0,0.0754716981132075
5125,16,SS19,culottes,0.0,0.0
5124,109,SS19,drop sleeve,0.0,0.0
5136,104,SS19,jumpsuit,0.0377358490566037,0.0377358490566037
5143,15,SS19,capris,0.0,0.0
5180,0,SS19,long dress,0.0566037735849056,0.0943396226415094
5207,2,SS19,doll dress,0.0,0.0566037735849056
5180,41,SS19,long dress,0.0377358490566037,0.0566037735849056
5180,64,SS19,long dress,0.1320754716981132,0.1886792452830188
5093,84,SS19,culottes,0.0,0.0188679245283018
5130,4,SS19,culottes,0.0,0.0
4161,80,SS19,long sleeve,0.0943396226415094,0.0
5124,1,SS19,drop sleeve,0.0,0.0
4204,101,SS19,culottes,0.0,0.0
5147,44,SS19,capris,0.0,0.0
4204,61,SS19,culottes,0.0,0.0
5125,5,SS19,culottes,0.0377358490566037,0.0
4179,117,SS19,culottes,0.0188679245283018,0.0188679245283018
5222,81,SS19,culottes,0.0,0.0
4222,5,SS19,printed shirt,0.0,0.0188679245283018
5180,110,SS19,long dress,0.0377358490566037,0.1698113207547169
4222,117,SS19,printed shirt,0.0188679245283018,0.0377358490566037
5180,47,SS19,long dress,0.0566037735849056,0.1509433962264151
5125,19,SS19,culottes,0.0377358490566037,0.0
5147,20,SS19,capris,0.0,0.0
5147,82,SS19,capris,0.0,0.0188679245283018
4220,9,SS19,culottes,0.0188679245283018,0.0
5212,36,SS19,culottes,0.0188679245283018,0.0377358490566037
5147,107,SS19,capris,0.0,0.0188679245283018
5166,81,SS19,long dress,0.0,0.0
5198,40,SS19,culottes,0.0188679245283018,0.0
5180,99,SS19,long dress,0.0377358490566037,0.1320754716981132
5180,73,SS19,long dress,0.0377358490566037,0.0566037735849056
5207,8,SS19,doll dress,0.0188679245283018,0.0377358490566037
4186,68,SS19,sheath dress,0.0,0.0188679245283018
5125,75,SS19,culottes,0.0188679245283018,0.0377358490566037
4204,18,SS19,culottes,0.0,0.0
5147,45,SS19,capris,0.0,0.0188679245283018
5180,24,SS19,long dress,0.1320754716981132,0.1509433962264151
5125,48,SS19,culottes,0.0,0.0
5147,75,SS19,capris,0.0,0.0
5147,16,SS19,capris,0.0,0.0
5125,79,SS19,culottes,0.0566037735849056,0.0377358490566037
5233,16,SS19,long sleeve,0.0,0.0188679245283018
5147,13,SS19,capris,0.0188679245283018,0.0
5143,18,SS19,capris,0.0,0.0
5180,117,SS19,long dress,0.0188679245283018,0.0377358490566037
5212,40,SS19,culottes,0.0188679245283018,0.0188679245283018
5180,50,SS19,long dress,0.0754716981132075,0.1509433962264151
5212,69,SS19,culottes,0.0566037735849056,0.0754716981132075
5147,19,SS19,capris,0.0,0.0
5147,79,SS19,capris,0.0188679245283018,0.0188679245283018
5143,46,SS19,capris,0.0,0.0
5180,33,SS19,long dress,0.0188679245283018,0.1886792452830188
4228,49,SS19,short sleeves,0.0,0.0
4222,16,SS19,printed shirt,0.0,0.0
5180,45,SS19,long dress,0.0943396226415094,0.0754716981132075
4220,26,SS19,culottes,0.0,0.0188679245283018
5212,35,SS19,culottes,0.0188679245283018,0.1698113207547169
5125,46,SS19,culottes,0.0188679245283018,0.0188679245283018
5180,20,SS19,long dress,0.0,0.0377358490566037
5180,101,SS19,long dress,0.0566037735849056,0.0566037735849056
5180,61,SS19,long dress,0.0754716981132075,0.0566037735849056
4204,83,SS19,culottes,0.0,0.0
5113,99,SS19,culottes,0.0,0.0
4222,6,SS19,printed shirt,0.0754716981132075,0.0754716981132075
5148,54,SS19,sleeveless,0.0,0.0
5180,109,SS19,long dress,0.0188679245283018,0.1320754716981132
5180,72,SS19,long dress,0.0566037735849056,0.2075471698113207
5180,86,SS19,long dress,0.1132075471698113,0.1698113207547169
4219,1,SS19,short sleeves,0.0,0.0377358490566037
4183,99,SS19,trapeze dress,0.0188679245283018,0.0
5148,7,SS19,sleeveless,0.0,0.0377358490566037
5125,107,SS19,culottes,0.0,0.0
5147,46,SS19,capris,0.0188679245283018,0.0188679245283018
5143,51,SS19,capris,0.0,0.0
5180,82,SS19,long dress,0.0188679245283018,0.1509433962264151
5166,53,SS19,long dress,0.0188679245283018,0.0
5166,32,SS19,long dress,0.0377358490566037,0.0377358490566037
5229,36,SS19,short sleeves,0.0188679245283018,0.0
5125,66,SS19,culottes,0.0188679245283018,0.0566037735849056
5166,69,SS19,long dress,0.0,0.0
5147,40,SS19,capris,0.0,0.0
4220,2,SS19,culottes,0.0188679245283018,0.0188679245283018
5166,40,SS19,long dress,0.0,0.0
5212,53,SS19,culottes,0.0,0.0188679245283018
5226,49,SS19,culottes,0.0,0.0
5211,40,SS19,culottes,0.0188679245283018,0.0188679245283018
5166,67,SS19,long dress,0.0,0.0
5147,0,SS19,capris,0.0188679245283018,0.0
5207,59,SS19,doll dress,0.0188679245283018,0.0566037735849056
5180,27,SS19,long dress,0.0377358490566037,0.0377358490566037
5211,53,SS19,culottes,0.0,0.0
5125,57,SS19,culottes,0.0,0.0188679245283018
5224,1,SS19,long sleeve,0.0,0.0
5209,12,SS19,patterned top,0.0,0.0188679245283018
5209,14,SS19,patterned top,0.0188679245283018,0.0188679245283018
5209,7,SS19,patterned top,0.0188679245283018,0.0
5143,79,SS19,capris,0.0,0.0
5209,75,SS19,patterned top,0.0,0.0188679245283018
5231,12,SS19,short sleeves,0.0377358490566037,0.0
5231,65,SS19,short sleeves,0.0188679245283018,0.0
5170,32,SS19,jumpsuit,0.0188679245283018,0.0
5284,86,SS19,long dress,0.0,0.0
5224,47,SS19,long sleeve,0.0,0.0
5170,39,SS19,jumpsuit,0.0,0.0
5125,21,SS19,culottes,0.0377358490566037,0.0
5147,80,SS19,capris,0.0,0.0
5209,19,SS19,patterned top,0.0,0.0377358490566037
5284,94,SS19,long dress,0.0,0.0188679245283018
5155,24,SS19,culottes,0.0,0.0188679245283018
5224,20,SS19,long sleeve,0.0,0.0
5209,65,SS19,patterned top,0.0188679245283018,0.0
5275,67,SS19,gitana skirt,0.0377358490566037,0.0
5209,31,SS19,patterned top,0.0,0.0
5125,63,SS19,culottes,0.0377358490566037,0.0
5147,6,SS19,capris,0.0,0.0188679245283018
5143,73,SS19,capris,0.0,0.0
5266,36,SS19,sleeveless,0.0377358490566037,0.0
5209,2,SS19,patterned top,0.0,0.0
5213,12,SS19,long dress,0.0,0.0188679245283018
5152,29,SS19,capris,0.0,0.0
5200,66,SS19,drop sleeve,0.0,0.0
5200,65,SS19,drop sleeve,0.0188679245283018,0.0188679245283018
5200,31,SS19,drop sleeve,0.0188679245283018,0.0
5250,35,SS19,long dress,0.0,0.0
5169,22,SS19,jumpsuit,0.0,0.0
5213,35,SS19,long dress,0.0,0.0
5200,12,SS19,drop sleeve,0.0566037735849056,0.0566037735849056
5200,2,SS19,drop sleeve,0.0,0.0566037735849056
5125,53,SS19,culottes,0.0188679245283018,0.0
5169,9,SS19,jumpsuit,0.0,0.0188679245283018
5200,19,SS19,drop sleeve,0.0943396226415094,0.0
5147,25,SS19,capris,0.0,0.0
4203,104,SS19,printed shirt,0.0188679245283018,0.0188679245283018
5213,72,SS19,long dress,0.0,0.0
5224,41,SS19,long sleeve,0.0,0.0188679245283018
5224,57,SS19,long sleeve,0.0,0.0188679245283018
5224,69,SS19,long sleeve,0.0,0.0188679245283018
5224,35,SS19,long sleeve,0.0,0.0
5175,20,SS19,jumpsuit,0.0,0.0
5268,30,SS19,printed shirt,0.0566037735849056,0.0
5279,100,SS19,doll dress,0.0,0.0
5224,18,SS19,long sleeve,0.0,0.0
5200,54,SS19,drop sleeve,0.0,0.0
5125,52,SS19,culottes,0.0,0.0377358490566037
5279,36,SS19,doll dress,0.0188679245283018,0.0377358490566037
5279,35,SS19,doll dress,0.0,0.0
5250,8,SS19,long dress,0.0188679245283018,0.0188679245283018
5200,28,SS19,drop sleeve,0.0,0.0377358490566037
5200,99,SS19,drop sleeve,0.0,0.0
5200,5,SS19,drop sleeve,0.0,0.0
5200,3,SS19,drop sleeve,0.0188679245283018,0.0377358490566037
5200,110,SS19,drop sleeve,0.0,0.0
5200,9,SS19,drop sleeve,0.0188679245283018,0.0
5148,53,SS19,sleeveless,0.0,0.0377358490566037
5162,0,SS19,long sleeve,0.0,0.0
5224,4,SS19,long sleeve,0.0,0.0
5147,74,SS19,capris,0.0,0.0188679245283018
5200,43,SS19,drop sleeve,0.0,0.0
5147,51,SS19,capris,0.0,0.0188679245283018
5213,18,SS19,long dress,0.0,0.0
5147,47,SS19,capris,0.0,0.0
5174,109,SS19,miniskirt,0.0188679245283018,0.0
5279,67,SS19,doll dress,0.0,0.0
5213,19,SS19,long dress,0.0,0.0
5200,48,SS19,drop sleeve,0.0,0.0
5200,75,SS19,drop sleeve,0.0,0.0
5279,69,SS19,doll dress,0.0188679245283018,0.0
5224,85,SS19,long sleeve,0.0,0.0188679245283018
5213,66,SS19,long dress,0.0,0.0
5209,79,SS19,patterned top,0.0,0.0188679245283018
5203,51,SS19,sleeveless,0.0,0.0
5209,6,SS19,patterned top,0.0,0.0188679245283018
5143,77,SS19,capris,0.0377358490566037,0.0377358490566037
5209,21,SS19,patterned top,0.0,0.0
5149,21,SS19,capris,0.0377358490566037,0.0188679245283018
5106,40,SS19,short sleeves,0.0188679245283018,0.0
5209,57,SS19,patterned top,0.0,0.0
5106,18,SS19,short sleeves,0.0,0.0
5284,41,SS19,long dress,0.0377358490566037,0.0
5209,104,SS19,patterned top,0.0943396226415094,0.0
5209,64,SS19,patterned top,0.0,0.0377358490566037
5148,104,SS19,sleeveless,0.0188679245283018,0.0188679245283018
5143,68,SS19,capris,0.0,0.0
5209,41,SS19,patterned top,0.0,0.0
5149,41,SS19,capris,0.0,0.0
5208,30,SS19,patterned top,0.0,0.0188679245283018
5209,29,SS19,patterned top,0.0188679245283018,0.0188679245283018
5209,4,SS19,patterned top,0.0188679245283018,0.0
5209,90,SS19,patterned top,0.0,0.0
5275,100,SS19,gitana skirt,0.0,0.0
5209,93,SS19,patterned top,0.0188679245283018,0.0188679245283018
5276,36,SS19,sleeveless,0.0,0.0
5209,24,SS19,patterned top,0.0188679245283018,0.0
5146,7,SS19,culottes,0.0,0.0
5107,15,SS19,long dress,0.0188679245283018,0.0188679245283018
5209,51,SS19,patterned top,0.0,0.0
5209,77,SS19,patterned top,0.0,0.0
5209,68,SS19,patterned top,0.0,0.0
5209,47,SS19,patterned top,0.0754716981132075,0.0
5209,82,SS19,patterned top,0.0,0.0188679245283018
5209,85,SS19,patterned top,0.0377358490566037,0.0
5209,67,SS19,patterned top,0.0188679245283018,0.0
5209,74,SS19,patterned top,0.0188679245283018,0.0
5209,35,SS19,patterned top,0.0,0.0
5209,36,SS19,patterned top,0.0188679245283018,0.0
5143,83,SS19,capris,0.0,0.0
5284,36,SS19,long dress,0.0,0.0
5143,85,SS19,capris,0.0,0.0
5232,46,SS19,sleeveless,0.0,0.0
5203,26,SS19,sleeveless,0.0,0.0
5126,101,SS19,culottes,0.0377358490566037,0.0188679245283018
5217,54,SS19,sleeveless,0.0,0.0
5203,69,SS19,sleeveless,0.0,0.0
5217,2,SS19,sleeveless,0.0,0.0
5217,12,SS19,sleeveless,0.0,0.0
5201,53,SS19,long dress,0.0566037735849056,0.0377358490566037
5203,74,SS19,sleeveless,0.0,0.0
5201,29,SS19,long dress,0.0,0.0188679245283018
5217,80,SS19,sleeveless,0.0,0.0377358490566037
5217,9,SS19,sleeveless,0.0377358490566037,0.0
5143,41,SS19,capris,0.0,0.0
5203,31,SS19,sleeveless,0.0,0.0
5203,85,SS19,sleeveless,0.0188679245283018,0.0
5217,43,SS19,sleeveless,0.0,0.0
5203,63,SS19,sleeveless,0.0,0.0
5208,65,SS19,patterned top,0.0,0.0377358490566037
5208,31,SS19,patterned top,0.0,0.0188679245283018
5232,36,SS19,sleeveless,0.0,0.0
5268,86,SS19,printed shirt,0.0566037735849056,0.0754716981132075
5258,7,SS19,culottes,0.0188679245283018,0.0
5232,69,SS19,sleeveless,0.0,0.0
5232,83,SS19,sleeveless,0.0,0.0
5143,35,SS19,capris,0.0,0.0
5232,47,SS19,sleeveless,0.0,0.0
5232,45,SS19,sleeveless,0.0377358490566037,0.0188679245283018
5232,13,SS19,sleeveless,0.0,0.0
5143,26,SS19,capris,0.0,0.0
5232,80,SS19,sleeveless,0.0,0.0
5175,110,SS19,jumpsuit,0.0,0.0
5143,95,SS19,capris,0.0188679245283018,0.0
5232,43,SS19,sleeveless,0.0,0.0
4226,48,SS19,short sleeves,0.0,0.0
5175,14,SS19,jumpsuit,0.0,0.0
5284,77,SS19,long dress,0.0,0.0377358490566037
5192,12,SS19,sleeveless,0.0,0.0
5148,21,SS19,sleeveless,0.0188679245283018,0.0566037735849056
5200,101,SS19,drop sleeve,0.0,0.0188679245283018
4009,117,SS19,culottes,0.0188679245283018,0.0
5200,61,SS19,drop sleeve,0.0,0.0377358490566037
5200,109,SS19,drop sleeve,0.0188679245283018,0.0377358490566037
5200,82,SS19,drop sleeve,0.0,0.0377358490566037
5200,72,SS19,drop sleeve,0.0,0.0188679245283018
5200,42,SS19,drop sleeve,0.0188679245283018,0.0188679245283018
5200,85,SS19,drop sleeve,0.0,0.0377358490566037
5203,14,SS19,sleeveless,0.0,0.0
5148,4,SS19,sleeveless,0.0,0.0188679245283018
5152,68,SS19,capris,0.0,0.0
5279,94,SS19,doll dress,0.0377358490566037,0.0754716981132075
5152,99,SS19,capris,0.0,0.0
5200,26,SS19,drop sleeve,0.0188679245283018,0.0
5234,51,SS19,short sleeves,0.0,0.0377358490566037
5279,80,SS19,doll dress,0.0566037735849056,0.0188679245283018
5200,20,SS19,drop sleeve,0.0377358490566037,0.0
5200,38,SS19,drop sleeve,0.0188679245283018,0.0377358490566037
5209,3,SS19,patterned top,0.0,0.0
5209,16,SS19,patterned top,0.0377358490566037,0.0188679245283018
5209,13,SS19,patterned top,0.0188679245283018,0.0
5209,50,SS19,patterned top,0.0377358490566037,0.0188679245283018
5200,50,SS19,drop sleeve,0.0,0.0
5279,77,SS19,doll dress,0.0188679245283018,0.0
5200,22,SS19,drop sleeve,0.0566037735849056,0.0188679245283018
5200,76,SS19,drop sleeve,0.0,0.0188679245283018
5200,51,SS19,drop sleeve,0.0,0.0188679245283018
5275,69,SS19,gitana skirt,0.0188679245283018,0.0566037735849056
5279,56,SS19,doll dress,0.0,0.0
5173,30,SS19,kimono dress,0.0,0.0
5268,39,SS19,printed shirt,0.0188679245283018,0.1320754716981132
5268,43,SS19,printed shirt,0.0377358490566037,0.0943396226415094
5200,47,SS19,drop sleeve,0.0566037735849056,0.0
5200,46,SS19,drop sleeve,0.0566037735849056,0.0566037735849056
5145,22,SS19,doll dress,0.0188679245283018,0.0
5200,18,SS19,drop sleeve,0.0,0.0188679245283018
5200,4,SS19,drop sleeve,0.0188679245283018,0.0188679245283018
5284,35,SS19,long dress,0.0,0.0
4226,54,SS19,short sleeves,0.0,0.0188679245283018
5276,30,SS19,sleeveless,0.0,0.0377358490566037
5126,24,SS19,culottes,0.0754716981132075,0.0377358490566037
5276,94,SS19,sleeveless,0.0,0.0
5192,18,SS19,sleeveless,0.0,0.0
5284,40,SS19,long dress,0.0566037735849056,0.0
5276,80,SS19,sleeveless,0.0,0.0188679245283018
5176,104,SS19,jumpsuit,0.0188679245283018,0.0
5192,69,SS19,sleeveless,0.0,0.0
5192,20,SS19,sleeveless,0.0,0.0
5192,45,SS19,sleeveless,0.0,0.0566037735849056
5192,56,SS19,sleeveless,0.0,0.0188679245283018
5106,20,SS19,short sleeves,0.0,0.0
5192,35,SS19,sleeveless,0.0,0.0
5146,5,SS19,culottes,0.0,0.0
5094,50,SS19,long sleeve,0.0188679245283018,0.0
5146,117,SS19,culottes,0.0188679245283018,0.0
5125,54,SS19,culottes,0.0188679245283018,0.0188679245283018
5200,59,SS19,drop sleeve,0.0,0.0566037735849056
5252,52,SS19,culottes,0.0,0.0
5200,63,SS19,drop sleeve,0.0,0.0566037735849056
5200,100,SS19,drop sleeve,0.0188679245283018,0.0188679245283018
5258,100,SS19,culottes,0.0,0.0377358490566037
5200,102,SS19,drop sleeve,0.0377358490566037,0.0188679245283018
5200,104,SS19,drop sleeve,0.0188679245283018,0.0377358490566037
5200,64,SS19,drop sleeve,0.0188679245283018,0.0
5258,36,SS19,culottes,0.0,0.0188679245283018
5200,41,SS19,drop sleeve,0.0188679245283018,0.0188679245283018
5176,0,SS19,jumpsuit,0.0188679245283018,0.0
5258,69,SS19,culottes,0.0,0.0
5258,67,SS19,culottes,0.0188679245283018,0.0
5252,53,SS19,culottes,0.0188679245283018,0.0188679245283018
5258,29,SS19,culottes,0.0,0.0188679245283018
5231,19,SS19,short sleeves,0.0188679245283018,0.0
5230,6,SS19,short sleeves,0.0,0.0
5224,77,SS19,long sleeve,0.0,0.0
5198,61,SS19,culottes,0.0188679245283018,0.0
5215,45,SS19,jumpsuit,0.0,0.0
5274,30,SS19,sleeveless,0.0,0.0
5274,43,SS19,sleeveless,0.0,0.0
5274,80,SS19,sleeveless,0.0,0.0
5227,117,SS19,sleeveless,0.0,0.0
5227,107,SS19,sleeveless,0.0,0.0
5274,56,SS19,sleeveless,0.0,0.0
4220,83,SS19,culottes,0.0,0.0
5274,52,SS19,sleeveless,0.0,0.0
5227,81,SS19,sleeveless,0.0,0.0
5198,20,SS19,culottes,0.0,0.0
5198,47,SS19,culottes,0.0,0.0188679245283018
4220,31,SS19,culottes,0.0,0.0
5227,36,SS19,sleeveless,0.0188679245283018,0.0
5198,1,SS19,culottes,0.0,0.0
5114,62,SS19,long dress,0.0377358490566037,0.0377358490566037
5215,77,SS19,jumpsuit,0.0377358490566037,0.0
4227,49,SS19,short sleeves,0.0,0.0
5198,51,SS19,culottes,0.0188679245283018,0.0
5215,82,SS19,jumpsuit,0.0188679245283018,0.0
5227,3,SS19,sleeveless,0.0188679245283018,0.0188679245283018
5114,49,SS19,long dress,0.0566037735849056,0.0188679245283018
5265,80,SS19,sleeveless,0.0,0.0
5271,13,SS19,long sleeve,0.0188679245283018,0.0377358490566037
5215,62,SS19,jumpsuit,0.0188679245283018,0.0
5122,45,SS19,solid color top,0.0,0.0566037735849056
5255,69,SS19,gitana skirt,0.0377358490566037,0.0
5198,8,SS19,culottes,0.0,0.0
5255,100,SS19,gitana skirt,0.0,0.0
5198,90,SS19,culottes,0.0188679245283018,0.0188679245283018
5198,69,SS19,culottes,0.0,0.0
5122,117,SS19,solid color top,0.0377358490566037,0.0
5271,41,SS19,long sleeve,0.0,0.0377358490566037
5198,32,SS19,culottes,0.0,0.0
5122,13,SS19,solid color top,0.0,0.0566037735849056
5215,79,SS19,jumpsuit,0.0188679245283018,0.0188679245283018
4230,59,SS19,culottes,0.0,0.0
5198,83,SS19,culottes,0.0,0.0
4184,54,SS19,short sleeves,0.0,0.0
5227,12,SS19,sleeveless,0.0377358490566037,0.0
5240,94,SS19,long sleeve,0.0,0.0188679245283018
5271,77,SS19,long sleeve,0.0,0.0377358490566037
5265,43,SS19,sleeveless,0.0,0.0
5227,84,SS19,sleeveless,0.0,0.0188679245283018
5227,14,SS19,sleeveless,0.0188679245283018,0.0188679245283018
5227,80,SS19,sleeveless,0.0,0.0
5132,77,SS19,maxi,0.0188679245283018,0.0188679245283018
5198,93,SS19,culottes,0.0188679245283018,0.0188679245283018
5215,69,SS19,jumpsuit,0.0,0.0
5191,4,SS19,solid color top,0.0188679245283018,0.0377358490566037
5156,110,SS19,solid color top,0.0,0.0
5198,84,SS19,culottes,0.0,0.0377358490566037
5156,25,SS19,solid color top,0.0188679245283018,0.0
5149,39,SS19,capris,0.0,0.0188679245283018
5198,66,SS19,culottes,0.0,0.0377358490566037
5191,85,SS19,solid color top,0.0,0.0
5151,4,SS19,solid color top,0.0,0.0188679245283018
5085,57,SS19,doll dress,0.0,0.0
5221,65,SS19,sleeveless,0.0,0.0
5191,48,SS19,solid color top,0.0,0.0
5191,60,SS19,solid color top,0.0377358490566037,0.0188679245283018
5198,94,SS19,culottes,0.0,0.0
5168,12,SS19,short sleeves,0.0377358490566037,0.0566037735849056
5198,31,SS19,culottes,0.0377358490566037,0.0
5167,31,SS19,long sleeve,0.0,0.0188679245283018
5207,63,SS19,doll dress,0.0,0.0
5256,81,SS19,long sleeve,0.0,0.0188679245283018
5256,80,SS19,long sleeve,0.0,0.0
5256,86,SS19,long sleeve,0.0377358490566037,0.0
5256,94,SS19,long sleeve,0.0,0.0
4173,94,SS19,short sleeves,0.0,0.0
5191,63,SS19,solid color top,0.0188679245283018,0.0
5191,64,SS19,solid color top,0.0,0.0
5191,41,SS19,solid color top,0.0,0.0
5198,16,SS19,culottes,0.0,0.0
5132,46,SS19,maxi,0.0,0.0188679245283018
5227,8,SS19,sleeveless,0.0,0.0
5271,80,SS19,long sleeve,0.0,0.0
5228,49,SS19,sleeveless,0.0,0.0188679245283018
5271,30,SS19,long sleeve,0.0188679245283018,0.0
5228,8,SS19,sleeveless,0.0,0.0188679245283018
5198,99,SS19,culottes,0.0377358490566037,0.0188679245283018
5207,53,SS19,doll dress,0.0,0.0188679245283018
5198,5,SS19,culottes,0.0,0.0
5223,54,SS19,gitana skirt,0.0188679245283018,0.0188679245283018
5179,93,SS19,doll dress,0.0,0.0377358490566037
5198,6,SS19,culottes,0.0,0.0
5179,76,SS19,doll dress,0.0,0.0377358490566037
5198,9,SS19,culottes,0.0,0.0
5179,47,SS19,doll dress,0.0188679245283018,0.0188679245283018
5179,85,SS19,doll dress,0.0,0.0188679245283018
5179,74,SS19,doll dress,0.0,0.0
5281,43,SS19,sleeveless,0.0,0.0
5239,13,SS19,sleeveless,0.0,0.0
5239,69,SS19,sleeveless,0.0,0.0
5190,22,SS19,solid color top,0.0,0.0
5198,3,SS19,culottes,0.0,0.0
5256,49,SS19,long sleeve,0.0,0.0
5223,12,SS19,gitana skirt,0.0,0.1132075471698113
5223,65,SS19,gitana skirt,0.0,0.0
5226,3,SS19,culottes,0.0,0.0
5226,5,SS19,culottes,0.0,0.0
5226,56,SS19,culottes,0.0,0.0
5226,13,SS19,culottes,0.0,0.0
5226,33,SS19,culottes,0.0377358490566037,0.0188679245283018
5127,43,SS19,sleeveless,0.0,0.0
5122,8,SS19,solid color top,0.0188679245283018,0.0566037735849056
5226,45,SS19,culottes,0.0188679245283018,0.0
5127,28,SS19,sleeveless,0.0,0.0
4200,94,SS19,jumpsuit,0.0,0.0754716981132075
5117,48,SS19,sleeveless,0.0,0.0
5226,1,SS19,culottes,0.0,0.0
5122,95,SS19,solid color top,0.0,0.0188679245283018
5226,83,SS19,culottes,0.0,0.0
5226,32,SS19,culottes,0.0188679245283018,0.0
5124,59,SS19,drop sleeve,0.0,0.0377358490566037
5226,74,SS19,culottes,0.0,0.0
5226,40,SS19,culottes,0.0,0.0
5226,69,SS19,culottes,0.0188679245283018,0.0188679245283018
5226,46,SS19,culottes,0.0188679245283018,0.0188679245283018
5270,14,SS19,long dress,0.0943396226415094,0.0188679245283018
5226,2,SS19,culottes,0.0,0.0
5270,86,SS19,long dress,0.0,0.0754716981132075
5229,57,SS19,short sleeves,0.0188679245283018,0.0
5229,46,SS19,short sleeves,0.0,0.0
5230,66,SS19,short sleeves,0.0188679245283018,0.0
5230,4,SS19,short sleeves,0.0,0.0
5226,10,SS19,culottes,0.0,0.0
5230,12,SS19,short sleeves,0.0,0.0
5197,100,SS19,short sleeves,0.0,0.0
5226,15,SS19,culottes,0.0566037735849056,0.0188679245283018
5197,85,SS19,short sleeves,0.0188679245283018,0.0
5197,82,SS19,short sleeves,0.0,0.0
5229,12,SS19,short sleeves,0.0,0.0188679245283018
5197,43,SS19,short sleeves,0.0,0.0188679245283018
5197,19,SS19,short sleeves,0.0,0.0
5197,7,SS19,short sleeves,0.0,0.0377358490566037
5226,65,SS19,culottes,0.0,0.0188679245283018
5226,66,SS19,culottes,0.0754716981132075,0.0
5226,75,SS19,culottes,0.0188679245283018,0.0
5226,14,SS19,culottes,0.0188679245283018,0.0377358490566037
5229,3,SS19,short sleeves,0.0,0.0
5226,43,SS19,culottes,0.0377358490566037,0.0
5226,9,SS19,culottes,0.0,0.0
5226,110,SS19,culottes,0.0188679245283018,0.0188679245283018
5229,85,SS19,short sleeves,0.0,0.0
5117,74,SS19,sleeveless,0.0,0.0
5270,39,SS19,long dress,0.0,0.0377358490566037
5270,80,SS19,long dress,0.0188679245283018,0.0188679245283018
5153,57,SS19,sleeveless,0.0,0.0
5270,40,SS19,long dress,0.0188679245283018,0.0188679245283018
5198,25,SS19,culottes,0.0188679245283018,0.0188679245283018
5270,81,SS19,long dress,0.0,0.0377358490566037
5205,12,SS19,short sleeves,0.0566037735849056,0.0377358490566037
5205,66,SS19,short sleeves,0.0188679245283018,0.0
5205,48,SS19,short sleeves,0.0,0.0377358490566037
5205,43,SS19,short sleeves,0.0,0.0
5205,99,SS19,short sleeves,0.0,0.0
5205,50,SS19,short sleeves,0.0,0.0
5205,24,SS19,short sleeves,0.0188679245283018,0.0188679245283018
5205,101,SS19,short sleeves,0.0188679245283018,0.0377358490566037
5205,74,SS19,short sleeves,0.0,0.0
5205,90,SS19,short sleeves,0.0,0.0
5255,10,SS19,gitana skirt,0.0377358490566037,0.0
5205,8,SS19,short sleeves,0.0,0.0
5122,77,SS19,solid color top,0.0377358490566037,0.0
5223,16,SS19,gitana skirt,0.0,0.0
5223,28,SS19,gitana skirt,0.0,0.0
5223,5,SS19,gitana skirt,0.0566037735849056,0.0
5223,3,SS19,gitana skirt,0.0188679245283018,0.0
5223,14,SS19,gitana skirt,0.0,0.0188679245283018
5144,13,SS19,maxi,0.0,0.0
5144,3,SS19,maxi,0.0188679245283018,0.0
5198,41,SS19,culottes,0.0,0.0
5207,95,SS19,doll dress,0.0,0.0
5124,8,SS19,drop sleeve,0.0188679245283018,0.0188679245283018
5153,102,SS19,sleeveless,0.0,0.0
5226,63,SS19,culottes,0.0,0.0188679245283018
5226,25,SS19,culottes,0.0188679245283018,0.0
5127,51,SS19,sleeveless,0.0,0.0
5226,104,SS19,culottes,0.0188679245283018,0.0
5226,29,SS19,culottes,0.0,0.0566037735849056
5124,26,SS19,drop sleeve,0.0566037735849056,0.0377358490566037
5153,47,SS19,sleeveless,0.0,0.0
5124,35,SS19,drop sleeve,0.0,0.0
5223,31,SS19,gitana skirt,0.0,0.0188679245283018
5153,51,SS19,sleeveless,0.0,0.0
5153,117,SS19,sleeveless,0.0,0.0
4145,27,SS19,culottes,0.0,0.0188679245283018
5153,5,SS19,sleeveless,0.0,0.0
5124,61,SS19,drop sleeve,0.0,0.0
5136,109,SS19,jumpsuit,0.0188679245283018,0.0188679245283018
5134,32,SS19,drop sleeve,0.0,0.0188679245283018
4152,80,SS19,drop sleeve,0.0,0.0566037735849056
5207,81,SS19,doll dress,0.0377358490566037,0.0
5122,61,SS19,solid color top,0.0188679245283018,0.0188679245283018
5207,18,SS19,doll dress,0.0188679245283018,0.0
5124,83,SS19,drop sleeve,0.0,0.0
5231,80,SS19,short sleeves,0.0,0.0188679245283018
5248,41,SS19,long sleeve,0.0,0.0377358490566037
5167,54,SS19,long sleeve,0.0188679245283018,0.0
5246,79,SS19,long sleeve,0.0188679245283018,0.0188679245283018
5219,33,SS19,culottes,0.0377358490566037,0.0
5175,41,SS19,jumpsuit,0.0,0.0
5246,56,SS19,long sleeve,0.0,0.0377358490566037
5246,69,SS19,long sleeve,0.0,0.0188679245283018
5246,36,SS19,long sleeve,0.1509433962264151,0.1320754716981132
5219,36,SS19,culottes,0.0,0.0
5246,8,SS19,long sleeve,0.0754716981132075,0.0188679245283018
5243,100,SS19,shorts,0.0,0.0
5175,57,SS19,jumpsuit,0.0188679245283018,0.0188679245283018
5246,100,SS19,long sleeve,0.0,0.0188679245283018
5199,2,SS19,long sleeve,0.0,0.0
5199,12,SS19,long sleeve,0.0,0.0
5175,59,SS19,jumpsuit,0.0,0.0
5199,7,SS19,long sleeve,0.0,0.0377358490566037
5199,65,SS19,long sleeve,0.0377358490566037,0.0377358490566037
5199,66,SS19,long sleeve,0.0,0.0188679245283018
5199,48,SS19,long sleeve,0.0188679245283018,0.0
5252,10,SS19,culottes,0.0188679245283018,0.0188679245283018
5199,43,SS19,long sleeve,0.0,0.0377358490566037
5199,9,SS19,long sleeve,0.0,0.0188679245283018
5246,94,SS19,long sleeve,0.0377358490566037,0.0754716981132075
5082,93,SS19,culottes,0.0188679245283018,0.0
5246,7,SS19,long sleeve,0.0,0.0
5246,62,SS19,long sleeve,0.0,0.0
5112,65,SS19,doll dress,0.0188679245283018,0.0
5112,60,SS19,doll dress,0.0,0.0
5269,29,SS19,culottes,0.0,0.0
5269,41,SS19,culottes,0.0,0.0
5220,25,SS19,culottes,0.0,0.0
5220,57,SS19,culottes,0.0377358490566037,0.0377358490566037
5220,29,SS19,culottes,0.0377358490566037,0.0754716981132075
5220,41,SS19,culottes,0.0,0.0188679245283018
5219,12,SS19,culottes,0.0,0.0377358490566037
5194,2,SS19,long sleeve,0.0188679245283018,0.0
5194,12,SS19,long sleeve,0.0,0.0
5219,19,SS19,culottes,0.0,0.0188679245283018
5194,15,SS19,long sleeve,0.0,0.0
5194,94,SS19,long sleeve,0.0,0.0
5194,99,SS19,long sleeve,0.0,0.0
5194,56,SS19,long sleeve,0.0,0.0188679245283018
5194,117,SS19,long sleeve,0.0377358490566037,0.0188679245283018
5194,22,SS19,long sleeve,0.0,0.0
5194,101,SS19,long sleeve,0.0,0.0
5194,72,SS19,long sleeve,0.0188679245283018,0.0
5194,53,SS19,long sleeve,0.0,0.0
5246,10,SS19,long sleeve,0.0943396226415094,0.0754716981132075
5199,3,SS19,long sleeve,0.0,0.0
5155,22,SS19,culottes,0.0,0.0
5199,99,SS19,long sleeve,0.0,0.0
5199,63,SS19,long sleeve,0.0,0.0377358490566037
5199,21,SS19,long sleeve,0.0566037735849056,0.0377358490566037
5199,102,SS19,long sleeve,0.0188679245283018,0.0188679245283018
5199,25,SS19,long sleeve,0.0,0.0377358490566037
5199,57,SS19,long sleeve,0.0,0.0
5199,41,SS19,long sleeve,0.0,0.0
5224,30,SS19,long sleeve,0.0188679245283018,0.0377358490566037
5224,2,SS19,long sleeve,0.0,0.0
5224,10,SS19,long sleeve,0.0,0.0
5224,31,SS19,long sleeve,0.0,0.0
5224,66,SS19,long sleeve,0.0188679245283018,0.0188679245283018
5224,84,SS19,long sleeve,0.0,0.0377358490566037
5224,86,SS19,long sleeve,0.0377358490566037,0.0
5224,5,SS19,long sleeve,0.0,0.0188679245283018
5224,16,SS19,long sleeve,0.0188679245283018,0.0377358490566037
5224,117,SS19,long sleeve,0.0188679245283018,0.0
5231,13,SS19,short sleeves,0.0,0.0
5224,50,SS19,long sleeve,0.0,0.0
5224,33,SS19,long sleeve,0.0,0.0
5224,22,SS19,long sleeve,0.0,0.0188679245283018
5224,51,SS19,long sleeve,0.0,0.0188679245283018
3973,94,SS19,culottes,0.0188679245283018,0.0
5199,59,SS19,long sleeve,0.0188679245283018,0.0188679245283018
5199,8,SS19,long sleeve,0.0377358490566037,0.0566037735849056
5199,4,SS19,long sleeve,0.0,0.0
5231,100,SS19,short sleeves,0.0,0.0
5175,72,SS19,jumpsuit,0.0,0.0
5199,16,SS19,long sleeve,0.0,0.0
5199,13,SS19,long sleeve,0.0377358490566037,0.0566037735849056
5199,117,SS19,long sleeve,0.0188679245283018,0.0
5199,93,SS19,long sleeve,0.0188679245283018,0.0
5199,22,SS19,long sleeve,0.0,0.0
5199,45,SS19,long sleeve,0.0,0.0
5199,51,SS19,long sleeve,0.0,0.0566037735849056
5199,77,SS19,long sleeve,0.0,0.0
4228,102,SS19,short sleeves,0.0188679245283018,0.0
5231,18,SS19,short sleeves,0.0188679245283018,0.0377358490566037
5199,1,SS19,long sleeve,0.0,0.0
5199,47,SS19,long sleeve,0.0188679245283018,0.0188679245283018
5199,20,SS19,long sleeve,0.0,0.0
5199,42,SS19,long sleeve,0.0377358490566037,0.0
5199,85,SS19,long sleeve,0.0,0.0188679245283018
5231,46,SS19,short sleeves,0.0,0.0
5199,74,SS19,long sleeve,0.0188679245283018,0.0566037735849056
5199,35,SS19,long sleeve,0.0188679245283018,0.0188679245283018
5231,26,SS19,short sleeves,0.0,0.0
5199,46,SS19,long sleeve,0.0188679245283018,0.0943396226415094
5199,68,SS19,long sleeve,0.0188679245283018,0.0188679245283018
5167,12,SS19,long sleeve,0.0,0.0188679245283018
5230,80,SS19,short sleeves,0.0,0.0
5245,100,SS19,culottes,0.0,0.0188679245283018
5241,69,SS19,long sleeve,0.0566037735849056,0.0
5119,77,SS19,solid color top,0.0,0.0188679245283018
5207,57,SS19,doll dress,0.0,0.0
5207,101,SS19,doll dress,0.0188679245283018,0.0
5138,12,SS19,culottes,0.0566037735849056,0.0
5138,80,SS19,culottes,0.0188679245283018,0.0377358490566037
5207,47,SS19,doll dress,0.0,0.0188679245283018
5207,1,SS19,doll dress,0.0,0.0
5221,67,SS19,sleeveless,0.0,0.0
5221,69,SS19,sleeveless,0.0,0.0
5131,74,SS19,doll dress,0.0377358490566037,0.0188679245283018
5221,26,SS19,sleeveless,0.0,0.0
5221,46,SS19,sleeveless,0.0,0.0
5245,30,SS19,culottes,0.0943396226415094,0.0188679245283018
5146,68,SS19,culottes,0.0,0.0
5272,80,SS19,shorts,0.0,0.0377358490566037
5220,2,SS19,culottes,0.0,0.0
5220,10,SS19,culottes,0.0188679245283018,0.0
5114,63,SS19,long dress,0.0188679245283018,0.0188679245283018
5220,15,SS19,culottes,0.0188679245283018,0.0
5292,43,SS19,drop sleeve,0.0,0.0566037735849056
5289,13,SS19,short sleeves,0.0,0.0
5220,31,SS19,culottes,0.0,0.0188679245283018
5119,74,SS19,solid color top,0.0,0.0754716981132075
5207,44,SS19,doll dress,0.0,0.0377358490566037
5181,21,SS19,long sleeve,0.0188679245283018,0.0188679245283018
5181,46,SS19,long sleeve,0.0,0.0188679245283018
5198,2,SS19,culottes,0.0,0.0
5181,36,SS19,long sleeve,0.0,0.0377358490566037
5207,100,SS19,doll dress,0.0,0.0
5248,36,SS19,long sleeve,0.0188679245283018,0.0377358490566037
5146,23,SS19,culottes,0.0,0.0
5181,3,SS19,long sleeve,0.0,0.0
5181,12,SS19,long sleeve,0.0377358490566037,0.0377358490566037
5248,35,SS19,long sleeve,0.0188679245283018,0.0188679245283018
5248,69,SS19,long sleeve,0.0,0.0
5248,67,SS19,long sleeve,0.0188679245283018,0.0188679245283018
5248,13,SS19,long sleeve,0.0188679245283018,0.0188679245283018
5248,80,SS19,long sleeve,0.0,0.0
5248,49,SS19,long sleeve,0.0188679245283018,0.0188679245283018
5221,16,SS19,sleeveless,0.0,0.0
5221,13,SS19,sleeveless,0.0188679245283018,0.0
5221,50,SS19,sleeveless,0.0188679245283018,0.0188679245283018
5221,93,SS19,sleeveless,0.0,0.0
5146,21,SS19,culottes,0.0188679245283018,0.0
5207,107,SS19,doll dress,0.0943396226415094,0.0188679245283018
5272,30,SS19,shorts,0.0,0.0
5220,94,SS19,culottes,0.0188679245283018,0.0
5220,9,SS19,culottes,0.0188679245283018,0.0
5115,52,SS19,culottes,0.0,0.0188679245283018
5149,72,SS19,capris,0.0188679245283018,0.0377358490566037
5207,110,SS19,doll dress,0.0,0.0
5220,47,SS19,culottes,0.0188679245283018,0.0188679245283018
5140,109,SS19,patterned top,0.0377358490566037,0.0188679245283018
4227,50,SS19,short sleeves,0.0377358490566037,0.0
5220,109,SS19,culottes,0.0377358490566037,0.0
5220,82,SS19,culottes,0.0,0.0377358490566037
5269,30,SS19,culottes,0.0,0.0377358490566037
5269,86,SS19,culottes,0.0,0.0
5269,43,SS19,culottes,0.0566037735849056,0.0188679245283018
5269,80,SS19,culottes,0.0377358490566037,0.0377358490566037
5179,21,SS19,doll dress,0.0,0.0377358490566037
5245,69,SS19,culottes,0.0754716981132075,0.0
5245,35,SS19,culottes,0.0566037735849056,0.0566037735849056
5245,36,SS19,culottes,0.0566037735849056,0.0377358490566037
5103,28,SS19,sleeveless,0.0,0.0188679245283018
5090,24,SS19,long dress,0.0,0.0
5269,35,SS19,culottes,0.0188679245283018,0.0188679245283018
5245,8,SS19,culottes,0.0377358490566037,0.0188679245283018
5220,26,SS19,culottes,0.0377358490566037,0.0188679245283018
5220,4,SS19,culottes,0.0,0.0
5149,82,SS19,capris,0.0,0.0188679245283018
5220,77,SS19,culottes,0.0566037735849056,0.0
5220,45,SS19,culottes,0.0,0.0188679245283018
5207,56,SS19,doll dress,0.0,0.0
5220,6,SS19,culottes,0.0,0.0
5182,69,SS19,long sleeve,0.0,0.0
5220,3,SS19,culottes,0.0377358490566037,0.0
5091,45,SS19,long dress,0.0188679245283018,0.0
5182,74,SS19,long sleeve,0.0188679245283018,0.0
5220,56,SS19,culottes,0.0566037735849056,0.0
5207,50,SS19,doll dress,0.0,0.0
5207,117,SS19,doll dress,0.0188679245283018,0.0188679245283018
5182,22,SS19,long sleeve,0.0,0.0
3823,94,SS19,culottes,0.0188679245283018,0.0
5245,41,SS19,culottes,0.0377358490566037,0.0
5220,93,SS19,culottes,0.0,0.0
5243,80,SS19,shorts,0.0,0.0
5165,3,SS19,long sleeve,0.0188679245283018,0.0188679245283018
5165,12,SS19,long sleeve,0.0943396226415094,0.0188679245283018
5243,13,SS19,shorts,0.0188679245283018,0.0188679245283018
5245,86,SS19,culottes,0.0377358490566037,0.0
5245,39,SS19,culottes,0.0377358490566037,0.0377358490566037
5245,80,SS19,culottes,0.0754716981132075,0.0943396226415094
5220,52,SS19,culottes,0.0188679245283018,0.0
5245,56,SS19,culottes,0.0377358490566037,0.0377358490566037
5245,13,SS19,culottes,0.0754716981132075,0.1132075471698113
5165,74,SS19,long sleeve,0.0377358490566037,0.0
4184,8,SS19,short sleeves,0.0,0.0
5234,76,SS19,short sleeves,0.1132075471698113,0.0188679245283018
5162,56,SS19,long sleeve,0.0188679245283018,0.0
5212,75,SS19,culottes,0.0,0.0188679245283018
5212,48,SS19,culottes,0.0188679245283018,0.0
5204,2,SS19,culottes,0.0,0.0
5253,41,SS19,long dress,0.0,0.0754716981132075
5253,29,SS19,long dress,0.0,0.0566037735849056
5253,100,SS19,long dress,0.0,0.0
5196,29,SS19,culottes,0.0188679245283018,0.0188679245283018
5196,57,SS19,culottes,0.0,0.0377358490566037
5196,100,SS19,culottes,0.0,0.0
5196,63,SS19,culottes,0.0,0.0
5204,94,SS19,culottes,0.0566037735849056,0.0188679245283018
5196,59,SS19,culottes,0.0188679245283018,0.0
5196,35,SS19,culottes,0.0,0.0188679245283018
5196,107,SS19,culottes,0.0,0.0
5196,101,SS19,culottes,0.0188679245283018,0.0188679245283018
5253,35,SS19,long dress,0.0,0.0
5196,47,SS19,culottes,0.0,0.0
5196,1,SS19,culottes,0.0,0.0
5196,51,SS19,culottes,0.0754716981132075,0.0188679245283018
5196,24,SS19,culottes,0.0377358490566037,0.0
5196,22,SS19,culottes,0.0,0.0188679245283018
5196,93,SS19,culottes,0.0,0.0
5253,36,SS19,long dress,0.0,0.0377358490566037
5204,43,SS19,culottes,0.0,0.0
5204,9,SS19,culottes,0.0,0.0188679245283018
5204,13,SS19,culottes,0.0,0.0
5161,30,SS19,patterned top,0.0377358490566037,0.0
5148,117,SS19,sleeveless,0.0188679245283018,0.0
5207,79,SS19,doll dress,0.0188679245283018,0.0566037735849056
5160,110,SS19,printed shirt,0.0,0.0
5160,94,SS19,printed shirt,0.0188679245283018,0.0
5088,83,SS19,long dress,0.0,0.0
5207,75,SS19,doll dress,0.0,0.0
5207,19,SS19,doll dress,0.0,0.0
5163,22,SS19,culottes,0.0377358490566037,0.0188679245283018
5212,54,SS19,culottes,0.0,0.0
5212,2,SS19,culottes,0.0,0.0566037735849056
5212,12,SS19,culottes,0.0566037735849056,0.0377358490566037
5207,31,SS19,doll dress,0.0,0.0
5212,49,SS19,culottes,0.0,0.0
5212,15,SS19,culottes,0.0188679245283018,0.0377358490566037
5212,31,SS19,culottes,0.0188679245283018,0.0188679245283018
5212,66,SS19,culottes,0.0,0.0188679245283018
4194,107,SS19,solid color top,0.0,0.0
5207,15,SS19,doll dress,0.0,0.0
5207,7,SS19,doll dress,0.0,0.0
5212,19,SS19,culottes,0.0943396226415094,0.0188679245283018
5204,69,SS19,culottes,0.0,0.0
5204,82,SS19,culottes,0.0,0.0
5253,40,SS19,long dress,0.0,0.0
5196,117,SS19,culottes,0.0188679245283018,0.0
5196,16,SS19,culottes,0.0,0.0188679245283018
5196,56,SS19,culottes,0.0,0.0188679245283018
5212,99,SS19,culottes,0.0566037735849056,0.0
5113,82,SS19,culottes,0.0188679245283018,0.0
5212,16,SS19,culottes,0.0943396226415094,0.0566037735849056
5212,117,SS19,culottes,0.0377358490566037,0.0188679245283018
5212,50,SS19,culottes,0.0188679245283018,0.0
5212,93,SS19,culottes,0.0566037735849056,0.0
5113,33,SS19,culottes,0.0188679245283018,0.0188679245283018
5253,62,SS19,long dress,0.0377358490566037,0.0
5212,22,SS19,culottes,0.0188679245283018,0.0
5253,30,SS19,long dress,0.0566037735849056,0.0377358490566037
5212,45,SS19,culottes,0.0188679245283018,0.0188679245283018
5212,76,SS19,culottes,0.0188679245283018,0.0377358490566037
5212,68,SS19,culottes,0.0754716981132075,0.0566037735849056
5212,1,SS19,culottes,0.0,0.0188679245283018
5212,47,SS19,culottes,0.0566037735849056,0.0943396226415094
5212,20,SS19,culottes,0.0566037735849056,0.0188679245283018
5212,42,SS19,culottes,0.1132075471698113,0.0377358490566037
5212,27,SS19,culottes,0.0188679245283018,0.0
5212,82,SS19,culottes,0.0377358490566037,0.0377358490566037
4082,64,SS19,long dress,0.0,0.0
5212,107,SS19,culottes,0.0,0.0188679245283018
5212,83,SS19,culottes,0.0377358490566037,0.0188679245283018
5212,72,SS19,culottes,0.0188679245283018,0.0
5212,5,SS19,culottes,0.0188679245283018,0.0754716981132075
5161,86,SS19,patterned top,0.0566037735849056,0.0188679245283018
5212,3,SS19,culottes,0.0,0.0566037735849056
5113,46,SS19,culottes,0.0,0.0
5196,9,SS19,culottes,0.0,0.0
5196,73,SS19,culottes,0.0377358490566037,0.0188679245283018
5196,80,SS19,culottes,0.0,0.0
5196,43,SS19,culottes,0.0188679245283018,0.0
5253,51,SS19,long dress,0.0566037735849056,0.0188679245283018
5253,52,SS19,long dress,0.0,0.0
5253,56,SS19,long dress,0.0943396226415094,0.0566037735849056
5253,73,SS19,long dress,0.0566037735849056,0.0566037735849056
5253,80,SS19,long dress,0.0,0.0
5253,39,SS19,long dress,0.0188679245283018,0.0377358490566037
5253,86,SS19,long dress,0.0377358490566037,0.0188679245283018
5253,14,SS19,long dress,0.0566037735849056,0.0188679245283018
5253,7,SS19,long dress,0.0,0.0377358490566037
5196,31,SS19,culottes,0.0,0.0
5196,15,SS19,culottes,0.0,0.0
5196,10,SS19,culottes,0.0377358490566037,0.0188679245283018
5196,12,SS19,culottes,0.0377358490566037,0.0188679245283018
5196,2,SS19,culottes,0.0188679245283018,0.0188679245283018
5212,43,SS19,culottes,0.0377358490566037,0.0188679245283018
5113,44,SS19,culottes,0.0,0.0
5212,9,SS19,culottes,0.0377358490566037,0.0377358490566037
5212,110,SS19,culottes,0.0,0.0
5113,18,SS19,culottes,0.0188679245283018,0.0
5212,6,SS19,culottes,0.0,0.0188679245283018
5212,85,SS19,culottes,0.0566037735849056,0.0188679245283018
5161,80,SS19,patterned top,0.0,0.0
5204,46,SS19,culottes,0.0,0.0
5216,30,SS19,doll dress,0.0,0.0
5216,12,SS19,doll dress,0.0377358490566037,0.0566037735849056
5216,7,SS19,doll dress,0.0188679245283018,0.0
5216,31,SS19,doll dress,0.0,0.0
5216,19,SS19,doll dress,0.0,0.0
5216,75,SS19,doll dress,0.0188679245283018,0.0188679245283018
5216,14,SS19,doll dress,0.0377358490566037,0.0188679245283018
5216,43,SS19,doll dress,0.0,0.0
5216,110,SS19,doll dress,0.0,0.0
5216,56,SS19,doll dress,0.0377358490566037,0.0188679245283018
5261,30,SS19,solid color top,0.1320754716981132,0.0
5216,117,SS19,doll dress,0.0188679245283018,0.0
5216,93,SS19,doll dress,0.0,0.0
5216,45,SS19,doll dress,0.0,0.0
5216,77,SS19,doll dress,0.0,0.0
5216,82,SS19,doll dress,0.0,0.0
5267,15,SS19,solid color top,0.0566037735849056,0.0566037735849056
5216,72,SS19,doll dress,0.0,0.0
5216,69,SS19,doll dress,0.0188679245283018,0.0188679245283018
5216,18,SS19,doll dress,0.0,0.0
5216,95,SS19,doll dress,0.0188679245283018,0.0
5267,80,SS19,solid color top,0.0,0.0
5216,50,SS19,doll dress,0.0,0.0
5257,36,SS19,solid color top,0.0188679245283018,0.0188679245283018
5105,15,SS19,doll dress,0.0,0.0
5282,30,SS19,long sleeve,0.0,0.0
5244,43,SS19,long sleeve,0.0754716981132075,0.0
5244,86,SS19,long sleeve,0.0377358490566037,0.0
5244,94,SS19,long sleeve,0.1132075471698113,0.0566037735849056
5244,10,SS19,long sleeve,0.0,0.0754716981132075
5244,30,SS19,long sleeve,0.0943396226415094,0.0754716981132075
5193,12,SS19,long dress,0.0,0.0
5193,65,SS19,long dress,0.0,0.0377358490566037
5193,94,SS19,long dress,0.0,0.0
5193,75,SS19,long dress,0.0,0.0
5193,14,SS19,long dress,0.0188679245283018,0.0
5193,43,SS19,long dress,0.0,0.0
5193,39,SS19,long dress,0.0,0.0
5193,73,SS19,long dress,0.0188679245283018,0.0377358490566037
5193,9,SS19,long dress,0.0,0.0188679245283018
5193,28,SS19,long dress,0.0188679245283018,0.0
5193,22,SS19,long dress,0.0188679245283018,0.0
5193,24,SS19,long dress,0.0,0.0
5193,82,SS19,long dress,0.0,0.0
5193,53,SS19,long dress,0.0,0.0
5193,95,SS19,long dress,0.0,0.0
5193,104,SS19,long dress,0.0,0.0
5282,35,SS19,long sleeve,0.0188679245283018,0.0377358490566037
5282,94,SS19,long sleeve,0.0188679245283018,0.0566037735849056
5267,35,SS19,solid color top,0.0,0.0
5267,41,SS19,solid color top,0.0,0.0188679245283018
5105,4,SS19,doll dress,0.0,0.0
5268,29,SS19,printed shirt,0.0,0.0188679245283018
5277,41,SS19,culottes,0.0188679245283018,0.0
5166,13,SS19,long dress,0.0,0.0
5247,36,SS19,long sleeve,0.0377358490566037,0.0188679245283018
5247,69,SS19,long sleeve,0.0,0.0377358490566037
5247,40,SS19,long sleeve,0.0566037735849056,0.0
5249,8,SS19,culottes,0.0,0.0188679245283018
5249,36,SS19,culottes,0.0,0.0188679245283018
5249,51,SS19,culottes,0.0377358490566037,0.0188679245283018
5247,77,SS19,long sleeve,0.0,0.0188679245283018
5249,49,SS19,culottes,0.0188679245283018,0.0188679245283018
5247,13,SS19,long sleeve,0.0188679245283018,0.1132075471698113
5251,81,SS19,culottes,0.0188679245283018,0.0
5251,69,SS19,culottes,0.0188679245283018,0.0
5247,56,SS19,long sleeve,0.0566037735849056,0.1132075471698113
5251,73,SS19,culottes,0.0188679245283018,0.0377358490566037
5176,86,SS19,jumpsuit,0.0,0.0
5247,80,SS19,long sleeve,0.0,0.0188679245283018
5178,20,SS19,culottes,0.0188679245283018,0.0188679245283018
5247,15,SS19,long sleeve,0.0188679245283018,0.0377358490566037
5247,7,SS19,long sleeve,0.0,0.0566037735849056
5247,62,SS19,long sleeve,0.0,0.0377358490566037
5290,77,SS19,long sleeve,0.0566037735849056,0.0188679245283018
5254,30,SS19,long dress,0.0,0.0
4219,0,SS19,short sleeves,0.0188679245283018,0.0188679245283018
5088,57,SS19,long dress,0.0,0.0188679245283018
5148,45,SS19,sleeveless,0.0188679245283018,0.0566037735849056
5277,36,SS19,culottes,0.0943396226415094,0.0188679245283018
5268,41,SS19,printed shirt,0.0,0.0
5277,30,SS19,culottes,0.0188679245283018,0.0943396226415094
5277,49,SS19,culottes,0.0,0.0
5277,7,SS19,culottes,0.0754716981132075,0.0566037735849056
5102,10,SS19,doll dress,0.0,0.0
5262,90,SS19,culottes,0.0,0.0
5262,1,SS19,culottes,0.0,0.0
5262,22,SS19,culottes,0.0188679245283018,0.0
5262,3,SS19,culottes,0.0,0.0
5262,12,SS19,culottes,0.0188679245283018,0.0188679245283018
5278,35,SS19,long sleeve,0.0188679245283018,0.0188679245283018
5277,79,SS19,culottes,0.0377358490566037,0.0
5277,86,SS19,culottes,0.0377358490566037,0.0377358490566037
5277,43,SS19,culottes,0.0188679245283018,0.0754716981132075
5277,80,SS19,culottes,0.0,0.0
5278,13,SS19,long sleeve,0.0,0.0
5095,64,SS19,patterned top,0.0,0.0188679245283018
5277,56,SS19,culottes,0.0188679245283018,0.0
5277,13,SS19,culottes,0.0754716981132075,0.0377358490566037
5148,77,SS19,sleeveless,0.0,0.0
5166,84,SS19,long dress,0.0377358490566037,0.0188679245283018
5277,40,SS19,culottes,0.0188679245283018,0.0377358490566037
5277,35,SS19,culottes,0.0,0.0188679245283018
5277,8,SS19,culottes,0.0377358490566037,0.0566037735849056
4171,22,SS19,sheath dress,0.0566037735849056,0.0377358490566037
5212,67,SS19,culottes,0.0377358490566037,0.0377358490566037
5212,32,SS19,culottes,0.0566037735849056,0.0188679245283018
5225,19,SS19,capris,0.0377358490566037,0.0188679245283018
5225,75,SS19,capris,0.0,0.1132075471698113
5225,48,SS19,capris,0.0188679245283018,0.0566037735849056
5225,79,SS19,capris,0.0566037735849056,0.0943396226415094
5225,43,SS19,capris,0.0,0.0377358490566037
5210,100,SS19,long dress,0.0188679245283018,0.0188679245283018
5225,6,SS19,capris,0.0,0.0
5225,3,SS19,capris,0.0377358490566037,0.0377358490566037
5225,5,SS19,capris,0.0,0.0
5225,99,SS19,capris,0.0188679245283018,0.0
5210,53,SS19,long dress,0.0188679245283018,0.0
5225,28,SS19,capris,0.0566037735849056,0.0188679245283018
5225,13,SS19,capris,0.0188679245283018,0.0
5210,102,SS19,long dress,0.0754716981132075,0.0
5225,22,SS19,capris,0.0,0.0
5225,24,SS19,capris,0.0188679245283018,0.0188679245283018
5121,64,SS19,sleeveless,0.0,0.0566037735849056
5225,1,SS19,capris,0.0,0.0
5225,47,SS19,capris,0.0377358490566037,0.0188679245283018
5259,41,SS19,patterned top,0.0,0.0377358490566037
5259,29,SS19,patterned top,0.0,0.0
5225,20,SS19,capris,0.0,0.0
5225,16,SS19,capris,0.0,0.0
5225,31,SS19,capris,0.0188679245283018,0.0754716981132075
5225,15,SS19,capris,0.0566037735849056,0.0188679245283018
5225,7,SS19,capris,0.0,0.0188679245283018
4241,104,SS19,short sleeves,0.0377358490566037,0.0188679245283018
4209,13,SS19,culottes,0.0,0.0188679245283018
4209,16,SS19,culottes,0.0,0.0
4209,99,SS19,culottes,0.0188679245283018,0.0
5234,18,SS19,short sleeves,0.0,0.0
5286,35,SS19,shorts,0.0,0.0188679245283018
4178,101,SS19,printed shirt,0.0,0.0
5178,3,SS19,culottes,0.0188679245283018,0.0
5178,12,SS19,culottes,0.0188679245283018,0.0377358490566037
5178,30,SS19,culottes,0.0,0.0
5234,46,SS19,short sleeves,0.0188679245283018,0.0
4191,86,SS19,culottes,0.0377358490566037,0.0188679245283018
5234,36,SS19,short sleeves,0.0188679245283018,0.0377358490566037
5185,3,SS19,culottes,0.0,0.0188679245283018
5185,51,SS19,culottes,0.0188679245283018,0.0188679245283018
5185,46,SS19,culottes,0.0,0.0
5185,63,SS19,culottes,0.0,0.0188679245283018
5189,31,SS19,culottes,0.0188679245283018,0.0
5210,60,SS19,long dress,0.0188679245283018,0.0
5189,26,SS19,culottes,0.0188679245283018,0.0188679245283018
5189,41,SS19,culottes,0.0,0.0
5225,2,SS19,capris,0.0,0.0
5225,12,SS19,capris,0.0188679245283018,0.2264150943396226
5225,42,SS19,capris,0.0188679245283018,0.0
5234,35,SS19,short sleeves,0.0,0.0
5225,53,SS19,capris,0.0754716981132075,0.0
5225,35,SS19,capris,0.0377358490566037,0.0
5234,20,SS19,short sleeves,0.0377358490566037,0.0377358490566037
5286,86,SS19,shorts,0.0,0.0
5234,47,SS19,short sleeves,0.0,0.0
5234,68,SS19,short sleeves,0.0,0.0
5234,30,SS19,short sleeves,0.0566037735849056,0.0
5234,2,SS19,short sleeves,0.0566037735849056,0.0188679245283018
5234,12,SS19,short sleeves,0.0,0.0943396226415094
5234,10,SS19,short sleeves,0.0,0.0188679245283018
5234,7,SS19,short sleeves,0.0,0.0188679245283018
5234,15,SS19,short sleeves,0.0188679245283018,0.0188679245283018
5234,65,SS19,short sleeves,0.0,0.0188679245283018
5234,94,SS19,short sleeves,0.0377358490566037,0.0377358490566037
5234,19,SS19,short sleeves,0.0,0.0188679245283018
5234,75,SS19,short sleeves,0.0188679245283018,0.0188679245283018
5234,48,SS19,short sleeves,0.0,0.0188679245283018
5234,79,SS19,short sleeves,0.0188679245283018,0.0188679245283018
5234,43,SS19,short sleeves,0.0377358490566037,0.0188679245283018
5234,80,SS19,short sleeves,0.0566037735849056,0.0
5234,3,SS19,short sleeves,0.0188679245283018,0.0
5234,99,SS19,short sleeves,0.0,0.0188679245283018
5234,16,SS19,short sleeves,0.0,0.0188679245283018
5234,13,SS19,short sleeves,0.0377358490566037,0.0
5234,93,SS19,short sleeves,0.0188679245283018,0.0188679245283018
5234,82,SS19,short sleeves,0.0,0.0
5285,80,SS19,solid color top,0.0,0.0188679245283018
5234,107,SS19,short sleeves,0.0,0.0188679245283018
5234,85,SS19,short sleeves,0.0188679245283018,0.0377358490566037
5225,81,SS19,capris,0.0,0.0188679245283018
5225,46,SS19,capris,0.0188679245283018,0.0377358490566037
5225,90,SS19,capris,0.0188679245283018,0.0188679245283018
5180,6,SS19,long dress,0.0188679245283018,0.0
5225,95,SS19,capris,0.0566037735849056,0.0188679245283018
5225,0,SS19,capris,0.0188679245283018,0.0566037735849056
5180,28,SS19,long dress,0.0188679245283018,0.0566037735849056
5225,4,SS19,capris,0.0,0.0
5225,59,SS19,capris,0.0377358490566037,0.0
5225,21,SS19,capris,0.0188679245283018,0.0188679245283018
5225,25,SS19,capris,0.0377358490566037,0.0188679245283018
5180,52,SS19,long dress,0.0566037735849056,0.1132075471698113
5225,57,SS19,capris,0.0377358490566037,0.0377358490566037
5225,104,SS19,capris,0.0754716981132075,0.0377358490566037
5225,29,SS19,capris,0.0754716981132075,0.0
5225,41,SS19,capris,0.0188679245283018,0.0
5234,69,SS19,short sleeves,0.0,0.0
5148,49,SS19,sleeveless,0.0188679245283018,0.0377358490566037
5180,42,SS19,long dress,0.0377358490566037,0.0
5180,83,SS19,long dress,0.0188679245283018,0.0377358490566037
5234,74,SS19,short sleeves,0.0,0.0188679245283018
5180,32,SS19,long dress,0.0377358490566037,0.0188679245283018
5234,53,SS19,short sleeves,0.0,0.0188679245283018
5234,83,SS19,short sleeves,0.0188679245283018,0.0
4209,47,SS19,culottes,0.0188679245283018,0.0
5242,30,SS19,printed shirt,0.0566037735849056,0.0188679245283018
5234,59,SS19,short sleeves,0.0377358490566037,0.0
4161,20,SS19,long sleeve,0.0,0.0188679245283018
5207,54,SS19,doll dress,0.0188679245283018,0.0377358490566037
5166,24,SS19,long dress,0.0,0.0
5159,107,SS19,culottes,0.0,0.0
5288,29,SS19,solid color top,0.0,0.0188679245283018
5159,14,SS19,culottes,0.0188679245283018,0.0
5113,66,SS19,culottes,0.0377358490566037,0.0754716981132075
5288,39,SS19,solid color top,0.0,0.0
5234,64,SS19,short sleeves,0.0377358490566037,0.0377358490566037
5242,41,SS19,printed shirt,0.0,0.0
5222,24,SS19,culottes,0.0,0.0
5222,50,SS19,culottes,0.0,0.0
5222,13,SS19,culottes,0.0,0.0
5222,75,SS19,culottes,0.0188679245283018,0.0
5222,94,SS19,culottes,0.0,0.0188679245283018
5222,10,SS19,culottes,0.0,0.0
5222,2,SS19,culottes,0.0188679245283018,0.0
5211,57,SS19,culottes,0.0,0.0
4217,57,SS19,culottes,0.0,0.0
5211,8,SS19,culottes,0.0377358490566037,0.0377358490566037
5211,36,SS19,culottes,0.0,0.0
5242,81,SS19,printed shirt,0.0188679245283018,0.0
5242,35,SS19,printed shirt,0.0,0.0
5207,12,SS19,doll dress,0.0,0.1132075471698113
5259,35,SS19,patterned top,0.0188679245283018,0.0377358490566037
5212,41,SS19,culottes,0.0,0.0188679245283018
5212,104,SS19,culottes,0.0,0.0377358490566037
4204,29,SS19,culottes,0.0,0.0
5212,46,SS19,culottes,0.1132075471698113,0.1132075471698113
4204,81,SS19,culottes,0.0188679245283018,0.0
5212,90,SS19,culottes,0.0188679245283018,0.0188679245283018
5212,18,SS19,culottes,0.0188679245283018,0.0566037735849056
4204,82,SS19,culottes,0.0188679245283018,0.0
4204,77,SS19,culottes,0.0188679245283018,0.0
5212,95,SS19,culottes,0.0377358490566037,0.0188679245283018
5212,0,SS19,culottes,0.0377358490566037,0.0
5212,4,SS19,culottes,0.0,0.0377358490566037
5212,8,SS19,culottes,0.0,0.0
5212,59,SS19,culottes,0.0188679245283018,0.0377358490566037
5212,63,SS19,culottes,0.0377358490566037,0.0188679245283018
5212,100,SS19,culottes,0.0,0.0377358490566037
5212,102,SS19,culottes,0.0188679245283018,0.0188679245283018
5207,10,SS19,doll dress,0.0,0.0
5259,86,SS19,patterned top,0.0,0.0
5259,80,SS19,patterned top,0.0188679245283018,0.0
5130,74,SS19,culottes,0.0,0.0188679245283018
4236,64,SS19,culottes,0.0,0.0
5130,82,SS19,culottes,0.0188679245283018,0.0
5130,5,SS19,culottes,0.0,0.0
5212,57,SS19,culottes,0.0377358490566037,0.0566037735849056
5212,29,SS19,culottes,0.0188679245283018,0.0566037735849056
5244,13,SS19,long sleeve,0.1320754716981132,0.1509433962264151
5166,21,SS19,long dress,0.0,0.0188679245283018
5259,36,SS19,patterned top,0.0188679245283018,0.0377358490566037
5237,43,SS19,gitana skirt,0.0188679245283018,0.0566037735849056
5237,75,SS19,gitana skirt,0.0377358490566037,0.0
5237,19,SS19,gitana skirt,0.0,0.0
5237,30,SS19,gitana skirt,0.0,0.0
5211,2,SS19,culottes,0.0,0.0
5211,54,SS19,culottes,0.0188679245283018,0.0
4222,64,SS19,printed shirt,0.0566037735849056,0.0566037735849056
5202,12,SS19,long sleeve,0.0,0.0188679245283018
5202,62,SS19,long sleeve,0.0188679245283018,0.0
5280,80,SS19,solid color top,0.0188679245283018,0.0
5234,44,SS19,short sleeves,0.0188679245283018,0.0
5280,86,SS19,solid color top,0.0188679245283018,0.0188679245283018
5264,29,SS19,solid color top,0.0,0.0
4210,68,SS19,culottes,0.0188679245283018,0.0
5264,36,SS19,solid color top,0.0188679245283018,0.0
5264,43,SS19,solid color top,0.0,0.0
5264,86,SS19,solid color top,0.0,0.0566037735849056
5093,73,SS19,culottes,0.0377358490566037,0.0377358490566037
5242,80,SS19,printed shirt,0.0,0.0
5291,15,SS19,solid color top,0.0188679245283018,0.0377358490566037
5242,39,SS19,printed shirt,0.0188679245283018,0.0377358490566037
5242,43,SS19,printed shirt,0.0188679245283018,0.0
5234,63,SS19,short sleeves,0.0566037735849056,0.0188679245283018
5237,39,SS19,gitana skirt,0.0,0.0
5234,29,SS19,short sleeves,0.0,0.0377358490566037
5211,12,SS19,culottes,0.0377358490566037,0.0
5237,5,SS19,gitana skirt,0.0,0.0
5236,75,SS19,gitana skirt,0.0188679245283018,0.0188679245283018
5236,10,SS19,gitana skirt,0.0,0.0377358490566037
5235,36,SS19,gitana skirt,0.0188679245283018,0.0377358490566037
5235,35,SS19,gitana skirt,0.0,0.0
5234,104,SS19,short sleeves,0.0188679245283018,0.0
5234,57,SS19,short sleeves,0.0,0.0188679245283018
5235,73,SS19,gitana skirt,0.0188679245283018,0.0377358490566037
5211,68,SS19,culottes,0.0,0.0
5211,24,SS19,culottes,0.0,0.0
5235,66,SS19,gitana skirt,0.0188679245283018,0.0
5235,12,SS19,gitana skirt,0.0188679245283018,0.0188679245283018
5237,18,SS19,gitana skirt,0.0,0.0
5237,36,SS19,gitana skirt,0.0,0.0
5237,72,SS19,gitana skirt,0.0,0.0
5237,47,SS19,gitana skirt,0.0,0.0
5211,60,SS19,culottes,0.0188679245283018,0.0188679245283018
4217,10,SS19,culottes,0.0,0.0377358490566037
5211,19,SS19,culottes,0.0,0.0188679245283018
4217,54,SS19,culottes,0.0,0.0377358490566037
5211,7,SS19,culottes,0.0,0.0
5237,22,SS19,gitana skirt,0.0,0.0
5237,13,SS19,gitana skirt,0.0377358490566037,0.0
5237,56,SS19,gitana skirt,0.0,0.0
5237,73,SS19,gitana skirt,0.0,0.0
5244,52,SS19,long sleeve,0.0943396226415094,0.0
5278,94,SS19,long sleeve,0.0566037735849056,0.0188679245283018
5200,67,SS19,drop sleeve,0.0377358490566037,0.0
5218,9,SS19,long sleeve,0.0377358490566037,0.0566037735849056
5148,107,SS19,sleeveless,0.0,0.0
5195,23,SS19,long sleeve,0.0188679245283018,0.0
5195,41,SS19,long sleeve,0.0,0.0188679245283018
5218,6,SS19,long sleeve,0.0,0.0
5218,3,SS19,long sleeve,0.0,0.0
5195,64,SS19,long sleeve,0.0377358490566037,0.0
5195,57,SS19,long sleeve,0.0,0.0
5195,25,SS19,long sleeve,0.0,0.0377358490566037
5218,5,SS19,long sleeve,0.0377358490566037,0.0377358490566037
5208,29,SS19,patterned top,0.0,0.0188679245283018
5195,8,SS19,long sleeve,0.0,0.0
5195,4,SS19,long sleeve,0.0,0.0
5218,99,SS19,long sleeve,0.0,0.0566037735849056
5195,18,SS19,long sleeve,0.0,0.1132075471698113
5195,26,SS19,long sleeve,0.0,0.0188679245283018
5195,40,SS19,long sleeve,0.0,0.0188679245283018
5283,80,SS19,shorts,0.0,0.0
5195,83,SS19,long sleeve,0.0,0.0377358490566037
5195,42,SS19,long sleeve,0.0,0.0377358490566037
5195,20,SS19,long sleeve,0.0,0.0377358490566037
5195,47,SS19,long sleeve,0.0,0.0
5218,16,SS19,long sleeve,0.0,0.0188679245283018
5112,64,SS19,doll dress,0.0,0.0188679245283018
5218,80,SS19,long sleeve,0.0,0.0
5268,36,SS19,printed shirt,0.0566037735849056,0.0943396226415094
5268,81,SS19,printed shirt,0.0566037735849056,0.0754716981132075
5208,99,SS19,patterned top,0.0,0.0
5208,33,SS19,patterned top,0.0,0.0
5208,76,SS19,patterned top,0.0188679245283018,0.0
5218,10,SS19,long sleeve,0.0,0.0377358490566037
5218,15,SS19,long sleeve,0.0,0.0188679245283018
5218,31,SS19,long sleeve,0.0188679245283018,0.0188679245283018
5208,83,SS19,patterned top,0.0,0.0
5208,32,SS19,patterned top,0.0,0.0
5208,53,SS19,patterned top,0.0,0.0
5218,65,SS19,long sleeve,0.0377358490566037,0.0377358490566037
5208,35,SS19,patterned top,0.0,0.0
5195,1,SS19,long sleeve,0.0,0.0
5218,66,SS19,long sleeve,0.0188679245283018,0.0
5208,46,SS19,patterned top,0.0,0.0188679245283018
5218,75,SS19,long sleeve,0.0566037735849056,0.0188679245283018
5218,48,SS19,long sleeve,0.0,0.0188679245283018
5287,41,SS19,shorts,0.0188679245283018,0.0377358490566037
5218,14,SS19,long sleeve,0.0,0.0
5238,12,SS19,kimono dress,0.0188679245283018,0.0377358490566037
5238,10,SS19,kimono dress,0.0188679245283018,0.0188679245283018
5238,3,SS19,kimono dress,0.0377358490566037,0.0
5268,69,SS19,printed shirt,0.0566037735849056,0.0188679245283018
5238,18,SS19,kimono dress,0.0,0.0188679245283018
5268,35,SS19,printed shirt,0.0,0.0943396226415094
5218,84,SS19,long sleeve,0.0188679245283018,0.0377358490566037
5195,68,SS19,long sleeve,0.0188679245283018,0.0377358490566037
5195,24,SS19,long sleeve,0.0188679245283018,0.0377358490566037
5195,16,SS19,long sleeve,0.0188679245283018,0.0
5218,95,SS19,long sleeve,0.0188679245283018,0.0188679245283018
5218,18,SS19,long sleeve,0.0,0.0754716981132075
5218,90,SS19,long sleeve,0.0188679245283018,0.0188679245283018
5218,46,SS19,long sleeve,0.0,0.0377358490566037
5218,26,SS19,long sleeve,0.0566037735849056,0.0188679245283018
5218,45,SS19,long sleeve,0.0188679245283018,0.0188679245283018
5218,74,SS19,long sleeve,0.0188679245283018,0.0
5218,32,SS19,long sleeve,0.0,0.0
5218,67,SS19,long sleeve,0.0,0.0188679245283018
5218,85,SS19,long sleeve,0.0377358490566037,0.0754716981132075
5218,76,SS19,long sleeve,0.0,0.0
5208,104,SS19,patterned top,0.0,0.0377358490566037
5208,63,SS19,patterned top,0.0188679245283018,0.0
5218,68,SS19,long sleeve,0.0188679245283018,0.0
5218,82,SS19,long sleeve,0.0,0.0
5218,1,SS19,long sleeve,0.0,0.0
5218,47,SS19,long sleeve,0.0,0.0
5218,27,SS19,long sleeve,0.0,0.0
5208,18,SS19,patterned top,0.0,0.0
5287,80,SS19,shorts,0.0,0.0188679245283018
5218,38,SS19,long sleeve,0.0,0.0377358490566037
5218,101,SS19,long sleeve,0.0188679245283018,0.0
5218,42,SS19,long sleeve,0.0188679245283018,0.0
5218,20,SS19,long sleeve,0.0754716981132075,0.0377358490566037
5208,8,SS19,patterned top,0.0,0.0
5218,12,SS19,long sleeve,0.0,0.0
5283,41,SS19,shorts,0.0566037735849056,0.0
5218,0,SS19,long sleeve,0.0188679245283018,0.0377358490566037
5195,28,SS19,long sleeve,0.0,0.0
5195,99,SS19,long sleeve,0.0,0.0377358490566037
5218,50,SS19,long sleeve,0.0188679245283018,0.0377358490566037
5218,93,SS19,long sleeve,0.0377358490566037,0.0188679245283018
5195,3,SS19,long sleeve,0.0,0.0
5195,110,SS19,long sleeve,0.0566037735849056,0.0188679245283018
5195,9,SS19,long sleeve,0.0,0.0
5195,79,SS19,long sleeve,0.0188679245283018,0.0188679245283018
5195,75,SS19,long sleeve,0.0188679245283018,0.0377358490566037
5195,19,SS19,long sleeve,0.0,0.0
5195,66,SS19,long sleeve,0.0188679245283018,0.0566037735849056
5218,22,SS19,long sleeve,0.0,0.0377358490566037
5195,31,SS19,long sleeve,0.0,0.0754716981132075
5218,33,SS19,long sleeve,0.0,0.0566037735849056
5195,10,SS19,long sleeve,0.0,0.0188679245283018
5195,12,SS19,long sleeve,0.0,0.0188679245283018
5218,41,SS19,long sleeve,0.0188679245283018,0.0377358490566037
5218,64,SS19,long sleeve,0.0188679245283018,0.0566037735849056
5218,104,SS19,long sleeve,0.0,0.0566037735849056
5218,21,SS19,long sleeve,0.0377358490566037,0.0
5218,100,SS19,long sleeve,0.0377358490566037,0.0943396226415094
5218,63,SS19,long sleeve,0.0188679245283018,0.0377358490566037
5218,8,SS19,long sleeve,0.0377358490566037,0.0377358490566037
5218,4,SS19,long sleeve,0.0943396226415094,0.0377358490566037
5195,15,SS19,long sleeve,0.0188679245283018,0.0188679245283018
5218,2,SS19,long sleeve,0.0377358490566037,0.0377358490566037
5195,85,SS19,long sleeve,0.0,0.0
5266,43,SS19,sleeveless,0.0188679245283018,0.0
5208,48,SS19,patterned top,0.0188679245283018,0.0
5162,19,SS19,long sleeve,0.0,0.0
5244,8,SS19,long sleeve,0.0188679245283018,0.0943396226415094
5244,100,SS19,long sleeve,0.0,0.0188679245283018
5208,6,SS19,patterned top,0.0188679245283018,0.0
5208,3,SS19,patterned top,0.0,0.0
5244,40,SS19,long sleeve,0.0377358490566037,0.0943396226415094
5268,80,SS19,printed shirt,0.0188679245283018,0.0566037735849056
5162,14,SS19,long sleeve,0.0,0.0
5208,94,SS19,patterned top,0.0,0.0377358490566037
5208,9,SS19,patterned top,0.0377358490566037,0.0
5112,59,SS19,doll dress,0.0377358490566037,0.0188679245283018
5208,19,SS19,patterned top,0.0377358490566037,0.0
5266,80,SS19,sleeveless,0.0,0.0188679245283018
5208,110,SS19,patterned top,0.0,0.0
5244,41,SS19,long sleeve,0.0566037735849056,0.0566037735849056
5218,54,SS19,long sleeve,0.0,0.0
5297,73,SS19,long dress,0.0566037735849056,0.0943396226415094
5297,79,SS19,long dress,0.0188679245283018,0.0377358490566037
5253,2,SS19,long dress,0.0,0.0188679245283018
4208,28,SS19,short sleeves,0.0188679245283018,0.0188679245283018
5253,12,SS19,long dress,0.0,0.0377358490566037
5295,69,SS19,jumpsuit,0.0,0.0
5295,35,SS19,jumpsuit,0.0,0.0
5113,68,SS19,culottes,0.0,0.0188679245283018
5232,4,SS19,sleeveless,0.0754716981132075,0.0377358490566037
5143,31,SS19,capris,0.0,0.0188679245283018
5226,86,SS19,culottes,0.0,0.0
5113,24,SS19,culottes,0.0,0.0
5117,46,SS19,sleeveless,0.0,0.0
5226,39,SS19,culottes,0.0,0.0
5297,80,SS19,long dress,0.0566037735849056,0.0188679245283018
5212,74,SS19,culottes,0.0566037735849056,0.0188679245283018
5311,40,SS19,jumpsuit,0.0188679245283018,0.0
5259,19,SS19,patterned top,0.0,0.0
5297,14,SS19,long dress,0.0566037735849056,0.0377358490566037
5195,86,SS19,long sleeve,0.0188679245283018,0.0188679245283018
5297,49,SS19,long dress,0.0,0.0377358490566037
5311,69,SS19,jumpsuit,0.1132075471698113,0.0188679245283018
5298,53,SS19,long cardigan,0.0566037735849056,0.0
5212,61,SS19,culottes,0.0566037735849056,0.0
5297,94,SS19,long dress,0.0,0.0188679245283018
5188,41,SS19,sleeveless,0.0,0.0188679245283018
5197,83,SS19,short sleeves,0.0,0.0188679245283018
5312,12,SS19,sleeveless,0.0,0.0754716981132075
5197,47,SS19,short sleeves,0.0,0.0
5297,12,SS19,long dress,0.0,0.0188679245283018
5268,3,SS19,printed shirt,0.0188679245283018,0.0
5125,45,SS19,culottes,0.0188679245283018,0.0188679245283018
5207,49,SS19,doll dress,0.0,0.0
5232,28,SS19,sleeveless,0.0188679245283018,0.0188679245283018
5197,65,SS19,short sleeves,0.0,0.0
5311,81,SS19,jumpsuit,0.0,0.0188679245283018
5298,69,SS19,long cardigan,0.0,0.0
5197,12,SS19,short sleeves,0.0,0.0
5226,94,SS19,culottes,0.0,0.0
5297,30,SS19,long dress,0.0,0.0188679245283018
5212,28,SS19,culottes,0.0943396226415094,0.0566037735849056
5195,2,SS19,long sleeve,0.0,0.0377358490566037
5226,101,SS19,culottes,0.0754716981132075,0.0377358490566037
5226,27,SS19,culottes,0.0377358490566037,0.0
5272,18,SS19,shorts,0.0,0.0188679245283018
5196,94,SS19,culottes,0.0,0.0188679245283018
5226,85,SS19,culottes,0.0754716981132075,0.0
5196,19,SS19,culottes,0.0377358490566037,0.0
5226,53,SS19,culottes,0.0,0.0
5147,8,SS19,capris,0.0188679245283018,0.0
5253,31,SS19,long dress,0.0188679245283018,0.0566037735849056
5272,29,SS19,shorts,0.0,0.0
5253,65,SS19,long dress,0.0,0.0
5270,2,SS19,long dress,0.0,0.0377358490566037
5270,12,SS19,long dress,0.0,0.0566037735849056
5253,66,SS19,long dress,0.0,0.0377358490566037
5270,7,SS19,long dress,0.0,0.0377358490566037
5270,15,SS19,long dress,0.0566037735849056,0.0188679245283018
5270,31,SS19,long dress,0.0,0.0566037735849056
5270,66,SS19,long dress,0.0188679245283018,0.0377358490566037
5196,75,SS19,culottes,0.0188679245283018,0.0
5234,54,SS19,short sleeves,0.0188679245283018,0.0377358490566037
5253,94,SS19,long dress,0.0,0.0
5298,35,SS19,long cardigan,0.0,0.0
5226,20,SS19,culottes,0.0566037735849056,0.0188679245283018
5304,67,SS19,long dress,0.0377358490566037,0.0377358490566037
5195,73,SS19,long sleeve,0.0,0.0
5195,54,SS19,long sleeve,0.0188679245283018,0.0
5209,44,SS19,patterned top,0.0188679245283018,0.0377358490566037
5117,20,SS19,sleeveless,0.0,0.0
5117,38,SS19,sleeveless,0.0,0.0
5226,28,SS19,culottes,0.0,0.0
5266,19,SS19,sleeveless,0.0188679245283018,0.0188679245283018
5145,66,SS19,doll dress,0.0,0.0188679245283018
5253,10,SS19,long dress,0.0188679245283018,0.0377358490566037
5304,69,SS19,long dress,0.0188679245283018,0.0188679245283018
5226,93,SS19,culottes,0.0754716981132075,0.0
5226,22,SS19,culottes,0.0188679245283018,0.0
5209,59,SS19,patterned top,0.0188679245283018,0.0188679245283018
5209,8,SS19,patterned top,0.0,0.0
5226,24,SS19,culottes,0.0188679245283018,0.0
5218,44,SS19,long sleeve,0.0377358490566037,0.0188679245283018
5218,25,SS19,long sleeve,0.0,0.0
5196,54,SS19,culottes,0.0,0.0
5162,2,SS19,long sleeve,0.0,0.0
5286,15,SS19,shorts,0.0,0.0188679245283018
5298,36,SS19,long cardigan,0.0,0.0
5226,12,SS19,culottes,0.0,0.0
5260,12,SS19,culottes,0.0188679245283018,0.0
5125,50,SS19,culottes,0.0188679245283018,0.0377358490566037
5207,0,SS19,doll dress,0.0,0.0
5288,18,SS19,solid color top,0.0,0.0
5288,100,SS19,solid color top,0.0188679245283018,0.0
5307,7,SS19,jumpsuit,0.0,0.0377358490566037
5321,54,SS19,solid color top,0.0,0.0188679245283018
5321,19,SS19,solid color top,0.0377358490566037,0.0377358490566037
5321,14,SS19,solid color top,0.0,0.0
5298,15,SS19,long cardigan,0.0,0.0
5321,69,SS19,solid color top,0.0,0.0
5288,46,SS19,solid color top,0.0,0.0188679245283018
5321,29,SS19,solid color top,0.0188679245283018,0.0188679245283018
5272,53,SS19,shorts,0.0,0.0
5298,49,SS19,long cardigan,0.0,0.0566037735849056
5097,38,SS19,doll dress,0.0188679245283018,0.0
5130,19,SS19,culottes,0.0,0.0188679245283018
5124,50,SS19,drop sleeve,0.0,0.0
5298,12,SS19,long cardigan,0.0,0.0
5315,12,SS19,solid color top,0.0754716981132075,0.0377358490566037
5312,41,SS19,sleeveless,0.0,0.0943396226415094
4222,27,SS19,printed shirt,0.0,0.0188679245283018
5306,43,SS19,solid color top,0.0,0.0377358490566037
5250,85,SS19,long dress,0.0566037735849056,0.0
5288,36,SS19,solid color top,0.0,0.0188679245283018
5288,35,SS19,solid color top,0.0188679245283018,0.0
5198,53,SS19,culottes,0.0,0.0
5242,29,SS19,printed shirt,0.0,0.0
5176,107,SS19,jumpsuit,0.0188679245283018,0.0188679245283018
5198,36,SS19,culottes,0.0,0.0
5258,101,SS19,culottes,0.0,0.0377358490566037
5198,26,SS19,culottes,0.0,0.0188679245283018
5215,48,SS19,jumpsuit,0.0188679245283018,0.0
5307,12,SS19,jumpsuit,0.0,0.0
5198,18,SS19,culottes,0.0,0.0377358490566037
5207,4,SS19,doll dress,0.0188679245283018,0.0
5215,10,SS19,jumpsuit,0.0188679245283018,0.0377358490566037
5198,4,SS19,culottes,0.0,0.0
5288,3,SS19,solid color top,0.0,0.0188679245283018
5318,15,SS19,jumpsuit,0.0,0.0566037735849056
5198,63,SS19,culottes,0.0,0.0
5288,82,SS19,solid color top,0.0,0.0
5198,21,SS19,culottes,0.0188679245283018,0.0
5217,3,SS19,sleeveless,0.0,0.0
5288,83,SS19,solid color top,0.0188679245283018,0.0
5198,57,SS19,culottes,0.0,0.0
5113,48,SS19,culottes,0.0566037735849056,0.0377358490566037
4222,101,SS19,printed shirt,0.0,0.0566037735849056
5250,77,SS19,long dress,0.0188679245283018,0.0377358490566037
5298,62,SS19,long cardigan,0.0188679245283018,0.0754716981132075
5318,12,SS19,jumpsuit,0.0,0.0
5148,19,SS19,sleeveless,0.0377358490566037,0.0
5295,56,SS19,jumpsuit,0.0,0.0188679245283018
5201,102,SS19,long dress,0.0,0.0377358490566037
5166,45,SS19,long dress,0.0,0.0
5212,21,SS19,culottes,0.0188679245283018,0.0188679245283018
5195,33,SS19,long sleeve,0.0,0.0
5195,50,SS19,long sleeve,0.0,0.0
4204,19,SS19,culottes,0.0188679245283018,0.0
5311,100,SS19,jumpsuit,0.0943396226415094,0.0188679245283018
5259,39,SS19,patterned top,0.0566037735849056,0.0188679245283018
5180,90,SS19,long dress,0.0754716981132075,0.0566037735849056
4204,110,SS19,culottes,0.0,0.0188679245283018
5143,33,SS19,capris,0.0377358490566037,0.0
5226,30,SS19,culottes,0.0,0.0
5143,117,SS19,capris,0.0188679245283018,0.0
5232,54,SS19,sleeveless,0.0,0.0
5180,25,SS19,long dress,0.0377358490566037,0.0188679245283018
5226,54,SS19,culottes,0.0,0.0
5253,19,SS19,long dress,0.0188679245283018,0.0
5229,29,SS19,short sleeves,0.0,0.0
5234,67,SS19,short sleeves,0.0188679245283018,0.0
5130,35,SS19,culottes,0.0,0.0188679245283018
5311,29,SS19,jumpsuit,0.0566037735849056,0.0566037735849056
5311,41,SS19,jumpsuit,0.0188679245283018,0.0566037735849056
5124,20,SS19,drop sleeve,0.0,0.0
5315,3,SS19,solid color top,0.0377358490566037,0.0754716981132075
5307,86,SS19,jumpsuit,0.0377358490566037,0.0188679245283018
4236,50,SS19,culottes,0.0,0.0377358490566037
5272,83,SS19,shorts,0.0,0.0188679245283018
5307,39,SS19,jumpsuit,0.0,0.0188679245283018
5259,3,SS19,patterned top,0.0,0.0188679245283018
5212,23,SS19,culottes,0.0754716981132075,0.0188679245283018
5217,90,SS19,sleeveless,0.0,0.0
5212,64,SS19,culottes,0.0,0.0188679245283018
5295,94,SS19,jumpsuit,0.0,0.0
5258,74,SS19,culottes,0.0377358490566037,0.0
5188,12,SS19,sleeveless,0.0,0.0
5130,73,SS19,culottes,0.0188679245283018,0.0188679245283018
5318,30,SS19,jumpsuit,0.0566037735849056,0.0188679245283018
5125,28,SS19,culottes,0.0,0.0
5212,44,SS19,culottes,0.0,0.0188679245283018
5212,25,SS19,culottes,0.0,0.0188679245283018
5203,9,SS19,sleeveless,0.0,0.0188679245283018
5295,80,SS19,jumpsuit,0.0188679245283018,0.0
5203,56,SS19,sleeveless,0.0,0.0
5298,30,SS19,long cardigan,0.0188679245283018,0.0188679245283018
5125,117,SS19,culottes,0.0188679245283018,0.0377358490566037
5253,48,SS19,long dress,0.0188679245283018,0.0566037735849056
5253,75,SS19,long dress,0.0188679245283018,0.0943396226415094
5255,12,SS19,gitana skirt,0.0188679245283018,0.0188679245283018
5311,10,SS19,jumpsuit,0.0754716981132075,0.0
5255,15,SS19,gitana skirt,0.0188679245283018,0.0
5205,18,SS19,short sleeves,0.0,0.0
5253,64,SS19,long dress,0.0,0.0377358490566037
5125,4,SS19,culottes,0.0566037735849056,0.0188679245283018
5205,59,SS19,short sleeves,0.0188679245283018,0.0188679245283018
5255,48,SS19,gitana skirt,0.0377358490566037,0.0
5255,86,SS19,gitana skirt,0.0,0.0
5255,54,SS19,gitana skirt,0.0,0.0188679245283018
5244,74,SS19,long sleeve,0.0566037735849056,0.0566037735849056
5302,36,SS19,sleeveless,0.0,0.0188679245283018
5302,53,SS19,sleeveless,0.0,0.0
5218,107,SS19,long sleeve,0.0188679245283018,0.0
5223,21,SS19,gitana skirt,0.0,0.0
5223,20,SS19,gitana skirt,0.0,0.0
5223,51,SS19,gitana skirt,0.0,0.0377358490566037
5223,45,SS19,gitana skirt,0.0377358490566037,0.0188679245283018
5192,59,SS19,sleeveless,0.0,0.0
5212,60,SS19,culottes,0.0377358490566037,0.0
5311,12,SS19,jumpsuit,0.0,0.1132075471698113
5125,59,SS19,culottes,0.0188679245283018,0.0188679245283018
5255,30,SS19,gitana skirt,0.0,0.0
5253,44,SS19,long dress,0.0,0.0377358490566037
5253,8,SS19,long dress,0.0566037735849056,0.0377358490566037
5319,12,SS19,sleeveless,0.0377358490566037,0.0377358490566037
5196,4,SS19,culottes,0.0,0.0
5268,94,SS19,printed shirt,0.0188679245283018,0.0754716981132075
5316,94,SS19,culottes,0.0566037735849056,0.0377358490566037
5266,29,SS19,sleeveless,0.0,0.0
5192,68,SS19,sleeveless,0.0,0.0
5314,30,SS19,gitana skirt,0.0,0.0
5218,72,SS19,long sleeve,0.0566037735849056,0.0
5253,104,SS19,long dress,0.0,0.0
5314,12,SS19,gitana skirt,0.0188679245283018,0.0377358490566037
5311,15,SS19,jumpsuit,0.0566037735849056,0.0754716981132075
5196,41,SS19,culottes,0.0,0.0
5253,63,SS19,long dress,0.0,0.0754716981132075
5218,83,SS19,long sleeve,0.0,0.0188679245283018
5205,93,SS19,short sleeves,0.0188679245283018,0.0188679245283018
5205,33,SS19,short sleeves,0.0,0.0
5253,21,SS19,long dress,0.0,0.0754716981132075
5253,102,SS19,long dress,0.0188679245283018,0.0377358490566037
5253,25,SS19,long dress,0.0188679245283018,0.0377358490566037
5147,76,SS19,capris,0.0,0.0
5204,12,SS19,culottes,0.0,0.0
5223,73,SS19,gitana skirt,0.0,0.0
5223,80,SS19,gitana skirt,0.0,0.0754716981132075
5255,35,SS19,gitana skirt,0.0188679245283018,0.0
5204,61,SS19,culottes,0.0,0.0
5132,2,SS19,maxi,0.0,0.0377358490566037
5255,18,SS19,gitana skirt,0.0188679245283018,0.0
5126,117,SS19,culottes,0.0188679245283018,0.0377358490566037
5316,56,SS19,culottes,0.0188679245283018,0.0754716981132075
5207,86,SS19,doll dress,0.0,0.0
5255,29,SS19,gitana skirt,0.0,0.0
5255,41,SS19,gitana skirt,0.0,0.0
5204,20,SS19,culottes,0.0377358490566037,0.0188679245283018
5268,31,SS19,printed shirt,0.0,0.0566037735849056
5125,25,SS19,culottes,0.0377358490566037,0.0188679245283018
5234,33,SS19,short sleeves,0.0188679245283018,0.0188679245283018
5259,2,SS19,patterned top,0.0377358490566037,0.0188679245283018
5234,22,SS19,short sleeves,0.0,0.0
5271,29,SS19,long sleeve,0.0,0.0
5302,80,SS19,sleeveless,0.0,0.0
5271,36,SS19,long sleeve,0.0,0.0
5302,7,SS19,sleeveless,0.0,0.0
5302,12,SS19,sleeveless,0.0188679245283018,0.0188679245283018
5268,15,SS19,printed shirt,0.0,0.0188679245283018
5255,53,SS19,gitana skirt,0.0,0.0
5145,10,SS19,doll dress,0.0188679245283018,0.0377358490566037
5255,83,SS19,gitana skirt,0.0188679245283018,0.0
5223,48,SS19,gitana skirt,0.0,0.0
5316,14,SS19,culottes,0.0566037735849056,0.0566037735849056
4197,74,SS19,printed shirt,0.0,0.0
5309,80,SS19,sleeveless,0.0943396226415094,0.2075471698113207
5309,73,SS19,sleeveless,0.0188679245283018,0.0
5223,15,SS19,gitana skirt,0.0188679245283018,0.0
5266,46,SS19,sleeveless,0.0,0.0
5204,80,SS19,culottes,0.0,0.0
5141,26,SS19,short sleeves,0.0188679245283018,0.0
5316,39,SS19,culottes,0.0377358490566037,0.0377358490566037
5122,24,SS19,solid color top,0.0,0.0754716981132075
5255,13,SS19,gitana skirt,0.0188679245283018,0.0
5255,33,SS19,gitana skirt,0.0188679245283018,0.0
5316,80,SS19,culottes,0.0188679245283018,0.1320754716981132
5316,73,SS19,culottes,0.0566037735849056,0.0
5157,18,SS19,short sleeves,0.0,0.0377358490566037
5255,51,SS19,gitana skirt,0.0,0.0
5144,46,SS19,maxi,0.0,0.0
5157,83,SS19,short sleeves,0.0,0.0
5255,20,SS19,gitana skirt,0.0,0.0
5204,99,SS19,culottes,0.0,0.0
5270,46,SS19,long dress,0.0188679245283018,0.0377358490566037
5226,26,SS19,culottes,0.0,0.0188679245283018
5270,36,SS19,long dress,0.0188679245283018,0.1320754716981132
5253,95,SS19,long dress,0.0,0.0188679245283018
5226,21,SS19,culottes,0.0377358490566037,0.0188679245283018
5253,99,SS19,long dress,0.0,0.0188679245283018
5226,44,SS19,culottes,0.0,0.0377358490566037
5226,57,SS19,culottes,0.0566037735849056,0.0377358490566037
5253,28,SS19,long dress,0.0,0.0
5209,20,SS19,patterned top,0.0,0.0
5253,16,SS19,long dress,0.0377358490566037,0.0566037735849056
5253,13,SS19,long dress,0.0,0.0
5253,117,SS19,long dress,0.0188679245283018,0.0
5270,77,SS19,long dress,0.0566037735849056,0.0377358490566037
5226,41,SS19,culottes,0.0,0.0
5253,33,SS19,long dress,0.0,0.0
5209,38,SS19,patterned top,0.0754716981132075,0.0377358490566037
5253,45,SS19,long dress,0.0,0.0188679245283018
5253,24,SS19,long dress,0.0,0.0
5253,76,SS19,long dress,0.0,0.0377358490566037
5209,11,SS19,patterned top,0.0188679245283018,0.0
5253,77,SS19,long dress,0.0,0.0188679245283018
4173,44,SS19,short sleeves,0.0377358490566037,0.0
5253,68,SS19,long dress,0.0,0.0377358490566037
5253,93,SS19,long dress,0.0,0.0
5253,1,SS19,long dress,0.0,0.0
5253,5,SS19,long dress,0.0,0.0
5253,3,SS19,long dress,0.0,0.0754716981132075
5253,60,SS19,long dress,0.0,0.0188679245283018
5122,90,SS19,solid color top,0.0,0.0
5098,19,SS19,culottes,0.0188679245283018,0.0188679245283018
5209,83,SS19,patterned top,0.0188679245283018,0.0
5253,79,SS19,long dress,0.0,0.0
5266,3,SS19,sleeveless,0.0188679245283018,0.0188679245283018
5253,43,SS19,long dress,0.0188679245283018,0.0377358490566037
5268,14,SS19,printed shirt,0.0,0.0
5270,110,SS19,long dress,0.0943396226415094,0.0377358490566037
5270,76,SS19,long dress,0.0188679245283018,0.0188679245283018
5270,3,SS19,long dress,0.0377358490566037,0.0188679245283018
5270,99,SS19,long dress,0.0377358490566037,0.0188679245283018
5226,95,SS19,culottes,0.0377358490566037,0.0377358490566037
5270,13,SS19,long dress,0.0377358490566037,0.0188679245283018
5253,9,SS19,long dress,0.0,0.0
5226,0,SS19,culottes,0.0377358490566037,0.0188679245283018
5226,4,SS19,culottes,0.0,0.0188679245283018
5253,110,SS19,long dress,0.0754716981132075,0.0377358490566037
5253,6,SS19,long dress,0.0188679245283018,0.0188679245283018
5226,59,SS19,culottes,0.0377358490566037,0.0
5270,5,SS19,long dress,0.0,0.0377358490566037
5253,47,SS19,long dress,0.0188679245283018,0.0188679245283018
5253,38,SS19,long dress,0.0566037735849056,0.0377358490566037
5196,79,SS19,culottes,0.0,0.0
5218,69,SS19,long sleeve,0.0754716981132075,0.0188679245283018
5268,75,SS19,printed shirt,0.0,0.0188679245283018
5250,10,SS19,long dress,0.0754716981132075,0.0377358490566037
5298,29,SS19,long cardigan,0.0754716981132075,0.0188679245283018
5268,19,SS19,printed shirt,0.0,0.0377358490566037
5196,68,SS19,culottes,0.0,0.0
5266,40,SS19,sleeveless,0.0188679245283018,0.0188679245283018
5253,69,SS19,long dress,0.0,0.0943396226415094
5192,86,SS19,sleeveless,0.0,0.0188679245283018
5253,74,SS19,long dress,0.0,0.0
5297,56,SS19,long dress,0.0566037735849056,0.0377358490566037
5122,42,SS19,solid color top,0.0,0.0188679245283018
5253,81,SS19,long dress,0.0377358490566037,0.0188679245283018
5270,107,SS19,long dress,0.0188679245283018,0.0754716981132075
5311,94,SS19,jumpsuit,0.0,0.0754716981132075
5270,85,SS19,long dress,0.0188679245283018,0.0188679245283018
4208,59,SS19,short sleeves,0.0188679245283018,0.0188679245283018
5147,1,SS19,capris,0.0,0.0
5253,26,SS19,long dress,0.0,0.0
5253,46,SS19,long dress,0.0,0.0
5270,68,SS19,long dress,0.0,0.0
5253,53,SS19,long dress,0.0188679245283018,0.0377358490566037
5253,32,SS19,long dress,0.0188679245283018,0.0
5253,67,SS19,long dress,0.0,0.0
5298,8,SS19,long cardigan,0.0188679245283018,0.0
5253,101,SS19,long dress,0.0,0.0
5162,109,SS19,long sleeve,0.0566037735849056,0.0188679245283018
5232,25,SS19,sleeveless,0.0188679245283018,0.0
5253,107,SS19,long dress,0.0,0.0188679245283018
5253,83,SS19,long dress,0.0188679245283018,0.0377358490566037
5316,30,SS19,culottes,0.0754716981132075,0.0943396226415094
5250,31,SS19,long dress,0.0188679245283018,0.0188679245283018
5188,10,SS19,sleeveless,0.0,0.0
5250,15,SS19,long dress,0.0,0.0377358490566037
5311,80,SS19,jumpsuit,0.0943396226415094,0.0754716981132075
5134,77,SS19,drop sleeve,0.0,0.0
5311,79,SS19,jumpsuit,0.0,0.1132075471698113
5316,12,SS19,culottes,0.1320754716981132,0.0754716981132075
5196,50,SS19,culottes,0.0,0.0188679245283018
5122,67,SS19,solid color top,0.0,0.0
5316,49,SS19,culottes,0.0566037735849056,0.0754716981132075
5316,7,SS19,culottes,0.0754716981132075,0.0377358490566037
5122,85,SS19,solid color top,0.0,0.0
5316,15,SS19,culottes,0.0188679245283018,0.0566037735849056
5253,85,SS19,long dress,0.0,0.0
5270,35,SS19,long dress,0.0,0.0377358490566037
5288,19,SS19,solid color top,0.0,0.0
5222,33,SS19,culottes,0.0,0.0
5222,109,SS19,culottes,0.0,0.0
5269,79,SS19,culottes,0.0,0.0188679245283018
5269,12,SS19,culottes,0.0,0.0
5285,43,SS19,solid color top,0.0188679245283018,0.0
5308,29,SS19,culottes,0.0188679245283018,0.0188679245283018
5285,15,SS19,solid color top,0.0377358490566037,0.0188679245283018
5145,110,SS19,doll dress,0.0188679245283018,0.0
5285,12,SS19,solid color top,0.0377358490566037,0.0188679245283018
5220,27,SS19,culottes,0.0,0.0188679245283018
5234,8,SS19,short sleeves,0.0188679245283018,0.0
5234,4,SS19,short sleeves,0.0,0.0188679245283018
5276,54,SS19,sleeveless,0.0188679245283018,0.0188679245283018
5299,51,SS19,short sleeves,0.0,0.0
5242,12,SS19,printed shirt,0.0,0.0377358490566037
5242,15,SS19,printed shirt,0.0,0.0188679245283018
5191,10,SS19,solid color top,0.0188679245283018,0.0566037735849056
5125,31,SS19,culottes,0.0,0.0
5242,31,SS19,printed shirt,0.0,0.1698113207547169
5220,51,SS19,culottes,0.0,0.0188679245283018
5147,31,SS19,capris,0.0,0.0
5298,73,SS19,long cardigan,0.0,0.0
5220,68,SS19,culottes,0.0,0.0188679245283018
5242,19,SS19,printed shirt,0.0188679245283018,0.0
5269,3,SS19,culottes,0.0,0.0188679245283018
5269,45,SS19,culottes,0.0,0.0377358490566037
5286,29,SS19,shorts,0.0,0.0
5243,26,SS19,shorts,0.0,0.0
5234,90,SS19,short sleeves,0.0377358490566037,0.0188679245283018
5243,36,SS19,shorts,0.0,0.0
5220,21,SS19,culottes,0.0377358490566037,0.0188679245283018
5173,57,SS19,kimono dress,0.0377358490566037,0.0
5284,31,SS19,long dress,0.0,0.0377358490566037
5176,57,SS19,jumpsuit,0.0,0.0188679245283018
5269,46,SS19,culottes,0.0566037735849056,0.0377358490566037
5269,5,SS19,culottes,0.0,0.0377358490566037
5312,35,SS19,sleeveless,0.0,0.0
5269,69,SS19,culottes,0.0188679245283018,0.0188679245283018
5285,69,SS19,solid color top,0.0188679245283018,0.0188679245283018
5225,36,SS19,capris,0.0,0.1132075471698113
5243,85,SS19,shorts,0.0,0.0
5243,47,SS19,shorts,0.0,0.0188679245283018
5285,20,SS19,solid color top,0.0377358490566037,0.0
4209,24,SS19,culottes,0.0,0.0
5220,69,SS19,culottes,0.0,0.0566037735849056
5269,82,SS19,culottes,0.0,0.0
5284,69,SS19,long dress,0.0,0.0
5242,75,SS19,printed shirt,0.0,0.0188679245283018
5276,66,SS19,sleeveless,0.0,0.0
5276,60,SS19,sleeveless,0.0188679245283018,0.0
5276,83,SS19,sleeveless,0.0188679245283018,0.0
5264,46,SS19,solid color top,0.0,0.0
5264,18,SS19,solid color top,0.0,0.0
5272,56,SS19,shorts,0.0,0.0
5287,82,SS19,shorts,0.0,0.0188679245283018
5264,41,SS19,solid color top,0.0,0.0
5220,12,SS19,culottes,0.0188679245283018,0.0754716981132075
5280,30,SS19,solid color top,0.0,0.0754716981132075
5280,12,SS19,solid color top,0.0,0.0
5308,18,SS19,culottes,0.0,0.0
5220,54,SS19,culottes,0.0,0.0188679245283018
4143,32,SS19,culottes,0.0377358490566037,0.0
5312,36,SS19,sleeveless,0.0377358490566037,0.0
5268,46,SS19,printed shirt,0.0,0.0
5275,46,SS19,gitana skirt,0.0188679245283018,0.0188679245283018
5298,14,SS19,long cardigan,0.0943396226415094,0.0566037735849056
5280,45,SS19,solid color top,0.0,0.0
5280,69,SS19,solid color top,0.0,0.0188679245283018
5268,18,SS19,printed shirt,0.0,0.0377358490566037
5280,81,SS19,solid color top,0.0188679245283018,0.0
5280,75,SS19,solid color top,0.0,0.0
5264,69,SS19,solid color top,0.0,0.0
5264,53,SS19,solid color top,0.0,0.0
5264,83,SS19,solid color top,0.0,0.0
5220,22,SS19,culottes,0.0377358490566037,0.0188679245283018
5298,80,SS19,long cardigan,0.0,0.0
5276,14,SS19,sleeveless,0.0566037735849056,0.0188679245283018
5284,15,SS19,long dress,0.0,0.0
5243,110,SS19,shorts,0.0,0.0
5234,21,SS19,short sleeves,0.0188679245283018,0.0377358490566037
5243,43,SS19,shorts,0.0,0.0
5242,13,SS19,printed shirt,0.0,0.0
5272,36,SS19,shorts,0.0,0.0
5259,63,SS19,patterned top,0.0,0.0377358490566037
5259,18,SS19,patterned top,0.0,0.0
5220,13,SS19,culottes,0.0,0.0188679245283018
5298,39,SS19,long cardigan,0.0754716981132075,0.0
5276,28,SS19,sleeveless,0.0188679245283018,0.0
5308,57,SS19,culottes,0.0,0.0
5264,12,SS19,solid color top,0.0,0.0377358490566037
5264,19,SS19,solid color top,0.0,0.0
5091,22,SS19,long dress,0.0,0.0
5272,22,SS19,shorts,0.0,0.0
5276,77,SS19,sleeveless,0.0,0.0
5276,20,SS19,sleeveless,0.0,0.0188679245283018
5286,63,SS19,shorts,0.0,0.0
5207,41,SS19,doll dress,0.0,0.0
4232,27,SS19,culottes,0.0188679245283018,0.0
5269,63,SS19,culottes,0.0188679245283018,0.0754716981132075
5312,13,SS19,sleeveless,0.0,0.0377358490566037
5284,9,SS19,long dress,0.1320754716981132,0.0377358490566037
5284,80,SS19,long dress,0.0,0.0188679245283018
5268,20,SS19,printed shirt,0.0,0.0
5225,14,SS19,capris,0.0188679245283018,0.0188679245283018
5152,81,SS19,capris,0.0,0.0188679245283018
5284,85,SS19,long dress,0.0,0.0
5225,38,SS19,capris,0.0,0.0188679245283018
5210,69,SS19,long dress,0.0188679245283018,0.0188679245283018
5225,9,SS19,capris,0.0,0.0188679245283018
5284,43,SS19,long dress,0.0,0.0377358490566037
5110,53,SS19,short sleeves,0.0,0.0
5268,82,SS19,printed shirt,0.0,0.0
5208,67,SS19,patterned top,0.0188679245283018,0.0188679245283018
5225,49,SS19,capris,0.0,0.0188679245283018
5313,30,SS19,shorts,0.0,0.0
5313,12,SS19,shorts,0.0188679245283018,0.0377358490566037
5284,14,SS19,long dress,0.0,0.0
5313,49,SS19,shorts,0.0377358490566037,0.0
5268,83,SS19,printed shirt,0.0188679245283018,0.0754716981132075
5275,35,SS19,gitana skirt,0.0188679245283018,0.0188679245283018
5210,50,SS19,long dress,0.0,0.0
5275,40,SS19,gitana skirt,0.0377358490566037,0.0188679245283018
5268,47,SS19,printed shirt,0.0377358490566037,0.0566037735849056
5252,104,SS19,culottes,0.0188679245283018,0.0188679245283018
5225,76,SS19,capris,0.0377358490566037,0.0188679245283018
5252,4,SS19,culottes,0.0188679245283018,0.0188679245283018
5252,90,SS19,culottes,0.0188679245283018,0.0
5225,77,SS19,capris,0.0188679245283018,0.0377358490566037
5225,45,SS19,capris,0.0188679245283018,0.0
5268,50,SS19,printed shirt,0.0,0.0754716981132075
5210,104,SS19,long dress,0.0188679245283018,0.0188679245283018
5268,22,SS19,printed shirt,0.0188679245283018,0.0943396226415094
5252,43,SS19,culottes,0.0188679245283018,0.0
5252,20,SS19,culottes,0.0377358490566037,0.0188679245283018
5284,22,SS19,long dress,0.0,0.0188679245283018
5252,110,SS19,culottes,0.0,0.0
5252,73,SS19,culottes,0.0188679245283018,0.0
5312,15,SS19,sleeveless,0.0,0.0188679245283018
5268,51,SS19,printed shirt,0.0,0.1886792452830188
5284,3,SS19,long dress,0.0188679245283018,0.0
5152,77,SS19,capris,0.0,0.0
5309,56,SS19,sleeveless,0.0,0.0754716981132075
5252,80,SS19,culottes,0.0,0.0
5252,51,SS19,culottes,0.0,0.0
5313,56,SS19,shorts,0.0,0.0
5208,74,SS19,patterned top,0.0,0.0
5189,74,SS19,culottes,0.0188679245283018,0.0188679245283018
5081,38,SS19,short sleeves,0.0,0.0
5263,36,SS19,culottes,0.0377358490566037,0.0188679245283018
5312,77,SS19,sleeveless,0.0,0.0
5263,53,SS19,culottes,0.0188679245283018,0.0188679245283018
5298,56,SS19,long cardigan,0.0188679245283018,0.0377358490566037
5310,49,SS19,short sleeves,0.0188679245283018,0.0377358490566037
5263,73,SS19,culottes,0.0188679245283018,0.0188679245283018
5263,12,SS19,culottes,0.0754716981132075,0.0
5310,15,SS19,short sleeves,0.0188679245283018,0.0188679245283018
5225,74,SS19,capris,0.0,0.0754716981132075
5310,94,SS19,short sleeves,0.0188679245283018,0.0188679245283018
5310,77,SS19,short sleeves,0.0,0.0
5310,29,SS19,short sleeves,0.0,0.0
5286,50,SS19,shorts,0.0188679245283018,0.0188679245283018
5286,22,SS19,shorts,0.0,0.0
4209,73,SS19,culottes,0.0188679245283018,0.0
5286,45,SS19,shorts,0.0,0.0188679245283018
5220,44,SS19,culottes,0.0188679245283018,0.0
5286,51,SS19,shorts,0.0,0.0
5286,53,SS19,shorts,0.0,0.0
5310,80,SS19,short sleeves,0.0,0.0
5298,13,SS19,long cardigan,0.0,0.0566037735849056
5252,12,SS19,culottes,0.0,0.0377358490566037
5310,10,SS19,short sleeves,0.0,0.0
5189,32,SS19,culottes,0.0377358490566037,0.0
5323,12,SS19,drop sleeve,0.0188679245283018,0.0
5284,19,SS19,long dress,0.0,0.0
5189,30,SS19,culottes,0.0188679245283018,0.0
5268,53,SS19,printed shirt,0.0,0.0
5231,75,SS19,short sleeves,0.0,0.0
5185,36,SS19,culottes,0.0188679245283018,0.0377358490566037
5225,83,SS19,capris,0.0377358490566037,0.0
5225,85,SS19,capris,0.0566037735849056,0.0
5231,5,SS19,short sleeves,0.0188679245283018,0.0188679245283018
5185,74,SS19,culottes,0.0,0.0188679245283018
5231,40,SS19,short sleeves,0.0188679245283018,0.0
5225,67,SS19,capris,0.0,0.0566037735849056
5234,26,SS19,short sleeves,0.0,0.0
5301,94,SS19,short sleeves,0.0188679245283018,0.0
5149,57,SS19,capris,0.0,0.0
5301,7,SS19,short sleeves,0.0188679245283018,0.0
5298,52,SS19,long cardigan,0.0188679245283018,0.0377358490566037
5275,107,SS19,gitana skirt,0.0,0.0188679245283018
5310,12,SS19,short sleeves,0.0,0.0
5252,15,SS19,culottes,0.0188679245283018,0.0
5269,18,SS19,culottes,0.0188679245283018,0.0
5198,85,SS19,culottes,0.0,0.0377358490566037
5284,7,SS19,long dress,0.0,0.0
5276,0,SS19,sleeveless,0.0377358490566037,0.0
5274,90,SS19,sleeveless,0.0,0.0188679245283018
5274,35,SS19,sleeveless,0.0188679245283018,0.0
5288,12,SS19,solid color top,0.0,0.0
4220,101,SS19,culottes,0.0,0.0
5195,69,SS19,long sleeve,0.0,0.0
5222,12,SS19,culottes,0.0377358490566037,0.0566037735849056
5268,13,SS19,printed shirt,0.0,0.0377358490566037
5234,40,SS19,short sleeves,0.0188679245283018,0.0
5195,74,SS19,long sleeve,0.0188679245283018,0.0377358490566037
5274,18,SS19,sleeveless,0.0,0.0
5215,76,SS19,jumpsuit,0.0188679245283018,0.0377358490566037
5274,48,SS19,sleeveless,0.0,0.0
5274,65,SS19,sleeveless,0.0,0.0
5274,12,SS19,sleeveless,0.0,0.0188679245283018
5274,62,SS19,sleeveless,0.0188679245283018,0.0188679245283018
5265,29,SS19,sleeveless,0.0,0.0
5265,100,SS19,sleeveless,0.0,0.0
5265,63,SS19,sleeveless,0.0,0.0
5265,59,SS19,sleeveless,0.0188679245283018,0.0
5198,101,SS19,culottes,0.0,0.0188679245283018
5302,30,SS19,sleeveless,0.0,0.0
5265,8,SS19,sleeveless,0.0,0.0188679245283018
5298,67,SS19,long cardigan,0.0,0.0
5242,18,SS19,printed shirt,0.0,0.0
5236,36,SS19,gitana skirt,0.0377358490566037,0.0188679245283018
5272,35,SS19,shorts,0.0,0.0
5198,28,SS19,culottes,0.0,0.0188679245283018
5195,0,SS19,long sleeve,0.0377358490566037,0.0566037735849056
5242,47,SS19,printed shirt,0.0188679245283018,0.0
5242,20,SS19,printed shirt,0.0,0.0
5198,13,SS19,culottes,0.0,0.0188679245283018
5242,82,SS19,printed shirt,0.0,0.0
5242,83,SS19,printed shirt,0.0,0.0566037735849056
5276,63,SS19,sleeveless,0.0188679245283018,0.0188679245283018
5198,33,SS19,culottes,0.0188679245283018,0.0
5201,51,SS19,long dress,0.0188679245283018,0.0377358490566037
5201,107,SS19,long dress,0.0,0.0188679245283018
5242,36,SS19,printed shirt,0.0,0.0188679245283018
5250,95,SS19,long dress,0.0377358490566037,0.0188679245283018
5198,68,SS19,culottes,0.0,0.0188679245283018
5242,46,SS19,printed shirt,0.0188679245283018,0.0188679245283018
5274,100,SS19,sleeveless,0.0,0.0
5296,18,SS19,culottes,0.0,0.0188679245283018
5296,90,SS19,culottes,0.0188679245283018,0.0
5242,69,SS19,printed shirt,0.0188679245283018,0.0377358490566037
5222,14,SS19,culottes,0.0,0.0188679245283018
5296,46,SS19,culottes,0.0,0.0188679245283018
5222,73,SS19,culottes,0.0,0.0
5296,3,SS19,culottes,0.0,0.0188679245283018
5296,6,SS19,culottes,0.0,0.0
5240,22,SS19,long sleeve,0.0,0.0
5296,43,SS19,culottes,0.0,0.0
5240,3,SS19,long sleeve,0.0,0.0
5195,82,SS19,long sleeve,0.0,0.0
5296,79,SS19,culottes,0.0188679245283018,0.0377358490566037
5240,12,SS19,long sleeve,0.0,0.0188679245283018
5296,48,SS19,culottes,0.0188679245283018,0.0188679245283018
5240,36,SS19,long sleeve,0.0,0.0
5296,19,SS19,culottes,0.0,0.0
5296,31,SS19,culottes,0.0,0.0
5296,15,SS19,culottes,0.0,0.0188679245283018
5215,93,SS19,jumpsuit,0.0,0.0188679245283018
5296,12,SS19,culottes,0.0188679245283018,0.0566037735849056
4230,101,SS19,culottes,0.0,0.0
5146,9,SS19,culottes,0.0,0.0
5296,54,SS19,culottes,0.0,0.0
5296,30,SS19,culottes,0.0,0.0
5258,14,SS19,culottes,0.0,0.0
5296,66,SS19,culottes,0.0188679245283018,0.0
5240,46,SS19,long sleeve,0.0,0.0
5240,21,SS19,long sleeve,0.0,0.0
5198,82,SS19,culottes,0.0,0.0377358490566037
5296,26,SS19,culottes,0.0188679245283018,0.0754716981132075
5265,46,SS19,sleeveless,0.0,0.0
5296,81,SS19,culottes,0.0,0.0
5265,50,SS19,sleeveless,0.0,0.0
5265,16,SS19,sleeveless,0.0,0.0
5265,56,SS19,sleeveless,0.0,0.0
5296,72,SS19,culottes,0.0,0.0
5268,56,SS19,printed shirt,0.0,0.0
5296,83,SS19,culottes,0.0,0.0188679245283018
5265,60,SS19,sleeveless,0.0,0.0
5265,19,SS19,sleeveless,0.0,0.0
5265,10,SS19,sleeveless,0.0,0.0
5265,12,SS19,sleeveless,0.0,0.0188679245283018
5296,107,SS19,culottes,0.0,0.0188679245283018
5296,68,SS19,culottes,0.0,0.0
5296,77,SS19,culottes,0.0,0.0377358490566037
5296,45,SS19,culottes,0.0,0.0
5296,52,SS19,culottes,0.0,0.0188679245283018
5296,28,SS19,culottes,0.0,0.0
5296,99,SS19,culottes,0.0,0.0188679245283018
5296,5,SS19,culottes,0.0,0.0188679245283018
5236,69,SS19,gitana skirt,0.0754716981132075,0.0188679245283018
5280,18,SS19,solid color top,0.0,0.0
5198,110,SS19,culottes,0.0188679245283018,0.0
4217,42,SS19,culottes,0.0188679245283018,0.0
5308,40,SS19,culottes,0.0,0.0
5308,42,SS19,culottes,0.0,0.0188679245283018
5191,94,SS19,solid color top,0.0,0.0
5211,31,SS19,culottes,0.0,0.0
5284,10,SS19,long dress,0.0188679245283018,0.0188679245283018
5318,36,SS19,jumpsuit,0.0,0.0
5137,3,SS19,shorts,0.0188679245283018,0.0
5237,51,SS19,gitana skirt,0.0,0.0
5237,77,SS19,gitana skirt,0.0,0.0188679245283018
5308,26,SS19,culottes,0.0377358490566037,0.0188679245283018
5318,35,SS19,jumpsuit,0.0,0.0
5237,46,SS19,gitana skirt,0.0,0.0
5148,101,SS19,sleeveless,0.0188679245283018,0.0566037735849056
5237,100,SS19,gitana skirt,0.0,0.0
5237,29,SS19,gitana skirt,0.0,0.0
5211,93,SS19,culottes,0.0188679245283018,0.0
5235,94,SS19,gitana skirt,0.0188679245283018,0.0
5284,12,SS19,long dress,0.0188679245283018,0.0
5211,22,SS19,culottes,0.0,0.0
5235,14,SS19,gitana skirt,0.0188679245283018,0.0
5318,69,SS19,jumpsuit,0.0,0.0
5225,8,SS19,capris,0.0,0.0188679245283018
5308,46,SS19,culottes,0.0,0.0188679245283018
5208,43,SS19,patterned top,0.0188679245283018,0.0
5272,10,SS19,shorts,0.0188679245283018,0.0
5242,45,SS19,printed shirt,0.0,0.0188679245283018
5272,2,SS19,shorts,0.0,0.0
5276,8,SS19,sleeveless,0.0,0.0
5237,12,SS19,gitana skirt,0.0,0.0188679245283018
5284,46,SS19,long dress,0.0,0.0
5284,8,SS19,long dress,0.0188679245283018,0.0377358490566037
5284,29,SS19,long dress,0.0,0.0188679245283018
5273,63,SS19,sleeveless,0.0377358490566037,0.0377358490566037
5275,68,SS19,gitana skirt,0.0377358490566037,0.0
5237,3,SS19,gitana skirt,0.0,0.0377358490566037
5198,30,SS19,culottes,0.0,0.0
5273,18,SS19,sleeveless,0.0377358490566037,0.0188679245283018
5198,12,SS19,culottes,0.0,0.0188679245283018
5242,51,SS19,printed shirt,0.0,0.0566037735849056
5114,117,SS19,long dress,0.0,0.0188679245283018
4210,23,SS19,culottes,0.0188679245283018,0.0
5148,25,SS19,sleeveless,0.0,0.0377358490566037
5273,69,SS19,sleeveless,0.0566037735849056,0.0188679245283018
5273,85,SS19,sleeveless,0.0188679245283018,0.0188679245283018
5309,77,SS19,sleeveless,0.0188679245283018,0.0566037735849056
5149,84,SS19,capris,0.0188679245283018,0.0
5215,46,SS19,jumpsuit,0.0188679245283018,0.0
5149,65,SS19,capris,0.0,0.0
5239,50,SS19,sleeveless,0.0,0.0
5239,99,SS19,sleeveless,0.0,0.0
5239,3,SS19,sleeveless,0.0,0.0
5239,6,SS19,sleeveless,0.0377358490566037,0.0188679245283018
5239,48,SS19,sleeveless,0.0188679245283018,0.0
5239,75,SS19,sleeveless,0.0188679245283018,0.0
5239,12,SS19,sleeveless,0.0,0.0188679245283018
5281,59,SS19,sleeveless,0.0,0.0188679245283018
5281,99,SS19,sleeveless,0.0,0.0
5239,93,SS19,sleeveless,0.0,0.0
5235,100,SS19,gitana skirt,0.0188679245283018,0.0188679245283018
5308,12,SS19,culottes,0.0,0.0
5308,54,SS19,culottes,0.0188679245283018,0.0
5308,30,SS19,culottes,0.0,0.0
5296,21,SS19,culottes,0.0,0.0
5148,64,SS19,sleeveless,0.0,0.0
5114,6,SS19,long dress,0.0188679245283018,0.0
5259,46,SS19,patterned top,0.0,0.0377358490566037
5250,29,SS19,long dress,0.0188679245283018,0.0377358490566037
5260,90,SS19,culottes,0.0377358490566037,0.0
5281,14,SS19,sleeveless,0.0377358490566037,0.0
5239,45,SS19,sleeveless,0.0,0.0
5239,76,SS19,sleeveless,0.0188679245283018,0.0188679245283018
5308,86,SS19,culottes,0.0,0.0
5312,10,SS19,sleeveless,0.0,0.1132075471698113
5149,31,SS19,capris,0.0,0.0
5149,15,SS19,capris,0.0,0.0
5149,2,SS19,capris,0.0,0.0
5191,95,SS19,solid color top,0.0566037735849056,0.0188679245283018
4128,26,SS19,kimono dress,0.0188679245283018,0.0
4217,16,SS19,culottes,0.0,0.0
5211,38,SS19,culottes,0.0188679245283018,0.0
5260,33,SS19,culottes,0.0377358490566037,0.0377358490566037
5284,2,SS19,long dress,0.0,0.0
5235,3,SS19,gitana skirt,0.0,0.0188679245283018
5260,47,SS19,culottes,0.0377358490566037,0.0
5235,56,SS19,gitana skirt,0.0188679245283018,0.0
5195,102,SS19,long sleeve,0.0,0.0
5235,72,SS19,gitana skirt,0.0188679245283018,0.0
5125,39,SS19,culottes,0.0,0.0188679245283018
5235,69,SS19,gitana skirt,0.0,0.0566037735849056
5308,93,SS19,culottes,0.0566037735849056,0.0188679245283018
5308,6,SS19,culottes,0.0,0.0188679245283018
5308,73,SS19,culottes,0.0,0.0188679245283018
5308,43,SS19,culottes,0.0,0.0
5236,82,SS19,gitana skirt,0.0377358490566037,0.0377358490566037
5259,30,SS19,patterned top,0.0754716981132075,0.0188679245283018
5244,53,SS19,long sleeve,0.0,0.0188679245283018
5309,40,SS19,sleeveless,0.0377358490566037,0.0566037735849056
5245,74,SS19,culottes,0.0,0.0
5275,79,SS19,gitana skirt,0.0754716981132075,0.0377358490566037
5275,73,SS19,gitana skirt,0.0,0.0
5245,81,SS19,culottes,0.0188679245283018,0.0
5283,2,SS19,shorts,0.0,0.0
5245,26,SS19,culottes,0.0566037735849056,0.0754716981132075
5245,46,SS19,culottes,0.0,0.0188679245283018
5279,9,SS19,doll dress,0.0,0.0
5275,56,SS19,gitana skirt,0.0377358490566037,0.0
5245,18,SS19,culottes,0.0188679245283018,0.0188679245283018
5262,99,SS19,culottes,0.0,0.0
5262,20,SS19,culottes,0.0,0.0
5262,26,SS19,culottes,0.0188679245283018,0.0188679245283018
5279,110,SS19,doll dress,0.0566037735849056,0.0188679245283018
5277,84,SS19,culottes,0.0188679245283018,0.0566037735849056
5277,66,SS19,culottes,0.0377358490566037,0.0377358490566037
5245,59,SS19,culottes,0.0566037735849056,0.0188679245283018
5245,63,SS19,culottes,0.0188679245283018,0.0
5277,94,SS19,culottes,0.0188679245283018,0.0566037735849056
5277,65,SS19,culottes,0.0566037735849056,0.0566037735849056
5277,15,SS19,culottes,0.1886792452830188,0.0566037735849056
5245,21,SS19,culottes,0.0188679245283018,0.0
5262,40,SS19,culottes,0.0,0.0
5208,64,SS19,patterned top,0.0,0.0
5283,12,SS19,shorts,0.0,0.0
5275,15,SS19,gitana skirt,0.0188679245283018,0.0566037735849056
5245,32,SS19,culottes,0.0566037735849056,0.0
5245,53,SS19,culottes,0.0,0.0566037735849056
5277,14,SS19,culottes,0.0188679245283018,0.0
5278,82,SS19,long sleeve,0.0,0.0
5277,60,SS19,culottes,0.0566037735849056,0.0
5277,75,SS19,culottes,0.1132075471698113,0.0188679245283018
5207,6,SS19,doll dress,0.0377358490566037,0.0377358490566037
5283,43,SS19,shorts,0.0,0.0
5294,2,SS19,shorts,0.0,0.0
5278,26,SS19,long sleeve,0.0,0.0
5262,110,SS19,culottes,0.0,0.0188679245283018
5188,7,SS19,sleeveless,0.0,0.0
5278,18,SS19,long sleeve,0.0,0.0
5278,100,SS19,long sleeve,0.0188679245283018,0.0
5188,39,SS19,sleeveless,0.0,0.0377358490566037
5278,29,SS19,long sleeve,0.0188679245283018,0.0
5278,64,SS19,long sleeve,0.0377358490566037,0.0
5188,73,SS19,sleeveless,0.0,0.0
5262,43,SS19,culottes,0.0,0.0
5275,12,SS19,gitana skirt,0.0,0.0188679245283018
5262,80,SS19,culottes,0.0,0.0
5275,7,SS19,gitana skirt,0.0,0.0377358490566037
5278,46,SS19,long sleeve,0.0,0.0188679245283018
5245,57,SS19,culottes,0.0,0.0188679245283018
5245,29,SS19,culottes,0.0377358490566037,0.0188679245283018
5245,64,SS19,culottes,0.0,0.0188679245283018
5194,73,SS19,long sleeve,0.0,0.0
5267,20,SS19,solid color top,0.0,0.0
5267,51,SS19,solid color top,0.0754716981132075,0.0377358490566037
5267,50,SS19,solid color top,0.0943396226415094,0.0377358490566037
5267,5,SS19,solid color top,0.0566037735849056,0.0377358490566037
5316,67,SS19,culottes,0.0,0.0943396226415094
5194,90,SS19,long sleeve,0.0,0.0
5316,40,SS19,culottes,0.0754716981132075,0.0188679245283018
5246,30,SS19,long sleeve,0.0754716981132075,0.0188679245283018
5246,54,SS19,long sleeve,0.0188679245283018,0.0
5194,80,SS19,long sleeve,0.0,0.0
5246,2,SS19,long sleeve,0.0377358490566037,0.2264150943396226
5246,12,SS19,long sleeve,0.0377358490566037,0.0377358490566037
5246,49,SS19,long sleeve,0.0188679245283018,0.0566037735849056
5267,43,SS19,solid color top,0.0,0.0
5246,15,SS19,long sleeve,0.0566037735849056,0.0377358490566037
5246,65,SS19,long sleeve,0.0188679245283018,0.0188679245283018
5246,84,SS19,long sleeve,0.0566037735849056,0.0377358490566037
5246,60,SS19,long sleeve,0.0566037735849056,0.0377358490566037
5246,14,SS19,long sleeve,0.0754716981132075,0.0943396226415094
5246,43,SS19,long sleeve,0.0377358490566037,0.0566037735849056
5216,63,SS19,doll dress,0.0,0.0377358490566037
5188,33,SS19,sleeveless,0.0,0.0
5267,83,SS19,solid color top,0.0377358490566037,0.0566037735849056
5279,93,SS19,doll dress,0.0,0.0188679245283018
5275,16,SS19,gitana skirt,0.0377358490566037,0.0
5277,10,SS19,culottes,0.0377358490566037,0.0943396226415094
5277,12,SS19,culottes,0.0566037735849056,0.0943396226415094
5277,2,SS19,culottes,0.0188679245283018,0.0754716981132075
5277,54,SS19,culottes,0.0,0.0
5279,99,SS19,doll dress,0.0377358490566037,0.0
5218,110,SS19,long sleeve,0.0566037735849056,0.0
5268,100,SS19,printed shirt,0.0,0.0566037735849056
5112,38,SS19,doll dress,0.0188679245283018,0.0188679245283018
5309,41,SS19,sleeveless,0.0188679245283018,0.0188679245283018
5309,29,SS19,sleeveless,0.0188679245283018,0.0188679245283018
5316,77,SS19,culottes,0.0188679245283018,0.0377358490566037
5268,63,SS19,printed shirt,0.0,0.0377358490566037
5112,0,SS19,doll dress,0.0,0.0188679245283018
5279,29,SS19,doll dress,0.0,0.0
5317,69,SS19,short sleeves,0.0566037735849056,0.0377358490566037
5322,53,SS19,long dress,0.0,0.0
5322,40,SS19,long dress,0.0,0.0
5322,69,SS19,long dress,0.0188679245283018,0.0754716981132075
5322,35,SS19,long dress,0.0188679245283018,0.0377358490566037
5322,36,SS19,long dress,0.0,0.0377358490566037
5317,100,SS19,short sleeves,0.0,0.0
5194,10,SS19,long sleeve,0.0,0.0
5322,100,SS19,long dress,0.0,0.0
5245,85,SS19,culottes,0.0188679245283018,0.0377358490566037
5216,8,SS19,doll dress,0.0,0.0
5278,20,SS19,long sleeve,0.0188679245283018,0.0188679245283018
5245,82,SS19,culottes,0.0377358490566037,0.0377358490566037
5292,19,SS19,drop sleeve,0.0,0.0377358490566037
5292,66,SS19,drop sleeve,0.0,0.0188679245283018
5277,83,SS19,culottes,0.0377358490566037,0.0
5120,77,SS19,solid color top,0.0,0.0
5292,31,SS19,drop sleeve,0.0,0.0
5277,107,SS19,culottes,0.0188679245283018,0.0188679245283018
5277,82,SS19,culottes,0.0,0.0188679245283018
5294,22,SS19,shorts,0.0,0.0
5120,110,SS19,solid color top,0.0,0.0377358490566037
5245,2,SS19,culottes,0.0188679245283018,0.0
5292,60,SS19,drop sleeve,0.0,0.0188679245283018
5245,12,SS19,culottes,0.0566037735849056,0.2264150943396226
5300,100,SS19,culottes,0.0,0.0
5245,31,SS19,culottes,0.0,0.0188679245283018
5277,20,SS19,culottes,0.0566037735849056,0.0754716981132075
5245,65,SS19,culottes,0.0188679245283018,0.0566037735849056
5245,94,SS19,culottes,0.0377358490566037,0.0377358490566037
5300,29,SS19,culottes,0.0188679245283018,0.0188679245283018
5245,66,SS19,culottes,0.0,0.0377358490566037
5277,47,SS19,culottes,0.0,0.0566037735849056
5300,41,SS19,culottes,0.0188679245283018,0.0
5207,45,SS19,doll dress,0.0,0.0
5245,15,SS19,culottes,0.1320754716981132,0.0188679245283018
5245,48,SS19,culottes,0.0,0.0
5292,48,SS19,drop sleeve,0.0377358490566037,0.0377358490566037
5303,7,SS19,long dress,0.0,0.0188679245283018
5292,27,SS19,drop sleeve,0.0188679245283018,0.0377358490566037
5292,101,SS19,drop sleeve,0.0,0.0188679245283018
5292,42,SS19,drop sleeve,0.0,0.0
5292,20,SS19,drop sleeve,0.0,0.0
5292,38,SS19,drop sleeve,0.0377358490566037,0.0566037735849056
5292,68,SS19,drop sleeve,0.0188679245283018,0.0566037735849056
5292,45,SS19,drop sleeve,0.0,0.0
5292,22,SS19,drop sleeve,0.0566037735849056,0.0377358490566037
5303,80,SS19,long dress,0.0,0.0
5277,69,SS19,culottes,0.0,0.0566037735849056
5087,10,SS19,solid color top,0.0188679245283018,0.0
5292,93,SS19,drop sleeve,0.0377358490566037,0.0566037735849056
5120,25,SS19,solid color top,0.0,0.0
5292,28,SS19,drop sleeve,0.0,0.0188679245283018
5292,99,SS19,drop sleeve,0.1132075471698113,0.0377358490566037
5292,5,SS19,drop sleeve,0.0377358490566037,0.0377358490566037
5292,3,SS19,drop sleeve,0.0377358490566037,0.0566037735849056
5292,6,SS19,drop sleeve,0.0188679245283018,0.0
5292,9,SS19,drop sleeve,0.0,0.0
5277,32,SS19,culottes,0.0943396226415094,0.0188679245283018
5283,5,SS19,shorts,0.0,0.0
5277,85,SS19,culottes,0.0188679245283018,0.0566037735849056
5292,16,SS19,drop sleeve,0.0188679245283018,0.0377358490566037
5277,1,SS19,culottes,0.0,0.0
5245,14,SS19,culottes,0.0188679245283018,0.0
5277,68,SS19,culottes,0.0943396226415094,0.0943396226415094
5277,9,SS19,culottes,0.0754716981132075,0.0754716981132075
5245,16,SS19,culottes,0.1132075471698113,0.0
5278,45,SS19,long sleeve,0.0377358490566037,0.0
5277,73,SS19,culottes,0.0188679245283018,0.0377358490566037
5279,79,SS19,doll dress,0.0188679245283018,0.0188679245283018
5245,22,SS19,culottes,0.0566037735849056,0.0754716981132075
5245,52,SS19,culottes,0.0377358490566037,0.0566037735849056
5245,45,SS19,culottes,0.0566037735849056,0.0188679245283018
5245,24,SS19,culottes,0.0566037735849056,0.0377358490566037
5279,86,SS19,doll dress,0.0,0.0
5245,28,SS19,culottes,0.0377358490566037,0.0566037735849056
5142,24,SS19,patterned top,0.0,0.0188679245283018
5245,68,SS19,culottes,0.0188679245283018,0.0
5245,1,SS19,culottes,0.0,0.0
5245,47,SS19,culottes,0.0943396226415094,0.1320754716981132
5245,38,SS19,culottes,0.0,0.0
5245,20,SS19,culottes,0.0754716981132075,0.0377358490566037
5245,42,SS19,culottes,0.0377358490566037,0.0188679245283018
5245,101,SS19,culottes,0.0,0.0
5245,27,SS19,culottes,0.0377358490566037,0.0566037735849056
5283,39,SS19,shorts,0.0,0.0
5245,109,SS19,culottes,0.0,0.0188679245283018
5188,29,SS19,sleeveless,0.0,0.0
5277,3,SS19,culottes,0.1509433962264151,0.0377358490566037
5245,5,SS19,culottes,0.0377358490566037,0.0566037735849056
5245,3,SS19,culottes,0.1132075471698113,0.0566037735849056
5277,51,SS19,culottes,0.0566037735849056,0.0188679245283018
5277,76,SS19,culottes,0.0188679245283018,0.0566037735849056
5277,45,SS19,culottes,0.1132075471698113,0.0754716981132075
5277,22,SS19,culottes,0.0754716981132075,0.0188679245283018
5277,93,SS19,culottes,0.0566037735849056,0.0566037735849056
5294,80,SS19,shorts,0.0,0.0377358490566037
5292,12,SS19,drop sleeve,0.0,0.1132075471698113
5277,50,SS19,culottes,0.0,0.0377358490566037
5292,2,SS19,drop sleeve,0.0,0.0188679245283018
5303,12,SS19,long dress,0.0,0.0
4218,90,SS19,short sleeves,0.0,0.0
5277,16,SS19,culottes,0.1509433962264151,0.0188679245283018
5283,3,SS19,shorts,0.0,0.0
5278,14,SS19,long sleeve,0.0188679245283018,0.0
5292,54,SS19,drop sleeve,0.0,0.0188679245283018
5277,99,SS19,culottes,0.0754716981132075,0.0188679245283018
5278,73,SS19,long sleeve,0.0,0.0
5278,3,SS19,long sleeve,0.0188679245283018,0.0
5305,29,SS19,long dress,0.0,0.0188679245283018
5279,48,SS19,doll dress,0.0,0.0188679245283018
5277,5,SS19,culottes,0.1132075471698113,0.0566037735849056
5245,73,SS19,culottes,0.0,0.0377358490566037
5245,6,SS19,culottes,0.0377358490566037,0.0377358490566037
5245,107,SS19,culottes,0.0188679245283018,0.0
5246,73,SS19,long sleeve,0.0188679245283018,0.0188679245283018
5246,9,SS19,long sleeve,0.0,0.0
5246,110,SS19,long sleeve,0.0188679245283018,0.0377358490566037
5244,26,SS19,long sleeve,0.1320754716981132,0.1132075471698113
5193,30,SS19,long dress,0.0,0.0
5282,102,SS19,long sleeve,0.0,0.0
5244,36,SS19,long sleeve,0.0943396226415094,0.0754716981132075
5244,54,SS19,long sleeve,0.0188679245283018,0.0
5224,83,SS19,long sleeve,0.0,0.0
5244,2,SS19,long sleeve,0.0566037735849056,0.1320754716981132
5244,12,SS19,long sleeve,0.5660377358490566,0.1132075471698113
5279,27,SS19,doll dress,0.0,0.0
5244,49,SS19,long sleeve,0.0377358490566037,0.1132075471698113
5282,0,SS19,long sleeve,0.0,0.0188679245283018
5244,15,SS19,long sleeve,0.0754716981132075,0.0754716981132075
5244,65,SS19,long sleeve,0.0377358490566037,0.0943396226415094
5244,35,SS19,long sleeve,0.0943396226415094,0.0566037735849056
4221,32,SS19,culottes,0.0188679245283018,0.0377358490566037
5244,66,SS19,long sleeve,0.0188679245283018,0.0943396226415094
5244,84,SS19,long sleeve,0.2075471698113207,0.0566037735849056
5244,75,SS19,long sleeve,0.0754716981132075,0.0566037735849056
5244,60,SS19,long sleeve,0.1132075471698113,0.0188679245283018
5244,48,SS19,long sleeve,0.0,0.0377358490566037
5224,67,SS19,long sleeve,0.0,0.0
5244,14,SS19,long sleeve,0.0377358490566037,0.0754716981132075
5244,31,SS19,long sleeve,0.0754716981132075,0.0188679245283018
5244,79,SS19,long sleeve,0.0377358490566037,0.0377358490566037
5224,107,SS19,long sleeve,0.0188679245283018,0.0
5193,66,SS19,long dress,0.0,0.0188679245283018
5282,33,SS19,long sleeve,0.0,0.0
5224,7,SS19,long sleeve,0.0,0.0
5282,22,SS19,long sleeve,0.0,0.0
5282,77,SS19,long sleeve,0.0,0.0188679245283018
5282,68,SS19,long sleeve,0.0188679245283018,0.0188679245283018
5224,19,SS19,long sleeve,0.0377358490566037,0.0188679245283018
5224,14,SS19,long sleeve,0.0,0.0
5282,53,SS19,long sleeve,0.0188679245283018,0.0188679245283018
5224,43,SS19,long sleeve,0.0,0.0
5282,69,SS19,long sleeve,0.0,0.0
5244,18,SS19,long sleeve,0.0377358490566037,0.0188679245283018
5305,52,SS19,long dress,0.0566037735849056,0.0
5244,29,SS19,long sleeve,0.0566037735849056,0.0
5244,104,SS19,long sleeve,0.0566037735849056,0.0
5244,25,SS19,long sleeve,0.0566037735849056,0.0188679245283018
5244,21,SS19,long sleeve,0.1698113207547169,0.0188679245283018
5193,110,SS19,long dress,0.0,0.0188679245283018
5209,30,SS19,patterned top,0.0,0.0
5188,69,SS19,sleeveless,0.0,0.0
5244,63,SS19,long sleeve,0.0566037735849056,0.0188679245283018
5170,45,SS19,jumpsuit,0.0188679245283018,0.0
5244,4,SS19,long sleeve,0.0188679245283018,0.1509433962264151
5282,26,SS19,long sleeve,0.0566037735849056,0.0188679245283018
5279,82,SS19,doll dress,0.0,0.0377358490566037
5244,69,SS19,long sleeve,0.0188679245283018,0.0377358490566037
5224,74,SS19,long sleeve,0.0188679245283018,0.0
5244,68,SS19,long sleeve,0.0377358490566037,0.1886792452830188
5305,40,SS19,long dress,0.0,0.0
5305,69,SS19,long dress,0.0,0.0188679245283018
5305,35,SS19,long dress,0.0,0.0188679245283018
5305,81,SS19,long dress,0.0,0.0
5244,47,SS19,long sleeve,0.0943396226415094,0.0188679245283018
5244,20,SS19,long sleeve,0.1320754716981132,0.1132075471698113
5244,42,SS19,long sleeve,0.0754716981132075,0.0377358490566037
5279,8,SS19,doll dress,0.0,0.0377358490566037
5244,101,SS19,long sleeve,0.0188679245283018,0.0188679245283018
5244,77,SS19,long sleeve,0.0943396226415094,0.0377358490566037
5244,109,SS19,long sleeve,0.0754716981132075,0.0566037735849056
5279,90,SS19,doll dress,0.0377358490566037,0.0188679245283018
5279,26,SS19,doll dress,0.0,0.0
5244,82,SS19,long sleeve,0.1132075471698113,0.0943396226415094
5279,81,SS19,doll dress,0.0,0.0
5244,107,SS19,long sleeve,0.0377358490566037,0.0188679245283018
5244,83,SS19,long sleeve,0.0377358490566037,0.1132075471698113
5244,72,SS19,long sleeve,0.0188679245283018,0.0
5200,60,SS19,drop sleeve,0.0,0.0188679245283018
5279,53,SS19,doll dress,0.0,0.0188679245283018
5244,32,SS19,long sleeve,0.0,0.0188679245283018
5305,100,SS19,long dress,0.0,0.0
5244,51,SS19,long sleeve,0.1320754716981132,0.0943396226415094
5244,76,SS19,long sleeve,0.0377358490566037,0.0188679245283018
5244,24,SS19,long sleeve,0.0754716981132075,0.0
5244,80,SS19,long sleeve,0.0566037735849056,0.1132075471698113
5244,73,SS19,long sleeve,0.0377358490566037,0.0377358490566037
5188,36,SS19,sleeveless,0.0,0.0
5244,9,SS19,long sleeve,0.0566037735849056,0.0
5244,110,SS19,long sleeve,0.0377358490566037,0.0943396226415094
5169,54,SS19,jumpsuit,0.0,0.0
5244,3,SS19,long sleeve,0.2452830188679245,0.0566037735849056
5244,5,SS19,long sleeve,0.1132075471698113,0.0188679245283018
5244,99,SS19,long sleeve,0.0566037735849056,0.0188679245283018
5244,28,SS19,long sleeve,0.0943396226415094,0.0754716981132075
5244,56,SS19,long sleeve,0.0,0.0754716981132075
5224,8,SS19,long sleeve,0.0,0.0188679245283018
5279,57,SS19,doll dress,0.0188679245283018,0.0188679245283018
5279,25,SS19,doll dress,0.0,0.0
5244,16,SS19,long sleeve,0.0377358490566037,0.0188679245283018
5279,21,SS19,doll dress,0.0943396226415094,0.0754716981132075
5279,63,SS19,doll dress,0.0,0.0
5279,59,SS19,doll dress,0.0,0.0
5244,117,SS19,long sleeve,0.0377358490566037,0.0754716981132075
5244,50,SS19,long sleeve,0.0943396226415094,0.1509433962264151
5244,93,SS19,long sleeve,0.0377358490566037,0.0377358490566037
5244,33,SS19,long sleeve,0.0,0.0188679245283018
5279,85,SS19,doll dress,0.0,0.0566037735849056
5224,12,SS19,long sleeve,0.0,0.0
5282,13,SS19,long sleeve,0.0,0.0
5282,99,SS19,long sleeve,0.0188679245283018,0.0188679245283018
5199,23,SS19,long sleeve,0.0,0.0188679245283018
5216,74,SS19,doll dress,0.0,0.0
5246,21,SS19,long sleeve,0.0754716981132075,0.0377358490566037
5246,25,SS19,long sleeve,0.0377358490566037,0.0377358490566037
5246,57,SS19,long sleeve,0.0,0.0
5246,104,SS19,long sleeve,0.0566037735849056,0.0566037735849056
5246,29,SS19,long sleeve,0.0566037735849056,0.0
5246,41,SS19,long sleeve,0.0188679245283018,0.0
5279,76,SS19,doll dress,0.0,0.0377358490566037
5175,63,SS19,jumpsuit,0.0,0.0
5279,51,SS19,doll dress,0.0,0.0
5216,40,SS19,doll dress,0.0,0.0188679245283018
5267,12,SS19,solid color top,0.0377358490566037,0.0188679245283018
5216,76,SS19,doll dress,0.0188679245283018,0.0
5322,29,SS19,long dress,0.0,0.0566037735849056
5322,41,SS19,long dress,0.0,0.0
5199,15,SS19,long sleeve,0.0,0.0
5305,12,SS19,long dress,0.0,0.0
5267,30,SS19,solid color top,0.0,0.0
5268,10,SS19,printed shirt,0.0,0.0188679245283018
5305,15,SS19,long dress,0.0,0.0
5279,20,SS19,doll dress,0.0,0.0188679245283018
5218,43,SS19,long sleeve,0.0377358490566037,0.0566037735849056
5279,68,SS19,doll dress,0.0,0.0188679245283018
5279,24,SS19,doll dress,0.0188679245283018,0.0
5246,18,SS19,long sleeve,0.0377358490566037,0.0188679245283018
5246,46,SS19,long sleeve,0.0,0.0566037735849056
5246,3,SS19,long sleeve,0.0188679245283018,0.0566037735849056
5246,5,SS19,long sleeve,0.0188679245283018,0.0
5279,22,SS19,doll dress,0.0377358490566037,0.0188679245283018
5246,16,SS19,long sleeve,0.0,0.0
5246,13,SS19,long sleeve,0.0,0.0188679245283018
5246,50,SS19,long sleeve,0.0,0.0
5246,93,SS19,long sleeve,0.0566037735849056,0.0188679245283018
5246,33,SS19,long sleeve,0.0188679245283018,0.0188679245283018
5246,22,SS19,long sleeve,0.0,0.0
5246,24,SS19,long sleeve,0.0188679245283018,0.0377358490566037
5246,76,SS19,long sleeve,0.0,0.0188679245283018
5246,51,SS19,long sleeve,0.0566037735849056,0.0
5246,68,SS19,long sleeve,0.0377358490566037,0.0566037735849056
5246,1,SS19,long sleeve,0.0,0.0
5246,47,SS19,long sleeve,0.0188679245283018,0.0377358490566037
5246,20,SS19,long sleeve,0.0,0.0
5246,101,SS19,long sleeve,0.0754716981132075,0.0377358490566037
5246,61,SS19,long sleeve,0.0188679245283018,0.0188679245283018
5246,107,SS19,long sleeve,0.0188679245283018,0.0188679245283018
5246,83,SS19,long sleeve,0.0566037735849056,0.0566037735849056
5246,81,SS19,long sleeve,0.0,0.0
5267,19,SS19,solid color top,0.0,0.0377358490566037
5246,26,SS19,long sleeve,0.0566037735849056,0.0188679245283018
5199,19,SS19,long sleeve,0.0,0.0
5292,109,SS19,drop sleeve,0.0,0.0188679245283018
5216,5,SS19,doll dress,0.0,0.0188679245283018
5199,86,SS19,long sleeve,0.0566037735849056,0.0
5261,12,SS19,solid color top,0.0,0.0188679245283018
5268,12,SS19,printed shirt,0.0,0.0
5257,41,SS19,solid color top,0.0,0.0566037735849056
5257,18,SS19,solid color top,0.0188679245283018,0.0377358490566037
5257,47,SS19,solid color top,0.0566037735849056,0.0
5257,45,SS19,solid color top,0.0188679245283018,0.0
5199,26,SS19,long sleeve,0.0377358490566037,0.0188679245283018
5199,90,SS19,long sleeve,0.0566037735849056,0.0188679245283018
5199,0,SS19,long sleeve,0.0377358490566037,0.0188679245283018
5257,43,SS19,solid color top,0.0,0.0566037735849056
5199,83,SS19,long sleeve,0.0377358490566037,0.0188679245283018
5305,86,SS19,long dress,0.0,0.0
5282,12,SS19,long sleeve,0.0,0.0
5282,7,SS19,long sleeve,0.0188679245283018,0.0188679245283018
5282,15,SS19,long sleeve,0.0188679245283018,0.0188679245283018
5282,19,SS19,long sleeve,0.0,0.0
5316,29,SS19,culottes,0.0566037735849056,0.0188679245283018
5199,44,SS19,long sleeve,0.0,0.0
5282,43,SS19,long sleeve,0.0,0.0188679245283018
5199,104,SS19,long sleeve,0.0188679245283018,0.0188679245283018
5282,73,SS19,long sleeve,0.0188679245283018,0.0
5282,3,SS19,long sleeve,0.0,0.0566037735849056
5305,80,SS19,long dress,0.0,0.0
5199,82,SS19,long sleeve,0.0377358490566037,0.0
5261,15,SS19,solid color top,0.0,0.0188679245283018
5316,36,SS19,culottes,0.0566037735849056,0.0566037735849056
5188,77,SS19,sleeveless,0.0,0.0
5199,73,SS19,long sleeve,0.0,0.0
5261,46,SS19,solid color top,0.0566037735849056,0.0188679245283018
5261,36,SS19,solid color top,0.0754716981132075,0.0566037735849056
5261,69,SS19,solid color top,0.0566037735849056,0.0188679245283018
5175,32,SS19,jumpsuit,0.0,0.0188679245283018
5261,22,SS19,solid color top,0.0566037735849056,0.0188679245283018
5261,50,SS19,solid color top,0.0377358490566037,0.0188679245283018
5209,28,SS19,patterned top,0.0188679245283018,0.0188679245283018
5261,80,SS19,solid color top,0.0,0.0
5309,100,SS19,sleeveless,0.0188679245283018,0.0377358490566037
5188,53,SS19,sleeveless,0.0,0.0188679245283018
5188,40,SS19,sleeveless,0.0,0.0
4221,6,SS19,culottes,0.0188679245283018,0.0
4170,25,SS19,short sleeves,0.0188679245283018,0.0
5199,33,SS19,long sleeve,0.0188679245283018,0.0
5216,66,SS19,doll dress,0.0,0.0
5216,65,SS19,doll dress,0.0188679245283018,0.0188679245283018
5199,76,SS19,long sleeve,0.0,0.0
5218,94,SS19,long sleeve,0.0377358490566037,0.0
5216,2,SS19,doll dress,0.0,0.0188679245283018
5209,43,SS19,patterned top,0.0,0.0
5199,38,SS19,long sleeve,0.0,0.0377358490566037
5218,86,SS19,long sleeve,0.0,0.0
5292,82,SS19,drop sleeve,0.0566037735849056,0.0
5278,77,SS19,long sleeve,0.0377358490566037,0.0
5271,14,SS19,long sleeve,0.0,0.0
5279,12,SS19,doll dress,0.0,0.0566037735849056
5151,59,SS19,solid color top,0.0377358490566037,0.0188679245283018
5248,50,SS19,long sleeve,0.0,0.0
5309,49,SS19,sleeveless,0.0754716981132075,0.0754716981132075
5158,74,SS19,solid color top,0.0,0.0754716981132075
5248,52,SS19,long sleeve,0.0188679245283018,0.0
5248,45,SS19,long sleeve,0.0377358490566037,0.0
5179,32,SS19,doll dress,0.0,0.0
5303,36,SS19,long dress,0.0,0.0
5322,33,SS19,long dress,0.0377358490566037,0.0754716981132075
5248,24,SS19,long sleeve,0.0,0.0
5248,51,SS19,long sleeve,0.0,0.0188679245283018
5161,69,SS19,patterned top,0.0377358490566037,0.0566037735849056
5218,24,SS19,long sleeve,0.0188679245283018,0.0188679245283018
5208,21,SS19,patterned top,0.0,0.0
5248,101,SS19,long sleeve,0.0,0.0
5168,41,SS19,short sleeves,0.0188679245283018,0.0
5251,46,SS19,culottes,0.0188679245283018,0.0
5251,18,SS19,culottes,0.0,0.0
5168,81,SS19,short sleeves,0.0,0.0
5247,10,SS19,long sleeve,0.0,0.0566037735849056
5247,59,SS19,long sleeve,0.0,0.0188679245283018
5248,32,SS19,long sleeve,0.0377358490566037,0.0
5207,32,SS19,doll dress,0.0188679245283018,0.0188679245283018
5247,93,SS19,long sleeve,0.0188679245283018,0.0188679245283018
5119,59,SS19,solid color top,0.0377358490566037,0.0
5292,107,SS19,drop sleeve,0.0,0.0188679245283018
5322,80,SS19,long dress,0.0,0.0
5247,8,SS19,long sleeve,0.0188679245283018,0.0188679245283018
5248,56,SS19,long sleeve,0.0188679245283018,0.0188679245283018
5247,30,SS19,long sleeve,0.0188679245283018,0.0188679245283018
5251,74,SS19,culottes,0.0,0.0
5228,53,SS19,sleeveless,0.0377358490566037,0.0
5161,31,SS19,patterned top,0.0188679245283018,0.0
5247,99,SS19,long sleeve,0.0188679245283018,0.0
5309,12,SS19,sleeveless,0.0,0.1132075471698113
5247,29,SS19,long sleeve,0.0,0.0
5279,2,SS19,doll dress,0.0188679245283018,0.0188679245283018
5161,75,SS19,patterned top,0.0,0.0377358490566037
5251,56,SS19,culottes,0.0566037735849056,0.0188679245283018
5227,21,SS19,sleeveless,0.0,0.0
5279,31,SS19,doll dress,0.0,0.0
5151,13,SS19,solid color top,0.0,0.0
5300,12,SS19,culottes,0.0,0.0377358490566037
5248,30,SS19,long sleeve,0.0,0.0
5248,2,SS19,long sleeve,0.0,0.0188679245283018
5271,10,SS19,long sleeve,0.0,0.0
5161,3,SS19,patterned top,0.0,0.0
5251,20,SS19,culottes,0.0188679245283018,0.0377358490566037
5228,16,SS19,sleeveless,0.0,0.0188679245283018
5228,13,SS19,sleeveless,0.0,0.0188679245283018
5248,15,SS19,long sleeve,0.0,0.0
5248,65,SS19,long sleeve,0.0,0.0188679245283018
5248,94,SS19,long sleeve,0.0,0.0
5248,14,SS19,long sleeve,0.0,0.0
5271,54,SS19,long sleeve,0.0,0.0
5248,86,SS19,long sleeve,0.0,0.0
5161,5,SS19,patterned top,0.0,0.0377358490566037
5256,57,SS19,long sleeve,0.0377358490566037,0.0
5248,43,SS19,long sleeve,0.0,0.0
5247,57,SS19,long sleeve,0.0,0.0
5248,73,SS19,long sleeve,0.0,0.0
5248,5,SS19,long sleeve,0.0,0.0
5287,30,SS19,shorts,0.0,0.0
5322,86,SS19,long dress,0.0,0.0
5248,81,SS19,long sleeve,0.0,0.0
5249,72,SS19,culottes,0.0,0.0377358490566037
5249,16,SS19,culottes,0.0188679245283018,0.0
5254,13,SS19,long dress,0.0,0.0
5256,46,SS19,long sleeve,0.0,0.0
5256,43,SS19,long sleeve,0.0,0.0
5247,82,SS19,long sleeve,0.0,0.0188679245283018
5254,110,SS19,long dress,0.0,0.0
5256,110,SS19,long sleeve,0.0,0.0566037735849056
5322,94,SS19,long dress,0.0,0.0
5254,9,SS19,long dress,0.0,0.0188679245283018
5204,23,SS19,culottes,0.0188679245283018,0.0
5247,42,SS19,long sleeve,0.0377358490566037,0.0188679245283018
5256,50,SS19,long sleeve,0.0188679245283018,0.0
5256,45,SS19,long sleeve,0.0188679245283018,0.0188679245283018
5254,80,SS19,long dress,0.0,0.0
5221,56,SS19,sleeveless,0.0,0.0
5290,31,SS19,long sleeve,0.0188679245283018,0.0
5256,47,SS19,long sleeve,0.0,0.0
5256,38,SS19,long sleeve,0.0,0.0188679245283018
5290,94,SS19,long sleeve,0.0188679245283018,0.0377358490566037
5256,32,SS19,long sleeve,0.0188679245283018,0.0
5322,7,SS19,long dress,0.0188679245283018,0.0377358490566037
5256,53,SS19,long sleeve,0.0,0.0
5322,10,SS19,long dress,0.0,0.0
5256,36,SS19,long sleeve,0.0,0.0188679245283018
5322,12,SS19,long dress,0.0,0.0
5254,75,SS19,long dress,0.0188679245283018,0.0
5254,31,SS19,long dress,0.0,0.0
5322,62,SS19,long dress,0.0188679245283018,0.0
5290,73,SS19,long sleeve,0.0,0.0188679245283018
5322,79,SS19,long dress,0.0,0.0188679245283018
5279,15,SS19,doll dress,0.0,0.0
5249,85,SS19,culottes,0.0188679245283018,0.0188679245283018
5247,95,SS19,long sleeve,0.0188679245283018,0.0377358490566037
5181,31,SS19,long sleeve,0.0,0.0
5247,46,SS19,long sleeve,0.0,0.0
5247,26,SS19,long sleeve,0.0,0.0
5309,7,SS19,sleeveless,0.0754716981132075,0.1320754716981132
5251,29,SS19,culottes,0.0,0.0188679245283018
5168,40,SS19,short sleeves,0.0188679245283018,0.0
5279,19,SS19,doll dress,0.0,0.0
5283,29,SS19,shorts,0.0,0.0
5249,30,SS19,culottes,0.0,0.0
5249,29,SS19,culottes,0.0,0.0188679245283018
5247,53,SS19,long sleeve,0.0377358490566037,0.0
5249,18,SS19,culottes,0.0188679245283018,0.0
5249,90,SS19,culottes,0.0377358490566037,0.0188679245283018
5248,59,SS19,long sleeve,0.0,0.0
5200,25,SS19,drop sleeve,0.0,0.0188679245283018
5247,24,SS19,long sleeve,0.0188679245283018,0.0188679245283018
5249,2,SS19,culottes,0.0188679245283018,0.0377358490566037
5208,44,SS19,patterned top,0.0,0.0188679245283018
5168,31,SS19,short sleeves,0.0,0.0188679245283018
5249,66,SS19,culottes,0.0377358490566037,0.0
5249,69,SS19,culottes,0.0377358490566037,0.0188679245283018
5256,30,SS19,long sleeve,0.0,0.0
5254,41,SS19,long dress,0.0,0.0
5249,19,SS19,culottes,0.0188679245283018,0.0
5247,51,SS19,long sleeve,0.0,0.0
5256,12,SS19,long sleeve,0.0,0.0
5256,65,SS19,long sleeve,0.0,0.0188679245283018
5249,80,SS19,culottes,0.0,0.0188679245283018
5254,29,SS19,long dress,0.0,0.0188679245283018
5161,46,SS19,patterned top,0.0377358490566037,0.0
5254,94,SS19,long dress,0.0188679245283018,0.0188679245283018
5221,33,SS19,sleeveless,0.0,0.0
5300,13,SS19,culottes,0.0,0.0
5277,44,SS19,culottes,0.0188679245283018,0.0188679245283018
5247,48,SS19,long sleeve,0.0566037735849056,0.0
5272,51,SS19,shorts,0.0,0.0
5271,68,SS19,long sleeve,0.0188679245283018,0.0188679245283018
5309,69,SS19,sleeveless,0.0188679245283018,0.0754716981132075
5300,56,SS19,culottes,0.0,0.0
5277,57,SS19,culottes,0.0188679245283018,0.0754716981132075
5278,2,SS19,long sleeve,0.0,0.0188679245283018
5207,27,SS19,doll dress,0.0,0.0188679245283018
5292,104,SS19,drop sleeve,0.0188679245283018,0.0566037735849056
5247,75,SS19,long sleeve,0.0377358490566037,0.0754716981132075
5271,61,SS19,long sleeve,0.0,0.0
5277,104,SS19,culottes,0.0188679245283018,0.0566037735849056
5292,57,SS19,drop sleeve,0.0188679245283018,0.0188679245283018
5278,19,SS19,long sleeve,0.0,0.0
5247,86,SS19,long sleeve,0.0,0.0188679245283018
5292,44,SS19,drop sleeve,0.0566037735849056,0.0188679245283018
5247,9,SS19,long sleeve,0.0188679245283018,0.0188679245283018
5292,25,SS19,drop sleeve,0.0,0.0
5247,66,SS19,long sleeve,0.0566037735849056,0.0
5251,49,SS19,culottes,0.0377358490566037,0.0
5148,76,SS19,sleeveless,0.0377358490566037,0.0188679245283018
5251,66,SS19,culottes,0.0,0.0188679245283018
5251,19,SS19,culottes,0.0188679245283018,0.0
5309,15,SS19,sleeveless,0.1132075471698113,0.0566037735849056
5227,9,SS19,sleeveless,0.0,0.0
5279,30,SS19,doll dress,0.0,0.0
5320,12,SS19,long sleeve,0.0188679245283018,0.0754716981132075
5277,95,SS19,culottes,0.0188679245283018,0.0377358490566037
5247,14,SS19,long sleeve,0.0188679245283018,0.0188679245283018
4170,117,SS19,short sleeves,0.0377358490566037,0.0188679245283018
5300,81,SS19,culottes,0.0188679245283018,0.0
5300,35,SS19,culottes,0.0,0.0
5277,18,SS19,culottes,0.0,0.0188679245283018
5271,22,SS19,long sleeve,0.0,0.0
5309,94,SS19,sleeveless,0.0566037735849056,0.0377358490566037
5300,40,SS19,culottes,0.0,0.0
5309,35,SS19,sleeveless,0.0377358490566037,0.0188679245283018
5227,19,SS19,sleeveless,0.0,0.0188679245283018
5245,54,SS19,culottes,0.0,0.0
5148,24,SS19,sleeveless,0.0188679245283018,0.0
5287,19,SS19,shorts,0.0,0.0
5317,86,SS19,short sleeves,0.0188679245283018,0.0377358490566037
5277,4,SS19,culottes,0.0943396226415094,0.0377358490566037
5272,82,SS19,shorts,0.0,0.0566037735849056
3804,99,SS19,culottes,0.0188679245283018,0.0
5278,15,SS19,long sleeve,0.0188679245283018,0.0188679245283018
5283,22,SS19,shorts,0.0,0.0
5277,59,SS19,culottes,0.0943396226415094,0.0
5278,12,SS19,long sleeve,0.0,0.0
5277,63,SS19,culottes,0.0,0.0
5277,100,SS19,culottes,0.0,0.0
5292,64,SS19,drop sleeve,0.0,0.0566037735849056
5277,25,SS19,culottes,0.0188679245283018,0.0188679245283018
5271,82,SS19,long sleeve,0.0,0.0
5278,30,SS19,long sleeve,0.0754716981132075,0.0188679245283018
5227,13,SS19,sleeveless,0.0,0.0188679245283018
5188,8,SS19,sleeveless,0.0,0.0
5271,56,SS19,long sleeve,0.0,0.0
5160,30,SS19,printed shirt,0.0,0.0
5292,18,SS19,drop sleeve,0.0377358490566037,0.0566037735849056
5207,60,SS19,doll dress,0.0,0.0
5088,32,SS19,long dress,0.0188679245283018,0.0
5292,90,SS19,drop sleeve,0.0754716981132075,0.0188679245283018
5292,46,SS19,drop sleeve,0.0188679245283018,0.0377358490566037
5277,90,SS19,culottes,0.0377358490566037,0.0188679245283018
4219,67,SS19,short sleeves,0.0,0.0
5271,107,SS19,long sleeve,0.0188679245283018,0.0
5277,46,SS19,culottes,0.0377358490566037,0.0
5289,7,SS19,short sleeves,0.0,0.0188679245283018
5292,32,SS19,drop sleeve,0.0188679245283018,0.0188679245283018
5303,81,SS19,long dress,0.0,0.0566037735849056
5300,94,SS19,culottes,0.0,0.0
5292,85,SS19,drop sleeve,0.0188679245283018,0.0188679245283018
5287,12,SS19,shorts,0.0,0.0188679245283018
5303,69,SS19,long dress,0.0,0.0
5161,63,SS19,patterned top,0.0,0.0
5277,26,SS19,culottes,0.0377358490566037,0.0943396226415094
5247,5,SS19,long sleeve,0.0377358490566037,0.0
5161,18,SS19,patterned top,0.0,0.0
5287,2,SS19,shorts,0.0,0.0
5292,83,SS19,drop sleeve,0.0188679245283018,0.0188679245283018
5279,54,SS19,doll dress,0.0,0.0188679245283018
5283,50,SS19,shorts,0.0,0.0
5227,110,SS19,sleeveless,0.0,0.0188679245283018
5294,51,SS19,shorts,0.0188679245283018,0.0
5292,4,SS19,drop sleeve,0.0377358490566037,0.0377358490566037
5277,29,SS19,culottes,0.0,0.0
5207,66,SS19,doll dress,0.0,0.0
5247,3,SS19,long sleeve,0.0,0.0188679245283018
5317,62,SS19,short sleeves,0.0188679245283018,0.0188679245283018
5247,94,SS19,long sleeve,0.0,0.0
5188,100,SS19,sleeveless,0.0,0.0188679245283018
5292,63,SS19,drop sleeve,0.0,0.0188679245283018
5227,22,SS19,sleeveless,0.0377358490566037,0.0
5292,21,SS19,drop sleeve,0.0,0.0188679245283018
5300,80,SS19,culottes,0.0,0.0
5300,79,SS19,culottes,0.0,0.0377358490566037
5292,59,SS19,drop sleeve,0.1132075471698113,0.0566037735849056
5156,29,SS19,solid color top,0.0,0.0
5227,82,SS19,sleeveless,0.0,0.0
5309,36,SS19,sleeveless,0.0,0.0
5317,94,SS19,short sleeves,0.0566037735849056,0.0188679245283018
5207,109,SS19,doll dress,0.0188679245283018,0.0188679245283018
5289,69,SS19,short sleeves,0.0,0.0
5163,20,SS19,culottes,0.0,0.0
5320,36,SS19,long sleeve,0.0,0.0
5287,15,SS19,shorts,0.0,0.0
5300,73,SS19,culottes,0.0,0.0188679245283018
5300,86,SS19,culottes,0.0,0.0
5268,101,SS19,printed shirt,0.0,0.0
5261,26,SS19,solid color top,0.0,0.0377358490566037
5199,18,SS19,long sleeve,0.0188679245283018,0.0188679245283018
5290,13,SS19,long sleeve,0.0,0.0
5247,43,SS19,long sleeve,0.0,0.0377358490566037
5148,26,SS19,sleeveless,0.0,0.0188679245283018
5312,33,SS19,sleeveless,0.0,0.0188679245283018
5290,19,SS19,long sleeve,0.0,0.0
5257,31,SS19,solid color top,0.0188679245283018,0.0566037735849056
5312,22,SS19,sleeveless,0.0,0.0
5257,99,SS19,solid color top,0.0,0.0
5247,12,SS19,long sleeve,0.0,0.0
5290,4,SS19,long sleeve,0.0,0.0188679245283018
5261,19,SS19,solid color top,0.0,0.0
5247,65,SS19,long sleeve,0.0,0.0377358490566037
5231,39,SS19,short sleeves,0.0377358490566037,0.0188679245283018
5205,54,SS19,short sleeves,0.0,0.0
5312,51,SS19,sleeveless,0.0,0.0
5247,31,SS19,long sleeve,0.0,0.0
5312,76,SS19,sleeveless,0.0,0.0
5319,8,SS19,sleeveless,0.0188679245283018,0.0
5319,36,SS19,sleeveless,0.0,0.0188679245283018
5231,32,SS19,short sleeves,0.0188679245283018,0.0377358490566037
5261,31,SS19,solid color top,0.0,0.0377358490566037
5319,74,SS19,sleeveless,0.0,0.0
5268,74,SS19,printed shirt,0.0,0.0188679245283018
5319,56,SS19,sleeveless,0.0,0.0377358490566037
5319,3,SS19,sleeveless,0.0,0.0
5199,50,SS19,long sleeve,0.0188679245283018,0.0
5319,110,SS19,sleeveless,0.0188679245283018,0.0
5121,10,SS19,sleeveless,0.0377358490566037,0.0188679245283018
5247,84,SS19,long sleeve,0.0,0.0188679245283018
5290,57,SS19,long sleeve,0.0,0.0188679245283018
5257,101,SS19,solid color top,0.0188679245283018,0.0188679245283018
5188,47,SS19,sleeveless,0.0188679245283018,0.0
5257,26,SS19,solid color top,0.0,0.0377358490566037
5199,6,SS19,long sleeve,0.0,0.0
5247,54,SS19,long sleeve,0.0188679245283018,0.0566037735849056
5312,20,SS19,sleeveless,0.0,0.0
5188,85,SS19,sleeveless,0.0,0.0
5261,20,SS19,solid color top,0.0,0.0754716981132075
5179,61,SS19,doll dress,0.0,0.0188679245283018
5210,13,SS19,long dress,0.0188679245283018,0.0
5121,50,SS19,sleeveless,0.0188679245283018,0.0188679245283018
5268,67,SS19,printed shirt,0.0,0.0
5192,47,SS19,sleeveless,0.0,0.0
5213,44,SS19,long dress,0.0,0.0
5121,60,SS19,sleeveless,0.0188679245283018,0.0377358490566037
5196,26,SS19,culottes,0.0,0.0188679245283018
5196,90,SS19,culottes,0.0,0.0188679245283018
5312,29,SS19,sleeveless,0.0188679245283018,0.0
5224,68,SS19,long sleeve,0.0188679245283018,0.0
5312,19,SS19,sleeveless,0.0,0.0
5244,22,SS19,long sleeve,0.1320754716981132,0.1509433962264151
5271,16,SS19,long sleeve,0.0,0.0188679245283018
5234,109,SS19,short sleeves,0.0188679245283018,0.0188679245283018
5176,20,SS19,jumpsuit,0.0,0.0
5268,9,SS19,printed shirt,0.0,0.0
5188,18,SS19,sleeveless,0.0,0.0
5188,26,SS19,sleeveless,0.0,0.0188679245283018
5143,22,SS19,capris,0.0,0.0
5148,50,SS19,sleeveless,0.0,0.0
5234,32,SS19,short sleeves,0.0,0.0188679245283018
5268,5,SS19,printed shirt,0.0,0.0
5268,99,SS19,printed shirt,0.0,0.0
5268,65,SS19,printed shirt,0.0,0.0
5312,30,SS19,sleeveless,0.0,0.0
5244,39,SS19,long sleeve,0.0188679245283018,0.0566037735849056
5143,107,SS19,capris,0.0188679245283018,0.0
5223,49,SS19,gitana skirt,0.0,0.0188679245283018
5271,110,SS19,long sleeve,0.0,0.0
5268,16,SS19,printed shirt,0.0,0.0
5268,117,SS19,printed shirt,0.0188679245283018,0.0377358490566037
5223,66,SS19,gitana skirt,0.0,0.0
5271,7,SS19,long sleeve,0.0,0.0
5218,109,SS19,long sleeve,0.0377358490566037,0.0
5271,12,SS19,long sleeve,0.0,0.0
5244,7,SS19,long sleeve,0.0754716981132075,0.1132075471698113
5223,68,SS19,gitana skirt,0.0,0.0377358490566037
5223,69,SS19,gitana skirt,0.0,0.0
5256,25,SS19,long sleeve,0.0,0.0
5268,28,SS19,printed shirt,0.0,0.0
5244,62,SS19,long sleeve,0.0,0.1320754716981132
5244,45,SS19,long sleeve,0.0,0.0566037735849056
5176,16,SS19,jumpsuit,0.0,0.0377358490566037
5234,52,SS19,short sleeves,0.0188679245283018,0.0188679245283018
5244,67,SS19,long sleeve,0.0,0.0377358490566037
5244,85,SS19,long sleeve,0.0754716981132075,0.0377358490566037
5162,6,SS19,long sleeve,0.0,0.0
5271,35,SS19,long sleeve,0.0188679245283018,0.0188679245283018
5268,7,SS19,printed shirt,0.0,0.0
5147,50,SS19,capris,0.0,0.0188679245283018
5271,64,SS19,long sleeve,0.0,0.0
5234,39,SS19,short sleeves,0.0,0.0
5234,86,SS19,short sleeves,0.0188679245283018,0.0943396226415094
5268,2,SS19,printed shirt,0.0,0.0
5234,60,SS19,short sleeves,0.0,0.0377358490566037
5268,54,SS19,printed shirt,0.0,0.0
5204,74,SS19,culottes,0.0,0.0188679245283018
5176,110,SS19,jumpsuit,0.0,0.0377358490566037
5147,83,SS19,capris,0.0,0.0188679245283018
5329,69,SS19,sleeveless,0.0566037735849056,0.0188679245283018
5329,74,SS19,sleeveless,0.0,0.0
5244,38,SS19,long sleeve,0.0,0.0566037735849056
5329,32,SS19,sleeveless,0.0188679245283018,0.0566037735849056
5329,67,SS19,sleeveless,0.0188679245283018,0.0943396226415094
5329,85,SS19,sleeveless,0.0,0.0188679245283018
5329,107,SS19,sleeveless,0.0,0.0566037735849056
5325,30,SS19,sleeveless,0.0188679245283018,0.0188679245283018
5188,104,SS19,sleeveless,0.0,0.0
5329,36,SS19,sleeveless,0.0,0.1509433962264151
5312,80,SS19,sleeveless,0.0,0.0188679245283018
5325,26,SS19,sleeveless,0.0566037735849056,0.0
5329,61,SS19,sleeveless,0.0188679245283018,0.0188679245283018
5329,43,SS19,sleeveless,0.0377358490566037,0.0
5329,14,SS19,sleeveless,0.0377358490566037,0.0377358490566037
5330,80,SS19,short sleeves,0.0566037735849056,0.0754716981132075
5330,110,SS19,short sleeves,0.0188679245283018,0.0188679245283018
5330,3,SS19,short sleeves,0.1132075471698113,0.0943396226415094
5329,60,SS19,sleeveless,0.0754716981132075,0.0188679245283018
5329,75,SS19,sleeveless,0.0,0.0377358490566037
5329,19,SS19,sleeveless,0.0,0.0566037735849056
5282,82,SS19,long sleeve,0.0,0.0566037735849056
5329,66,SS19,sleeveless,0.0,0.0
5329,94,SS19,sleeveless,0.0188679245283018,0.0377358490566037
5152,80,SS19,capris,0.0,0.0
5329,65,SS19,sleeveless,0.0188679245283018,0.0188679245283018
5121,25,SS19,sleeveless,0.0,0.0188679245283018
5329,31,SS19,sleeveless,0.0377358490566037,0.0754716981132075
5330,76,SS19,short sleeves,0.0,0.0
5268,45,SS19,printed shirt,0.0,0.0
5330,77,SS19,short sleeves,0.0,0.0377358490566037
5330,47,SS19,short sleeves,0.0,0.0
5329,15,SS19,sleeveless,0.0566037735849056,0.0377358490566037
5329,7,SS19,sleeveless,0.0,0.0
5224,62,SS19,long sleeve,0.0,0.0
5152,56,SS19,capris,0.0188679245283018,0.0188679245283018
5268,1,SS19,printed shirt,0.0,0.0
5290,30,SS19,long sleeve,0.0188679245283018,0.0188679245283018
5329,12,SS19,sleeveless,0.0,0.0
5199,64,SS19,long sleeve,0.0,0.0
5290,12,SS19,long sleeve,0.0566037735849056,0.0
5330,28,SS19,short sleeves,0.0188679245283018,0.0377358490566037
5325,46,SS19,sleeveless,0.0,0.0566037735849056
5224,110,SS19,long sleeve,0.0,0.0188679245283018
5256,95,SS19,long sleeve,0.0,0.0
5329,101,SS19,sleeveless,0.0,0.0188679245283018
5329,20,SS19,sleeveless,0.0,0.0
5325,8,SS19,sleeveless,0.0,0.0188679245283018
5244,90,SS19,long sleeve,0.0566037735849056,0.0377358490566037
5180,84,SS19,long dress,0.0188679245283018,0.0188679245283018
5329,68,SS19,sleeveless,0.0,0.0566037735849056
5329,76,SS19,sleeveless,0.0188679245283018,0.1320754716981132
5329,45,SS19,sleeveless,0.0188679245283018,0.0566037735849056
5329,33,SS19,sleeveless,0.0188679245283018,0.0188679245283018
5188,81,SS19,sleeveless,0.0,0.0
5312,7,SS19,sleeveless,0.0,0.0
5325,59,SS19,sleeveless,0.0,0.0188679245283018
5244,59,SS19,long sleeve,0.0188679245283018,0.0566037735849056
5201,12,SS19,long dress,0.0,0.0
5330,2,SS19,short sleeves,0.0188679245283018,0.0188679245283018
5329,56,SS19,sleeveless,0.0,0.0188679245283018
5329,99,SS19,sleeveless,0.0,0.0
5329,5,SS19,sleeveless,0.0,0.0188679245283018
5329,3,SS19,sleeveless,0.0,0.0
5261,18,SS19,solid color top,0.0,0.0
5329,110,SS19,sleeveless,0.0566037735849056,0.0377358490566037
5329,9,SS19,sleeveless,0.0,0.0566037735849056
5282,90,SS19,long sleeve,0.0,0.0188679245283018
5329,80,SS19,sleeveless,0.0,0.0
5330,10,SS19,short sleeves,0.0,0.0377358490566037
5330,31,SS19,short sleeves,0.0188679245283018,0.0377358490566037
5282,46,SS19,long sleeve,0.0188679245283018,0.0
5330,94,SS19,short sleeves,0.0377358490566037,0.0188679245283018
5329,50,SS19,sleeveless,0.0188679245283018,0.0
5247,22,SS19,long sleeve,0.0,0.0377358490566037
4209,48,SS19,culottes,0.0,0.0
5195,62,SS19,long sleeve,0.0,0.0
5113,32,SS19,culottes,0.0,0.0
5248,10,SS19,long sleeve,0.0,0.0
5248,54,SS19,long sleeve,0.0,0.0
5329,18,SS19,sleeveless,0.0,0.0188679245283018
5296,100,SS19,culottes,0.0,0.0
5296,8,SS19,culottes,0.0,0.0
5296,4,SS19,culottes,0.0,0.0
5329,0,SS19,sleeveless,0.0,0.0377358490566037
5329,59,SS19,sleeveless,0.0,0.0566037735849056
5117,26,SS19,sleeveless,0.0,0.0
5195,46,SS19,long sleeve,0.0,0.0188679245283018
5329,63,SS19,sleeveless,0.0,0.0566037735849056
5215,40,SS19,jumpsuit,0.0377358490566037,0.0
5211,59,SS19,culottes,0.0188679245283018,0.0
5329,21,SS19,sleeveless,0.0,0.0377358490566037
5329,57,SS19,sleeveless,0.0,0.0377358490566037
5329,104,SS19,sleeveless,0.0188679245283018,0.0188679245283018
5329,64,SS19,sleeveless,0.0,0.0377358490566037
5222,30,SS19,culottes,0.0,0.0188679245283018
5329,41,SS19,sleeveless,0.0377358490566037,0.0
5247,64,SS19,long sleeve,0.0,0.0188679245283018
5232,18,SS19,sleeveless,0.0,0.0
5247,41,SS19,long sleeve,0.0,0.0188679245283018
5206,22,SS19,shorts,0.0,0.0
5233,29,SS19,long sleeve,0.0,0.0
5233,57,SS19,long sleeve,0.0,0.0
5233,63,SS19,long sleeve,0.0,0.0
5329,100,SS19,sleeveless,0.0,0.0
5222,60,SS19,culottes,0.0,0.0188679245283018
5247,104,SS19,long sleeve,0.0,0.0188679245283018
5188,66,SS19,sleeveless,0.0,0.0
5308,9,SS19,culottes,0.0,0.0188679245283018
5172,72,SS19,jumpsuit,0.0,0.0
5248,61,SS19,long sleeve,0.0,0.0
5308,19,SS19,culottes,0.0188679245283018,0.0377358490566037
5195,21,SS19,long sleeve,0.0,0.0
5172,61,SS19,jumpsuit,0.0,0.0
5329,26,SS19,sleeveless,0.0,0.0566037735849056
5262,69,SS19,culottes,0.0,0.0
5329,46,SS19,sleeveless,0.0,0.0
5195,100,SS19,long sleeve,0.0,0.0
5262,53,SS19,culottes,0.0,0.0
5329,90,SS19,sleeveless,0.0,0.0377358490566037
5248,42,SS19,long sleeve,0.0,0.0
5188,15,SS19,sleeveless,0.0,0.0
5196,7,SS19,culottes,0.0188679245283018,0.0
5196,49,SS19,culottes,0.0188679245283018,0.0188679245283018
5308,84,SS19,culottes,0.0188679245283018,0.0
5308,65,SS19,culottes,0.0,0.0188679245283018
5308,49,SS19,culottes,0.0188679245283018,0.0
5248,22,SS19,long sleeve,0.0,0.0
5248,33,SS19,long sleeve,0.0188679245283018,0.0
5113,63,SS19,culottes,0.0566037735849056,0.0188679245283018
5247,102,SS19,long sleeve,0.0377358490566037,0.0188679245283018
5148,23,SS19,sleeveless,0.0,0.0
5248,9,SS19,long sleeve,0.0377358490566037,0.0188679245283018
5262,14,SS19,culottes,0.0,0.0
5117,76,SS19,sleeveless,0.0,0.0188679245283018
5201,50,SS19,long dress,0.0377358490566037,0.0377358490566037
5248,68,SS19,long sleeve,0.0,0.0
5308,3,SS19,culottes,0.0,0.0
5289,45,SS19,short sleeves,0.0,0.0188679245283018
5233,36,SS19,long sleeve,0.0,0.0
5232,19,SS19,sleeveless,0.0,0.0
5206,31,SS19,shorts,0.0188679245283018,0.0
5232,31,SS19,sleeveless,0.0,0.0
5207,42,SS19,doll dress,0.0,0.0
5247,23,SS19,long sleeve,0.0188679245283018,0.0188679245283018
5203,8,SS19,sleeveless,0.0377358490566037,0.0
5317,19,SS19,short sleeves,0.0,0.0566037735849056
5317,75,SS19,short sleeves,0.0188679245283018,0.0
5317,14,SS19,short sleeves,0.0,0.0377358490566037
5195,22,SS19,long sleeve,0.0,0.0
5317,43,SS19,short sleeves,0.0188679245283018,0.0188679245283018
5317,39,SS19,short sleeves,0.0188679245283018,0.0566037735849056
5317,73,SS19,short sleeves,0.0,0.0
5317,66,SS19,short sleeves,0.0,0.0377358490566037
5222,8,SS19,culottes,0.0,0.0
5317,3,SS19,short sleeves,0.0188679245283018,0.0754716981132075
5317,33,SS19,short sleeves,0.0,0.0188679245283018
5317,22,SS19,short sleeves,0.0188679245283018,0.0188679245283018
5215,75,SS19,jumpsuit,0.0,0.0188679245283018
5120,85,SS19,solid color top,0.0,0.0188679245283018
5217,18,SS19,sleeveless,0.0,0.0
5317,51,SS19,short sleeves,0.0566037735849056,0.0754716981132075
5317,77,SS19,short sleeves,0.0,0.0
5217,36,SS19,sleeveless,0.0,0.0
5188,2,SS19,sleeveless,0.0,0.0
5317,47,SS19,short sleeves,0.0,0.0
5207,26,SS19,doll dress,0.0,0.0
5217,45,SS19,sleeveless,0.0754716981132075,0.0188679245283018
5317,110,SS19,short sleeves,0.0377358490566037,0.0188679245283018
5233,46,SS19,long sleeve,0.0188679245283018,0.0754716981132075
5296,1,SS19,culottes,0.0,0.0
5233,12,SS19,long sleeve,0.0,0.0
5233,35,SS19,long sleeve,0.0188679245283018,0.0188679245283018
5233,69,SS19,long sleeve,0.0,0.0
5233,85,SS19,long sleeve,0.0377358490566037,0.0188679245283018
5233,20,SS19,long sleeve,0.0,0.0754716981132075
5233,51,SS19,long sleeve,0.0,0.0377358490566037
5233,22,SS19,long sleeve,0.0188679245283018,0.0188679245283018
5206,39,SS19,shorts,0.0,0.0188679245283018
5233,13,SS19,long sleeve,0.0188679245283018,0.0566037735849056
5289,36,SS19,short sleeves,0.0,0.0377358490566037
5195,60,SS19,long sleeve,0.0,0.0754716981132075
5326,18,SS19,shorts,0.0,0.0
5222,3,SS19,culottes,0.0,0.0
5233,56,SS19,long sleeve,0.0,0.0
5233,2,SS19,long sleeve,0.0188679245283018,0.0
5326,41,SS19,shorts,0.0,0.0
5222,16,SS19,culottes,0.0,0.0
5317,12,SS19,short sleeves,0.0,0.0566037735849056
5317,65,SS19,short sleeves,0.0,0.0754716981132075
5233,5,SS19,long sleeve,0.0188679245283018,0.0377358490566037
5233,3,SS19,long sleeve,0.0,0.0
5233,80,SS19,long sleeve,0.0,0.0188679245283018
5233,39,SS19,long sleeve,0.0,0.0
5233,43,SS19,long sleeve,0.0,0.0188679245283018
5233,94,SS19,long sleeve,0.0188679245283018,0.0
5233,31,SS19,long sleeve,0.0,0.0
5233,7,SS19,long sleeve,0.0188679245283018,0.0188679245283018
5233,10,SS19,long sleeve,0.0,0.0
5317,2,SS19,short sleeves,0.0188679245283018,0.0188679245283018
5308,99,SS19,culottes,0.0377358490566037,0.0188679245283018
5308,56,SS19,culottes,0.0,0.0188679245283018
5308,50,SS19,culottes,0.0188679245283018,0.0377358490566037
5246,59,SS19,long sleeve,0.0,0.0
5247,16,SS19,long sleeve,0.0,0.0377358490566037
5188,22,SS19,sleeveless,0.0,0.0
5267,31,SS19,solid color top,0.0,0.0566037735849056
5246,90,SS19,long sleeve,0.0,0.0188679245283018
5276,12,SS19,sleeveless,0.0,0.0
5246,40,SS19,long sleeve,0.0,0.0943396226415094
5246,74,SS19,long sleeve,0.0,0.0566037735849056
5246,53,SS19,long sleeve,0.0377358490566037,0.0
5246,67,SS19,long sleeve,0.0,0.0
5158,36,SS19,solid color top,0.0188679245283018,0.0377358490566037
5246,82,SS19,long sleeve,0.0377358490566037,0.0566037735849056
5246,42,SS19,long sleeve,0.0377358490566037,0.0188679245283018
5246,63,SS19,long sleeve,0.0,0.0188679245283018
5196,6,SS19,culottes,0.0188679245283018,0.0
5246,77,SS19,long sleeve,0.0,0.0
5247,50,SS19,long sleeve,0.0188679245283018,0.0188679245283018
5153,28,SS19,sleeveless,0.0,0.0
5246,45,SS19,long sleeve,0.0377358490566037,0.0188679245283018
5246,117,SS19,long sleeve,0.0,0.0
5308,100,SS19,culottes,0.0,0.0
5330,69,SS19,short sleeves,0.0,0.0566037735849056
5308,63,SS19,culottes,0.0,0.0188679245283018
5308,59,SS19,culottes,0.0,0.0377358490566037
5246,28,SS19,long sleeve,0.0,0.0377358490566037
5330,46,SS19,short sleeves,0.0,0.0
5131,50,SS19,doll dress,0.0,0.0188679245283018
5246,80,SS19,long sleeve,0.0,0.0
5188,49,SS19,sleeveless,0.0,0.0
5269,15,SS19,culottes,0.0188679245283018,0.0
5261,63,SS19,solid color top,0.0,0.0377358490566037
5261,41,SS19,solid color top,0.0188679245283018,0.0188679245283018
5199,75,SS19,long sleeve,0.0,0.0566037735849056
5175,26,SS19,jumpsuit,0.0,0.0
5268,66,SS19,printed shirt,0.0,0.0377358490566037
5269,90,SS19,culottes,0.0,0.0377358490566037
5196,61,SS19,culottes,0.0,0.0188679245283018
5196,27,SS19,culottes,0.0188679245283018,0.0
5192,80,SS19,sleeveless,0.0,0.0
5247,73,SS19,long sleeve,0.0,0.0188679245283018
5199,31,SS19,long sleeve,0.0,0.0
5196,20,SS19,culottes,0.0188679245283018,0.0377358490566037
5269,2,SS19,culottes,0.0,0.0
5312,40,SS19,sleeveless,0.0,0.0188679245283018
5267,2,SS19,solid color top,0.0188679245283018,0.0566037735849056
5247,110,SS19,long sleeve,0.0188679245283018,0.0377358490566037
5188,51,SS19,sleeveless,0.0,0.0
5246,23,SS19,long sleeve,0.0,0.0
5269,20,SS19,culottes,0.0,0.0
5269,38,SS19,culottes,0.0188679245283018,0.0
5246,64,SS19,long sleeve,0.0,0.1509433962264151
5269,93,SS19,culottes,0.0,0.0
4209,76,SS19,culottes,0.0,0.0
5269,39,SS19,culottes,0.0188679245283018,0.0
5156,24,SS19,solid color top,0.0,0.0
5330,59,SS19,short sleeves,0.0,0.0377358490566037
5276,53,SS19,sleeveless,0.0188679245283018,0.0
5246,86,SS19,long sleeve,0.0,0.0188679245283018
5308,36,SS19,culottes,0.0,0.0
5317,8,SS19,short sleeves,0.0188679245283018,0.0
5308,72,SS19,culottes,0.0,0.0566037735849056
5317,0,SS19,short sleeves,0.0,0.0
5308,45,SS19,culottes,0.0188679245283018,0.0
5308,52,SS19,culottes,0.0,0.0188679245283018
5317,18,SS19,short sleeves,0.0,0.0188679245283018
5247,67,SS19,long sleeve,0.0,0.0
5211,80,SS19,culottes,0.0,0.0
5211,3,SS19,culottes,0.0188679245283018,0.0188679245283018
5317,81,SS19,short sleeves,0.0,0.0
5256,54,SS19,long sleeve,0.0,0.0188679245283018
5112,23,SS19,doll dress,0.0,0.0
5317,29,SS19,short sleeves,0.0,0.0
5326,66,SS19,shorts,0.0566037735849056,0.0
5317,72,SS19,short sleeves,0.0377358490566037,0.0377358490566037
5317,83,SS19,short sleeves,0.0188679245283018,0.0377358490566037
5215,4,SS19,jumpsuit,0.0377358490566037,0.0377358490566037
5248,21,SS19,long sleeve,0.0188679245283018,0.0377358490566037
5105,10,SS19,doll dress,0.0188679245283018,0.0188679245283018
5248,95,SS19,long sleeve,0.0,0.0
5188,56,SS19,sleeveless,0.0,0.0
4231,46,SS19,sleeveless,0.0566037735849056,0.0
4231,16,SS19,sleeveless,0.0188679245283018,0.0188679245283018
4231,65,SS19,sleeveless,0.0188679245283018,0.0188679245283018
5247,4,SS19,long sleeve,0.0,0.0754716981132075
5248,40,SS19,long sleeve,0.0188679245283018,0.0
5248,74,SS19,long sleeve,0.0,0.0
5317,67,SS19,short sleeves,0.0188679245283018,0.0943396226415094
5267,18,SS19,solid color top,0.0,0.0377358490566037
5215,59,SS19,jumpsuit,0.0,0.0188679245283018
5268,48,SS19,printed shirt,0.0,0.0188679245283018
5267,48,SS19,solid color top,0.0,0.0
5246,48,SS19,long sleeve,0.0,0.0
5247,68,SS19,long sleeve,0.0,0.0
5246,19,SS19,long sleeve,0.0,0.0566037735849056
5246,66,SS19,long sleeve,0.0,0.0
5268,26,SS19,printed shirt,0.0,0.0
5330,104,SS19,short sleeves,0.0377358490566037,0.0188679245283018
5267,86,SS19,solid color top,0.0,0.0188679245283018
5196,60,SS19,culottes,0.0377358490566037,0.0188679245283018
5246,31,SS19,long sleeve,0.0,0.0
5268,90,SS19,printed shirt,0.0,0.0
5312,18,SS19,sleeveless,0.0,0.0188679245283018
5267,39,SS19,solid color top,0.0188679245283018,0.0377358490566037
5312,57,SS19,sleeveless,0.0,0.0377358490566037
5256,40,SS19,long sleeve,0.0188679245283018,0.0
5202,0,SS19,long sleeve,0.0188679245283018,0.0
5276,46,SS19,sleeveless,0.0,0.0188679245283018
5267,3,SS19,solid color top,0.0,0.0188679245283018
5267,22,SS19,solid color top,0.0,0.0
5194,93,SS19,long sleeve,0.0,0.0188679245283018
5268,0,SS19,printed shirt,0.0,0.0
5268,8,SS19,printed shirt,0.0,0.0
5207,21,SS19,doll dress,0.0,0.0
5267,82,SS19,solid color top,0.0188679245283018,0.0
4210,64,SS19,culottes,0.0377358490566037,0.0
5256,9,SS19,long sleeve,0.0,0.0
5194,60,SS19,long sleeve,0.0188679245283018,0.0188679245283018
5267,36,SS19,solid color top,0.0,0.0188679245283018
5232,100,SS19,sleeveless,0.0,0.0188679245283018
4209,60,SS19,culottes,0.0,0.0
5329,49,SS19,sleeveless,0.0,0.0188679245283018
5310,7,SS19,short sleeves,0.0,0.0188679245283018
5288,30,SS19,solid color top,0.0,0.0
5277,67,SS19,culottes,0.0566037735849056,0.0
5277,0,SS19,culottes,0.0,0.0943396226415094
5302,13,SS19,sleeveless,0.0188679245283018,0.0
5302,117,SS19,sleeveless,0.0,0.0
5302,33,SS19,sleeveless,0.0,0.0
5277,102,SS19,culottes,0.0377358490566037,0.0
5277,64,SS19,culottes,0.0377358490566037,0.0188679245283018
5161,26,SS19,patterned top,0.0,0.0
5161,36,SS19,patterned top,0.0,0.0
5161,83,SS19,patterned top,0.0,0.0377358490566037
5161,107,SS19,patterned top,0.0,0.0
5302,26,SS19,sleeveless,0.0,0.0
5161,20,SS19,patterned top,0.0,0.0
5277,61,SS19,culottes,0.0,0.0377358490566037
5161,45,SS19,patterned top,0.0,0.0
5254,18,SS19,long dress,0.0,0.0188679245283018
5161,19,SS19,patterned top,0.0188679245283018,0.0377358490566037
5161,15,SS19,patterned top,0.0,0.0
5161,12,SS19,patterned top,0.0,0.0
5161,2,SS19,patterned top,0.0,0.0
5254,47,SS19,long dress,0.0,0.0
5254,12,SS19,long dress,0.0,0.0
5305,77,SS19,long dress,0.0,0.0
5316,117,SS19,culottes,0.0,0.0943396226415094
5316,13,SS19,culottes,0.0,0.0
5305,47,SS19,long dress,0.0,0.0
5316,3,SS19,culottes,0.0,0.0754716981132075
5316,43,SS19,culottes,0.0,0.0754716981132075
5161,22,SS19,patterned top,0.0,0.0
5316,86,SS19,culottes,0.0,0.0
5277,101,SS19,culottes,0.0188679245283018,0.0377358490566037
5305,76,SS19,long dress,0.0,0.0
5293,22,SS19,solid color top,0.0,0.0188679245283018
4197,109,SS19,printed shirt,0.0,0.0
5266,51,SS19,sleeveless,0.0566037735849056,0.0566037735849056
5122,104,SS19,solid color top,0.0,0.0
5122,21,SS19,solid color top,0.0,0.0
5266,10,SS19,sleeveless,0.0754716981132075,0.0188679245283018
5273,22,SS19,sleeveless,0.0754716981132075,0.0377358490566037
5122,53,SS19,solid color top,0.0,0.0
5273,19,SS19,sleeveless,0.0,0.0377358490566037
5122,38,SS19,solid color top,0.0,0.0
5324,40,SS19,long sleeve,0.0188679245283018,0.0188679245283018
5324,47,SS19,long sleeve,0.0,0.0
5324,22,SS19,long sleeve,0.0,0.0188679245283018
5277,24,SS19,culottes,0.0,0.0
5324,33,SS19,long sleeve,0.0,0.0
5305,33,SS19,long dress,0.0,0.0
5305,22,SS19,long dress,0.0,0.0
5324,110,SS19,long sleeve,0.0,0.0
5324,80,SS19,long sleeve,0.0,0.0
5324,65,SS19,long sleeve,0.0188679245283018,0.0377358490566037
5293,3,SS19,solid color top,0.0,0.0188679245283018
5277,62,SS19,culottes,0.0,0.0566037735849056
5277,31,SS19,culottes,0.0754716981132075,0.0566037735849056
5324,7,SS19,long sleeve,0.0,0.0
5324,12,SS19,long sleeve,0.0,0.0
5293,15,SS19,solid color top,0.0188679245283018,0.0377358490566037
5277,39,SS19,culottes,0.0566037735849056,0.0188679245283018
5277,28,SS19,culottes,0.0566037735849056,0.0754716981132075
5305,93,SS19,long dress,0.0,0.0
5316,79,SS19,culottes,0.0377358490566037,0.0566037735849056
5309,8,SS19,sleeveless,0.0377358490566037,0.0754716981132075
5293,2,SS19,solid color top,0.0,0.0377358490566037
5309,33,SS19,sleeveless,0.0377358490566037,0.0
5275,26,SS19,gitana skirt,0.0,0.0
5255,19,SS19,gitana skirt,0.0,0.0
5255,94,SS19,gitana skirt,0.0,0.0566037735849056
5314,36,SS19,gitana skirt,0.0,0.0
5316,2,SS19,culottes,0.0,0.0
5314,82,SS19,gitana skirt,0.0,0.0
5316,62,SS19,culottes,0.0,0.0566037735849056
5314,3,SS19,gitana skirt,0.0188679245283018,0.0566037735849056
5314,73,SS19,gitana skirt,0.0,0.0
5314,80,SS19,gitana skirt,0.0,0.0
5314,66,SS19,gitana skirt,0.0188679245283018,0.0188679245283018
5314,2,SS19,gitana skirt,0.0188679245283018,0.0
5309,22,SS19,sleeveless,0.0,0.0566037735849056
5270,41,SS19,long dress,0.0,0.0
5253,82,SS19,long dress,0.0188679245283018,0.0377358490566037
5309,117,SS19,sleeveless,0.0,0.1320754716981132
5309,13,SS19,sleeveless,0.0,0.0188679245283018
5309,3,SS19,sleeveless,0.0,0.0377358490566037
5309,43,SS19,sleeveless,0.0188679245283018,0.0566037735849056
5309,86,SS19,sleeveless,0.0377358490566037,0.0377358490566037
5309,14,SS19,sleeveless,0.1132075471698113,0.1132075471698113
5253,50,SS19,long dress,0.0,0.0
5253,84,SS19,long dress,0.0188679245283018,0.0
5253,49,SS19,long dress,0.0,0.0377358490566037
5309,19,SS19,sleeveless,0.0,0.0188679245283018
5309,66,SS19,sleeveless,0.0,0.0
5309,65,SS19,sleeveless,0.0377358490566037,0.0754716981132075
5270,64,SS19,long dress,0.0,0.0
5309,52,SS19,sleeveless,0.0,0.0188679245283018
5309,76,SS19,sleeveless,0.0,0.0566037735849056
5316,10,SS19,culottes,0.0377358490566037,0.1132075471698113
5275,85,SS19,gitana skirt,0.0377358490566037,0.0188679245283018
5255,14,SS19,gitana skirt,0.0,0.0188679245283018
5253,57,SS19,long dress,0.0,0.0
5253,59,SS19,long dress,0.0,0.0
5309,18,SS19,sleeveless,0.0,0.0
5274,83,SS19,sleeveless,0.0188679245283018,0.0
5274,76,SS19,sleeveless,0.0,0.0188679245283018
5309,46,SS19,sleeveless,0.0,0.0
5309,26,SS19,sleeveless,0.0,0.0
5309,81,SS19,sleeveless,0.0188679245283018,0.0188679245283018
5274,39,SS19,sleeveless,0.0,0.0
5316,19,SS19,culottes,0.0,0.0188679245283018
5274,60,SS19,sleeveless,0.0377358490566037,0.0
5274,19,SS19,sleeveless,0.0,0.0
5274,15,SS19,sleeveless,0.0,0.0
5309,74,SS19,sleeveless,0.0,0.0
5309,53,SS19,sleeveless,0.0,0.1132075471698113
5309,32,SS19,sleeveless,0.0188679245283018,0.0566037735849056
5309,67,SS19,sleeveless,0.0,0.0188679245283018
5309,85,SS19,sleeveless,0.0,0.0
5316,66,SS19,culottes,0.0,0.0
5316,65,SS19,culottes,0.0,0.0566037735849056
5253,4,SS19,long dress,0.0,0.0
5275,36,SS19,gitana skirt,0.0,0.0
5253,0,SS19,long dress,0.0188679245283018,0.0188679245283018
5291,24,SS19,solid color top,0.0566037735849056,0.0566037735849056
5309,20,SS19,sleeveless,0.0,0.0188679245283018
5169,0,SS19,jumpsuit,0.0188679245283018,0.0188679245283018
3929,11,SS19,printed shirt,0.0,0.0
5298,2,SS19,long cardigan,0.0,0.0754716981132075
5305,20,SS19,long dress,0.0,0.0
5324,29,SS19,long sleeve,0.0188679245283018,0.0
5298,10,SS19,long cardigan,0.0,0.0
5275,75,SS19,gitana skirt,0.0,0.0
5275,19,SS19,gitana skirt,0.0,0.0
5322,15,SS19,long dress,0.0,0.0
5275,2,SS19,gitana skirt,0.0566037735849056,0.0188679245283018
5322,2,SS19,long dress,0.0,0.0
5322,54,SS19,long dress,0.0188679245283018,0.0188679245283018
5278,36,SS19,long sleeve,0.0,0.0
5322,30,SS19,long dress,0.0,0.0
5323,36,SS19,drop sleeve,0.0,0.0188679245283018
5278,67,SS19,long sleeve,0.0,0.0
5278,109,SS19,long sleeve,0.0,0.0377358490566037
5323,26,SS19,drop sleeve,0.0,0.0188679245283018
5278,51,SS19,long sleeve,0.0188679245283018,0.0188679245283018
5322,31,SS19,long dress,0.0,0.0188679245283018
5323,46,SS19,drop sleeve,0.0377358490566037,0.0188679245283018
5278,76,SS19,long sleeve,0.0,0.0377358490566037
5323,8,SS19,drop sleeve,0.0,0.0
5278,22,SS19,long sleeve,0.0,0.0
5278,33,SS19,long sleeve,0.0188679245283018,0.0188679245283018
5323,57,SS19,drop sleeve,0.0,0.0
5285,100,SS19,solid color top,0.0188679245283018,0.0
5228,7,SS19,sleeveless,0.0,0.0
5228,30,SS19,sleeveless,0.0,0.0188679245283018
5285,18,SS19,solid color top,0.0188679245283018,0.0
5285,90,SS19,solid color top,0.0,0.0
5227,10,SS19,sleeveless,0.0,0.0
5227,30,SS19,sleeveless,0.0,0.0
5285,82,SS19,solid color top,0.0,0.0
5228,36,SS19,sleeveless,0.0,0.0566037735849056
5298,40,SS19,long cardigan,0.0188679245283018,0.0188679245283018
5305,110,SS19,long dress,0.0,0.0
5322,66,SS19,long dress,0.0,0.0
5322,3,SS19,long dress,0.0,0.0
4233,41,SS19,solid color top,0.0,0.0
5322,110,SS19,long dress,0.0188679245283018,0.0188679245283018
5316,76,SS19,culottes,0.0,0.0
5322,9,SS19,long dress,0.0,0.0
5149,46,SS19,capris,0.0,0.0188679245283018
5322,73,SS19,long dress,0.0,0.0
5243,50,SS19,shorts,0.0,0.0
5243,19,SS19,shorts,0.0,0.0
5243,12,SS19,shorts,0.0,0.0
5322,43,SS19,long dress,0.0,0.0377358490566037
5322,14,SS19,long dress,0.0377358490566037,0.0
5322,75,SS19,long dress,0.0,0.0
5323,35,SS19,drop sleeve,0.0188679245283018,0.0
5305,48,SS19,long dress,0.0,0.0
5305,43,SS19,long dress,0.0,0.0
5245,90,SS19,culottes,0.0377358490566037,0.0377358490566037
5305,39,SS19,long dress,0.0188679245283018,0.0
5245,0,SS19,culottes,0.0,0.0377358490566037
5298,100,SS19,long cardigan,0.0,0.0188679245283018
5245,44,SS19,culottes,0.0,0.0566037735849056
5305,73,SS19,long dress,0.0,0.0
5316,22,SS19,culottes,0.0,0.0188679245283018
5305,9,SS19,long dress,0.0,0.0
5149,13,SS19,capris,0.0,0.0188679245283018
5298,0,SS19,long cardigan,0.0188679245283018,0.0377358490566037
5316,33,SS19,culottes,0.0188679245283018,0.0
5322,19,SS19,long dress,0.0,0.0
5208,24,SS19,patterned top,0.0,0.0566037735849056
5302,65,SS19,sleeveless,0.0,0.0188679245283018
5302,43,SS19,sleeveless,0.0,0.0
5302,3,SS19,sleeveless,0.0188679245283018,0.0377358490566037
5249,75,SS19,culottes,0.0188679245283018,0.0188679245283018
5249,54,SS19,culottes,0.0188679245283018,0.0
5305,16,SS19,long dress,0.0,0.0
5251,59,SS19,culottes,0.0188679245283018,0.0188679245283018
5298,79,SS19,long cardigan,0.0377358490566037,0.0188679245283018
5284,20,SS19,long dress,0.0,0.0188679245283018
5284,13,SS19,long dress,0.0,0.0
5284,16,SS19,long dress,0.0,0.0188679245283018
5298,75,SS19,long cardigan,0.0188679245283018,0.0377358490566037
5298,19,SS19,long cardigan,0.0188679245283018,0.0
5250,36,SS19,long dress,0.0188679245283018,0.0188679245283018
5250,40,SS19,long dress,0.0188679245283018,0.0
5298,66,SS19,long cardigan,0.0,0.0
5249,73,SS19,culottes,0.0,0.0
5251,36,SS19,culottes,0.0377358490566037,0.0
5250,14,SS19,long dress,0.0,0.0
5250,19,SS19,long dress,0.0188679245283018,0.0566037735849056
5266,63,SS19,sleeveless,0.0,0.0188679245283018
5266,95,SS19,sleeveless,0.0,0.0377358490566037
5305,13,SS19,long dress,0.0,0.0
5298,94,SS19,long cardigan,0.0,0.0
5266,18,SS19,sleeveless,0.0188679245283018,0.0
5298,65,SS19,long cardigan,0.0,0.0566037735849056
5251,9,SS19,culottes,0.0,0.0754716981132075
5251,80,SS19,culottes,0.0,0.0
5251,43,SS19,culottes,0.0188679245283018,0.0188679245283018
5298,31,SS19,long cardigan,0.0,0.0188679245283018
5298,7,SS19,long cardigan,0.0,0.0377358490566037
5250,3,SS19,long dress,0.0188679245283018,0.0188679245283018
5298,110,SS19,long cardigan,0.0943396226415094,0.0
5298,3,SS19,long cardigan,0.0,0.0377358490566037
5274,104,SS19,sleeveless,0.0,0.0188679245283018
5298,83,SS19,long cardigan,0.0377358490566037,0.0754716981132075
5285,48,SS19,solid color top,0.0,0.0188679245283018
5286,69,SS19,shorts,0.0,0.0
5298,1,SS19,long cardigan,0.0,0.0
5298,68,SS19,long cardigan,0.0188679245283018,0.0
5298,51,SS19,long cardigan,0.0,0.0188679245283018
5275,22,SS19,gitana skirt,0.0188679245283018,0.0188679245283018
5275,76,SS19,gitana skirt,0.0188679245283018,0.0377358490566037
5255,95,SS19,gitana skirt,0.0188679245283018,0.0377358490566037
5255,46,SS19,gitana skirt,0.0,0.0
5275,82,SS19,gitana skirt,0.0,0.0
5298,24,SS19,long cardigan,0.0,0.0
5255,26,SS19,gitana skirt,0.0,0.0
4221,27,SS19,culottes,0.0,0.0377358490566037
4203,95,SS19,printed shirt,0.0188679245283018,0.0
5255,68,SS19,gitana skirt,0.0,0.0188679245283018
5255,76,SS19,gitana skirt,0.0,0.0188679245283018
5255,45,SS19,gitana skirt,0.0,0.0188679245283018
5126,48,SS19,culottes,0.0,0.1132075471698113
5298,45,SS19,long cardigan,0.0188679245283018,0.0
5126,32,SS19,culottes,0.0377358490566037,0.0188679245283018
5298,22,SS19,long cardigan,0.0,0.0
5298,33,SS19,long cardigan,0.0,0.0
5249,0,SS19,culottes,0.0,0.0188679245283018
5249,40,SS19,culottes,0.0188679245283018,0.0377358490566037
5298,16,SS19,long cardigan,0.0,0.0
5249,101,SS19,culottes,0.0,0.0377358490566037
5298,5,SS19,long cardigan,0.0,0.0
5249,22,SS19,culottes,0.0,0.0188679245283018
5278,66,SS19,long sleeve,0.0377358490566037,0.0377358490566037
5245,72,SS19,culottes,0.0188679245283018,0.0566037735849056
5309,10,SS19,sleeveless,0.0377358490566037,0.0566037735849056
5309,2,SS19,sleeveless,0.0,0.0
5295,8,SS19,jumpsuit,0.0,0.0
5297,51,SS19,long dress,0.0,0.0
5295,104,SS19,jumpsuit,0.0377358490566037,0.0377358490566037
5295,64,SS19,jumpsuit,0.0,0.0
5295,41,SS19,jumpsuit,0.0188679245283018,0.0188679245283018
5280,28,SS19,solid color top,0.0,0.0
5304,2,SS19,long dress,0.0377358490566037,0.0
5279,45,SS19,doll dress,0.0,0.0
5280,31,SS19,solid color top,0.0,0.0
5264,20,SS19,solid color top,0.0,0.0
5264,45,SS19,solid color top,0.0,0.0
5264,22,SS19,solid color top,0.0,0.0
5235,22,SS19,gitana skirt,0.0188679245283018,0.0188679245283018
5264,31,SS19,solid color top,0.0,0.0
5304,10,SS19,long dress,0.0,0.0
5304,7,SS19,long dress,0.0188679245283018,0.0
5279,16,SS19,doll dress,0.0,0.0377358490566037
5235,110,SS19,gitana skirt,0.0,0.0
5279,3,SS19,doll dress,0.0,0.0566037735849056
5297,67,SS19,long dress,0.0,0.0
5279,73,SS19,doll dress,0.0,0.0188679245283018
5297,69,SS19,long dress,0.0377358490566037,0.0
5264,9,SS19,solid color top,0.0,0.0188679245283018
5304,94,SS19,long dress,0.0,0.0188679245283018
5297,76,SS19,long dress,0.0566037735849056,0.0
5295,36,SS19,jumpsuit,0.0,0.0
5295,28,SS19,jumpsuit,0.0,0.0
5295,16,SS19,jumpsuit,0.0,0.0188679245283018
5295,13,SS19,jumpsuit,0.0188679245283018,0.0
5235,51,SS19,gitana skirt,0.0,0.0188679245283018
5295,33,SS19,jumpsuit,0.0,0.0
5280,36,SS19,solid color top,0.0,0.0
5295,24,SS19,jumpsuit,0.0,0.0
5280,35,SS19,solid color top,0.0,0.0
5295,77,SS19,jumpsuit,0.0188679245283018,0.0188679245283018
5295,1,SS19,jumpsuit,0.0,0.0
5295,47,SS19,jumpsuit,0.0,0.0188679245283018
5235,39,SS19,gitana skirt,0.0188679245283018,0.0188679245283018
5295,26,SS19,jumpsuit,0.0,0.0377358490566037
5280,53,SS19,solid color top,0.0,0.0
5297,33,SS19,long dress,0.0,0.0188679245283018
5280,101,SS19,solid color top,0.0,0.0
5280,50,SS19,solid color top,0.0,0.0
5197,95,SS19,short sleeves,0.0,0.0
5297,22,SS19,long dress,0.0,0.0
5197,80,SS19,short sleeves,0.0,0.0
5295,82,SS19,jumpsuit,0.0,0.0
5297,52,SS19,long dress,0.0188679245283018,0.0188679245283018
5295,67,SS19,jumpsuit,0.0,0.0
5295,53,SS19,jumpsuit,0.0188679245283018,0.0188679245283018
5295,81,SS19,jumpsuit,0.0,0.0
5279,47,SS19,doll dress,0.0,0.0
5297,35,SS19,long dress,0.0,0.0188679245283018
5297,81,SS19,long dress,0.0188679245283018,0.0188679245283018
5297,36,SS19,long dress,0.0,0.0
5303,93,SS19,long dress,0.0,0.0
5270,30,SS19,long dress,0.0188679245283018,0.0188679245283018
5297,41,SS19,long dress,0.0,0.0
5093,101,SS19,culottes,0.0,0.0188679245283018
5242,54,SS19,printed shirt,0.0,0.0
5270,19,SS19,long dress,0.0,0.0188679245283018
5303,18,SS19,long dress,0.0,0.0
5303,45,SS19,long dress,0.0,0.0
5270,75,SS19,long dress,0.0377358490566037,0.0377358490566037
5303,26,SS19,long dress,0.0,0.0
5279,10,SS19,doll dress,0.0,0.0188679245283018
5279,49,SS19,doll dress,0.0188679245283018,0.0377358490566037
5270,73,SS19,long dress,0.0,0.0188679245283018
5304,29,SS19,long dress,0.0,0.0
5270,9,SS19,long dress,0.0,0.0188679245283018
5270,56,SS19,long dress,0.0188679245283018,0.0
5270,16,SS19,long dress,0.0,0.0188679245283018
5270,117,SS19,long dress,0.0,0.0
5270,50,SS19,long dress,0.0188679245283018,0.0
5310,36,SS19,short sleeves,0.0,0.0
5270,22,SS19,long dress,0.0,0.0188679245283018
5310,18,SS19,short sleeves,0.0,0.0
5303,24,SS19,long dress,0.0,0.0
5270,51,SS19,long dress,0.0188679245283018,0.0188679245283018
5279,65,SS19,doll dress,0.0,0.0
5279,66,SS19,doll dress,0.0188679245283018,0.0754716981132075
5286,80,SS19,shorts,0.0,0.0
5286,81,SS19,shorts,0.0,0.0
5279,7,SS19,doll dress,0.0,0.0
5310,67,SS19,short sleeves,0.0,0.0377358490566037
5297,29,SS19,long dress,0.0,0.0
5310,85,SS19,short sleeves,0.0,0.0188679245283018
5279,39,SS19,doll dress,0.0,0.0188679245283018
5297,26,SS19,long dress,0.0,0.0377358490566037
5297,46,SS19,long dress,0.0,0.0
5279,43,SS19,doll dress,0.0,0.0
5310,2,SS19,short sleeves,0.0,0.0377358490566037
5310,65,SS19,short sleeves,0.0188679245283018,0.0188679245283018
5310,66,SS19,short sleeves,0.0,0.0
5242,117,SS19,printed shirt,0.0,0.0377358490566037
5242,5,SS19,printed shirt,0.0,0.0377358490566037
5297,8,SS19,long dress,0.0,0.0377358490566037
5242,3,SS19,printed shirt,0.0,0.0188679245283018
5242,14,SS19,printed shirt,0.0,0.0
5305,41,SS19,long dress,0.0,0.0
5297,100,SS19,long dress,0.0188679245283018,0.0188679245283018
5310,14,SS19,short sleeves,0.0,0.0
5304,35,SS19,long dress,0.0,0.0188679245283018
5310,43,SS19,short sleeves,0.0,0.0188679245283018
5310,73,SS19,short sleeves,0.0,0.0188679245283018
5310,3,SS19,short sleeves,0.0188679245283018,0.0
5303,66,SS19,long dress,0.0,0.0
5304,46,SS19,long dress,0.0,0.0188679245283018
5304,18,SS19,long dress,0.0,0.0
5242,48,SS19,printed shirt,0.0,0.0
5310,33,SS19,short sleeves,0.0,0.0188679245283018
5242,66,SS19,printed shirt,0.0,0.0
5303,39,SS19,long dress,0.0,0.0188679245283018
5242,65,SS19,printed shirt,0.0,0.0
5295,3,SS19,jumpsuit,0.0,0.0566037735849056
4204,35,SS19,culottes,0.0,0.0188679245283018
5295,73,SS19,jumpsuit,0.0,0.0188679245283018
5295,43,SS19,jumpsuit,0.0,0.0
5307,77,SS19,jumpsuit,0.0,0.0188679245283018
5225,82,SS19,capris,0.0,0.0
5307,20,SS19,jumpsuit,0.0,0.0
5307,85,SS19,jumpsuit,0.0,0.0
5225,50,SS19,capris,0.0377358490566037,0.0188679245283018
5307,36,SS19,jumpsuit,0.0,0.0
5225,117,SS19,capris,0.0,0.0188679245283018
5236,110,SS19,gitana skirt,0.0,0.0188679245283018
5315,0,SS19,solid color top,0.0,0.0754716981132075
5225,110,SS19,capris,0.0188679245283018,0.0188679245283018
5225,65,SS19,capris,0.0,0.0377358490566037
5307,26,SS19,jumpsuit,0.0188679245283018,0.0188679245283018
5270,100,SS19,long dress,0.0,0.0
5237,80,SS19,gitana skirt,0.0,0.0
5315,18,SS19,solid color top,0.0188679245283018,0.0
5307,18,SS19,jumpsuit,0.0,0.0
5307,8,SS19,jumpsuit,0.0,0.0
5270,63,SS19,long dress,0.0,0.0
5307,57,SS19,jumpsuit,0.0,0.0
5270,59,SS19,long dress,0.0,0.0
5270,4,SS19,long dress,0.0,0.0377358490566037
5297,2,SS19,long dress,0.0188679245283018,0.0188679245283018
5315,42,SS19,solid color top,0.0188679245283018,0.0
5315,20,SS19,solid color top,0.0,0.0
5315,75,SS19,solid color top,0.0,0.0188679245283018
5315,19,SS19,solid color top,0.0,0.1132075471698113
5297,10,SS19,long dress,0.0,0.0188679245283018
5225,54,SS19,capris,0.0,0.0188679245283018
5315,69,SS19,solid color top,0.0188679245283018,0.0566037735849056
5297,7,SS19,long dress,0.0188679245283018,0.0377358490566037
5225,107,SS19,capris,0.0,0.0188679245283018
5240,10,SS19,long sleeve,0.0,0.0188679245283018
5272,69,SS19,shorts,0.0,0.0
5130,43,SS19,culottes,0.0,0.0
5272,90,SS19,shorts,0.0,0.0
5159,35,SS19,culottes,0.0377358490566037,0.0188679245283018
5286,12,SS19,shorts,0.0,0.0
5275,29,SS19,gitana skirt,0.0,0.0188679245283018
5275,41,SS19,gitana skirt,0.0,0.0
5159,69,SS19,culottes,0.0,0.0188679245283018
5286,10,SS19,shorts,0.0,0.0
5159,45,SS19,culottes,0.0188679245283018,0.0
5286,31,SS19,shorts,0.0,0.0377358490566037
5286,14,SS19,shorts,0.0,0.0
5286,43,SS19,shorts,0.0,0.0
5240,2,SS19,long sleeve,0.0188679245283018,0.0
5159,56,SS19,culottes,0.0,0.0
5159,66,SS19,culottes,0.0566037735849056,0.0
5307,30,SS19,jumpsuit,0.0,0.0377358490566037
5307,2,SS19,jumpsuit,0.0,0.0
5307,10,SS19,jumpsuit,0.0377358490566037,0.0
5307,49,SS19,jumpsuit,0.0,0.0
5307,15,SS19,jumpsuit,0.0,0.0
5307,14,SS19,jumpsuit,0.0,0.0
5307,43,SS19,jumpsuit,0.0,0.0
5307,80,SS19,jumpsuit,0.0,0.0
5307,3,SS19,jumpsuit,0.0,0.0
5240,67,SS19,long sleeve,0.0,0.0377358490566037
5225,26,SS19,capris,0.0,0.0
5240,56,SS19,long sleeve,0.0188679245283018,0.0
5286,39,SS19,shorts,0.0,0.0
5305,82,SS19,long dress,0.0188679245283018,0.0
5297,15,SS19,long dress,0.0,0.0566037735849056
5306,26,SS19,solid color top,0.0377358490566037,0.0188679245283018
5305,18,SS19,long dress,0.0,0.0
5305,59,SS19,long dress,0.0,0.0
5279,4,SS19,doll dress,0.0,0.0188679245283018
5270,72,SS19,long dress,0.0,0.0188679245283018
5270,82,SS19,long dress,0.0,0.0188679245283018
5136,4,SS19,jumpsuit,0.0,0.0
5295,30,SS19,jumpsuit,0.0188679245283018,0.0
5295,2,SS19,jumpsuit,0.0377358490566037,0.0188679245283018
5305,63,SS19,long dress,0.0,0.0
5279,40,SS19,doll dress,0.0,0.0
5297,16,SS19,long dress,0.0,0.0377358490566037
5279,74,SS19,doll dress,0.0,0.0
5297,13,SS19,long dress,0.0,0.0
5235,29,SS19,gitana skirt,0.0,0.0566037735849056
5242,68,SS19,printed shirt,0.0,0.0
5242,22,SS19,printed shirt,0.0,0.0
5242,93,SS19,printed shirt,0.0,0.0188679245283018
5242,50,SS19,printed shirt,0.0377358490566037,0.0188679245283018
5280,46,SS19,solid color top,0.0,0.0
5305,104,SS19,long dress,0.0,0.0
5295,49,SS19,jumpsuit,0.0188679245283018,0.0188679245283018
5279,107,SS19,doll dress,0.0,0.0566037735849056
5295,66,SS19,jumpsuit,0.0188679245283018,0.0188679245283018
5235,30,SS19,gitana skirt,0.0377358490566037,0.0
5295,75,SS19,jumpsuit,0.0,0.0
5280,26,SS19,solid color top,0.0,0.0
5295,14,SS19,jumpsuit,0.0,0.0
5185,24,SS19,culottes,0.0,0.0
5242,24,SS19,printed shirt,0.0,0.0
5209,42,SS19,patterned top,0.0,0.0377358490566037
5209,101,SS19,patterned top,0.0,0.0
5185,83,SS19,culottes,0.0188679245283018,0.0
5297,65,SS19,long dress,0.0,0.0188679245283018
5321,100,SS19,solid color top,0.0,0.0
5321,18,SS19,solid color top,0.0,0.0
5270,18,SS19,long dress,0.0,0.0
5305,72,SS19,long dress,0.0,0.0
5321,93,SS19,solid color top,0.0,0.0
5321,66,SS19,solid color top,0.0,0.0188679245283018
5288,107,SS19,solid color top,0.0188679245283018,0.0188679245283018
5305,67,SS19,long dress,0.0,0.0
5189,24,SS19,culottes,0.0,0.0
5288,50,SS19,solid color top,0.0,0.0
5288,5,SS19,solid color top,0.0,0.0188679245283018
5288,86,SS19,solid color top,0.0,0.0
5242,100,SS19,printed shirt,0.0,0.0
5288,75,SS19,solid color top,0.0,0.0
5242,63,SS19,printed shirt,0.0,0.0
5242,8,SS19,printed shirt,0.0,0.0
5242,0,SS19,printed shirt,0.0,0.0
5242,26,SS19,printed shirt,0.0,0.0
5242,53,SS19,printed shirt,0.0,0.0188679245283018
5242,67,SS19,printed shirt,0.0,0.0
5242,101,SS19,printed shirt,0.0,0.0
5185,104,SS19,culottes,0.0,0.0188679245283018
5297,66,SS19,long dress,0.0188679245283018,0.0
5185,59,SS19,culottes,0.0,0.0188679245283018
5297,19,SS19,long dress,0.0,0.0188679245283018
5270,53,SS19,long dress,0.0188679245283018,0.0
5236,12,SS19,gitana skirt,0.0,0.0188679245283018
5097,48,SS19,doll dress,0.0,0.0
5295,39,SS19,jumpsuit,0.0,0.0
5322,99,SS19,long dress,0.0,0.0
5285,10,SS19,solid color top,0.0188679245283018,0.0377358490566037
5286,5,SS19,shorts,0.0,0.0
5147,2,SS19,capris,0.0,0.0
5305,94,SS19,long dress,0.0,0.0
5111,46,SS19,short sleeves,0.0188679245283018,0.0188679245283018
5147,10,SS19,capris,0.0,0.0
5316,100,SS19,culottes,0.0,0.0
5147,65,SS19,capris,0.0,0.0
5294,81,SS19,shorts,0.0,0.0
5147,60,SS19,capris,0.0,0.0377358490566037
5208,95,SS19,patterned top,0.0377358490566037,0.0188679245283018
5287,75,SS19,shorts,0.0,0.0188679245283018
5226,67,SS19,culottes,0.0377358490566037,0.0
5316,8,SS19,culottes,0.0,0.0
5300,20,SS19,culottes,0.0,0.0
5294,26,SS19,shorts,0.0,0.0
5300,47,SS19,culottes,0.0,0.0
5300,68,SS19,culottes,0.0,0.0
5294,46,SS19,shorts,0.0,0.0188679245283018
5327,18,SS19,patterned top,0.0,0.0
5300,77,SS19,culottes,0.0188679245283018,0.0188679245283018
5327,74,SS19,patterned top,0.0,0.0
5300,42,SS19,culottes,0.0188679245283018,0.0
5300,51,SS19,culottes,0.0188679245283018,0.0
5316,41,SS19,culottes,0.0,0.0566037735849056
5305,31,SS19,long dress,0.0,0.0188679245283018
5252,22,SS19,culottes,0.0377358490566037,0.0188679245283018
5300,95,SS19,culottes,0.0,0.0188679245283018
5252,68,SS19,culottes,0.0,0.0
5294,74,SS19,shorts,0.0,0.0
5300,18,SS19,culottes,0.0,0.0
5300,46,SS19,culottes,0.0,0.0
5300,26,SS19,culottes,0.0,0.0
5300,36,SS19,culottes,0.0,0.0
5300,74,SS19,culottes,0.0,0.0
5226,90,SS19,culottes,0.0188679245283018,0.0188679245283018
5300,32,SS19,culottes,0.0,0.0
5252,46,SS19,culottes,0.0,0.0188679245283018
5294,69,SS19,shorts,0.0566037735849056,0.0754716981132075
5287,50,SS19,shorts,0.0,0.0188679245283018
5305,30,SS19,long dress,0.0,0.0
5305,2,SS19,long dress,0.0,0.0
5260,15,SS19,culottes,0.0,0.0188679245283018
5305,10,SS19,long dress,0.0,0.0
5260,94,SS19,culottes,0.0377358490566037,0.0
5287,43,SS19,shorts,0.0,0.0
5252,83,SS19,culottes,0.0188679245283018,0.0
5327,67,SS19,patterned top,0.0,0.0188679245283018
5300,76,SS19,culottes,0.0,0.0377358490566037
5294,18,SS19,shorts,0.0,0.0
5328,101,SS19,patterned top,0.0,0.0188679245283018
5328,1,SS19,patterned top,0.0,0.0
5328,68,SS19,patterned top,0.0,0.0
5258,73,SS19,culottes,0.0,0.0
5328,3,SS19,patterned top,0.0,0.0377358490566037
5328,80,SS19,patterned top,0.0,0.0
5328,43,SS19,patterned top,0.0,0.0
5300,5,SS19,culottes,0.0,0.0188679245283018
5258,110,SS19,culottes,0.0188679245283018,0.0
5258,94,SS19,culottes,0.0,0.0188679245283018
5226,82,SS19,culottes,0.0,0.0
5316,46,SS19,culottes,0.0,0.0
5316,26,SS19,culottes,0.0,0.0
5300,6,SS19,culottes,0.0,0.0188679245283018
5300,110,SS19,culottes,0.0188679245283018,0.0188679245283018
5258,83,SS19,culottes,0.0,0.0188679245283018
5300,9,SS19,culottes,0.0,0.0
5300,39,SS19,culottes,0.0,0.0188679245283018
5294,100,SS19,shorts,0.0,0.0
5226,68,SS19,culottes,0.0,0.0188679245283018
5300,3,SS19,culottes,0.0,0.0
5316,18,SS19,culottes,0.0,0.0
5328,69,SS19,patterned top,0.0,0.0
5258,31,SS19,culottes,0.0188679245283018,0.0188679245283018
5260,101,SS19,culottes,0.0188679245283018,0.0377358490566037
5327,51,SS19,patterned top,0.0,0.0
5327,22,SS19,patterned top,0.0,0.0
5327,13,SS19,patterned top,0.0,0.0188679245283018
5300,22,SS19,culottes,0.0,0.0566037735849056
5327,80,SS19,patterned top,0.0,0.0
5313,66,SS19,shorts,0.0188679245283018,0.0
5300,33,SS19,culottes,0.0,0.0
5300,50,SS19,culottes,0.0188679245283018,0.0
5260,36,SS19,culottes,0.0188679245283018,0.0
5226,107,SS19,culottes,0.0188679245283018,0.0
5258,54,SS19,culottes,0.0,0.0188679245283018
5208,4,SS19,patterned top,0.0,0.0377358490566037
5300,16,SS19,culottes,0.0,0.0188679245283018
5327,19,SS19,patterned top,0.0,0.0
5258,10,SS19,culottes,0.0,0.0
5328,104,SS19,patterned top,0.0188679245283018,0.0
5328,21,SS19,patterned top,0.0,0.0
5328,4,SS19,patterned top,0.0,0.0377358490566037
5300,28,SS19,culottes,0.0188679245283018,0.0566037735849056
5328,26,SS19,patterned top,0.0,0.0377358490566037
5252,3,SS19,culottes,0.0188679245283018,0.0188679245283018
5311,30,SS19,jumpsuit,0.0,0.0188679245283018
5301,59,SS19,short sleeves,0.0188679245283018,0.0
5301,51,SS19,short sleeves,0.0,0.0188679245283018
5311,27,SS19,jumpsuit,0.0,0.0566037735849056
5300,44,SS19,culottes,0.0,0.0
5300,64,SS19,culottes,0.0,0.0566037735849056
5311,47,SS19,jumpsuit,0.0,0.0
5318,5,SS19,jumpsuit,0.0,0.0
5318,99,SS19,jumpsuit,0.0,0.0
5300,23,SS19,culottes,0.0377358490566037,0.0188679245283018
5318,16,SS19,jumpsuit,0.0,0.0
5115,4,SS19,culottes,0.0,0.0
5300,25,SS19,culottes,0.0188679245283018,0.0943396226415094
5318,117,SS19,jumpsuit,0.0188679245283018,0.0377358490566037
5318,76,SS19,jumpsuit,0.0188679245283018,0.0188679245283018
5318,68,SS19,jumpsuit,0.0,0.0
5294,65,SS19,shorts,0.0,0.0
5318,47,SS19,jumpsuit,0.0,0.0
5259,12,SS19,patterned top,0.0,0.0
5294,66,SS19,shorts,0.0,0.0
5311,22,SS19,jumpsuit,0.0377358490566037,0.0566037735849056
5259,5,SS19,patterned top,0.0188679245283018,0.0188679245283018
5318,50,SS19,jumpsuit,0.0,0.0188679245283018
5318,80,SS19,jumpsuit,0.0,0.0
5318,43,SS19,jumpsuit,0.0,0.0
5318,86,SS19,jumpsuit,0.0,0.0566037735849056
5294,12,SS19,shorts,0.0,0.0
5311,4,SS19,jumpsuit,0.0,0.0566037735849056
5311,8,SS19,jumpsuit,0.0188679245283018,0.0
5311,36,SS19,jumpsuit,0.0,0.0188679245283018
5311,59,SS19,jumpsuit,0.0377358490566037,0.0188679245283018
4173,48,SS19,short sleeves,0.0188679245283018,0.0188679245283018
5311,21,SS19,jumpsuit,0.0,0.0
5300,4,SS19,culottes,0.0,0.0188679245283018
5311,44,SS19,jumpsuit,0.0,0.0
5311,57,SS19,jumpsuit,0.0,0.0377358490566037
5311,53,SS19,jumpsuit,0.0,0.0
5318,54,SS19,jumpsuit,0.0,0.0
5318,31,SS19,jumpsuit,0.0188679245283018,0.0188679245283018
5318,65,SS19,jumpsuit,0.0,0.0
5311,32,SS19,jumpsuit,0.0188679245283018,0.0943396226415094
5318,84,SS19,jumpsuit,0.0,0.0
5318,19,SS19,jumpsuit,0.0,0.0
5300,59,SS19,culottes,0.0,0.0188679245283018
4226,68,SS19,short sleeves,0.0,0.0188679245283018
5311,107,SS19,jumpsuit,0.0566037735849056,0.0188679245283018
5311,82,SS19,jumpsuit,0.0,0.0
5318,85,SS19,jumpsuit,0.0,0.0
5258,23,SS19,culottes,0.0,0.0
5318,81,SS19,jumpsuit,0.0,0.0188679245283018
5132,26,SS19,maxi,0.0,0.0754716981132075
5299,93,SS19,short sleeves,0.0,0.0188679245283018
5299,40,SS19,short sleeves,0.0,0.0
5287,83,SS19,shorts,0.0,0.0
5299,69,SS19,short sleeves,0.0,0.0
5294,13,SS19,shorts,0.0,0.0
5311,43,SS19,jumpsuit,0.0566037735849056,0.0566037735849056
5311,86,SS19,jumpsuit,0.0,0.0754716981132075
5311,14,SS19,jumpsuit,0.0,0.0188679245283018
5299,14,SS19,short sleeves,0.0,0.0188679245283018
5311,75,SS19,jumpsuit,0.0188679245283018,0.0188679245283018
5226,8,SS19,culottes,0.0,0.0
5311,84,SS19,jumpsuit,0.0,0.0
5226,18,SS19,culottes,0.0,0.0
5301,10,SS19,short sleeves,0.0,0.0188679245283018
5311,65,SS19,jumpsuit,0.0,0.0
5193,8,SS19,long dress,0.0,0.0
5301,14,SS19,short sleeves,0.0188679245283018,0.0
5311,31,SS19,jumpsuit,0.0754716981132075,0.0188679245283018
5311,19,SS19,jumpsuit,0.0,0.0377358490566037
5245,77,SS19,culottes,0.0,0.0
5259,82,SS19,patterned top,0.0188679245283018,0.0377358490566037
5132,50,SS19,maxi,0.0,0.0
5318,0,SS19,jumpsuit,0.0,0.0754716981132075
5318,4,SS19,jumpsuit,0.0188679245283018,0.0377358490566037
5311,93,SS19,jumpsuit,0.0566037735849056,0.0943396226415094
5318,8,SS19,jumpsuit,0.0,0.0
5318,100,SS19,jumpsuit,0.0188679245283018,0.0
5318,21,SS19,jumpsuit,0.0188679245283018,0.0377358490566037
5294,43,SS19,shorts,0.0,0.0
5311,13,SS19,jumpsuit,0.0188679245283018,0.0377358490566037
5144,102,SS19,maxi,0.0,0.0
5294,5,SS19,shorts,0.0,0.0188679245283018
5318,57,SS19,jumpsuit,0.0,0.0377358490566037
5311,28,SS19,jumpsuit,0.0,0.0
5318,29,SS19,jumpsuit,0.0,0.0
5311,99,SS19,jumpsuit,0.0188679245283018,0.0188679245283018
5318,41,SS19,jumpsuit,0.0,0.0
5311,3,SS19,jumpsuit,0.0,0.0943396226415094
5259,51,SS19,patterned top,0.0,0.0188679245283018
5311,6,SS19,jumpsuit,0.0,0.0754716981132075
5259,20,SS19,patterned top,0.0,0.0
5287,45,SS19,shorts,0.0,0.0
5318,46,SS19,jumpsuit,0.0,0.0943396226415094
5226,51,SS19,culottes,0.0566037735849056,0.0188679245283018
5328,90,SS19,patterned top,0.0,0.0
5311,18,SS19,jumpsuit,0.0,0.0
5146,19,SS19,culottes,0.0,0.0
5146,75,SS19,culottes,0.0377358490566037,0.0566037735849056
5283,35,SS19,shorts,0.0,0.0
5198,27,SS19,culottes,0.0188679245283018,0.0
5198,42,SS19,culottes,0.0,0.0188679245283018
5272,3,SS19,shorts,0.0,0.0
5313,36,SS19,shorts,0.0,0.0188679245283018
5272,5,SS19,shorts,0.0,0.0
5300,31,SS19,culottes,0.0,0.0188679245283018
5316,51,SS19,culottes,0.0,0.0377358490566037
5322,38,SS19,long dress,0.0377358490566037,0.0188679245283018
5198,43,SS19,culottes,0.0,0.0
5313,100,SS19,shorts,0.0,0.0
5322,25,SS19,long dress,0.0,0.0377358490566037
5283,69,SS19,shorts,0.0188679245283018,0.0188679245283018
5300,15,SS19,culottes,0.0,0.0943396226415094
5322,77,SS19,long dress,0.0,0.0188679245283018
5313,69,SS19,shorts,0.0,0.0
5292,15,SS19,drop sleeve,0.0,0.0
5292,7,SS19,drop sleeve,0.0,0.0188679245283018
5322,26,SS19,long dress,0.0,0.0188679245283018
5322,81,SS19,long dress,0.0,0.0
5245,62,SS19,culottes,0.0188679245283018,0.0377358490566037
5245,10,SS19,culottes,0.0188679245283018,0.0
5245,60,SS19,culottes,0.0754716981132075,0.0
5322,32,SS19,long dress,0.0188679245283018,0.0188679245283018
5272,14,SS19,shorts,0.0,0.0
5245,79,SS19,culottes,0.0943396226415094,0.0
5243,67,SS19,shorts,0.0,0.0
5300,65,SS19,culottes,0.0,0.0
5198,72,SS19,culottes,0.0188679245283018,0.0
5322,76,SS19,long dress,0.0,0.0
5313,40,SS19,shorts,0.0,0.0188679245283018
5322,74,SS19,long dress,0.0,0.0
5322,59,SS19,long dress,0.0,0.0
5216,46,SS19,doll dress,0.0,0.0
5300,7,SS19,culottes,0.0,0.0
5322,101,SS19,long dress,0.0,0.0188679245283018
5323,56,SS19,drop sleeve,0.0,0.0566037735849056
5220,84,SS19,culottes,0.0,0.0
5300,30,SS19,culottes,0.0,0.0188679245283018
5300,54,SS19,culottes,0.0,0.0
5300,2,SS19,culottes,0.0,0.0566037735849056
5322,21,SS19,long dress,0.0,0.0
5220,49,SS19,culottes,0.0188679245283018,0.0
5220,43,SS19,culottes,0.0,0.0188679245283018
5220,35,SS19,culottes,0.0,0.0188679245283018
5322,63,SS19,long dress,0.0,0.0
5220,5,SS19,culottes,0.0,0.0188679245283018
5220,99,SS19,culottes,0.0,0.0
5322,8,SS19,long dress,0.0,0.0
5220,20,SS19,culottes,0.0377358490566037,0.0
5220,46,SS19,culottes,0.0188679245283018,0.0
5220,90,SS19,culottes,0.0,0.0
5146,52,SS19,culottes,0.0,0.0
5322,102,SS19,long dress,0.0,0.0566037735849056
5300,10,SS19,culottes,0.0,0.0377358490566037
5283,75,SS19,shorts,0.0566037735849056,0.0
5322,61,SS19,long dress,0.0,0.0
5323,7,SS19,drop sleeve,0.0188679245283018,0.0
5323,15,SS19,drop sleeve,0.0,0.0188679245283018
5198,49,SS19,culottes,0.0,0.0188679245283018
5305,66,SS19,long dress,0.0,0.0
5323,80,SS19,drop sleeve,0.0,0.0566037735849056
5322,82,SS19,long dress,0.0,0.0
5283,15,SS19,shorts,0.0,0.0
5322,83,SS19,long dress,0.0,0.0188679245283018
5146,27,SS19,culottes,0.0,0.0377358490566037
5146,77,SS19,culottes,0.0,0.0
5322,72,SS19,long dress,0.0,0.0
5322,67,SS19,long dress,0.0,0.0
5292,94,SS19,drop sleeve,0.0,0.0188679245283018
5125,68,SS19,culottes,0.0,0.0188679245283018
5322,45,SS19,long dress,0.0,0.0754716981132075
5221,107,SS19,sleeveless,0.0,0.0
5320,49,SS19,long sleeve,0.0566037735849056,0.0188679245283018
5320,10,SS19,long sleeve,0.0,0.0188679245283018
5221,27,SS19,sleeveless,0.0377358490566037,0.0
5292,10,SS19,drop sleeve,0.0,0.0
5322,13,SS19,long dress,0.0,0.0
5292,29,SS19,drop sleeve,0.0,0.0
5272,12,SS19,shorts,0.0,0.0
5252,48,SS19,culottes,0.0377358490566037,0.0
5245,117,SS19,culottes,0.0,0.0
5125,102,SS19,culottes,0.0,0.0
5292,100,SS19,drop sleeve,0.0,0.0
5300,43,SS19,culottes,0.0,0.0
5328,12,SS19,patterned top,0.0,0.0
5292,8,SS19,drop sleeve,0.0,0.0188679245283018
5300,14,SS19,culottes,0.0,0.0
5300,19,SS19,culottes,0.0,0.0
5252,94,SS19,culottes,0.0,0.0188679245283018
5245,50,SS19,culottes,0.0188679245283018,0.0377358490566037
5263,94,SS19,culottes,0.0188679245283018,0.0
5245,76,SS19,culottes,0.0,0.0377358490566037
5226,99,SS19,culottes,0.0,0.0
4227,65,SS19,short sleeves,0.0188679245283018,0.0566037735849056
5316,69,SS19,culottes,0.0188679245283018,0.0188679245283018
5316,35,SS19,culottes,0.0,0.0754716981132075
5320,66,SS19,long sleeve,0.0,0.0188679245283018
5226,48,SS19,culottes,0.0,0.0188679245283018
5226,31,SS19,culottes,0.0,0.0
5263,69,SS19,culottes,0.0188679245283018,0.0377358490566037
5300,48,SS19,culottes,0.0188679245283018,0.0188679245283018
5300,66,SS19,culottes,0.0,0.0
5316,81,SS19,culottes,0.0,0.0
5320,33,SS19,long sleeve,0.0,0.0377358490566037
5322,16,SS19,long dress,0.0,0.0
5328,15,SS19,patterned top,0.0,0.0
5226,7,SS19,culottes,0.0,0.0
5292,26,SS19,drop sleeve,0.0,0.0377358490566037
5328,14,SS19,patterned top,0.0,0.0
5322,93,SS19,long dress,0.0,0.0188679245283018
5245,51,SS19,culottes,0.0377358490566037,0.0188679245283018
5292,73,SS19,drop sleeve,0.0,0.0
5292,80,SS19,drop sleeve,0.0,0.0188679245283018
5292,30,SS19,drop sleeve,0.0,0.0
5292,56,SS19,drop sleeve,0.0,0.0188679245283018
5294,29,SS19,shorts,0.0,0.0
5292,62,SS19,drop sleeve,0.0,0.0
5292,39,SS19,drop sleeve,0.0188679245283018,0.0188679245283018
5313,22,SS19,shorts,0.0188679245283018,0.0
5292,14,SS19,drop sleeve,0.0377358490566037,0.0
5322,90,SS19,long dress,0.0,0.0
5292,75,SS19,drop sleeve,0.0188679245283018,0.0754716981132075
5322,22,SS19,long dress,0.0,0.0
5292,13,SS19,drop sleeve,0.0188679245283018,0.0188679245283018
5305,19,SS19,long dress,0.0,0.0188679245283018
5272,19,SS19,shorts,0.0,0.0
5292,36,SS19,drop sleeve,0.0,0.0
5198,23,SS19,culottes,0.0,0.0188679245283018
5245,43,SS19,culottes,0.0188679245283018,0.0377358490566037
5298,104,SS19,long cardigan,0.0,0.0566037735849056
5292,69,SS19,drop sleeve,0.0,0.0
5272,75,SS19,shorts,0.0,0.0
5292,74,SS19,drop sleeve,0.0,0.0
5216,102,SS19,doll dress,0.0,0.0
5292,53,SS19,drop sleeve,0.0,0.0
5292,51,SS19,drop sleeve,0.0,0.0188679245283018
5216,21,SS19,doll dress,0.0,0.0
5292,33,SS19,drop sleeve,0.0188679245283018,0.0566037735849056
5272,31,SS19,shorts,0.0,0.0
5226,117,SS19,culottes,0.0377358490566037,0.0377358490566037
5189,3,SS19,culottes,0.0377358490566037,0.0188679245283018
5322,18,SS19,long dress,0.0,0.0
5317,25,SS19,short sleeves,0.0,0.0377358490566037
5330,18,SS19,short sleeves,0.0,0.0
5279,75,SS19,doll dress,0.0,0.0377358490566037
5300,63,SS19,culottes,0.0,0.0
5305,61,SS19,long dress,0.0,0.0
5310,46,SS19,short sleeves,0.0,0.0
5303,109,SS19,long dress,0.0,0.0
5326,12,SS19,shorts,0.0,0.0
5300,104,SS19,culottes,0.0,0.0188679245283018
5317,64,SS19,short sleeves,0.0,0.0
5326,50,SS19,shorts,0.0,0.0188679245283018
5182,3,SS19,long sleeve,0.0,0.0188679245283018
5319,30,SS19,sleeveless,0.0188679245283018,0.0
5319,109,SS19,sleeveless,0.0188679245283018,0.0188679245283018
5322,4,SS19,long dress,0.0,0.0
5294,15,SS19,shorts,0.0,0.0188679245283018
5294,31,SS19,shorts,0.0,0.0
5330,95,SS19,short sleeves,0.0,0.0
5294,75,SS19,shorts,0.0,0.0
5330,21,SS19,short sleeves,0.0,0.0377358490566037
5305,32,SS19,long dress,0.0,0.0
5294,36,SS19,shorts,0.0188679245283018,0.0188679245283018
5207,61,SS19,doll dress,0.0188679245283018,0.0
5272,43,SS19,shorts,0.0,0.0
4217,28,SS19,culottes,0.0,0.0
4166,64,SS19,sheath dress,0.0,0.0
5270,20,SS19,long dress,0.0,0.0
5246,75,SS19,long sleeve,0.0,0.0188679245283018
5185,60,SS19,culottes,0.0,0.0188679245283018
5279,50,SS19,doll dress,0.0,0.0
5279,33,SS19,doll dress,0.0188679245283018,0.0
5279,1,SS19,doll dress,0.0,0.0
5294,63,SS19,shorts,0.0,0.0188679245283018
5279,5,SS19,doll dress,0.0,0.0
5272,50,SS19,shorts,0.0,0.0
5294,0,SS19,shorts,0.0,0.0
5305,26,SS19,long dress,0.0,0.0188679245283018
5270,32,SS19,long dress,0.0188679245283018,0.0
5294,93,SS19,shorts,0.0,0.0
5310,52,SS19,short sleeves,0.0,0.0377358490566037
5210,10,SS19,long dress,0.0188679245283018,0.0
5305,36,SS19,long dress,0.0,0.0
5310,53,SS19,short sleeves,0.0,0.0
5330,57,SS19,short sleeves,0.0,0.0
5279,0,SS19,doll dress,0.0,0.0
5235,10,SS19,gitana skirt,0.0,0.0
5310,31,SS19,short sleeves,0.0188679245283018,0.0188679245283018
5246,39,SS19,long sleeve,0.0,0.0566037735849056
5279,83,SS19,doll dress,0.0,0.0188679245283018
5294,20,SS19,shorts,0.0,0.0
5310,84,SS19,short sleeves,0.0,0.0
5279,32,SS19,doll dress,0.0,0.0
5305,102,SS19,long dress,0.0,0.0188679245283018
5279,18,SS19,doll dress,0.0,0.0
5270,109,SS19,long dress,0.0,0.0
5294,45,SS19,shorts,0.0,0.0
5322,28,SS19,long dress,0.0,0.0
5225,66,SS19,capris,0.0377358490566037,0.0
5313,16,SS19,shorts,0.0188679245283018,0.0188679245283018
5312,8,SS19,sleeveless,0.0188679245283018,0.0
5298,43,SS19,long cardigan,0.0,0.0377358490566037
5298,9,SS19,long cardigan,0.0,0.0377358490566037
5325,28,SS19,sleeveless,0.0,0.0
5223,94,SS19,gitana skirt,0.0,0.0
5312,85,SS19,sleeveless,0.0,0.0
5298,99,SS19,long cardigan,0.0,0.0
5298,28,SS19,long cardigan,0.0188679245283018,0.0188679245283018
5298,50,SS19,long cardigan,0.0,0.0377358490566037
5298,93,SS19,long cardigan,0.0,0.0
5255,56,SS19,gitana skirt,0.0,0.0
5255,52,SS19,gitana skirt,0.0,0.0
5313,5,SS19,shorts,0.0188679245283018,0.0188679245283018
5255,38,SS19,gitana skirt,0.0377358490566037,0.0
5255,32,SS19,gitana skirt,0.0,0.0188679245283018
5313,77,SS19,shorts,0.0,0.0
5313,68,SS19,shorts,0.0,0.0
5313,53,SS19,shorts,0.0,0.0
5313,74,SS19,shorts,0.0,0.0
5255,104,SS19,gitana skirt,0.0188679245283018,0.0
5305,28,SS19,long dress,0.0,0.0
5305,99,SS19,long dress,0.0,0.0
5325,12,SS19,sleeveless,0.0,0.0
5313,90,SS19,shorts,0.0,0.0
5305,5,SS19,long dress,0.0,0.0
5329,83,SS19,sleeveless,0.0,0.0188679245283018
5313,95,SS19,shorts,0.0,0.0566037735849056
5255,101,SS19,gitana skirt,0.0,0.0188679245283018
5199,52,SS19,long sleeve,0.0188679245283018,0.0
5289,12,SS19,short sleeves,0.0,0.0
5300,84,SS19,culottes,0.0,0.0
5302,45,SS19,sleeveless,0.0,0.0188679245283018
5302,22,SS19,sleeveless,0.0,0.0
5329,6,SS19,sleeveless,0.0188679245283018,0.0
5199,5,SS19,long sleeve,0.0,0.0
5329,28,SS19,sleeveless,0.0,0.0377358490566037
5305,24,SS19,long dress,0.0,0.0
5325,104,SS19,sleeveless,0.0188679245283018,0.0
5305,45,SS19,long dress,0.0,0.0
5329,51,SS19,sleeveless,0.0,0.0
5289,14,SS19,short sleeves,0.0,0.0377358490566037
5325,4,SS19,sleeveless,0.0,0.0188679245283018
5317,15,SS19,short sleeves,0.0,0.0
5317,7,SS19,short sleeves,0.0,0.0377358490566037
5329,109,SS19,sleeveless,0.0188679245283018,0.0188679245283018
5329,82,SS19,sleeveless,0.0,0.0
5317,49,SS19,short sleeves,0.0,0.0188679245283018
5122,109,SS19,solid color top,0.0,0.0188679245283018
5317,10,SS19,short sleeves,0.0,0.0
5300,60,SS19,culottes,0.0,0.0
5298,41,SS19,long cardigan,0.0,0.0
5313,75,SS19,shorts,0.0,0.0
5289,47,SS19,short sleeves,0.0188679245283018,0.0188679245283018
5329,73,SS19,sleeveless,0.0,0.0377358490566037
5329,53,SS19,sleeveless,0.0377358490566037,0.0188679245283018
5285,3,SS19,solid color top,0.0,0.0566037735849056
5329,95,SS19,sleeveless,0.0377358490566037,0.0377358490566037
5305,3,SS19,long dress,0.0,0.0
5248,66,SS19,long sleeve,0.0,0.0
5248,79,SS19,long sleeve,0.0,0.0188679245283018
5322,27,SS19,long dress,0.0,0.0
5322,47,SS19,long dress,0.0,0.0
5248,110,SS19,long sleeve,0.0,0.0
5256,90,SS19,long sleeve,0.0,0.0
5322,68,SS19,long dress,0.0,0.0
5322,51,SS19,long dress,0.0,0.0
5322,24,SS19,long dress,0.0,0.0
5305,79,SS19,long dress,0.0,0.0188679245283018
5248,64,SS19,long sleeve,0.0,0.0
5305,84,SS19,long dress,0.0,0.0
5248,0,SS19,long sleeve,0.0,0.0
5322,39,SS19,long dress,0.0,0.0188679245283018
5322,6,SS19,long dress,0.0,0.0188679245283018
5248,82,SS19,long sleeve,0.0,0.0188679245283018
5322,56,SS19,long dress,0.0,0.0
5322,5,SS19,long dress,0.0,0.0
5298,20,SS19,long cardigan,0.0,0.0
5329,4,SS19,sleeveless,0.0188679245283018,0.0188679245283018
5178,5,SS19,culottes,0.0,0.0
5298,107,SS19,long cardigan,0.0,0.0
5298,32,SS19,long cardigan,0.0188679245283018,0.0188679245283018
5298,74,SS19,long cardigan,0.0,0.0
5302,56,SS19,sleeveless,0.0,0.0
5271,57,SS19,long sleeve,0.0,0.0
5285,47,SS19,solid color top,0.0,0.0
5271,72,SS19,long sleeve,0.0188679245283018,0.0
5323,66,SS19,drop sleeve,0.0,0.0188679245283018
5199,101,SS19,long sleeve,0.0,0.0
5323,99,SS19,drop sleeve,0.0,0.0
5285,0,SS19,solid color top,0.0754716981132075,0.0188679245283018
5227,27,SS19,sleeveless,0.0,0.0
5227,95,SS19,sleeveless,0.0,0.0377358490566037
5329,8,SS19,sleeveless,0.0,0.0188679245283018
5227,29,SS19,sleeveless,0.0,0.0188679245283018
5298,90,SS19,long cardigan,0.0188679245283018,0.0566037735849056
5298,18,SS19,long cardigan,0.0,0.0
5228,73,SS19,sleeveless,0.0,0.0
5199,32,SS19,long sleeve,0.0188679245283018,0.0
5323,45,SS19,drop sleeve,0.0,0.0
5329,44,SS19,sleeveless,0.0,0.0
5323,47,SS19,drop sleeve,0.0188679245283018,0.0188679245283018
5293,12,SS19,solid color top,0.0188679245283018,0.0
5329,39,SS19,sleeveless,0.0,0.0188679245283018
5305,51,SS19,long dress,0.0,0.0
5148,22,SS19,sleeveless,0.0,0.0188679245283018
5309,75,SS19,sleeveless,0.0,0.0
5309,60,SS19,sleeveless,0.0,0.0
5279,102,SS19,doll dress,0.0,0.0
5224,63,SS19,long sleeve,0.0,0.0
5309,39,SS19,sleeveless,0.0,0.0188679245283018
5309,9,SS19,sleeveless,0.0,0.0188679245283018
5309,110,SS19,sleeveless,0.0377358490566037,0.0188679245283018
5309,6,SS19,sleeveless,0.0188679245283018,0.0566037735849056
5246,4,SS19,long sleeve,0.0377358490566037,0.0
5279,104,SS19,doll dress,0.0188679245283018,0.0188679245283018
5259,75,SS19,patterned top,0.0188679245283018,0.0
5309,99,SS19,sleeveless,0.0,0.0377358490566037
5309,16,SS19,sleeveless,0.0,0.0
5259,50,SS19,patterned top,0.0188679245283018,0.0
5309,50,SS19,sleeveless,0.0188679245283018,0.0377358490566037
5148,46,SS19,sleeveless,0.0,0.0
5270,57,SS19,long dress,0.0188679245283018,0.0
5270,29,SS19,long dress,0.0,0.0
5259,45,SS19,patterned top,0.0,0.0377358490566037
5314,65,SS19,gitana skirt,0.0,0.0
5314,86,SS19,gitana skirt,0.0,0.0
5314,110,SS19,gitana skirt,0.0,0.0188679245283018
5314,22,SS19,gitana skirt,0.0188679245283018,0.0
5314,69,SS19,gitana skirt,0.0,0.0
5299,77,SS19,short sleeves,0.0,0.0
5309,28,SS19,sleeveless,0.0,0.0188679245283018
5259,15,SS19,patterned top,0.0,0.0566037735849056
5272,47,SS19,shorts,0.0,0.0
5330,20,SS19,short sleeves,0.0,0.0
5246,38,SS19,long sleeve,0.0377358490566037,0.0188679245283018
5237,28,SS19,gitana skirt,0.0,0.0
5294,54,SS19,shorts,0.0,0.0
5330,50,SS19,short sleeves,0.0188679245283018,0.0566037735849056
5330,75,SS19,short sleeves,0.0,0.0
5330,19,SS19,short sleeves,0.0,0.0
5330,66,SS19,short sleeves,0.0,0.0
5148,48,SS19,sleeveless,0.0,0.0
5246,109,SS19,long sleeve,0.0,0.0
5272,45,SS19,shorts,0.0,0.0
5207,84,SS19,doll dress,0.0,0.0
5246,72,SS19,long sleeve,0.0566037735849056,0.0
5246,85,SS19,long sleeve,0.0,0.0
5246,32,SS19,long sleeve,0.0377358490566037,0.0377358490566037
5237,66,SS19,gitana skirt,0.0,0.0
5224,23,SS19,long sleeve,0.0,0.0
5272,41,SS19,shorts,0.0,0.0
5148,28,SS19,sleeveless,0.0,0.0188679245283018
5246,35,SS19,long sleeve,0.0,0.0
4210,32,SS19,culottes,0.0377358490566037,0.0188679245283018
5234,0,SS19,short sleeves,0.0,0.0
5148,95,SS19,sleeveless,0.0,0.0
5300,27,SS19,culottes,0.0188679245283018,0.0377358490566037
5199,54,SS19,long sleeve,0.0,0.0188679245283018
5322,23,SS19,long dress,0.0,0.0
5309,90,SS19,sleeveless,0.1132075471698113,0.0
4209,23,SS19,culottes,0.0,0.0
5329,30,SS19,sleeveless,0.0,0.0188679245283018
5305,49,SS19,long dress,0.0,0.0
5329,2,SS19,sleeveless,0.0,0.0
5329,10,SS19,sleeveless,0.0377358490566037,0.0377358490566037
5309,95,SS19,sleeveless,0.0,0.0
5305,65,SS19,long dress,0.0188679245283018,0.0
5309,4,SS19,sleeveless,0.0,0.0
5110,42,SS19,short sleeves,0.0,0.0
5300,61,SS19,culottes,0.0188679245283018,0.0188679245283018
5309,59,SS19,sleeveless,0.0,0.0
5170,64,SS19,jumpsuit,0.0,0.0
5309,102,SS19,sleeveless,0.0,0.0566037735849056
5309,25,SS19,sleeveless,0.0,0.0377358490566037
5110,29,SS19,short sleeves,0.0,0.0377358490566037
5313,2,SS19,shorts,0.0,0.0
5188,45,SS19,sleeveless,0.0,0.0
5309,57,SS19,sleeveless,0.0,0.0
5309,104,SS19,sleeveless,0.0188679245283018,0.0377358490566037
5224,24,SS19,long sleeve,0.0,0.0
5188,3,SS19,sleeveless,0.0,0.0
5329,48,SS19,sleeveless,0.0377358490566037,0.0
5302,104,SS19,sleeveless,0.0,0.0
5313,10,SS19,shorts,0.0377358490566037,0.0
5309,21,SS19,sleeveless,0.0,0.0
5300,82,SS19,culottes,0.0,0.0
5300,83,SS19,culottes,0.0,0.0
5300,72,SS19,culottes,0.0,0.0
5234,95,SS19,short sleeves,0.0377358490566037,0.0
5301,12,SS19,short sleeves,0.0188679245283018,0.0
5309,24,SS19,sleeveless,0.0,0.0
5317,76,SS19,short sleeves,0.0188679245283018,0.0377358490566037
5309,51,SS19,sleeveless,0.0,0.0188679245283018
5309,68,SS19,sleeveless,0.0,0.0188679245283018
5309,1,SS19,sleeveless,0.0,0.0
5305,38,SS19,long dress,0.0,0.0188679245283018
4210,28,SS19,culottes,0.0188679245283018,0.0
5317,52,SS19,short sleeves,0.0,0.0566037735849056
4210,60,SS19,culottes,0.0,0.0
5291,30,SS19,solid color top,0.0188679245283018,0.0188679245283018
5201,24,SS19,long dress,0.0377358490566037,0.0
5201,77,SS19,long dress,0.0188679245283018,0.0188679245283018
5309,47,SS19,sleeveless,0.0,0.0
5291,80,SS19,solid color top,0.0377358490566037,0.0
5246,44,SS19,long sleeve,0.0,0.0
5309,42,SS19,sleeveless,0.0,0.0
5309,101,SS19,sleeveless,0.0,0.0
5309,27,SS19,sleeveless,0.0188679245283018,0.0188679245283018
5224,82,SS19,long sleeve,0.0,0.0
5309,109,SS19,sleeveless,0.0,0.0377358490566037
5309,82,SS19,sleeveless,0.0,0.0
5309,107,SS19,sleeveless,0.0188679245283018,0.0
5309,83,SS19,sleeveless,0.0566037735849056,0.0377358490566037
5234,42,SS19,short sleeves,0.0,0.0
5309,72,SS19,sleeveless,0.0,0.0
5300,69,SS19,culottes,0.0,0.0
5330,40,SS19,short sleeves,0.0,0.0
5251,75,SS19,culottes,0.0377358490566037,0.0188679245283018
5286,36,SS19,shorts,0.0,0.0188679245283018
5316,68,SS19,culottes,0.0,0.0377358490566037
5287,69,SS19,shorts,0.0,0.0
5287,46,SS19,shorts,0.0,0.0
3867,104,SS19,short sleeves,0.0,0.0188679245283018
5287,63,SS19,shorts,0.0,0.0
5269,51,SS19,culottes,0.0,0.0
5269,50,SS19,culottes,0.0,0.0
5269,56,SS19,culottes,0.0188679245283018,0.0188679245283018
5269,110,SS19,culottes,0.0,0.0
5269,31,SS19,culottes,0.0,0.0
5245,61,SS19,culottes,0.0,0.0188679245283018
5316,1,SS19,culottes,0.0,0.0
5267,63,SS19,solid color top,0.0,0.0188679245283018
5267,0,SS19,solid color top,0.0188679245283018,0.0
5316,47,SS19,culottes,0.0,0.0
5328,95,SS19,patterned top,0.0,0.0188679245283018
5257,29,SS19,solid color top,0.0188679245283018,0.0377358490566037
5316,90,SS19,culottes,0.0,0.0
5216,60,SS19,doll dress,0.0188679245283018,0.0
5261,3,SS19,solid color top,0.0,0.0
5261,5,SS19,solid color top,0.0566037735849056,0.0
5216,51,SS19,doll dress,0.0,0.0
5216,83,SS19,doll dress,0.0,0.0188679245283018
5216,35,SS19,doll dress,0.0,0.0
5267,75,SS19,solid color top,0.0188679245283018,0.0188679245283018
5328,62,SS19,patterned top,0.0,0.0188679245283018
5328,30,SS19,patterned top,0.0,0.0
5263,18,SS19,culottes,0.0,0.0
5263,110,SS19,culottes,0.0,0.0
5263,9,SS19,culottes,0.0,0.0
5316,83,SS19,culottes,0.0,0.0
5221,30,SS19,sleeveless,0.0,0.0
5316,107,SS19,culottes,0.0188679245283018,0.0
5221,80,SS19,sleeveless,0.0,0.0
5267,45,SS19,solid color top,0.0,0.0188679245283018
5320,7,SS19,long sleeve,0.0,0.0
5316,82,SS19,culottes,0.0,0.0
5292,35,SS19,drop sleeve,0.0,0.0377358490566037
5120,74,SS19,solid color top,0.0,0.0
5267,47,SS19,solid color top,0.0,0.0
5316,61,SS19,culottes,0.0,0.0
5316,27,SS19,culottes,0.0188679245283018,0.0377358490566037
5316,101,SS19,culottes,0.0,0.0
5267,46,SS19,solid color top,0.0,0.0
5316,85,SS19,culottes,0.0,0.0
5327,75,SS19,patterned top,0.0,0.0
5247,90,SS19,long sleeve,0.0754716981132075,0.0
5247,35,SS19,long sleeve,0.0,0.0
5247,61,SS19,long sleeve,0.0,0.0
5247,27,SS19,long sleeve,0.0,0.0188679245283018
5247,20,SS19,long sleeve,0.0,0.0377358490566037
5247,47,SS19,long sleeve,0.0,0.0
5247,52,SS19,long sleeve,0.0188679245283018,0.0
5173,26,SS19,kimono dress,0.0188679245283018,0.0188679245283018
5284,83,SS19,long dress,0.0377358490566037,0.0188679245283018
5251,4,SS19,culottes,0.0,0.0
5250,18,SS19,long dress,0.0943396226415094,0.0188679245283018
5251,0,SS19,culottes,0.0188679245283018,0.0
5247,39,SS19,long sleeve,0.0566037735849056,0.0566037735849056
5324,59,SS19,long sleeve,0.0,0.0188679245283018
5324,69,SS19,long sleeve,0.0377358490566037,0.0
5273,31,SS19,sleeveless,0.0188679245283018,0.0
3869,69,SS19,long dress,0.0,0.0
5247,19,SS19,long sleeve,0.0,0.0
5324,51,SS19,long sleeve,0.0,0.0
5324,28,SS19,long sleeve,0.0,0.0
5247,49,SS19,long sleeve,0.0,0.0
5247,2,SS19,long sleeve,0.0,0.0377358490566037
5296,59,SS19,culottes,0.0,0.0
5277,33,SS19,culottes,0.0188679245283018,0.0188679245283018
5277,52,SS19,culottes,0.0188679245283018,0.0377358490566037
5290,69,SS19,long sleeve,0.0,0.0
5190,82,SS19,solid color top,0.0,0.0
5247,21,SS19,long sleeve,0.0188679245283018,0.0377358490566037
5149,77,SS19,capris,0.0,0.0
5316,45,SS19,culottes,0.0188679245283018,0.0
5316,52,SS19,culottes,0.0,0.0188679245283018
5268,38,SS19,printed shirt,0.0,0.0
5268,24,SS19,printed shirt,0.0,0.0
5245,95,SS19,culottes,0.0188679245283018,0.0
5245,4,SS19,culottes,0.0188679245283018,0.0943396226415094
5245,25,SS19,culottes,0.0,0.0
5268,93,SS19,printed shirt,0.0,0.0188679245283018
5286,47,SS19,shorts,0.0,0.0188679245283018
5275,65,SS19,gitana skirt,0.0,0.0
5275,10,SS19,gitana skirt,0.0,0.0
5278,21,SS19,long sleeve,0.0,0.0
5262,75,SS19,culottes,0.0,0.0
5206,67,SS19,shorts,0.0,0.0
5278,38,SS19,long sleeve,0.0188679245283018,0.0
5278,48,SS19,long sleeve,0.0,0.0
5275,3,SS19,gitana skirt,0.0566037735849056,0.0377358490566037
5327,48,SS19,patterned top,0.0,0.0
5316,0,SS19,culottes,0.0,0.0
5257,51,SS19,solid color top,0.0188679245283018,0.0
5215,94,SS19,jumpsuit,0.0,0.0
5143,5,SS19,capris,0.0,0.0
5198,59,SS19,culottes,0.0,0.0188679245283018
5198,104,SS19,culottes,0.0377358490566037,0.0188679245283018
5226,76,SS19,culottes,0.0,0.0188679245283018
5226,47,SS19,culottes,0.0,0.0
5226,42,SS19,culottes,0.0188679245283018,0.0
5143,74,SS19,capris,0.0,0.0
5260,4,SS19,culottes,0.0,0.0
5260,76,SS19,culottes,0.0,0.0188679245283018
5260,3,SS19,culottes,0.0188679245283018,0.0188679245283018
5260,110,SS19,culottes,0.0188679245283018,0.0
5260,80,SS19,culottes,0.0,0.0
5143,0,SS19,capris,0.0188679245283018,0.0
5226,35,SS19,culottes,0.0,0.0188679245283018
5147,66,SS19,capris,0.0,0.0
5287,31,SS19,shorts,0.0,0.0
5260,10,SS19,culottes,0.0,0.0
5107,95,SS19,long dress,0.0,0.0
5252,59,SS19,culottes,0.0188679245283018,0.0188679245283018
5252,69,SS19,culottes,0.0188679245283018,0.0377358490566037
5287,22,SS19,shorts,0.0,0.0
5311,66,SS19,jumpsuit,0.0,0.0
5226,100,SS19,culottes,0.0,0.0
5283,18,SS19,shorts,0.0,0.0
5198,46,SS19,culottes,0.0,0.0
5283,81,SS19,shorts,0.0,0.0
5198,107,SS19,culottes,0.0377358490566037,0.0
5125,44,SS19,culottes,0.0188679245283018,0.0
5125,100,SS19,culottes,0.0,0.0
5125,27,SS19,culottes,0.0,0.0188679245283018
5125,15,SS19,culottes,0.0,0.0188679245283018
5125,23,SS19,culottes,0.0,0.0188679245283018
5146,31,SS19,culottes,0.0,0.0188679245283018
5145,76,SS19,doll dress,0.0,0.0
5146,48,SS19,culottes,0.0,0.0
5155,56,SS19,culottes,0.0,0.0
5219,46,SS19,culottes,0.0,0.0
5220,32,SS19,culottes,0.0188679245283018,0.0377358490566037
5220,107,SS19,culottes,0.0,0.0
5311,73,SS19,jumpsuit,0.0188679245283018,0.0566037735849056
5220,33,SS19,culottes,0.0,0.0377358490566037
5220,73,SS19,culottes,0.0,0.0188679245283018
5220,14,SS19,culottes,0.0,0.0
5146,24,SS19,culottes,0.0377358490566037,0.0188679245283018
5146,72,SS19,culottes,0.0,0.0
5146,0,SS19,culottes,0.0188679245283018,0.0
5198,54,SS19,culottes,0.0,0.0
5215,23,SS19,jumpsuit,0.0188679245283018,0.0188679245283018
5198,48,SS19,culottes,0.0,0.0188679245283018
5283,51,SS19,shorts,0.0188679245283018,0.0
5198,50,SS19,culottes,0.0,0.0188679245283018
5198,52,SS19,culottes,0.0,0.0
5215,32,SS19,jumpsuit,0.0188679245283018,0.0377358490566037
5215,107,SS19,jumpsuit,0.0188679245283018,0.0377358490566037
5198,77,SS19,culottes,0.0,0.0
5220,16,SS19,culottes,0.0,0.0
5311,9,SS19,jumpsuit,0.0,0.0566037735849056
5311,110,SS19,jumpsuit,0.0188679245283018,0.0943396226415094
5134,75,SS19,drop sleeve,0.0,0.0
5318,38,SS19,jumpsuit,0.0,0.0188679245283018
5318,83,SS19,jumpsuit,0.0,0.0
5318,32,SS19,jumpsuit,0.0,0.0
5318,102,SS19,jumpsuit,0.0,0.0
5318,104,SS19,jumpsuit,0.0,0.0
5193,59,SS19,long dress,0.0,0.0
5156,22,SS19,solid color top,0.0,0.0
5282,74,SS19,long sleeve,0.0,0.0
5158,9,SS19,solid color top,0.0,0.0
5318,22,SS19,jumpsuit,0.0,0.0
5158,24,SS19,solid color top,0.0188679245283018,0.0
5316,104,SS19,culottes,0.0,0.0188679245283018
5316,102,SS19,culottes,0.0,0.0377358490566037
5257,7,SS19,solid color top,0.0,0.0566037735849056
5316,59,SS19,culottes,0.0,0.0
5257,16,SS19,solid color top,0.0,0.0188679245283018
5257,22,SS19,solid color top,0.0,0.0188679245283018
5327,46,SS19,patterned top,0.0,0.0
5327,32,SS19,patterned top,0.0,0.0188679245283018
5327,83,SS19,patterned top,0.0,0.0188679245283018
5327,42,SS19,patterned top,0.0,0.0188679245283018
5327,3,SS19,patterned top,0.0,0.0188679245283018
5290,40,SS19,long sleeve,0.0188679245283018,0.0188679245283018
5318,3,SS19,jumpsuit,0.0,0.0
5318,79,SS19,jumpsuit,0.0,0.0
4152,38,SS19,drop sleeve,0.0,0.0
5311,5,SS19,jumpsuit,0.0,0.0
5218,59,SS19,long sleeve,0.0,0.0
5311,56,SS19,jumpsuit,0.0754716981132075,0.0188679245283018
5144,42,SS19,maxi,0.0,0.0188679245283018
5132,62,SS19,maxi,0.0,0.0
5218,57,SS19,long sleeve,0.0,0.0
5244,23,SS19,long sleeve,0.0188679245283018,0.0566037735849056
5132,64,SS19,maxi,0.0,0.0
5311,45,SS19,jumpsuit,0.0566037735849056,0.0377358490566037
5218,23,SS19,long sleeve,0.0,0.0
5318,73,SS19,jumpsuit,0.0,0.0188679245283018
5179,117,SS19,doll dress,0.0188679245283018,0.0
5311,68,SS19,jumpsuit,0.0,0.0
5311,38,SS19,jumpsuit,0.0377358490566037,0.0
5179,72,SS19,doll dress,0.0,0.0
5311,74,SS19,jumpsuit,0.0,0.0
5311,35,SS19,jumpsuit,0.0377358490566037,0.0188679245283018
5311,46,SS19,jumpsuit,0.0,0.0
5311,95,SS19,jumpsuit,0.0,0.0
5311,63,SS19,jumpsuit,0.0,0.0
5311,23,SS19,jumpsuit,0.0,0.0188679245283018
5318,94,SS19,jumpsuit,0.0,0.0
5195,72,SS19,long sleeve,0.0188679245283018,0.0188679245283018
5318,48,SS19,jumpsuit,0.0,0.0
5290,101,SS19,long sleeve,0.0,0.0566037735849056
5307,24,SS19,jumpsuit,0.0,0.0
5240,29,SS19,long sleeve,0.0,0.0
5222,32,SS19,culottes,0.0,0.0377358490566037
5222,21,SS19,culottes,0.0188679245283018,0.0
4206,8,SS19,solid color top,0.0,0.0
5275,102,SS19,gitana skirt,0.0,0.0377358490566037
5290,51,SS19,long sleeve,0.0,0.0
5275,90,SS19,gitana skirt,0.0,0.0
5233,15,SS19,long sleeve,0.0,0.0
5276,42,SS19,sleeveless,0.0,0.0
5276,3,SS19,sleeveless,0.0,0.0754716981132075
5222,110,SS19,culottes,0.0,0.0188679245283018
5236,13,SS19,gitana skirt,0.0188679245283018,0.0188679245283018
5288,24,SS19,solid color top,0.0,0.0
5288,101,SS19,solid color top,0.0,0.0
5321,47,SS19,solid color top,0.0,0.0188679245283018
5321,20,SS19,solid color top,0.0,0.0
5306,75,SS19,solid color top,0.0188679245283018,0.0377358490566037
5306,0,SS19,solid color top,0.0377358490566037,0.0754716981132075
5315,65,SS19,solid color top,0.0188679245283018,0.0377358490566037
5307,104,SS19,jumpsuit,0.0,0.0
5315,67,SS19,solid color top,0.0,0.0566037735849056
5236,48,SS19,gitana skirt,0.0,0.0188679245283018
5236,80,SS19,gitana skirt,0.0188679245283018,0.0377358490566037
5196,66,SS19,culottes,0.0377358490566037,0.0377358490566037
5196,84,SS19,culottes,0.0,0.0
5316,54,SS19,culottes,0.0,0.0
5265,48,SS19,sleeveless,0.0,0.0
5253,72,SS19,long dress,0.0,0.0
5276,65,SS19,sleeveless,0.0377358490566037,0.0188679245283018
5253,20,SS19,long dress,0.0,0.0
5253,42,SS19,long dress,0.0754716981132075,0.0
5253,27,SS19,long dress,0.0,0.0
5211,25,SS19,culottes,0.0,0.0
5196,110,SS19,culottes,0.0188679245283018,0.0188679245283018
5265,39,SS19,sleeveless,0.0,0.0
5242,38,SS19,printed shirt,0.0,0.0
5297,75,SS19,long dress,0.0,0.0
5297,0,SS19,long dress,0.0188679245283018,0.0566037735849056
5297,18,SS19,long dress,0.0,0.0
5297,90,SS19,long dress,0.0754716981132075,0.0
5304,80,SS19,long dress,0.0188679245283018,0.0188679245283018
5304,75,SS19,long dress,0.0754716981132075,0.0
5297,40,SS19,long dress,0.0188679245283018,0.0377358490566037
5297,53,SS19,long dress,0.0,0.0377358490566037
5297,85,SS19,long dress,0.0,0.0
5297,82,SS19,long dress,0.0566037735849056,0.0188679245283018
5297,101,SS19,long dress,0.0,0.0
5304,12,SS19,long dress,0.0188679245283018,0.0377358490566037
5297,42,SS19,long dress,0.0,0.0
5304,22,SS19,long dress,0.0,0.0188679245283018
5264,2,SS19,solid color top,0.0,0.0
5304,40,SS19,long dress,0.0377358490566037,0.0
5270,45,SS19,long dress,0.0377358490566037,0.0188679245283018
5270,52,SS19,long dress,0.0188679245283018,0.0
5270,33,SS19,long dress,0.0,0.0188679245283018
5270,93,SS19,long dress,0.0377358490566037,0.0377358490566037
5304,57,SS19,long dress,0.0377358490566037,0.0
5304,21,SS19,long dress,0.0188679245283018,0.0188679245283018
5297,104,SS19,long dress,0.0,0.0
5304,4,SS19,long dress,0.0,0.0
5297,25,SS19,long dress,0.0566037735849056,0.0
5304,36,SS19,long dress,0.1320754716981132,0.0377358490566037
4217,56,SS19,culottes,0.0,0.0
5297,59,SS19,long dress,0.0,0.0
5264,75,SS19,solid color top,0.0,0.0
5264,3,SS19,solid color top,0.0,0.0
5264,50,SS19,solid color top,0.0,0.0
5295,15,SS19,jumpsuit,0.0,0.0
5297,117,SS19,long dress,0.0188679245283018,0.0
5295,12,SS19,jumpsuit,0.0,0.0
5211,117,SS19,culottes,0.0,0.0188679245283018
5297,5,SS19,long dress,0.0,0.0
5192,66,SS19,sleeveless,0.0,0.0
5297,3,SS19,long dress,0.0,0.0
5127,25,SS19,sleeveless,0.0377358490566037,0.0
5297,110,SS19,long dress,0.0,0.0
5297,9,SS19,long dress,0.0,0.0
5236,30,SS19,gitana skirt,0.0,0.0188679245283018
5297,43,SS19,long dress,0.0,0.0188679245283018
5295,19,SS19,jumpsuit,0.0,0.0
5297,50,SS19,long dress,0.0,0.0188679245283018
5295,86,SS19,jumpsuit,0.0,0.0
5295,110,SS19,jumpsuit,0.0188679245283018,0.0377358490566037
5297,1,SS19,long dress,0.0,0.0
5264,51,SS19,solid color top,0.0,0.0
5264,81,SS19,solid color top,0.0,0.0
5297,68,SS19,long dress,0.0,0.0
5297,77,SS19,long dress,0.0,0.0
5280,39,SS19,solid color top,0.0,0.0
5295,29,SS19,jumpsuit,0.0188679245283018,0.0
5317,57,SS19,short sleeves,0.0,0.0
5295,83,SS19,jumpsuit,0.0188679245283018,0.0188679245283018
5229,30,SS19,short sleeves,0.0377358490566037,0.0188679245283018
5295,27,SS19,jumpsuit,0.0188679245283018,0.0188679245283018
5295,42,SS19,jumpsuit,0.0,0.0
5295,20,SS19,jumpsuit,0.0,0.0
5295,76,SS19,jumpsuit,0.0,0.0
5295,45,SS19,jumpsuit,0.0,0.0188679245283018
5295,5,SS19,jumpsuit,0.0,0.0
5197,30,SS19,short sleeves,0.0,0.0188679245283018
5317,104,SS19,short sleeves,0.0188679245283018,0.0
5316,9,SS19,culottes,0.0,0.0
5316,28,SS19,culottes,0.0,0.0
5316,60,SS19,culottes,0.0,0.0
5233,77,SS19,long sleeve,0.0188679245283018,0.0377358490566037
5275,83,SS19,gitana skirt,0.0188679245283018,0.0188679245283018
5204,32,SS19,culottes,0.0,0.0
5316,99,SS19,culottes,0.0,0.0188679245283018
5274,16,SS19,sleeveless,0.0,0.0
5316,75,SS19,culottes,0.0,0.0
5196,18,SS19,culottes,0.0188679245283018,0.0
5316,31,SS19,culottes,0.0,0.0188679245283018
5204,73,SS19,culottes,0.0,0.0188679245283018
5196,44,SS19,culottes,0.0,0.0
5253,23,SS19,long dress,0.0188679245283018,0.0188679245283018
5204,90,SS19,culottes,0.0,0.0
5204,31,SS19,culottes,0.0188679245283018,0.0
5290,5,SS19,long sleeve,0.0188679245283018,0.0
5316,50,SS19,culottes,0.0,0.0
5290,10,SS19,long sleeve,0.0,0.0188679245283018
5196,64,SS19,culottes,0.0,0.0188679245283018
5161,68,SS19,patterned top,0.0,0.0
5290,3,SS19,long sleeve,0.0,0.0566037735849056
5290,14,SS19,long sleeve,0.0,0.0188679245283018
5161,82,SS19,patterned top,0.0,0.0
5316,93,SS19,culottes,0.0,0.0
5297,93,SS19,long dress,0.0,0.0377358490566037
5297,28,SS19,long dress,0.0,0.0
5297,99,SS19,long dress,0.0,0.0
5235,48,SS19,gitana skirt,0.0188679245283018,0.0
5311,51,SS19,jumpsuit,0.0,0.0
5192,6,SS19,sleeveless,0.0188679245283018,0.0
5246,52,SS19,long sleeve,0.0188679245283018,0.0188679245283018
5244,64,SS19,long sleeve,0.0,0.0
5294,28,SS19,shorts,0.0,0.0
5311,16,SS19,jumpsuit,0.0,0.0
5294,39,SS19,shorts,0.0,0.0
5196,104,SS19,culottes,0.0,0.0
5247,83,SS19,long sleeve,0.0,0.0188679245283018
5247,25,SS19,long sleeve,0.0,0.0
5305,75,SS19,long dress,0.0,0.0
5318,110,SS19,jumpsuit,0.0188679245283018,0.0566037735849056
5318,56,SS19,jumpsuit,0.0,0.0
5244,11,SS19,long sleeve,0.0,0.0188679245283018
5318,51,SS19,jumpsuit,0.0,0.0
5318,1,SS19,jumpsuit,0.0,0.0
5318,42,SS19,jumpsuit,0.0,0.0188679245283018
5318,107,SS19,jumpsuit,0.0188679245283018,0.0188679245283018
5318,90,SS19,jumpsuit,0.0,0.0
5311,20,SS19,jumpsuit,0.0188679245283018,0.0
5275,93,SS19,gitana skirt,0.0188679245283018,0.0
5297,84,SS19,long dress,0.0,0.0
5244,27,SS19,long sleeve,0.0,0.0377358490566037
5297,6,SS19,long dress,0.0,0.0188679245283018
5311,25,SS19,jumpsuit,0.0,0.0
5311,104,SS19,jumpsuit,0.0,0.0
5297,60,SS19,long dress,0.0,0.0
5236,7,SS19,gitana skirt,0.0188679245283018,0.0188679245283018
4217,6,SS19,culottes,0.0,0.0
5324,50,SS19,long sleeve,0.0,0.0
5316,5,SS19,culottes,0.0,0.0
5316,110,SS19,culottes,0.0,0.0566037735849056
5204,28,SS19,culottes,0.0,0.0
5297,32,SS19,long dress,0.0,0.0377358490566037
5324,4,SS19,long sleeve,0.0,0.0
5283,28,SS19,shorts,0.0,0.0
5297,4,SS19,long dress,0.0,0.0188679245283018
5224,6,SS19,long sleeve,0.0,0.0
5279,84,SS19,doll dress,0.0377358490566037,0.0377358490566037
5297,64,SS19,long dress,0.0,0.0
5297,44,SS19,long dress,0.0188679245283018,0.0377358490566037
4102,23,SS19,sleeveless,0.0,0.0377358490566037
5235,80,SS19,gitana skirt,0.0,0.0
5297,83,SS19,long dress,0.0,0.0566037735849056
5251,3,SS19,culottes,0.0566037735849056,0.0377358490566037
5224,101,SS19,long sleeve,0.0,0.0
5297,24,SS19,long dress,0.0,0.0
5294,83,SS19,shorts,0.0,0.0
5294,107,SS19,shorts,0.0,0.0
5311,7,SS19,jumpsuit,0.0,0.0
5311,48,SS19,jumpsuit,0.0,0.0
5247,38,SS19,long sleeve,0.0,0.0188679245283018
5279,13,SS19,doll dress,0.0,0.0
5251,30,SS19,culottes,0.0,0.0
5297,107,SS19,long dress,0.0,0.0188679245283018
5207,25,SS19,doll dress,0.0,0.0188679245283018
5297,109,SS19,long dress,0.0,0.0
5316,48,SS19,culottes,0.0,0.0
5297,38,SS19,long dress,0.0,0.0377358490566037
5305,109,SS19,long dress,0.0,0.0
5313,21,SS19,shorts,0.0,0.0
5313,29,SS19,shorts,0.0,0.0
5313,64,SS19,shorts,0.0,0.0
5323,73,SS19,drop sleeve,0.0188679245283018,0.0754716981132075
5323,13,SS19,drop sleeve,0.0,0.0
5323,22,SS19,drop sleeve,0.0,0.0
5121,6,SS19,sleeveless,0.0,0.0
5206,20,SS19,shorts,0.0,0.0188679245283018
5313,13,SS19,shorts,0.0,0.0
5276,2,SS19,sleeveless,0.0,0.0188679245283018
5316,109,SS19,culottes,0.0,0.0
5313,101,SS19,shorts,0.0,0.0
5316,42,SS19,culottes,0.0,0.0188679245283018
5106,48,SS19,short sleeves,0.0,0.0
5253,109,SS19,long dress,0.0,0.0
4210,95,SS19,culottes,0.0188679245283018,0.0566037735849056
5278,40,SS19,long sleeve,0.0,0.0377358490566037
5313,59,SS19,shorts,0.0,0.0
5196,39,SS19,culottes,0.0188679245283018,0.0
5275,9,SS19,gitana skirt,0.0,0.0
5291,19,SS19,solid color top,0.0188679245283018,0.0
5323,20,SS19,drop sleeve,0.0,0.0188679245283018
4225,63,SS19,sleeveless,0.0,0.0188679245283018
5262,4,SS19,culottes,0.0,0.0377358490566037
4210,24,SS19,culottes,0.0,0.0
5196,81,SS19,culottes,0.0,0.0
4242,56,SS19,sleeveless,0.0,0.0
4231,3,SS19,sleeveless,0.0,0.0377358490566037
5287,18,SS19,shorts,0.0,0.0
5293,20,SS19,solid color top,0.0,0.0
5322,44,SS19,long dress,0.0,0.0
5234,5,SS19,short sleeves,0.0,0.0
5287,20,SS19,shorts,0.0,0.0
5224,26,SS19,long sleeve,0.0,0.0
5293,45,SS19,solid color top,0.0,0.0188679245283018
5232,3,SS19,sleeveless,0.0,0.0
5193,49,SS19,long dress,0.0,0.0
5193,27,SS19,long dress,0.0,0.0188679245283018
5316,23,SS19,culottes,0.0,0.0
5159,109,SS19,culottes,0.0,0.0
5276,21,SS19,sleeveless,0.0377358490566037,0.0
5261,75,SS19,solid color top,0.0,0.0566037735849056
5305,101,SS19,long dress,0.0,0.0566037735849056
5316,95,SS19,culottes,0.0,0.0
5130,46,SS19,culottes,0.0,0.0
5224,104,SS19,long sleeve,0.0,0.0
5178,4,SS19,culottes,0.0,0.0566037735849056
5316,72,SS19,culottes,0.0,0.0566037735849056
5313,110,SS19,shorts,0.0,0.0
5276,67,SS19,sleeveless,0.0,0.0
5222,102,SS19,culottes,0.0,0.0
5316,57,SS19,culottes,0.0,0.0
5316,25,SS19,culottes,0.0,0.0
5113,60,SS19,culottes,0.0,0.0
5257,50,SS19,solid color top,0.0,0.0377358490566037
5307,52,SS19,jumpsuit,0.0188679245283018,0.0188679245283018
5307,33,SS19,jumpsuit,0.0,0.0
5222,27,SS19,culottes,0.0188679245283018,0.0188679245283018
4102,74,SS19,sleeveless,0.0,0.0
5228,29,SS19,sleeveless,0.0,0.0
5279,41,SS19,doll dress,0.0188679245283018,0.0188679245283018
5273,3,SS19,sleeveless,0.0188679245283018,0.0188679245283018
5273,9,SS19,sleeveless,0.0188679245283018,0.0188679245283018
5317,59,SS19,short sleeves,0.0188679245283018,0.0188679245283018
4220,42,SS19,culottes,0.0,0.0
4220,75,SS19,culottes,0.0,0.0188679245283018
5161,39,SS19,patterned top,0.0,0.0
5304,14,SS19,long dress,0.0,0.0754716981132075
5264,30,SS19,solid color top,0.0,0.0
5264,0,SS19,solid color top,0.0,0.0188679245283018
5295,21,SS19,jumpsuit,0.0,0.0
5295,4,SS19,jumpsuit,0.0188679245283018,0.0188679245283018
5295,18,SS19,jumpsuit,0.0,0.0
5304,9,SS19,long dress,0.0,0.0
5295,32,SS19,jumpsuit,0.0188679245283018,0.0
5197,69,SS19,short sleeves,0.0,0.0
5295,109,SS19,jumpsuit,0.0,0.0377358490566037
5295,117,SS19,jumpsuit,0.0188679245283018,0.0188679245283018
5295,99,SS19,jumpsuit,0.0,0.0188679245283018
5295,48,SS19,jumpsuit,0.0,0.0188679245283018
5295,10,SS19,jumpsuit,0.0188679245283018,0.0
5295,85,SS19,jumpsuit,0.0,0.0
5304,13,SS19,long dress,0.0,0.0377358490566037
5310,101,SS19,short sleeves,0.0,0.0
5310,74,SS19,short sleeves,0.0,0.0
5310,40,SS19,short sleeves,0.0,0.0
5310,104,SS19,short sleeves,0.0,0.0
5286,46,SS19,shorts,0.0,0.0
5270,79,SS19,long dress,0.0,0.0
5242,2,SS19,printed shirt,0.0,0.0
5304,64,SS19,long dress,0.0,0.0
5304,8,SS19,long dress,0.0,0.0188679245283018
5304,95,SS19,long dress,0.0188679245283018,0.0566037735849056
5304,81,SS19,long dress,0.0377358490566037,0.0188679245283018
5304,53,SS19,long dress,0.0188679245283018,0.0566037735849056
5304,51,SS19,long dress,0.0188679245283018,0.0188679245283018
5098,3,SS19,culottes,0.0,0.0
5306,46,SS19,solid color top,0.0,0.0377358490566037
5315,7,SS19,solid color top,0.0188679245283018,0.0566037735849056
5315,4,SS19,solid color top,0.0,0.0
5240,74,SS19,long sleeve,0.0,0.0
5310,28,SS19,short sleeves,0.0,0.0
3961,75,SS19,culottes,0.0,0.0
5132,102,SS19,maxi,0.0,0.0
5132,20,SS19,maxi,0.0188679245283018,0.0188679245283018
5132,60,SS19,maxi,0.0,0.0
5132,10,SS19,maxi,0.0,0.0
5158,109,SS19,solid color top,0.0188679245283018,0.0
5198,44,SS19,culottes,0.0188679245283018,0.0188679245283018
5198,0,SS19,culottes,0.0,0.0
5198,95,SS19,culottes,0.0,0.0
5215,80,SS19,jumpsuit,0.0,0.0
5215,9,SS19,jumpsuit,0.0,0.0
5215,83,SS19,jumpsuit,0.0,0.0
5147,64,SS19,capris,0.0188679245283018,0.0
5215,25,SS19,jumpsuit,0.0377358490566037,0.0377358490566037
5146,61,SS19,culottes,0.0,0.0
5220,7,SS19,culottes,0.0,0.0
5220,19,SS19,culottes,0.0,0.0
5220,60,SS19,culottes,0.0,0.0
5146,28,SS19,culottes,0.0188679245283018,0.0188679245283018
5125,84,SS19,culottes,0.0,0.0
5125,24,SS19,culottes,0.0188679245283018,0.0
5125,32,SS19,culottes,0.0,0.0188679245283018
5198,75,SS19,culottes,0.0,0.0188679245283018
5258,39,SS19,culottes,0.0188679245283018,0.0188679245283018
5258,12,SS19,culottes,0.0,0.0
5143,8,SS19,capris,0.0,0.0
5252,82,SS19,culottes,0.0,0.0566037735849056
5107,74,SS19,long dress,0.0,0.0
5260,75,SS19,culottes,0.0188679245283018,0.0188679245283018
5149,8,SS19,capris,0.0,0.0
5143,104,SS19,capris,0.0,0.0
3804,35,SS19,culottes,0.0,0.0
5112,43,SS19,doll dress,0.0,0.0
5308,51,SS19,culottes,0.0,0.0
3954,76,SS19,sleeveless,0.0,0.0
5149,30,SS19,capris,0.0,0.0188679245283018
5292,41,SS19,drop sleeve,0.0,0.0
5241,80,SS19,long sleeve,0.0,0.0
5168,65,SS19,short sleeves,0.0,0.0
5231,33,SS19,short sleeves,0.0,0.0188679245283018
5231,30,SS19,short sleeves,0.0,0.0
5149,117,SS19,capris,0.0,0.0
5142,27,SS19,patterned top,0.0377358490566037,0.0188679245283018
5269,22,SS19,culottes,0.0,0.0
5310,75,SS19,short sleeves,0.0,0.0
5274,3,SS19,sleeveless,0.0,0.0
5298,26,SS19,long cardigan,0.0,0.0
5227,94,SS19,sleeveless,0.0,0.0
5322,49,SS19,long dress,0.0,0.0188679245283018
5322,65,SS19,long dress,0.0,0.0
5271,32,SS19,long sleeve,0.0,0.0
5181,16,SS19,long sleeve,0.0,0.0
5322,50,SS19,long dress,0.0,0.0
5322,52,SS19,long dress,0.0,0.0
5248,28,SS19,long sleeve,0.0,0.0
5322,109,SS19,long dress,0.0,0.0
5322,107,SS19,long dress,0.0,0.0
5298,21,SS19,long cardigan,0.0,0.0
5298,27,SS19,long cardigan,0.0,0.0
5298,42,SS19,long cardigan,0.0188679245283018,0.0188679245283018
5309,61,SS19,sleeveless,0.0,0.0
5201,64,SS19,long dress,0.0,0.0
5309,0,SS19,sleeveless,0.0,0.0
5188,38,SS19,sleeveless,0.0188679245283018,0.0
5309,64,SS19,sleeveless,0.0,0.0
5309,23,SS19,sleeveless,0.0,0.0
5302,77,SS19,sleeveless,0.0,0.0
5298,101,SS19,long cardigan,0.0,0.0188679245283018
5325,21,SS19,sleeveless,0.0,0.0
5329,38,SS19,sleeveless,0.0,0.0377358490566037
5329,42,SS19,sleeveless,0.0,0.0188679245283018
5122,64,SS19,solid color top,0.0,0.0
5255,110,SS19,gitana skirt,0.0,0.0
5223,79,SS19,gitana skirt,0.0,0.0
5298,76,SS19,long cardigan,0.0,0.0
5325,65,SS19,sleeveless,0.0188679245283018,0.0
5312,43,SS19,sleeveless,0.0,0.0
5329,40,SS19,sleeveless,0.0,0.0
5329,22,SS19,sleeveless,0.0,0.0
5317,42,SS19,short sleeves,0.0,0.0
5300,38,SS19,culottes,0.0,0.0188679245283018
5330,65,SS19,short sleeves,0.0188679245283018,0.0377358490566037
5330,26,SS19,short sleeves,0.0,0.0188679245283018
5330,74,SS19,short sleeves,0.0,0.0
5330,33,SS19,short sleeves,0.0,0.0188679245283018
5330,82,SS19,short sleeves,0.0188679245283018,0.0
5330,51,SS19,short sleeves,0.0,0.0188679245283018
5330,102,SS19,short sleeves,0.0,0.0
5317,6,SS19,short sleeves,0.0,0.0
5300,109,SS19,culottes,0.0,0.0
5298,38,SS19,long cardigan,0.0,0.0
5201,30,SS19,long dress,0.0,0.0
5270,8,SS19,long dress,0.0188679245283018,0.0377358490566037
5319,83,SS19,sleeveless,0.0,0.0
5201,79,SS19,long dress,0.0188679245283018,0.0
5317,56,SS19,short sleeves,0.0,0.0
5286,2,SS19,shorts,0.0,0.0
4000,109,SS19,short sleeves,0.0,0.0188679245283018
5309,54,SS19,sleeveless,0.0,0.0
5319,43,SS19,sleeveless,0.0,0.0
5319,48,SS19,sleeveless,0.0188679245283018,0.0
5270,101,SS19,long dress,0.0,0.0
5270,69,SS19,long dress,0.0,0.0
5309,48,SS19,sleeveless,0.0,0.0
5326,22,SS19,shorts,0.0,0.0
5309,31,SS19,sleeveless,0.0,0.0
5309,38,SS19,sleeveless,0.0,0.0
5148,38,SS19,sleeveless,0.0,0.0566037735849056
5148,32,SS19,sleeveless,0.0,0.0377358490566037
5309,5,SS19,sleeveless,0.0,0.0188679245283018
5309,93,SS19,sleeveless,0.0,0.0188679245283018
5301,30,SS19,short sleeves,0.0,0.0
5294,30,SS19,shorts,0.0,0.0
5257,80,SS19,solid color top,0.0,0.0
5216,27,SS19,doll dress,0.0,0.0
5245,67,SS19,culottes,0.0,0.0
4242,4,SS19,sleeveless,0.0188679245283018,0.0188679245283018
5259,22,SS19,patterned top,0.0,0.0
5132,66,SS19,maxi,0.0,0.0188679245283018
5145,4,SS19,doll dress,0.0,0.0
5219,67,SS19,culottes,0.0,0.0
5125,99,SS19,culottes,0.0,0.0
5226,64,SS19,culottes,0.0,0.0188679245283018
5316,21,SS19,culottes,0.0,0.0
5316,44,SS19,culottes,0.0754716981132075,0.0188679245283018
5294,24,SS19,shorts,0.0,0.0
5294,3,SS19,shorts,0.0,0.0
5294,50,SS19,shorts,0.0,0.0
5323,6,SS19,drop sleeve,0.0188679245283018,0.0
5316,84,SS19,culottes,0.0,0.0
5201,74,SS19,long dress,0.0,0.0188679245283018
5159,19,SS19,culottes,0.0,0.0
5188,4,SS19,sleeveless,0.0,0.0188679245283018
5291,82,SS19,solid color top,0.0,0.0
5309,44,SS19,sleeveless,0.0,0.0
5253,54,SS19,long dress,0.0,0.0
5293,46,SS19,solid color top,0.0188679245283018,0.0188679245283018
5196,23,SS19,culottes,0.0188679245283018,0.0
5254,104,SS19,long dress,0.0377358490566037,0.0188679245283018
5313,3,SS19,shorts,0.0,0.0
5184,4,SS19,long sleeve,0.0377358490566037,0.0377358490566037
5310,59,SS19,short sleeves,0.0,0.0
5310,25,SS19,short sleeves,0.0,0.0188679245283018
4234,36,SS19,solid color top,0.0,0.0566037735849056
5315,53,SS19,solid color top,0.0188679245283018,0.0377358490566037
4217,32,SS19,culottes,0.0,0.0
5201,13,SS19,long dress,0.0,0.0188679245283018
5315,44,SS19,solid color top,0.0,0.0188679245283018
5236,94,SS19,gitana skirt,0.0188679245283018,0.0188679245283018
5201,67,SS19,long dress,0.0,0.0
5291,3,SS19,solid color top,0.0377358490566037,0.0
5315,109,SS19,solid color top,0.0,0.0
5315,66,SS19,solid color top,0.0,0.0188679245283018
5185,42,SS19,culottes,0.0,0.0188679245283018
5210,49,SS19,long dress,0.0,0.0377358490566037
5210,75,SS19,long dress,0.0,0.0188679245283018
5189,53,SS19,culottes,0.0,0.0188679245283018
5210,24,SS19,long dress,0.0,0.0
5148,110,SS19,sleeveless,0.0,0.0
5166,25,SS19,long dress,0.0,0.0188679245283018
5313,31,SS19,shorts,0.0,0.0
5278,24,SS19,long sleeve,0.0188679245283018,0.0
5245,23,SS19,culottes,0.0,0.0188679245283018
5250,51,SS19,long dress,0.0566037735849056,0.0377358490566037
5284,39,SS19,long dress,0.0754716981132075,0.0377358490566037
5249,3,SS19,culottes,0.0377358490566037,0.0188679245283018
4104,109,SS19,long dress,0.0188679245283018,0.0188679245283018
5266,15,SS19,sleeveless,0.0188679245283018,0.0943396226415094
5266,22,SS19,sleeveless,0.0377358490566037,0.0188679245283018
5324,44,SS19,long sleeve,0.0188679245283018,0.0
5231,31,SS19,short sleeves,0.0,0.0188679245283018
5233,18,SS19,long sleeve,0.0,0.0
5308,28,SS19,culottes,0.0,0.0
5295,60,SS19,jumpsuit,0.0,0.0
5295,22,SS19,jumpsuit,0.0,0.0
5295,51,SS19,jumpsuit,0.0377358490566037,0.0
5304,15,SS19,long dress,0.0,0.0377358490566037
5304,31,SS19,long dress,0.0188679245283018,0.0
5263,47,SS19,culottes,0.0,0.0377358490566037
5263,28,SS19,culottes,0.0,0.0188679245283018
5279,109,SS19,doll dress,0.0,0.0
5300,52,SS19,culottes,0.0,0.0
5318,23,SS19,jumpsuit,0.0,0.0
5318,77,SS19,jumpsuit,0.0,0.0
5318,13,SS19,jumpsuit,0.0,0.0
5318,14,SS19,jumpsuit,0.0,0.0
5311,67,SS19,jumpsuit,0.0,0.0
5311,77,SS19,jumpsuit,0.0,0.0
5311,76,SS19,jumpsuit,0.0,0.0
5149,95,SS19,capris,0.0,0.0188679245283018
5258,35,SS19,culottes,0.0,0.0
4182,22,SS19,short sleeves,0.0,0.0
5228,75,SS19,sleeveless,0.0,0.0566037735849056
5271,15,SS19,long sleeve,0.0,0.0
5224,39,SS19,long sleeve,0.0188679245283018,0.0188679245283018
5227,7,SS19,sleeveless,0.0,0.0
5270,44,SS19,long dress,0.0,0.0188679245283018
5255,75,SS19,gitana skirt,0.0,0.0
5325,14,SS19,sleeveless,0.0,0.0
5141,49,SS19,short sleeves,0.0,0.0
5223,7,SS19,gitana skirt,0.0,0.0
5223,110,SS19,gitana skirt,0.0,0.0
5325,24,SS19,sleeveless,0.0,0.0
5329,79,SS19,sleeveless,0.0,0.0
5270,67,SS19,long dress,0.0,0.0
5270,74,SS19,long dress,0.0,0.0
5308,4,SS19,culottes,0.0,0.0
5311,50,SS19,jumpsuit,0.0,0.0
4068,104,SS19,sleeveless,0.0,0.0
5224,32,SS19,long sleeve,0.0,0.0
5228,4,SS19,sleeveless,0.0377358490566037,0.0
5228,77,SS19,sleeveless,0.0,0.0
5143,44,SS19,capris,0.0188679245283018,0.0
5304,38,SS19,long dress,0.0566037735849056,0.0566037735849056
5304,100,SS19,long dress,0.0188679245283018,0.0188679245283018
5270,84,SS19,long dress,0.0,0.0
5297,54,SS19,long dress,0.0,0.0
5270,60,SS19,long dress,0.0,0.0
5232,67,SS19,sleeveless,0.0,0.0
5317,13,SS19,short sleeves,0.0,0.0
5297,86,SS19,long dress,0.0,0.0
5297,27,SS19,long dress,0.0,0.0
5118,25,SS19,short sleeves,0.0,0.0377358490566037
5297,21,SS19,long dress,0.0,0.0
5194,110,SS19,long sleeve,0.0,0.0188679245283018
5285,26,SS19,solid color top,0.0,0.0
5243,89,SS19,shorts,0.0,0.0
5250,2,SS19,long dress,0.0,0.0
4103,104,SS19,sleeveless,0.0,0.0
5313,63,SS19,shorts,0.0,0.0
5121,11,SS19,sleeveless,0.0,0.0188679245283018
3954,10,SS19,sleeveless,0.0,0.0
5308,7,SS19,culottes,0.0,0.0
5128,10,SS19,short sleeves,0.0,0.0
4211,89,SS19,culottes,0.0,0.0377358490566037
4211,88,SS19,culottes,0.0188679245283018,0.2075471698113207
5330,56,SS19,short sleeves,0.0,0.0
5270,38,SS19,long dress,0.0,0.0
5289,107,SS19,short sleeves,0.0,0.0188679245283018
5330,27,SS19,short sleeves,0.0,0.0188679245283018
5304,28,SS19,long dress,0.0,0.0
5304,50,SS19,long dress,0.0,0.0
5194,89,SS19,long sleeve,0.0,0.0
5270,28,SS19,long dress,0.0,0.0
5326,89,SS19,shorts,0.0,0.0
5270,49,SS19,long dress,0.0,0.0
5304,77,SS19,long dress,0.0188679245283018,0.0
5304,68,SS19,long dress,0.0,0.0
5309,88,SS19,sleeveless,0.0,0.0
5228,88,SS19,sleeveless,0.0566037735849056,0.0377358490566037
5255,3,SS19,gitana skirt,0.0,0.0
4165,38,SS19,doll dress,0.0,0.0
5201,89,SS19,long dress,0.0,0.0
5270,102,SS19,long dress,0.0,0.0
5227,88,SS19,sleeveless,0.0566037735849056,0.0754716981132075
5298,88,SS19,long cardigan,0.0,0.0
5304,73,SS19,long dress,0.0,0.0
5201,88,SS19,long dress,0.0188679245283018,0.0
5225,89,SS19,capris,0.0,0.0
5329,25,SS19,sleeveless,0.0,0.0
5270,21,SS19,long dress,0.0,0.0188679245283018
5270,95,SS19,long dress,0.0,0.0
5277,88,SS19,culottes,0.0566037735849056,0.0754716981132075
5277,89,SS19,culottes,0.0,0.0
5246,89,SS19,long sleeve,0.0,0.0
5104,109,SS19,patterned top,0.0188679245283018,0.0
5246,88,SS19,long sleeve,0.0,0.0
5294,89,SS19,shorts,0.0,0.0
4223,109,SS19,patterned top,0.0,0.0
5301,13,SS19,short sleeves,0.0,0.0
5273,51,SS19,sleeveless,0.0188679245283018,0.1698113207547169
5273,77,SS19,sleeveless,0.0188679245283018,0.0566037735849056
5315,59,SS19,solid color top,0.0,0.0
4215,89,SS19,long sleeve,0.0,0.0
5280,5,SS19,solid color top,0.0,0.0
5304,30,SS19,long dress,0.0,0.0
5202,89,SS19,long sleeve,0.0,0.0
5212,89,SS19,culottes,0.0,0.0
5265,89,SS19,sleeveless,0.0,0.0
5329,89,SS19,sleeveless,0.0,0.0
5196,89,SS19,culottes,0.0,0.0
5276,10,SS19,sleeveless,0.0,0.0
3891,94,SS19,long sleeve,0.0,0.0188679245283018
5130,21,SS19,culottes,0.0,0.0188679245283018
5159,16,SS19,culottes,0.0,0.0
5263,29,SS19,culottes,0.0,0.0188679245283018
5204,89,SS19,culottes,0.0,0.0188679245283018
5247,72,SS19,long sleeve,0.0,0.0
4218,89,SS19,short sleeves,0.0,0.0
5247,109,SS19,long sleeve,0.0188679245283018,0.0
5262,83,SS19,culottes,0.0,0.0188679245283018
5208,89,SS19,patterned top,0.0,0.0
4231,56,SS19,sleeveless,0.0,0.0
5316,89,SS19,culottes,0.0,0.0
5278,88,SS19,long sleeve,0.0,0.0
5324,88,SS19,long sleeve,0.0,0.0754716981132075
5262,65,SS19,culottes,0.0,0.0
5198,89,SS19,culottes,0.0,0.0188679245283018
5311,39,SS19,jumpsuit,0.0,0.0
5291,89,SS19,solid color top,0.0,0.0
5316,4,SS19,culottes,0.0,0.0188679245283018
5287,86,SS19,shorts,0.0,0.0
5291,53,SS19,solid color top,0.0188679245283018,0.0
5218,89,SS19,long sleeve,0.0,0.0
5131,57,SS19,doll dress,0.0,0.0
5245,88,SS19,culottes,0.0,0.2075471698113207
5279,88,SS19,doll dress,0.0,0.0
5297,89,SS19,long dress,0.0,0.0
5192,89,SS19,sleeveless,0.0,0.0
5209,89,SS19,patterned top,0.0,0.0
5209,109,SS19,patterned top,0.0,0.0
5311,24,SS19,jumpsuit,0.0,0.0
5311,52,SS19,jumpsuit,0.0,0.0377358490566037
5237,89,SS19,gitana skirt,0.0,0.0
5236,40,SS19,gitana skirt,0.0,0.0188679245283018
5235,43,SS19,gitana skirt,0.0,0.0188679245283018
5219,89,SS19,culottes,0.0,0.0
5320,4,SS19,long sleeve,0.0,0.0377358490566037
5311,89,SS19,jumpsuit,0.0,0.0
5147,77,SS19,capris,0.0,0.0
5217,89,SS19,sleeveless,0.0,0.0
5244,89,SS19,long sleeve,0.0,0.0377358490566037
5267,89,SS19,solid color top,0.0,0.0
5311,101,SS19,jumpsuit,0.0,0.0
5226,89,SS19,culottes,0.0,0.0
4217,64,SS19,culottes,0.0377358490566037,0.0188679245283018
5245,89,SS19,culottes,0.0,0.0
5261,89,SS19,solid color top,0.0,0.0
5198,64,SS19,culottes,0.0188679245283018,0.0
5221,89,SS19,sleeveless,0.0,0.0
5220,89,SS19,culottes,0.0,0.0
5320,101,SS19,long sleeve,0.0,0.0
5307,27,SS19,jumpsuit,0.0,0.0
5132,51,SS19,maxi,0.0,0.0
5293,24,SS19,solid color top,0.0,0.0377358490566037
5216,22,SS19,doll dress,0.0,0.0
5210,22,SS19,long dress,0.0,0.0188679245283018
4054,11,SS19,solid color top,0.0,0.0
5161,51,SS19,patterned top,0.0,0.0
5201,80,SS19,long dress,0.0,0.0
5325,88,SS19,sleeveless,0.0,0.0
5255,92,SS19,gitana skirt,0.0,0.0
5255,88,SS19,gitana skirt,0.0,0.0188679245283018
5223,89,SS19,gitana skirt,0.0,0.0
5309,63,SS19,sleeveless,0.0,0.0
5298,60,SS19,long cardigan,0.0,0.0
5228,89,SS19,sleeveless,0.0,0.0
5206,89,SS19,shorts,0.0,0.0
5311,33,SS19,jumpsuit,0.0,0.0
4215,92,SS19,long sleeve,0.0,0.0
5210,64,SS19,long dress,0.0,0.0
4223,38,SS19,patterned top,0.0,0.0
5311,54,SS19,jumpsuit,0.0,0.0
5148,89,SS19,sleeveless,0.0,0.0
5256,88,SS19,long sleeve,0.0,0.0
5311,90,SS19,jumpsuit,0.0,0.0
5282,88,SS19,long sleeve,0.0,0.0
5230,89,SS19,short sleeves,0.0,0.0
4233,3,SS19,solid color top,0.0,0.0
4154,83,SS19,long sleeve,0.0,0.0
5306,80,SS19,solid color top,0.0,0.0
5315,24,SS19,solid color top,0.0,0.0
5257,46,SS19,solid color top,0.0,0.0
3978,3,SS19,long sleeve,0.0,0.0
5304,24,SS19,long dress,0.0,0.0188679245283018
5304,88,SS19,long dress,0.0,0.0188679245283018
5304,79,SS19,long dress,0.0,0.0
5260,95,SS19,culottes,0.0,0.0188679245283018
5317,88,SS19,short sleeves,0.0,0.0
4231,43,SS19,sleeveless,0.0,0.0
4192,84,SS19,doll dress,0.0,0.0
5135,25,SS19,culottes,0.0,0.0566037735849056
5260,88,SS19,culottes,0.0188679245283018,0.0377358490566037
5304,59,SS19,long dress,0.0,0.0
5270,88,SS19,long dress,0.0,0.0
3949,117,SS19,long sleeve,0.0,0.0
4166,38,SS19,sheath dress,0.0,0.0188679245283018
5285,51,SS19,solid color top,0.0,0.0
3838,23,SS19,trapeze dress,0.0188679245283018,0.0188679245283018
5250,13,SS19,long dress,0.0188679245283018,0.0
5091,51,SS19,long dress,0.0,0.0
5266,14,SS19,sleeveless,0.0,0.0566037735849056
5266,35,SS19,sleeveless,0.0,0.0
5327,92,SS19,patterned top,0.0,0.0
5217,92,SS19,sleeveless,0.0,0.0
4211,92,SS19,culottes,0.0,0.0
4202,75,SS19,doll dress,0.0,0.0
3778,117,SS19,trapeze dress,0.0,0.0
4094,69,SS19,doll dress,0.0,0.0
5191,89,SS19,solid color top,0.0,0.0
3778,32,SS19,trapeze dress,0.0,0.0188679245283018
4204,0,SS19,culottes,0.0,0.0188679245283018
5320,89,SS19,long sleeve,0.0,0.0
5236,5,SS19,gitana skirt,0.0,0.0188679245283018
5251,22,SS19,culottes,0.0,0.0
5301,88,SS19,short sleeves,0.0,0.0377358490566037
5324,13,SS19,long sleeve,0.0,0.0188679245283018
5324,3,SS19,long sleeve,0.0,0.0
4218,92,SS19,short sleeves,0.0,0.0
5294,67,SS19,shorts,0.0,0.0
5110,74,SS19,short sleeves,0.0188679245283018,0.0
5328,92,SS19,patterned top,0.0,0.0
5293,19,SS19,solid color top,0.0,0.0
3833,12,SS19,patterned top,0.0,0.0
3833,94,SS19,patterned top,0.0,0.0
5145,93,SS19,doll dress,0.0,0.0
5189,64,SS19,culottes,0.0,0.0
5319,92,SS19,sleeveless,0.0,0.0
5250,88,SS19,long dress,0.0,0.0
5150,10,SS19,doll dress,0.0,0.0
5150,33,SS19,doll dress,0.0,0.0
5306,48,SS19,solid color top,0.0,0.0
3718,80,SS19,culottes,0.0,0.0
5273,14,SS19,sleeveless,0.0,0.0
5136,56,SS19,jumpsuit,0.0,0.0
5229,89,SS19,short sleeves,0.0,0.0
5308,92,SS19,culottes,0.0,0.0
4202,11,SS19,doll dress,0.0,0.0188679245283018
5292,88,SS19,drop sleeve,0.0,0.0
5304,89,SS19,long dress,0.0,0.0
3884,53,SS19,doll dress,0.0,0.0
5257,35,SS19,solid color top,0.0,0.0
5282,92,SS19,long sleeve,0.0,0.0
3781,117,SS19,doll dress,0.0,0.0
3838,104,SS19,trapeze dress,0.0,0.0
5324,25,SS19,long sleeve,0.0,0.0
4242,30,SS19,sleeveless,0.0,0.0
5323,88,SS19,drop sleeve,0.0,0.0
5298,92,SS19,long cardigan,0.0,0.0
5285,22,SS19,solid color top,0.0,0.0
5323,40,SS19,drop sleeve,0.0,0.0
5209,92,SS19,patterned top,0.0,0.0
5285,30,SS19,solid color top,0.0,0.0
5285,19,SS19,solid color top,0.0,0.0
3983,21,SS19,doll dress,0.0,0.0
5256,52,SS19,long sleeve,0.0,0.0
5228,18,SS19,sleeveless,0.0,0.0
5323,25,SS19,drop sleeve,0.0,0.0
5315,48,SS19,solid color top,0.0,0.0
5306,22,SS19,solid color top,0.0,0.0
4094,109,SS19,doll dress,0.0,0.0
4083,4,SS19,long sleeve,0.0,0.0
4083,66,SS19,long sleeve,0.0,0.0
4219,91,SS19,short sleeves,0.0,0.0
5269,91,SS19,culottes,0.0,0.0
4027,117,SS19,long sleeve,0.0,0.0
4058,66,SS19,long sleeve,0.0188679245283018,0.0
4221,91,SS19,culottes,0.0,0.0
4103,10,SS19,sleeveless,0.0,0.0
5292,91,SS19,drop sleeve,0.0,0.0
3977,11,SS19,culottes,0.0,0.0
5159,88,SS19,culottes,0.0,0.0
5244,88,SS19,long sleeve,0.0,0.0
3978,46,SS19,long sleeve,0.0,0.0
3900,107,SS19,long sleeve,0.0,0.0
5228,67,SS19,sleeveless,0.0,0.0
4225,4,SS19,sleeveless,0.0,0.0
5252,88,SS19,culottes,0.0,0.0
5183,74,SS19,sleeveless,0.0,0.0
5267,91,SS19,solid color top,0.0,0.0
5165,25,SS19,long sleeve,0.0,0.0
5272,91,SS19,shorts,0.0,0.0
5241,0,SS19,long sleeve,0.0,0.0
5241,89,SS19,long sleeve,0.0,0.0
3983,88,SS19,doll dress,0.0,0.0
5320,88,SS19,long sleeve,0.0,0.0
3791,88,SS19,doll dress,0.0,0.0
4143,66,SS19,culottes,0.0,0.0
4058,76,SS19,long sleeve,0.0,0.0
5277,91,SS19,culottes,0.0,0.0
5323,92,SS19,drop sleeve,0.0,0.0
4103,92,SS19,sleeveless,0.0,0.0
4103,88,SS19,sleeveless,0.0,0.0
4229,74,SS19,drop sleeve,0.0,0.0
5315,91,SS19,solid color top,0.0,0.0
3838,95,SS19,trapeze dress,0.0,0.0
4010,3,SS19,long sleeve,0.0,0.0
3816,109,SS19,culottes,0.0,0.0
5154,95,SS19,long sleeve,0.0,0.0
4242,95,SS19,sleeveless,0.0,0.0
5304,0,SS19,long dress,0.0,0.0
3731,74,SS19,long sleeve,0.0,0.0
5259,91,SS19,patterned top,0.0,0.0
4126,88,SS19,short sleeves,0.0188679245283018,0.0
3731,0,SS19,long sleeve,0.0,0.0
5444,76,AW19,long sleeve,0.0,0.0
5434,57,AW19,culottes,0.0,0.0
5005,31,AW19,short sleeves,0.0754716981132075,0.0
5005,12,AW19,short sleeves,0.0188679245283018,0.0566037735849056
5336,6,AW19,long sleeve,0.0188679245283018,0.0
5434,22,AW19,culottes,0.0,0.0
5434,75,AW19,culottes,0.0188679245283018,0.0
5434,94,AW19,culottes,0.0,0.0
5434,65,AW19,culottes,0.0,0.0
5434,12,AW19,culottes,0.0377358490566037,0.0188679245283018
5434,30,AW19,culottes,0.0377358490566037,0.0188679245283018
5444,74,AW19,long sleeve,0.0188679245283018,0.0
5444,35,AW19,long sleeve,0.0,0.0377358490566037
5444,36,AW19,long sleeve,0.0,0.0
4980,79,AW19,long sleeve,0.0,0.0
5444,41,AW19,long sleeve,0.0,0.0
5444,48,AW19,long sleeve,0.0,0.0188679245283018
5015,40,AW19,medium coat,0.0,0.0188679245283018
4972,105,AW19,culottes,0.0,0.0
5444,75,AW19,long sleeve,0.0,0.0188679245283018
5409,81,AW19,culottes,0.0188679245283018,0.0188679245283018
5409,35,AW19,culottes,0.0,0.0
5422,28,AW19,long sleeve,0.0188679245283018,0.0
5409,109,AW19,culottes,0.0,0.0
5409,101,AW19,culottes,0.0188679245283018,0.0
5409,1,AW19,culottes,0.0,0.0
4992,109,AW19,long coat,0.0377358490566037,0.0754716981132075
5409,22,AW19,culottes,0.0,0.0
5409,33,AW19,culottes,0.0,0.0
5409,93,AW19,culottes,0.0377358490566037,0.0188679245283018
5409,16,AW19,culottes,0.0377358490566037,0.0188679245283018
5409,56,AW19,culottes,0.0188679245283018,0.0188679245283018
5409,28,AW19,culottes,0.0188679245283018,0.0
5409,43,AW19,culottes,0.0,0.0
5409,92,AW19,culottes,0.0,0.0
5409,14,AW19,culottes,0.0,0.0
5422,86,AW19,long sleeve,0.0,0.0188679245283018
5409,31,AW19,culottes,0.0,0.0
5409,15,AW19,culottes,0.0,0.0
5409,30,AW19,culottes,0.0,0.0
5422,65,AW19,long sleeve,0.0188679245283018,0.0
5422,7,AW19,long sleeve,0.0,0.0
5444,105,AW19,long sleeve,0.0188679245283018,0.0188679245283018
4975,100,AW19,culottes,0.0,0.0
5386,30,AW19,long sleeve,0.0,0.0
5382,61,AW19,long sleeve,0.0,0.0
5441,35,AW19,long dress,0.0,0.0188679245283018
5458,52,AW19,sleeveless,0.0,0.0
5396,19,AW19,long sleeve,0.0,0.0
5455,4,AW19,solid color top,0.0,0.0377358490566037
5396,7,AW19,long sleeve,0.0,0.0
5458,76,AW19,sleeveless,0.0188679245283018,0.0188679245283018
5396,96,AW19,long sleeve,0.0,0.0
5374,41,AW19,long sleeve,0.0188679245283018,0.0188679245283018
5458,38,AW19,sleeveless,0.0188679245283018,0.0
4905,102,AW19,doll dress,0.0188679245283018,0.0188679245283018
5374,35,AW19,long sleeve,0.0188679245283018,0.0
5458,22,AW19,sleeveless,0.0,0.0188679245283018
4905,105,AW19,doll dress,0.0377358490566037,0.0188679245283018
5464,20,AW19,sheath dress,0.0,0.0
5385,117,AW19,doll dress,0.0,0.0188679245283018
5385,88,AW19,doll dress,0.0,0.0
5464,82,AW19,sheath dress,0.0,0.0
5455,103,AW19,solid color top,0.0188679245283018,0.0377358490566037
5455,8,AW19,solid color top,0.0,0.0566037735849056
5464,67,AW19,sheath dress,0.0,0.0188679245283018
5055,30,AW19,culottes,0.0,0.0566037735849056
5458,53,AW19,sleeveless,0.0,0.0
5464,18,AW19,sheath dress,0.0188679245283018,0.0
5390,88,AW19,miniskirt,0.0,0.0
5458,13,AW19,sleeveless,0.0,0.0188679245283018
5458,56,AW19,sleeveless,0.0,0.0
5396,39,AW19,long sleeve,0.0,0.0
5448,9,AW19,medium coat,0.0,0.0188679245283018
5448,73,AW19,medium coat,0.0,0.0
5448,80,AW19,medium coat,0.0,0.0
5448,39,AW19,medium coat,0.0188679245283018,0.0
5448,48,AW19,medium coat,0.0188679245283018,0.0
5448,75,AW19,medium coat,0.0,0.0
5458,80,AW19,sleeveless,0.0,0.0188679245283018
5448,105,AW19,medium coat,0.0,0.0
5448,84,AW19,medium coat,0.0,0.0188679245283018
5448,66,AW19,medium coat,0.0,0.0
5448,94,AW19,medium coat,0.0188679245283018,0.0
5448,31,AW19,medium coat,0.0,0.0188679245283018
5448,7,AW19,medium coat,0.0,0.0
5448,49,AW19,medium coat,0.0188679245283018,0.0188679245283018
5448,10,AW19,medium coat,0.0,0.0
5448,2,AW19,medium coat,0.0,0.0
5448,30,AW19,medium coat,0.0,0.0
5458,9,AW19,sleeveless,0.0,0.0188679245283018
5063,103,AW19,kimono dress,0.0,0.0
5076,6,AW19,sheath dress,0.0,0.0188679245283018
5464,39,AW19,sheath dress,0.0188679245283018,0.0
5396,56,AW19,long sleeve,0.0188679245283018,0.0
5396,28,AW19,long sleeve,0.0,0.0
5464,115,AW19,sheath dress,0.0,0.0
5358,8,AW19,long sleeve,0.0,0.0
5455,21,AW19,solid color top,0.0377358490566037,0.0188679245283018
5458,8,AW19,sleeveless,0.0,0.0
5441,86,AW19,long dress,0.0,0.0
5455,125,AW19,solid color top,0.0188679245283018,0.0
5343,41,AW19,long sleeve,0.0,0.0
5343,46,AW19,long sleeve,0.0,0.0
5343,106,AW19,long sleeve,0.0,0.0
5441,80,AW19,long dress,0.0377358490566037,0.0188679245283018
5416,63,AW19,long sleeve,0.0188679245283018,0.0
5343,9,AW19,long sleeve,0.0188679245283018,0.0
5006,3,AW19,short sleeves,0.0188679245283018,0.0
5440,48,AW19,sleeveless,0.0,0.0
5455,104,AW19,solid color top,0.0188679245283018,0.0188679245283018
5441,3,AW19,long dress,0.0,0.0188679245283018
5441,5,AW19,long dress,0.0377358490566037,0.0
5416,90,AW19,long sleeve,0.0188679245283018,0.0
5441,56,AW19,long dress,0.0188679245283018,0.0188679245283018
5416,40,AW19,long sleeve,0.0,0.0
5416,76,AW19,long sleeve,0.0,0.0
5440,73,AW19,sleeveless,0.0,0.0
5455,29,AW19,solid color top,0.0377358490566037,0.0377358490566037
5416,31,AW19,long sleeve,0.0,0.0
5416,54,AW19,long sleeve,0.0,0.0188679245283018
5441,106,AW19,long dress,0.0,0.0
5382,26,AW19,long sleeve,0.0188679245283018,0.0
5440,31,AW19,sleeveless,0.0,0.0188679245283018
5382,35,AW19,long sleeve,0.0,0.0
5455,115,AW19,solid color top,0.0,0.0377358490566037
5362,82,AW19,long sleeve,0.0,0.0
5358,107,AW19,long sleeve,0.0,0.0
5366,68,AW19,long sleeve,0.0188679245283018,0.0188679245283018
5441,2,AW19,long dress,0.0188679245283018,0.0
5366,26,AW19,long sleeve,0.0188679245283018,0.0
5465,73,AW19,long coat,0.0188679245283018,0.0
5366,103,AW19,long sleeve,0.0,0.0
5358,89,AW19,long sleeve,0.0,0.0
5458,29,AW19,sleeveless,0.0,0.0
5367,73,AW19,long sleeve,0.0377358490566037,0.0
5367,5,AW19,long sleeve,0.0,0.0
5441,15,AW19,long dress,0.0,0.0188679245283018
5441,31,AW19,long dress,0.0566037735849056,0.0188679245283018
5367,46,AW19,long sleeve,0.0,0.0
5364,68,AW19,long sleeve,0.0,0.0
5392,36,AW19,long sleeve,0.0188679245283018,0.0
5458,41,AW19,sleeveless,0.0,0.0
5440,30,AW19,sleeveless,0.0,0.0
5440,12,AW19,sleeveless,0.0,0.0
5362,64,AW19,long sleeve,0.0,0.0
5392,43,AW19,long sleeve,0.0,0.0188679245283018
5392,10,AW19,long sleeve,0.0188679245283018,0.0
5362,74,AW19,long sleeve,0.0,0.0
5362,67,AW19,long sleeve,0.0,0.0
5362,56,AW19,long sleeve,0.0,0.0
4946,15,AW19,short sleeves,0.0754716981132075,0.0
5428,65,AW19,sheath dress,0.0,0.0188679245283018
5444,95,AW19,long sleeve,0.0188679245283018,0.0377358490566037
5447,82,AW19,solid color top,0.0188679245283018,0.0
5447,20,AW19,solid color top,0.0,0.0
5447,1,AW19,solid color top,0.0,0.0188679245283018
5455,28,AW19,solid color top,0.0,0.0188679245283018
5399,36,AW19,long sleeve,0.0566037735849056,0.0188679245283018
5447,86,AW19,solid color top,0.0,0.0
5455,15,AW19,solid color top,0.0566037735849056,0.0566037735849056
5407,40,AW19,long sleeve,0.0188679245283018,0.0
4587,125,AW19,drop sleeve,0.0,0.0
5460,41,AW19,kimono dress,0.0377358490566037,0.0
5064,60,AW19,kimono dress,0.0377358490566037,0.0188679245283018
5447,49,AW19,solid color top,0.0188679245283018,0.0566037735849056
5407,4,AW19,long sleeve,0.0,0.0188679245283018
5447,12,AW19,solid color top,0.0,0.0188679245283018
5425,12,AW19,long sleeve,0.0,0.0377358490566037
5460,29,AW19,kimono dress,0.0,0.0
5447,19,AW19,solid color top,0.0,0.0188679245283018
5447,100,AW19,solid color top,0.0,0.0377358490566037
5069,67,AW19,long sleeve,0.0,0.0
5466,12,AW19,kimono dress,0.0188679245283018,0.0188679245283018
5454,43,AW19,culottes,0.0,0.0188679245283018
5047,13,AW19,long sleeve,0.0188679245283018,0.0
5454,39,AW19,culottes,0.0188679245283018,0.0188679245283018
5386,7,AW19,long sleeve,0.0,0.0
5455,121,AW19,solid color top,0.0,0.0
5407,30,AW19,long sleeve,0.0,0.0
5454,3,AW19,culottes,0.0,0.0188679245283018
5399,100,AW19,long sleeve,0.0,0.0
5407,76,AW19,long sleeve,0.0188679245283018,0.0
5407,68,AW19,long sleeve,0.0188679245283018,0.0
5407,42,AW19,long sleeve,0.0,0.0
5407,61,AW19,long sleeve,0.0,0.0
5407,83,AW19,long sleeve,0.0,0.0
5454,5,AW19,culottes,0.0188679245283018,0.0
5383,117,AW19,culottes,0.0,0.0377358490566037
5383,49,AW19,culottes,0.0,0.0
5383,30,AW19,culottes,0.0,0.0
4587,105,AW19,drop sleeve,0.0,0.0
5454,51,AW19,culottes,0.0188679245283018,0.0566037735849056
4989,115,AW19,miniskirt,0.0377358490566037,0.0188679245283018
5425,13,AW19,long sleeve,0.0,0.0188679245283018
5460,22,AW19,kimono dress,0.0,0.0
5455,6,AW19,solid color top,0.0188679245283018,0.0
5460,93,AW19,kimono dress,0.0188679245283018,0.0
5455,31,AW19,solid color top,0.0188679245283018,0.0754716981132075
5460,50,AW19,kimono dress,0.0,0.0
5389,0,AW19,long sleeve,0.0377358490566037,0.0188679245283018
5460,80,AW19,kimono dress,0.0,0.0
5389,18,AW19,long sleeve,0.0,0.0
5389,46,AW19,long sleeve,0.0,0.0188679245283018
5460,43,AW19,kimono dress,0.0,0.0
5460,14,AW19,kimono dress,0.0,0.0188679245283018
5389,36,AW19,long sleeve,0.0188679245283018,0.0
5389,40,AW19,long sleeve,0.0,0.0
5455,65,AW19,solid color top,0.0188679245283018,0.0377358490566037
5460,65,AW19,kimono dress,0.0,0.0
5377,35,AW19,long sleeve,0.0,0.0
5455,33,AW19,solid color top,0.0,0.0
5460,51,AW19,kimono dress,0.0188679245283018,0.0
5455,86,AW19,solid color top,0.0,0.0566037735849056
5460,77,AW19,kimono dress,0.0,0.0
5069,103,AW19,long sleeve,0.0377358490566037,0.0188679245283018
5425,93,AW19,long sleeve,0.0377358490566037,0.0
5460,57,AW19,kimono dress,0.0,0.0
5425,89,AW19,long sleeve,0.0,0.0188679245283018
5454,106,AW19,culottes,0.0,0.0377358490566037
5460,36,AW19,kimono dress,0.0,0.0188679245283018
5460,81,AW19,kimono dress,0.0188679245283018,0.0
5425,109,AW19,long sleeve,0.0,0.0
5425,74,AW19,long sleeve,0.0,0.0
5425,100,AW19,long sleeve,0.0,0.0
5436,64,AW19,long sleeve,0.0,0.0754716981132075
5455,80,AW19,solid color top,0.0188679245283018,0.0188679245283018
5389,115,AW19,long sleeve,0.0188679245283018,0.0
5377,83,AW19,long sleeve,0.0,0.0
5389,21,AW19,long sleeve,0.0,0.0188679245283018
5454,53,AW19,culottes,0.0188679245283018,0.0188679245283018
5455,99,AW19,solid color top,0.0,0.0377358490566037
5389,63,AW19,long sleeve,0.0,0.0377358490566037
5455,5,AW19,solid color top,0.0,0.0
5431,115,AW19,kimono dress,0.0377358490566037,0.0
5417,18,AW19,long sleeve,0.0,0.0
5417,67,AW19,long sleeve,0.0188679245283018,0.0
5455,42,AW19,solid color top,0.0,0.0188679245283018
5455,61,AW19,solid color top,0.0,0.0
5455,49,AW19,solid color top,0.0,0.0188679245283018
5459,14,AW19,culottes,0.0,0.0188679245283018
5377,86,AW19,long sleeve,0.0,0.0
5456,56,AW19,long sleeve,0.0,0.0188679245283018
5459,73,AW19,culottes,0.0566037735849056,0.0566037735849056
5436,13,AW19,long sleeve,0.0,0.0188679245283018
5377,66,AW19,long sleeve,0.0188679245283018,0.0
4969,19,AW19,long sleeve,0.0,0.0
5446,94,AW19,long sleeve,0.0,0.0188679245283018
5455,107,AW19,solid color top,0.0188679245283018,0.0
5436,89,AW19,long sleeve,0.0188679245283018,0.0566037735849056
5459,50,AW19,culottes,0.0188679245283018,0.0377358490566037
5459,22,AW19,culottes,0.0,0.0188679245283018
5459,51,AW19,culottes,0.0377358490566037,0.0566037735849056
5455,82,AW19,solid color top,0.0,0.0
5377,3,AW19,long sleeve,0.0188679245283018,0.0
4936,100,AW19,short sleeves,0.0188679245283018,0.0188679245283018
5455,47,AW19,solid color top,0.0188679245283018,0.0188679245283018
5455,22,AW19,solid color top,0.0188679245283018,0.0
5455,54,AW19,solid color top,0.0188679245283018,0.0566037735849056
5455,45,AW19,solid color top,0.0188679245283018,0.0
4891,88,AW19,trapeze dress,0.0377358490566037,0.0377358490566037
5455,76,AW19,solid color top,0.0566037735849056,0.0377358490566037
5456,19,AW19,long sleeve,0.0188679245283018,0.0
5455,51,AW19,solid color top,0.0,0.0
5455,96,AW19,solid color top,0.0377358490566037,0.0
5070,39,AW19,long coat,0.0188679245283018,0.0
5455,13,AW19,solid color top,0.0,0.0
5377,52,AW19,long sleeve,0.0,0.0
5331,21,AW19,solid color top,0.0,0.0
5331,32,AW19,solid color top,0.0188679245283018,0.0
5459,31,AW19,culottes,0.0188679245283018,0.0188679245283018
5456,12,AW19,long sleeve,0.0188679245283018,0.0188679245283018
5070,89,AW19,long coat,0.0,0.0
4936,86,AW19,short sleeves,0.0,0.0377358490566037
5455,72,AW19,solid color top,0.0,0.0377358490566037
5455,7,AW19,solid color top,0.0188679245283018,0.0
5459,20,AW19,culottes,0.0188679245283018,0.0
5455,85,AW19,solid color top,0.0,0.0
5064,89,AW19,kimono dress,0.0,0.0
5454,54,AW19,culottes,0.0188679245283018,0.0
5466,51,AW19,kimono dress,0.0,0.0
5466,22,AW19,kimono dress,0.0188679245283018,0.0
5466,93,AW19,kimono dress,0.0188679245283018,0.0
5466,50,AW19,kimono dress,0.0,0.0566037735849056
5466,13,AW19,kimono dress,0.0,0.0188679245283018
5455,43,AW19,solid color top,0.0377358490566037,0.0188679245283018
4921,105,AW19,culottes,0.0188679245283018,0.0
5047,49,AW19,long sleeve,0.0,0.0566037735849056
5417,43,AW19,long sleeve,0.0188679245283018,0.0188679245283018
5417,88,AW19,long sleeve,0.0,0.0
4966,15,AW19,long duster,0.1698113207547169,0.0377358490566037
5417,6,AW19,long sleeve,0.0,0.0188679245283018
5064,39,AW19,kimono dress,0.0,0.0188679245283018
5454,31,AW19,culottes,0.0188679245283018,0.0188679245283018
5417,51,AW19,long sleeve,0.0188679245283018,0.0
5459,64,AW19,culottes,0.0377358490566037,0.0377358490566037
5454,84,AW19,culottes,0.0,0.0
5466,1,AW19,kimono dress,0.0,0.0
5466,83,AW19,kimono dress,0.0188679245283018,0.0
5440,36,AW19,sleeveless,0.0,0.0188679245283018
5459,106,AW19,culottes,0.0188679245283018,0.0
5459,53,AW19,culottes,0.0188679245283018,0.0377358490566037
5446,30,AW19,long sleeve,0.0377358490566037,0.0188679245283018
5440,18,AW19,sleeveless,0.0,0.0
5436,77,AW19,long sleeve,0.0377358490566037,0.0377358490566037
5459,40,AW19,culottes,0.0377358490566037,0.0188679245283018
5064,29,AW19,kimono dress,0.0,0.0
5355,33,AW19,long sleeve,0.0,0.0
5355,65,AW19,long sleeve,0.0,0.0188679245283018
5436,83,AW19,long sleeve,0.0188679245283018,0.0188679245283018
5463,30,AW19,sheath dress,0.0,0.0
5466,36,AW19,kimono dress,0.0,0.0
4965,19,AW19,long duster,0.0377358490566037,0.0188679245283018
5466,40,AW19,kimono dress,0.0,0.0188679245283018
5459,30,AW19,culottes,0.0,0.0943396226415094
5064,35,AW19,kimono dress,0.0,0.0
5459,21,AW19,culottes,0.0566037735849056,0.0188679245283018
5455,66,AW19,solid color top,0.0,0.0
5460,12,AW19,kimono dress,0.0,0.0
5460,62,AW19,kimono dress,0.0,0.0
5371,104,AW19,long sleeve,0.0,0.0188679245283018
5369,65,AW19,medium cardigan,0.0,0.0188679245283018
4771,42,AW19,medium coat,0.0754716981132075,0.0188679245283018
5369,68,AW19,medium cardigan,0.0,0.0
4771,13,AW19,medium coat,0.0188679245283018,0.0566037735849056
4771,28,AW19,medium coat,0.0188679245283018,0.0188679245283018
5455,75,AW19,solid color top,0.0754716981132075,0.0
5386,36,AW19,long sleeve,0.0,0.0
5386,81,AW19,long sleeve,0.0,0.0188679245283018
5386,53,AW19,long sleeve,0.0,0.0
4771,73,AW19,medium coat,0.1132075471698113,0.0
5436,7,AW19,long sleeve,0.0188679245283018,0.0188679245283018
4990,110,AW19,long sleeve,0.0377358490566037,0.0
5386,47,AW19,long sleeve,0.0,0.0
5386,68,AW19,long sleeve,0.0,0.0
5463,1,AW19,sheath dress,0.0188679245283018,0.0188679245283018
4771,75,AW19,medium coat,0.0377358490566037,0.0566037735849056
5371,21,AW19,long sleeve,0.0188679245283018,0.0
5455,105,AW19,solid color top,0.0,0.0188679245283018
5371,67,AW19,long sleeve,0.0,0.0188679245283018
4805,30,AW19,short sleeves,0.0188679245283018,0.0188679245283018
5368,115,AW19,long sleeve,0.0188679245283018,0.0188679245283018
5354,35,AW19,long sleeve,0.0188679245283018,0.0188679245283018
5394,4,AW19,maxi,0.0188679245283018,0.0377358490566037
5394,8,AW19,maxi,0.0,0.0377358490566037
5354,18,AW19,long sleeve,0.0,0.0377358490566037
5361,105,AW19,long sleeve,0.0,0.0
5386,64,AW19,long sleeve,0.0188679245283018,0.0
5386,115,AW19,long sleeve,0.0188679245283018,0.0
5386,21,AW19,long sleeve,0.0,0.0
5361,115,AW19,long sleeve,0.0,0.0377358490566037
5371,96,AW19,long sleeve,0.0,0.0377358490566037
4762,88,AW19,medium coat,0.0377358490566037,0.0188679245283018
5371,10,AW19,long sleeve,0.0,0.0
5371,39,AW19,long sleeve,0.0377358490566037,0.0
4762,30,AW19,medium coat,0.0,0.0
4771,64,AW19,medium coat,0.0566037735849056,0.0188679245283018
5025,69,AW19,long sleeve,0.0188679245283018,0.0754716981132075
5371,22,AW19,long sleeve,0.0,0.0
5394,35,AW19,maxi,0.0,0.0
4763,57,AW19,medium coat,0.0,0.0
5386,76,AW19,long sleeve,0.0188679245283018,0.0
5418,12,AW19,short cardigan,0.0377358490566037,0.0188679245283018
5334,38,AW19,long sleeve,0.0,0.0
5348,50,AW19,culottes,0.0,0.0188679245283018
5418,19,AW19,short cardigan,0.0,0.0
5418,80,AW19,short cardigan,0.0,0.0
5334,117,AW19,long sleeve,0.0377358490566037,0.0188679245283018
5334,16,AW19,long sleeve,0.0,0.0
5455,19,AW19,solid color top,0.0188679245283018,0.0
5334,3,AW19,long sleeve,0.0,0.0188679245283018
5334,14,AW19,long sleeve,0.0,0.0188679245283018
5418,107,AW19,short cardigan,0.0188679245283018,0.0
5334,75,AW19,long sleeve,0.0188679245283018,0.0377358490566037
5334,19,AW19,long sleeve,0.0,0.0
5334,31,AW19,long sleeve,0.0188679245283018,0.0
5429,64,AW19,patterned top,0.0,0.0188679245283018
5334,96,AW19,long sleeve,0.0,0.0
5418,40,AW19,short cardigan,0.0377358490566037,0.0377358490566037
5334,53,AW19,long sleeve,0.0,0.0
5468,103,AW19,culottes,0.0188679245283018,0.0
5334,40,AW19,long sleeve,0.0,0.0754716981132075
5334,18,AW19,long sleeve,0.0377358490566037,0.0566037735849056
4763,74,AW19,medium coat,0.0,0.0566037735849056
5386,45,AW19,long sleeve,0.0,0.0
5455,40,AW19,solid color top,0.0188679245283018,0.0754716981132075
5463,121,AW19,sheath dress,0.0,0.0
4990,107,AW19,long sleeve,0.0188679245283018,0.0
5380,85,AW19,long sleeve,0.0188679245283018,0.0188679245283018
5455,9,AW19,solid color top,0.0,0.0188679245283018
5059,14,AW19,kimono dress,0.0377358490566037,0.0
4947,105,AW19,culottes,0.0,0.0188679245283018
5342,33,AW19,short cardigan,0.0,0.0
5386,9,AW19,long sleeve,0.0,0.0377358490566037
5334,104,AW19,long sleeve,0.0188679245283018,0.0
5334,125,AW19,long sleeve,0.0,0.0
5334,100,AW19,long sleeve,0.0188679245283018,0.0
4810,105,AW19,trapeze dress,0.0,0.0188679245283018
5334,103,AW19,long sleeve,0.0,0.0
5368,54,AW19,long sleeve,0.0,0.0188679245283018
5334,69,AW19,long sleeve,0.0,0.0188679245283018
5394,74,AW19,maxi,0.0,0.0
4779,79,AW19,medium coat,0.0377358490566037,0.0566037735849056
5394,121,AW19,maxi,0.0377358490566037,0.0
4820,30,AW19,short sleeves,0.0566037735849056,0.0
4820,18,AW19,short sleeves,0.0,0.0
5018,109,AW19,long sleeve,0.0188679245283018,0.0
5432,80,AW19,kimono dress,0.0,0.0
4778,67,AW19,medium coat,0.0,0.0188679245283018
4981,0,AW19,doll dress,0.0188679245283018,0.0188679245283018
4981,68,AW19,doll dress,0.0188679245283018,0.0188679245283018
5018,13,AW19,long sleeve,0.0188679245283018,0.0
4981,117,AW19,doll dress,0.0,0.0188679245283018
4987,83,AW19,long dress,0.0188679245283018,0.0
4778,121,AW19,medium coat,0.0,0.0
5468,51,AW19,culottes,0.0377358490566037,0.0188679245283018
5389,45,AW19,long sleeve,0.0377358490566037,0.0
5059,89,AW19,kimono dress,0.0,0.0
5069,41,AW19,long sleeve,0.0566037735849056,0.0
4778,20,AW19,medium coat,0.0,0.0
5368,75,AW19,long sleeve,0.0,0.0188679245283018
5432,106,AW19,kimono dress,0.0188679245283018,0.0
5432,69,AW19,kimono dress,0.0,0.0
5431,88,AW19,kimono dress,0.0,0.0
5368,33,AW19,long sleeve,0.0,0.0
5377,81,AW19,long sleeve,0.0,0.0
5431,21,AW19,kimono dress,0.0188679245283018,0.0
5389,72,AW19,long sleeve,0.0188679245283018,0.0188679245283018
5431,40,AW19,kimono dress,0.0,0.0
5463,86,AW19,sheath dress,0.0,0.0
5431,83,AW19,kimono dress,0.0,0.0
5377,63,AW19,long sleeve,0.0188679245283018,0.0
5368,21,AW19,long sleeve,0.0188679245283018,0.0
5354,85,AW19,long sleeve,0.0,0.0
5460,96,AW19,kimono dress,0.0,0.0
5389,47,AW19,long sleeve,0.0,0.0566037735849056
5468,49,AW19,culottes,0.0188679245283018,0.0
5368,107,AW19,long sleeve,0.0188679245283018,0.0
5431,51,AW19,kimono dress,0.0566037735849056,0.0
5431,89,AW19,kimono dress,0.0,0.0
5431,56,AW19,kimono dress,0.0377358490566037,0.0
5368,82,AW19,long sleeve,0.0,0.0
5463,80,AW19,sheath dress,0.0188679245283018,0.0377358490566037
5389,42,AW19,long sleeve,0.0188679245283018,0.0
5463,99,AW19,sheath dress,0.0377358490566037,0.0188679245283018
4778,5,AW19,medium coat,0.0,0.0
5368,31,AW19,long sleeve,0.0,0.0377358490566037
5389,65,AW19,long sleeve,0.0188679245283018,0.0188679245283018
5394,31,AW19,maxi,0.0188679245283018,0.0
5455,48,AW19,solid color top,0.0,0.0188679245283018
5394,105,AW19,maxi,0.0,0.0
5389,15,AW19,long sleeve,0.0,0.0754716981132075
5389,7,AW19,long sleeve,0.0,0.0
5394,86,AW19,maxi,0.0,0.0
5389,49,AW19,long sleeve,0.0,0.0188679245283018
5394,39,AW19,maxi,0.0,0.0188679245283018
5394,3,AW19,maxi,0.0566037735849056,0.0188679245283018
5389,62,AW19,long sleeve,0.0,0.0
5394,33,AW19,maxi,0.0,0.0
5389,30,AW19,long sleeve,0.0377358490566037,0.0
5394,77,AW19,maxi,0.0,0.0
5059,80,AW19,kimono dress,0.0377358490566037,0.0188679245283018
5394,68,AW19,maxi,0.0188679245283018,0.0
5386,41,AW19,long sleeve,0.0188679245283018,0.0
4928,19,AW19,medium coat,0.0188679245283018,0.0
5389,75,AW19,long sleeve,0.0,0.0
5389,19,AW19,long sleeve,0.0,0.0
5389,48,AW19,long sleeve,0.0377358490566037,0.0188679245283018
5389,16,AW19,long sleeve,0.0,0.0
5455,53,AW19,solid color top,0.0188679245283018,0.0
5378,14,AW19,long sleeve,0.0188679245283018,0.0
5389,99,AW19,long sleeve,0.0,0.0
5463,13,AW19,sheath dress,0.0,0.0
4911,19,AW19,medium coat,0.0,0.0377358490566037
5394,96,AW19,maxi,0.0,0.0188679245283018
5378,1,AW19,long sleeve,0.0,0.0188679245283018
5455,14,AW19,solid color top,0.0188679245283018,0.0377358490566037
4779,74,AW19,medium coat,0.0188679245283018,0.0188679245283018
5354,43,AW19,long sleeve,0.0,0.0
5463,22,AW19,sheath dress,0.0,0.0
4911,31,AW19,medium coat,0.0188679245283018,0.0188679245283018
5459,12,AW19,culottes,0.0,0.0188679245283018
5473,36,AW19,culottes,0.0,0.0377358490566037
5503,96,AW19,long sleeve,0.0,0.0
4939,105,AW19,culottes,0.0,0.0
5382,94,AW19,long sleeve,0.0,0.0188679245283018
5382,31,AW19,long sleeve,0.0,0.0
5393,43,AW19,kimono dress,0.0,0.0
5382,105,AW19,long sleeve,0.0188679245283018,0.0
5528,8,AW19,long sleeve,0.0377358490566037,0.0943396226415094
5503,20,AW19,long sleeve,0.0,0.0
5382,49,AW19,long sleeve,0.0,0.0
5063,3,AW19,kimono dress,0.0377358490566037,0.0188679245283018
5475,54,AW19,culottes,0.0,0.0
5478,41,AW19,short cardigan,0.0,0.0
5472,115,AW19,long sleeve,0.0,0.0
5475,30,AW19,culottes,0.0188679245283018,0.0188679245283018
5422,2,AW19,long sleeve,0.0,0.0
5455,84,AW19,solid color top,0.0188679245283018,0.0
5503,8,AW19,long sleeve,0.0,0.0
5455,94,AW19,solid color top,0.0,0.0188679245283018
5486,12,AW19,long sleeve,0.0188679245283018,0.0
5422,31,AW19,long sleeve,0.0188679245283018,0.0
5422,75,AW19,long sleeve,0.0188679245283018,0.0188679245283018
5473,18,AW19,culottes,0.0,0.0
5422,14,AW19,long sleeve,0.0,0.0188679245283018
5422,3,AW19,long sleeve,0.0,0.0188679245283018
5422,99,AW19,long sleeve,0.0188679245283018,0.0188679245283018
5486,31,AW19,long sleeve,0.0,0.0377358490566037
5422,16,AW19,long sleeve,0.0188679245283018,0.0
5022,125,AW19,long cardigan,0.0,0.0188679245283018
5422,77,AW19,long sleeve,0.0,0.0188679245283018
4947,74,AW19,culottes,0.0,0.0
5473,115,AW19,culottes,0.0188679245283018,0.0
5422,107,AW19,long sleeve,0.0,0.0
5422,36,AW19,long sleeve,0.0188679245283018,0.0188679245283018
5486,105,AW19,long sleeve,0.0,0.0188679245283018
5486,19,AW19,long sleeve,0.0,0.0
5503,1,AW19,long sleeve,0.0377358490566037,0.0943396226415094
5528,18,AW19,long sleeve,0.0188679245283018,0.0188679245283018
5473,51,AW19,culottes,0.0,0.0188679245283018
5528,106,AW19,long sleeve,0.0188679245283018,0.0188679245283018
5393,109,AW19,kimono dress,0.0377358490566037,0.0
5487,12,AW19,long sleeve,0.0,0.0
5477,19,AW19,long sleeve,0.0377358490566037,0.0188679245283018
5487,96,AW19,long sleeve,0.0,0.0377358490566037
5473,43,AW19,culottes,0.0,0.0754716981132075
5516,36,AW19,long sleeve,0.0,0.0566037735849056
5516,63,AW19,long sleeve,0.0,0.0
5477,29,AW19,long sleeve,0.0188679245283018,0.0188679245283018
5516,57,AW19,long sleeve,0.0,0.0
5512,31,AW19,long sleeve,0.0188679245283018,0.0188679245283018
5473,31,AW19,culottes,0.0188679245283018,0.0
5516,104,AW19,long sleeve,0.0,0.0
5487,39,AW19,long sleeve,0.0,0.0
5412,13,AW19,long sleeve,0.0,0.0
5486,18,AW19,long sleeve,0.0,0.0
5516,29,AW19,long sleeve,0.0,0.0188679245283018
5396,103,AW19,long sleeve,0.0,0.0
5512,80,AW19,long sleeve,0.0,0.0188679245283018
5020,19,AW19,trapeze dress,0.0188679245283018,0.0
5435,15,AW19,kimono dress,0.0,0.0
5020,79,AW19,trapeze dress,0.0,0.0
5396,20,AW19,long sleeve,0.0,0.0
5512,40,AW19,long sleeve,0.0,0.0188679245283018
5512,46,AW19,long sleeve,0.0377358490566037,0.0188679245283018
5476,105,AW19,solid color top,0.0,0.0188679245283018
5473,12,AW19,culottes,0.0,0.0
5512,14,AW19,long sleeve,0.0566037735849056,0.0
5487,93,AW19,long sleeve,0.0,0.0
4908,23,AW19,solid color top,0.0377358490566037,0.0
5473,68,AW19,culottes,0.0,0.0
5486,115,AW19,long sleeve,0.0377358490566037,0.0
5486,41,AW19,long sleeve,0.0188679245283018,0.0
5507,7,AW19,long sleeve,0.0188679245283018,0.1320754716981132
5435,103,AW19,kimono dress,0.0,0.0377358490566037
5516,2,AW19,long sleeve,0.0,0.0188679245283018
5486,8,AW19,long sleeve,0.0,0.0
5435,67,AW19,kimono dress,0.0,0.0
5507,19,AW19,long sleeve,0.0566037735849056,0.0
5516,10,AW19,long sleeve,0.0,0.0
5516,65,AW19,long sleeve,0.0,0.0
5507,80,AW19,long sleeve,0.0,0.0
5507,73,AW19,long sleeve,0.0566037735849056,0.0
5507,3,AW19,long sleeve,0.0188679245283018,0.0188679245283018
5487,100,AW19,long sleeve,0.0,0.0188679245283018
5487,36,AW19,long sleeve,0.0,0.0
5507,5,AW19,long sleeve,0.0188679245283018,0.0188679245283018
5507,56,AW19,long sleeve,0.0188679245283018,0.0188679245283018
5473,56,AW19,culottes,0.0377358490566037,0.0188679245283018
5507,76,AW19,long sleeve,0.0,0.0566037735849056
5507,35,AW19,long sleeve,0.0188679245283018,0.0188679245283018
5507,36,AW19,long sleeve,0.0,0.0943396226415094
5507,46,AW19,long sleeve,0.0,0.0377358490566037
5487,35,AW19,long sleeve,0.0,0.0
5487,32,AW19,long sleeve,0.0188679245283018,0.0
5507,18,AW19,long sleeve,0.0,0.0
5487,82,AW19,long sleeve,0.0,0.0
4908,109,AW19,solid color top,0.0,0.0
5396,43,AW19,long sleeve,0.0,0.0
5486,93,AW19,long sleeve,0.0188679245283018,0.0
5512,21,AW19,long sleeve,0.0188679245283018,0.0188679245283018
5476,14,AW19,solid color top,0.0,0.0
5430,27,AW19,kimono dress,0.0,0.0188679245283018
5020,64,AW19,trapeze dress,0.0,0.0188679245283018
5476,46,AW19,solid color top,0.0,0.0
5528,30,AW19,long sleeve,0.0188679245283018,0.0188679245283018
4891,44,AW19,trapeze dress,0.0,0.0
5528,12,AW19,long sleeve,0.0188679245283018,0.0188679245283018
5476,29,AW19,solid color top,0.0,0.0
5050,79,AW19,solid color top,0.0,0.0
5528,19,AW19,long sleeve,0.0,0.0
5050,93,AW19,solid color top,0.0,0.0188679245283018
5050,45,AW19,solid color top,0.0,0.0
4891,62,AW19,trapeze dress,0.0,0.0
5476,35,AW19,solid color top,0.0,0.0
5452,99,AW19,long coat,0.0188679245283018,0.0
5528,73,AW19,long sleeve,0.0,0.0754716981132075
5401,57,AW19,kimono dress,0.0188679245283018,0.0
5382,90,AW19,long sleeve,0.0,0.0
5382,36,AW19,long sleeve,0.0,0.0
5382,53,AW19,long sleeve,0.0,0.0
5473,69,AW19,culottes,0.0,0.0
5430,28,AW19,kimono dress,0.0,0.0
5528,93,AW19,long sleeve,0.0,0.0377358490566037
5528,76,AW19,long sleeve,0.0188679245283018,0.0377358490566037
5455,2,AW19,solid color top,0.0188679245283018,0.0
5528,1,AW19,long sleeve,0.0,0.0377358490566037
5455,12,AW19,solid color top,0.0188679245283018,0.0
5382,4,AW19,long sleeve,0.0,0.0
5476,47,AW19,solid color top,0.0,0.0
5430,74,AW19,kimono dress,0.0,0.0
5486,20,AW19,long sleeve,0.0,0.0188679245283018
5486,46,AW19,long sleeve,0.0,0.0
5393,90,AW19,kimono dress,0.0,0.0
5476,86,AW19,solid color top,0.0,0.0
5473,47,AW19,culottes,0.0,0.0377358490566037
5513,31,AW19,sleeveless,0.0,0.0566037735849056
5020,20,AW19,trapeze dress,0.0188679245283018,0.0377358490566037
5513,66,AW19,sleeveless,0.0188679245283018,0.0188679245283018
5486,36,AW19,long sleeve,0.0,0.0188679245283018
5476,80,AW19,solid color top,0.0,0.0
5473,82,AW19,culottes,0.0,0.0
5358,29,AW19,long sleeve,0.0,0.0
5393,4,AW19,kimono dress,0.0,0.0188679245283018
5513,43,AW19,sleeveless,0.0188679245283018,0.0377358490566037
5513,80,AW19,sleeveless,0.0754716981132075,0.0566037735849056
5358,21,AW19,long sleeve,0.0,0.0
5476,5,AW19,solid color top,0.0,0.0
5513,16,AW19,sleeveless,0.0188679245283018,0.0188679245283018
5358,67,AW19,long sleeve,0.0377358490566037,0.0188679245283018
5358,85,AW19,long sleeve,0.0566037735849056,0.0188679245283018
5513,22,AW19,sleeveless,0.0,0.0377358490566037
4908,14,AW19,solid color top,0.0188679245283018,0.0188679245283018
5476,13,AW19,solid color top,0.0,0.0
5476,76,AW19,solid color top,0.0,0.0
5476,51,AW19,solid color top,0.0,0.0
5513,82,AW19,sleeveless,0.0,0.0
5513,83,AW19,sleeveless,0.0,0.0188679245283018
5513,26,AW19,sleeveless,0.0188679245283018,0.0
5020,22,AW19,trapeze dress,0.0,0.0
5512,89,AW19,long sleeve,0.0,0.0377358490566037
5463,20,AW19,sheath dress,0.0,0.0188679245283018
5472,100,AW19,long sleeve,0.0,0.0
5470,94,AW19,medium coat,0.0188679245283018,0.0
5470,19,AW19,medium coat,0.0,0.0188679245283018
5470,75,AW19,medium coat,0.0,0.0
5470,88,AW19,medium coat,0.0,0.0
5470,80,AW19,medium coat,0.0,0.0188679245283018
5470,77,AW19,medium coat,0.0,0.0
5470,47,AW19,medium coat,0.0,0.0
5470,35,AW19,medium coat,0.0,0.0188679245283018
5470,26,AW19,medium coat,0.0,0.0
5470,18,AW19,medium coat,0.0,0.0
5460,53,AW19,kimono dress,0.0,0.0
5470,8,AW19,medium coat,0.0188679245283018,0.0188679245283018
5484,18,AW19,long sleeve,0.0,0.0
5484,46,AW19,long sleeve,0.0,0.0
5484,36,AW19,long sleeve,0.0,0.0
5484,35,AW19,long sleeve,0.0,0.0
5484,76,AW19,long sleeve,0.0,0.0
5460,13,AW19,kimono dress,0.0,0.0
4760,69,AW19,long cardigan,0.0188679245283018,0.0377358490566037
5484,60,AW19,long sleeve,0.0,0.0188679245283018
4760,57,AW19,long cardigan,0.0,0.0566037735849056
5484,31,AW19,long sleeve,0.0,0.0
5484,30,AW19,long sleeve,0.0,0.0
5470,65,AW19,medium coat,0.0,0.0
5368,57,AW19,long sleeve,0.0188679245283018,0.0188679245283018
5470,7,AW19,medium coat,0.0,0.0
5466,30,AW19,kimono dress,0.0,0.0188679245283018
5509,30,AW19,medium coat,0.0377358490566037,0.0
5509,54,AW19,medium coat,0.0,0.0
5509,12,AW19,medium coat,0.0,0.0
5509,10,AW19,medium coat,0.0,0.0
5466,3,AW19,kimono dress,0.0188679245283018,0.0
5509,65,AW19,medium coat,0.0188679245283018,0.0
5509,75,AW19,medium coat,0.0,0.0
5509,14,AW19,medium coat,0.0,0.0
5509,86,AW19,medium coat,0.0188679245283018,0.0
5509,80,AW19,medium coat,0.0,0.0188679245283018
5509,5,AW19,medium coat,0.0,0.0
5509,28,AW19,medium coat,0.0566037735849056,0.0188679245283018
5466,43,AW19,kimono dress,0.0,0.0188679245283018
5509,22,AW19,medium coat,0.0188679245283018,0.0188679245283018
5509,89,AW19,medium coat,0.0,0.0188679245283018
5509,51,AW19,medium coat,0.0188679245283018,0.0
5509,38,AW19,medium coat,0.0,0.0188679245283018
5509,106,AW19,medium coat,0.0,0.0
5509,107,AW19,medium coat,0.0188679245283018,0.0
5509,72,AW19,medium coat,0.0,0.0
5509,46,AW19,medium coat,0.0,0.0
5074,74,AW19,long sleeve,0.0,0.0
5509,41,AW19,medium coat,0.0188679245283018,0.0
5470,10,AW19,medium coat,0.0,0.0
5065,80,AW19,long coat,0.0,0.0754716981132075
5065,13,AW19,long coat,0.0188679245283018,0.0
5368,46,AW19,long sleeve,0.0,0.0
5488,3,AW19,long sleeve,0.0,0.0188679245283018
5361,26,AW19,long sleeve,0.0188679245283018,0.0
5488,6,AW19,long sleeve,0.0188679245283018,0.0
5488,80,AW19,long sleeve,0.0,0.0188679245283018
5488,39,AW19,long sleeve,0.0,0.0
5488,43,AW19,long sleeve,0.0,0.0
5488,75,AW19,long sleeve,0.0,0.0
5488,19,AW19,long sleeve,0.0,0.0
5488,105,AW19,long sleeve,0.0,0.0
5356,22,AW19,long sleeve,0.0188679245283018,0.0
5488,65,AW19,long sleeve,0.0,0.0188679245283018
5488,15,AW19,long sleeve,0.0,0.0
5356,64,AW19,long sleeve,0.0,0.0
5488,10,AW19,long sleeve,0.0188679245283018,0.0
5380,39,AW19,long sleeve,0.0377358490566037,0.0188679245283018
5488,12,AW19,long sleeve,0.0,0.0
5380,99,AW19,long sleeve,0.0377358490566037,0.0188679245283018
5489,29,AW19,long sleeve,0.0188679245283018,0.0
5488,2,AW19,long sleeve,0.0188679245283018,0.0
5489,18,AW19,long sleeve,0.0,0.0
5489,46,AW19,long sleeve,0.0,0.0
5489,40,AW19,long sleeve,0.0,0.0188679245283018
5489,22,AW19,long sleeve,0.0188679245283018,0.0
5361,43,AW19,long sleeve,0.0,0.0
4721,61,AW19,long sleeve,0.0188679245283018,0.0188679245283018
5488,5,AW19,long sleeve,0.0,0.0377358490566037
5488,56,AW19,long sleeve,0.0,0.0188679245283018
5488,115,AW19,long sleeve,0.0,0.0
5488,57,AW19,long sleeve,0.0,0.0
5368,56,AW19,long sleeve,0.0188679245283018,0.0188679245283018
5074,10,AW19,long sleeve,0.0754716981132075,0.0377358490566037
5368,43,AW19,long sleeve,0.0,0.0
5071,88,AW19,long coat,0.0754716981132075,0.0
5475,1,AW19,culottes,0.0,0.0188679245283018
5071,13,AW19,long coat,0.0,0.0
5368,91,AW19,long sleeve,0.0188679245283018,0.0
5378,15,AW19,long sleeve,0.0188679245283018,0.0
5075,18,AW19,long sleeve,0.0188679245283018,0.0754716981132075
5074,64,AW19,long sleeve,0.0,0.0188679245283018
5488,72,AW19,long sleeve,0.0,0.0
5475,51,AW19,culottes,0.1132075471698113,0.0943396226415094
5354,19,AW19,long sleeve,0.0,0.0
5488,1,AW19,long sleeve,0.0377358490566037,0.0
5453,80,AW19,miniskirt,0.0,0.0377358490566037
5453,68,AW19,miniskirt,0.0,0.0188679245283018
5453,1,AW19,miniskirt,0.0188679245283018,0.0
5354,3,AW19,long sleeve,0.0377358490566037,0.0
5453,29,AW19,miniskirt,0.0,0.0
5475,22,AW19,culottes,0.0,0.0
5488,13,AW19,long sleeve,0.0,0.0188679245283018
5488,16,AW19,long sleeve,0.0,0.0
5378,16,AW19,long sleeve,0.0188679245283018,0.0188679245283018
5418,1,AW19,short cardigan,0.0,0.0
4559,51,AW19,culottes,0.0,0.0188679245283018
5508,66,AW19,long sleeve,0.0188679245283018,0.0
5479,83,AW19,long sleeve,0.0,0.0
5475,46,AW19,culottes,0.0,0.0
5479,42,AW19,long sleeve,0.0,0.0
5479,56,AW19,long sleeve,0.0,0.0
5479,88,AW19,long sleeve,0.0,0.0
5479,105,AW19,long sleeve,0.0,0.0
5479,31,AW19,long sleeve,0.0,0.0
5079,42,AW19,kimono dress,0.0188679245283018,0.0188679245283018
5395,88,AW19,doll dress,0.0,0.0188679245283018
5479,2,AW19,long sleeve,0.0,0.0
5479,30,AW19,long sleeve,0.0,0.0
5479,96,AW19,long sleeve,0.0,0.0
5413,13,AW19,long sleeve,0.0,0.0
5518,41,AW19,long sleeve,0.0,0.0
5514,53,AW19,long sleeve,0.0,0.0188679245283018
5514,121,AW19,long sleeve,0.0377358490566037,0.0
5514,83,AW19,long sleeve,0.0,0.0
5518,29,AW19,long sleeve,0.0,0.0188679245283018
5514,47,AW19,long sleeve,0.0,0.0
5518,104,AW19,long sleeve,0.0,0.0377358490566037
5518,95,AW19,long sleeve,0.0,0.0188679245283018
5518,18,AW19,long sleeve,0.0,0.0
5475,69,AW19,culottes,0.0,0.0188679245283018
5475,18,AW19,culottes,0.0188679245283018,0.0188679245283018
5518,36,AW19,long sleeve,0.0,0.0
5032,93,AW19,long duster,0.0188679245283018,0.0188679245283018
5479,26,AW19,long sleeve,0.0,0.0
5427,125,AW19,medium cardigan,0.0188679245283018,0.0
5400,12,AW19,medium cardigan,0.0377358490566037,0.0
4724,101,AW19,long coat,0.0,0.0188679245283018
5526,19,AW19,short cardigan,0.0,0.0188679245283018
5411,69,AW19,culottes,0.0188679245283018,0.0377358490566037
5025,2,AW19,long sleeve,0.0,0.0
5526,30,AW19,short cardigan,0.0,0.0
5400,29,AW19,medium cardigan,0.0,0.0
5514,46,AW19,long sleeve,0.0,0.0188679245283018
5526,80,AW19,short cardigan,0.0,0.0754716981132075
5427,51,AW19,medium cardigan,0.0,0.0
5399,16,AW19,long sleeve,0.0,0.0754716981132075
5395,117,AW19,doll dress,0.0,0.0
5079,84,AW19,kimono dress,0.0,0.0188679245283018
5079,19,AW19,kimono dress,0.0,0.0
5079,75,AW19,kimono dress,0.0,0.0
5079,60,AW19,kimono dress,0.0,0.0188679245283018
5526,16,AW19,short cardigan,0.0,0.0
5526,13,AW19,short cardigan,0.0,0.0566037735849056
5526,22,AW19,short cardigan,0.0,0.0188679245283018
5479,104,AW19,long sleeve,0.0,0.0
5479,57,AW19,long sleeve,0.0,0.0188679245283018
5479,8,AW19,long sleeve,0.0,0.0
5032,30,AW19,long duster,0.0,0.0566037735849056
5079,21,AW19,kimono dress,0.0,0.0
5518,69,AW19,long sleeve,0.0,0.0
5475,40,AW19,culottes,0.0,0.0566037735849056
5514,105,AW19,long sleeve,0.0,0.0
5518,14,AW19,long sleeve,0.0,0.0
5518,84,AW19,long sleeve,0.0,0.0
5514,10,AW19,long sleeve,0.0,0.0
5518,65,AW19,long sleeve,0.0,0.0
5514,12,AW19,long sleeve,0.0,0.0
5518,31,AW19,long sleeve,0.0,0.0
5514,30,AW19,long sleeve,0.0188679245283018,0.0
5475,42,AW19,culottes,0.0188679245283018,0.0188679245283018
5508,41,AW19,long sleeve,0.0,0.0
5508,115,AW19,long sleeve,0.0188679245283018,0.0
5475,20,AW19,culottes,0.0,0.0
4984,102,AW19,long sleeve,0.0,0.0
5508,106,AW19,long sleeve,0.0,0.0
5508,47,AW19,long sleeve,0.0,0.0188679245283018
5518,30,AW19,long sleeve,0.0,0.0
5508,76,AW19,long sleeve,0.0188679245283018,0.0
5466,21,AW19,kimono dress,0.0377358490566037,0.0
5466,69,AW19,kimono dress,0.0,0.0188679245283018
5508,56,AW19,long sleeve,0.0,0.0
5466,121,AW19,kimono dress,0.0,0.0
5058,39,AW19,long sleeve,0.0377358490566037,0.0188679245283018
5508,84,AW19,long sleeve,0.0,0.0
5518,79,AW19,long sleeve,0.0,0.0
5080,107,AW19,kimono dress,0.0,0.0188679245283018
5514,75,AW19,long sleeve,0.0,0.0
5518,86,AW19,long sleeve,0.0,0.0188679245283018
5518,72,AW19,long sleeve,0.0,0.0188679245283018
5518,107,AW19,long sleeve,0.0188679245283018,0.0
5518,20,AW19,long sleeve,0.0,0.0188679245283018
5518,1,AW19,long sleeve,0.0,0.0
5518,77,AW19,long sleeve,0.0,0.0188679245283018
5518,89,AW19,long sleeve,0.0,0.0
5518,24,AW19,long sleeve,0.0,0.0
5388,0,AW19,long sleeve,0.0188679245283018,0.0188679245283018
5388,18,AW19,long sleeve,0.0,0.0
5518,52,AW19,long sleeve,0.0188679245283018,0.0188679245283018
5518,56,AW19,long sleeve,0.0,0.0377358490566037
5484,21,AW19,long sleeve,0.0,0.0
5518,28,AW19,long sleeve,0.0,0.0
5518,9,AW19,long sleeve,0.0,0.0188679245283018
5080,88,AW19,kimono dress,0.0,0.0188679245283018
5518,73,AW19,long sleeve,0.0,0.0
4955,20,AW19,long duster,0.0,0.0188679245283018
5518,80,AW19,long sleeve,0.0,0.0
5388,20,AW19,long sleeve,0.0,0.0
5514,13,AW19,long sleeve,0.0,0.0
5514,56,AW19,long sleeve,0.0,0.0
5475,106,AW19,culottes,0.0,0.0188679245283018
5518,39,AW19,long sleeve,0.0,0.0188679245283018
5475,27,AW19,culottes,0.0,0.0188679245283018
5518,99,AW19,long sleeve,0.0,0.0
5418,83,AW19,short cardigan,0.0188679245283018,0.0
5418,69,AW19,short cardigan,0.0,0.0
5418,8,AW19,short cardigan,0.0,0.0
5506,5,AW19,long sleeve,0.0,0.0
5506,93,AW19,long sleeve,0.0,0.0188679245283018
5506,1,AW19,long sleeve,0.0,0.0
5506,47,AW19,long sleeve,0.0,0.0
5506,38,AW19,long sleeve,0.0,0.0188679245283018
5506,106,AW19,long sleeve,0.0,0.0188679245283018
5457,56,AW19,long duster,0.0,0.0
5506,83,AW19,long sleeve,0.0,0.0
5506,72,AW19,long sleeve,0.0,0.0188679245283018
5457,5,AW19,long duster,0.0,0.0188679245283018
5506,40,AW19,long sleeve,0.0,0.0188679245283018
5506,69,AW19,long sleeve,0.0188679245283018,0.0
5506,35,AW19,long sleeve,0.0,0.0
5472,12,AW19,long sleeve,0.0,0.0
5506,4,AW19,long sleeve,0.0,0.0188679245283018
5506,41,AW19,long sleeve,0.0,0.0188679245283018
5496,80,AW19,long sleeve,0.0,0.0
5496,9,AW19,long sleeve,0.0,0.0
5496,76,AW19,long sleeve,0.0,0.0
5496,38,AW19,long sleeve,0.0,0.0
5496,107,AW19,long sleeve,0.0,0.0188679245283018
5496,32,AW19,long sleeve,0.0,0.0
5472,49,AW19,long sleeve,0.0,0.0
5506,80,AW19,long sleeve,0.0,0.0377358490566037
5491,30,AW19,short cardigan,0.0,0.0
5506,39,AW19,long sleeve,0.0,0.0
5506,14,AW19,long sleeve,0.0188679245283018,0.0188679245283018
5375,9,AW19,long sleeve,0.0,0.0
5375,5,AW19,long sleeve,0.0,0.0
5472,30,AW19,long sleeve,0.0,0.0
5375,52,AW19,long sleeve,0.0,0.0
5375,76,AW19,long sleeve,0.0,0.0
5375,89,AW19,long sleeve,0.0,0.0
5375,83,AW19,long sleeve,0.0,0.0
5375,72,AW19,long sleeve,0.0,0.0
5375,85,AW19,long sleeve,0.0188679245283018,0.0
5375,69,AW19,long sleeve,0.0,0.0
5475,19,AW19,culottes,0.0,0.0
5440,117,AW19,sleeveless,0.0,0.0
5375,115,AW19,long sleeve,0.0,0.0
5375,29,AW19,long sleeve,0.0,0.0
5375,64,AW19,long sleeve,0.0,0.0
5506,96,AW19,long sleeve,0.0,0.0
5506,7,AW19,long sleeve,0.0,0.0
5506,15,AW19,long sleeve,0.0,0.0
5506,31,AW19,long sleeve,0.0,0.0
5506,65,AW19,long sleeve,0.0,0.0
5506,105,AW19,long sleeve,0.0,0.0188679245283018
5506,19,AW19,long sleeve,0.0,0.0
5457,16,AW19,long duster,0.0,0.0
5506,43,AW19,long sleeve,0.0,0.0
5440,68,AW19,sleeveless,0.0,0.0188679245283018
5457,86,AW19,long duster,0.0,0.0
5457,14,AW19,long duster,0.0,0.0
5491,72,AW19,short cardigan,0.0,0.0
5491,85,AW19,short cardigan,0.0,0.0
5472,1,AW19,long sleeve,0.0,0.0
5472,20,AW19,long sleeve,0.0,0.0
5472,42,AW19,long sleeve,0.0,0.0
5491,35,AW19,short cardigan,0.0,0.0188679245283018
5472,109,AW19,long sleeve,0.0,0.0188679245283018
5472,72,AW19,long sleeve,0.0,0.0188679245283018
5491,46,AW19,short cardigan,0.0,0.0
5472,85,AW19,long sleeve,0.0,0.0
5472,121,AW19,long sleeve,0.0,0.0
5475,10,AW19,culottes,0.0188679245283018,0.0377358490566037
5491,104,AW19,short cardigan,0.0566037735849056,0.1132075471698113
5478,54,AW19,short cardigan,0.0,0.0188679245283018
5472,40,AW19,long sleeve,0.0,0.0188679245283018
5472,69,AW19,long sleeve,0.0188679245283018,0.0
5478,14,AW19,short cardigan,0.0,0.0
5475,12,AW19,culottes,0.0,0.0188679245283018
5472,26,AW19,long sleeve,0.0,0.0
5478,89,AW19,short cardigan,0.0,0.0188679245283018
5475,2,AW19,culottes,0.0,0.0
5472,4,AW19,long sleeve,0.0188679245283018,0.0188679245283018
5478,53,AW19,short cardigan,0.0,0.0188679245283018
5491,83,AW19,short cardigan,0.0,0.0
5491,107,AW19,short cardigan,0.0,0.0188679245283018
5491,82,AW19,short cardigan,0.0,0.0
5491,20,AW19,short cardigan,0.0,0.0
5457,31,AW19,long duster,0.0,0.0
5469,29,AW19,long duster,0.0,0.0
5491,12,AW19,short cardigan,0.0,0.0
5491,7,AW19,short cardigan,0.0188679245283018,0.0377358490566037
5469,36,AW19,long duster,0.0754716981132075,0.0377358490566037
5472,19,AW19,long sleeve,0.0,0.0
5491,75,AW19,short cardigan,0.0,0.0
5469,80,AW19,long duster,0.0377358490566037,0.0377358490566037
5469,94,AW19,long duster,0.0,0.0188679245283018
5469,15,AW19,long duster,0.0,0.0566037735849056
5440,83,AW19,sleeveless,0.0188679245283018,0.0188679245283018
5375,73,AW19,long sleeve,0.0,0.0
5491,43,AW19,short cardigan,0.0,0.0
5472,75,AW19,long sleeve,0.0,0.0377358490566037
5440,32,AW19,sleeveless,0.0,0.0
5472,43,AW19,long sleeve,0.0,0.0
5472,73,AW19,long sleeve,0.0188679245283018,0.0
5491,22,AW19,short cardigan,0.0,0.0
5475,65,AW19,culottes,0.0377358490566037,0.0188679245283018
5491,76,AW19,short cardigan,0.0,0.0188679245283018
5491,89,AW19,short cardigan,0.0,0.0
5475,31,AW19,culottes,0.0,0.0188679245283018
5472,51,AW19,long sleeve,0.0188679245283018,0.0
5475,49,AW19,culottes,0.0377358490566037,0.0
5491,80,AW19,short cardigan,0.0,0.0
5375,39,AW19,long sleeve,0.0,0.0
5375,14,AW19,long sleeve,0.0,0.0
5375,48,AW19,long sleeve,0.0,0.0
5461,62,AW19,long coat,0.0188679245283018,0.0188679245283018
5461,15,AW19,long coat,0.0188679245283018,0.0
5461,50,AW19,long coat,0.0188679245283018,0.0
5526,1,AW19,short cardigan,0.0377358490566037,0.0377358490566037
5461,29,AW19,long coat,0.0,0.0377358490566037
5424,36,AW19,long sleeve,0.0188679245283018,0.0754716981132075
5526,20,AW19,short cardigan,0.0,0.0188679245283018
5424,41,AW19,long sleeve,0.0377358490566037,0.0566037735849056
5475,56,AW19,culottes,0.0377358490566037,0.0188679245283018
5000,121,AW19,long sleeve,0.0,0.0188679245283018
5347,99,AW19,long sleeve,0.0377358490566037,0.0
5347,6,AW19,long sleeve,0.0,0.0
5480,2,AW19,long sleeve,0.0,0.0
5480,12,AW19,long sleeve,0.0,0.0
5480,10,AW19,long sleeve,0.0,0.0377358490566037
5480,65,AW19,long sleeve,0.0,0.0
5387,1,AW19,kimono dress,0.0188679245283018,0.0
5480,19,AW19,long sleeve,0.0,0.0
5480,48,AW19,long sleeve,0.0,0.0
5480,5,AW19,long sleeve,0.0,0.0
5480,93,AW19,long sleeve,0.0,0.0188679245283018
5458,105,AW19,sleeveless,0.0188679245283018,0.0188679245283018
5475,88,AW19,culottes,0.0188679245283018,0.0377358490566037
5526,51,AW19,short cardigan,0.0,0.0
5415,107,AW19,long sleeve,0.0,0.0
5415,15,AW19,long sleeve,0.0,0.0
5415,49,AW19,long sleeve,0.0,0.0188679245283018
5418,59,AW19,short cardigan,0.0,0.0
5489,13,AW19,long sleeve,0.0,0.0
5418,104,AW19,short cardigan,0.0,0.0
5489,80,AW19,long sleeve,0.0,0.0
5423,86,AW19,long sleeve,0.0,0.0
5423,83,AW19,long sleeve,0.0,0.0
5423,69,AW19,long sleeve,0.0188679245283018,0.0
5489,86,AW19,long sleeve,0.0,0.0
5488,30,AW19,long sleeve,0.0,0.0
5475,13,AW19,culottes,0.0377358490566037,0.0
5404,102,AW19,long sleeve,0.0,0.0
5458,43,AW19,sleeveless,0.0,0.0
5421,7,AW19,long sleeve,0.0,0.0
5421,68,AW19,long sleeve,0.0,0.0188679245283018
5475,16,AW19,culottes,0.0188679245283018,0.0188679245283018
5347,63,AW19,long sleeve,0.0,0.0
5347,4,AW19,long sleeve,0.0188679245283018,0.0
5489,12,AW19,long sleeve,0.0,0.0
5347,67,AW19,long sleeve,0.0,0.0
5347,82,AW19,long sleeve,0.0377358490566037,0.0
5526,89,AW19,short cardigan,0.0,0.0
5347,27,AW19,long sleeve,0.0188679245283018,0.0188679245283018
5350,75,AW19,solid color top,0.0188679245283018,0.0188679245283018
5414,69,AW19,long sleeve,0.0,0.0
5489,31,AW19,long sleeve,0.0,0.0
5478,104,AW19,short cardigan,0.0,0.0
5458,39,AW19,sleeveless,0.0,0.0
5480,106,AW19,long sleeve,0.0,0.0
5475,14,AW19,culottes,0.0566037735849056,0.0377358490566037
5458,21,AW19,sleeveless,0.0,0.0566037735849056
5366,83,AW19,long sleeve,0.0,0.0
5366,35,AW19,long sleeve,0.0,0.0
5366,21,AW19,long sleeve,0.0377358490566037,0.0188679245283018
5475,48,AW19,culottes,0.0188679245283018,0.0
5367,83,AW19,long sleeve,0.0377358490566037,0.0
5367,103,AW19,long sleeve,0.0,0.0
5458,64,AW19,sleeveless,0.0,0.0
5475,75,AW19,culottes,0.0566037735849056,0.0754716981132075
5362,40,AW19,long sleeve,0.0,0.0
5362,31,AW19,long sleeve,0.0,0.0377358490566037
5457,36,AW19,long duster,0.0,0.0
5440,65,AW19,sleeveless,0.0188679245283018,0.0188679245283018
5343,27,AW19,long sleeve,0.0,0.0
5440,105,AW19,sleeveless,0.0188679245283018,0.0
5440,14,AW19,sleeveless,0.0,0.0
5375,96,AW19,long sleeve,0.0,0.0377358490566037
5375,12,AW19,long sleeve,0.0,0.0
5375,10,AW19,long sleeve,0.0,0.0
5440,86,AW19,sleeveless,0.0,0.0
5375,7,AW19,long sleeve,0.0,0.0
5440,80,AW19,sleeveless,0.0,0.0
5366,54,AW19,long sleeve,0.0,0.0188679245283018
5481,29,AW19,long sleeve,0.0,0.0
5526,46,AW19,short cardigan,0.0,0.0188679245283018
5387,67,AW19,kimono dress,0.0,0.0
5458,73,AW19,sleeveless,0.0,0.0
5480,53,AW19,long sleeve,0.0,0.0
5480,35,AW19,long sleeve,0.0,0.0
5458,99,AW19,sleeveless,0.0,0.0
5480,18,AW19,long sleeve,0.0,0.0
5480,115,AW19,long sleeve,0.0,0.0377358490566037
5481,7,AW19,long sleeve,0.0,0.0377358490566037
5481,105,AW19,long sleeve,0.0,0.0377358490566037
5481,19,AW19,long sleeve,0.0188679245283018,0.1509433962264151
5526,35,AW19,short cardigan,0.0,0.0
5481,80,AW19,long sleeve,0.0,0.0377358490566037
5480,47,AW19,long sleeve,0.0,0.0
5481,3,AW19,long sleeve,0.0,0.0566037735849056
5481,5,AW19,long sleeve,0.0,0.0188679245283018
5481,93,AW19,long sleeve,0.0,0.0
5481,22,AW19,long sleeve,0.0,0.0
5481,52,AW19,long sleeve,0.0,0.0
5481,76,AW19,long sleeve,0.0,0.0188679245283018
5458,72,AW19,sleeveless,0.0,0.0
5458,121,AW19,sleeveless,0.0377358490566037,0.0
4869,74,AW19,medium coat,0.0188679245283018,0.0
5481,27,AW19,long sleeve,0.0566037735849056,0.0377358490566037
5481,53,AW19,long sleeve,0.0,0.0377358490566037
5475,43,AW19,culottes,0.0,0.0
5458,82,AW19,sleeveless,0.0,0.0
5480,32,AW19,long sleeve,0.0,0.0
5526,43,AW19,short cardigan,0.0,0.0377358490566037
5059,43,AW19,kimono dress,0.0,0.0188679245283018
5482,106,AW19,sleeveless,0.0188679245283018,0.0377358490566037
5482,82,AW19,sleeveless,0.0,0.0
5009,67,AW19,long sleeve,0.0,0.0
5522,67,AW19,solid color top,0.0,0.0
5482,8,AW19,sleeveless,0.0188679245283018,0.0188679245283018
5523,105,AW19,sleeveless,0.0,0.0188679245283018
5523,56,AW19,sleeveless,0.0,0.0
5523,22,AW19,sleeveless,0.0,0.0188679245283018
5351,109,AW19,kimono dress,0.0,0.0188679245283018
5523,51,AW19,sleeveless,0.0566037735849056,0.0
5482,1,AW19,sleeveless,0.0,0.0377358490566037
5523,20,AW19,sleeveless,0.0,0.0
5522,83,AW19,solid color top,0.0,0.0
5522,20,AW19,solid color top,0.0,0.0
5523,8,AW19,sleeveless,0.0,0.0188679245283018
5334,2,AW19,long sleeve,0.0188679245283018,0.0188679245283018
5334,48,AW19,long sleeve,0.0188679245283018,0.0
5376,13,AW19,long coat,0.0,0.0188679245283018
5522,77,AW19,solid color top,0.0,0.0
5376,94,AW19,long coat,0.0188679245283018,0.0377358490566037
5334,20,AW19,long sleeve,0.0,0.0
5334,95,AW19,long sleeve,0.0,0.0188679245283018
5376,41,AW19,long coat,0.0,0.0
4763,88,AW19,medium coat,0.0377358490566037,0.0377358490566037
5482,22,AW19,sleeveless,0.0188679245283018,0.0188679245283018
5522,36,AW19,solid color top,0.0188679245283018,0.0566037735849056
5406,39,AW19,long coat,0.0377358490566037,0.0
5450,56,AW19,medium coat,0.0188679245283018,0.0188679245283018
5450,52,AW19,medium coat,0.0,0.0188679245283018
5428,16,AW19,sheath dress,0.0,0.0188679245283018
5450,89,AW19,medium coat,0.0188679245283018,0.0
5450,42,AW19,medium coat,0.0188679245283018,0.0188679245283018
5450,83,AW19,medium coat,0.0,0.0188679245283018
5450,85,AW19,medium coat,0.0188679245283018,0.0
5450,32,AW19,medium coat,0.0,0.0188679245283018
5450,26,AW19,medium coat,0.0,0.0
5009,74,AW19,long sleeve,0.0,0.0
5450,4,AW19,medium coat,0.0,0.0
5450,21,AW19,medium coat,0.0,0.0
4853,3,AW19,trapeze dress,0.0,0.0188679245283018
5036,117,AW19,medium coat,0.0377358490566037,0.0188679245283018
5410,82,AW19,sleeveless,0.0,0.0
5419,30,AW19,sleeveless,0.0566037735849056,0.0566037735849056
5428,99,AW19,sheath dress,0.0,0.0188679245283018
5522,29,AW19,solid color top,0.0,0.0
5522,18,AW19,solid color top,0.0,0.0
5522,26,AW19,solid color top,0.0188679245283018,0.0188679245283018
5482,80,AW19,sleeveless,0.0,0.0
5450,100,AW19,medium coat,0.0,0.0188679245283018
5406,30,AW19,long coat,0.0188679245283018,0.0754716981132075
5522,51,AW19,solid color top,0.0188679245283018,0.0
4763,38,AW19,medium coat,0.0,0.0377358490566037
4779,92,AW19,medium coat,0.0188679245283018,0.0188679245283018
5394,22,AW19,maxi,0.0,0.0
4779,33,AW19,medium coat,0.0188679245283018,0.0188679245283018
5394,92,AW19,maxi,0.0,0.0
4973,29,AW19,culottes,0.0,0.0754716981132075
5394,84,AW19,maxi,0.0,0.0
5394,91,AW19,maxi,0.0,0.0
5394,10,AW19,maxi,0.0,0.0377358490566037
5522,7,AW19,solid color top,0.0,0.0
5072,69,AW19,medium coat,0.0,0.0
4779,14,AW19,medium coat,0.0,0.0377358490566037
5522,49,AW19,solid color top,0.0566037735849056,0.0
4779,8,AW19,medium coat,0.0188679245283018,0.0188679245283018
5522,12,AW19,solid color top,0.0,0.0188679245283018
5072,77,AW19,medium coat,0.0188679245283018,0.0
5522,2,AW19,solid color top,0.0,0.0188679245283018
4973,3,AW19,culottes,0.0188679245283018,0.0188679245283018
5353,3,AW19,long sleeve,0.0,0.0754716981132075
4778,48,AW19,medium coat,0.0188679245283018,0.0
4778,14,AW19,medium coat,0.0188679245283018,0.0
5522,30,AW19,solid color top,0.0,0.0
4973,105,AW19,culottes,0.0,0.0
4779,26,AW19,medium coat,0.0188679245283018,0.0
5522,22,AW19,solid color top,0.0188679245283018,0.0188679245283018
5522,105,AW19,solid color top,0.0,0.0
4779,105,AW19,medium coat,0.0566037735849056,0.0188679245283018
5379,121,AW19,long coat,0.0188679245283018,0.0
4763,101,AW19,medium coat,0.0,0.0
4763,109,AW19,medium coat,0.0,0.0188679245283018
5522,13,AW19,solid color top,0.0,0.0188679245283018
4763,4,AW19,medium coat,0.0,0.0
5522,16,AW19,solid color top,0.0,0.0188679245283018
4771,19,AW19,medium coat,0.0188679245283018,0.0
5379,22,AW19,long coat,0.0,0.0188679245283018
5379,9,AW19,long coat,0.0,0.0188679245283018
4771,9,AW19,medium coat,0.0,0.0566037735849056
5394,100,AW19,maxi,0.0188679245283018,0.0
5379,105,AW19,long coat,0.0,0.0
4771,24,AW19,medium coat,0.0377358490566037,0.0566037735849056
5078,26,AW19,medium coat,0.0188679245283018,0.0188679245283018
4771,121,AW19,medium coat,0.0,0.0566037735849056
5522,86,AW19,solid color top,0.0,0.0
4771,26,AW19,medium coat,0.0,0.0188679245283018
5522,14,AW19,solid color top,0.0,0.0
4762,43,AW19,medium coat,0.0,0.0
4762,109,AW19,medium coat,0.0,0.0
5394,104,AW19,maxi,0.0,0.0
5394,21,AW19,maxi,0.0188679245283018,0.0566037735849056
5379,49,AW19,long coat,0.0,0.0188679245283018
4778,1,AW19,medium coat,0.0188679245283018,0.0
5450,19,AW19,medium coat,0.0,0.0
5433,21,AW19,long coat,0.0377358490566037,0.0188679245283018
5517,6,AW19,long sleeve,0.0,0.0188679245283018
5517,110,AW19,long sleeve,0.0188679245283018,0.0
5438,18,AW19,long sleeve,0.0,0.0
5517,9,AW19,long sleeve,0.0,0.0
5337,103,AW19,kimono dress,0.0,0.0377358490566037
5076,69,AW19,sheath dress,0.0188679245283018,0.0
5448,96,AW19,medium coat,0.0,0.0
5448,19,AW19,medium coat,0.0,0.0
5448,86,AW19,medium coat,0.0,0.0
5448,28,AW19,medium coat,0.0,0.0
5381,104,AW19,long sleeve,0.0566037735849056,0.0377358490566037
5448,33,AW19,medium coat,0.0188679245283018,0.0188679245283018
5517,80,AW19,long sleeve,0.0,0.0188679245283018
5448,82,AW19,medium coat,0.0,0.0
4970,80,AW19,long coat,0.0,0.0
4970,15,AW19,long coat,0.0,0.0
5059,60,AW19,kimono dress,0.0,0.0377358490566037
5448,63,AW19,medium coat,0.0,0.0
5448,21,AW19,medium coat,0.0,0.0
5448,64,AW19,medium coat,0.0,0.0188679245283018
5531,80,AW19,long sleeve,0.0377358490566037,0.0566037735849056
5054,21,AW19,doll dress,0.0188679245283018,0.0
5448,22,AW19,medium coat,0.0,0.0
5462,12,AW19,medium coat,0.0188679245283018,0.0188679245283018
5517,99,AW19,long sleeve,0.0188679245283018,0.0
5517,28,AW19,long sleeve,0.0,0.0
5517,104,AW19,long sleeve,0.0,0.0
5517,102,AW19,long sleeve,0.0,0.0
5517,103,AW19,long sleeve,0.0,0.0
5465,35,AW19,long coat,0.0188679245283018,0.0188679245283018
5384,93,AW19,long dress,0.0,0.0
5517,20,AW19,long sleeve,0.0,0.0
5384,69,AW19,long dress,0.0377358490566037,0.0
5517,1,AW19,long sleeve,0.0,0.0
5517,51,AW19,long sleeve,0.0,0.0
5381,31,AW19,long sleeve,0.0,0.0188679245283018
4971,121,AW19,doll dress,0.0,0.0188679245283018
5381,75,AW19,long sleeve,0.0188679245283018,0.0188679245283018
5385,23,AW19,doll dress,0.0,0.0188679245283018
5390,92,AW19,miniskirt,0.0,0.0
5381,13,AW19,long sleeve,0.0377358490566037,0.0
5517,89,AW19,long sleeve,0.0,0.0
4867,15,AW19,sheath dress,0.0188679245283018,0.0188679245283018
5517,13,AW19,long sleeve,0.0,0.0
5381,46,AW19,long sleeve,0.0,0.0
4971,86,AW19,doll dress,0.0,0.0
4971,99,AW19,doll dress,0.0,0.0
4971,52,AW19,doll dress,0.0,0.0
4817,0,AW19,doll dress,0.0188679245283018,0.0377358490566037
5433,29,AW19,long coat,0.0,0.0188679245283018
5462,10,AW19,medium coat,0.0,0.0188679245283018
5054,32,AW19,doll dress,0.0188679245283018,0.0188679245283018
5471,76,AW19,medium coat,0.0188679245283018,0.0377358490566037
5403,56,AW19,long coat,0.0377358490566037,0.0
5351,62,AW19,kimono dress,0.0188679245283018,0.0188679245283018
5471,82,AW19,medium coat,0.0188679245283018,0.0377358490566037
5403,69,AW19,long coat,0.0566037735849056,0.0188679245283018
5471,36,AW19,medium coat,0.0,0.0
5471,46,AW19,medium coat,0.0,0.0
5471,18,AW19,medium coat,0.0,0.0
5471,102,AW19,medium coat,0.0566037735849056,0.0
5471,57,AW19,medium coat,0.0,0.0
5471,45,AW19,medium coat,0.0,0.0
5433,79,AW19,long coat,0.0566037735849056,0.0188679245283018
5433,73,AW19,long coat,0.0,0.0188679245283018
5433,9,AW19,long coat,0.0,0.0188679245283018
5471,23,AW19,medium coat,0.0188679245283018,0.0
5428,27,AW19,sheath dress,0.0188679245283018,0.0188679245283018
5433,76,AW19,long coat,0.0754716981132075,0.0
5462,103,AW19,medium coat,0.0188679245283018,0.0
5433,68,AW19,long coat,0.0188679245283018,0.0188679245283018
5462,8,AW19,medium coat,0.0,0.0
5462,21,AW19,medium coat,0.0,0.0188679245283018
5433,103,AW19,long coat,0.0188679245283018,0.0188679245283018
5471,64,AW19,medium coat,0.0188679245283018,0.0
5517,88,AW19,long sleeve,0.0,0.0
5471,93,AW19,medium coat,0.0,0.0
5428,4,AW19,sheath dress,0.0,0.0
5462,43,AW19,medium coat,0.0188679245283018,0.0
5462,39,AW19,medium coat,0.0188679245283018,0.0
5462,9,AW19,medium coat,0.0,0.0
5462,3,AW19,medium coat,0.0,0.0
5462,93,AW19,medium coat,0.0,0.0
5462,33,AW19,medium coat,0.0,0.0377358490566037
5462,76,AW19,medium coat,0.0,0.0
5517,86,AW19,long sleeve,0.0188679245283018,0.0377358490566037
5462,72,AW19,medium coat,0.0377358490566037,0.0
5517,49,AW19,long sleeve,0.0377358490566037,0.0
5471,99,AW19,medium coat,0.0,0.0188679245283018
5438,73,AW19,long sleeve,0.0,0.0
5462,35,AW19,medium coat,0.0,0.0
5471,30,AW19,medium coat,0.0188679245283018,0.0
5471,12,AW19,medium coat,0.0,0.0188679245283018
5471,7,AW19,medium coat,0.0,0.0
5428,64,AW19,sheath dress,0.0188679245283018,0.0
5471,19,AW19,medium coat,0.0188679245283018,0.0188679245283018
5471,43,AW19,medium coat,0.0188679245283018,0.0377358490566037
5471,73,AW19,medium coat,0.0188679245283018,0.0188679245283018
5471,110,AW19,medium coat,0.0188679245283018,0.0377358490566037
5471,3,AW19,medium coat,0.0,0.0
5462,74,AW19,medium coat,0.0,0.0188679245283018
5069,64,AW19,long sleeve,0.0,0.0566037735849056
4778,106,AW19,medium coat,0.0,0.0188679245283018
4964,76,AW19,gitana skirt,0.0377358490566037,0.0377358490566037
5505,79,AW19,sleeveless,0.0,0.0
5505,86,AW19,sleeveless,0.0,0.0
5505,80,AW19,sleeveless,0.0,0.0
5505,56,AW19,sleeveless,0.0,0.0
5505,76,AW19,sleeveless,0.0188679245283018,0.0377358490566037
5505,89,AW19,sleeveless,0.0188679245283018,0.0
5408,86,AW19,long sleeve,0.0,0.0
5408,92,AW19,long sleeve,0.0,0.0
5408,88,AW19,long sleeve,0.0188679245283018,0.0188679245283018
5505,51,AW19,sleeveless,0.0,0.0
5505,12,AW19,sleeveless,0.0188679245283018,0.0188679245283018
5505,47,AW19,sleeveless,0.0,0.0188679245283018
5505,74,AW19,sleeveless,0.0,0.0
5500,64,AW19,culottes,0.0,0.0
5505,35,AW19,sleeveless,0.0,0.0
5493,30,AW19,sleeveless,0.0,0.0
5493,12,AW19,sleeveless,0.0,0.0
5493,75,AW19,sleeveless,0.0,0.0
5493,110,AW19,sleeveless,0.0,0.0
5408,74,AW19,long sleeve,0.0,0.0
5500,36,AW19,culottes,0.0,0.0
5493,77,AW19,sleeveless,0.0,0.0
5443,117,AW19,long coat,0.0,0.0
5408,95,AW19,long sleeve,0.0,0.0377358490566037
5331,110,AW19,solid color top,0.0,0.0
4969,10,AW19,long sleeve,0.0188679245283018,0.0
5443,105,AW19,long coat,0.0,0.0
4969,13,AW19,long sleeve,0.0188679245283018,0.0
5443,48,AW19,long coat,0.0188679245283018,0.0
5451,73,AW19,medium coat,0.0,0.0377358490566037
5443,92,AW19,long coat,0.0,0.0188679245283018
5451,43,AW19,medium coat,0.0,0.0377358490566037
5451,86,AW19,medium coat,0.0188679245283018,0.0188679245283018
5492,85,AW19,solid color top,0.0188679245283018,0.0188679245283018
5492,67,AW19,solid color top,0.0,0.0
5451,91,AW19,medium coat,0.0,0.0188679245283018
5492,64,AW19,solid color top,0.0,0.0188679245283018
5492,53,AW19,solid color top,0.0188679245283018,0.0
5451,10,AW19,medium coat,0.0,0.0
5451,12,AW19,medium coat,0.0566037735849056,0.0754716981132075
5492,35,AW19,solid color top,0.0,0.0
5492,81,AW19,solid color top,0.0,0.0
5492,46,AW19,solid color top,0.0,0.0
5492,103,AW19,solid color top,0.0,0.0
5492,8,AW19,solid color top,0.0,0.0188679245283018
4895,105,AW19,long sleeve,0.0,0.0188679245283018
5492,59,AW19,solid color top,0.0,0.0188679245283018
5492,63,AW19,solid color top,0.0,0.0
5451,49,AW19,medium coat,0.0,0.0188679245283018
5492,107,AW19,solid color top,0.0188679245283018,0.0188679245283018
5493,47,AW19,sleeveless,0.0,0.0188679245283018
5408,102,AW19,long sleeve,0.0,0.0188679245283018
5454,13,AW19,culottes,0.0,0.0188679245283018
5454,93,AW19,culottes,0.0,0.0188679245283018
5454,77,AW19,culottes,0.0,0.0
5454,36,AW19,culottes,0.0,0.0
4899,6,AW19,culottes,0.0188679245283018,0.0188679245283018
5500,2,AW19,culottes,0.0,0.0377358490566037
5500,56,AW19,culottes,0.0,0.0188679245283018
5500,5,AW19,culottes,0.0,0.0377358490566037
5468,13,AW19,culottes,0.0566037735849056,0.0188679245283018
5468,77,AW19,culottes,0.0,0.0188679245283018
5454,49,AW19,culottes,0.0,0.0
5046,53,AW19,medium coat,0.0377358490566037,0.0
5073,12,AW19,medium coat,0.0943396226415094,0.0
5429,13,AW19,patterned top,0.0,0.0
5429,117,AW19,patterned top,0.0377358490566037,0.0566037735849056
5429,93,AW19,patterned top,0.0,0.0
5429,89,AW19,patterned top,0.0,0.0
5429,77,AW19,patterned top,0.0,0.0
5452,117,AW19,long coat,0.0188679245283018,0.0
5429,101,AW19,patterned top,0.0,0.0
5073,69,AW19,medium coat,0.0188679245283018,0.0
5348,57,AW19,culottes,0.0,0.0188679245283018
5452,39,AW19,long coat,0.0,0.0
5436,19,AW19,long sleeve,0.0,0.0
5500,47,AW19,culottes,0.0,0.0
5454,96,AW19,culottes,0.0188679245283018,0.0188679245283018
5436,14,AW19,long sleeve,0.0,0.0377358490566037
5443,107,AW19,long coat,0.0,0.0
5493,8,AW19,sleeveless,0.0,0.0
4844,105,AW19,doll dress,0.0,0.0
5443,83,AW19,long coat,0.0,0.0
5443,32,AW19,long coat,0.0,0.0188679245283018
5040,79,AW19,solid color top,0.0188679245283018,0.0566037735849056
5459,62,AW19,culottes,0.0,0.0
5459,2,AW19,culottes,0.0,0.0
5459,49,AW19,culottes,0.0,0.0377358490566037
5454,62,AW19,culottes,0.0,0.0188679245283018
5500,121,AW19,culottes,0.0188679245283018,0.0
5459,94,AW19,culottes,0.0,0.0377358490566037
5500,85,AW19,culottes,0.0377358490566037,0.0
5459,43,AW19,culottes,0.0,0.0
5500,83,AW19,culottes,0.0,0.0
5500,61,AW19,culottes,0.0,0.0188679245283018
5459,47,AW19,culottes,0.0,0.0
5452,59,AW19,long coat,0.0188679245283018,0.0
5436,121,AW19,long sleeve,0.0,0.0
5459,18,AW19,culottes,0.0,0.0566037735849056
5459,63,AW19,culottes,0.0,0.0
5459,65,AW19,culottes,0.0188679245283018,0.0188679245283018
5492,20,AW19,solid color top,0.0,0.0188679245283018
5492,1,AW19,solid color top,0.0,0.0
5451,85,AW19,medium coat,0.0,0.0
4778,64,AW19,medium coat,0.0,0.0
4778,41,AW19,medium coat,0.0,0.0188679245283018
5519,45,AW19,long coat,0.0,0.0
5490,5,AW19,culottes,0.0,0.0
5490,16,AW19,culottes,0.0,0.0
5490,89,AW19,culottes,0.0,0.0
5519,43,AW19,long coat,0.0,0.0
5490,1,AW19,culottes,0.0,0.0
5519,75,AW19,long coat,0.0188679245283018,0.0
5519,19,AW19,long coat,0.0377358490566037,0.0
5519,1,AW19,long coat,0.0,0.0
5490,42,AW19,culottes,0.0,0.0188679245283018
5490,27,AW19,culottes,0.0,0.0
5519,2,AW19,long coat,0.0,0.0
5490,121,AW19,culottes,0.0,0.0
5504,46,AW19,medium coat,0.0188679245283018,0.0754716981132075
5490,32,AW19,culottes,0.0,0.0
5504,53,AW19,medium coat,0.0377358490566037,0.0377358490566037
5490,35,AW19,culottes,0.0,0.0188679245283018
5490,81,AW19,culottes,0.0,0.0
5490,46,AW19,culottes,0.0,0.0188679245283018
5490,8,AW19,culottes,0.0,0.0
5519,10,AW19,long coat,0.0,0.0188679245283018
5490,63,AW19,culottes,0.0,0.0
5490,43,AW19,culottes,0.0,0.0
4778,57,AW19,medium coat,0.0,0.0
5497,64,AW19,long coat,0.0,0.0188679245283018
4778,74,AW19,medium coat,0.0,0.0
5497,115,AW19,long coat,0.0,0.0
5497,18,AW19,long coat,0.0,0.0
5497,46,AW19,long coat,0.0,0.0
5497,20,AW19,long coat,0.0188679245283018,0.0188679245283018
5497,76,AW19,long coat,0.0,0.0
5497,45,AW19,long coat,0.0188679245283018,0.0188679245283018
5497,93,AW19,long coat,0.0,0.0
5497,13,AW19,long coat,0.0,0.0
5490,75,AW19,culottes,0.0,0.0
5497,3,AW19,long coat,0.0,0.0188679245283018
5497,43,AW19,long coat,0.0,0.0188679245283018
5497,75,AW19,long coat,0.0188679245283018,0.0
5497,19,AW19,long coat,0.0,0.0
5497,105,AW19,long coat,0.0188679245283018,0.0
5431,29,AW19,kimono dress,0.0188679245283018,0.0
5497,10,AW19,long coat,0.0,0.0
5490,30,AW19,culottes,0.0,0.0
5490,2,AW19,culottes,0.0,0.0188679245283018
5490,15,AW19,culottes,0.0,0.0
5519,18,AW19,long coat,0.0,0.0
5497,73,AW19,long coat,0.0188679245283018,0.0
5504,16,AW19,medium coat,0.0,0.0377358490566037
5504,56,AW19,medium coat,0.0377358490566037,0.0
5490,21,AW19,culottes,0.0,0.0
5492,80,AW19,solid color top,0.0,0.0
5047,19,AW19,long sleeve,0.0,0.0
5449,43,AW19,medium coat,0.0188679245283018,0.0
5449,19,AW19,medium coat,0.0,0.0
5061,5,AW19,long coat,0.0566037735849056,0.0
5449,31,AW19,medium coat,0.0,0.0
5061,73,AW19,long coat,0.0943396226415094,0.0377358490566037
5449,15,AW19,medium coat,0.0188679245283018,0.0
5492,6,AW19,solid color top,0.0,0.0377358490566037
5492,99,AW19,solid color top,0.0,0.0
5492,39,AW19,solid color top,0.0,0.0
5449,10,AW19,medium coat,0.0377358490566037,0.0
5061,12,AW19,long coat,0.0188679245283018,0.0566037735849056
5443,49,AW19,long coat,0.0188679245283018,0.0
5492,56,AW19,solid color top,0.0,0.0
5451,29,AW19,medium coat,0.0,0.0188679245283018
5492,93,AW19,solid color top,0.0,0.0
4969,53,AW19,long sleeve,0.0,0.0
5492,52,AW19,solid color top,0.0,0.0
5492,76,AW19,solid color top,0.0,0.0188679245283018
5492,77,AW19,solid color top,0.0,0.0
5451,53,AW19,medium coat,0.0188679245283018,0.0
5449,12,AW19,medium coat,0.0188679245283018,0.0188679245283018
5492,43,AW19,solid color top,0.0,0.0
5492,86,AW19,solid color top,0.0,0.0188679245283018
5449,16,AW19,medium coat,0.0,0.0188679245283018
5490,104,AW19,culottes,0.0,0.0
5447,30,AW19,solid color top,0.0,0.0
5504,91,AW19,medium coat,0.0377358490566037,0.0188679245283018
5504,12,AW19,medium coat,0.0,0.0754716981132075
5530,53,AW19,medium coat,0.0377358490566037,0.0377358490566037
5069,35,AW19,long sleeve,0.0,0.0188679245283018
5447,40,AW19,solid color top,0.0,0.0
5045,12,AW19,solid color top,0.0,0.0
5449,100,AW19,medium coat,0.0188679245283018,0.0
5047,41,AW19,long sleeve,0.0,0.0
4882,125,AW19,culottes,0.0,0.0377358490566037
4989,109,AW19,miniskirt,0.0,0.0
5066,33,AW19,long coat,0.0188679245283018,0.0377358490566037
5492,96,AW19,solid color top,0.0,0.0
5492,12,AW19,solid color top,0.0,0.0
5047,53,AW19,long sleeve,0.0,0.0188679245283018
5492,7,AW19,solid color top,0.0188679245283018,0.0188679245283018
5492,66,AW19,solid color top,0.0,0.0
5449,76,AW19,medium coat,0.0,0.0
5492,19,AW19,solid color top,0.0,0.0
5492,79,AW19,solid color top,0.0188679245283018,0.0
5061,21,AW19,long coat,0.0188679245283018,0.0
5359,39,AW19,culottes,0.0,0.0188679245283018
5332,81,AW19,doll dress,0.0,0.0188679245283018
5502,14,AW19,long sleeve,0.0188679245283018,0.0
4970,7,AW19,long coat,0.0,0.0188679245283018
5398,10,AW19,medium coat,0.0,0.0188679245283018
5445,117,AW19,long dress,0.0188679245283018,0.0188679245283018
5445,93,AW19,long dress,0.0377358490566037,0.0377358490566037
5445,33,AW19,long dress,0.0,0.0188679245283018
5445,89,AW19,long dress,0.0,0.0188679245283018
5455,59,AW19,solid color top,0.0,0.0
5455,63,AW19,solid color top,0.0943396226415094,0.0188679245283018
5445,46,AW19,long dress,0.0,0.0
5445,0,AW19,long dress,0.0188679245283018,0.0377358490566037
5445,63,AW19,long dress,0.0,0.0
5464,77,AW19,sheath dress,0.0188679245283018,0.0
5464,64,AW19,sheath dress,0.0,0.0377358490566037
5441,12,AW19,long dress,0.0,0.0
5455,25,AW19,solid color top,0.0,0.0188679245283018
5441,65,AW19,long dress,0.0188679245283018,0.0188679245283018
5441,105,AW19,long dress,0.0,0.0
5441,19,AW19,long dress,0.0566037735849056,0.0188679245283018
5515,35,AW19,long sleeve,0.0377358490566037,0.0
5441,9,AW19,long dress,0.0,0.0188679245283018
5441,99,AW19,long dress,0.0,0.0
5441,16,AW19,long dress,0.0188679245283018,0.0377358490566037
5445,29,AW19,long dress,0.0,0.0
5464,76,AW19,sheath dress,0.0188679245283018,0.0377358490566037
5464,93,AW19,sheath dress,0.0188679245283018,0.0
5464,28,AW19,sheath dress,0.0,0.0188679245283018
5426,68,AW19,long sleeve,0.0,0.0
5426,31,AW19,long sleeve,0.0,0.0
5391,29,AW19,long sleeve,0.0,0.0
5483,30,AW19,sheath dress,0.0377358490566037,0.0188679245283018
5463,81,AW19,sheath dress,0.0377358490566037,0.0188679245283018
5483,43,AW19,sheath dress,0.0,0.0188679245283018
5463,26,AW19,sheath dress,0.0188679245283018,0.0
5463,29,AW19,sheath dress,0.0,0.0
5483,40,AW19,sheath dress,0.0188679245283018,0.0188679245283018
5464,31,AW19,sheath dress,0.0,0.0
5464,94,AW19,sheath dress,0.0,0.0188679245283018
5445,12,AW19,long dress,0.0,0.0
5445,7,AW19,long dress,0.0188679245283018,0.0377358490566037
5391,91,AW19,long sleeve,0.0,0.0
5445,65,AW19,long dress,0.0,0.0
5445,94,AW19,long dress,0.0377358490566037,0.0
5391,2,AW19,long sleeve,0.0,0.0
5464,43,AW19,sheath dress,0.0,0.0188679245283018
5464,80,AW19,sheath dress,0.0188679245283018,0.0
5464,5,AW19,sheath dress,0.0,0.0
5464,99,AW19,sheath dress,0.0188679245283018,0.0
5441,93,AW19,long dress,0.0,0.0566037735849056
5386,2,AW19,long sleeve,0.0,0.0
5515,81,AW19,long sleeve,0.0,0.0
5455,41,AW19,solid color top,0.0,0.0
5027,67,AW19,long coat,0.0,0.0
4976,86,AW19,sleeveless,0.0,0.0377358490566037
5027,18,AW19,long coat,0.0188679245283018,0.0188679245283018
5495,51,AW19,solid color top,0.0377358490566037,0.0
4992,56,AW19,long coat,0.0377358490566037,0.0377358490566037
5495,40,AW19,solid color top,0.0,0.0
5495,69,AW19,solid color top,0.0,0.0
5495,46,AW19,solid color top,0.0,0.0
5494,15,AW19,long sleeve,0.0,0.0
5495,80,AW19,solid color top,0.0188679245283018,0.0
5511,80,AW19,long sleeve,0.0,0.0943396226415094
5494,65,AW19,long sleeve,0.0,0.0
5444,54,AW19,long sleeve,0.0,0.0
5444,49,AW19,long sleeve,0.0,0.0
5444,15,AW19,long sleeve,0.0,0.0
5494,84,AW19,long sleeve,0.0,0.0
5444,92,AW19,long sleeve,0.0,0.0
5444,56,AW19,long sleeve,0.0,0.0188679245283018
5494,19,AW19,long sleeve,0.0,0.0
5511,5,AW19,long sleeve,0.0,0.0188679245283018
5495,29,AW19,solid color top,0.0,0.0
5495,105,AW19,solid color top,0.0,0.0
5495,12,AW19,solid color top,0.0,0.0
5442,45,AW19,solid color top,0.0,0.0
5441,20,AW19,long dress,0.0566037735849056,0.0
5441,83,AW19,long dress,0.0188679245283018,0.0566037735849056
5441,121,AW19,long dress,0.0,0.0
5441,74,AW19,long dress,0.0,0.0188679245283018
5441,69,AW19,long dress,0.0188679245283018,0.0188679245283018
5525,12,AW19,long sleeve,0.0188679245283018,0.1509433962264151
5015,5,AW19,medium coat,0.0,0.0
5467,31,AW19,sleeveless,0.0188679245283018,0.0566037735849056
5033,104,AW19,medium coat,0.0,0.0
5467,56,AW19,sleeveless,0.0,0.0188679245283018
5051,77,AW19,trapeze dress,0.0,0.0188679245283018
5467,93,AW19,sleeveless,0.0,0.0
5502,88,AW19,long sleeve,0.0,0.0188679245283018
5467,76,AW19,sleeveless,0.0,0.0
5467,77,AW19,sleeveless,0.0188679245283018,0.0188679245283018
5467,83,AW19,sleeveless,0.0,0.0
5525,51,AW19,long sleeve,0.0377358490566037,0.0943396226415094
5467,32,AW19,sleeveless,0.0,0.0
5340,85,AW19,culottes,0.0188679245283018,0.0377358490566037
5511,12,AW19,long sleeve,0.0,0.0
5442,22,AW19,solid color top,0.0,0.0
5441,77,AW19,long dress,0.0,0.0
5341,79,AW19,kimono dress,0.0,0.0
5386,86,AW19,long sleeve,0.0188679245283018,0.0
5386,43,AW19,long sleeve,0.0,0.0
4907,88,AW19,culottes,0.0,0.0
5455,24,AW19,solid color top,0.0188679245283018,0.0943396226415094
5455,89,AW19,solid color top,0.0,0.0
5485,18,AW19,short sleeves,0.0,0.0
5485,44,AW19,short sleeves,0.0188679245283018,0.0377358490566037
5485,115,AW19,short sleeves,0.0,0.0188679245283018
5515,5,AW19,long sleeve,0.0,0.0188679245283018
5510,96,AW19,short sleeves,0.0377358490566037,0.0
5455,38,AW19,solid color top,0.0,0.0
5485,76,AW19,short sleeves,0.0377358490566037,0.0754716981132075
5510,7,AW19,short sleeves,0.0,0.0188679245283018
5455,109,AW19,solid color top,0.0,0.0377358490566037
5510,105,AW19,short sleeves,0.0,0.0
5510,19,AW19,short sleeves,0.0,0.0
5510,43,AW19,short sleeves,0.0377358490566037,0.0754716981132075
5341,28,AW19,kimono dress,0.0,0.0377358490566037
5510,3,AW19,short sleeves,0.0,0.0188679245283018
5440,53,AW19,sleeveless,0.0,0.0
5510,93,AW19,short sleeves,0.0,0.0377358490566037
5510,76,AW19,short sleeves,0.0377358490566037,0.0188679245283018
5455,106,AW19,solid color top,0.0,0.0
5455,16,AW19,solid color top,0.0,0.0
5455,56,AW19,solid color top,0.0,0.0
5485,43,AW19,short sleeves,0.0377358490566037,0.0943396226415094
5341,64,AW19,kimono dress,0.0,0.0188679245283018
5455,79,AW19,solid color top,0.0,0.0377358490566037
5059,81,AW19,kimono dress,0.0377358490566037,0.0377358490566037
5059,26,AW19,kimono dress,0.0,0.0
5059,46,AW19,kimono dress,0.0,0.0188679245283018
4904,105,AW19,long sleeve,0.0188679245283018,0.0377358490566037
5064,2,AW19,kimono dress,0.0,0.0
5064,19,AW19,kimono dress,0.0,0.0
5064,14,AW19,kimono dress,0.0188679245283018,0.0
5064,46,AW19,kimono dress,0.0,0.0
5446,15,AW19,long sleeve,0.0188679245283018,0.0188679245283018
5455,39,AW19,solid color top,0.0,0.0188679245283018
4947,83,AW19,culottes,0.0,0.0
5485,96,AW19,short sleeves,0.0188679245283018,0.0
5455,73,AW19,solid color top,0.0,0.0
5455,110,AW19,solid color top,0.0,0.0
5455,3,AW19,solid color top,0.0,0.0
5485,105,AW19,short sleeves,0.0,0.0754716981132075
5485,19,AW19,short sleeves,0.0,0.0377358490566037
5485,75,AW19,short sleeves,0.1320754716981132,0.0377358490566037
5485,92,AW19,short sleeves,0.0188679245283018,0.0377358490566037
5440,8,AW19,sleeveless,0.0,0.0
5510,1,AW19,short sleeves,0.0,0.0
5439,18,AW19,solid color top,0.0,0.0
5510,101,AW19,short sleeves,0.0,0.0
5463,66,AW19,sheath dress,0.0,0.0
5439,7,AW19,solid color top,0.0,0.0
5439,49,AW19,solid color top,0.0,0.0
5389,4,AW19,long sleeve,0.0,0.0
5455,32,AW19,solid color top,0.0,0.0
5389,67,AW19,long sleeve,0.0,0.0
5389,51,AW19,long sleeve,0.0,0.0188679245283018
5389,89,AW19,long sleeve,0.0754716981132075,0.0377358490566037
5463,9,AW19,sheath dress,0.0188679245283018,0.0188679245283018
5389,13,AW19,long sleeve,0.0,0.0188679245283018
5389,3,AW19,long sleeve,0.0377358490566037,0.0754716981132075
5389,9,AW19,long sleeve,0.0,0.0754716981132075
5463,45,AW19,sheath dress,0.0188679245283018,0.0188679245283018
5386,63,AW19,long sleeve,0.0,0.0188679245283018
5463,76,AW19,sheath dress,0.0188679245283018,0.0377358490566037
5463,51,AW19,sheath dress,0.0,0.0
5386,107,AW19,long sleeve,0.0377358490566037,0.0
5335,72,AW19,shirt dress,0.0,0.0188679245283018
4724,38,AW19,long coat,0.0,0.0
5335,33,AW19,shirt dress,0.0,0.0
5463,53,AW19,sheath dress,0.0,0.0
5389,125,AW19,long sleeve,0.0188679245283018,0.0
5494,43,AW19,long sleeve,0.0,0.0
5499,38,AW19,short cardigan,0.0,0.0
5425,6,AW19,long sleeve,0.0,0.0188679245283018
5510,82,AW19,short sleeves,0.0188679245283018,0.0
5439,81,AW19,solid color top,0.0,0.0
5439,121,AW19,solid color top,0.0,0.0377358490566037
5463,2,AW19,sheath dress,0.0188679245283018,0.0188679245283018
5344,4,AW19,doll dress,0.0188679245283018,0.0943396226415094
5510,18,AW19,short sleeves,0.0,0.0
5510,115,AW19,short sleeves,0.0,0.0377358490566037
5439,107,AW19,solid color top,0.0,0.0188679245283018
5463,7,AW19,sheath dress,0.0377358490566037,0.0
5439,56,AW19,solid color top,0.0,0.0
5417,24,AW19,long sleeve,0.0,0.0188679245283018
5417,74,AW19,long sleeve,0.0188679245283018,0.0
5417,0,AW19,long sleeve,0.0188679245283018,0.0
5344,23,AW19,doll dress,0.0377358490566037,0.0188679245283018
5417,4,AW19,long sleeve,0.0,0.0
5417,59,AW19,long sleeve,0.0,0.0
5407,80,AW19,long sleeve,0.0,0.0
5455,67,AW19,solid color top,0.0188679245283018,0.0377358490566037
5407,69,AW19,long sleeve,0.0,0.0377358490566037
5407,0,AW19,long sleeve,0.0,0.0188679245283018
5425,7,AW19,long sleeve,0.0,0.0
5463,94,AW19,sheath dress,0.0,0.0
5494,80,AW19,long sleeve,0.0,0.0
5467,22,AW19,sleeveless,0.0,0.0
5474,85,AW19,long dress,0.0,0.0
5498,36,AW19,doll dress,0.0,0.0188679245283018
5521,75,AW19,long coat,0.0,0.0
5474,14,AW19,long dress,0.0,0.0
5474,19,AW19,long dress,0.0,0.0
5527,93,AW19,long coat,0.0,0.0188679245283018
5474,66,AW19,long dress,0.0188679245283018,0.0
5474,94,AW19,long dress,0.0,0.0
5521,30,AW19,long coat,0.0,0.0377358490566037
5498,46,AW19,doll dress,0.0,0.0
5521,19,AW19,long coat,0.0,0.0
5501,77,AW19,long dress,0.0,0.0
5474,15,AW19,long dress,0.0,0.0
5474,10,AW19,long dress,0.0,0.0188679245283018
5474,12,AW19,long dress,0.0,0.0
5498,81,AW19,doll dress,0.0188679245283018,0.0188679245283018
5474,2,AW19,long dress,0.0,0.0
5498,95,AW19,doll dress,0.0,0.0566037735849056
5521,73,AW19,long coat,0.0188679245283018,0.0188679245283018
5521,3,AW19,long coat,0.0,0.0
5498,100,AW19,doll dress,0.0,0.0188679245283018
5053,19,AW19,culottes,0.0188679245283018,0.0
5520,101,AW19,doll dress,0.0188679245283018,0.0188679245283018
5501,80,AW19,long dress,0.0,0.0188679245283018
5521,93,AW19,long coat,0.0,0.0
5501,85,AW19,long dress,0.0,0.0188679245283018
5527,26,AW19,long coat,0.0566037735849056,0.0
5409,53,AW19,culottes,0.0,0.0
5474,32,AW19,long dress,0.0,0.0188679245283018
5409,83,AW19,culottes,0.0188679245283018,0.0
5474,47,AW19,long dress,0.0,0.0
5474,96,AW19,long dress,0.0,0.0
5474,86,AW19,long dress,0.0,0.0
4938,84,AW19,culottes,0.0,0.0188679245283018
5498,35,AW19,doll dress,0.0,0.0188679245283018
5529,80,AW19,culottes,0.0188679245283018,0.0377358490566037
5498,89,AW19,doll dress,0.0188679245283018,0.0
5474,77,AW19,long dress,0.0,0.0
5474,51,AW19,long dress,0.0,0.0
5474,89,AW19,long dress,0.0,0.0
5498,68,AW19,doll dress,0.0,0.0188679245283018
5498,1,AW19,doll dress,0.0377358490566037,0.0377358490566037
5474,76,AW19,long dress,0.0188679245283018,0.0
5521,43,AW19,long coat,0.0188679245283018,0.0188679245283018
5474,22,AW19,long dress,0.0,0.0
5474,38,AW19,long dress,0.0,0.0377358490566037
5501,76,AW19,long dress,0.0,0.0
5529,12,AW19,culottes,0.0188679245283018,0.0
5474,20,AW19,long dress,0.0188679245283018,0.0
5474,56,AW19,long dress,0.0188679245283018,0.0188679245283018
5474,99,AW19,long dress,0.0,0.0
5474,5,AW19,long dress,0.0,0.0
5474,43,AW19,long dress,0.0,0.0188679245283018
5498,40,AW19,doll dress,0.0377358490566037,0.0
5474,82,AW19,long dress,0.0,0.0
5529,46,AW19,culottes,0.0188679245283018,0.0188679245283018
5474,80,AW19,long dress,0.0188679245283018,0.0566037735849056
5498,13,AW19,doll dress,0.0,0.0188679245283018
5501,36,AW19,long dress,0.0188679245283018,0.0943396226415094
5498,93,AW19,doll dress,0.0,0.0
5474,73,AW19,long dress,0.0,0.0
5474,9,AW19,long dress,0.0,0.0377358490566037
5501,5,AW19,long dress,0.0188679245283018,0.0188679245283018
4931,49,AW19,culottes,0.0188679245283018,0.0
5498,121,AW19,doll dress,0.0,0.0
5501,24,AW19,long dress,0.0,0.0
5498,33,AW19,doll dress,0.0,0.0
5474,74,AW19,long dress,0.0,0.0
5474,53,AW19,long dress,0.0,0.0
5498,43,AW19,doll dress,0.0,0.0
5434,8,AW19,culottes,0.0,0.0188679245283018
5511,52,AW19,long sleeve,0.0188679245283018,0.0
5511,51,AW19,long sleeve,0.0,0.0188679245283018
5502,69,AW19,long sleeve,0.0,0.0188679245283018
5511,1,AW19,long sleeve,0.0,0.0188679245283018
5527,18,AW19,long coat,0.0377358490566037,0.0
5474,4,AW19,long dress,0.0,0.0
5474,18,AW19,long dress,0.0,0.0
5521,125,AW19,long coat,0.0188679245283018,0.0
5474,41,AW19,long dress,0.0,0.0
5502,100,AW19,long sleeve,0.0,0.0
5498,12,AW19,doll dress,0.0,0.0
5409,68,AW19,culottes,0.0188679245283018,0.0
5001,85,AW19,long sleeve,0.0,0.0943396226415094
5511,53,AW19,long sleeve,0.0188679245283018,0.0188679245283018
5527,19,AW19,long coat,0.0188679245283018,0.0188679245283018
5474,29,AW19,long dress,0.0,0.0
5434,105,AW19,culottes,0.0566037735849056,0.0377358490566037
5398,105,AW19,medium coat,0.0,0.0
5444,82,AW19,long sleeve,0.0,0.0
5474,21,AW19,long dress,0.0,0.0
5444,83,AW19,long sleeve,0.0,0.0754716981132075
5474,8,AW19,long dress,0.0,0.0
5494,5,AW19,long sleeve,0.0,0.0
5434,53,AW19,culottes,0.0,0.0
5444,121,AW19,long sleeve,0.0188679245283018,0.0
5444,46,AW19,long sleeve,0.0,0.0
5494,74,AW19,long sleeve,0.0,0.0
5494,35,AW19,long sleeve,0.0,0.0
5494,29,AW19,long sleeve,0.0,0.0
5474,115,AW19,long dress,0.0,0.0
5502,53,AW19,long sleeve,0.0,0.0
5520,12,AW19,doll dress,0.0,0.0
5521,8,AW19,long coat,0.0,0.0
5511,46,AW19,long sleeve,0.0188679245283018,0.0566037735849056
5474,46,AW19,long dress,0.0,0.0
5498,86,AW19,doll dress,0.0,0.0
5409,117,AW19,culottes,0.0,0.0188679245283018
5409,80,AW19,culottes,0.0,0.0
5409,105,AW19,culottes,0.0,0.0754716981132075
5520,64,AW19,doll dress,0.0,0.0377358490566037
4603,105,AW19,culottes,0.0188679245283018,0.0188679245283018
5501,12,AW19,long dress,0.0,0.0566037735849056
5521,20,AW19,long coat,0.0,0.0188679245283018
4662,24,AW19,culottes,0.0,0.0
5521,12,AW19,long coat,0.0,0.0
4975,105,AW19,culottes,0.0,0.0188679245283018
5498,15,AW19,doll dress,0.0,0.0
5474,35,AW19,long dress,0.0,0.0
4924,21,AW19,long coat,0.0,0.0188679245283018
5474,69,AW19,long dress,0.0,0.0
5521,86,AW19,long coat,0.0,0.0188679245283018
5017,92,AW19,culottes,0.0188679245283018,0.0
5521,46,AW19,long coat,0.0,0.0
5521,18,AW19,long coat,0.0,0.0
5501,30,AW19,long dress,0.0,0.0377358490566037
4922,5,AW19,long coat,0.0,0.0377358490566037
5474,36,AW19,long dress,0.1320754716981132,0.0377358490566037
5498,49,AW19,doll dress,0.0,0.0
5521,36,AW19,long coat,0.0,0.0188679245283018
5527,3,AW19,long coat,0.0,0.0
5393,18,AW19,kimono dress,0.0,0.0
5473,49,AW19,culottes,0.0,0.0
5475,32,AW19,culottes,0.0,0.0
5443,108,AW19,long coat,0.0,0.0
5475,83,AW19,culottes,0.0,0.0
5475,82,AW19,culottes,0.0,0.0
5475,108,AW19,culottes,0.0,0.0
5517,43,AW19,long sleeve,0.0,0.0377358490566037
5501,1,AW19,long dress,0.0,0.0188679245283018
5475,73,AW19,culottes,0.0,0.0188679245283018
5070,105,AW19,long coat,0.0,0.0
5501,46,AW19,long dress,0.0188679245283018,0.0188679245283018
5393,85,AW19,kimono dress,0.0188679245283018,0.0188679245283018
5517,91,AW19,long sleeve,0.0,0.0
5473,10,AW19,culottes,0.0,0.0
5475,3,AW19,culottes,0.1320754716981132,0.0943396226415094
5393,100,AW19,kimono dress,0.0,0.0
5475,80,AW19,culottes,0.0,0.0
5500,89,AW19,culottes,0.0,0.0188679245283018
5501,2,AW19,long dress,0.0188679245283018,0.0188679245283018
5500,22,AW19,culottes,0.0188679245283018,0.0
5475,100,AW19,culottes,0.0,0.0
5500,93,AW19,culottes,0.0,0.0188679245283018
5475,57,AW19,culottes,0.0377358490566037,0.0188679245283018
4939,108,AW19,culottes,0.0,0.0188679245283018
5500,13,AW19,culottes,0.0,0.0
5452,86,AW19,long coat,0.0188679245283018,0.0
5475,115,AW19,culottes,0.0,0.0566037735849056
5502,36,AW19,long sleeve,0.0,0.0
5500,3,AW19,culottes,0.0188679245283018,0.0
5517,101,AW19,long sleeve,0.0,0.0188679245283018
5517,82,AW19,long sleeve,0.0188679245283018,0.0
5023,108,AW19,medium cardigan,0.0,0.0
5475,41,AW19,culottes,0.0,0.0
4697,79,AW19,short cardigan,0.0,0.0
5517,95,AW19,long sleeve,0.0,0.0
5502,40,AW19,long sleeve,0.0,0.0
5500,39,AW19,culottes,0.0,0.0
5502,77,AW19,long sleeve,0.0,0.0188679245283018
5502,3,AW19,long sleeve,0.0,0.0188679245283018
5502,10,AW19,long sleeve,0.0,0.0
5500,1,AW19,culottes,0.0377358490566037,0.0566037735849056
5475,8,AW19,culottes,0.0,0.0188679245283018
5023,87,AW19,medium cardigan,0.0188679245283018,0.0188679245283018
4939,87,AW19,culottes,0.0,0.0188679245283018
5500,95,AW19,culottes,0.0,0.0377358490566037
5500,46,AW19,culottes,0.0,0.0377358490566037
5500,81,AW19,culottes,0.0,0.0188679245283018
5500,35,AW19,culottes,0.0188679245283018,0.0
5475,81,AW19,culottes,0.0,0.0
5501,9,AW19,long dress,0.0,0.0188679245283018
5515,50,AW19,long sleeve,0.0188679245283018,0.0188679245283018
5473,30,AW19,culottes,0.0,0.0188679245283018
5475,39,AW19,culottes,0.0,0.0566037735849056
5393,57,AW19,kimono dress,0.0,0.0
5500,53,AW19,culottes,0.0,0.0188679245283018
5475,53,AW19,culottes,0.0,0.0
5501,75,AW19,long dress,0.0,0.0377358490566037
5501,94,AW19,long dress,0.0,0.0188679245283018
5337,105,AW19,kimono dress,0.0188679245283018,0.0188679245283018
5475,26,AW19,culottes,0.0,0.0
5515,73,AW19,long sleeve,0.0,0.0188679245283018
5515,12,AW19,long sleeve,0.0,0.0
5501,7,AW19,long dress,0.0,0.0377358490566037
5500,20,AW19,culottes,0.0,0.0
5337,48,AW19,kimono dress,0.0,0.0377358490566037
5475,0,AW19,culottes,0.0188679245283018,0.0
5517,117,AW19,long sleeve,0.0,0.0188679245283018
5517,76,AW19,long sleeve,0.0,0.0
5515,108,AW19,long sleeve,0.0566037735849056,0.0754716981132075
5473,19,AW19,culottes,0.0,0.0
5522,9,AW19,solid color top,0.0188679245283018,0.0
5473,39,AW19,culottes,0.0188679245283018,0.0
5525,20,AW19,long sleeve,0.0188679245283018,0.0188679245283018
5522,85,AW19,solid color top,0.0,0.0
4694,75,AW19,long sleeve,0.0377358490566037,0.0188679245283018
5475,47,AW19,culottes,0.0,0.0
5351,42,AW19,kimono dress,0.0,0.0188679245283018
5535,41,AW19,kimono dress,0.0,0.0
5525,52,AW19,long sleeve,0.0188679245283018,0.0188679245283018
5525,56,AW19,long sleeve,0.0,0.0188679245283018
5473,81,AW19,culottes,0.0,0.0
5475,7,AW19,culottes,0.0188679245283018,0.0
5525,108,AW19,long sleeve,0.0188679245283018,0.1320754716981132
5522,35,AW19,solid color top,0.0,0.0188679245283018
5475,68,AW19,culottes,0.0377358490566037,0.0188679245283018
5525,73,AW19,long sleeve,0.0,0.0566037735849056
5473,40,AW19,culottes,0.0,0.0188679245283018
5475,15,AW19,culottes,0.0,0.0
5515,0,AW19,long sleeve,0.0377358490566037,0.0377358490566037
5520,36,AW19,doll dress,0.0,0.0754716981132075
5535,64,AW19,kimono dress,0.0188679245283018,0.0377358490566037
5473,53,AW19,culottes,0.0,0.0
5535,29,AW19,kimono dress,0.0,0.0188679245283018
5522,46,AW19,solid color top,0.0188679245283018,0.0377358490566037
5069,29,AW19,long sleeve,0.0,0.0
5522,90,AW19,solid color top,0.0377358490566037,0.0
4926,19,AW19,long sleeve,0.0377358490566037,0.0188679245283018
5351,16,AW19,kimono dress,0.0,0.0
5525,94,AW19,long sleeve,0.0,0.0566037735849056
5525,53,AW19,long sleeve,0.0188679245283018,0.0
5387,10,AW19,kimono dress,0.0,0.0188679245283018
5511,30,AW19,long sleeve,0.0,0.0
5522,80,AW19,solid color top,0.0377358490566037,0.0377358490566037
5393,65,AW19,kimono dress,0.0188679245283018,0.0
5522,39,AW19,solid color top,0.0,0.0
5522,43,AW19,solid color top,0.0,0.0188679245283018
5522,79,AW19,solid color top,0.0377358490566037,0.0188679245283018
5511,56,AW19,long sleeve,0.0,0.0
5522,60,AW19,solid color top,0.0188679245283018,0.0188679245283018
5511,13,AW19,long sleeve,0.0377358490566037,0.0
5393,105,AW19,kimono dress,0.0,0.0
5522,47,AW19,solid color top,0.0188679245283018,0.0188679245283018
5522,31,AW19,solid color top,0.0,0.0
5511,20,AW19,long sleeve,0.0377358490566037,0.0377358490566037
5511,43,AW19,long sleeve,0.0,0.0
5511,75,AW19,long sleeve,0.0188679245283018,0.0
5475,93,AW19,culottes,0.0,0.0377358490566037
5522,15,AW19,solid color top,0.0188679245283018,0.0
5473,29,AW19,culottes,0.0,0.0188679245283018
5511,35,AW19,long sleeve,0.0,0.0
5387,75,AW19,kimono dress,0.0566037735849056,0.0
5511,81,AW19,long sleeve,0.0,0.0188679245283018
5511,19,AW19,long sleeve,0.0,0.0
5353,39,AW19,long sleeve,0.0,0.0188679245283018
5475,76,AW19,culottes,0.0,0.0
5387,91,AW19,kimono dress,0.0,0.0
5511,15,AW19,long sleeve,0.0,0.0188679245283018
5073,103,AW19,medium coat,0.0377358490566037,0.0377358490566037
5511,7,AW19,long sleeve,0.0,0.0188679245283018
5428,80,AW19,sheath dress,0.0188679245283018,0.0
5428,108,AW19,sheath dress,0.0,0.0
5535,104,AW19,kimono dress,0.0,0.0
5535,125,AW19,kimono dress,0.0188679245283018,0.0188679245283018
5515,51,AW19,long sleeve,0.0188679245283018,0.0188679245283018
5535,69,AW19,kimono dress,0.0,0.0
5473,76,AW19,culottes,0.0188679245283018,0.0
5473,93,AW19,culottes,0.0188679245283018,0.0
5535,40,AW19,kimono dress,0.0,0.0
5522,5,AW19,solid color top,0.0,0.0377358490566037
5443,10,AW19,long coat,0.0,0.0377358490566037
5535,53,AW19,kimono dress,0.0,0.0
5535,67,AW19,kimono dress,0.0,0.0
5387,108,AW19,kimono dress,0.0,0.0
5515,89,AW19,long sleeve,0.0,0.0188679245283018
5428,36,AW19,sheath dress,0.0,0.0
5520,15,AW19,doll dress,0.0,0.0188679245283018
5535,85,AW19,kimono dress,0.0,0.0
5428,18,AW19,sheath dress,0.0,0.0188679245283018
5535,72,AW19,kimono dress,0.0,0.0
5473,13,AW19,culottes,0.0188679245283018,0.0188679245283018
5515,22,AW19,long sleeve,0.0377358490566037,0.0
5535,106,AW19,kimono dress,0.0,0.0188679245283018
5535,101,AW19,kimono dress,0.0,0.0
5473,108,AW19,culottes,0.0,0.0
5473,3,AW19,culottes,0.0188679245283018,0.0
5475,38,AW19,culottes,0.0,0.0
5520,49,AW19,doll dress,0.0188679245283018,0.0188679245283018
4969,77,AW19,long sleeve,0.0,0.0
5395,62,AW19,doll dress,0.0,0.0188679245283018
5473,73,AW19,culottes,0.0188679245283018,0.0
5520,94,AW19,doll dress,0.0,0.0188679245283018
5393,107,AW19,kimono dress,0.0377358490566037,0.0
5520,75,AW19,doll dress,0.0377358490566037,0.0188679245283018
5535,35,AW19,kimono dress,0.0,0.0
5535,115,AW19,kimono dress,0.0,0.0
5473,121,AW19,culottes,0.0,0.0
5520,56,AW19,doll dress,0.0188679245283018,0.0
5393,108,AW19,kimono dress,0.0,0.0
5535,21,AW19,kimono dress,0.0,0.0
5473,83,AW19,culottes,0.0,0.0
5393,99,AW19,kimono dress,0.0,0.0377358490566037
5535,63,AW19,kimono dress,0.0,0.0
5515,20,AW19,long sleeve,0.0188679245283018,0.0188679245283018
5535,59,AW19,kimono dress,0.0,0.0
5473,106,AW19,culottes,0.0,0.0
5387,57,AW19,kimono dress,0.0566037735849056,0.0188679245283018
5535,4,AW19,kimono dress,0.0,0.0
5520,108,AW19,doll dress,0.0377358490566037,0.0566037735849056
5387,59,AW19,kimono dress,0.0,0.0
5535,95,AW19,kimono dress,0.0,0.0
5351,105,AW19,kimono dress,0.0188679245283018,0.0377358490566037
5475,84,AW19,culottes,0.0,0.0
5520,9,AW19,doll dress,0.0188679245283018,0.0377358490566037
5535,18,AW19,kimono dress,0.0,0.0
5535,36,AW19,kimono dress,0.0,0.0
5428,101,AW19,sheath dress,0.0377358490566037,0.0188679245283018
5520,73,AW19,doll dress,0.0377358490566037,0.0
5535,81,AW19,kimono dress,0.0377358490566037,0.0
5428,82,AW19,sheath dress,0.0,0.0
5515,47,AW19,long sleeve,0.0188679245283018,0.0
5515,1,AW19,long sleeve,0.0,0.0377358490566037
5428,85,AW19,sheath dress,0.0,0.0
5429,81,AW19,patterned top,0.0,0.0
5547,12,AW19,kimono dress,0.0,0.0
5025,19,AW19,long sleeve,0.0,0.0
5540,20,AW19,culottes,0.0188679245283018,0.0
5540,27,AW19,culottes,0.0188679245283018,0.0
5540,72,AW19,culottes,0.0188679245283018,0.0
5540,53,AW19,culottes,0.0,0.0188679245283018
5540,40,AW19,culottes,0.0,0.0188679245283018
5540,81,AW19,culottes,0.0,0.0
4435,45,AW19,patterned top,0.0188679245283018,0.0188679245283018
5540,36,AW19,culottes,0.0,0.0
5540,46,AW19,culottes,0.0,0.0188679245283018
5540,68,AW19,culottes,0.0,0.0377358490566037
5540,18,AW19,culottes,0.0188679245283018,0.0
5540,0,AW19,culottes,0.0,0.0
5540,103,AW19,culottes,0.0,0.0
5540,8,AW19,culottes,0.0,0.0
5540,59,AW19,culottes,0.0,0.0
5540,21,AW19,culottes,0.0377358490566037,0.0
5540,115,AW19,culottes,0.0188679245283018,0.0
5540,29,AW19,culottes,0.0,0.0
5545,2,AW19,medium coat,0.0,0.0
5545,12,AW19,medium coat,0.0188679245283018,0.0188679245283018
5540,95,AW19,culottes,0.0,0.0188679245283018
5545,10,AW19,medium coat,0.0188679245283018,0.0377358490566037
5540,77,AW19,culottes,0.0188679245283018,0.0
5540,89,AW19,culottes,0.0,0.0
5529,43,AW19,culottes,0.0,0.0
5529,9,AW19,culottes,0.0,0.0377358490566037
5529,108,AW19,culottes,0.0188679245283018,0.0377358490566037
4977,87,AW19,doll dress,0.0,0.0
4938,13,AW19,culottes,0.0,0.0
5540,54,AW19,culottes,0.0188679245283018,0.0
5540,12,AW19,culottes,0.0,0.0377358490566037
5540,7,AW19,culottes,0.0,0.0188679245283018
5540,15,AW19,culottes,0.0,0.0
5540,51,AW19,culottes,0.0566037735849056,0.0
5540,65,AW19,culottes,0.0,0.0
5540,43,AW19,culottes,0.0188679245283018,0.0
4977,108,AW19,doll dress,0.0,0.0
5540,39,AW19,culottes,0.0,0.0
5540,3,AW19,culottes,0.0377358490566037,0.0
5540,5,AW19,culottes,0.0,0.0
5540,99,AW19,culottes,0.0,0.0188679245283018
5540,16,AW19,culottes,0.0,0.0188679245283018
5540,13,AW19,culottes,0.0188679245283018,0.0
5540,22,AW19,culottes,0.0377358490566037,0.0
5540,75,AW19,culottes,0.0,0.0
5545,7,AW19,medium coat,0.0,0.0
5545,31,AW19,medium coat,0.0188679245283018,0.0188679245283018
5545,94,AW19,medium coat,0.0,0.0377358490566037
5536,2,AW19,medium coat,0.0377358490566037,0.0754716981132075
5381,32,AW19,long sleeve,0.0188679245283018,0.0188679245283018
5536,31,AW19,medium coat,0.0754716981132075,0.0188679245283018
5536,19,AW19,medium coat,0.0188679245283018,0.0754716981132075
5536,75,AW19,medium coat,0.0188679245283018,0.0566037735849056
5381,95,AW19,long sleeve,0.0188679245283018,0.0
5536,80,AW19,medium coat,0.0,0.0188679245283018
5536,73,AW19,medium coat,0.0,0.0377358490566037
5536,3,AW19,medium coat,0.0188679245283018,0.0377358490566037
5536,30,AW19,medium coat,0.0188679245283018,0.0377358490566037
5536,108,AW19,medium coat,0.0566037735849056,0.0377358490566037
5536,51,AW19,medium coat,0.0,0.0943396226415094
5536,87,AW19,medium coat,0.0,0.0943396226415094
5536,20,AW19,medium coat,0.0,0.0188679245283018
5536,74,AW19,medium coat,0.0,0.0566037735849056
5536,57,AW19,medium coat,0.1320754716981132,0.0188679245283018
5536,115,AW19,medium coat,0.0566037735849056,0.0754716981132075
5448,108,AW19,medium coat,0.0,0.0188679245283018
5448,87,AW19,medium coat,0.0188679245283018,0.0
4970,88,AW19,long coat,0.0,0.0
5536,76,AW19,medium coat,0.0377358490566037,0.0188679245283018
5545,41,AW19,medium coat,0.0,0.0
5381,16,AW19,long sleeve,0.0,0.0
5545,29,AW19,medium coat,0.0,0.0188679245283018
5545,19,AW19,medium coat,0.0188679245283018,0.0
5545,75,AW19,medium coat,0.0,0.0
5545,80,AW19,medium coat,0.0,0.0
5545,73,AW19,medium coat,0.0,0.0
5545,108,AW19,medium coat,0.0,0.0188679245283018
5545,5,AW19,medium coat,0.0,0.0
5545,99,AW19,medium coat,0.0,0.0
5545,56,AW19,medium coat,0.0188679245283018,0.0
5545,93,AW19,medium coat,0.0188679245283018,0.0
5545,33,AW19,medium coat,0.0377358490566037,0.0188679245283018
5545,24,AW19,medium coat,0.0188679245283018,0.0377358490566037
5545,77,AW19,medium coat,0.0188679245283018,0.0377358490566037
5545,107,AW19,medium coat,0.0188679245283018,0.0
5545,67,AW19,medium coat,0.0,0.0188679245283018
5545,74,AW19,medium coat,0.0,0.0
5545,69,AW19,medium coat,0.0188679245283018,0.0
5545,95,AW19,medium coat,0.0,0.0188679245283018
5545,8,AW19,medium coat,0.0188679245283018,0.0377358490566037
5545,104,AW19,medium coat,0.0,0.0188679245283018
5381,88,AW19,long sleeve,0.0188679245283018,0.0377358490566037
5381,3,AW19,long sleeve,0.0,0.0
5529,15,AW19,culottes,0.0,0.0377358490566037
5462,49,AW19,medium coat,0.0,0.0377358490566037
4900,108,AW19,culottes,0.0,0.0
4925,30,AW19,culottes,0.0188679245283018,0.0
5441,102,AW19,long dress,0.0,0.0188679245283018
5441,125,AW19,long dress,0.0377358490566037,0.0
5467,7,AW19,sleeveless,0.0,0.0
5467,14,AW19,sleeveless,0.0,0.0188679245283018
5467,92,AW19,sleeveless,0.0188679245283018,0.0
5467,80,AW19,sleeveless,0.0,0.0
5467,9,AW19,sleeveless,0.0,0.0188679245283018
5467,117,AW19,sleeveless,0.0,0.0
5467,106,AW19,sleeveless,0.0566037735849056,0.0188679245283018
5441,21,AW19,long dress,0.0,0.0
5467,72,AW19,sleeveless,0.0,0.0
5467,21,AW19,sleeveless,0.0,0.0
5467,125,AW19,sleeveless,0.0,0.0
5467,29,AW19,sleeveless,0.0,0.0
5340,108,AW19,culottes,0.0377358490566037,0.0
5495,96,AW19,solid color top,0.0,0.0
5495,19,AW19,solid color top,0.0,0.0377358490566037
5495,75,AW19,solid color top,0.0,0.0
5495,3,AW19,solid color top,0.0,0.0
5495,108,AW19,solid color top,0.0,0.0
5467,103,AW19,sleeveless,0.0,0.0
5495,93,AW19,solid color top,0.0,0.0
5441,100,AW19,long dress,0.0,0.0188679245283018
5441,103,AW19,long dress,0.0,0.0
5463,0,AW19,sheath dress,0.0188679245283018,0.0
5463,8,AW19,sheath dress,0.0188679245283018,0.0188679245283018
5463,21,AW19,sheath dress,0.0,0.0
5463,104,AW19,sheath dress,0.0,0.0377358490566037
5464,22,AW19,sheath dress,0.0,0.0
5464,83,AW19,sheath dress,0.0,0.0188679245283018
5464,85,AW19,sheath dress,0.0,0.0
5464,121,AW19,sheath dress,0.0188679245283018,0.0
5464,35,AW19,sheath dress,0.0,0.0
5441,63,AW19,long dress,0.0,0.0188679245283018
5464,36,AW19,sheath dress,0.0,0.0377358490566037
5441,7,AW19,long dress,0.0,0.0
5441,75,AW19,long dress,0.0,0.0188679245283018
5441,79,AW19,long dress,0.0,0.0
5441,39,AW19,long dress,0.0,0.0
5441,110,AW19,long dress,0.0,0.0188679245283018
5441,22,AW19,long dress,0.0,0.0
5441,51,AW19,long dress,0.0,0.0188679245283018
5441,1,AW19,long dress,0.0377358490566037,0.0188679245283018
5441,36,AW19,long dress,0.0,0.0
5464,29,AW19,sheath dress,0.0,0.0
5495,76,AW19,solid color top,0.0566037735849056,0.0188679245283018
5495,77,AW19,solid color top,0.0188679245283018,0.0
5495,83,AW19,solid color top,0.0,0.0
5549,5,AW19,short coat,0.0,0.0188679245283018
5549,28,AW19,short coat,0.0,0.0188679245283018
5549,16,AW19,short coat,0.0,0.0188679245283018
5549,22,AW19,short coat,0.0,0.0188679245283018
5549,89,AW19,short coat,0.0,0.0188679245283018
5549,87,AW19,short coat,0.0188679245283018,0.0
5549,68,AW19,short coat,0.0,0.0
5549,1,AW19,short coat,0.0,0.0
5549,42,AW19,short coat,0.0,0.0
5549,108,AW19,short coat,0.0188679245283018,0.0377358490566037
5549,83,AW19,short coat,0.0,0.0
5549,36,AW19,short coat,0.0377358490566037,0.0377358490566037
5549,46,AW19,short coat,0.0,0.0
5549,18,AW19,short coat,0.0,0.0
5549,95,AW19,short coat,0.0,0.0
5549,64,AW19,short coat,0.0,0.0188679245283018
5549,41,AW19,short coat,0.0,0.0
4979,102,AW19,culottes,0.0,0.0188679245283018
5409,57,AW19,culottes,0.0,0.0188679245283018
5409,64,AW19,culottes,0.0,0.0377358490566037
5549,35,AW19,short coat,0.0188679245283018,0.0
5549,73,AW19,short coat,0.0,0.0188679245283018
5549,80,AW19,short coat,0.0,0.0
5549,43,AW19,short coat,0.0,0.0188679245283018
5495,81,AW19,solid color top,0.0188679245283018,0.0188679245283018
5495,95,AW19,solid color top,0.0188679245283018,0.0377358490566037
5495,104,AW19,solid color top,0.0377358490566037,0.0754716981132075
4845,13,AW19,sleeveless,0.0,0.0
5444,31,AW19,long sleeve,0.0,0.0
5444,93,AW19,long sleeve,0.0,0.0
5444,33,AW19,long sleeve,0.0,0.0188679245283018
5444,77,AW19,long sleeve,0.0,0.0188679245283018
5444,87,AW19,long sleeve,0.0188679245283018,0.0188679245283018
5444,85,AW19,long sleeve,0.0188679245283018,0.0188679245283018
4980,83,AW19,long sleeve,0.0377358490566037,0.0
4980,41,AW19,long sleeve,0.0,0.0
5549,30,AW19,short coat,0.0188679245283018,0.0
5549,12,AW19,short coat,0.0377358490566037,0.0566037735849056
5549,10,AW19,short coat,0.0,0.0
5549,15,AW19,short coat,0.0,0.0377358490566037
5549,31,AW19,short coat,0.0,0.0
5549,94,AW19,short coat,0.0,0.0
5549,19,AW19,short coat,0.0,0.0
5549,48,AW19,short coat,0.0,0.0
5549,86,AW19,short coat,0.0188679245283018,0.0
4925,108,AW19,culottes,0.0,0.0
5462,51,AW19,medium coat,0.0,0.0
5462,68,AW19,medium coat,0.0,0.0
5462,83,AW19,medium coat,0.0188679245283018,0.0188679245283018
5447,73,AW19,solid color top,0.0,0.0
5447,29,AW19,solid color top,0.0,0.0
5045,22,AW19,solid color top,0.0,0.0188679245283018
5057,15,AW19,solid color top,0.0,0.0377358490566037
5057,29,AW19,solid color top,0.0,0.0
5449,103,AW19,medium coat,0.0,0.0188679245283018
5449,4,AW19,medium coat,0.0,0.0188679245283018
4591,89,AW19,patterned top,0.0188679245283018,0.0188679245283018
5492,49,AW19,solid color top,0.0188679245283018,0.0
5447,75,AW19,solid color top,0.0,0.0
5492,75,AW19,solid color top,0.0,0.0
5449,39,AW19,medium coat,0.0,0.0188679245283018
5492,73,AW19,solid color top,0.0,0.0
5449,94,AW19,medium coat,0.0188679245283018,0.0
5451,23,AW19,medium coat,0.0,0.0
5492,33,AW19,solid color top,0.0,0.0
5451,50,AW19,medium coat,0.0188679245283018,0.0377358490566037
5451,13,AW19,medium coat,0.0,0.0188679245283018
5451,3,AW19,medium coat,0.0566037735849056,0.0377358490566037
5451,9,AW19,medium coat,0.0,0.0
5449,13,AW19,medium coat,0.0,0.0
5492,83,AW19,solid color top,0.0188679245283018,0.0
5490,44,AW19,culottes,0.0,0.0188679245283018
5490,108,AW19,culottes,0.0,0.0
5542,14,AW19,kimono dress,0.0,0.0
5542,56,AW19,kimono dress,0.0,0.0
5542,51,AW19,kimono dress,0.0,0.0566037735849056
5542,77,AW19,kimono dress,0.0,0.0
5542,68,AW19,kimono dress,0.0,0.0188679245283018
5542,81,AW19,kimono dress,0.0,0.0
5542,36,AW19,kimono dress,0.0,0.0
5542,95,AW19,kimono dress,0.0,0.0
4985,87,AW19,doll dress,0.0,0.0
5490,77,AW19,culottes,0.0,0.0
5542,0,AW19,kimono dress,0.0,0.0
5542,115,AW19,kimono dress,0.0188679245283018,0.0
5542,64,AW19,kimono dress,0.0,0.0
5542,41,AW19,kimono dress,0.0,0.0
4987,65,AW19,long dress,0.0188679245283018,0.0
4981,8,AW19,doll dress,0.0,0.0
4985,108,AW19,doll dress,0.0188679245283018,0.0188679245283018
5490,7,AW19,culottes,0.0,0.0
5490,94,AW19,culottes,0.0,0.0
5490,88,AW19,culottes,0.0,0.0
5542,8,AW19,kimono dress,0.0,0.0
5451,15,AW19,medium coat,0.0,0.0
4950,4,AW19,medium coat,0.0,0.0
5492,104,AW19,solid color top,0.0,0.0377358490566037
5459,74,AW19,culottes,0.0,0.0
4950,54,AW19,medium coat,0.0377358490566037,0.0188679245283018
5459,81,AW19,culottes,0.0188679245283018,0.0377358490566037
4733,19,AW19,drop sleeve,0.0,0.0188679245283018
5459,90,AW19,culottes,0.0188679245283018,0.0188679245283018
5454,2,AW19,culottes,0.0,0.0188679245283018
5454,14,AW19,culottes,0.0,0.0
5454,108,AW19,culottes,0.0,0.0
5454,22,AW19,culottes,0.0,0.0
5459,13,AW19,culottes,0.0,0.0
5454,83,AW19,culottes,0.0,0.0
4839,74,AW19,culottes,0.0188679245283018,0.0188679245283018
4758,74,AW19,culottes,0.0188679245283018,0.0
5468,54,AW19,culottes,0.0,0.0188679245283018
5468,10,AW19,culottes,0.0,0.0377358490566037
5468,108,AW19,culottes,0.0,0.0566037735849056
5046,13,AW19,medium coat,0.0,0.0754716981132075
5046,26,AW19,medium coat,0.0,0.0
5073,19,AW19,medium coat,0.0,0.0754716981132075
5073,22,AW19,medium coat,0.0188679245283018,0.0377358490566037
5454,41,AW19,culottes,0.0,0.0
4950,48,AW19,medium coat,0.0,0.0
5459,99,AW19,culottes,0.0,0.0188679245283018
5459,66,AW19,culottes,0.0,0.0188679245283018
5505,91,AW19,sleeveless,0.0188679245283018,0.0
5505,105,AW19,sleeveless,0.0,0.0
5505,13,AW19,sleeveless,0.0,0.0
5505,83,AW19,sleeveless,0.0188679245283018,0.0
5505,40,AW19,sleeveless,0.0,0.0
5493,7,AW19,sleeveless,0.0,0.0
5493,105,AW19,sleeveless,0.0,0.0
5493,80,AW19,sleeveless,0.0,0.0
5493,3,AW19,sleeveless,0.0,0.0
5493,93,AW19,sleeveless,0.0,0.0
5493,76,AW19,sleeveless,0.0,0.0188679245283018
5408,90,AW19,long sleeve,0.0,0.0188679245283018
5493,109,AW19,sleeveless,0.0,0.0
5493,83,AW19,sleeveless,0.0,0.0
5408,23,AW19,long sleeve,0.0566037735849056,0.0188679245283018
4950,101,AW19,medium coat,0.0,0.0
4844,21,AW19,doll dress,0.0,0.0
5060,65,AW19,culottes,0.0,0.0
5459,96,AW19,culottes,0.0188679245283018,0.0
5459,15,AW19,culottes,0.0,0.0
4950,108,AW19,medium coat,0.0,0.0
5542,65,AW19,kimono dress,0.0,0.0
5542,31,AW19,kimono dress,0.0,0.0
5542,15,AW19,kimono dress,0.0,0.0188679245283018
5542,12,AW19,kimono dress,0.0,0.0
5524,7,AW19,sleeveless,0.0,0.0
5524,108,AW19,sleeveless,0.0,0.0377358490566037
5524,35,AW19,sleeveless,0.0,0.0
5482,12,AW19,sleeveless,0.0,0.0188679245283018
5482,10,AW19,sleeveless,0.0188679245283018,0.0188679245283018
5482,105,AW19,sleeveless,0.0188679245283018,0.0188679245283018
5482,19,AW19,sleeveless,0.0188679245283018,0.0
5482,108,AW19,sleeveless,0.0,0.0
5482,56,AW19,sleeveless,0.0188679245283018,0.0
5524,10,AW19,sleeveless,0.0,0.0188679245283018
5482,13,AW19,sleeveless,0.0,0.0188679245283018
5482,26,AW19,sleeveless,0.0188679245283018,0.0
5523,19,AW19,sleeveless,0.0188679245283018,0.0
5523,43,AW19,sleeveless,0.0,0.0
5523,89,AW19,sleeveless,0.0566037735849056,0.0
5523,1,AW19,sleeveless,0.0188679245283018,0.0377358490566037
5523,53,AW19,sleeveless,0.0,0.0
5523,40,AW19,sleeveless,0.0,0.0
5334,50,AW19,long sleeve,0.0,0.0
5334,87,AW19,long sleeve,0.0188679245283018,0.0
5482,53,AW19,sleeveless,0.0188679245283018,0.0188679245283018
5524,12,AW19,sleeveless,0.0,0.0
5419,47,AW19,sleeveless,0.0,0.0
5419,87,AW19,sleeveless,0.0188679245283018,0.0
5462,85,AW19,medium coat,0.0188679245283018,0.0
5462,121,AW19,medium coat,0.0,0.0
5471,94,AW19,medium coat,0.0,0.0
5471,80,AW19,medium coat,0.0,0.0
5471,108,AW19,medium coat,0.0,0.0
5471,5,AW19,medium coat,0.0,0.0188679245283018
5471,22,AW19,medium coat,0.0,0.0
5471,101,AW19,medium coat,0.0,0.0188679245283018
5471,26,AW19,medium coat,0.0377358490566037,0.0
5471,103,AW19,medium coat,0.0188679245283018,0.0188679245283018
5471,8,AW19,medium coat,0.0,0.0
5471,115,AW19,medium coat,0.0,0.0
5471,125,AW19,medium coat,0.0,0.0188679245283018
5462,26,AW19,medium coat,0.0,0.0
5462,90,AW19,medium coat,0.0,0.0188679245283018
5462,57,AW19,medium coat,0.0,0.0
5450,54,AW19,medium coat,0.0,0.0
5450,108,AW19,medium coat,0.0,0.0
5450,76,AW19,medium coat,0.0188679245283018,0.0377358490566037
5419,10,AW19,sleeveless,0.0188679245283018,0.0
5419,108,AW19,sleeveless,0.0,0.1132075471698113
5334,8,AW19,long sleeve,0.0,0.0188679245283018
5335,88,AW19,shirt dress,0.0,0.0
5334,23,AW19,long sleeve,0.0377358490566037,0.0
5548,12,AW19,kimono dress,0.0,0.0188679245283018
5541,48,AW19,kimono dress,0.0,0.0
5541,14,AW19,kimono dress,0.0,0.0188679245283018
5541,43,AW19,kimono dress,0.0,0.0377358490566037
5541,73,AW19,kimono dress,0.0188679245283018,0.0
5541,3,AW19,kimono dress,0.0,0.0
5541,108,AW19,kimono dress,0.0,0.0
5541,99,AW19,kimono dress,0.0,0.0188679245283018
5541,16,AW19,kimono dress,0.0,0.0
5541,22,AW19,kimono dress,0.0,0.0188679245283018
5541,19,AW19,kimono dress,0.0,0.0
5541,51,AW19,kimono dress,0.0,0.0
5541,82,AW19,kimono dress,0.0,0.0
5541,26,AW19,kimono dress,0.0,0.0
5541,46,AW19,kimono dress,0.0,0.0
5541,18,AW19,kimono dress,0.0,0.0
5541,0,AW19,kimono dress,0.0,0.0188679245283018
5541,4,AW19,kimono dress,0.0,0.0
5541,8,AW19,kimono dress,0.0,0.0
5541,41,AW19,kimono dress,0.0188679245283018,0.0
5542,2,AW19,kimono dress,0.0,0.0377358490566037
5541,42,AW19,kimono dress,0.0377358490566037,0.0943396226415094
5541,31,AW19,kimono dress,0.0,0.0
5541,15,AW19,kimono dress,0.0188679245283018,0.0
5541,7,AW19,kimono dress,0.0,0.0188679245283018
5548,7,AW19,kimono dress,0.0188679245283018,0.0188679245283018
5548,15,AW19,kimono dress,0.0,0.0188679245283018
5548,31,AW19,kimono dress,0.0,0.0188679245283018
5548,94,AW19,kimono dress,0.0,0.0188679245283018
5548,14,AW19,kimono dress,0.0,0.0
5548,3,AW19,kimono dress,0.0566037735849056,0.0566037735849056
5548,108,AW19,kimono dress,0.0,0.0188679245283018
5548,28,AW19,kimono dress,0.0,0.0
5548,13,AW19,kimono dress,0.0,0.0188679245283018
5548,93,AW19,kimono dress,0.0188679245283018,0.0188679245283018
5548,33,AW19,kimono dress,0.0,0.0
5548,24,AW19,kimono dress,0.0,0.0
5548,20,AW19,kimono dress,0.0,0.0
5548,67,AW19,kimono dress,0.0,0.0
5548,36,AW19,kimono dress,0.0,0.0
5548,26,AW19,kimono dress,0.0,0.0
5548,18,AW19,kimono dress,0.0,0.0
5548,95,AW19,kimono dress,0.0,0.0
5548,104,AW19,kimono dress,0.0377358490566037,0.0
5541,30,AW19,kimono dress,0.0,0.0
5541,12,AW19,kimono dress,0.0188679245283018,0.0754716981132075
5548,2,AW19,kimono dress,0.0,0.0188679245283018
5463,35,AW19,sheath dress,0.0,0.0
5463,69,AW19,sheath dress,0.0,0.0
5463,32,AW19,sheath dress,0.0188679245283018,0.0
5532,85,AW19,kimono dress,0.0,0.0
5532,72,AW19,kimono dress,0.0,0.0
5532,83,AW19,kimono dress,0.0,0.0188679245283018
5532,106,AW19,kimono dress,0.0377358490566037,0.0566037735849056
5532,61,AW19,kimono dress,0.0188679245283018,0.0188679245283018
5532,101,AW19,kimono dress,0.0,0.0
5532,20,AW19,kimono dress,0.0,0.0
5532,1,AW19,kimono dress,0.0377358490566037,0.0566037735849056
5532,68,AW19,kimono dress,0.0,0.0188679245283018
5532,40,AW19,kimono dress,0.0,0.0
5532,77,AW19,kimono dress,0.0,0.0
5532,76,AW19,kimono dress,0.0,0.0
5532,24,AW19,kimono dress,0.0188679245283018,0.0188679245283018
5532,45,AW19,kimono dress,0.0,0.0
5532,52,AW19,kimono dress,0.0,0.0
5532,22,AW19,kimono dress,0.0377358490566037,0.0
5532,93,AW19,kimono dress,0.0,0.0
5532,13,AW19,kimono dress,0.0,0.0
5532,16,AW19,kimono dress,0.0,0.0
5532,99,AW19,kimono dress,0.0,0.0
5532,51,AW19,kimono dress,0.0,0.0
5532,108,AW19,kimono dress,0.0,0.0188679245283018
5532,35,AW19,kimono dress,0.0,0.0
5532,36,AW19,kimono dress,0.0,0.0
5533,15,AW19,kimono dress,0.0377358490566037,0.0377358490566037
5533,7,AW19,kimono dress,0.0,0.0
5533,10,AW19,kimono dress,0.0,0.0188679245283018
5533,12,AW19,kimono dress,0.0188679245283018,0.0566037735849056
5533,2,AW19,kimono dress,0.0,0.0566037735849056
5533,62,AW19,kimono dress,0.0,0.0
5533,30,AW19,kimono dress,0.0,0.0
5533,96,AW19,kimono dress,0.0,0.0
5532,41,AW19,kimono dress,0.0,0.0
5532,81,AW19,kimono dress,0.0,0.0
5532,64,AW19,kimono dress,0.0754716981132075,0.0
5532,125,AW19,kimono dress,0.0,0.0
5532,115,AW19,kimono dress,0.0943396226415094,0.0
5532,102,AW19,kimono dress,0.0377358490566037,0.0188679245283018
5532,63,AW19,kimono dress,0.0,0.0
5532,59,AW19,kimono dress,0.0,0.0
5532,4,AW19,kimono dress,0.0188679245283018,0.0377358490566037
5532,95,AW19,kimono dress,0.0,0.0
5532,18,AW19,kimono dress,0.0,0.0
5532,46,AW19,kimono dress,0.0,0.0
5532,29,AW19,kimono dress,0.0,0.0
5532,3,AW19,kimono dress,0.0,0.0
5532,110,AW19,kimono dress,0.0,0.0
5532,9,AW19,kimono dress,0.0,0.0
5489,49,AW19,long sleeve,0.0,0.0
5350,31,AW19,solid color top,0.0,0.0188679245283018
5350,46,AW19,solid color top,0.0,0.0
5461,108,AW19,long coat,0.0,0.0566037735849056
5461,63,AW19,long coat,0.0,0.0
5043,108,AW19,short sleeves,0.0,0.0
4613,105,AW19,short sleeves,0.0188679245283018,0.0188679245283018
4593,51,AW19,sleeveless,0.0377358490566037,0.0377358490566037
4593,82,AW19,sleeveless,0.0377358490566037,0.0
5489,94,AW19,long sleeve,0.0,0.0188679245283018
5458,30,AW19,sleeveless,0.0,0.0
5458,65,AW19,sleeveless,0.0,0.0
5458,14,AW19,sleeveless,0.0,0.0
5458,3,AW19,sleeveless,0.0,0.0
5458,89,AW19,sleeveless,0.0188679245283018,0.0
5458,69,AW19,sleeveless,0.0,0.0
5458,81,AW19,sleeveless,0.0,0.0
5458,36,AW19,sleeveless,0.0,0.0
5458,100,AW19,sleeveless,0.0,0.0188679245283018
5457,41,AW19,long duster,0.0566037735849056,0.0
5458,10,AW19,sleeveless,0.0,0.0
5489,84,AW19,long sleeve,0.0,0.0
5489,4,AW19,long sleeve,0.0,0.0
5489,41,AW19,long sleeve,0.0,0.0
5532,80,AW19,kimono dress,0.0,0.0
5532,39,AW19,kimono dress,0.0,0.0
5532,86,AW19,kimono dress,0.0,0.0
5532,14,AW19,kimono dress,0.0,0.0
5532,60,AW19,kimono dress,0.0,0.0188679245283018
5532,75,AW19,kimono dress,0.0,0.0
5532,19,AW19,kimono dress,0.0,0.0
5532,105,AW19,kimono dress,0.0188679245283018,0.0188679245283018
5532,94,AW19,kimono dress,0.0,0.0
5532,65,AW19,kimono dress,0.0,0.0
5532,31,AW19,kimono dress,0.0,0.0
5532,91,AW19,kimono dress,0.0188679245283018,0.0
5532,15,AW19,kimono dress,0.0,0.0
5532,7,AW19,kimono dress,0.0,0.0
5532,10,AW19,kimono dress,0.0377358490566037,0.0188679245283018
5532,12,AW19,kimono dress,0.0,0.0
5532,2,AW19,kimono dress,0.0,0.0566037735849056
5532,62,AW19,kimono dress,0.0188679245283018,0.0
5532,54,AW19,kimono dress,0.0,0.0188679245283018
5532,30,AW19,kimono dress,0.0,0.0
5532,96,AW19,kimono dress,0.0,0.0
5533,31,AW19,kimono dress,0.0,0.0188679245283018
5533,65,AW19,kimono dress,0.0,0.0
5533,94,AW19,kimono dress,0.0,0.0
5533,105,AW19,kimono dress,0.0188679245283018,0.0
5535,39,AW19,kimono dress,0.0,0.0
5535,43,AW19,kimono dress,0.0,0.0
5535,86,AW19,kimono dress,0.0,0.0188679245283018
5535,79,AW19,kimono dress,0.0,0.0
5535,14,AW19,kimono dress,0.0,0.0
5535,75,AW19,kimono dress,0.0,0.0
5535,19,AW19,kimono dress,0.0,0.0
5535,105,AW19,kimono dress,0.0,0.0
5535,94,AW19,kimono dress,0.0,0.0
5535,80,AW19,kimono dress,0.0,0.0
5535,65,AW19,kimono dress,0.0,0.0
5535,91,AW19,kimono dress,0.0,0.0
5535,15,AW19,kimono dress,0.0,0.0188679245283018
5535,7,AW19,kimono dress,0.0,0.0
5535,49,AW19,kimono dress,0.0,0.0
5535,10,AW19,kimono dress,0.0,0.0
5535,12,AW19,kimono dress,0.0,0.0
5535,2,AW19,kimono dress,0.0,0.0
5535,30,AW19,kimono dress,0.0,0.0
5535,96,AW19,kimono dress,0.0,0.0
5535,31,AW19,kimono dress,0.0,0.0188679245283018
5535,9,AW19,kimono dress,0.0188679245283018,0.0188679245283018
5535,110,AW19,kimono dress,0.0,0.0
5535,3,AW19,kimono dress,0.0,0.0
4960,44,AW19,culottes,0.0377358490566037,0.0377358490566037
4928,13,AW19,medium coat,0.0188679245283018,0.0
5395,102,AW19,doll dress,0.0,0.0
5535,20,AW19,kimono dress,0.0,0.0
5535,1,AW19,kimono dress,0.0,0.0
5535,68,AW19,kimono dress,0.0,0.0
5535,77,AW19,kimono dress,0.0,0.0
5535,51,AW19,kimono dress,0.0,0.0
5535,89,AW19,kimono dress,0.0566037735849056,0.0
5535,76,AW19,kimono dress,0.0,0.0
5535,24,AW19,kimono dress,0.0188679245283018,0.0188679245283018
5535,45,AW19,kimono dress,0.0,0.0
5535,52,AW19,kimono dress,0.0,0.0
5535,22,AW19,kimono dress,0.0377358490566037,0.0
5535,33,AW19,kimono dress,0.0,0.0188679245283018
5535,93,AW19,kimono dress,0.0,0.0
5535,13,AW19,kimono dress,0.0,0.0
5535,16,AW19,kimono dress,0.0,0.0
5535,28,AW19,kimono dress,0.0,0.0188679245283018
5535,99,AW19,kimono dress,0.0,0.0188679245283018
5535,108,AW19,kimono dress,0.0,0.0
5533,41,AW19,kimono dress,0.0,0.0188679245283018
5457,95,AW19,long duster,0.0188679245283018,0.0188679245283018
5533,29,AW19,kimono dress,0.0,0.0
5533,125,AW19,kimono dress,0.0,0.0
5533,24,AW19,kimono dress,0.0,0.0188679245283018
5533,45,AW19,kimono dress,0.0,0.0
5533,52,AW19,kimono dress,0.0,0.0566037735849056
5533,22,AW19,kimono dress,0.0377358490566037,0.0188679245283018
5533,33,AW19,kimono dress,0.0,0.0
5533,93,AW19,kimono dress,0.0,0.0
5533,13,AW19,kimono dress,0.0,0.0
5533,16,AW19,kimono dress,0.0,0.0
5533,28,AW19,kimono dress,0.0,0.0188679245283018
5533,76,AW19,kimono dress,0.0,0.0
5533,99,AW19,kimono dress,0.0,0.0
5533,3,AW19,kimono dress,0.0188679245283018,0.0377358490566037
5533,9,AW19,kimono dress,0.0,0.0188679245283018
5533,80,AW19,kimono dress,0.0,0.0
5533,39,AW19,kimono dress,0.0,0.0
5533,43,AW19,kimono dress,0.0,0.0
5533,79,AW19,kimono dress,0.0,0.0
5533,14,AW19,kimono dress,0.0,0.0
5533,75,AW19,kimono dress,0.0,0.0
5533,19,AW19,kimono dress,0.0,0.0
5533,108,AW19,kimono dress,0.0,0.0188679245283018
5533,89,AW19,kimono dress,0.0,0.0566037735849056
5533,51,AW19,kimono dress,0.0,0.0
5533,77,AW19,kimono dress,0.0,0.0
5533,115,AW19,kimono dress,0.0,0.0
5533,57,AW19,kimono dress,0.0,0.0
5533,63,AW19,kimono dress,0.0,0.0
5533,59,AW19,kimono dress,0.0,0.0
5533,95,AW19,kimono dress,0.0,0.0
5533,18,AW19,kimono dress,0.0,0.0
5533,46,AW19,kimono dress,0.0,0.0188679245283018
5533,36,AW19,kimono dress,0.0,0.0
5533,81,AW19,kimono dress,0.0188679245283018,0.0
5533,35,AW19,kimono dress,0.0,0.0
5533,69,AW19,kimono dress,0.0,0.0188679245283018
5533,40,AW19,kimono dress,0.0,0.0
5533,53,AW19,kimono dress,0.0,0.0188679245283018
5533,85,AW19,kimono dress,0.0,0.0
5533,72,AW19,kimono dress,0.0,0.0
5533,83,AW19,kimono dress,0.0,0.0188679245283018
5533,106,AW19,kimono dress,0.0188679245283018,0.0188679245283018
5533,61,AW19,kimono dress,0.0188679245283018,0.0
5533,1,AW19,kimono dress,0.0188679245283018,0.0188679245283018
5533,68,AW19,kimono dress,0.0,0.0
5533,87,AW19,kimono dress,0.0,0.0
5533,104,AW19,kimono dress,0.0,0.0
4697,87,AW19,short cardigan,0.0,0.0
5440,108,AW19,sleeveless,0.0,0.0188679245283018
5457,3,AW19,long duster,0.0,0.0
5538,102,AW19,kimono dress,0.0188679245283018,0.0
5538,21,AW19,kimono dress,0.0,0.0188679245283018
5538,4,AW19,kimono dress,0.0,0.0
5538,18,AW19,kimono dress,0.0,0.0
5538,46,AW19,kimono dress,0.0,0.0
5538,36,AW19,kimono dress,0.0,0.0566037735849056
5538,81,AW19,kimono dress,0.0,0.0
5538,35,AW19,kimono dress,0.0,0.0
5538,69,AW19,kimono dress,0.0,0.0
5538,115,AW19,kimono dress,0.0,0.0
5538,40,AW19,kimono dress,0.0,0.0
5538,67,AW19,kimono dress,0.0,0.0377358490566037
5538,85,AW19,kimono dress,0.0,0.0
5538,72,AW19,kimono dress,0.0188679245283018,0.0
5538,83,AW19,kimono dress,0.0,0.0188679245283018
5538,101,AW19,kimono dress,0.0,0.0
5538,42,AW19,kimono dress,0.0,0.0
5538,20,AW19,kimono dress,0.0,0.0
5538,1,AW19,kimono dress,0.0,0.0188679245283018
5538,68,AW19,kimono dress,0.0,0.0
5538,53,AW19,kimono dress,0.0,0.0
5538,87,AW19,kimono dress,0.0,0.0
5538,104,AW19,kimono dress,0.0,0.0
5538,64,AW19,kimono dress,0.0,0.0
5544,80,AW19,kimono dress,0.0,0.0
5544,86,AW19,kimono dress,0.0,0.0
5544,79,AW19,kimono dress,0.0377358490566037,0.0188679245283018
5544,14,AW19,kimono dress,0.0,0.0377358490566037
5544,60,AW19,kimono dress,0.0,0.0
5544,75,AW19,kimono dress,0.0,0.0
5544,19,AW19,kimono dress,0.0,0.0
5544,105,AW19,kimono dress,0.0943396226415094,0.0377358490566037
5544,94,AW19,kimono dress,0.0,0.0
5538,29,AW19,kimono dress,0.0377358490566037,0.0377358490566037
5544,65,AW19,kimono dress,0.0188679245283018,0.0188679245283018
5544,91,AW19,kimono dress,0.0188679245283018,0.0
5544,15,AW19,kimono dress,0.0,0.0
5544,7,AW19,kimono dress,0.0,0.0
5544,49,AW19,kimono dress,0.0,0.0
5544,10,AW19,kimono dress,0.0,0.0
5544,12,AW19,kimono dress,0.0,0.0377358490566037
5544,62,AW19,kimono dress,0.0188679245283018,0.0943396226415094
5544,30,AW19,kimono dress,0.0,0.0
5544,96,AW19,kimono dress,0.0188679245283018,0.0188679245283018
5544,31,AW19,kimono dress,0.0,0.0
5538,77,AW19,kimono dress,0.0,0.0
5538,51,AW19,kimono dress,0.0566037735849056,0.0943396226415094
5538,89,AW19,kimono dress,0.0,0.0
5538,91,AW19,kimono dress,0.0,0.0
5538,15,AW19,kimono dress,0.0,0.0188679245283018
5538,7,AW19,kimono dress,0.0,0.0
5538,49,AW19,kimono dress,0.0,0.0
5538,10,AW19,kimono dress,0.0188679245283018,0.0377358490566037
5538,12,AW19,kimono dress,0.0,0.0
5538,2,AW19,kimono dress,0.0,0.0
5538,62,AW19,kimono dress,0.0,0.0188679245283018
5538,54,AW19,kimono dress,0.0,0.0
5538,31,AW19,kimono dress,0.0,0.0
5538,30,AW19,kimono dress,0.0,0.0
4860,29,AW19,sleeveless,0.0,0.0
5440,40,AW19,sleeveless,0.0,0.0188679245283018
4860,96,AW19,sleeveless,0.0188679245283018,0.0188679245283018
5439,3,AW19,solid color top,0.0,0.0377358490566037
5463,65,AW19,sheath dress,0.0754716981132075,0.0
5463,14,AW19,sheath dress,0.0,0.0
5463,56,AW19,sheath dress,0.0,0.0188679245283018
5463,93,AW19,sheath dress,0.0,0.0
5463,85,AW19,sheath dress,0.0,0.0
5538,96,AW19,kimono dress,0.0,0.0
5538,65,AW19,kimono dress,0.0377358490566037,0.0
5538,94,AW19,kimono dress,0.0,0.0
5538,105,AW19,kimono dress,0.0188679245283018,0.0377358490566037
5538,76,AW19,kimono dress,0.0,0.0
5538,24,AW19,kimono dress,0.0,0.0
5538,45,AW19,kimono dress,0.0188679245283018,0.0188679245283018
5538,52,AW19,kimono dress,0.0,0.0
5538,22,AW19,kimono dress,0.0,0.0188679245283018
5538,33,AW19,kimono dress,0.0,0.0188679245283018
5538,93,AW19,kimono dress,0.0,0.0
5538,13,AW19,kimono dress,0.0,0.0
5538,16,AW19,kimono dress,0.0188679245283018,0.0377358490566037
5538,99,AW19,kimono dress,0.0,0.0
5538,108,AW19,kimono dress,0.0188679245283018,0.0
5538,3,AW19,kimono dress,0.0,0.0
5538,9,AW19,kimono dress,0.0,0.0566037735849056
5538,80,AW19,kimono dress,0.0188679245283018,0.0566037735849056
5538,39,AW19,kimono dress,0.0,0.0
5538,43,AW19,kimono dress,0.0,0.0
5538,86,AW19,kimono dress,0.0,0.0
5538,79,AW19,kimono dress,0.0188679245283018,0.0
5538,14,AW19,kimono dress,0.0377358490566037,0.1132075471698113
5538,75,AW19,kimono dress,0.0188679245283018,0.0377358490566037
5538,19,AW19,kimono dress,0.0,0.0
5544,9,AW19,kimono dress,0.0,0.0
5544,6,AW19,kimono dress,0.0,0.0
5544,3,AW19,kimono dress,0.0,0.0
5544,108,AW19,kimono dress,0.0,0.0
5547,68,AW19,kimono dress,0.0,0.0
5547,87,AW19,kimono dress,0.0,0.0
5547,77,AW19,kimono dress,0.0,0.0188679245283018
5547,51,AW19,kimono dress,0.0,0.0
5547,89,AW19,kimono dress,0.0,0.0
5547,76,AW19,kimono dress,0.0,0.0
5547,22,AW19,kimono dress,0.0,0.0
5547,33,AW19,kimono dress,0.0,0.0
5547,93,AW19,kimono dress,0.0,0.0
5547,1,AW19,kimono dress,0.0377358490566037,0.0188679245283018
5547,50,AW19,kimono dress,0.0188679245283018,0.0188679245283018
5547,16,AW19,kimono dress,0.0,0.0
5547,28,AW19,kimono dress,0.0,0.0377358490566037
5547,108,AW19,kimono dress,0.0,0.0
5547,9,AW19,kimono dress,0.0,0.0188679245283018
5547,80,AW19,kimono dress,0.0,0.0
5547,43,AW19,kimono dress,0.0,0.0
5547,86,AW19,kimono dress,0.0,0.0
5547,14,AW19,kimono dress,0.0,0.0188679245283018
5547,19,AW19,kimono dress,0.0,0.0
5547,13,AW19,kimono dress,0.0,0.0
5547,20,AW19,kimono dress,0.0,0.0
5547,106,AW19,kimono dress,0.0,0.0
5547,83,AW19,kimono dress,0.0,0.0
5440,93,AW19,sleeveless,0.0,0.0
5440,76,AW19,sleeveless,0.0,0.0188679245283018
5457,7,AW19,long duster,0.0188679245283018,0.0188679245283018
5469,46,AW19,long duster,0.0,0.0566037735849056
5440,101,AW19,sleeveless,0.0,0.0188679245283018
5469,30,AW19,long duster,0.0,0.0188679245283018
5547,41,AW19,kimono dress,0.0,0.0
5547,29,AW19,kimono dress,0.0,0.0
5547,104,AW19,kimono dress,0.0,0.0
5547,44,AW19,kimono dress,0.0,0.0188679245283018
5547,102,AW19,kimono dress,0.0,0.0
5547,21,AW19,kimono dress,0.0,0.0
5547,95,AW19,kimono dress,0.0,0.0
5547,46,AW19,kimono dress,0.0,0.0377358490566037
5547,36,AW19,kimono dress,0.0,0.0
5547,81,AW19,kimono dress,0.0,0.0
5547,35,AW19,kimono dress,0.0,0.0
5547,69,AW19,kimono dress,0.0,0.0
5547,40,AW19,kimono dress,0.0,0.0188679245283018
5547,67,AW19,kimono dress,0.0,0.0
5547,85,AW19,kimono dress,0.0,0.0
5547,94,AW19,kimono dress,0.0,0.0
5457,89,AW19,long duster,0.0,0.0188679245283018
5547,65,AW19,kimono dress,0.0,0.0188679245283018
5547,7,AW19,kimono dress,0.0,0.0
5544,85,AW19,kimono dress,0.0,0.0
5544,72,AW19,kimono dress,0.0,0.0188679245283018
5544,83,AW19,kimono dress,0.0,0.0
5544,106,AW19,kimono dress,0.0,0.0188679245283018
5544,61,AW19,kimono dress,0.0188679245283018,0.0188679245283018
5544,101,AW19,kimono dress,0.0,0.0
5544,20,AW19,kimono dress,0.0,0.0188679245283018
5544,68,AW19,kimono dress,0.0,0.0
5544,77,AW19,kimono dress,0.0,0.0
5544,67,AW19,kimono dress,0.0377358490566037,0.0377358490566037
5544,89,AW19,kimono dress,0.0,0.0
5544,24,AW19,kimono dress,0.0,0.0
5544,45,AW19,kimono dress,0.0188679245283018,0.0188679245283018
5544,52,AW19,kimono dress,0.0377358490566037,0.0377358490566037
5544,22,AW19,kimono dress,0.0188679245283018,0.0188679245283018
5544,33,AW19,kimono dress,0.0,0.0377358490566037
5544,93,AW19,kimono dress,0.0,0.0
5544,13,AW19,kimono dress,0.0,0.0
5544,16,AW19,kimono dress,0.0,0.0
5544,99,AW19,kimono dress,0.0,0.0377358490566037
5544,76,AW19,kimono dress,0.0,0.0
5544,53,AW19,kimono dress,0.0,0.0377358490566037
5544,40,AW19,kimono dress,0.0,0.0
5544,69,AW19,kimono dress,0.0,0.0
5547,10,AW19,kimono dress,0.0,0.0
5547,2,AW19,kimono dress,0.0,0.0
5547,62,AW19,kimono dress,0.0,0.0
5547,30,AW19,kimono dress,0.0,0.0
5547,96,AW19,kimono dress,0.0,0.0377358490566037
5544,41,AW19,kimono dress,0.0,0.0
5544,64,AW19,kimono dress,0.0754716981132075,0.0188679245283018
5544,29,AW19,kimono dress,0.0,0.0
5544,104,AW19,kimono dress,0.0,0.0
5544,125,AW19,kimono dress,0.0,0.0
5544,115,AW19,kimono dress,0.0188679245283018,0.0188679245283018
5544,57,AW19,kimono dress,0.0,0.0
5544,44,AW19,kimono dress,0.0,0.0377358490566037
5544,63,AW19,kimono dress,0.0,0.0
5544,59,AW19,kimono dress,0.0,0.0
5544,95,AW19,kimono dress,0.0,0.0
5544,18,AW19,kimono dress,0.0,0.0
5544,46,AW19,kimono dress,0.0,0.0
5544,36,AW19,kimono dress,0.0,0.0
5544,81,AW19,kimono dress,0.0188679245283018,0.0
5544,35,AW19,kimono dress,0.0,0.0
5547,91,AW19,kimono dress,0.0,0.0
5500,43,AW19,culottes,0.0,0.0
5521,108,AW19,long coat,0.0,0.0
5452,45,AW19,long coat,0.0,0.0
5382,10,AW19,long sleeve,0.0,0.0
5382,15,AW19,long sleeve,0.0,0.0
5037,125,AW19,solid color top,0.0188679245283018,0.0
5382,22,AW19,long sleeve,0.0,0.0
5382,83,AW19,long sleeve,0.0188679245283018,0.0
4930,95,AW19,solid color top,0.0,0.0
5382,46,AW19,long sleeve,0.0377358490566037,0.0
5382,0,AW19,long sleeve,0.0188679245283018,0.0188679245283018
5416,14,AW19,long sleeve,0.0,0.0188679245283018
5358,14,AW19,long sleeve,0.0,0.0
4908,88,AW19,solid color top,0.0,0.0
5358,64,AW19,long sleeve,0.0,0.0188679245283018
5358,41,AW19,long sleeve,0.0377358490566037,0.0
5374,108,AW19,long sleeve,0.0,0.0
5422,59,AW19,long sleeve,0.0,0.0188679245283018
5374,29,AW19,long sleeve,0.0,0.0
5487,87,AW19,long sleeve,0.0,0.0
4946,6,AW19,short sleeves,0.0,0.0
5345,95,AW19,long sleeve,0.0188679245283018,0.0
5507,30,AW19,long sleeve,0.0,0.0188679245283018
5507,12,AW19,long sleeve,0.0,0.0
5507,10,AW19,long sleeve,0.0,0.0188679245283018
5507,15,AW19,long sleeve,0.0377358490566037,0.0188679245283018
5507,43,AW19,long sleeve,0.0188679245283018,0.0188679245283018
5507,108,AW19,long sleeve,0.0,0.0
5507,13,AW19,long sleeve,0.0,0.0188679245283018
5507,77,AW19,long sleeve,0.0,0.0188679245283018
5507,121,AW19,long sleeve,0.0,0.0
5477,15,AW19,long sleeve,0.0,0.0188679245283018
5477,43,AW19,long sleeve,0.0377358490566037,0.0
4908,87,AW19,solid color top,0.0188679245283018,0.0
5422,42,AW19,long sleeve,0.0,0.0
5422,47,AW19,long sleeve,0.0,0.0
5422,5,AW19,long sleeve,0.0188679245283018,0.0377358490566037
5491,54,AW19,short cardigan,0.0,0.0
4605,11,AW19,doll dress,0.0377358490566037,0.0188679245283018
4562,105,AW19,trapeze dress,0.0,0.0188679245283018
4628,103,AW19,sleeveless,0.0377358490566037,0.0
5491,105,AW19,short cardigan,0.0,0.0
5491,19,AW19,short cardigan,0.0,0.0
4988,19,AW19,medium coat,0.0377358490566037,0.0
5491,48,AW19,short cardigan,0.0,0.0
5491,73,AW19,short cardigan,0.0,0.0
5491,3,AW19,short cardigan,0.0,0.0
5491,5,AW19,short cardigan,0.0,0.0
5491,52,AW19,short cardigan,0.0,0.0
5491,51,AW19,short cardigan,0.0,0.0
5491,68,AW19,short cardigan,0.0,0.0
5491,1,AW19,short cardigan,0.0,0.0
5491,38,AW19,short cardigan,0.0,0.0
5491,121,AW19,short cardigan,0.0,0.0
5005,1,AW19,short sleeves,0.0,0.0188679245283018
5478,8,AW19,short cardigan,0.0,0.0
5478,85,AW19,short cardigan,0.0,0.0
5478,61,AW19,short cardigan,0.0,0.0188679245283018
5478,73,AW19,short cardigan,0.0,0.0188679245283018
5478,39,AW19,short cardigan,0.0,0.0
5477,121,AW19,long sleeve,0.0,0.0188679245283018
5478,75,AW19,short cardigan,0.0,0.0
5491,4,AW19,short cardigan,0.0,0.0
5491,18,AW19,short cardigan,0.0,0.0
5491,26,AW19,short cardigan,0.0,0.0
5491,81,AW19,short cardigan,0.0,0.0377358490566037
5491,53,AW19,short cardigan,0.0,0.0
5491,32,AW19,short cardigan,0.0,0.0566037735849056
5491,8,AW19,short cardigan,0.0188679245283018,0.0
5336,32,AW19,long sleeve,0.0,0.0188679245283018
5512,12,AW19,long sleeve,0.0,0.0
5512,75,AW19,long sleeve,0.0,0.0188679245283018
5485,7,AW19,short sleeves,0.0,0.0
5485,80,AW19,short sleeves,0.0,0.0188679245283018
5485,9,AW19,short sleeves,0.0188679245283018,0.0188679245283018
5485,3,AW19,short sleeves,0.0,0.0
5485,108,AW19,short sleeves,0.0,0.0
5485,5,AW19,short sleeves,0.0377358490566037,0.0
5485,13,AW19,short sleeves,0.0,0.0
5485,89,AW19,short sleeves,0.0,0.0754716981132075
5485,51,AW19,short sleeves,0.0188679245283018,0.0377358490566037
5485,1,AW19,short sleeves,0.0,0.0
5485,20,AW19,short sleeves,0.0,0.0377358490566037
5344,108,AW19,doll dress,0.0188679245283018,0.0188679245283018
5485,82,AW19,short sleeves,0.0,0.0
5485,74,AW19,short sleeves,0.0,0.0
5485,10,AW19,short sleeves,0.0188679245283018,0.0
5485,35,AW19,short sleeves,0.0,0.0
5485,64,AW19,short sleeves,0.0,0.0377358490566037
5485,41,AW19,short sleeves,0.0,0.0
5510,10,AW19,short sleeves,0.0,0.0
5344,87,AW19,doll dress,0.0566037735849056,0.0
5510,75,AW19,short sleeves,0.0,0.0377358490566037
5510,80,AW19,short sleeves,0.0,0.0
5510,73,AW19,short sleeves,0.0,0.0
5510,99,AW19,short sleeves,0.0,0.0
5510,13,AW19,short sleeves,0.0,0.0188679245283018
5510,45,AW19,short sleeves,0.0,0.0
5510,51,AW19,short sleeves,0.0,0.0
5510,106,AW19,short sleeves,0.0,0.0188679245283018
5510,81,AW19,short sleeves,0.0,0.0377358490566037
5510,26,AW19,short sleeves,0.0,0.0188679245283018
5485,103,AW19,short sleeves,0.0,0.0377358490566037
5485,62,AW19,short sleeves,0.0,0.0
4861,54,AW19,long sleeve,0.0,0.0
4904,26,AW19,long sleeve,0.0,0.0377358490566037
5512,88,AW19,long sleeve,0.0188679245283018,0.0943396226415094
5512,93,AW19,long sleeve,0.0188679245283018,0.0
5512,1,AW19,long sleeve,0.0,0.0188679245283018
5512,36,AW19,long sleeve,0.0,0.0188679245283018
5020,87,AW19,trapeze dress,0.0,0.0
5513,15,AW19,sleeveless,0.0943396226415094,0.0377358490566037
5513,65,AW19,sleeveless,0.0188679245283018,0.0188679245283018
5513,19,AW19,sleeveless,0.1132075471698113,0.0
5513,48,AW19,sleeveless,0.0,0.0
5513,76,AW19,sleeveless,0.0754716981132075,0.0
5513,51,AW19,sleeveless,0.0377358490566037,0.0566037735849056
5513,1,AW19,sleeveless,0.0188679245283018,0.0
5513,121,AW19,sleeveless,0.0188679245283018,0.0188679245283018
5513,46,AW19,sleeveless,0.0,0.0
5020,21,AW19,trapeze dress,0.0,0.0188679245283018
5513,8,AW19,sleeveless,0.0,0.0188679245283018
5528,7,AW19,long sleeve,0.0,0.0188679245283018
5059,74,AW19,kimono dress,0.0188679245283018,0.0188679245283018
5059,39,AW19,kimono dress,0.0,0.0188679245283018
5059,15,AW19,kimono dress,0.0,0.0
5503,25,AW19,long sleeve,0.0188679245283018,0.0
5503,106,AW19,long sleeve,0.0,0.0188679245283018
4744,108,AW19,sheath dress,0.0188679245283018,0.0188679245283018
5512,19,AW19,long sleeve,0.0188679245283018,0.0
5503,19,AW19,long sleeve,0.0188679245283018,0.0
5528,36,AW19,long sleeve,0.0,0.0188679245283018
5050,40,AW19,solid color top,0.0566037735849056,0.0188679245283018
5528,3,AW19,long sleeve,0.0943396226415094,0.0188679245283018
5528,43,AW19,long sleeve,0.0,0.0188679245283018
5528,105,AW19,long sleeve,0.0188679245283018,0.0
5050,105,AW19,solid color top,0.0,0.0
5503,12,AW19,long sleeve,0.0,0.0
5344,63,AW19,doll dress,0.0188679245283018,0.0
5506,81,AW19,long sleeve,0.0,0.0
5506,82,AW19,long sleeve,0.0,0.0
5484,121,AW19,long sleeve,0.0188679245283018,0.0
5484,77,AW19,long sleeve,0.0,0.0377358490566037
5484,89,AW19,long sleeve,0.0,0.0
5484,13,AW19,long sleeve,0.0,0.0
5484,99,AW19,long sleeve,0.0188679245283018,0.0
5484,3,AW19,long sleeve,0.0,0.0
5484,43,AW19,long sleeve,0.0,0.0
5484,10,AW19,long sleeve,0.0,0.0188679245283018
4790,108,AW19,doll dress,0.0188679245283018,0.0188679245283018
5368,104,AW19,long sleeve,0.0188679245283018,0.0
5368,63,AW19,long sleeve,0.0,0.0
5368,85,AW19,long sleeve,0.0377358490566037,0.0
5368,76,AW19,long sleeve,0.0,0.0188679245283018
5368,14,AW19,long sleeve,0.0,0.0566037735849056
5470,36,AW19,medium coat,0.0,0.0188679245283018
5071,108,AW19,long coat,0.0,0.0
5378,65,AW19,long sleeve,0.0,0.0
5378,28,AW19,long sleeve,0.0,0.0188679245283018
5378,56,AW19,long sleeve,0.0377358490566037,0.0
5378,25,AW19,long sleeve,0.0188679245283018,0.0188679245283018
5453,83,AW19,miniskirt,0.0,0.0
5354,51,AW19,long sleeve,0.0,0.0188679245283018
5354,77,AW19,long sleeve,0.0188679245283018,0.0
5354,20,AW19,long sleeve,0.0,0.0
5361,3,AW19,long sleeve,0.0188679245283018,0.0188679245283018
5369,26,AW19,medium cardigan,0.0188679245283018,0.0
5356,5,AW19,long sleeve,0.0188679245283018,0.0188679245283018
5356,13,AW19,long sleeve,0.0188679245283018,0.0
5356,26,AW19,long sleeve,0.0,0.0
5380,80,AW19,long sleeve,0.0566037735849056,0.0188679245283018
5368,94,AW19,long sleeve,0.0,0.0
5470,45,AW19,medium coat,0.0,0.0
5470,5,AW19,medium coat,0.0,0.0377358490566037
5470,43,AW19,medium coat,0.0,0.0377358490566037
5514,108,AW19,long sleeve,0.0,0.0
5080,87,AW19,kimono dress,0.0,0.0
5514,80,AW19,long sleeve,0.0,0.0
5514,14,AW19,long sleeve,0.0,0.0
5514,19,AW19,long sleeve,0.0,0.0
5514,65,AW19,long sleeve,0.0,0.0
5514,7,AW19,long sleeve,0.0,0.0
5514,54,AW19,long sleeve,0.0,0.0
4834,24,AW19,long sleeve,0.0,0.0
5508,29,AW19,long sleeve,0.0,0.0
5508,36,AW19,long sleeve,0.0,0.0
5508,35,AW19,long sleeve,0.0,0.0
5508,20,AW19,long sleeve,0.0,0.0
5508,3,AW19,long sleeve,0.0,0.0188679245283018
5508,80,AW19,long sleeve,0.0188679245283018,0.0188679245283018
5508,39,AW19,long sleeve,0.0,0.0
5508,43,AW19,long sleeve,0.0,0.0
5470,48,AW19,medium coat,0.0,0.0
5470,31,AW19,medium coat,0.0,0.0377358490566037
5470,12,AW19,medium coat,0.0188679245283018,0.0
5509,21,AW19,medium coat,0.0,0.0
5509,8,AW19,medium coat,0.0377358490566037,0.0188679245283018
5509,83,AW19,medium coat,0.0377358490566037,0.0377358490566037
5380,121,AW19,long sleeve,0.0566037735849056,0.0188679245283018
5509,88,AW19,medium coat,0.0188679245283018,0.0566037735849056
5484,95,AW19,long sleeve,0.0,0.0
5484,115,AW19,long sleeve,0.0,0.0
5484,29,AW19,long sleeve,0.0,0.0188679245283018
5508,12,AW19,long sleeve,0.0,0.0
5508,31,AW19,long sleeve,0.0,0.0
5508,75,AW19,long sleeve,0.0566037735849056,0.0
5509,49,AW19,medium coat,0.0,0.0188679245283018
5506,121,AW19,long sleeve,0.0,0.0
5380,40,AW19,long sleeve,0.0943396226415094,0.0377358490566037
5404,54,AW19,long sleeve,0.0,0.0
5481,75,AW19,long sleeve,0.0,0.0188679245283018
5481,39,AW19,long sleeve,0.0,0.1132075471698113
5481,73,AW19,long sleeve,0.0,0.0188679245283018
5481,108,AW19,long sleeve,0.0,0.0
5481,51,AW19,long sleeve,0.0,0.0
5481,1,AW19,long sleeve,0.0,0.0
5481,42,AW19,long sleeve,0.0,0.0
5481,107,AW19,long sleeve,0.0,0.0188679245283018
5481,36,AW19,long sleeve,0.0,0.0
5481,4,AW19,long sleeve,0.0377358490566037,0.0
5481,100,AW19,long sleeve,0.0,0.0377358490566037
5481,41,AW19,long sleeve,0.0188679245283018,0.0188679245283018
5366,108,AW19,long sleeve,0.0,0.0
5366,87,AW19,long sleeve,0.0,0.0
5481,30,AW19,long sleeve,0.0,0.0188679245283018
5366,29,AW19,long sleeve,0.0,0.0
5347,75,AW19,long sleeve,0.0,0.0
5347,94,AW19,long sleeve,0.0377358490566037,0.0
5347,15,AW19,long sleeve,0.0188679245283018,0.0188679245283018
5362,36,AW19,long sleeve,0.0,0.0377358490566037
5362,15,AW19,long sleeve,0.0188679245283018,0.0
4453,24,AW19,long sleeve,0.0,0.0188679245283018
5370,16,AW19,long sleeve,0.0,0.0188679245283018
5375,49,AW19,long sleeve,0.0,0.0
5375,105,AW19,long sleeve,0.0,0.0
5375,75,AW19,long sleeve,0.0,0.0
5375,93,AW19,long sleeve,0.0,0.0
5375,81,AW19,long sleeve,0.0,0.0
5375,36,AW19,long sleeve,0.0,0.0
5506,75,AW19,long sleeve,0.0,0.0188679245283018
5347,14,AW19,long sleeve,0.0188679245283018,0.0
5480,41,AW19,long sleeve,0.0,0.0
5480,104,AW19,long sleeve,0.0,0.0
5480,8,AW19,long sleeve,0.0,0.0
5404,107,AW19,long sleeve,0.0,0.0
5421,117,AW19,long sleeve,0.0,0.0
5347,57,AW19,long sleeve,0.0,0.0566037735849056
5347,0,AW19,long sleeve,0.0,0.0
5347,106,AW19,long sleeve,0.0,0.0
5347,76,AW19,long sleeve,0.0188679245283018,0.0
5437,12,AW19,long sleeve,0.0566037735849056,0.0377358490566037
5437,19,AW19,long sleeve,0.0943396226415094,0.0188679245283018
5437,80,AW19,long sleeve,0.0566037735849056,0.0188679245283018
5437,28,AW19,long sleeve,0.0566037735849056,0.0377358490566037
5437,76,AW19,long sleeve,0.0188679245283018,0.0188679245283018
5437,21,AW19,long sleeve,0.0,0.0188679245283018
5424,75,AW19,long sleeve,0.0188679245283018,0.0
5424,108,AW19,long sleeve,0.0188679245283018,0.0
4949,29,AW19,long cardigan,0.0377358490566037,0.0188679245283018
5000,88,AW19,long sleeve,0.0,0.0188679245283018
5480,7,AW19,long sleeve,0.0,0.0
5480,36,AW19,long sleeve,0.0,0.0
5480,69,AW19,long sleeve,0.0,0.0
5480,121,AW19,long sleeve,0.0,0.0
5480,107,AW19,long sleeve,0.0,0.0
5480,82,AW19,long sleeve,0.0,0.0
5480,1,AW19,long sleeve,0.0,0.0
5418,57,AW19,short cardigan,0.0,0.0188679245283018
5480,87,AW19,long sleeve,0.0,0.0
5480,52,AW19,long sleeve,0.0,0.0
5480,3,AW19,long sleeve,0.0188679245283018,0.0
5480,73,AW19,long sleeve,0.0,0.0188679245283018
5480,75,AW19,long sleeve,0.0,0.0
5480,94,AW19,long sleeve,0.0,0.0
5480,31,AW19,long sleeve,0.0,0.0
5480,76,AW19,long sleeve,0.0,0.0
5510,41,AW19,short sleeves,0.0,0.0
5417,108,AW19,long sleeve,0.0188679245283018,0.0188679245283018
5407,93,AW19,long sleeve,0.0188679245283018,0.0188679245283018
5397,68,AW19,patterned top,0.0,0.0
5397,87,AW19,patterned top,0.0,0.0
5397,77,AW19,patterned top,0.0,0.0
5061,1,AW19,long coat,0.0,0.0188679245283018
5397,51,AW19,patterned top,0.0,0.0
5061,56,AW19,long coat,0.0,0.0377358490566037
5397,89,AW19,patterned top,0.0,0.0
5397,76,AW19,patterned top,0.0,0.0
5397,45,AW19,patterned top,0.0188679245283018,0.0
5397,22,AW19,patterned top,0.0377358490566037,0.0188679245283018
5397,93,AW19,patterned top,0.0,0.0
5397,13,AW19,patterned top,0.0,0.0
5397,16,AW19,patterned top,0.0,0.0
5397,56,AW19,patterned top,0.0,0.0
5397,20,AW19,patterned top,0.0,0.0
5397,28,AW19,patterned top,0.0,0.0
5397,5,AW19,patterned top,0.0,0.0
5397,108,AW19,patterned top,0.0,0.0188679245283018
5397,3,AW19,patterned top,0.0,0.0188679245283018
5397,9,AW19,patterned top,0.0,0.0
5397,80,AW19,patterned top,0.0188679245283018,0.0754716981132075
5397,39,AW19,patterned top,0.0,0.0188679245283018
5397,43,AW19,patterned top,0.0,0.0377358490566037
5397,48,AW19,patterned top,0.0,0.0
5397,75,AW19,patterned top,0.0,0.0
5397,19,AW19,patterned top,0.0,0.0
5397,94,AW19,patterned top,0.0,0.0
5397,65,AW19,patterned top,0.0,0.0
5397,31,AW19,patterned top,0.0,0.0188679245283018
5539,96,AW19,maxi,0.0188679245283018,0.0
5397,99,AW19,patterned top,0.0188679245283018,0.0188679245283018
5061,100,AW19,long coat,0.0188679245283018,0.0377358490566037
5397,27,AW19,patterned top,0.0,0.0
5397,61,AW19,patterned top,0.0,0.0
5497,89,AW19,long coat,0.0,0.0188679245283018
5497,9,AW19,long coat,0.0188679245283018,0.0
5497,80,AW19,long coat,0.0,0.0
5497,7,AW19,long coat,0.0,0.0
5497,12,AW19,long coat,0.0,0.0188679245283018
5497,62,AW19,long coat,0.0,0.0
5497,54,AW19,long coat,0.0,0.0
5519,103,AW19,long coat,0.0,0.0
5519,46,AW19,long coat,0.0,0.0
5519,42,AW19,long coat,0.0,0.0377358490566037
5519,87,AW19,long coat,0.0188679245283018,0.0
5519,51,AW19,long coat,0.0188679245283018,0.0
5519,33,AW19,long coat,0.0,0.0188679245283018
5519,80,AW19,long coat,0.0,0.0188679245283018
5519,86,AW19,long coat,0.0,0.0
5519,65,AW19,long coat,0.0,0.0
5519,12,AW19,long coat,0.0,0.0
5397,82,AW19,patterned top,0.0,0.0188679245283018
5397,83,AW19,patterned top,0.0188679245283018,0.0
5397,72,AW19,patterned top,0.0,0.0
5397,121,AW19,patterned top,0.0,0.0566037735849056
5397,67,AW19,patterned top,0.0,0.0
5530,86,AW19,medium coat,0.0377358490566037,0.0188679245283018
5539,30,AW19,maxi,0.0188679245283018,0.0754716981132075
5530,16,AW19,medium coat,0.0188679245283018,0.0377358490566037
5530,89,AW19,medium coat,0.0,0.0188679245283018
5504,19,AW19,medium coat,0.0,0.0188679245283018
5504,1,AW19,medium coat,0.0377358490566037,0.0377358490566037
5504,47,AW19,medium coat,0.0,0.0
5504,35,AW19,medium coat,0.0,0.0
5519,54,AW19,long coat,0.0,0.0377358490566037
5530,22,AW19,medium coat,0.0,0.0377358490566037
5497,51,AW19,long coat,0.0,0.0
5539,54,AW19,maxi,0.0,0.0
5539,10,AW19,maxi,0.0,0.0
5539,53,AW19,maxi,0.0566037735849056,0.0
5539,40,AW19,maxi,0.0377358490566037,0.0377358490566037
5539,69,AW19,maxi,0.0377358490566037,0.0188679245283018
5539,35,AW19,maxi,0.0,0.0
5539,81,AW19,maxi,0.0,0.0
5539,36,AW19,maxi,0.0,0.0
5539,46,AW19,maxi,0.0,0.0
5539,90,AW19,maxi,0.0188679245283018,0.0
5539,18,AW19,maxi,0.0943396226415094,0.0188679245283018
5539,95,AW19,maxi,0.0188679245283018,0.0
5539,4,AW19,maxi,0.0,0.0188679245283018
5539,8,AW19,maxi,0.0,0.0377358490566037
5539,100,AW19,maxi,0.0,0.0
5539,21,AW19,maxi,0.0566037735849056,0.0377358490566037
5539,67,AW19,maxi,0.0,0.0188679245283018
5539,57,AW19,maxi,0.0,0.0
5539,29,AW19,maxi,0.0,0.0188679245283018
5539,64,AW19,maxi,0.0,0.0188679245283018
5539,41,AW19,maxi,0.0,0.0188679245283018
5397,15,AW19,patterned top,0.0,0.0
5397,7,AW19,patterned top,0.0,0.0
5429,105,AW19,patterned top,0.0,0.0
5397,12,AW19,patterned top,0.0,0.0
5429,108,AW19,patterned top,0.0,0.0
5397,2,AW19,patterned top,0.0,0.0754716981132075
5397,54,AW19,patterned top,0.0,0.0188679245283018
5397,30,AW19,patterned top,0.0,0.0
5397,96,AW19,patterned top,0.0,0.0
5429,83,AW19,patterned top,0.0,0.0377358490566037
5429,121,AW19,patterned top,0.0188679245283018,0.0
5539,115,AW19,maxi,0.0188679245283018,0.0943396226415094
5539,121,AW19,maxi,0.0,0.0188679245283018
5539,85,AW19,maxi,0.0566037735849056,0.0566037735849056
5539,72,AW19,maxi,0.0566037735849056,0.0188679245283018
5539,7,AW19,maxi,0.0,0.0
5539,15,AW19,maxi,0.0377358490566037,0.0188679245283018
5539,91,AW19,maxi,0.0377358490566037,0.0
5539,31,AW19,maxi,0.0943396226415094,0.0377358490566037
5539,94,AW19,maxi,0.0,0.0
5539,105,AW19,maxi,0.0,0.0
5539,19,AW19,maxi,0.0377358490566037,0.0188679245283018
5539,75,AW19,maxi,0.0377358490566037,0.0
5539,14,AW19,maxi,0.0,0.0377358490566037
5539,86,AW19,maxi,0.0,0.0377358490566037
5539,43,AW19,maxi,0.0,0.0
5539,39,AW19,maxi,0.0,0.0188679245283018
5539,80,AW19,maxi,0.0566037735849056,0.0377358490566037
5539,73,AW19,maxi,0.0,0.0188679245283018
5539,9,AW19,maxi,0.0566037735849056,0.0566037735849056
5539,3,AW19,maxi,0.1320754716981132,0.0943396226415094
5539,108,AW19,maxi,0.0188679245283018,0.0
5539,83,AW19,maxi,0.0188679245283018,0.0188679245283018
5539,82,AW19,maxi,0.0377358490566037,0.0566037735849056
5539,20,AW19,maxi,0.0188679245283018,0.0188679245283018
5539,1,AW19,maxi,0.0188679245283018,0.0754716981132075
5539,51,AW19,maxi,0.0,0.0
5539,89,AW19,maxi,0.0,0.0
5539,12,AW19,maxi,0.0,0.0
5539,76,AW19,maxi,0.0188679245283018,0.0377358490566037
5539,22,AW19,maxi,0.0377358490566037,0.0188679245283018
5539,93,AW19,maxi,0.0,0.0377358490566037
5539,16,AW19,maxi,0.0188679245283018,0.0188679245283018
5539,56,AW19,maxi,0.0188679245283018,0.0
5539,99,AW19,maxi,0.0566037735849056,0.0
5539,5,AW19,maxi,0.0,0.0
5539,45,AW19,maxi,0.0566037735849056,0.0377358490566037
5497,59,AW19,long coat,0.0,0.0188679245283018
5497,41,AW19,long coat,0.0,0.0
5397,53,AW19,patterned top,0.0,0.0
5474,79,AW19,long dress,0.0,0.0
5474,110,AW19,long dress,0.0,0.0188679245283018
5474,3,AW19,long dress,0.0,0.0188679245283018
5474,108,AW19,long dress,0.0,0.0
5474,28,AW19,long dress,0.0,0.0188679245283018
5474,93,AW19,long dress,0.0,0.0566037735849056
5474,33,AW19,long dress,0.0,0.0
5474,87,AW19,long dress,0.0,0.0
5474,68,AW19,long dress,0.0,0.0
5474,27,AW19,long dress,0.0188679245283018,0.0
5474,106,AW19,long dress,0.0,0.0
5474,67,AW19,long dress,0.0,0.0
5474,40,AW19,long dress,0.0754716981132075,0.0
5474,81,AW19,long dress,0.0188679245283018,0.0188679245283018
5474,105,AW19,long dress,0.0,0.0
5474,103,AW19,long dress,0.0,0.0
5474,64,AW19,long dress,0.0,0.0
5498,88,AW19,doll dress,0.0,0.0
5498,73,AW19,doll dress,0.0,0.0
5498,110,AW19,doll dress,0.0377358490566037,0.0188679245283018
5498,76,AW19,doll dress,0.0,0.0
5498,85,AW19,doll dress,0.0,0.0
5498,53,AW19,doll dress,0.0,0.0
5498,104,AW19,doll dress,0.0,0.0
5332,87,AW19,doll dress,0.0,0.0
5332,83,AW19,doll dress,0.0,0.0188679245283018
5543,46,AW19,long sleeve,0.0566037735849056,0.0188679245283018
5543,53,AW19,long sleeve,0.0,0.0188679245283018
5543,106,AW19,long sleeve,0.0,0.0188679245283018
5543,47,AW19,long sleeve,0.0,0.0188679245283018
5474,57,AW19,long dress,0.0,0.0
5474,7,AW19,long dress,0.0,0.0
5051,108,AW19,trapeze dress,0.0,0.0
5056,32,AW19,sheath dress,0.0,0.0
5389,100,AW19,long sleeve,0.0,0.0
5389,87,AW19,long sleeve,0.0,0.0
5389,93,AW19,long sleeve,0.0,0.0
5389,56,AW19,long sleeve,0.0,0.0
5389,108,AW19,long sleeve,0.0,0.0
5389,14,AW19,long sleeve,0.0188679245283018,0.0
5389,31,AW19,long sleeve,0.0,0.0377358490566037
5386,90,AW19,long sleeve,0.0,0.0
5386,67,AW19,long sleeve,0.0188679245283018,0.0
5386,87,AW19,long sleeve,0.0,0.0
5386,51,AW19,long sleeve,0.0,0.0
5386,22,AW19,long sleeve,0.0,0.0
5386,50,AW19,long sleeve,0.0,0.0377358490566037
5386,117,AW19,long sleeve,0.0,0.0188679245283018
5386,13,AW19,long sleeve,0.0,0.0
5386,28,AW19,long sleeve,0.0,0.0
5386,14,AW19,long sleeve,0.0,0.0
5445,57,AW19,long dress,0.0188679245283018,0.0
5445,40,AW19,long dress,0.0,0.0
5445,28,AW19,long dress,0.0,0.0188679245283018
5445,108,AW19,long dress,0.0,0.0
5483,103,AW19,sheath dress,0.0,0.0
5483,95,AW19,sheath dress,0.0,0.0
5543,15,AW19,long sleeve,0.0,0.0377358490566037
5483,83,AW19,sheath dress,0.0,0.0
5483,51,AW19,sheath dress,0.0,0.0188679245283018
5483,73,AW19,sheath dress,0.0188679245283018,0.0188679245283018
5500,92,AW19,culottes,0.0188679245283018,0.0188679245283018
5483,88,AW19,sheath dress,0.0188679245283018,0.0377358490566037
5483,86,AW19,sheath dress,0.0,0.0
5386,31,AW19,long sleeve,0.0,0.0
5483,106,AW19,sheath dress,0.0188679245283018,0.0
5543,12,AW19,long sleeve,0.0,0.0188679245283018
5531,107,AW19,long sleeve,0.0188679245283018,0.0188679245283018
5531,39,AW19,long sleeve,0.0377358490566037,0.0188679245283018
5537,12,AW19,long sleeve,0.0188679245283018,0.0
4934,88,AW19,long coat,0.0377358490566037,0.0377358490566037
4853,74,AW19,trapeze dress,0.0,0.0
5376,40,AW19,long coat,0.0,0.0
5376,31,AW19,long coat,0.0,0.0
5062,77,AW19,medium coat,0.0188679245283018,0.0
5394,18,AW19,maxi,0.0,0.0188679245283018
5394,67,AW19,maxi,0.0,0.0
5394,107,AW19,maxi,0.0,0.0188679245283018
5394,108,AW19,maxi,0.0,0.0
5394,79,AW19,maxi,0.0,0.0
5397,41,AW19,patterned top,0.0,0.0
5397,64,AW19,patterned top,0.0188679245283018,0.0377358490566037
5397,29,AW19,patterned top,0.0,0.0188679245283018
5397,104,AW19,patterned top,0.0,0.0
5397,115,AW19,patterned top,0.0,0.0
5397,57,AW19,patterned top,0.0,0.0
5397,40,AW19,patterned top,0.0,0.0
5397,69,AW19,patterned top,0.0,0.0
5397,35,AW19,patterned top,0.0,0.0
5072,84,AW19,medium coat,0.0377358490566037,0.0188679245283018
5397,81,AW19,patterned top,0.0,0.0
5397,36,AW19,patterned top,0.0,0.0
5537,15,AW19,long sleeve,0.0,0.0
5397,46,AW19,patterned top,0.0,0.0
5397,18,AW19,patterned top,0.0,0.0
5397,0,AW19,patterned top,0.0,0.0
5397,4,AW19,patterned top,0.0,0.0
5397,100,AW19,patterned top,0.0188679245283018,0.0
5397,21,AW19,patterned top,0.0,0.0
5397,25,AW19,patterned top,0.0188679245283018,0.0
5397,90,AW19,patterned top,0.0,0.0
4936,21,AW19,short sleeves,0.0,0.0
5537,31,AW19,long sleeve,0.0,0.0754716981132075
5537,80,AW19,long sleeve,0.0,0.0188679245283018
5534,103,AW19,long sleeve,0.0,0.0188679245283018
5534,90,AW19,long sleeve,0.0188679245283018,0.0
5534,53,AW19,long sleeve,0.0,0.0566037735849056
5534,83,AW19,long sleeve,0.0188679245283018,0.0377358490566037
5534,77,AW19,long sleeve,0.0,0.0377358490566037
5534,14,AW19,long sleeve,0.0377358490566037,0.0
5534,15,AW19,long sleeve,0.0188679245283018,0.0188679245283018
5534,12,AW19,long sleeve,0.0,0.0566037735849056
5550,95,AW19,long sleeve,0.0,0.0188679245283018
5550,67,AW19,long sleeve,0.0,0.0188679245283018
5550,1,AW19,long sleeve,0.0,0.0
5550,77,AW19,long sleeve,0.0,0.0
5550,80,AW19,long sleeve,0.0,0.0
5550,19,AW19,long sleeve,0.0188679245283018,0.0
5550,31,AW19,long sleeve,0.0,0.0188679245283018
4850,87,AW19,trapeze dress,0.0,0.0188679245283018
5550,15,AW19,long sleeve,0.0188679245283018,0.0377358490566037
5537,76,AW19,long sleeve,0.0188679245283018,0.0188679245283018
5537,1,AW19,long sleeve,0.0,0.0
5537,20,AW19,long sleeve,0.0,0.0
5546,30,AW19,long sleeve,0.0,0.0
5546,75,AW19,long sleeve,0.0,0.0
5546,9,AW19,long sleeve,0.0,0.0
5537,75,AW19,long sleeve,0.0,0.0377358490566037
5546,24,AW19,long sleeve,0.0,0.0
5546,77,AW19,long sleeve,0.0,0.0
5546,53,AW19,long sleeve,0.0188679245283018,0.0188679245283018
5546,69,AW19,long sleeve,0.0188679245283018,0.0
5546,18,AW19,long sleeve,0.0,0.0188679245283018
5546,95,AW19,long sleeve,0.0,0.0
5550,30,AW19,long sleeve,0.0,0.0
5546,51,AW19,long sleeve,0.0188679245283018,0.0188679245283018
4936,90,AW19,short sleeves,0.0188679245283018,0.0
5073,8,AW19,medium coat,0.0,0.0566037735849056
5365,108,AW19,culottes,0.0,0.0
5516,3,AW19,long sleeve,0.0,0.0188679245283018
5516,13,AW19,long sleeve,0.0,0.0
5516,93,AW19,long sleeve,0.0188679245283018,0.0
5526,12,AW19,short cardigan,0.0,0.0
5516,87,AW19,long sleeve,0.0,0.0
5526,2,AW19,short cardigan,0.0,0.0188679245283018
5526,54,AW19,short cardigan,0.0188679245283018,0.0
5514,115,AW19,long sleeve,0.0,0.0
5435,33,AW19,kimono dress,0.0,0.0
5514,8,AW19,long sleeve,0.0,0.0
5435,93,AW19,kimono dress,0.0188679245283018,0.0
5514,18,AW19,long sleeve,0.0,0.0
5516,68,AW19,long sleeve,0.0,0.0
5516,72,AW19,long sleeve,0.0,0.0
5008,24,AW19,long sleeve,0.0,0.0
5516,40,AW19,long sleeve,0.0377358490566037,0.0188679245283018
5435,110,AW19,kimono dress,0.0377358490566037,0.0
5516,39,AW19,long sleeve,0.0,0.0
5516,115,AW19,long sleeve,0.0,0.0
5486,21,AW19,long sleeve,0.0,0.0
5401,96,AW19,kimono dress,0.0,0.0
5486,75,AW19,long sleeve,0.0188679245283018,0.0
5486,56,AW19,long sleeve,0.0566037735849056,0.0566037735849056
5486,13,AW19,long sleeve,0.0,0.0188679245283018
5526,75,AW19,short cardigan,0.0,0.0188679245283018
5400,93,AW19,medium cardigan,0.0188679245283018,0.0377358490566037
4686,105,AW19,doll dress,0.0,0.0
5486,22,AW19,long sleeve,0.0188679245283018,0.0566037735849056
5486,52,AW19,long sleeve,0.0,0.0
5486,68,AW19,long sleeve,0.0,0.0188679245283018
5486,1,AW19,long sleeve,0.0,0.0377358490566037
5401,82,AW19,kimono dress,0.0188679245283018,0.0188679245283018
5486,40,AW19,long sleeve,0.0188679245283018,0.0
5486,69,AW19,long sleeve,0.0,0.0
5486,35,AW19,long sleeve,0.0,0.0
5401,16,AW19,kimono dress,0.0377358490566037,0.0377358490566037
5521,7,AW19,long coat,0.0188679245283018,0.0
5486,0,AW19,long sleeve,0.0,0.0
5486,63,AW19,long sleeve,0.0,0.0
5526,60,AW19,short cardigan,0.0188679245283018,0.0
4971,54,AW19,doll dress,0.0,0.0377358490566037
4971,85,AW19,doll dress,0.0188679245283018,0.0188679245283018
5399,29,AW19,long sleeve,0.0,0.0188679245283018
4684,88,AW19,culottes,0.0,0.0188679245283018
4684,73,AW19,culottes,0.0,0.0
4684,3,AW19,culottes,0.0,0.0566037735849056
4684,99,AW19,culottes,0.0,0.0
4684,28,AW19,culottes,0.0,0.0
5009,102,AW19,long sleeve,0.0,0.0188679245283018
4684,16,AW19,culottes,0.0,0.0377358490566037
5476,43,AW19,solid color top,0.0,0.0188679245283018
5476,3,AW19,solid color top,0.0,0.0
5079,28,AW19,kimono dress,0.0188679245283018,0.0188679245283018
4684,22,AW19,culottes,0.0,0.0754716981132075
5032,95,AW19,long duster,0.0,0.0188679245283018
4684,51,AW19,culottes,0.0,0.0
4684,1,AW19,culottes,0.0,0.0
4684,38,AW19,culottes,0.0,0.0
5079,33,AW19,kimono dress,0.0,0.0
4684,48,AW19,culottes,0.0,0.0
4971,105,AW19,doll dress,0.0,0.0
4684,75,AW19,culottes,0.0188679245283018,0.0377358490566037
5079,88,AW19,kimono dress,0.0,0.0188679245283018
5399,10,AW19,long sleeve,0.0,0.0
5527,125,AW19,long coat,0.0188679245283018,0.0
4971,103,AW19,doll dress,0.0,0.0
5438,83,AW19,long sleeve,0.0,0.0
5527,103,AW19,long coat,0.0188679245283018,0.0188679245283018
5476,12,AW19,solid color top,0.0,0.0
5476,65,AW19,solid color top,0.0,0.0
5527,46,AW19,long coat,0.0188679245283018,0.0377358490566037
5399,14,AW19,long sleeve,0.0,0.0
5399,22,AW19,long sleeve,0.0188679245283018,0.0
5476,60,AW19,solid color top,0.0188679245283018,0.0
5399,76,AW19,long sleeve,0.0,0.0188679245283018
4684,49,AW19,culottes,0.0,0.0188679245283018
5476,79,AW19,solid color top,0.0,0.0
5399,47,AW19,long sleeve,0.0,0.0
4684,31,AW19,culottes,0.0,0.0
5399,85,AW19,long sleeve,0.0,0.0188679245283018
4684,19,AW19,culottes,0.0,0.0
5427,57,AW19,medium cardigan,0.0188679245283018,0.0188679245283018
5427,4,AW19,medium cardigan,0.0188679245283018,0.0
5486,94,AW19,long sleeve,0.0188679245283018,0.0
5465,13,AW19,long coat,0.0,0.0188679245283018
5460,105,AW19,kimono dress,0.0,0.0188679245283018
5526,29,AW19,short cardigan,0.0,0.0
5460,75,AW19,kimono dress,0.0,0.0
5460,68,AW19,kimono dress,0.0,0.0
5465,72,AW19,long coat,0.0,0.0
5460,82,AW19,kimono dress,0.0,0.0377358490566037
5001,108,AW19,long sleeve,0.0,0.0
4781,105,AW19,culottes,0.0566037735849056,0.0
5472,54,AW19,long sleeve,0.0,0.0188679245283018
4592,26,AW19,trapeze dress,0.0188679245283018,0.0
5472,15,AW19,long sleeve,0.0,0.0188679245283018
5460,74,AW19,kimono dress,0.0,0.0
5472,94,AW19,long sleeve,0.0,0.0188679245283018
5074,101,AW19,long sleeve,0.0,0.0188679245283018
5472,105,AW19,long sleeve,0.0,0.0
5472,3,AW19,long sleeve,0.0,0.0
5488,4,AW19,long sleeve,0.0,0.0188679245283018
5472,13,AW19,long sleeve,0.0,0.0
5488,18,AW19,long sleeve,0.0,0.0
5488,69,AW19,long sleeve,0.0,0.0188679245283018
5526,107,AW19,short cardigan,0.0,0.0188679245283018
5526,106,AW19,short cardigan,0.0,0.0
5526,87,AW19,short cardigan,0.0,0.0188679245283018
5526,72,AW19,short cardigan,0.0,0.0
5521,45,AW19,long coat,0.0,0.0188679245283018
5488,96,AW19,long sleeve,0.0377358490566037,0.0
5488,52,AW19,long sleeve,0.0,0.0
5521,76,AW19,long coat,0.0188679245283018,0.0
5488,89,AW19,long sleeve,0.0,0.0
5001,26,AW19,long sleeve,0.0,0.0
5488,87,AW19,long sleeve,0.0,0.0
5488,61,AW19,long sleeve,0.0,0.0
5488,82,AW19,long sleeve,0.0,0.0
5488,83,AW19,long sleeve,0.0,0.0
5526,40,AW19,short cardigan,0.0754716981132075,0.0
5521,115,AW19,long coat,0.0,0.0377358490566037
5488,40,AW19,long sleeve,0.0,0.0
5526,18,AW19,short cardigan,0.0,0.0
5074,121,AW19,long sleeve,0.0,0.0188679245283018
5466,15,AW19,kimono dress,0.0,0.0
5472,52,AW19,long sleeve,0.0,0.0
5518,121,AW19,long sleeve,0.0,0.0
5518,53,AW19,long sleeve,0.0188679245283018,0.0
5518,46,AW19,long sleeve,0.0,0.0
5413,3,AW19,long sleeve,0.0,0.0
5486,96,AW19,long sleeve,0.0188679245283018,0.0
5479,49,AW19,long sleeve,0.0,0.0188679245283018
5486,30,AW19,long sleeve,0.0,0.0
5479,27,AW19,long sleeve,0.0,0.0
5479,109,AW19,long sleeve,0.0,0.0
5479,32,AW19,long sleeve,0.0,0.0
5413,46,AW19,long sleeve,0.0,0.0
5486,7,AW19,long sleeve,0.0,0.0377358490566037
5486,65,AW19,long sleeve,0.0188679245283018,0.0
5526,3,AW19,short cardigan,0.0754716981132075,0.0188679245283018
5427,106,AW19,medium cardigan,0.0,0.0
5427,82,AW19,medium cardigan,0.0,0.0
5526,39,AW19,short cardigan,0.0,0.0
5518,82,AW19,long sleeve,0.0,0.0
5518,3,AW19,long sleeve,0.0,0.0
5388,27,AW19,long sleeve,0.0188679245283018,0.0
5518,88,AW19,long sleeve,0.0,0.0
5074,59,AW19,long sleeve,0.0,0.0
5472,87,AW19,long sleeve,0.0377358490566037,0.0
5466,108,AW19,kimono dress,0.0,0.0
5472,68,AW19,long sleeve,0.0,0.0
5466,16,AW19,kimono dress,0.0377358490566037,0.0188679245283018
5058,10,AW19,long sleeve,0.0,0.0
5058,15,AW19,long sleeve,0.0377358490566037,0.0188679245283018
5472,53,AW19,long sleeve,0.0188679245283018,0.0377358490566037
5430,40,AW19,kimono dress,0.0,0.0
5472,81,AW19,long sleeve,0.0,0.0
5466,53,AW19,kimono dress,0.0188679245283018,0.0188679245283018
5466,90,AW19,kimono dress,0.0,0.0
5472,57,AW19,long sleeve,0.0,0.0
5518,15,AW19,long sleeve,0.0,0.0188679245283018
5388,15,AW19,long sleeve,0.0188679245283018,0.0
5388,31,AW19,long sleeve,0.0,0.0188679245283018
5388,65,AW19,long sleeve,0.0,0.0377358490566037
5518,43,AW19,long sleeve,0.0,0.0
5466,47,AW19,kimono dress,0.0,0.0377358490566037
4684,53,AW19,culottes,0.0,0.0188679245283018
4881,105,AW19,trapeze dress,0.0,0.0377358490566037
5455,88,AW19,solid color top,0.0,0.0
4771,59,AW19,medium coat,0.0,0.0
4771,67,AW19,medium coat,0.0,0.0
4771,101,AW19,medium coat,0.0188679245283018,0.0
5455,93,AW19,solid color top,0.0,0.0188679245283018
4771,88,AW19,medium coat,0.0,0.0
5009,108,AW19,long sleeve,0.0,0.0
5514,68,AW19,long sleeve,0.0,0.0188679245283018
5079,103,AW19,kimono dress,0.0,0.0
5514,51,AW19,long sleeve,0.0,0.0
5514,89,AW19,long sleeve,0.0,0.0
5455,108,AW19,solid color top,0.0,0.0
5338,13,AW19,kimono dress,0.0,0.0
5341,46,AW19,kimono dress,0.0377358490566037,0.0
4806,81,AW19,culottes,0.0188679245283018,0.0
4963,108,AW19,long cardigan,0.0,0.0
5455,91,AW19,solid color top,0.0,0.0
5436,88,AW19,long sleeve,0.0,0.0
5038,82,AW19,long sleeve,0.0,0.0188679245283018
5430,88,AW19,kimono dress,0.0754716981132075,0.0
5452,64,AW19,long coat,0.0188679245283018,0.0188679245283018
5436,24,AW19,long sleeve,0.0,0.0
5430,3,AW19,kimono dress,0.0754716981132075,0.0
5027,105,AW19,long coat,0.0,0.0
5338,89,AW19,kimono dress,0.0,0.0
5514,82,AW19,long sleeve,0.0,0.0
4771,44,AW19,medium coat,0.0188679245283018,0.0188679245283018
4762,92,AW19,medium coat,0.0,0.0
4778,26,AW19,medium coat,0.0,0.0
5383,87,AW19,culottes,0.0,0.0188679245283018
4778,101,AW19,medium coat,0.0188679245283018,0.0188679245283018
4973,49,AW19,culottes,0.0,0.0
5455,95,AW19,solid color top,0.0377358490566037,0.0
5455,57,AW19,solid color top,0.0188679245283018,0.0
5455,64,AW19,solid color top,0.0,0.0
4778,10,AW19,medium coat,0.0754716981132075,0.0
4973,22,AW19,culottes,0.0,0.0
5455,35,AW19,solid color top,0.0,0.0188679245283018
5455,69,AW19,solid color top,0.0,0.0
5359,94,AW19,culottes,0.0188679245283018,0.0188679245283018
5455,74,AW19,solid color top,0.0,0.0
4779,85,AW19,medium coat,0.0188679245283018,0.0377358490566037
4597,53,AW19,solid color top,0.0,0.0
5377,88,AW19,long sleeve,0.0188679245283018,0.0
4779,108,AW19,medium coat,0.0377358490566037,0.0
5015,87,AW19,medium coat,0.0188679245283018,0.0
5455,68,AW19,solid color top,0.0,0.0566037735849056
5455,87,AW19,solid color top,0.0,0.0
5015,41,AW19,medium coat,0.0,0.0
4779,60,AW19,medium coat,0.0,0.0
4779,7,AW19,medium coat,0.0377358490566037,0.0566037735849056
5338,20,AW19,kimono dress,0.0,0.0377358490566037
5436,46,AW19,long sleeve,0.0,0.0
5455,100,AW19,solid color top,0.0,0.0
5500,94,AW19,culottes,0.0188679245283018,0.0377358490566037
4684,95,AW19,culottes,0.0,0.0
5514,72,AW19,long sleeve,0.0,0.0
5514,69,AW19,long sleeve,0.0,0.0188679245283018
4872,96,AW19,culottes,0.0,0.0188679245283018
4684,64,AW19,culottes,0.0188679245283018,0.0188679245283018
5079,40,AW19,kimono dress,0.0,0.0566037735849056
5514,26,AW19,long sleeve,0.0,0.0188679245283018
5079,20,AW19,kimono dress,0.0,0.0
4684,102,AW19,culottes,0.0188679245283018,0.0
5514,36,AW19,long sleeve,0.0,0.0
5500,12,AW19,culottes,0.0,0.0
5500,15,AW19,culottes,0.0,0.0
5476,85,AW19,solid color top,0.0,0.0
4684,29,AW19,culottes,0.0,0.0
4684,4,AW19,culottes,0.0188679245283018,0.0377358490566037
5021,76,AW19,long sleeve,0.0188679245283018,0.0188679245283018
4854,21,AW19,doll dress,0.0,0.0
5021,87,AW19,long sleeve,0.0,0.0
5434,36,AW19,culottes,0.0,0.0
5377,77,AW19,long sleeve,0.0,0.0188679245283018
4684,81,AW19,culottes,0.0188679245283018,0.0188679245283018
4763,44,AW19,medium coat,0.0377358490566037,0.0188679245283018
4684,74,AW19,culottes,0.0,0.0
5377,45,AW19,long sleeve,0.0377358490566037,0.0188679245283018
4684,46,AW19,culottes,0.0,0.0
5009,24,AW19,long sleeve,0.0,0.0188679245283018
5434,63,AW19,culottes,0.0377358490566037,0.0188679245283018
5452,74,AW19,long coat,0.0,0.0
5476,26,AW19,solid color top,0.0,0.0188679245283018
5377,108,AW19,long sleeve,0.0,0.0377358490566037
5527,73,AW19,long coat,0.0,0.0188679245283018
5527,12,AW19,long coat,0.0188679245283018,0.0
5079,85,AW19,kimono dress,0.0,0.0
5494,48,AW19,long sleeve,0.0,0.0
5430,16,AW19,kimono dress,0.0188679245283018,0.0188679245283018
5027,16,AW19,long coat,0.0,0.0188679245283018
5452,77,AW19,long coat,0.0,0.0188679245283018
5455,30,AW19,solid color top,0.0,0.0
4684,18,AW19,culottes,0.0,0.0188679245283018
5558,19,AW19,medium coat,0.0,0.0188679245283018
5558,43,AW19,medium coat,0.0,0.0188679245283018
5551,108,AW19,long sleeve,0.0188679245283018,0.0377358490566037
5558,31,AW19,medium coat,0.0,0.0
5551,76,AW19,long sleeve,0.0188679245283018,0.0566037735849056
5558,75,AW19,medium coat,0.0377358490566037,0.0
5551,51,AW19,long sleeve,0.0,0.0
5552,29,AW19,long sleeve,0.0,0.0
5557,99,AW19,medium coat,0.0188679245283018,0.0
5464,108,AW19,sheath dress,0.0,0.0
5483,26,AW19,sheath dress,0.0188679245283018,0.0
5536,64,AW19,medium coat,0.0188679245283018,0.0
5556,69,AW19,long sleeve,0.0,0.0188679245283018
5556,8,AW19,long sleeve,0.0,0.0566037735849056
5464,15,AW19,sheath dress,0.0,0.0
5556,102,AW19,long sleeve,0.0,0.0
5556,29,AW19,long sleeve,0.0,0.0
5551,80,AW19,long sleeve,0.0566037735849056,0.0
5536,4,AW19,medium coat,0.0188679245283018,0.0
5536,13,AW19,medium coat,0.0188679245283018,0.0188679245283018
5551,12,AW19,long sleeve,0.0188679245283018,0.0
5536,101,AW19,medium coat,0.0566037735849056,0.0566037735849056
5551,31,AW19,long sleeve,0.0,0.0
5558,39,AW19,medium coat,0.0,0.0
5551,94,AW19,long sleeve,0.0,0.0188679245283018
5441,76,AW19,long dress,0.0,0.0
5381,90,AW19,long sleeve,0.0188679245283018,0.0
5551,15,AW19,long sleeve,0.0,0.0
5551,29,AW19,long sleeve,0.0,0.0
5551,74,AW19,long sleeve,0.0,0.0
5557,47,AW19,medium coat,0.0,0.0
5552,56,AW19,long sleeve,0.0,0.0
5552,13,AW19,long sleeve,0.0,0.0
5557,1,AW19,medium coat,0.0188679245283018,0.0
5557,87,AW19,medium coat,0.0188679245283018,0.0188679245283018
5557,51,AW19,medium coat,0.0188679245283018,0.0
5557,15,AW19,medium coat,0.0,0.0
5552,69,AW19,long sleeve,0.0,0.0
5557,20,AW19,medium coat,0.0,0.0
5557,89,AW19,medium coat,0.0377358490566037,0.0188679245283018
5552,22,AW19,long sleeve,0.0188679245283018,0.0
5557,76,AW19,medium coat,0.0188679245283018,0.0377358490566037
5552,76,AW19,long sleeve,0.0377358490566037,0.0188679245283018
5557,93,AW19,medium coat,0.0,0.0188679245283018
5552,89,AW19,long sleeve,0.0,0.0188679245283018
5552,101,AW19,long sleeve,0.0,0.0
5557,56,AW19,medium coat,0.0188679245283018,0.0
5557,28,AW19,medium coat,0.0188679245283018,0.0188679245283018
5557,86,AW19,medium coat,0.0,0.0
5551,1,AW19,long sleeve,0.0,0.0377358490566037
5556,51,AW19,long sleeve,0.0,0.0
5552,80,AW19,long sleeve,0.0,0.0
5551,69,AW19,long sleeve,0.0,0.0
5551,36,AW19,long sleeve,0.0,0.0566037735849056
5551,26,AW19,long sleeve,0.0,0.0377358490566037
5551,18,AW19,long sleeve,0.0,0.0
5558,12,AW19,medium coat,0.0377358490566037,0.0377358490566037
5551,8,AW19,long sleeve,0.0188679245283018,0.0
5557,39,AW19,medium coat,0.0,0.0
5536,22,AW19,medium coat,0.0377358490566037,0.0566037735849056
5511,26,AW19,long sleeve,0.0,0.0
5552,43,AW19,long sleeve,0.0377358490566037,0.0
5464,57,AW19,sheath dress,0.0,0.0
5557,12,AW19,medium coat,0.0,0.0
5557,103,AW19,medium coat,0.0,0.0
5464,8,AW19,sheath dress,0.0,0.0
5557,46,AW19,medium coat,0.0,0.0188679245283018
5557,81,AW19,medium coat,0.0,0.0
5464,4,AW19,sheath dress,0.0566037735849056,0.0
5557,85,AW19,medium coat,0.0566037735849056,0.0188679245283018
5557,8,AW19,medium coat,0.0,0.0
5529,19,AW19,culottes,0.0188679245283018,0.0188679245283018
5553,43,AW19,long sleeve,0.0,0.0188679245283018
5556,56,AW19,long sleeve,0.0,0.0188679245283018
5549,103,AW19,short coat,0.0,0.0377358490566037
5549,4,AW19,short coat,0.0377358490566037,0.0
5540,108,AW19,culottes,0.0,0.0
5498,108,AW19,doll dress,0.0188679245283018,0.0188679245283018
5540,56,AW19,culottes,0.0188679245283018,0.0
5498,109,AW19,doll dress,0.0188679245283018,0.0188679245283018
5540,45,AW19,culottes,0.0188679245283018,0.0188679245283018
5521,2,AW19,long coat,0.0,0.0
5498,4,AW19,doll dress,0.0,0.0
5540,1,AW19,culottes,0.0,0.0566037735849056
5498,8,AW19,doll dress,0.0,0.0
5501,35,AW19,long dress,0.0,0.0
5554,47,AW19,long sleeve,0.0,0.0
5549,26,AW19,short coat,0.0,0.0
5549,121,AW19,short coat,0.0,0.0
5540,67,AW19,culottes,0.0188679245283018,0.0
5554,13,AW19,long sleeve,0.0,0.0188679245283018
5549,51,AW19,short coat,0.0,0.0188679245283018
5549,3,AW19,short coat,0.0,0.0
5554,80,AW19,long sleeve,0.0,0.0
5554,86,AW19,long sleeve,0.0188679245283018,0.0188679245283018
5549,105,AW19,short coat,0.0,0.0
5554,14,AW19,long sleeve,0.0,0.0
5549,59,AW19,short coat,0.0,0.0
5549,54,AW19,short coat,0.0188679245283018,0.0
4656,108,AW19,culottes,0.1132075471698113,0.0754716981132075
5567,54,AW19,long sleeve,0.0188679245283018,0.0188679245283018
5527,5,AW19,long coat,0.0,0.0188679245283018
5520,69,AW19,doll dress,0.0,0.0
4931,74,AW19,culottes,0.0,0.0
5527,22,AW19,long coat,0.0188679245283018,0.0188679245283018
4931,6,AW19,culottes,0.0188679245283018,0.0188679245283018
5529,87,AW19,culottes,0.0,0.0
5474,109,AW19,long dress,0.0,0.0
5474,72,AW19,long dress,0.0566037735849056,0.0
5527,80,AW19,long coat,0.0188679245283018,0.0
4938,88,AW19,culottes,0.0,0.0
5527,1,AW19,long coat,0.0566037735849056,0.0188679245283018
5474,95,AW19,long dress,0.0188679245283018,0.0
5540,2,AW19,culottes,0.0,0.0
5527,43,AW19,long coat,0.0,0.0
4933,87,AW19,culottes,0.0,0.0
5520,43,AW19,doll dress,0.0188679245283018,0.0
5527,20,AW19,long coat,0.0,0.0
5540,31,AW19,culottes,0.0,0.0
4977,23,AW19,doll dress,0.0,0.0
5498,39,AW19,doll dress,0.0,0.0377358490566037
5554,8,AW19,long sleeve,0.0,0.0
5554,104,AW19,long sleeve,0.0188679245283018,0.0
4970,75,AW19,long coat,0.0,0.0
5540,80,AW19,culottes,0.0,0.0
5556,22,AW19,long sleeve,0.0188679245283018,0.0
5554,12,AW19,long sleeve,0.0,0.0377358490566037
5444,13,AW19,long sleeve,0.0,0.0
5558,56,AW19,medium coat,0.0188679245283018,0.0
5558,28,AW19,medium coat,0.0,0.0
5567,121,AW19,long sleeve,0.0,0.0
5558,108,AW19,medium coat,0.0,0.0
5558,9,AW19,medium coat,0.0188679245283018,0.0
5553,15,AW19,long sleeve,0.0,0.0
5553,12,AW19,long sleeve,0.0,0.0
5553,96,AW19,long sleeve,0.0188679245283018,0.0188679245283018
5521,105,AW19,long coat,0.0,0.0
5567,74,AW19,long sleeve,0.0,0.0188679245283018
5556,15,AW19,long sleeve,0.0377358490566037,0.0
5545,76,AW19,medium coat,0.0,0.0
5001,29,AW19,long sleeve,0.0,0.0
5556,91,AW19,long sleeve,0.0188679245283018,0.0188679245283018
5545,40,AW19,medium coat,0.0188679245283018,0.0377358490566037
5545,35,AW19,medium coat,0.0188679245283018,0.0188679245283018
5545,81,AW19,medium coat,0.0,0.0377358490566037
5556,31,AW19,long sleeve,0.0,0.0188679245283018
5381,108,AW19,long sleeve,0.0,0.0
5556,86,AW19,long sleeve,0.0188679245283018,0.0188679245283018
5545,64,AW19,medium coat,0.0,0.0
5536,12,AW19,medium coat,0.0188679245283018,0.0377358490566037
5536,7,AW19,medium coat,0.0,0.0188679245283018
5558,93,AW19,medium coat,0.0,0.0188679245283018
5553,104,AW19,long sleeve,0.0,0.0
5558,89,AW19,medium coat,0.0377358490566037,0.0188679245283018
5558,20,AW19,medium coat,0.0,0.0
4845,46,AW19,sleeveless,0.0566037735849056,0.0
5553,115,AW19,long sleeve,0.0,0.0188679245283018
5495,8,AW19,solid color top,0.0,0.0
5495,107,AW19,solid color top,0.0566037735849056,0.0377358490566037
5495,87,AW19,solid color top,0.0188679245283018,0.0754716981132075
5553,8,AW19,long sleeve,0.0188679245283018,0.0188679245283018
5545,30,AW19,medium coat,0.0,0.0
4874,108,AW19,doll dress,0.0,0.0188679245283018
5553,101,AW19,long sleeve,0.0,0.0
5553,47,AW19,long sleeve,0.0,0.0377358490566037
5553,89,AW19,long sleeve,0.0377358490566037,0.0
5553,56,AW19,long sleeve,0.0,0.0
5553,73,AW19,long sleeve,0.0377358490566037,0.0188679245283018
5558,115,AW19,medium coat,0.0,0.0
5558,57,AW19,medium coat,0.0188679245283018,0.0188679245283018
5558,44,AW19,medium coat,0.0566037735849056,0.0188679245283018
5558,103,AW19,medium coat,0.0,0.0
5558,46,AW19,medium coat,0.0,0.0
5558,81,AW19,medium coat,0.0,0.0
5558,53,AW19,medium coat,0.0566037735849056,0.0
5567,19,AW19,long sleeve,0.0,0.0188679245283018
5567,80,AW19,long sleeve,0.0,0.0377358490566037
5558,27,AW19,medium coat,0.0188679245283018,0.0
5558,1,AW19,medium coat,0.0,0.0188679245283018
5543,108,AW19,long sleeve,0.0,0.0377358490566037
5555,28,AW19,long sleeve,0.0,0.0
5429,95,AW19,patterned top,0.0,0.0
5522,76,AW19,solid color top,0.0188679245283018,0.0
5061,108,AW19,long coat,0.0,0.0
5061,3,AW19,long coat,0.0377358490566037,0.0
5397,24,AW19,patterned top,0.0,0.0
5061,10,AW19,long coat,0.0188679245283018,0.0
5561,41,AW19,long coat,0.0188679245283018,0.0188679245283018
5561,104,AW19,long coat,0.0188679245283018,0.0377358490566037
5561,18,AW19,long coat,0.0,0.0
5451,26,AW19,medium coat,0.0188679245283018,0.0188679245283018
5561,69,AW19,long coat,0.0,0.0
5561,20,AW19,long coat,0.0,0.0
5561,47,AW19,long coat,0.0,0.0
5561,24,AW19,long coat,0.0,0.0188679245283018
5492,101,AW19,solid color top,0.0,0.0188679245283018
5451,22,AW19,medium coat,0.0188679245283018,0.0
5561,28,AW19,long coat,0.0,0.0188679245283018
5561,108,AW19,long coat,0.0,0.0
5397,92,AW19,patterned top,0.0188679245283018,0.0
5522,65,AW19,solid color top,0.0,0.0188679245283018
5397,73,AW19,patterned top,0.0,0.0
5492,26,AW19,solid color top,0.0,0.0
4771,108,AW19,medium coat,0.0,0.0
5522,3,AW19,solid color top,0.0,0.0
5372,30,AW19,gitana skirt,0.0,0.0
5397,117,AW19,patterned top,0.0,0.0
5522,56,AW19,solid color top,0.0,0.0188679245283018
5561,19,AW19,long coat,0.0,0.0188679245283018
5561,75,AW19,long coat,0.0,0.0
5561,48,AW19,long coat,0.0,0.0188679245283018
5561,92,AW19,long coat,0.0,0.0
5561,3,AW19,long coat,0.0188679245283018,0.0
5522,108,AW19,solid color top,0.0,0.0
5397,79,AW19,patterned top,0.0,0.0
5397,106,AW19,patterned top,0.0566037735849056,0.0188679245283018
5397,109,AW19,patterned top,0.0,0.0
5397,102,AW19,patterned top,0.0188679245283018,0.0
5542,35,AW19,kimono dress,0.0,0.0
5397,59,AW19,patterned top,0.0377358490566037,0.0
5072,108,AW19,medium coat,0.0,0.0
5517,79,AW19,long sleeve,0.0,0.0188679245283018
4983,10,AW19,short sleeves,0.0,0.0
4981,88,AW19,doll dress,0.0188679245283018,0.0188679245283018
4684,15,AW19,culottes,0.0,0.0
5497,8,AW19,long coat,0.0,0.0
5497,77,AW19,long coat,0.0,0.0
5497,15,AW19,long coat,0.0,0.0
5490,84,AW19,culottes,0.0,0.0
5519,107,AW19,long coat,0.0,0.0377358490566037
5428,110,AW19,sheath dress,0.0,0.0188679245283018
4684,93,AW19,culottes,0.0188679245283018,0.0
5519,16,AW19,long coat,0.0,0.0188679245283018
5519,99,AW19,long coat,0.0,0.0188679245283018
5397,107,AW19,patterned top,0.0,0.0
5530,30,AW19,medium coat,0.0,0.0188679245283018
5530,12,AW19,medium coat,0.0188679245283018,0.0377358490566037
5530,94,AW19,medium coat,0.0,0.0188679245283018
5447,18,AW19,solid color top,0.0,0.0188679245283018
5351,24,AW19,kimono dress,0.0188679245283018,0.0188679245283018
5066,66,AW19,long coat,0.0,0.0188679245283018
5447,80,AW19,solid color top,0.0,0.0
5504,2,AW19,medium coat,0.0188679245283018,0.0
5504,31,AW19,medium coat,0.0188679245283018,0.0188679245283018
5504,22,AW19,medium coat,0.0,0.0
4684,87,AW19,culottes,0.0188679245283018,0.0
5351,108,AW19,kimono dress,0.0,0.0
5428,48,AW19,sheath dress,0.0,0.0188679245283018
5530,87,AW19,medium coat,0.0188679245283018,0.0188679245283018
5541,115,AW19,kimono dress,0.0,0.0
5397,14,AW19,patterned top,0.0,0.0
4779,121,AW19,medium coat,0.0188679245283018,0.0377358490566037
5070,107,AW19,long coat,0.0,0.0
5539,107,AW19,maxi,0.0,0.0377358490566037
5459,104,AW19,culottes,0.0,0.0
5559,99,AW19,long sleeve,0.0,0.0
5559,108,AW19,long sleeve,0.0,0.0
5559,80,AW19,long sleeve,0.0,0.0
5559,88,AW19,long sleeve,0.0,0.0
5559,43,AW19,long sleeve,0.0,0.0
5539,32,AW19,maxi,0.0377358490566037,0.0943396226415094
5559,86,AW19,long sleeve,0.0,0.0
5559,84,AW19,long sleeve,0.0,0.0
5539,26,AW19,maxi,0.0,0.0
5040,3,AW19,solid color top,0.0,0.0
5500,69,AW19,culottes,0.0,0.0188679245283018
5436,80,AW19,long sleeve,0.0,0.0188679245283018
5436,22,AW19,long sleeve,0.0,0.0
5436,87,AW19,long sleeve,0.0188679245283018,0.0377358490566037
5500,80,AW19,culottes,0.0188679245283018,0.0
5500,79,AW19,culottes,0.0,0.0188679245283018
5073,87,AW19,medium coat,0.0,0.0
5452,87,AW19,long coat,0.0,0.0188679245283018
5348,108,AW19,culottes,0.0,0.0
5500,108,AW19,culottes,0.0,0.0377358490566037
5459,59,AW19,culottes,0.0,0.0
5397,62,AW19,patterned top,0.0,0.0
5468,61,AW19,culottes,0.0188679245283018,0.0
5397,10,AW19,patterned top,0.0,0.0
5046,88,AW19,medium coat,0.0,0.0188679245283018
5429,15,AW19,patterned top,0.0,0.0
5539,23,AW19,maxi,0.0,0.0188679245283018
5500,87,AW19,culottes,0.0188679245283018,0.0566037735849056
5468,40,AW19,culottes,0.0,0.0188679245283018
5397,105,AW19,patterned top,0.0,0.0
5459,95,AW19,culottes,0.0188679245283018,0.0
5539,27,AW19,maxi,0.0377358490566037,0.0566037735849056
4779,59,AW19,medium coat,0.0188679245283018,0.0
5560,76,AW19,medium coat,0.0,0.0
5560,66,AW19,medium coat,0.0,0.0
5493,91,AW19,sleeveless,0.0,0.0
4778,108,AW19,medium coat,0.0,0.0
5493,87,AW19,sleeveless,0.0188679245283018,0.0
5539,49,AW19,maxi,0.0377358490566037,0.0
5408,104,AW19,long sleeve,0.0,0.0
5029,10,AW19,culottes,0.0,0.0
5493,104,AW19,sleeveless,0.0,0.0
5539,79,AW19,maxi,0.0,0.0
5539,92,AW19,maxi,0.0,0.0377358490566037
5047,89,AW19,long sleeve,0.0,0.0
5359,99,AW19,culottes,0.0,0.0188679245283018
5047,79,AW19,long sleeve,0.0188679245283018,0.0
5539,6,AW19,maxi,0.0,0.0
4989,44,AW19,miniskirt,0.0188679245283018,0.0188679245283018
5539,101,AW19,maxi,0.0188679245283018,0.0
5559,28,AW19,long sleeve,0.0,0.0
5539,68,AW19,maxi,0.0377358490566037,0.0188679245283018
5559,16,AW19,long sleeve,0.0,0.0
5559,76,AW19,long sleeve,0.0,0.0
5459,27,AW19,culottes,0.0,0.0
5539,106,AW19,maxi,0.0,0.0188679245283018
5559,95,AW19,long sleeve,0.0,0.0
5539,52,AW19,maxi,0.0188679245283018,0.0943396226415094
5559,103,AW19,long sleeve,0.0,0.0
5539,33,AW19,maxi,0.0,0.0188679245283018
5559,63,AW19,long sleeve,0.0,0.0
5539,117,AW19,maxi,0.0377358490566037,0.0377358490566037
5539,28,AW19,maxi,0.0188679245283018,0.0
5539,24,AW19,maxi,0.0,0.0
5001,125,AW19,long sleeve,0.0,0.0
5541,57,AW19,kimono dress,0.0,0.0
5394,95,AW19,maxi,0.0,0.0
5570,9,AW19,maxi,0.0,0.0
5570,80,AW19,maxi,0.0,0.0
5570,43,AW19,maxi,0.0,0.0
5570,14,AW19,maxi,0.0,0.0
5570,7,AW19,maxi,0.0,0.0
5570,10,AW19,maxi,0.0,0.0
5527,30,AW19,long coat,0.0377358490566037,0.0
5570,12,AW19,maxi,0.0,0.0
5569,41,AW19,maxi,0.0,0.0
5569,100,AW19,maxi,0.0188679245283018,0.0
5569,95,AW19,maxi,0.0188679245283018,0.0377358490566037
5569,36,AW19,maxi,0.0,0.0
5569,69,AW19,maxi,0.0566037735849056,0.0
5419,5,AW19,sleeveless,0.0188679245283018,0.0
5419,16,AW19,sleeveless,0.0,0.0188679245283018
5569,22,AW19,maxi,0.0,0.0566037735849056
5569,56,AW19,maxi,0.0754716981132075,0.0188679245283018
5562,103,AW19,maxi,0.0,0.0
5562,8,AW19,maxi,0.0,0.0
5562,100,AW19,maxi,0.0,0.0
5562,21,AW19,maxi,0.0754716981132075,0.0188679245283018
5562,57,AW19,maxi,0.0,0.0188679245283018
5482,46,AW19,sleeveless,0.0,0.0188679245283018
5570,5,AW19,maxi,0.0,0.0
5562,115,AW19,maxi,0.0,0.0188679245283018
5562,64,AW19,maxi,0.0188679245283018,0.0
5562,41,AW19,maxi,0.0,0.0
5482,89,AW19,sleeveless,0.0,0.0377358490566037
5569,12,AW19,maxi,0.0188679245283018,0.0
5569,14,AW19,maxi,0.0188679245283018,0.0
5482,96,AW19,sleeveless,0.0,0.0
5562,29,AW19,maxi,0.0,0.0188679245283018
5562,4,AW19,maxi,0.0188679245283018,0.0188679245283018
5570,56,AW19,maxi,0.0,0.0
5406,108,AW19,long coat,0.0,0.0188679245283018
5501,79,AW19,long dress,0.0,0.0
5531,19,AW19,long sleeve,0.0188679245283018,0.0188679245283018
5531,12,AW19,long sleeve,0.0377358490566037,0.0188679245283018
5001,18,AW19,long sleeve,0.0,0.0
5501,10,AW19,long dress,0.0,0.0
5534,101,AW19,long sleeve,0.0,0.0188679245283018
5534,93,AW19,long sleeve,0.0188679245283018,0.0188679245283018
5337,88,AW19,kimono dress,0.0,0.0188679245283018
5502,103,AW19,long sleeve,0.0,0.0188679245283018
5502,81,AW19,long sleeve,0.0,0.0
5462,108,AW19,medium coat,0.0,0.0
5337,108,AW19,kimono dress,0.0,0.0
5550,12,AW19,long sleeve,0.0,0.0566037735849056
5465,12,AW19,long coat,0.0,0.0188679245283018
5462,87,AW19,medium coat,0.0,0.0
5465,43,AW19,long coat,0.0377358490566037,0.0188679245283018
5465,93,AW19,long coat,0.0188679245283018,0.0188679245283018
5433,23,AW19,long coat,0.0,0.0188679245283018
5450,94,AW19,medium coat,0.0,0.0
5048,21,AW19,doll dress,0.0,0.0188679245283018
5462,4,AW19,medium coat,0.0,0.0
5571,10,AW19,patterned top,0.0,0.0
5571,56,AW19,patterned top,0.0,0.0
5406,36,AW19,long coat,0.0188679245283018,0.0188679245283018
5471,106,AW19,medium coat,0.0,0.0
5001,16,AW19,long sleeve,0.0,0.0
5471,15,AW19,medium coat,0.0,0.0
5471,2,AW19,medium coat,0.0,0.0
5537,4,AW19,long sleeve,0.0,0.0
5502,75,AW19,long sleeve,0.0,0.0
5546,60,AW19,long sleeve,0.0,0.0188679245283018
5571,125,AW19,patterned top,0.0,0.0
5337,74,AW19,kimono dress,0.0,0.0188679245283018
5562,95,AW19,maxi,0.0,0.0
5562,81,AW19,maxi,0.0377358490566037,0.0
5566,75,AW19,short coat,0.0,0.0566037735849056
5566,14,AW19,short coat,0.0,0.0
5566,3,AW19,short coat,0.0,0.0377358490566037
5566,5,AW19,short coat,0.0,0.0
5566,53,AW19,short coat,0.0,0.0
5566,46,AW19,short coat,0.0,0.0
5564,49,AW19,short coat,0.0188679245283018,0.0754716981132075
5564,7,AW19,short coat,0.0,0.0754716981132075
5564,15,AW19,short coat,0.0,0.0566037735849056
5564,31,AW19,short coat,0.0377358490566037,0.0566037735849056
5564,105,AW19,short coat,0.0,0.0188679245283018
5564,14,AW19,short coat,0.0566037735849056,0.0188679245283018
5564,3,AW19,short coat,0.0188679245283018,0.0188679245283018
5564,56,AW19,short coat,0.0566037735849056,0.0
5564,93,AW19,short coat,0.0,0.0188679245283018
5564,76,AW19,short coat,0.0188679245283018,0.0188679245283018
5564,47,AW19,short coat,0.0,0.0188679245283018
5541,13,AW19,kimono dress,0.0,0.0
5562,96,AW19,maxi,0.0188679245283018,0.0
5562,30,AW19,maxi,0.0,0.0377358490566037
5562,2,AW19,maxi,0.0188679245283018,0.0188679245283018
5562,12,AW19,maxi,0.0,0.0
5562,7,AW19,maxi,0.0,0.0
5562,15,AW19,maxi,0.0566037735849056,0.0
5564,64,AW19,short coat,0.0377358490566037,0.0754716981132075
5564,18,AW19,short coat,0.0,0.0754716981132075
5564,53,AW19,short coat,0.0188679245283018,0.0377358490566037
5564,32,AW19,short coat,0.0188679245283018,0.0943396226415094
5564,85,AW19,short coat,0.0188679245283018,0.0188679245283018
5564,61,AW19,short coat,0.0377358490566037,0.0566037735849056
5564,20,AW19,short coat,0.0,0.0188679245283018
5564,0,AW19,short coat,0.0,0.0566037735849056
5562,46,AW19,maxi,0.0,0.0
5562,31,AW19,maxi,0.0,0.0
5562,94,AW19,maxi,0.0,0.0
5562,35,AW19,maxi,0.0,0.0
5562,69,AW19,maxi,0.0,0.0188679245283018
5562,40,AW19,maxi,0.0377358490566037,0.0377358490566037
5334,60,AW19,long sleeve,0.0377358490566037,0.0
5562,85,AW19,maxi,0.0377358490566037,0.0188679245283018
5334,108,AW19,long sleeve,0.0,0.0
5562,87,AW19,maxi,0.0,0.0
5562,51,AW19,maxi,0.0,0.0
5562,89,AW19,maxi,0.0188679245283018,0.0188679245283018
5562,76,AW19,maxi,0.0,0.0
5562,22,AW19,maxi,0.0377358490566037,0.0188679245283018
5562,93,AW19,maxi,0.0,0.0
5334,44,AW19,long sleeve,0.0,0.0566037735849056
5562,16,AW19,maxi,0.0188679245283018,0.0
5562,56,AW19,maxi,0.0566037735849056,0.0
5562,99,AW19,maxi,0.0377358490566037,0.0188679245283018
5562,5,AW19,maxi,0.0,0.0
5548,29,AW19,kimono dress,0.0,0.0377358490566037
5548,59,AW19,kimono dress,0.0,0.0
5562,105,AW19,maxi,0.0188679245283018,0.0188679245283018
5379,10,AW19,long coat,0.0188679245283018,0.0188679245283018
5562,19,AW19,maxi,0.0,0.0
5548,101,AW19,kimono dress,0.0,0.0
5562,65,AW19,maxi,0.0,0.0
5562,48,AW19,maxi,0.0,0.0
5562,86,AW19,maxi,0.0754716981132075,0.0
5562,43,AW19,maxi,0.0,0.0
5562,39,AW19,maxi,0.0566037735849056,0.0
5562,80,AW19,maxi,0.0,0.0
5562,73,AW19,maxi,0.0,0.0188679245283018
5562,108,AW19,maxi,0.0,0.0
5562,14,AW19,maxi,0.0,0.0
5036,108,AW19,medium coat,0.0,0.0
5554,85,AW19,long sleeve,0.0188679245283018,0.0188679245283018
5463,46,AW19,sheath dress,0.0,0.0188679245283018
5563,10,AW19,solid color top,0.0377358490566037,0.0
5563,7,AW19,solid color top,0.0,0.0
5368,108,AW19,long sleeve,0.0,0.0
5535,47,AW19,kimono dress,0.0,0.0
5538,56,AW19,kimono dress,0.0,0.0
5065,105,AW19,long coat,0.0188679245283018,0.0188679245283018
5399,1,AW19,long sleeve,0.0,0.0
5532,56,AW19,kimono dress,0.0,0.0
5544,103,AW19,kimono dress,0.0,0.0
5430,108,AW19,kimono dress,0.0,0.0
5538,5,AW19,kimono dress,0.0,0.0
4966,75,AW19,long duster,0.0188679245283018,0.0
5538,73,AW19,kimono dress,0.0,0.0
5532,74,AW19,kimono dress,0.0,0.0
5485,93,AW19,short sleeves,0.0,0.0188679245283018
5544,100,AW19,kimono dress,0.0,0.0377358490566037
5532,109,AW19,kimono dress,0.0188679245283018,0.0
5532,28,AW19,kimono dress,0.0,0.0
5071,87,AW19,long coat,0.0188679245283018,0.0377358490566037
5532,5,AW19,kimono dress,0.0377358490566037,0.0188679245283018
5476,57,AW19,solid color top,0.0,0.0
5371,108,AW19,long sleeve,0.0188679245283018,0.0188679245283018
4928,117,AW19,medium coat,0.0188679245283018,0.0188679245283018
4928,22,AW19,medium coat,0.0188679245283018,0.0
5362,10,AW19,long sleeve,0.0,0.0377358490566037
5544,90,AW19,kimono dress,0.0,0.0
5343,93,AW19,long sleeve,0.0377358490566037,0.0188679245283018
5006,87,AW19,short sleeves,0.0188679245283018,0.0
5354,56,AW19,long sleeve,0.0377358490566037,0.0
5466,94,AW19,kimono dress,0.0,0.0
5563,54,AW19,solid color top,0.0,0.0
5532,79,AW19,kimono dress,0.0,0.0
5466,7,AW19,kimono dress,0.0,0.0
5563,62,AW19,solid color top,0.0,0.0188679245283018
5378,26,AW19,long sleeve,0.0,0.0188679245283018
5563,2,AW19,solid color top,0.0,0.0377358490566037
5563,12,AW19,solid color top,0.0188679245283018,0.0
5532,69,AW19,kimono dress,0.0,0.0
5079,108,AW19,kimono dress,0.0,0.0
5484,72,AW19,long sleeve,0.0,0.0188679245283018
5484,40,AW19,long sleeve,0.0,0.1132075471698113
5547,75,AW19,kimono dress,0.0,0.0
5508,15,AW19,long sleeve,0.0188679245283018,0.0
5547,79,AW19,kimono dress,0.0188679245283018,0.0377358490566037
5526,21,AW19,short cardigan,0.0,0.0188679245283018
5547,39,AW19,kimono dress,0.0,0.0
5526,36,AW19,short cardigan,0.0,0.0
5533,56,AW19,kimono dress,0.0,0.0
5526,81,AW19,short cardigan,0.0188679245283018,0.0377358490566037
5373,36,AW19,long cardigan,0.0,0.0
5341,53,AW19,kimono dress,0.0,0.0
5508,50,AW19,long sleeve,0.0,0.0
5547,3,AW19,kimono dress,0.0,0.0
5373,3,AW19,long cardigan,0.0,0.0
5508,89,AW19,long sleeve,0.0188679245283018,0.0188679245283018
5568,51,AW19,solid color top,0.0,0.0
5568,33,AW19,solid color top,0.0,0.0
5568,13,AW19,solid color top,0.0,0.0188679245283018
5535,92,AW19,kimono dress,0.0,0.0
5369,102,AW19,medium cardigan,0.0188679245283018,0.0
5547,105,AW19,kimono dress,0.0,0.0188679245283018
5533,60,AW19,kimono dress,0.0,0.0188679245283018
5532,103,AW19,kimono dress,0.0,0.0
5460,104,AW19,kimono dress,0.0,0.0377358490566037
5532,21,AW19,kimono dress,0.0377358490566037,0.0
5535,103,AW19,kimono dress,0.0,0.0
5535,56,AW19,kimono dress,0.0,0.0
5079,22,AW19,kimono dress,0.0377358490566037,0.0188679245283018
5535,8,AW19,kimono dress,0.0,0.0
5544,23,AW19,kimono dress,0.0,0.0
5358,69,AW19,long sleeve,0.0,0.0
5538,92,AW19,kimono dress,0.0,0.0
5470,30,AW19,medium coat,0.0566037735849056,0.0188679245283018
5533,54,AW19,kimono dress,0.0,0.0
5023,106,AW19,medium cardigan,0.0,0.0
5509,56,AW19,medium coat,0.0,0.0
5535,73,AW19,kimono dress,0.0,0.0
5350,93,AW19,solid color top,0.0,0.0188679245283018
4930,93,AW19,solid color top,0.0,0.0
5547,66,AW19,kimono dress,0.0,0.0
4906,20,AW19,long cardigan,0.0188679245283018,0.0
5369,41,AW19,medium cardigan,0.0,0.0
5356,4,AW19,long sleeve,0.0,0.0188679245283018
5544,39,AW19,kimono dress,0.0,0.0
5565,61,AW19,solid color top,0.0,0.0
4949,121,AW19,long cardigan,0.0,0.0
5544,92,AW19,kimono dress,0.0,0.0
5513,3,AW19,sleeveless,0.0,0.0377358490566037
5565,87,AW19,solid color top,0.0188679245283018,0.0377358490566037
4697,108,AW19,short cardigan,0.0,0.0
5507,29,AW19,long sleeve,0.0,0.0188679245283018
5544,109,AW19,kimono dress,0.0377358490566037,0.0
5565,89,AW19,solid color top,0.0188679245283018,0.0
5020,57,AW19,trapeze dress,0.0,0.0188679245283018
5565,33,AW19,solid color top,0.0188679245283018,0.0188679245283018
5565,13,AW19,solid color top,0.0,0.0188679245283018
5565,28,AW19,solid color top,0.0188679245283018,0.0
5544,107,AW19,kimono dress,0.0,0.0
5427,108,AW19,medium cardigan,0.0,0.0188679245283018
5528,2,AW19,long sleeve,0.0,0.0188679245283018
5544,27,AW19,kimono dress,0.0,0.0
5544,54,AW19,kimono dress,0.0,0.0
5565,69,AW19,solid color top,0.0188679245283018,0.0188679245283018
4313,105,AW19,short sleeves,0.0,0.0
5461,12,AW19,long coat,0.0377358490566037,0.0188679245283018
5477,108,AW19,long sleeve,0.0,0.0188679245283018
5544,87,AW19,kimono dress,0.0,0.0
5526,31,AW19,short cardigan,0.0,0.0
5544,56,AW19,kimono dress,0.0,0.0
5544,28,AW19,kimono dress,0.0,0.0
5526,10,AW19,short cardigan,0.0,0.0
5565,57,AW19,solid color top,0.0,0.0188679245283018
5512,0,AW19,long sleeve,0.0188679245283018,0.0
5544,5,AW19,kimono dress,0.0188679245283018,0.0
5020,108,AW19,trapeze dress,0.0,0.0
4914,108,AW19,solid color top,0.0,0.0
5486,26,AW19,long sleeve,0.0,0.0188679245283018
5544,1,AW19,kimono dress,0.0188679245283018,0.0
5544,73,AW19,kimono dress,0.0,0.0
5473,1,AW19,culottes,0.0,0.0377358490566037
5437,87,AW19,long sleeve,0.0566037735849056,0.0566037735849056
5565,103,AW19,solid color top,0.0,0.0
5568,108,AW19,solid color top,0.0,0.0
5538,23,AW19,kimono dress,0.0,0.0
5565,19,AW19,solid color top,0.0,0.0
5568,68,AW19,solid color top,0.0,0.0
5538,74,AW19,kimono dress,0.0,0.0
5544,74,AW19,kimono dress,0.0,0.0
5503,36,AW19,long sleeve,0.0,0.0
5489,15,AW19,long sleeve,0.0,0.0
5395,39,AW19,doll dress,0.0,0.0
5395,32,AW19,doll dress,0.0,0.0
5538,107,AW19,kimono dress,0.0,0.0
5538,82,AW19,kimono dress,0.0,0.0
5458,77,AW19,sleeveless,0.0,0.0
5538,109,AW19,kimono dress,0.0,0.0
5538,106,AW19,kimono dress,0.0,0.0
5380,1,AW19,long sleeve,0.0188679245283018,0.0188679245283018
5535,42,AW19,kimono dress,0.0,0.0
5059,108,AW19,kimono dress,0.0,0.0
5538,47,AW19,kimono dress,0.0,0.0
5059,87,AW19,kimono dress,0.0,0.0
5544,32,AW19,kimono dress,0.0,0.0
5538,41,AW19,kimono dress,0.0,0.0
5526,52,AW19,short cardigan,0.0,0.0188679245283018
5538,95,AW19,kimono dress,0.0,0.0
5565,94,AW19,solid color top,0.0188679245283018,0.0
5538,125,AW19,kimono dress,0.0,0.0
5565,15,AW19,solid color top,0.0,0.0188679245283018
5538,44,AW19,kimono dress,0.0566037735849056,0.0188679245283018
5538,25,AW19,kimono dress,0.0,0.0
5565,12,AW19,solid color top,0.0,0.0
5565,30,AW19,solid color top,0.0,0.0
5568,41,AW19,solid color top,0.0,0.0
5050,21,AW19,solid color top,0.0,0.0
5568,57,AW19,solid color top,0.0,0.0
5538,63,AW19,kimono dress,0.0,0.0
5526,5,AW19,short cardigan,0.0188679245283018,0.0
5568,95,AW19,solid color top,0.0188679245283018,0.0188679245283018
5568,18,AW19,solid color top,0.0,0.0
5568,26,AW19,solid color top,0.0,0.0188679245283018
5538,103,AW19,kimono dress,0.0,0.0
5538,0,AW19,kimono dress,0.0,0.0
5503,108,AW19,long sleeve,0.0188679245283018,0.0188679245283018
5568,48,AW19,solid color top,0.0,0.0
5475,94,AW19,culottes,0.0188679245283018,0.0
5485,106,AW19,short sleeves,0.0,0.0
5547,103,AW19,kimono dress,0.0,0.0
5563,14,AW19,solid color top,0.0188679245283018,0.0
5563,48,AW19,solid color top,0.0,0.0
5455,23,AW19,solid color top,0.0188679245283018,0.0
5510,35,AW19,short sleeves,0.0,0.0
5475,87,AW19,culottes,0.0,0.0
5525,7,AW19,long sleeve,0.0,0.0
5491,77,AW19,short cardigan,0.0,0.0
5563,19,AW19,solid color top,0.0,0.0
5439,76,AW19,solid color top,0.0,0.0188679245283018
5563,94,AW19,solid color top,0.0188679245283018,0.0
5563,65,AW19,solid color top,0.0188679245283018,0.0
5563,31,AW19,solid color top,0.0,0.0
5547,90,AW19,kimono dress,0.0,0.0
5463,15,AW19,sheath dress,0.0188679245283018,0.0188679245283018
5080,40,AW19,kimono dress,0.0188679245283018,0.0377358490566037
5463,12,AW19,sheath dress,0.0,0.0
5440,21,AW19,sleeveless,0.0,0.0
5563,79,AW19,solid color top,0.0377358490566037,0.0377358490566037
5510,89,AW19,short sleeves,0.0,0.0
5563,89,AW19,solid color top,0.0,0.0188679245283018
4667,30,AW19,doll dress,0.0,0.0188679245283018
5563,52,AW19,solid color top,0.0,0.0377358490566037
5563,22,AW19,solid color top,0.0,0.0
5563,93,AW19,solid color top,0.0,0.0377358490566037
5491,31,AW19,short cardigan,0.0,0.0
5510,15,AW19,short sleeves,0.0,0.0
5563,13,AW19,solid color top,0.0188679245283018,0.0188679245283018
5563,28,AW19,solid color top,0.0,0.0188679245283018
5510,9,AW19,short sleeves,0.0,0.0188679245283018
5563,99,AW19,solid color top,0.0,0.0
5547,23,AW19,kimono dress,0.0,0.0
5491,16,AW19,short cardigan,0.0,0.0
5568,75,AW19,solid color top,0.0,0.0
5563,6,AW19,solid color top,0.0,0.0
5563,9,AW19,solid color top,0.0943396226415094,0.0188679245283018
5563,80,AW19,solid color top,0.0188679245283018,0.0
5533,11,AW19,kimono dress,0.0,0.0377358490566037
5463,105,AW19,sheath dress,0.0188679245283018,0.0377358490566037
5463,19,AW19,sheath dress,0.0,0.0188679245283018
4948,104,AW19,sheath dress,0.0,0.0
5555,77,AW19,long sleeve,0.0,0.0
5555,51,AW19,long sleeve,0.0,0.0
5533,21,AW19,kimono dress,0.0,0.0
5027,29,AW19,long coat,0.0,0.0754716981132075
5547,45,AW19,kimono dress,0.0377358490566037,0.0
5478,94,AW19,short cardigan,0.0,0.0
5483,105,AW19,sheath dress,0.0,0.0
4570,6,AW19,long sleeve,0.0377358490566037,0.0
5555,76,AW19,long sleeve,0.0,0.0
5526,76,AW19,short cardigan,0.0,0.0
5555,22,AW19,long sleeve,0.0,0.0
5555,93,AW19,long sleeve,0.0,0.0
5335,86,AW19,shirt dress,0.0,0.0
5483,80,AW19,sheath dress,0.0,0.0
5555,56,AW19,long sleeve,0.0,0.0
5463,103,AW19,sheath dress,0.0,0.0188679245283018
5533,64,AW19,kimono dress,0.0,0.0
5547,107,AW19,kimono dress,0.0,0.0
5563,51,AW19,solid color top,0.0188679245283018,0.0188679245283018
5555,35,AW19,long sleeve,0.0,0.0
5386,77,AW19,long sleeve,0.0,0.0
5475,89,AW19,culottes,0.0377358490566037,0.0
5475,45,AW19,culottes,0.0,0.0
5547,74,AW19,kimono dress,0.0,0.0
5463,43,AW19,sheath dress,0.0,0.0
5555,54,AW19,long sleeve,0.0,0.0
5555,10,AW19,long sleeve,0.0,0.0
5555,15,AW19,long sleeve,0.0,0.0
5555,75,AW19,long sleeve,0.0,0.0
4936,104,AW19,short sleeves,0.0188679245283018,0.0
5389,50,AW19,long sleeve,0.0,0.0
5555,39,AW19,long sleeve,0.0,0.0
5555,99,AW19,long sleeve,0.0,0.0
5555,104,AW19,long sleeve,0.0,0.0
5463,33,AW19,sheath dress,0.0,0.0188679245283018
5555,115,AW19,long sleeve,0.0,0.0
5555,57,AW19,long sleeve,0.0,0.0
5038,7,AW19,long sleeve,0.0,0.0
5555,103,AW19,long sleeve,0.0,0.0
5455,52,AW19,solid color top,0.0188679245283018,0.0
5563,108,AW19,solid color top,0.0,0.0754716981132075
5437,30,AW19,long sleeve,0.0,0.0188679245283018
5563,61,AW19,solid color top,0.0,0.0
5563,115,AW19,solid color top,0.0,0.0
5563,57,AW19,solid color top,0.0,0.0377358490566037
5422,15,AW19,long sleeve,0.0,0.0
5563,21,AW19,solid color top,0.0,0.0
5563,100,AW19,solid color top,0.0,0.0
5563,82,AW19,solid color top,0.0,0.0
5563,103,AW19,solid color top,0.0,0.0
5563,95,AW19,solid color top,0.0,0.0
5563,107,AW19,solid color top,0.0188679245283018,0.0
5039,3,AW19,solid color top,0.0188679245283018,0.0
5563,46,AW19,solid color top,0.0,0.0
5563,83,AW19,solid color top,0.0,0.0943396226415094
5563,67,AW19,solid color top,0.0,0.0377358490566037
5563,36,AW19,solid color top,0.0,0.0
5515,30,AW19,long sleeve,0.0,0.0
5547,52,AW19,kimono dress,0.0,0.0
5563,35,AW19,solid color top,0.0,0.0943396226415094
5563,74,AW19,solid color top,0.0,0.0
5563,27,AW19,solid color top,0.0,0.0377358490566037
5455,117,AW19,solid color top,0.0,0.0188679245283018
5563,8,AW19,solid color top,0.0,0.0377358490566037
5563,41,AW19,solid color top,0.0,0.0
5563,77,AW19,solid color top,0.0,0.0
5039,64,AW19,solid color top,0.0,0.0
5485,81,AW19,short sleeves,0.0,0.0566037735849056
5526,85,AW19,short cardigan,0.0,0.0
5568,65,AW19,solid color top,0.0,0.0
5563,68,AW19,solid color top,0.0566037735849056,0.0
5568,15,AW19,solid color top,0.0188679245283018,0.0
5563,40,AW19,solid color top,0.0,0.0188679245283018
5568,12,AW19,solid color top,0.0,0.0188679245283018
5568,30,AW19,solid color top,0.0,0.0
5460,100,AW19,kimono dress,0.0,0.0377358490566037
5571,96,AW19,patterned top,0.0,0.0
5571,13,AW19,patterned top,0.0,0.0
5570,95,AW19,maxi,0.0,0.0
5570,18,AW19,maxi,0.0,0.0
5547,82,AW19,kimono dress,0.0,0.0
5571,31,AW19,patterned top,0.0,0.0
5543,96,AW19,long sleeve,0.0188679245283018,0.0188679245283018
5570,90,AW19,maxi,0.0,0.0
5571,76,AW19,patterned top,0.0,0.0
5534,79,AW19,long sleeve,0.0,0.0
5039,105,AW19,solid color top,0.0,0.0
5521,103,AW19,long coat,0.0,0.0188679245283018
5570,115,AW19,maxi,0.0,0.0
5569,108,AW19,maxi,0.0,0.0
5570,125,AW19,maxi,0.0,0.0
5535,100,AW19,kimono dress,0.0,0.0
5571,51,AW19,patterned top,0.0,0.0
5570,104,AW19,maxi,0.0,0.0
5433,63,AW19,long coat,0.0,0.0188679245283018
5475,21,AW19,culottes,0.0,0.0188679245283018
5547,32,AW19,kimono dress,0.0,0.0
5569,3,AW19,maxi,0.0,0.0
5535,102,AW19,kimono dress,0.0,0.0
5571,14,AW19,patterned top,0.0,0.0
5570,21,AW19,maxi,0.0,0.0
5570,57,AW19,maxi,0.0,0.0
5570,100,AW19,maxi,0.0,0.0
5570,26,AW19,maxi,0.0,0.0
5437,108,AW19,long sleeve,0.0188679245283018,0.0377358490566037
5569,96,AW19,maxi,0.0,0.0377358490566037
5571,43,AW19,patterned top,0.0,0.0
5547,121,AW19,kimono dress,0.0,0.0188679245283018
5571,80,AW19,patterned top,0.0,0.0
5569,31,AW19,maxi,0.0,0.0
5569,105,AW19,maxi,0.0,0.0377358490566037
5526,82,AW19,short cardigan,0.0,0.0
5571,108,AW19,patterned top,0.0,0.0
5570,8,AW19,maxi,0.0,0.0
5571,30,AW19,patterned top,0.0,0.0
5569,43,AW19,maxi,0.0,0.0
5424,102,AW19,long sleeve,0.0,0.0
5569,80,AW19,maxi,0.0,0.0
5570,25,AW19,maxi,0.0,0.0
5534,121,AW19,long sleeve,0.0188679245283018,0.0188679245283018
5570,89,AW19,maxi,0.0,0.0
5569,13,AW19,maxi,0.0,0.0
5570,84,AW19,maxi,0.0,0.0
5570,75,AW19,maxi,0.0,0.0
5571,35,AW19,patterned top,0.0,0.0
5535,121,AW19,kimono dress,0.0,0.0
5440,5,AW19,sleeveless,0.0,0.0
5570,72,AW19,maxi,0.0,0.0
5546,61,AW19,long sleeve,0.0,0.0
5570,79,AW19,maxi,0.0,0.0
5571,36,AW19,patterned top,0.0,0.0
5488,63,AW19,long sleeve,0.0,0.0
5570,86,AW19,maxi,0.0,0.0
5546,14,AW19,long sleeve,0.0,0.0
5570,39,AW19,maxi,0.0,0.0
5471,13,AW19,medium coat,0.0,0.0
5457,21,AW19,long duster,0.0,0.0188679245283018
5462,40,AW19,medium coat,0.0,0.0188679245283018
5570,83,AW19,maxi,0.0,0.0
5537,64,AW19,long sleeve,0.0,0.0
5570,82,AW19,maxi,0.0,0.0
5074,87,AW19,long sleeve,0.0,0.0
5570,16,AW19,maxi,0.0,0.0
5571,26,AW19,patterned top,0.0,0.0
5517,100,AW19,long sleeve,0.0,0.0
5570,50,AW19,maxi,0.0,0.0
5537,14,AW19,long sleeve,0.0,0.0
5570,45,AW19,maxi,0.0,0.0
5570,47,AW19,maxi,0.0,0.0
5535,0,AW19,kimono dress,0.0,0.0188679245283018
5570,24,AW19,maxi,0.0,0.0
5571,8,AW19,patterned top,0.0,0.0
5502,19,AW19,long sleeve,0.0,0.0
5547,18,AW19,kimono dress,0.0,0.0
5450,8,AW19,medium coat,0.0,0.0188679245283018
5570,2,AW19,maxi,0.0,0.0
5550,51,AW19,long sleeve,0.0,0.0
5570,1,AW19,maxi,0.0,0.0
5419,29,AW19,sleeveless,0.0,0.0
5569,76,AW19,maxi,0.0,0.0
5571,87,AW19,patterned top,0.0,0.0
5570,40,AW19,maxi,0.0,0.0
5569,87,AW19,maxi,0.0377358490566037,0.0
5475,36,AW19,culottes,0.0,0.0
5054,86,AW19,doll dress,0.0,0.0
5571,20,AW19,patterned top,0.0,0.0
5571,83,AW19,patterned top,0.0,0.0
5569,20,AW19,maxi,0.0,0.0
5570,74,AW19,maxi,0.0,0.0
5419,19,AW19,sleeveless,0.0,0.0
5465,49,AW19,long coat,0.0,0.0188679245283018
5570,53,AW19,maxi,0.0,0.0
5569,83,AW19,maxi,0.0,0.0
5569,35,AW19,maxi,0.0,0.0
5571,121,AW19,patterned top,0.0,0.0
5569,46,AW19,maxi,0.0,0.0188679245283018
5462,16,AW19,medium coat,0.0,0.0
5569,18,AW19,maxi,0.0,0.0
5475,61,AW19,culottes,0.0,0.0
5547,25,AW19,kimono dress,0.0,0.0188679245283018
5571,69,AW19,patterned top,0.0,0.0
5547,115,AW19,kimono dress,0.0188679245283018,0.0188679245283018
5570,32,AW19,maxi,0.0,0.0
5569,115,AW19,maxi,0.0,0.0
5502,1,AW19,long sleeve,0.0,0.0
5570,96,AW19,maxi,0.0,0.0
5569,82,AW19,maxi,0.0,0.0
5571,77,AW19,patterned top,0.0,0.0
5564,99,AW19,short coat,0.0,0.0188679245283018
5562,74,AW19,maxi,0.0,0.0
5492,74,AW19,solid color top,0.0,0.0
5563,102,AW19,solid color top,0.0377358490566037,0.0
5563,0,AW19,solid color top,0.0,0.0
4895,108,AW19,long sleeve,0.0,0.0
4950,103,AW19,medium coat,0.0188679245283018,0.0188679245283018
4895,74,AW19,long sleeve,0.0,0.0943396226415094
5397,6,AW19,patterned top,0.0,0.0
5563,90,AW19,solid color top,0.0,0.0
5397,52,AW19,patterned top,0.0,0.0
5563,26,AW19,solid color top,0.0377358490566037,0.0377358490566037
5563,53,AW19,solid color top,0.0,0.0
4779,61,AW19,medium coat,0.0188679245283018,0.0
5563,32,AW19,solid color top,0.0377358490566037,0.0188679245283018
5560,102,AW19,medium coat,0.0,0.0377358490566037
5560,36,AW19,medium coat,0.0,0.0
5560,51,AW19,medium coat,0.0188679245283018,0.0
5560,108,AW19,medium coat,0.0,0.0188679245283018
5560,94,AW19,medium coat,0.0,0.0188679245283018
5563,69,AW19,solid color top,0.0,0.0
5563,29,AW19,solid color top,0.0,0.0
5451,19,AW19,medium coat,0.0188679245283018,0.0377358490566037
5563,23,AW19,solid color top,0.0188679245283018,0.0188679245283018
5066,32,AW19,long coat,0.0,0.0
5508,30,AW19,long sleeve,0.0,0.0
5066,50,AW19,long coat,0.0188679245283018,0.0377358490566037
5533,92,AW19,kimono dress,0.0,0.0
5508,49,AW19,long sleeve,0.0188679245283018,0.0
5533,88,AW19,kimono dress,0.0566037735849056,0.0377358490566037
5533,73,AW19,kimono dress,0.0,0.0
5522,107,AW19,solid color top,0.0,0.0188679245283018
5397,47,AW19,patterned top,0.0,0.0
5533,5,AW19,kimono dress,0.0,0.0
5009,87,AW19,long sleeve,0.0,0.0
5373,108,AW19,long cardigan,0.0,0.0
5561,103,AW19,long coat,0.0188679245283018,0.0
5561,74,AW19,long coat,0.0,0.0
5568,73,AW19,solid color top,0.0,0.0188679245283018
5568,43,AW19,solid color top,0.0,0.0
5561,93,AW19,long coat,0.0,0.0377358490566037
5535,84,AW19,kimono dress,0.0188679245283018,0.0
5568,10,AW19,solid color top,0.0,0.0
5560,49,AW19,medium coat,0.0,0.0
5066,104,AW19,long coat,0.0,0.0188679245283018
5563,1,AW19,solid color top,0.0,0.0
5408,63,AW19,long sleeve,0.0,0.0188679245283018
5563,66,AW19,solid color top,0.0188679245283018,0.0188679245283018
5535,66,AW19,kimono dress,0.0,0.0377358490566037
5533,47,AW19,kimono dress,0.0,0.0
5539,74,AW19,maxi,0.0377358490566037,0.0377358490566037
5436,62,AW19,long sleeve,0.0188679245283018,0.0377358490566037
5533,109,AW19,kimono dress,0.0,0.0
5533,82,AW19,kimono dress,0.0,0.0
5454,47,AW19,culottes,0.0,0.0
5563,105,AW19,solid color top,0.0188679245283018,0.0
5539,63,AW19,maxi,0.0,0.0
5533,4,AW19,kimono dress,0.0377358490566037,0.0
5533,8,AW19,kimono dress,0.0,0.0
5073,31,AW19,medium coat,0.0,0.0
5533,102,AW19,kimono dress,0.0,0.0
5073,3,AW19,medium coat,0.0,0.0188679245283018
5073,89,AW19,medium coat,0.0188679245283018,0.0
5073,47,AW19,medium coat,0.0,0.0188679245283018
5555,13,AW19,long sleeve,0.0,0.0
5436,69,AW19,long sleeve,0.0,0.0
5563,75,AW19,solid color top,0.0,0.0
5563,60,AW19,solid color top,0.0188679245283018,0.0
4784,13,AW19,culottes,0.0188679245283018,0.0
5563,45,AW19,solid color top,0.0,0.0188679245283018
4844,108,AW19,doll dress,0.0,0.0377358490566037
5563,33,AW19,solid color top,0.0,0.0
5047,46,AW19,long sleeve,0.0,0.0
4989,107,AW19,miniskirt,0.0,0.0188679245283018
5563,50,AW19,solid color top,0.0,0.0
5563,16,AW19,solid color top,0.0,0.0
5563,56,AW19,solid color top,0.0188679245283018,0.0
5359,91,AW19,culottes,0.0,0.0
5359,12,AW19,culottes,0.0,0.0
5359,30,AW19,culottes,0.0,0.0188679245283018
5563,5,AW19,solid color top,0.0566037735849056,0.0188679245283018
5539,50,AW19,maxi,0.0,0.0188679245283018
4969,5,AW19,long sleeve,0.0,0.0
5563,73,AW19,solid color top,0.0,0.0188679245283018
5563,88,AW19,solid color top,0.0,0.0377358490566037
5563,39,AW19,solid color top,0.0,0.0
5563,43,AW19,solid color top,0.0,0.0
5539,47,AW19,maxi,0.0,0.0
5563,87,AW19,solid color top,0.0,0.0188679245283018
5025,46,AW19,long sleeve,0.0188679245283018,0.0
5533,84,AW19,kimono dress,0.0377358490566037,0.0
4684,69,AW19,culottes,0.0,0.0
5562,91,AW19,maxi,0.0,0.0
5568,121,AW19,solid color top,0.0188679245283018,0.0188679245283018
5566,15,AW19,short coat,0.0566037735849056,0.0377358490566037
5566,91,AW19,short coat,0.0,0.0188679245283018
5566,31,AW19,short coat,0.0,0.0
5025,74,AW19,long sleeve,0.0,0.0188679245283018
5566,43,AW19,short coat,0.0,0.0188679245283018
5566,108,AW19,short coat,0.0188679245283018,0.0
5568,103,AW19,solid color top,0.0,0.0
5566,93,AW19,short coat,0.0,0.0377358490566037
5025,16,AW19,long sleeve,0.0,0.0188679245283018
5566,0,AW19,short coat,0.0,0.0
5566,103,AW19,short coat,0.0,0.0
5564,30,AW19,short coat,0.0188679245283018,0.0
5564,12,AW19,short coat,0.0188679245283018,0.0
5423,102,AW19,long sleeve,0.0,0.0
5564,91,AW19,short coat,0.0,0.0188679245283018
5380,18,AW19,long sleeve,0.0,0.0
5566,1,AW19,short coat,0.0,0.0566037735849056
5562,84,AW19,maxi,0.0188679245283018,0.0
5562,92,AW19,maxi,0.0,0.0
5565,79,AW19,solid color top,0.0,0.0188679245283018
5562,67,AW19,maxi,0.0,0.0
5562,83,AW19,maxi,0.0,0.0
5562,106,AW19,maxi,0.0,0.0
5562,38,AW19,maxi,0.0,0.0
5562,47,AW19,maxi,0.0754716981132075,0.0
5562,1,AW19,maxi,0.0,0.0
5562,24,AW19,maxi,0.0188679245283018,0.0
5562,45,AW19,maxi,0.0,0.0
5565,27,AW19,solid color top,0.0,0.0188679245283018
5562,50,AW19,maxi,0.0,0.0
5562,117,AW19,maxi,0.0,0.0188679245283018
5562,13,AW19,maxi,0.0,0.0
5565,22,AW19,solid color top,0.0188679245283018,0.0
5562,3,AW19,maxi,0.0,0.0
5562,6,AW19,maxi,0.0188679245283018,0.0188679245283018
5548,19,AW19,kimono dress,0.0,0.0
5562,9,AW19,maxi,0.0,0.0
5548,43,AW19,kimono dress,0.0188679245283018,0.0
5565,88,AW19,solid color top,0.0,0.0
5564,19,AW19,short coat,0.0188679245283018,0.0
5533,91,AW19,kimono dress,0.0,0.0
5564,75,AW19,short coat,0.0,0.0377358490566037
5564,73,AW19,short coat,0.0,0.0377358490566037
4760,103,AW19,long cardigan,0.0,0.0
5532,27,AW19,kimono dress,0.0,0.0
5532,82,AW19,kimono dress,0.0,0.0
5532,107,AW19,kimono dress,0.0,0.0
5532,121,AW19,kimono dress,0.0,0.0
5428,33,AW19,sheath dress,0.0,0.0188679245283018
5428,117,AW19,sheath dress,0.0188679245283018,0.0
4760,108,AW19,long cardigan,0.0188679245283018,0.0
5497,100,AW19,long coat,0.0,0.0188679245283018
5470,103,AW19,medium coat,0.0,0.0188679245283018
5470,3,AW19,medium coat,0.0,0.0
5490,4,AW19,culottes,0.0,0.0
5504,89,AW19,medium coat,0.0,0.0188679245283018
5504,86,AW19,medium coat,0.0188679245283018,0.0
5535,5,AW19,kimono dress,0.0,0.0
5532,23,AW19,kimono dress,0.0,0.0
5530,46,AW19,medium coat,0.0,0.0
5509,76,AW19,medium coat,0.0,0.0
5532,8,AW19,kimono dress,0.0,0.0188679245283018
5072,66,AW19,medium coat,0.0188679245283018,0.0188679245283018
4987,88,AW19,long dress,0.0188679245283018,0.0188679245283018
5397,8,AW19,patterned top,0.0,0.0
5543,105,AW19,long sleeve,0.0,0.0377358490566037
4928,108,AW19,medium coat,0.0,0.0188679245283018
5564,68,AW19,short coat,0.0,0.0188679245283018
5356,10,AW19,long sleeve,0.0,0.0188679245283018
5564,27,AW19,short coat,0.0,0.0
5564,83,AW19,short coat,0.0188679245283018,0.0188679245283018
5564,46,AW19,short coat,0.0188679245283018,0.0188679245283018
5532,84,AW19,kimono dress,0.0377358490566037,0.0377358490566037
5564,103,AW19,short coat,0.0,0.0188679245283018
5563,96,AW19,solid color top,0.0377358490566037,0.0
5562,49,AW19,maxi,0.0,0.0188679245283018
5563,30,AW19,solid color top,0.0,0.0
5562,62,AW19,maxi,0.0,0.0
5337,53,AW19,kimono dress,0.0,0.0188679245283018
5532,88,AW19,kimono dress,0.0,0.0377358490566037
5394,62,AW19,maxi,0.0188679245283018,0.0188679245283018
5397,23,AW19,patterned top,0.0,0.0
5337,0,AW19,kimono dress,0.0188679245283018,0.0377358490566037
5076,64,AW19,sheath dress,0.0,0.0188679245283018
5564,43,AW19,short coat,0.0,0.0
5543,79,AW19,long sleeve,0.0754716981132075,0.0
5483,76,AW19,sheath dress,0.0,0.0
5558,2,AW19,medium coat,0.0,0.0
5063,15,AW19,kimono dress,0.0566037735849056,0.0
5527,87,AW19,long coat,0.0,0.0
5544,0,AW19,kimono dress,0.0,0.0
4938,95,AW19,culottes,0.0,0.0188679245283018
5538,121,AW19,kimono dress,0.0,0.0
5473,41,AW19,culottes,0.0,0.0
5381,20,AW19,long sleeve,0.0,0.0
5474,0,AW19,long dress,0.0,0.0377358490566037
5495,94,AW19,solid color top,0.0,0.0
5503,82,AW19,long sleeve,0.0,0.0188679245283018
5485,45,AW19,short sleeves,0.0,0.0
5495,110,AW19,solid color top,0.0,0.0
5540,94,AW19,culottes,0.0,0.0188679245283018
5503,30,AW19,long sleeve,0.0,0.0
5498,3,AW19,doll dress,0.0,0.0
5507,94,AW19,long sleeve,0.0,0.0188679245283018
5538,8,AW19,kimono dress,0.0,0.0566037735849056
5538,59,AW19,kimono dress,0.0,0.0
5538,66,AW19,kimono dress,0.0377358490566037,0.0
5529,41,AW19,culottes,0.0,0.0188679245283018
5529,103,AW19,culottes,0.0,0.0
5529,18,AW19,culottes,0.0188679245283018,0.0
5544,4,AW19,kimono dress,0.0188679245283018,0.0
5557,94,AW19,medium coat,0.0,0.0377358490566037
5526,121,AW19,short cardigan,0.0,0.0188679245283018
5557,22,AW19,medium coat,0.0,0.0188679245283018
5547,48,AW19,kimono dress,0.0,0.0
4930,88,AW19,solid color top,0.0,0.0
5557,67,AW19,medium coat,0.0188679245283018,0.0188679245283018
5358,15,AW19,long sleeve,0.0,0.0
5059,73,AW19,kimono dress,0.0566037735849056,0.0377358490566037
5557,21,AW19,medium coat,0.0,0.0
5501,18,AW19,long dress,0.0,0.0188679245283018
5557,115,AW19,medium coat,0.0,0.0
5529,56,AW19,culottes,0.0,0.0
5529,22,AW19,culottes,0.0,0.0
5558,94,AW19,medium coat,0.0,0.0377358490566037
5538,88,AW19,kimono dress,0.0,0.0754716981132075
5558,14,AW19,medium coat,0.0188679245283018,0.0188679245283018
5544,8,AW19,kimono dress,0.0,0.0
5558,73,AW19,medium coat,0.0,0.0
5529,106,AW19,culottes,0.0,0.0
5529,82,AW19,culottes,0.0,0.0
4908,108,AW19,solid color top,0.0,0.0
5567,75,AW19,long sleeve,0.0,0.0
5538,100,AW19,kimono dress,0.0,0.0
5538,57,AW19,kimono dress,0.0,0.0188679245283018
5020,63,AW19,trapeze dress,0.0,0.0
5444,51,AW19,long sleeve,0.0,0.0
5544,84,AW19,kimono dress,0.0377358490566037,0.0
5553,107,AW19,long sleeve,0.0188679245283018,0.0
5553,20,AW19,long sleeve,0.0,0.0
5558,117,AW19,medium coat,0.0,0.0
5558,22,AW19,medium coat,0.0,0.0
5545,15,AW19,medium coat,0.0188679245283018,0.0188679245283018
5544,88,AW19,kimono dress,0.0,0.0
5558,45,AW19,medium coat,0.0188679245283018,0.0
5477,3,AW19,long sleeve,0.0,0.0
5521,15,AW19,long coat,0.0,0.0188679245283018
5477,77,AW19,long sleeve,0.0,0.0
5473,32,AW19,culottes,0.0,0.0377358490566037
5558,36,AW19,medium coat,0.0188679245283018,0.0
5558,26,AW19,medium coat,0.0,0.0
5558,18,AW19,medium coat,0.0,0.0
5553,22,AW19,long sleeve,0.0,0.0
5545,14,AW19,medium coat,0.0,0.0188679245283018
5558,5,AW19,medium coat,0.0,0.0188679245283018
5553,59,AW19,long sleeve,0.0188679245283018,0.0188679245283018
5513,57,AW19,sleeveless,0.0,0.0377358490566037
5553,29,AW19,long sleeve,0.0,0.0
5540,83,AW19,culottes,0.0,0.0
4886,108,AW19,long sleeve,0.0,0.0
5544,121,AW19,kimono dress,0.0,0.0
5540,121,AW19,culottes,0.0,0.0377358490566037
5545,109,AW19,medium coat,0.0,0.0377358490566037
5554,51,AW19,long sleeve,0.0,0.0188679245283018
5554,108,AW19,long sleeve,0.0,0.0
5545,47,AW19,medium coat,0.0,0.0
5540,90,AW19,culottes,0.0188679245283018,0.0
5521,10,AW19,long coat,0.0,0.0
5486,3,AW19,long sleeve,0.0,0.0
5545,22,AW19,medium coat,0.0188679245283018,0.0
5554,15,AW19,long sleeve,0.0188679245283018,0.0188679245283018
5554,10,AW19,long sleeve,0.0,0.0188679245283018
5540,4,AW19,culottes,0.0,0.0
5544,82,AW19,kimono dress,0.0,0.0
5553,19,AW19,long sleeve,0.0,0.0
5553,75,AW19,long sleeve,0.0,0.0
5477,30,AW19,long sleeve,0.0,0.0188679245283018
5513,29,AW19,sleeveless,0.0,0.0188679245283018
5543,8,AW19,long sleeve,0.0,0.0
5567,88,AW19,long sleeve,0.0188679245283018,0.0
5553,13,AW19,long sleeve,0.0,0.0
5554,74,AW19,long sleeve,0.0,0.0
5338,33,AW19,kimono dress,0.0,0.0566037735849056
5551,49,AW19,long sleeve,0.0,0.0188679245283018
5441,85,AW19,long dress,0.0,0.0377358490566037
5510,20,AW19,short sleeves,0.0,0.0
5556,57,AW19,long sleeve,0.0,0.0566037735849056
5389,79,AW19,long sleeve,0.0,0.0188679245283018
5464,104,AW19,sheath dress,0.0,0.0188679245283018
5554,83,AW19,long sleeve,0.0,0.0188679245283018
5552,3,AW19,long sleeve,0.0,0.0377358490566037
5533,23,AW19,kimono dress,0.0,0.0
5510,22,AW19,short sleeves,0.0,0.0
5389,82,AW19,long sleeve,0.0,0.0
5554,46,AW19,long sleeve,0.0,0.0
5441,25,AW19,long dress,0.0188679245283018,0.0
5053,4,AW19,culottes,0.0188679245283018,0.0
4977,44,AW19,doll dress,0.0188679245283018,0.0
5525,93,AW19,long sleeve,0.0,0.0
5551,14,AW19,long sleeve,0.0,0.0
5389,74,AW19,long sleeve,0.0,0.0
5554,101,AW19,long sleeve,0.0,0.0
5552,12,AW19,long sleeve,0.0,0.0377358490566037
5551,46,AW19,long sleeve,0.0,0.0
5485,15,AW19,short sleeves,0.0,0.0
5389,44,AW19,long sleeve,0.0,0.0
5551,75,AW19,long sleeve,0.0,0.0
5552,19,AW19,long sleeve,0.0,0.0
5551,82,AW19,long sleeve,0.0,0.0
5527,94,AW19,long coat,0.0188679245283018,0.0566037735849056
5551,56,AW19,long sleeve,0.0,0.0
5536,77,AW19,medium coat,0.0,0.0188679245283018
5551,73,AW19,long sleeve,0.0,0.0
5554,20,AW19,long sleeve,0.0,0.0
5552,75,AW19,long sleeve,0.0,0.0
5485,65,AW19,short sleeves,0.0,0.0
5554,61,AW19,long sleeve,0.0,0.0
5554,44,AW19,long sleeve,0.0,0.0
5567,69,AW19,long sleeve,0.0,0.0377358490566037
5556,30,AW19,long sleeve,0.0,0.0
5455,83,AW19,solid color top,0.0,0.0
5463,83,AW19,sheath dress,0.0,0.0188679245283018
5455,62,AW19,solid color top,0.0,0.0
5463,4,AW19,sheath dress,0.0,0.0754716981132075
5536,85,AW19,medium coat,0.0,0.0
5538,28,AW19,kimono dress,0.0,0.0188679245283018
5341,105,AW19,kimono dress,0.0,0.0
5467,51,AW19,sleeveless,0.0,0.0
5556,105,AW19,long sleeve,0.0,0.0188679245283018
4992,10,AW19,long coat,0.0,0.0
5536,53,AW19,medium coat,0.0188679245283018,0.0188679245283018
4931,117,AW19,culottes,0.0,0.0
5552,61,AW19,long sleeve,0.0,0.0
5467,19,AW19,sleeveless,0.0,0.0188679245283018
5538,50,AW19,kimono dress,0.0,0.0
5567,72,AW19,long sleeve,0.0188679245283018,0.0
5529,49,AW19,culottes,0.0566037735849056,0.0188679245283018
5543,77,AW19,long sleeve,0.0,0.0566037735849056
5556,73,AW19,long sleeve,0.0,0.0377358490566037
5038,102,AW19,long sleeve,0.0,0.0
5464,87,AW19,sheath dress,0.0,0.0377358490566037
5554,57,AW19,long sleeve,0.0,0.0
5556,13,AW19,long sleeve,0.0,0.0
5483,46,AW19,sheath dress,0.0,0.0
5447,35,AW19,solid color top,0.0,0.0
5572,80,AW19,doll dress,0.0,0.0
5575,40,AW19,trapeze dress,0.0566037735849056,0.0
5575,106,AW19,trapeze dress,0.0,0.0
5530,3,AW19,medium coat,0.0,0.0
5577,8,AW19,trapeze dress,0.0,0.0
5577,74,AW19,trapeze dress,0.0,0.0
5575,32,AW19,trapeze dress,0.0,0.0
5577,103,AW19,trapeze dress,0.0377358490566037,0.0
4940,89,AW19,sheath dress,0.0188679245283018,0.0
5577,40,AW19,trapeze dress,0.0,0.0
5577,95,AW19,trapeze dress,0.0,0.0188679245283018
5563,49,AW19,solid color top,0.0,0.0
5577,90,AW19,trapeze dress,0.0,0.0188679245283018
5577,81,AW19,trapeze dress,0.0,0.0
5572,88,AW19,doll dress,0.0,0.0188679245283018
5575,67,AW19,trapeze dress,0.0,0.0
5575,85,AW19,trapeze dress,0.0,0.0
5577,13,AW19,trapeze dress,0.0,0.0
5572,45,AW19,doll dress,0.0,0.0188679245283018
5572,13,AW19,doll dress,0.0,0.0
5577,47,AW19,trapeze dress,0.0,0.0
5577,1,AW19,trapeze dress,0.0,0.0
5577,86,AW19,trapeze dress,0.0,0.0
5572,4,AW19,doll dress,0.0,0.0
5532,90,AW19,kimono dress,0.0,0.0
5572,21,AW19,doll dress,0.0,0.0
5572,125,AW19,doll dress,0.0,0.0
5577,77,AW19,trapeze dress,0.0,0.0
5577,39,AW19,trapeze dress,0.0,0.0
5577,89,AW19,trapeze dress,0.0,0.0377358490566037
5577,76,AW19,trapeze dress,0.0188679245283018,0.0
5057,43,AW19,solid color top,0.0,0.0
5577,88,AW19,trapeze dress,0.0188679245283018,0.0
4966,30,AW19,long duster,0.0,0.0188679245283018
5577,108,AW19,trapeze dress,0.0,0.0188679245283018
5577,52,AW19,trapeze dress,0.0,0.0
5532,32,AW19,kimono dress,0.0,0.0
5577,56,AW19,trapeze dress,0.0,0.0188679245283018
5577,33,AW19,trapeze dress,0.0,0.0377358490566037
5577,105,AW19,trapeze dress,0.0,0.0
5530,50,AW19,medium coat,0.0,0.0
5490,87,AW19,culottes,0.0,0.0
5572,81,AW19,doll dress,0.0,0.0
5575,90,AW19,trapeze dress,0.0,0.0
5509,36,AW19,medium coat,0.0,0.0
5575,8,AW19,trapeze dress,0.0,0.0
5575,59,AW19,trapeze dress,0.0,0.0
5575,115,AW19,trapeze dress,0.0,0.0188679245283018
5575,104,AW19,trapeze dress,0.0,0.0
5337,44,AW19,kimono dress,0.0,0.0
5575,29,AW19,trapeze dress,0.0,0.0
5575,41,AW19,trapeze dress,0.0,0.0377358490566037
5504,3,AW19,medium coat,0.0,0.0188679245283018
5577,30,AW19,trapeze dress,0.0,0.0
5572,76,AW19,doll dress,0.0,0.0
5577,12,AW19,trapeze dress,0.0,0.0
5577,61,AW19,trapeze dress,0.0,0.0
5532,25,AW19,kimono dress,0.0,0.0188679245283018
5577,31,AW19,trapeze dress,0.0,0.0
5572,51,AW19,doll dress,0.0,0.0377358490566037
5360,45,AW19,long sleeve,0.0,0.0
5577,84,AW19,trapeze dress,0.0,0.0188679245283018
5428,19,AW19,sheath dress,0.0188679245283018,0.0188679245283018
5543,56,AW19,long sleeve,0.0,0.0
5575,15,AW19,trapeze dress,0.0,0.0
5575,61,AW19,trapeze dress,0.0188679245283018,0.0
5563,3,AW19,solid color top,0.0,0.0
4860,1,AW19,sleeveless,0.0,0.0
5556,108,AW19,long sleeve,0.0,0.0
5556,39,AW19,long sleeve,0.0188679245283018,0.0188679245283018
5359,15,AW19,culottes,0.0,0.0
5556,60,AW19,long sleeve,0.0,0.0188679245283018
5556,75,AW19,long sleeve,0.0,0.0
5511,57,AW19,long sleeve,0.0,0.0
5510,49,AW19,short sleeves,0.0,0.0188679245283018
5556,12,AW19,long sleeve,0.0,0.0
4844,25,AW19,doll dress,0.0377358490566037,0.0188679245283018
5510,2,AW19,short sleeves,0.0,0.0
4389,110,AW19,culottes,0.0,0.0
5441,57,AW19,long dress,0.0,0.0
5563,76,AW19,solid color top,0.0,0.0377358490566037
5567,22,AW19,long sleeve,0.0,0.0188679245283018
5574,2,AW19,trapeze dress,0.0,0.0
5574,49,AW19,trapeze dress,0.0,0.0
5574,7,AW19,trapeze dress,0.0,0.0
5574,15,AW19,trapeze dress,0.0188679245283018,0.0566037735849056
5574,31,AW19,trapeze dress,0.0,0.0
4895,64,AW19,long sleeve,0.0,0.0377358490566037
5560,31,AW19,medium coat,0.0,0.0
5563,106,AW19,solid color top,0.0,0.0
5560,105,AW19,medium coat,0.0,0.0
5574,86,AW19,trapeze dress,0.0,0.0188679245283018
5560,16,AW19,medium coat,0.0,0.0188679245283018
5574,92,AW19,trapeze dress,0.0,0.0
5567,89,AW19,long sleeve,0.0566037735849056,0.0
5459,76,AW19,culottes,0.0,0.0188679245283018
5556,82,AW19,long sleeve,0.0,0.0
5441,4,AW19,long dress,0.0,0.0188679245283018
5463,25,AW19,sheath dress,0.0188679245283018,0.0
5527,62,AW19,long coat,0.0,0.0
5511,74,AW19,long sleeve,0.0,0.0
5511,40,AW19,long sleeve,0.0,0.0
5533,44,AW19,kimono dress,0.0188679245283018,0.0
5552,107,AW19,long sleeve,0.0,0.0
5527,65,AW19,long coat,0.0,0.0
5046,46,AW19,medium coat,0.0,0.0
5552,1,AW19,long sleeve,0.0188679245283018,0.0
5468,87,AW19,culottes,0.0188679245283018,0.0
5500,30,AW19,culottes,0.0,0.0
5525,81,AW19,long sleeve,0.0188679245283018,0.0
5468,76,AW19,culottes,0.0,0.0
5046,19,AW19,medium coat,0.0,0.0
5468,93,AW19,culottes,0.0,0.0
5468,16,AW19,culottes,0.0188679245283018,0.0188679245283018
4806,107,AW19,culottes,0.0,0.0
4899,87,AW19,culottes,0.0188679245283018,0.0
5539,102,AW19,maxi,0.0,0.0377358490566037
5552,94,AW19,long sleeve,0.0,0.0
5533,107,AW19,kimono dress,0.0,0.0
5436,10,AW19,long sleeve,0.0,0.0188679245283018
5533,27,AW19,kimono dress,0.0188679245283018,0.0377358490566037
5551,40,AW19,long sleeve,0.0,0.0
5425,1,AW19,long sleeve,0.0,0.0188679245283018
5525,43,AW19,long sleeve,0.0188679245283018,0.0
5563,84,AW19,solid color top,0.0,0.0
5515,57,AW19,long sleeve,0.0,0.0
5441,0,AW19,long dress,0.0,0.0
5574,88,AW19,trapeze dress,0.0,0.0188679245283018
5574,110,AW19,trapeze dress,0.0188679245283018,0.0377358490566037
5574,6,AW19,trapeze dress,0.0,0.0
5563,85,AW19,solid color top,0.0,0.0
4764,47,AW19,sleeveless,0.0,0.0
4892,105,AW19,long sleeve,0.0,0.0188679245283018
5575,12,AW19,trapeze dress,0.0,0.0188679245283018
5575,10,AW19,trapeze dress,0.0,0.0
5577,29,AW19,trapeze dress,0.0,0.0
5575,31,AW19,trapeze dress,0.0,0.0188679245283018
5575,94,AW19,trapeze dress,0.0188679245283018,0.0188679245283018
5561,21,AW19,long coat,0.0188679245283018,0.0
5575,105,AW19,trapeze dress,0.0754716981132075,0.0
5561,64,AW19,long coat,0.0,0.0
5508,87,AW19,long sleeve,0.0,0.0
5575,86,AW19,trapeze dress,0.0,0.0
5575,92,AW19,trapeze dress,0.0,0.0
5575,39,AW19,trapeze dress,0.0,0.0
5373,82,AW19,long cardigan,0.0,0.0
4763,108,AW19,medium coat,0.0188679245283018,0.0188679245283018
5575,80,AW19,trapeze dress,0.0,0.0
5575,3,AW19,trapeze dress,0.0,0.0
5575,108,AW19,trapeze dress,0.0,0.0188679245283018
5575,99,AW19,trapeze dress,0.0,0.0
5535,48,AW19,kimono dress,0.0,0.0
5575,13,AW19,trapeze dress,0.0,0.0
5575,22,AW19,trapeze dress,0.0,0.0
5575,52,AW19,trapeze dress,0.0,0.0377358490566037
5575,24,AW19,trapeze dress,0.0,0.0
5575,76,AW19,trapeze dress,0.0188679245283018,0.0377358490566037
5575,89,AW19,trapeze dress,0.0188679245283018,0.0943396226415094
5575,77,AW19,trapeze dress,0.0,0.0
5575,20,AW19,trapeze dress,0.0188679245283018,0.0377358490566037
5575,30,AW19,trapeze dress,0.0,0.0
5057,108,AW19,solid color top,0.0188679245283018,0.0377358490566037
5574,23,AW19,trapeze dress,0.0,0.0188679245283018
5561,5,AW19,long coat,0.0,0.0188679245283018
5574,99,AW19,trapeze dress,0.0,0.0188679245283018
5574,56,AW19,trapeze dress,0.0,0.0
5574,13,AW19,trapeze dress,0.0,0.0
5397,60,AW19,patterned top,0.0,0.0188679245283018
5574,33,AW19,trapeze dress,0.0,0.0
5574,22,AW19,trapeze dress,0.0,0.0
5574,24,AW19,trapeze dress,0.0,0.0
5397,88,AW19,patterned top,0.0,0.0
5495,62,AW19,solid color top,0.0,0.0
5397,110,AW19,patterned top,0.0,0.0
5574,47,AW19,trapeze dress,0.0188679245283018,0.0
5574,20,AW19,trapeze dress,0.0,0.0
5574,106,AW19,trapeze dress,0.0,0.0
5574,82,AW19,trapeze dress,0.0,0.0
5574,72,AW19,trapeze dress,0.0,0.0
5574,32,AW19,trapeze dress,0.0,0.0
5574,53,AW19,trapeze dress,0.0188679245283018,0.0
5495,13,AW19,solid color top,0.0,0.0
5574,74,AW19,trapeze dress,0.0,0.0
5563,25,AW19,solid color top,0.0,0.0
5574,81,AW19,trapeze dress,0.0,0.0
5563,125,AW19,solid color top,0.0,0.0
4771,60,AW19,medium coat,0.0188679245283018,0.0377358490566037
5574,0,AW19,trapeze dress,0.0,0.0188679245283018
5561,12,AW19,long coat,0.0,0.0
5574,63,AW19,trapeze dress,0.0,0.0
5574,100,AW19,trapeze dress,0.0,0.0
5574,29,AW19,trapeze dress,0.0,0.0
5574,64,AW19,trapeze dress,0.0,0.0
5574,41,AW19,trapeze dress,0.0,0.0188679245283018
5577,41,AW19,trapeze dress,0.0188679245283018,0.0
5453,43,AW19,miniskirt,0.0188679245283018,0.0
4853,88,AW19,trapeze dress,0.0,0.0
5558,16,AW19,medium coat,0.0,0.0
5573,41,AW19,trapeze dress,0.0,0.0377358490566037
5562,59,AW19,maxi,0.0,0.0
5573,64,AW19,trapeze dress,0.0,0.0
5562,102,AW19,maxi,0.0,0.0188679245283018
5405,16,AW19,sleeveless,0.0,0.0
5573,115,AW19,trapeze dress,0.0,0.0
5573,59,AW19,trapeze dress,0.0,0.0
5571,93,AW19,patterned top,0.0,0.0
5536,18,AW19,medium coat,0.0,0.0
5536,35,AW19,medium coat,0.0,0.0
5573,90,AW19,trapeze dress,0.0,0.0
5569,10,AW19,maxi,0.0,0.0
5569,75,AW19,maxi,0.0,0.0188679245283018
5521,39,AW19,long coat,0.0,0.0
5482,31,AW19,sleeveless,0.0,0.0
5573,81,AW19,trapeze dress,0.0,0.0
5576,30,AW19,trapeze dress,0.0566037735849056,0.0
5545,87,AW19,medium coat,0.0,0.0
5576,54,AW19,trapeze dress,0.0,0.0
5576,12,AW19,trapeze dress,0.0377358490566037,0.0
5050,80,AW19,solid color top,0.0,0.0
5554,19,AW19,long sleeve,0.0,0.0
5565,106,AW19,solid color top,0.0,0.0
5573,5,AW19,trapeze dress,0.0,0.0
5565,95,AW19,solid color top,0.0,0.0188679245283018
5576,105,AW19,trapeze dress,0.0188679245283018,0.0188679245283018
5553,93,AW19,long sleeve,0.0,0.0
5558,64,AW19,medium coat,0.0,0.0188679245283018
5562,101,AW19,maxi,0.0,0.0
5576,94,AW19,trapeze dress,0.0,0.0
5576,65,AW19,trapeze dress,0.0,0.0188679245283018
5576,31,AW19,trapeze dress,0.0,0.0
5512,57,AW19,long sleeve,0.0,0.0188679245283018
5558,87,AW19,medium coat,0.0,0.0
5350,104,AW19,solid color top,0.0,0.0188679245283018
5025,23,AW19,long sleeve,0.0188679245283018,0.0
5562,0,AW19,maxi,0.0,0.0
5571,53,AW19,patterned top,0.0,0.0
5545,68,AW19,medium coat,0.0,0.0
5524,57,AW19,sleeveless,0.0188679245283018,0.0
5055,103,AW19,culottes,0.0,0.0
5536,93,AW19,medium coat,0.0188679245283018,0.0188679245283018
5570,20,AW19,maxi,0.0,0.0
5573,106,AW19,trapeze dress,0.0,0.0
5535,107,AW19,kimono dress,0.0,0.0
5573,76,AW19,trapeze dress,0.0,0.0
5573,92,AW19,trapeze dress,0.0,0.0188679245283018
5570,68,AW19,maxi,0.0,0.0
5573,43,AW19,trapeze dress,0.0,0.0
5570,48,AW19,maxi,0.0,0.0
5573,88,AW19,trapeze dress,0.0,0.0
5573,24,AW19,trapeze dress,0.0,0.0
5573,52,AW19,trapeze dress,0.0,0.0
5573,22,AW19,trapeze dress,0.0,0.0188679245283018
5570,33,AW19,maxi,0.0,0.0
5573,80,AW19,trapeze dress,0.0,0.0
5573,6,AW19,trapeze dress,0.0188679245283018,0.0
5573,108,AW19,trapeze dress,0.0,0.0188679245283018
5458,104,AW19,sleeveless,0.0,0.0
5507,91,AW19,long sleeve,0.0,0.0
5573,86,AW19,trapeze dress,0.0,0.0
5573,60,AW19,trapeze dress,0.0,0.0377358490566037
5573,32,AW19,trapeze dress,0.0,0.0188679245283018
5573,85,AW19,trapeze dress,0.0,0.0
5545,53,AW19,medium coat,0.0188679245283018,0.0188679245283018
5573,54,AW19,trapeze dress,0.0,0.0
5422,117,AW19,long sleeve,0.0188679245283018,0.0188679245283018
5573,12,AW19,trapeze dress,0.0,0.0
5507,86,AW19,long sleeve,0.0,0.0
5557,75,AW19,medium coat,0.0188679245283018,0.0188679245283018
5565,3,AW19,solid color top,0.0,0.0
5545,26,AW19,medium coat,0.0,0.0188679245283018
5545,46,AW19,medium coat,0.0,0.0
5573,7,AW19,trapeze dress,0.0,0.0
5557,26,AW19,medium coat,0.0,0.0
5573,31,AW19,trapeze dress,0.0,0.0
5358,63,AW19,long sleeve,0.0,0.0188679245283018
5573,94,AW19,trapeze dress,0.0,0.0
5406,79,AW19,long coat,0.0,0.0188679245283018
4945,109,AW19,short sleeves,0.0,0.0
5573,10,AW19,trapeze dress,0.0,0.0
5540,87,AW19,culottes,0.0188679245283018,0.0188679245283018
5573,99,AW19,trapeze dress,0.0,0.0
5576,1,AW19,trapeze dress,0.0,0.0
5402,102,AW19,short cardigan,0.0,0.0
5562,10,AW19,maxi,0.0,0.0
5576,100,AW19,trapeze dress,0.0188679245283018,0.0
5576,8,AW19,trapeze dress,0.0,0.0188679245283018
5576,22,AW19,trapeze dress,0.0,0.0188679245283018
5576,52,AW19,trapeze dress,0.0,0.0
5354,1,AW19,long sleeve,0.0,0.0
5529,79,AW19,culottes,0.0,0.0188679245283018
5576,24,AW19,trapeze dress,0.0188679245283018,0.0188679245283018
5527,108,AW19,long coat,0.0,0.0
5564,80,AW19,short coat,0.0,0.0
5380,105,AW19,long sleeve,0.0,0.0
5564,104,AW19,short coat,0.0,0.0377358490566037
5576,103,AW19,trapeze dress,0.0,0.0
5564,108,AW19,short coat,0.0,0.0
5562,75,AW19,maxi,0.0,0.0188679245283018
5576,47,AW19,trapeze dress,0.0188679245283018,0.0
5564,28,AW19,short coat,0.0,0.0
4392,88,AW19,long sleeve,0.0188679245283018,0.0377358490566037
5564,35,AW19,short coat,0.0,0.0188679245283018
5547,0,AW19,kimono dress,0.0,0.0
5564,40,AW19,short coat,0.0,0.0
5502,26,AW19,long sleeve,0.0,0.0
5511,29,AW19,long sleeve,0.0,0.0
5564,67,AW19,short coat,0.0,0.0
5521,44,AW19,long coat,0.0,0.0
5564,1,AW19,short coat,0.0,0.0
5521,32,AW19,long coat,0.0,0.0188679245283018
5485,49,AW19,short sleeves,0.0,0.0
5446,1,AW19,long sleeve,0.0,0.0
5576,21,AW19,trapeze dress,0.0377358490566037,0.0377358490566037
5564,62,AW19,short coat,0.0188679245283018,0.0377358490566037
5527,76,AW19,long coat,0.0,0.0
5521,80,AW19,long coat,0.0,0.0
5379,15,AW19,long coat,0.0,0.0
5498,32,AW19,doll dress,0.0,0.0
5568,104,AW19,solid color top,0.0,0.0
5526,83,AW19,short cardigan,0.0,0.0
5576,29,AW19,trapeze dress,0.0,0.0
5498,107,AW19,doll dress,0.0,0.0
5531,28,AW19,long sleeve,0.0,0.0377358490566037
4988,10,AW19,medium coat,0.0188679245283018,0.0
5576,86,AW19,trapeze dress,0.0,0.0
5503,76,AW19,long sleeve,0.0,0.0
5576,110,AW19,trapeze dress,0.0,0.0188679245283018
5566,62,AW19,short coat,0.0,0.0
5576,43,AW19,trapeze dress,0.0,0.0
5071,41,AW19,long coat,0.0,0.0
5527,74,AW19,long coat,0.0,0.0
5394,59,AW19,maxi,0.0,0.0188679245283018
5566,89,AW19,short coat,0.0,0.0
5538,32,AW19,kimono dress,0.0,0.0
5576,115,AW19,trapeze dress,0.0,0.0
5576,9,AW19,trapeze dress,0.0,0.0
5566,73,AW19,short coat,0.0,0.0
5498,75,AW19,doll dress,0.0,0.0188679245283018
5521,87,AW19,long coat,0.0,0.0
5576,104,AW19,trapeze dress,0.0,0.0
5503,51,AW19,long sleeve,0.0188679245283018,0.0377358490566037
5576,80,AW19,trapeze dress,0.0566037735849056,0.0
5521,50,AW19,long coat,0.0,0.0
5576,73,AW19,trapeze dress,0.0,0.0377358490566037
5574,48,AW19,trapeze dress,0.0,0.0
4973,69,AW19,culottes,0.0,0.0
5576,18,AW19,trapeze dress,0.0,0.0188679245283018
5576,0,AW19,trapeze dress,0.0,0.0566037735849056
5574,65,AW19,trapeze dress,0.0,0.0188679245283018
5576,25,AW19,trapeze dress,0.0,0.0566037735849056
5574,9,AW19,trapeze dress,0.0,0.0
5439,104,AW19,solid color top,0.0,0.0
4778,88,AW19,medium coat,0.0,0.0188679245283018
5563,86,AW19,solid color top,0.0,0.0
5465,53,AW19,long coat,0.0,0.0188679245283018
5576,75,AW19,trapeze dress,0.0,0.0
5511,8,AW19,long sleeve,0.0,0.0377358490566037
5434,115,AW19,culottes,0.0,0.0
5535,44,AW19,kimono dress,0.0,0.0
5441,28,AW19,long dress,0.0,0.0
4988,117,AW19,medium coat,0.0,0.0188679245283018
5576,15,AW19,trapeze dress,0.0,0.0
5535,25,AW19,kimono dress,0.0,0.0
5502,16,AW19,long sleeve,0.0,0.0
5563,117,AW19,solid color top,0.0,0.0
5502,22,AW19,long sleeve,0.0,0.0
5511,10,AW19,long sleeve,0.0,0.0
5536,29,AW19,medium coat,0.0,0.0
5040,13,AW19,solid color top,0.0,0.0188679245283018
5536,36,AW19,medium coat,0.0,0.0
5502,74,AW19,long sleeve,0.0,0.0
5069,69,AW19,long sleeve,0.0,0.0
5573,40,AW19,trapeze dress,0.0,0.0188679245283018
5521,41,AW19,long coat,0.0,0.0188679245283018
5576,121,AW19,trapeze dress,0.0,0.0188679245283018
5436,32,AW19,long sleeve,0.0,0.0
5054,108,AW19,doll dress,0.0,0.0
5576,69,AW19,trapeze dress,0.0,0.0
5576,36,AW19,trapeze dress,0.0,0.0
5576,46,AW19,trapeze dress,0.0,0.0
5557,35,AW19,medium coat,0.0,0.0
4974,108,AW19,long cardigan,0.0,0.0188679245283018
4860,19,AW19,sleeveless,0.0,0.0
5577,64,AW19,trapeze dress,0.0,0.0
5574,89,AW19,trapeze dress,0.0,0.0
5504,7,AW19,medium coat,0.0,0.0
5573,16,AW19,trapeze dress,0.0,0.0
5528,108,AW19,long sleeve,0.0,0.0377358490566037
5565,73,AW19,solid color top,0.0,0.0
5540,25,AW19,culottes,0.0,0.0
4905,108,AW19,doll dress,0.0,0.0
5484,0,AW19,long sleeve,0.0,0.0
5575,11,AW19,trapeze dress,0.0,0.0188679245283018
5376,108,AW19,long coat,0.0,0.0188679245283018
5565,8,AW19,solid color top,0.0,0.0
5575,56,AW19,trapeze dress,0.0,0.0
5061,103,AW19,long coat,0.0,0.0377358490566037
4990,46,AW19,long sleeve,0.0,0.0
4803,32,AW19,sleeveless,0.0,0.0
5373,27,AW19,long cardigan,0.0,0.0188679245283018
5078,2,AW19,medium coat,0.0,0.0
5061,80,AW19,long coat,0.0,0.0377358490566037
5470,91,AW19,medium coat,0.0,0.0
5577,15,AW19,trapeze dress,0.0,0.0
5577,21,AW19,trapeze dress,0.0,0.0
5567,12,AW19,long sleeve,0.0,0.0
5567,30,AW19,long sleeve,0.0,0.0
5577,18,AW19,trapeze dress,0.0,0.0
5336,22,AW19,long sleeve,0.0,0.0
5564,41,AW19,short coat,0.0,0.0
5532,117,AW19,kimono dress,0.0,0.0
5564,89,AW19,short coat,0.0,0.0
5577,68,AW19,trapeze dress,0.0,0.0
4911,87,AW19,medium coat,0.0,0.0
5497,60,AW19,long coat,0.0,0.0188679245283018
5577,22,AW19,trapeze dress,0.0,0.0
5380,51,AW19,long sleeve,0.0,0.0
5577,73,AW19,trapeze dress,0.0,0.0
5566,59,AW19,short coat,0.0,0.0
5577,49,AW19,trapeze dress,0.0,0.0
5347,110,AW19,long sleeve,0.0,0.0
5447,105,AW19,solid color top,0.0,0.0566037735849056
5573,66,AW19,trapeze dress,0.0,0.0188679245283018
5573,96,AW19,trapeze dress,0.0,0.0
5573,62,AW19,trapeze dress,0.0,0.0
5574,8,AW19,trapeze dress,0.0,0.0
5573,15,AW19,trapeze dress,0.0,0.0
5475,64,AW19,culottes,0.0,0.0188679245283018
5573,105,AW19,trapeze dress,0.0,0.0
5574,40,AW19,trapeze dress,0.0,0.0377358490566037
5466,104,AW19,kimono dress,0.0,0.0377358490566037
5394,48,AW19,maxi,0.0,0.0
5381,76,AW19,long sleeve,0.0,0.0
5574,83,AW19,trapeze dress,0.0,0.0
5367,50,AW19,long sleeve,0.0,0.0
5574,1,AW19,trapeze dress,0.0,0.0
4813,47,AW19,long coat,0.0,0.0188679245283018
5536,10,AW19,medium coat,0.0,0.0
5543,42,AW19,long sleeve,0.0,0.0
5524,31,AW19,sleeveless,0.0,0.0
5469,51,AW19,long duster,0.0,0.0
5575,84,AW19,trapeze dress,0.0,0.0
5575,19,AW19,trapeze dress,0.0,0.0
5061,2,AW19,long coat,0.0,0.0
4572,105,AW19,doll dress,0.0,0.0
4538,90,AW19,culottes,0.0,0.0
4931,110,AW19,culottes,0.0,0.0
5064,79,AW19,kimono dress,0.0,0.0
4409,105,AW19,printed shirt,0.0,0.0
4790,56,AW19,doll dress,0.0,0.0
5497,125,AW19,long coat,0.0,0.0
5576,74,AW19,trapeze dress,0.0,0.0
5576,32,AW19,trapeze dress,0.0,0.0
5577,87,AW19,trapeze dress,0.0,0.0
5552,39,AW19,long sleeve,0.0,0.0
5484,75,AW19,long sleeve,0.0,0.0
5564,45,AW19,short coat,0.0,0.0
5549,57,AW19,short coat,0.0,0.0
5576,82,AW19,trapeze dress,0.0,0.0
5576,27,AW19,trapeze dress,0.0,0.0
5575,28,AW19,trapeze dress,0.0,0.0
5046,108,AW19,medium coat,0.0,0.0
4721,88,AW19,long sleeve,0.0,0.0
5433,16,AW19,long coat,0.0,0.0
5564,8,AW19,short coat,0.0,0.0
5567,31,AW19,long sleeve,0.0,0.0
4978,4,AW19,culottes,0.0,0.0
5576,41,AW19,trapeze dress,0.0,0.0
4813,7,AW19,long coat,0.0,0.0
4698,66,AW19,culottes,0.0,0.0188679245283018
4867,108,AW19,sheath dress,0.0,0.0
4878,26,AW19,long sleeve,0.0,0.0
4884,40,AW19,long sleeve,0.0,0.0
5016,15,AW19,printed shirt,0.0,0.0
4884,121,AW19,long sleeve,0.0,0.0
5076,16,AW19,sheath dress,0.0,0.0
5069,80,AW19,long sleeve,0.0,0.0
5073,15,AW19,medium coat,0.0,0.0
5576,102,AW19,trapeze dress,0.0,0.0
4791,108,AW19,sleeveless,0.0,0.0
5046,115,AW19,medium coat,0.0,0.0
5545,23,AW19,medium coat,0.0,0.0
5576,63,AW19,trapeze dress,0.0,0.0
5069,31,AW19,long sleeve,0.0,0.0
5577,53,AW19,trapeze dress,0.0,0.0
4279,105,AW19,sleeveless,0.0,0.0
5556,19,AW19,long sleeve,0.0,0.0
5576,2,AW19,trapeze dress,0.0,0.0
5475,85,AW19,culottes,0.0,0.0
5465,83,AW19,long coat,0.0,0.0
4812,103,AW19,long sleeve,0.0,0.0
5576,14,AW19,trapeze dress,0.0,0.0188679245283018
5576,48,AW19,trapeze dress,0.0,0.0
4645,115,AW19,short sleeves,0.0,0.0
4397,105,AW19,long sleeve,0.0,0.0
5576,79,AW19,trapeze dress,0.0,0.0
5459,60,AW19,culottes,0.0,0.0
5576,19,AW19,trapeze dress,0.0,0.0
5469,104,AW19,long duster,0.0,0.0
4559,0,AW19,culottes,0.0,0.0
5556,93,AW19,long sleeve,0.0,0.0
4523,115,AW19,doll dress,0.0,0.0
5451,63,AW19,medium coat,0.0,0.0
4623,103,AW19,sleeveless,0.0,0.0
4768,10,AW19,short cardigan,0.0,0.0
5530,19,AW19,medium coat,0.0,0.0
5574,46,AW19,trapeze dress,0.0,0.0
5504,108,AW19,medium coat,0.0,0.0
5469,108,AW19,long duster,0.0,0.0
5574,19,AW19,trapeze dress,0.0,0.0
4409,31,AW19,printed shirt,0.0,0.0
5527,13,AW19,long coat,0.0,0.0
5418,105,AW19,short cardigan,0.0,0.0
5040,76,AW19,solid color top,0.0,0.0
4966,13,AW19,long duster,0.0,0.0
5576,28,AW19,trapeze dress,0.0,0.0
5461,3,AW19,long coat,0.0,0.0
5011,90,AW19,long sleeve,0.0,0.0
5011,69,AW19,long sleeve,0.0,0.0
5470,76,AW19,medium coat,0.0,0.0
5566,83,AW19,short coat,0.0,0.0
5025,20,AW19,long sleeve,0.0,0.0
4991,36,AW19,long cardigan,0.0,0.0
5566,80,AW19,short coat,0.0,0.0
5417,104,AW19,long sleeve,0.0,0.0
5504,51,AW19,medium coat,0.0,0.0
5558,10,AW19,medium coat,0.0,0.0
4988,108,AW19,medium coat,0.0,0.0
4280,105,AW19,culottes,0.0,0.0
4791,28,AW19,sleeveless,0.0,0.0
