prediction,actual
0.061187700450602345,0.0188679245283018
0.09391697973141343,0.0
0.02063830874710902,0.0
0.06671662219484403,0.0
0.011181029482484141,0.0
0.007653409457422563,0.0
0.014959831042930732,0.0
0.015982303585670682,0.0188679245283018
0.01859018920291014,0.0943396226415094
0.0938728249686623,0.0
0.04503905472938376,0.0188679245283018
0.017036256529304298,0.0
0.0030127550995913688,0.0377358490566037
0.1855084435212482,0.0566037735849056
0.06912006465603447,0.0188679245283018
0.06417102448636391,0.0
0.04407234777329472,0.0
0.015557207299077905,0.0377358490566037
0.0,0.0188679245283018
0.036741835888167367,0.0
0.01848130522989203,0.0
0.06797869924647415,0.0
0.017972011128075456,0.0
0.025413531848658594,0.0188679245283018
0.03687177335334438,0.0
0.21154258315571406,0.0188679245283018
0.03883175758861774,0.0
0.020501360637458128,0.0
0.014351774888149269,0.0188679245283018
0.006702372729864207,0.0
0.02940263395995907,0.0
0.013163102838277952,0.0188679245283018
0.024643581345632538,0.0
0.000740395282925542,0.0
0.032179651845626954,0.0
0.011666902106397165,0.0188679245283018
0.028948155133529194,0.0
0.02106147261846196,0.0
0.014012916053818771,0.0
0.01700885275929387,0.0188679245283018
0.049467220303740816,0.0
0.0,0.0377358490566037
0.031484031716787535,0.1132075471698113
0.01517411463411689,0.0
0.040356497824263274,0.0
0.002204285722816174,0.0
0.0015816136711241284,0.0188679245283018
0.0,0.0188679245283018
0.020066146902946846,0.0
0.007680869410375591,0.0
0.024165385227193678,0.0
0.03532220711786663,0.0188679245283018
0.01813787424774756,0.0
0.04400942485540679,0.0
0.01885952345160138,0.0188679245283018
0.025296413883788088,0.0
0.06139170391772572,0.0
0.021233504030533475,0.0377358490566037
0.042401243000295775,0.0188679245283018
0.051506404241406525,0.0377358490566037
0.14039031983653355,0.0943396226415094
0.0942889667032927,0.0566037735849056
0.0,0.0
0.031899661957558834,0.0
0.0013661564142956745,0.0188679245283018
0.0,0.0188679245283018
0.019903834600910685,0.0
0.033046256177907,0.0
0.08445729983371097,0.0943396226415094
0.11610199475931765,0.0
0.05107526297088418,0.0377358490566037
0.021646760728342703,0.0
0.011407919948295386,0.0188679245283018
0.005450034869550174,0.0566037735849056
0.0020185142034357516,0.0377358490566037
0.006191204480725038,0.0
0.025156879125521933,0.0
0.021964282317755098,0.0188679245283018
0.014889691379318448,0.0
0.019937591561202943,0.0
0.024319271044919023,0.0
0.016610327959999775,0.0566037735849056
0.028254042835752505,0.0
0.025825003718717293,0.0
0.0,0.0
0.00857209542300855,0.0
0.0,0.0188679245283018
0.0,0.0754716981132075
0.040536746343994005,0.0188679245283018
0.004068555212168232,0.0
0.015351913254659899,0.0
0.0,0.0188679245283018
0.024789435960306222,0.0188679245283018
0.026618157120589177,0.0
0.015362256171577932,0.0
0.08225128918700342,0.0
0.015556164444047083,0.0
0.02659378732505216,0.0
0.00978961065380937,0.0377358490566037
0.029917994033341,0.0
0.014731251841281769,0.0566037735849056
0.04443030947719449,0.0
0.3291483724174869,0.0377358490566037
0.17052515481657363,0.1320754716981132
0.02483843285752709,0.0
0.053530829414390003,0.0
0.006430916145458954,0.0943396226415094
0.015122481738143751,0.0
0.020222182684835673,0.0
0.015443308620976131,0.0
0.0,0.0
0.0,0.0377358490566037
0.003938312118079259,0.0188679245283018
0.02312735982794898,0.0
0.032817713710668675,0.0
0.20758112547455027,0.0377358490566037
0.01627427710765619,0.0188679245283018
0.1115024634480482,0.0566037735849056
0.04007422075765603,0.0377358490566037
0.019047402254369475,0.0
0.03104430612071609,0.0
0.01624290765158877,0.0188679245283018
0.05600886539759006,0.0188679245283018
0.04887792171528358,0.0
0.029675944684997,0.0
0.02422534525704045,0.0188679245283018
0.0474074422053266,0.0377358490566037
0.0,0.0377358490566037
0.05886239116533276,0.0188679245283018
0.012505435874484558,0.0
0.017958595536894984,0.0188679245283018
0.012941766865461633,0.0
0.018223166432613996,0.0
0.2192335517100895,0.1320754716981132
0.006370422090904236,0.0
0.018359881778454122,0.0
0.01687098414312462,0.0
0.03440829772421615,0.0566037735849056
0.021217452223280656,0.0
0.018164351539005252,0.0188679245283018
0.00623283979004188,0.0
0.11344431032748768,0.0188679245283018
0.04554050349571504,0.0188679245283018
0.12051408563100996,0.0754716981132075
0.06270699100065182,0.0566037735849056
0.037759785475577005,0.0
0.02125892483879649,0.0188679245283018
0.02538791875132822,0.0
0.17001781328167295,0.0188679245283018
0.00962074466129805,0.0
0.10445494634154465,0.0
0.044500027755209906,0.0943396226415094
0.007414362588958466,0.0
0.09100697238380652,0.0188679245283018
0.04014582556383572,0.0188679245283018
0.21424360070982976,0.0
0.08089766052593167,0.0566037735849056
0.005146415832513546,0.0754716981132075
0.026284890244252245,0.0
0.0368721146562283,0.0
0.09356567557897083,0.0754716981132075
0.04827021323004305,0.0
0.18960435866154057,0.0188679245283018
0.1292106725055226,0.0566037735849056
0.13463039241600658,0.1132075471698113
0.042181349743819686,0.0
0.012797249618730994,0.0188679245283018
0.04258704885592865,0.0
0.015151985787340616,0.0
0.043933955897617935,0.0188679245283018
0.054030548591114114,0.0
0.08627791125172316,0.0188679245283018
0.024585537732579394,0.0188679245283018
0.02422158634157225,0.0377358490566037
0.008838941860195525,0.0188679245283018
0.03257334227119926,0.0188679245283018
0.013850173216775456,0.0
0.02050857741305884,0.0
0.019266149028240254,0.0188679245283018
0.04386236614859575,0.0
0.015446187213505557,0.0
0.07672249366655154,0.0
0.008908635562477925,0.0188679245283018
0.022133230377509125,0.0
0.041117061184750524,0.0188679245283018
0.0,0.0188679245283018
0.030256234406331788,0.0377358490566037
0.01919794359665442,0.0
0.034859722670370415,0.0
0.050243102922016565,0.0
0.024739330328397553,0.0
0.014870051377669183,0.0188679245283018
0.01490914120305278,0.0188679245283018
0.010368824372749292,0.0
0.01477932300656717,0.0
0.014297890331415892,0.0377358490566037
0.014171320584578605,0.0188679245283018
0.0,0.0188679245283018
0.026799895973679797,0.0
0.02311815780438426,0.0
0.019958628352697023,0.0
0.020213269141030672,0.0377358490566037
0.0,0.0
0.0,0.0
0.00993381202126846,0.0
0.021463920495601016,0.0
0.011412178766905832,0.0
0.006629765175275949,0.0188679245283018
0.01979790890626587,0.0377358490566037
0.032895671622900406,0.0
0.019958083878599268,0.0377358490566037
0.032555049809996316,0.0
0.020749836958204013,0.0
0.009688273439998351,0.0377358490566037
0.014683709332141961,0.0
0.015324349837787144,0.0
0.0,0.0
0.0024697988456572634,0.0
0.006662692267775,0.0188679245283018
0.030963673280422682,0.0188679245283018
0.0,0.0
0.01900968953085424,0.0
0.0,0.0
0.0,0.0566037735849056
0.019952721620829846,0.0
0.04104166629785553,0.0188679245283018
0.008212880535148263,0.0
0.01201385666797233,0.0943396226415094
0.00010340463251631458,0.0
0.016622504282058838,0.0188679245283018
0.009662796022982596,0.0
0.013980319008396398,0.0
0.017270019529267426,0.0
0.025181436967244886,0.0
0.008646458051083538,0.0
0.04134117936188497,0.0
0.0815213503466708,0.0566037735849056
0.01676531711514937,0.0
0.013814484591092574,0.0
0.0,0.0
0.006303093149064449,0.0
0.07127958693208095,0.0188679245283018
0.07628576474184086,0.0
0.008470877907314493,0.0188679245283018
0.0,0.0
0.0,0.0
0.010197565648814317,0.0
0.028969217180186243,0.0188679245283018
0.006783638973950993,0.0
0.021856003530987184,0.0188679245283018
0.054091075626852655,0.0
0.02228258137345316,0.0
0.004144541939757843,0.0
0.0,0.0
0.015213746023430846,0.0
0.03691690213297353,0.0
0.015133291314292807,0.0
0.022083857057334785,0.0
0.018158277901208286,0.0188679245283018
0.04898209532636235,0.0
0.0047322647096932745,0.0
0.0,0.0
0.0,0.0
0.044475169364489864,0.0188679245283018
0.0,0.0
0.012600972942168174,0.0
0.011975899824842168,0.0
0.005244585819183092,0.0
0.018814009057387854,0.0
0.06302507617538179,0.0377358490566037
0.0004325336504002557,0.0
0.02703992077812431,0.0377358490566037
0.012938026745959902,0.0188679245283018
0.012044127883317728,0.0
0.013402552092846838,0.0
0.03419657045735382,0.0377358490566037
0.0016124525829066358,0.0943396226415094
0.016295113494624643,0.0
0.020562631032009643,0.0188679245283018
0.013987753591989236,0.0
0.02725561031020322,0.0
0.050713382962072145,0.0
0.008507833535222952,0.0
0.009428220219504617,0.0188679245283018
0.007972372956719842,0.0188679245283018
0.02485423602023152,0.0
0.018857174739248278,0.0
0.008411877553728615,0.0188679245283018
0.015867958921611233,0.0
0.017027370130306568,0.0188679245283018
0.07050066581748345,0.0
0.0077054572043049685,0.0188679245283018
0.004614385777089601,0.0
0.029287063378196494,0.0
0.01966080769995088,0.0
0.026096553098604182,0.0754716981132075
0.021591531506971975,0.0
0.020391971530865305,0.0377358490566037
0.0,0.0188679245283018
0.008718367237604361,0.0188679245283018
0.0035873107305706797,0.0
0.0,0.0188679245283018
0.015156864485540714,0.0
0.011733437991911563,0.0
0.013597221090338412,0.0
0.010522631151261171,0.0
0.0153873527870574,0.0
0.034559175550181766,0.0377358490566037
0.007244513658423868,0.0
0.008409788615325292,0.0
0.01430052509567153,0.0
0.022607195391352676,0.0
0.0,0.0566037735849056
0.008070463936729163,0.0
0.01571732574764188,0.0
0.03587338270654984,0.0
0.009732703127015581,0.0377358490566037
0.032637574049550824,0.0
0.01260219568279055,0.0
0.009605827556441468,0.0188679245283018
0.016814816426336757,0.0
0.006757755592888836,0.0
0.0339109945683413,0.0
0.014335118523790652,0.0
0.014088330081608555,0.0
0.07833487901413912,0.0566037735849056
0.011573833782350775,0.0188679245283018
0.03497414105461775,0.0
0.006529555908836778,0.0
0.006644632454057451,0.0
0.01880224026269432,0.0
0.017472715546641718,0.0377358490566037
0.014190545914972236,0.0
0.023461226297615934,0.0
0.00817697492246942,0.0
0.03341875065339023,0.0
0.0069291681476821125,0.0188679245283018
0.0054616542970041876,0.0
0.014184515189581493,0.0
0.0,0.0
0.03884566389867737,0.0
0.004179975316834462,0.0
0.0,0.0188679245283018
0.005455980213530981,0.0
0.012946691537043867,0.0188679245283018
0.004925407289995013,0.0
0.01717543054375234,0.0188679245283018
0.0,0.0
0.01607118805602837,0.0
0.003537159275214104,0.0188679245283018
0.012904127121408666,0.0
0.032229535637918375,0.0
0.02548862336379929,0.0
0.03637157229652122,0.0
0.04485170274508446,0.0377358490566037
0.011935244609267006,0.0
0.017284601939235214,0.0188679245283018
0.027509900789761038,0.0
0.06266610935258972,0.0566037735849056
0.02382975605351155,0.0377358490566037
0.02183770620429215,0.0188679245283018
0.02011772448355858,0.0
0.013086682913828673,0.0377358490566037
0.005373193670370539,0.0188679245283018
0.012213719893417102,0.0377358490566037
0.01652905694071199,0.0
0.038398340385603955,0.0188679245283018
0.0027198401546518866,0.0566037735849056
0.0,0.0
0.012898692664938212,0.0
0.0034928395320314304,0.0188679245283018
0.03206356984658291,0.0
0.003969269604588373,0.0
0.19369061880025656,0.0188679245283018
0.08375984432314452,0.0377358490566037
0.0,0.0566037735849056
0.04040035485953067,0.0566037735849056
0.006311641017009249,0.0188679245283018
0.0,0.0
0.01628615757995826,0.0188679245283018
0.0616240486037097,0.0
0.023726809496583196,0.0
0.04447135192074074,0.0
0.05275802335679953,0.0754716981132075
0.025581875318431965,0.0
0.005405089293269478,0.0
0.020593643000946207,0.0566037735849056
0.015249422179495008,0.0
0.013067151395056055,0.0188679245283018
0.018600127696070966,0.0
0.023674709722430468,0.0
0.027454667789455257,0.0
0.009337588346164615,0.0
0.0,0.0
0.02087057760216454,0.0
0.02719189734808931,0.0
0.004692221230580339,0.0188679245283018
0.015765094060917622,0.0188679245283018
0.030580647703473483,0.0188679245283018
0.0072313332654136775,0.0
0.010498175951576766,0.0
0.05344048132318918,0.0
0.012117757596804845,0.0188679245283018
0.0,0.0
0.0053504346248276005,0.0377358490566037
0.01459876862718451,0.0188679245283018
0.00434698525322196,0.0188679245283018
0.02452286214905134,0.0
0.011212653984212267,0.0188679245283018
7.469080737402406e-06,0.0188679245283018
0.029253903545334893,0.0
0.006012473681204289,0.0188679245283018
0.016892473214315227,0.0188679245283018
0.009158674952367963,0.0
0.012960477680881802,0.0188679245283018
0.018690630509330865,0.0
0.02296240768539903,0.0
0.005458454002057554,0.0188679245283018
0.00796475351844381,0.0
0.021719327394120004,0.0
0.09096485019848465,0.0
0.014144457565510925,0.0
0.0,0.0
0.020001679212283026,0.0
0.019120285717678553,0.0
0.015834648848828903,0.0
0.021296263304888614,0.0
0.0,0.0
0.03625584326222805,0.0
0.033153105179094144,0.0
0.030753159620095154,0.0
0.025966183952428668,0.0188679245283018
0.06269933211210224,0.0
0.0,0.0377358490566037
0.013969625544784621,0.0377358490566037
0.0,0.0
0.11620305508616906,0.0188679245283018
0.02553558061333781,0.0188679245283018
0.01706289415501658,0.0188679245283018
0.10679831004437518,0.0566037735849056
0.015541872326268564,0.0
0.018894436395298427,0.0188679245283018
0.004343665969817402,0.0188679245283018
0.02757621881403901,0.0
0.017104952047881032,0.0377358490566037
0.022929654765980367,0.0
0.015544395908504467,0.0
0.004355576898609888,0.0188679245283018
0.03641035973062531,0.0
0.029038152384114786,0.0377358490566037
0.011195234607452519,0.0
0.018740893500044452,0.0
0.05215671647522281,0.0
2.3275572104482288e-05,0.0188679245283018
0.006428242407559926,0.0
0.07040994104712604,0.0
0.028619919144679276,0.0
0.03442894981775573,0.0377358490566037
0.01517411463411689,0.0
0.01078098840352284,0.0
0.00792475097061897,0.0
0.015878764189710178,0.0
0.006932602032080789,0.0188679245283018
0.03501621613368835,0.0
0.02235117203454607,0.0188679245283018
0.037167405820562695,0.0188679245283018
0.019705657470619958,0.0
0.0,0.0188679245283018
0.024456718036957256,0.0
0.03138560318166588,0.0
0.005519714269388749,0.0188679245283018
0.015781338636887045,0.0
0.02283266903026384,0.0
0.01363914620960964,0.0
0.010428296617999652,0.0
0.0,0.0
0.00421413794702622,0.0
0.017308369226362783,0.0
0.005312905794003753,0.0377358490566037
0.016339829866055203,0.0
0.03312974886254362,0.0377358490566037
0.017706657831922542,0.0377358490566037
0.01141722436408617,0.0
0.035110727295621515,0.0
0.0059299261940512025,0.0
0.018854359352180727,0.0
0.014276918151582382,0.0377358490566037
0.004290243235383977,0.0
0.012667606228439834,0.0
0.011643394410714082,0.0188679245283018
0.020066146902946846,0.0
0.007964097499532651,0.0
0.035791700819196214,0.0
0.022473121705377436,0.0
0.0,0.0
0.04573822563215156,0.0
0.017317101102911552,0.0
0.00883295992544476,0.0188679245283018
0.03478099065964447,0.0
0.043843032848457905,0.0377358490566037
0.09231466746497644,0.0
0.0682304195837634,0.0
0.007990849646588423,0.0188679245283018
0.02525941050892627,0.0
0.018936274181686738,0.0
0.01582644033248191,0.0
0.03141321904841853,0.0
0.03629345934776298,0.0188679245283018
0.026587054537889787,0.0
0.011562964983129982,0.0
0.003429589817138221,0.0
0.022381032283817503,0.0
0.020888811670569017,0.0
0.02142239096244645,0.0
0.03383674057815734,0.0
0.019741539862246686,0.0
0.025787823911041834,0.0
0.0014292926840080216,0.0
0.017732471464397458,0.0
0.05942193102157314,0.0
0.031392889216508776,0.0
0.03564089800874955,0.0
0.04212236349244507,0.0377358490566037
0.05494519396226745,0.0
0.031027400914922613,0.0188679245283018
0.018857984303554117,0.0188679245283018
0.022659438917501197,0.0
0.07357236254484162,0.0
0.006431313413854754,0.0
0.06173738425975895,0.0
0.022075017015608846,0.0
0.06561981570351931,0.0
0.019410703256766675,0.0188679245283018
0.013420142189703135,0.0
0.015794376046959404,0.0
0.03393606141209697,0.0
0.029332720938430694,0.0188679245283018
0.02720615262314363,0.0188679245283018
0.02853964162785292,0.0943396226415094
0.06895968675801326,0.0
0.017894323668701258,0.0
0.017866630947032572,0.0188679245283018
0.012297042640018034,0.0
0.01015395137172761,0.0188679245283018
0.0009703420086596083,0.0
0.02567508898157106,0.0
0.018672276823164666,0.0
0.004251705801414103,0.0
0.03262658047635902,0.0566037735849056
0.014146472949452382,0.0188679245283018
0.03483933315330481,0.0
0.026110577469164304,0.0
0.005267675576060174,0.0
0.015162626310513988,0.0
0.0,0.0
0.016386129453402294,0.0
0.026722139631222108,0.0754716981132075
0.009637705848940123,0.0188679245283018
0.03557079677584572,0.0188679245283018
0.030573338581293515,0.0
0.08139361781366838,0.0377358490566037
0.0589370520565243,0.0
0.01350821924951809,0.0188679245283018
0.0072089524685786475,0.0
0.0042138643278989765,0.0
0.0455812320235186,0.0
0.03623906018896353,0.0188679245283018
0.021375650519810697,0.0
0.03564667533118719,0.0188679245283018
0.02461491380360953,0.0188679245283018
0.03899910121074024,0.0
0.01729714841820201,0.0566037735849056
0.006732709781051168,0.0188679245283018
0.00596345957446936,0.0
0.008237884382896656,0.0
0.016858239647199146,0.0
0.011918398199347396,0.0
0.013493080287841094,0.0188679245283018
0.007198620187716212,0.0188679245283018
0.025665548078915572,0.0
0.008009434676185232,0.0
0.014550830636065083,0.0377358490566037
0.01411987245259578,0.0
0.02081030861666372,0.0377358490566037
0.03261667670571952,0.0
0.019699621344169003,0.0
0.026314284076096647,0.0566037735849056
0.08711472462251815,0.0188679245283018
0.013624633380824008,0.0
0.01649280819995654,0.0
0.006064361576026404,0.0188679245283018
0.03929547132042864,0.0
0.06143276310767848,0.0
0.01314279502270107,0.0188679245283018
0.008458042848857046,0.0
0.0178361849809008,0.0
0.013931283241713248,0.0188679245283018
0.014187650879121499,0.0
0.021186869580509422,0.0188679245283018
0.0811684772172127,0.0
0.01975477832985048,0.0566037735849056
0.024508445530947026,0.0
0.026865363011254893,0.0
0.013752821765735957,0.0
0.012826410020707321,0.0
0.0727677921300874,0.0
0.0025118992704009297,0.0
0.029913577406967304,0.0
0.03197212706680506,0.0
0.030193603912343436,0.0188679245283018
0.014543067652615073,0.0
0.03926171901273225,0.0
0.035789019568761474,0.0377358490566037
0.016756239031163404,0.0188679245283018
0.03341594567206124,0.0188679245283018
0.018859341058731827,0.0
0.029244223792823952,0.0
0.0,0.0
0.018863710385960186,0.0188679245283018
0.0313190788575779,0.0188679245283018
0.012877109512402132,0.0377358490566037
0.021110041127489758,0.0
0.04239761743740628,0.0
0.02442291192669515,0.0
0.0219658269547812,0.1509433962264151
0.00244196147158003,0.0
0.015321852009888039,0.0754716981132075
0.0041552446048989215,0.0
0.013804952919218828,0.0188679245283018
0.039432556133889435,0.0
0.018178683094585833,0.0
0.06887186593634777,0.0
0.002794837122459156,0.0
0.04536510844701191,0.0
0.030009128678515757,0.0377358490566037
0.021826837489425363,0.0
0.024731537168383517,0.0188679245283018
0.010701227151805893,0.0188679245283018
0.004649626725659909,0.0
0.0685113155305506,0.0
0.027750316386121354,0.0377358490566037
0.0023477530942278835,0.0188679245283018
0.08177839205905264,0.0
0.016669128174038785,0.0
0.07262154215950781,0.0188679245283018
0.018464528380847754,0.0
0.02586780441725827,0.0
0.001627335930986594,0.0
0.016282945151018607,0.0
0.03079202858825677,0.0377358490566037
0.05927114723845678,0.0377358490566037
0.007224489363211444,0.0
0.015016851828462486,0.0
0.014854451505386251,0.0188679245283018
0.018136003056986556,0.0
0.006227678410431899,0.0
0.020377846847401713,0.0
0.010368824372749292,0.0
0.022101790933497928,0.0
0.018684531994585682,0.0
0.00933605586667559,0.0377358490566037
0.019997463677052116,0.0
0.013915464044102889,0.0
0.015817453250156634,0.0188679245283018
0.022359158729206373,0.0
0.07768772130232673,0.0943396226415094
0.0,0.0
0.02762836722067744,0.0
0.041820200018408124,0.0
0.03809331570177868,0.0
0.04650237515728924,0.0566037735849056
0.029113960420112613,0.0188679245283018
0.009715387946423987,0.0
0.038145058524147735,0.0
0.12820184825656755,0.0
0.013700700104456214,0.0188679245283018
0.03534118372593751,0.0
0.02517260520695437,0.0
0.018776013395482516,0.0
0.015901155521241626,0.0188679245283018
0.0,0.0
0.02129641809031559,0.0377358490566037
0.013690863576453495,0.0
0.010607931823243839,0.0188679245283018
0.0056531243354025935,0.0188679245283018
0.021525602853802096,0.0
0.046339827580494146,0.0
0.03496143702075,0.0
0.019955600627175243,0.0
0.021204917720114715,0.0
0.0,0.0188679245283018
0.006118533540517572,0.0188679245283018
0.031860989001174796,0.0377358490566037
0.018759227027062057,0.0
0.009262646109887144,0.0
0.007243727103469098,0.0
0.05369756561660097,0.0
0.01737510846151281,0.0377358490566037
0.02503091784179913,0.0188679245283018
0.007006002029315225,0.0188679245283018
0.08089411126704793,0.0
0.047756624035195115,0.0
0.03802895573365154,0.0
0.031248197768400862,0.0
0.0,0.0188679245283018
0.019765001763982493,0.0188679245283018
0.02065702961288103,0.0
0.0,0.0188679245283018
0.0064282454439543385,0.0
0.011090641668266541,0.0377358490566037
0.03633381662993613,0.0
0.03683266726558429,0.0
0.021719347877927793,0.0188679245283018
0.02730111022453464,0.0188679245283018
0.021696430936937933,0.0
0.07034661007677927,0.0188679245283018
0.02102801964492884,0.0188679245283018
0.009574943303749965,0.0
0.01240549070551938,0.0
0.045313502304190775,0.0
0.012116157202587546,0.0566037735849056
0.021203103055921158,0.0
0.046757240401733256,0.0
0.017898755366425458,0.0188679245283018
0.0018112617104347755,0.0566037735849056
0.006605320025561545,0.0188679245283018
0.08289193901028247,0.0
0.03479299085868211,0.0
0.0,0.0
0.010293429293608984,0.0
0.007007574737085137,0.0377358490566037
0.020367711157840158,0.0
0.02677015536916153,0.0
0.12354339960023852,0.0943396226415094
0.03888686975451354,0.0
0.06004957530186118,0.0
0.0,0.0
0.050693159415308935,0.0188679245283018
0.03919785541171263,0.0188679245283018
0.0,0.0188679245283018
0.04474879972204706,0.0
0.012673047421552985,0.0
0.01741858123745465,0.0
0.0,0.0
0.03180126550524111,0.0
0.014140625608647837,0.0188679245283018
0.014260233113820294,0.0
0.01252997828285483,0.0
0.019765001763982493,0.0
0.08362509241615984,0.0
0.02643959660855777,0.0188679245283018
0.029967690852401585,0.0
0.02482885447716522,0.0
0.0,0.0377358490566037
0.014785905677839977,0.0188679245283018
0.019154778319289585,0.0
0.015043162256046074,0.0188679245283018
0.018419976941462666,0.0188679245283018
0.018031574729634552,0.0
0.01571144414892726,0.0188679245283018
0.0037391738313762948,0.0
0.0034608775276624873,0.0188679245283018
0.015747940957399773,0.0188679245283018
0.005972470512742841,0.0
0.0234942873487856,0.0188679245283018
0.019885302652928538,0.0943396226415094
0.032198380319551946,0.0
0.0,0.0188679245283018
0.017741378309387653,0.0188679245283018
0.005045169062222991,0.0
0.0,0.0188679245283018
0.10886535021308609,0.0
0.025186419278505425,0.0188679245283018
0.010042903612091699,0.0377358490566037
0.01968423761839068,0.0377358490566037
0.015521715486853077,0.0377358490566037
0.023945282229880654,0.0
0.0252839465279134,0.0
0.026559939810921005,0.0
0.00939729512126152,0.0566037735849056
0.015302588262548746,0.0377358490566037
0.04399911959654564,0.0
0.036358035809530724,0.0754716981132075
0.03861011607886058,0.0566037735849056
0.05065301484720427,0.0566037735849056
0.029972204034660534,0.0
0.015156864485540714,0.0
0.010527832260059926,0.0188679245283018
0.03696428431687884,0.0377358490566037
0.013518053292825714,0.0377358490566037
0.017839361750237318,0.0
0.028883410977024914,0.0
0.051813841743708046,0.0566037735849056
0.02814535127602446,0.0
0.0,0.0
0.024425789160391738,0.0
0.012342047412401386,0.0
0.06795745471472453,0.0377358490566037
0.009428965420917394,0.0188679245283018
0.0012983915463013179,0.0188679245283018
0.008233311076175129,0.0566037735849056
0.05812836251167883,0.0
0.029448518091503218,0.0188679245283018
0.008835030854346379,0.0
0.00663667617711057,0.0188679245283018
0.03384020184017841,0.0377358490566037
0.018297225652688247,0.0
0.026074565706264517,0.0
0.013518053292825714,0.0188679245283018
0.01658112537115177,0.0943396226415094
0.022389700758190325,0.0188679245283018
0.009261360565023444,0.0377358490566037
0.03498451051900435,0.0377358490566037
0.06458675037391189,0.0754716981132075
0.014964450821970607,0.0188679245283018
0.0469748473166652,0.0377358490566037
0.030288531813095352,0.0754716981132075
0.006454666141082712,0.0377358490566037
0.0,0.0
0.0325035932839459,0.1132075471698113
0.04510721857936007,0.0188679245283018
0.03465138482370116,0.0
0.15234551370735078,0.0188679245283018
0.0,0.0
0.11202431569350749,0.0
0.26039517580826244,0.0
0.1098742214246819,0.0
0.036305544226075764,0.0188679245283018
0.0392638847376868,0.0
0.01805176130330453,0.0
0.028908778090763507,0.0
0.017124929930727496,0.0566037735849056
0.026669896557826117,0.0188679245283018
0.016053755909317458,0.0
0.011918398199347396,0.0
0.04304291955123209,0.0188679245283018
0.15271533668030748,0.0
0.01237900240435098,0.0
0.01811208273269158,0.0
0.019960778274750738,0.0754716981132075
0.040028647808063166,0.0377358490566037
0.04705048253721348,0.0
0.04592871926004623,0.0
0.08623273072739583,0.0
0.013854415852527016,0.0
0.027645906347500162,0.0
0.018846842649621613,0.0
0.04210549607776509,0.0377358490566037
0.011780855682343591,0.0188679245283018
0.042942340741235034,0.0188679245283018
0.011943405199555678,0.0
0.011643394410714082,0.0188679245283018
0.01790331618519618,0.0
0.01698749419842459,0.0
0.1130767835972403,0.0
0.018547161050873208,0.0377358490566037
0.022604407456297486,0.0
0.060317101413754064,0.0
0.08496450876930636,0.0566037735849056
0.12149460751986654,0.0
0.029839870753892706,0.0
0.053552083134464495,0.0188679245283018
0.03157972457325679,0.0188679245283018
0.01670232114105346,0.0
0.02235523613198371,0.0
0.07163235840656734,0.0
0.08159475114889186,0.0
0.03058645292388558,0.0943396226415094
0.020528234346832527,0.0
0.0017053760920204483,0.0
0.09294738451716672,0.0
0.03126464578770103,0.0188679245283018
0.026320302003548027,0.0
0.010140422089092336,0.0
0.01342125191318852,0.0566037735849056
0.014925388524180783,0.0188679245283018
0.008074672255475042,0.0943396226415094
0.030768417427728765,0.0377358490566037
0.07100441543709105,0.0188679245283018
0.024915319391528395,0.0566037735849056
0.022576177715829187,0.0188679245283018
0.04032476531970626,0.0377358490566037
0.06425871146860371,0.0188679245283018
0.12809131126200554,0.0566037735849056
0.08004156645256044,0.0188679245283018
0.02940207222592003,0.0188679245283018
0.03960729045551251,0.0754716981132075
0.02365018138530868,0.0
0.12080128415137177,0.0566037735849056
0.0905943109843242,0.0566037735849056
0.05027248588612663,0.1132075471698113
0.029285549066192504,0.0188679245283018
0.016134528185554057,0.0377358490566037
0.017633399382961847,0.0
0.02026719954437532,0.0
0.05107113293126551,0.0377358490566037
0.06030479148713396,0.0188679245283018
0.0,0.0188679245283018
0.026572150455740722,0.0566037735849056
0.048833095267143266,0.0
0.05527828480585701,0.0
0.028330458416690213,0.0
0.018636367800644878,0.0377358490566037
0.06555202405808565,0.0
0.019997005580188576,0.0188679245283018
0.050652403666028134,0.0566037735849056
0.03618705966013218,0.0
0.055774811872919924,0.0943396226415094
0.06680924778348055,0.0566037735849056
0.12957609970659656,0.0
0.053614990927990214,0.0188679245283018
0.13707527399214536,0.0377358490566037
0.11513541297595303,0.0566037735849056
0.06363444746711429,0.0
0.03604417036129409,0.0
0.046674109287745416,0.0
0.01895839912809075,0.0377358490566037
0.061227367431461274,0.0377358490566037
0.030136085216382932,0.0188679245283018
0.08176254289300024,0.0377358490566037
0.029068936310641332,0.0
0.06174186025050134,0.0377358490566037
0.014310603178261275,0.0
0.027728302005796027,0.0188679245283018
0.02646524218513989,0.0
0.04906900861574915,0.0566037735849056
0.009807727908786916,0.0
0.022971631414140145,0.0
0.006245530696684941,0.0
0.12193428769873998,0.0377358490566037
0.019251973293024208,0.0188679245283018
0.02139966468014789,0.0
0.016457181871125062,0.0
0.012762516066134003,0.0188679245283018
0.0046390350916439525,0.0377358490566037
0.020134760412047085,0.0
0.0011145246783689443,0.0
0.015817275845295516,0.0377358490566037
0.011643662063652206,0.1320754716981132
0.012149234400742021,0.0188679245283018
0.10831827034410628,0.0
0.04673799757948871,0.0
0.013347057963520835,0.0
0.04893373547699594,0.0
0.016838617579608733,0.0566037735849056
0.009817723847501085,0.0
0.010123059763480824,0.0188679245283018
0.00895628744128308,0.0
0.011265779002253881,0.0188679245283018
0.03123857876179628,0.0
0.0233774551521456,0.0
0.01113697406273606,0.0188679245283018
0.018800528030600984,0.0
0.028805041701604663,0.0
0.0540356517945829,0.0754716981132075
0.027630875586449697,0.0377358490566037
0.009994307794744407,0.1132075471698113
0.0675035476252902,0.0
0.04756546669768097,0.0943396226415094
0.014131393433903619,0.0
0.008104941053601964,0.0
0.03612523288707944,0.0
0.003643696153582992,0.0
0.020645698197756766,0.0188679245283018
0.013690915991264834,0.0
0.00951381560980202,0.0
0.0371568343441564,0.0188679245283018
0.02669749330171344,0.0
0.018917608274316725,0.0188679245283018
0.009130039039600977,0.0188679245283018
0.009606742236233095,0.0
0.008127273594729482,0.0
0.012775559214445514,0.0
0.021354929787106607,0.0
0.019952154537115768,0.0
0.016527211268354134,0.0188679245283018
0.005927427158350285,0.0188679245283018
0.01805176130330453,0.0
0.07600197422491789,0.0
0.009429010297608464,0.0
0.06471637552432662,0.0
0.09078585280010516,0.0188679245283018
0.00024219250538731735,0.0
0.027466271154165826,0.0377358490566037
0.046116123393477336,0.0
0.015755873067271248,0.0566037735849056
0.013296332826945534,0.0
0.01562922507812783,0.0
0.008914202044685666,0.0377358490566037
0.03167750444721291,0.0
0.01021344742312112,0.0188679245283018
0.02568460080181384,0.0188679245283018
0.0,0.0188679245283018
0.006936702423716756,0.0188679245283018
0.034255387444094385,0.0566037735849056
0.016793297876961905,0.0188679245283018
0.0171817785698718,0.0
0.06229154109000801,0.0
0.012499104747988245,0.0188679245283018
0.04254332639073954,0.0188679245283018
0.047417811389204034,0.0
0.02851771062772887,0.0
0.0013649814978148988,0.0566037735849056
0.0258556800316692,0.0
0.0014321005859780896,0.0188679245283018
0.00643722671012349,0.0
0.05695431357418246,0.0188679245283018
0.04591881072167733,0.0943396226415094
0.1085516088763484,0.0
0.0666615185671455,0.0188679245283018
0.04115358498048525,0.0
0.07312495005138382,0.0754716981132075
0.0,0.0
0.004445543443045255,0.0
0.006702524642088981,0.0
0.017494569129214127,0.0188679245283018
0.013630065465874967,0.0
0.04350332874974541,0.0188679245283018
0.020457893335158298,0.0188679245283018
0.031619892434639835,0.0377358490566037
0.030882579702205794,0.0377358490566037
0.06996724438796348,0.0188679245283018
0.1665517912199266,0.0
0.023478060547689215,0.0
0.015024352878244471,0.0
0.045575760781489075,0.0188679245283018
0.05578759509931308,0.0754716981132075
0.03465429024817251,0.0
0.01889664427695783,0.0377358490566037
0.02891724912704178,0.0188679245283018
0.02946780033084012,0.0
0.04766306262686017,0.0377358490566037
0.03075025611770346,0.0566037735849056
0.034914480674136265,0.0377358490566037
0.006683169330936268,0.0566037735849056
0.08324271749375338,0.0377358490566037
0.10088830601397199,0.0
0.011843315630769811,0.0188679245283018
0.004700067716432749,0.0566037735849056
0.023805163574381893,0.0
0.01804939839817206,0.0188679245283018
0.043556065448657415,0.0
0.1469232999375808,0.0377358490566037
0.02739949395240464,0.0
0.02070060304642634,0.0188679245283018
0.016641553017416103,0.0188679245283018
0.022312554764507192,0.0566037735849056
0.03703962938428757,0.0188679245283018
0.015839161720531375,0.0754716981132075
0.055507610283754116,0.0
0.01903025394408865,0.0188679245283018
0.006595629028302044,0.0
0.08697388976529216,0.0
0.16141480756156848,0.0377358490566037
0.012037900937592272,0.0
0.004911397601831049,0.0
0.08781989159789445,0.0
0.03300622510963033,0.0
0.05214639868733905,0.0188679245283018
0.06290479958913855,0.0566037735849056
0.044197926704118,0.0
0.009752748366713387,0.0377358490566037
0.05345716914697919,0.0
0.0465723915464694,0.0
0.0,0.0188679245283018
0.05629081526894684,0.0
0.06513478680861652,0.0
0.016057066213670288,0.0
0.024473470709993034,0.0188679245283018
0.024893147613153775,0.0188679245283018
0.01200004678866808,0.0
0.06968780167062913,0.0188679245283018
0.0,0.0377358490566037
0.027849255147369127,0.0188679245283018
0.03701236727490143,0.0
0.0,0.0188679245283018
0.02901895220515735,0.0
0.0065769791895165675,0.0
0.0,0.0188679245283018
0.008051209269240304,0.0188679245283018
0.0,0.0188679245283018
0.01859964823748549,0.0
0.03596507444600495,0.0
0.20953211326047766,0.0188679245283018
0.039090478923016356,0.0188679245283018
0.026849532979805146,0.0
0.05991661895636639,0.0754716981132075
0.027841305922343497,0.0377358490566037
0.022833856962543857,0.0377358490566037
0.014021107895391391,0.0
0.0015588826249482522,0.0
0.009096736802561577,0.0
0.016026341940274302,0.0566037735849056
0.024110531437097973,0.0566037735849056
0.06864871494660073,0.0
0.020139537375917935,0.0
0.01799720291833002,0.0
0.008028007989578489,0.0188679245283018
0.026643020653049174,0.0
0.03276877526222799,0.0377358490566037
0.05777828804200265,0.0
0.04396252043768882,0.0188679245283018
0.033357343221656066,0.0
0.005492378826917207,0.0188679245283018
0.017671873759203927,0.0377358490566037
0.020029428442696635,0.0566037735849056
0.03556647298955684,0.0188679245283018
0.017106406958716704,0.0
0.024104101719824696,0.0
0.010815032124129648,0.0377358490566037
0.027001035859827837,0.0188679245283018
0.01421625376824241,0.0
0.001976847393132808,0.0
0.01800673919543376,0.0
0.022224356214084477,0.0188679245283018
0.029991568784475363,0.0
0.11845222639856541,0.0188679245283018
0.037377219218445584,0.0188679245283018
0.019334194922489317,0.0188679245283018
0.039318307353619034,0.0566037735849056
0.053678119920069836,0.0188679245283018
0.0770406482520712,0.0188679245283018
0.009874354079260773,0.0
0.04687149705447361,0.0377358490566037
0.06641315284785224,0.0188679245283018
0.02226207008418228,0.0377358490566037
0.0,0.0566037735849056
0.03368663226509468,0.0377358490566037
0.04725657275981966,0.0754716981132075
0.00984218131616778,0.0754716981132075
0.04502602035538651,0.0188679245283018
0.020165226688952452,0.0
0.032986586911678564,0.0188679245283018
0.01579055649338948,0.0377358490566037
0.0743223401812433,0.0188679245283018
0.05382164652077237,0.0
0.15033767540075813,0.0377358490566037
0.025743833731153333,0.0
0.01821697911295531,0.0188679245283018
0.04963330745617173,0.0188679245283018
0.12759894371704364,0.0566037735849056
0.007113103768918781,0.0377358490566037
0.008040262775801806,0.0
0.10744522064929145,0.0188679245283018
0.0,0.0
0.015620715628174554,0.0
0.014866289264956868,0.0
0.023503508408227316,0.0188679245283018
0.0,0.0377358490566037
0.03645643182932551,0.0
0.02717050025487945,0.0377358490566037
0.045316450007805965,0.0
0.023953300966092793,0.0
0.016405322915052346,0.0
0.017327543814701144,0.0
0.014838594030546931,0.0188679245283018
0.013974009797076945,0.0
0.002439213855374373,0.0
0.0,0.0188679245283018
0.026977261680012896,0.0
0.02278997542691413,0.0
0.013488609117674395,0.0377358490566037
0.0,0.0
0.040001285973856146,0.0188679245283018
0.0464661145915885,0.0
0.15628058224433944,0.0
0.023561317822508494,0.0188679245283018
0.05650577819633867,0.0
0.001764202829230413,0.0
0.004705074751486004,0.0
0.0968823038971454,0.1132075471698113
0.008151867638829892,0.0188679245283018
0.011593475204848304,0.0188679245283018
0.2154407134118525,0.0188679245283018
0.013564800839244289,0.0188679245283018
0.003452119193646343,0.0188679245283018
0.019079668064842965,0.0377358490566037
0.009094841664906409,0.0377358490566037
0.05026820945743466,0.0
0.017995928038103497,0.0
0.0402776667948816,0.0188679245283018
0.027626087968608062,0.0377358490566037
0.033333119814964826,0.0
0.0017063521051767358,0.0188679245283018
0.06277738760474479,0.0
0.006285714844400604,0.0
0.028161991614825348,0.0188679245283018
0.011459167829878701,0.0
0.025538539904449254,0.0
0.018552061581659177,0.0188679245283018
0.010335702655201296,0.0
0.02449393035071504,0.0377358490566037
0.041170747297437034,0.0188679245283018
0.19061654249447602,0.1320754716981132
0.018360113762432774,0.0
0.0154425050958155,0.0188679245283018
0.12150223998731469,0.0188679245283018
0.018839445767189742,0.0377358490566037
0.012671642868754442,0.0
0.05821106215315264,0.0
0.012242244783771773,0.0
0.02324449741859727,0.0188679245283018
0.0312152328169202,0.0566037735849056
0.0189121427744509,0.0
0.014780686074014854,0.0188679245283018
0.019180363723669925,0.0188679245283018
0.0006363026864250679,0.0188679245283018
0.029198413377118496,0.0188679245283018
0.006205604296597083,0.0
0.003765988281065092,0.0188679245283018
0.0,0.0188679245283018
0.01020993167113421,0.0
0.02867452803592711,0.0
0.07190824464547176,0.0377358490566037
0.04651833246962276,0.0
0.009188189051867501,0.0188679245283018
0.03207561442823501,0.0188679245283018
0.029451047111846734,0.0188679245283018
0.013956824866903042,0.0566037735849056
0.011388748020149074,0.0
0.0,0.0
0.027201716040773108,0.0377358490566037
0.014190545914972236,0.0
0.009336685965739042,0.0188679245283018
0.022626741966814037,0.0
0.060021012580670656,0.0188679245283018
0.04039600316817306,0.0
0.003010297070822451,0.0188679245283018
0.03724231807072707,0.0
0.02077539295214283,0.0188679245283018
0.012674971046765935,0.0
0.013560942587588509,0.0
0.022102247548648167,0.0188679245283018
0.01915906918379163,0.0188679245283018
0.026350349010145116,0.0
0.16921623106623385,0.0
0.037446719652430856,0.0
0.02482014449866084,0.0
0.0,0.0188679245283018
0.05076106347180394,0.0
0.004638586257985605,0.0
0.029808801290312655,0.0
0.007723808080822524,0.0
0.032810514703513635,0.0
0.01750936540886612,0.0377358490566037
0.01260783154566536,0.0
0.011882577908039621,0.0
0.03441407430730345,0.0943396226415094
0.017741858530416987,0.0566037735849056
0.0025634952696559983,0.0377358490566037
0.03867249516225822,0.0377358490566037
0.013564800839244289,0.0
0.04574052874776746,0.0188679245283018
0.03501333869377688,0.0
0.050415324893460706,0.0
0.04612370956844078,0.0
0.018963344223471477,0.0377358490566037
0.027066795464469526,0.0
0.0,0.0
0.04026458129524431,0.0377358490566037
0.007249398272836646,0.0
0.02031046243559965,0.0
0.0254198349850785,0.0
0.030630547252547654,0.0
0.09125418287640988,0.0
0.01036873486132726,0.0
0.0047635861433582135,0.0
0.035454613421354066,0.0
0.027209802729222424,0.0
0.024764851771666294,0.0
0.026428303366054093,0.0
0.008738416502338177,0.0
0.04171676037699458,0.0
0.02479121866757479,0.0
0.03946505437262011,0.0
0.0619928942611256,0.0566037735849056
0.07361318107534143,0.0566037735849056
0.021938729499694918,0.0
0.003336967230894922,0.0
0.012737931001795764,0.0188679245283018
0.021120664941257687,0.0
0.055214973077972934,0.0
0.041385056359071186,0.0188679245283018
0.004113786381290082,0.0
0.009892479033146875,0.0
0.016837164313210157,0.0
0.023748180385705836,0.0377358490566037
0.00029022833278733937,0.0
0.00537136479005795,0.0
0.07771884221117994,0.0188679245283018
0.012985985858595995,0.0
0.039419587667061384,0.0566037735849056
0.014811321757297595,0.0
0.03238671698792927,0.0188679245283018
0.012622821790945168,0.0
0.020053864842375552,0.0188679245283018
0.01635985338165322,0.0188679245283018
0.017747881152653824,0.0377358490566037
0.0349619235190308,0.0566037735849056
0.008653148733858097,0.0
0.021641733426263965,0.0
0.0,0.0188679245283018
0.0,0.0188679245283018
0.027566856483936655,0.0188679245283018
0.019741539862246686,0.0188679245283018
0.026053497979569924,0.0188679245283018
0.020909192778971283,0.0
0.0027117858806137082,0.0188679245283018
0.08024772702268015,0.0
0.07577871252741533,0.0566037735849056
0.04309694864744533,0.0188679245283018
0.05174391998335494,0.0188679245283018
0.011937200267043813,0.0
0.057558596177594866,0.0
0.046357354689309016,0.0377358490566037
0.06961958759146844,0.0
0.0014072220091399562,0.0
0.006061462778845401,0.0188679245283018
0.0186249960045356,0.0188679245283018
0.07447326964359545,0.0
0.02986933473214086,0.0
0.06843453380708249,0.0
0.030103779849082756,0.0
0.0,0.0
0.014660293768736064,0.0
0.0,0.0
0.003330796225004446,0.0188679245283018
0.021698862199094154,0.0188679245283018
0.10631627722562031,0.0754716981132075
0.0019268706565676898,0.0
0.0,0.0
0.02189080319304743,0.0566037735849056
0.016485632593379655,0.0188679245283018
0.0,0.0
0.01231675882404319,0.0
0.01695782007322508,0.0188679245283018
0.031838096102969955,0.0377358490566037
0.06214180786640551,0.0
0.030887879137751616,0.0566037735849056
0.01177082361372849,0.0
0.010120285312473101,0.0188679245283018
0.013450482920375716,0.0188679245283018
0.012213929750380641,0.0
0.02222855662647706,0.0188679245283018
0.04988107494037363,0.0
0.03824876784515904,0.0
0.011735350866782068,0.0
0.006505707231737264,0.0
0.045149890218667645,0.0
0.07707130740820928,0.0188679245283018
0.03854949713198859,0.0188679245283018
0.0,0.0
0.1144555187224848,0.0377358490566037
0.003990153038831307,0.0377358490566037
0.024065980088541928,0.0188679245283018
0.05308815433784335,0.0377358490566037
0.03245109994112178,0.0943396226415094
0.023426363710281485,0.0188679245283018
0.04518858115324595,0.0377358490566037
0.017099923682767675,0.0
0.011057061871444316,0.0188679245283018
0.015401054952015252,0.0188679245283018
0.03410540811392601,0.0
0.10288967327339488,0.0188679245283018
0.024516654191831546,0.0
0.017540086051211212,0.0188679245283018
0.009075769907008561,0.0
0.0031347253117475007,0.0377358490566037
0.05771595198395566,0.0188679245283018
0.07846384367544817,0.0
0.012446378503377736,0.0
0.03096626170483954,0.0377358490566037
0.010597546384073937,0.0377358490566037
0.0021604073977773996,0.0377358490566037
0.009179946052907072,0.0
0.017309088963540387,0.0
0.0,0.0566037735849056
0.02492456651524184,0.0
0.03614246707169579,0.0566037735849056
0.031165793957629216,0.0188679245283018
0.04993204835375128,0.0
0.013056591435158974,0.0188679245283018
0.10178434944804732,0.0
0.02559440760130667,0.0
0.0421961157711809,0.0
0.0292602584445959,0.0
0.025138588753747988,0.0754716981132075
0.01421791540570808,0.0
0.010822897795872585,0.0
0.019400863051346737,0.0
0.028592028610921152,0.0
0.018828775838160238,0.0
0.07199582647724437,0.0566037735849056
0.02247361936067227,0.0566037735849056
0.012441199809911301,0.0188679245283018
0.03687422384878179,0.0
0.03483682945963733,0.0566037735849056
0.03835908099287699,0.0188679245283018
0.03758279869009389,0.0
0.02486039745185917,0.1132075471698113
0.02671045891015738,0.0566037735849056
0.011959423616393223,0.0566037735849056
0.02734659823521077,0.0
0.01919971980173048,0.0
0.0,0.0
0.0,0.0
0.005882002492101952,0.0
0.0821556034461728,0.0
0.05255132695854169,0.0188679245283018
0.026144485969290636,0.0188679245283018
0.024334460837182756,0.0
0.018547161050873208,0.0188679245283018
0.0,0.0
0.03469891716716049,0.0
0.09944216269875503,0.0
0.008538137143382935,0.0
0.028339292366150008,0.0
0.059887623645476125,0.0
0.04596433452762763,0.0943396226415094
0.017452083995900522,0.0
0.00437113953289054,0.0754716981132075
0.030513309332131144,0.0377358490566037
0.013608785079718603,0.0
0.03446324561963104,0.0
0.028797555341246298,0.0754716981132075
0.014809885653333611,0.0377358490566037
0.00876801668558752,0.0
0.016899036202109134,0.0188679245283018
0.060073013488849,0.0188679245283018
0.008850824506017234,0.0
0.04752581516835098,0.0
0.03822901216674191,0.0
0.11279644464874326,0.0
0.041304848209360576,0.0
0.0311845586310269,0.0
0.027899943791501996,0.0566037735849056
0.01838724380006698,0.0
0.01958460732819512,0.0188679245283018
0.027983342684174125,0.0188679245283018
0.0,0.0188679245283018
0.06053022352656843,0.0
0.12437965675470161,0.0
0.015015229115346767,0.0566037735849056
0.03930799854286528,0.0377358490566037
0.029819755788445118,0.0
0.0,0.0188679245283018
0.009325499894280753,0.0188679245283018
0.02041576524479403,0.0
0.012351915391932576,0.0
0.009205024684811361,0.0
0.0,0.0188679245283018
0.0,0.0
0.08639802756972852,0.0188679245283018
0.020886331427118345,0.0188679245283018
0.019753929751047845,0.0754716981132075
0.027596646105621018,0.0188679245283018
0.0001418463588347789,0.0188679245283018
0.013402554963307022,0.0
0.030574967475466674,0.0188679245283018
0.01887159259380313,0.0377358490566037
0.025348991745456458,0.0
0.03147356547961486,0.0
0.017182251800487776,0.0
0.04464540243714666,0.0
0.0605805706963193,0.0
0.05688177007169524,0.0
0.01657644076485465,0.0188679245283018
0.042311071222844915,0.0188679245283018
0.02277509709795937,0.0
0.0,0.0
0.01971456608456216,0.0188679245283018
0.031654781443054045,0.0
0.023344077096820504,0.0
0.0,0.0377358490566037
0.001661668553848893,0.0
0.06734465623872024,0.0
0.019694313747856573,0.0
0.012731538576746977,0.0
0.018742928187598817,0.0188679245283018
0.0,0.0
0.042244760649993746,0.0
0.00837915167116556,0.0188679245283018
0.018693226784179166,0.0
0.0059752430959308656,0.0
0.1371587284746953,0.0
0.024841403757758233,0.0754716981132075
0.17324014379551686,0.0
0.027669117865303405,0.0
0.0,0.0
0.012943180623483513,0.0566037735849056
0.01577254153215584,0.0
0.012648657327216636,0.0188679245283018
0.01996584378792064,0.0
0.021083529034457732,0.0
0.01339826713553935,0.0188679245283018
0.01783525865250009,0.0
0.0,0.0
0.026104080518095145,0.0
0.012938026745959902,0.0188679245283018
0.0509358827783408,0.0
0.014186384432870191,0.0
0.08995753730376853,0.0188679245283018
0.010028212436423978,0.0188679245283018
0.027213116102407616,0.0
0.03026420951315585,0.0
0.06435624474524566,0.0
0.0154012405840405,0.0
0.004440347061084718,0.0
0.02400488955194246,0.0188679245283018
0.010887219628363023,0.0
0.009925071342337562,0.0188679245283018
0.029544403243933964,0.0
0.007873915430365567,0.0566037735849056
0.010891322887112802,0.0
0.0,0.0188679245283018
0.0,0.0188679245283018
0.08767866629986837,0.0
0.023119196112362173,0.0377358490566037
0.03266256820843686,0.0
0.031547528476544,0.0
0.0030687969925132083,0.0
0.020585044767324995,0.0188679245283018
0.023525360257131298,0.0
0.046035280334838245,0.0
0.01721156476763958,0.0188679245283018
0.025258041732268834,0.0943396226415094
0.014356084128421064,0.0566037735849056
0.05186797314641931,0.0754716981132075
0.004813074093194447,0.0
0.008755849954446905,0.0377358490566037
0.00786372969926966,0.0
0.0,0.0188679245283018
0.004609228669691056,0.0
0.03570867649814649,0.0377358490566037
0.01419805577756261,0.0
0.09157632078362846,0.0188679245283018
0.015886975052364263,0.0
0.018202140816559718,0.0188679245283018
0.023866980337385615,0.0
0.04194845580595809,0.0566037735849056
0.023891601287169932,0.0188679245283018
0.016347824369938136,0.0
0.0,0.0377358490566037
0.011441455246204464,0.0377358490566037
0.020671978710899826,0.0
0.022760438052388043,0.0
0.027168957978149846,0.0
0.0156867254707738,0.0
0.014107482859465807,0.0754716981132075
0.015433477326156289,0.0
0.04388628507835206,0.0
0.039266355546754145,0.0
0.011265776319005043,0.0377358490566037
0.04307972190234066,0.0
0.0,0.0188679245283018
0.020699069010919436,0.0566037735849056
0.01926131595235993,0.0
0.011273285227623822,0.0
0.013430998113070414,0.0
0.005267675576060174,0.0
0.08900640365182481,0.0188679245283018
0.0010950157463753434,0.0
0.03509767286155518,0.0188679245283018
0.01257313306318636,0.0188679245283018
0.050882395020522886,0.0188679245283018
0.11161607895185682,0.0188679245283018
0.06742843050713235,0.0188679245283018
0.02252071876076694,0.0754716981132075
0.012414074140394691,0.0188679245283018
0.020141328173642094,0.0
0.04225530155500688,0.0
0.03428389855121044,0.0566037735849056
0.0,0.0188679245283018
0.002263303105244406,0.0377358490566037
0.004896799286258,0.0
0.015957691120822414,0.0
0.09248154587507557,0.0566037735849056
0.013677234167386676,0.0
0.0,0.0
0.018545650654617586,0.0188679245283018
0.012406695448978829,0.0
0.016015375472507556,0.0
0.033330322748161445,0.0
0.021355095454462923,0.0377358490566037
0.011714251355708298,0.0
0.0,0.0377358490566037
0.16120961014356483,0.0
0.04806047953650336,0.0188679245283018
0.09290410837994985,0.0
0.023472572039409414,0.0
0.05776916304718311,0.0566037735849056
0.042059469716879655,0.0377358490566037
0.033505641697712786,0.0
0.08094561079688375,0.0188679245283018
0.04103801753183329,0.0566037735849056
0.016604414932157047,0.0
0.02993431948860252,0.0
0.0032080304445929867,0.0
0.018810196994545312,0.0566037735849056
0.07783908847707291,0.0
0.016367336081437617,0.0188679245283018
0.08616638903140535,0.0566037735849056
0.015783603015400882,0.0
0.06420790797397022,0.0
0.030212522480556343,0.0
0.010710480012963089,0.0188679245283018
0.011379430819030383,0.0
0.07723896505866673,0.0
0.01746588715979665,0.0188679245283018
0.0070845931887286474,0.0188679245283018
0.004479871972879662,0.0
5.5953568789397795e-05,0.0
0.009422540531197393,0.0
0.004473741781158525,0.0
0.01824107379438269,0.0188679245283018
0.006218566743027193,0.0
0.014379067087088842,0.0
0.0218621467039821,0.0188679245283018
0.0178490256895033,0.0188679245283018
0.06908602539734832,0.0188679245283018
0.014055633607430904,0.0
0.023158737397038,0.0
0.02899585287540459,0.0
0.003953679926323629,0.0377358490566037
0.05179177344180976,0.0
0.030198350207455472,0.0377358490566037
0.019098974306130924,0.0188679245283018
0.012072565548097512,0.0377358490566037
0.03356677588353976,0.0
0.0031642712731924693,0.0
0.014352827937976168,0.0
0.0019164671488943515,0.0
0.005752317571836121,0.0
0.014510116008594757,0.0188679245283018
0.051318329739337996,0.0
0.03656659640382926,0.0
0.014645793416390926,0.0188679245283018
0.03264456087417661,0.0188679245283018
0.013962924723573543,0.0
0.027377240015330033,0.0566037735849056
0.014701584707091282,0.0
0.1074508781982805,0.0943396226415094
0.09588766253954524,0.0188679245283018
0.015520540871218609,0.0188679245283018
0.00911986655914094,0.0
0.015523530851884635,0.0
0.012938026745959902,0.0188679245283018
0.07825388372112066,0.0377358490566037
0.008876214630075943,0.0
0.017751901632801423,0.0188679245283018
0.015643684501628077,0.0188679245283018
0.12289849471765175,0.0188679245283018
0.05041111592998713,0.0566037735849056
0.0,0.0
0.0,0.0
0.0038402123783609194,0.0
0.0037972344900269145,0.0
0.06065703478617399,0.0
0.0034311575661959835,0.0
0.029338068953442726,0.0188679245283018
0.026275891626159387,0.0
0.009394695531463515,0.0188679245283018
0.046163970220600765,0.0
0.01434512856621128,0.0377358490566037
0.059321500032480635,0.0
0.0,0.0
0.07545544036720817,0.0566037735849056
0.04213737610599732,0.0
0.012584360795742737,0.0
0.029190607814867507,0.0377358490566037
0.08063383661907182,0.0
0.10272995212537225,0.0188679245283018
0.013773702996721624,0.0566037735849056
0.012809146750127329,0.0
0.0501380484613408,0.0
0.014925904315372832,0.0754716981132075
0.027431220573980113,0.0
0.039661253879149656,0.0
0.0590220098612957,0.0
0.013916139547506404,0.0188679245283018
0.08605676105898159,0.0
0.021564924053695124,0.0377358490566037
0.030629911881394866,0.0
0.04252662282638894,0.0
0.05269123107700775,0.0
0.024537271509865566,0.0
0.11196985904047871,0.0
0.03226594968571056,0.0
0.031535336703980336,0.0
0.03686329924274087,0.0188679245283018
0.01881661332205101,0.0188679245283018
0.046260762369593596,0.0
0.017370113649080428,0.0188679245283018
0.05422018003989281,0.0188679245283018
0.09826642109396182,0.0
0.022319506042717013,0.0943396226415094
0.024353343080769967,0.0188679245283018
0.039525150064027535,0.0377358490566037
0.01926161664528136,0.0377358490566037
0.01887543096705797,0.0377358490566037
0.02861501883393069,0.0377358490566037
0.02316773492715864,0.0
0.0031110739719298684,0.0377358490566037
0.030404505308590526,0.0
0.06925214954757627,0.0754716981132075
0.016316315705388412,0.0188679245283018
0.011086575815080985,0.0377358490566037
0.022781747169529708,0.0
0.07603329339439138,0.0188679245283018
0.07203159225071237,0.0566037735849056
0.034662838840899525,0.0
0.016801832259825934,0.0754716981132075
0.0440178873050896,0.0
0.021044594840989365,0.0754716981132075
0.034595195921283836,0.0754716981132075
0.09514263701225859,0.0
0.01457416956783857,0.0
0.012697197973666521,0.0188679245283018
0.10673031573683389,0.0
0.014362102462672933,0.0
0.05321752858852549,0.0
0.06117547589765231,0.0566037735849056
0.0,0.0
0.0,0.0377358490566037
0.005410756679985736,0.0188679245283018
0.04851038426014069,0.0
0.0379691811235541,0.0188679245283018
0.0072722483597177255,0.0188679245283018
0.006846487845136206,0.0
0.06932430933363098,0.0
0.08897657368984359,0.0
0.025157476857058974,0.0
0.10835766638733876,0.0188679245283018
0.07592643447362553,0.0188679245283018
0.0618937809967486,0.0
0.02624606266220632,0.0188679245283018
0.03576705344069324,0.0
0.016838878993796002,0.0566037735849056
0.017170825500379495,0.0188679245283018
0.07639608012775853,0.0
0.051599433207015065,0.0188679245283018
0.07803954958729759,0.0754716981132075
0.006273992371120806,0.0188679245283018
0.03121021306174644,0.0
0.0030870725545563424,0.0
0.07611305059597454,0.0943396226415094
0.0096230970295945,0.0
0.13690004591823318,0.0
0.1783644576049488,0.1320754716981132
0.008052517462738787,0.0
0.03821618271442978,0.0
0.023448244729466158,0.0566037735849056
0.06484616116051545,0.0754716981132075
0.05011830451901493,0.0
0.10622711741875321,0.0188679245283018
0.06850922130752328,0.0
0.03781535113896013,0.0
0.023816581700307163,0.0
0.0032655911823610924,0.0
0.0223104310684937,0.0
0.01295164973280343,0.0
0.011601511600752252,0.0
0.03594828786046626,0.0188679245283018
0.007611363890067988,0.0188679245283018
0.0188679245283018,0.0377358490566037
0.0031254691913341127,0.0188679245283018
0.015274186588197626,0.0377358490566037
0.003320718655406954,0.0
0.014286202348177358,0.0188679245283018
0.02278049705765938,0.0
0.01621847950445915,0.0188679245283018
0.008435775599363217,0.0
0.05351560276624437,0.0
0.023979634764800684,0.0
0.0,0.0188679245283018
0.024902164780052027,0.0
0.1332351435550699,0.0
0.006098785131266834,0.0
0.008867587397408363,0.0
0.07375718491731065,0.0
0.028305138703687262,0.0
0.022214451805504028,0.0188679245283018
0.015116065122255778,0.0
0.0,0.0
0.030743886628824428,0.0
0.008477095509266442,0.0
0.018522296110164378,0.0377358490566037
0.014131989519560632,0.0
0.007930771448214243,0.0377358490566037
0.007838168273609806,0.0377358490566037
0.010774689942417568,0.0
0.008651429648060396,0.0
0.027475985247028996,0.0566037735849056
0.012246384045082532,0.0
0.00621939301850195,0.0
0.01930629545978698,0.0188679245283018
0.012925807715099737,0.0188679245283018
0.017410750855086147,0.0
0.022132015344551823,0.0
0.007795362712021784,0.0
0.003325842702248477,0.0377358490566037
0.028447858994958306,0.0
0.020850234513415833,0.0
0.018736207973442123,0.0
0.018558934286842868,0.0
0.04230398428190757,0.0
0.004918623326391886,0.0
0.0,0.0188679245283018
0.019783723023957603,0.0188679245283018
0.02753892914225004,0.0
0.024840415858262348,0.0
0.018488170609916185,0.0
0.021833461850257106,0.0
0.0,0.0
0.058533786953225315,0.0188679245283018
0.0,0.0
0.02175116661961294,0.0
0.014187650879121499,0.0
0.02397290896475962,0.0
0.01102172746637174,0.0377358490566037
0.022800335256854955,0.0377358490566037
0.028303399108139546,0.0
0.009594763500134194,0.0188679245283018
0.05281902698017409,0.0943396226415094
0.003998353770024002,0.0
0.01598362276838744,0.0
0.062941260737672,0.0
0.004910346286177933,0.0188679245283018
0.015055045385490696,0.0
0.0045834075889817924,0.0
0.01380530556669195,0.0
0.08279003779368431,0.0
0.018634736950798893,0.0377358490566037
0.09761480889101137,0.0
0.005467179008646206,0.0566037735849056
0.02443740496298811,0.0
0.0,0.0
0.0,0.0188679245283018
0.0016146253580987802,0.0
0.025883461857690866,0.0
0.017440612591322822,0.0
0.013518639118341686,0.0
0.02021574676131122,0.0
0.014275423065789647,0.0
0.012767001378869353,0.0754716981132075
0.0,0.0188679245283018
0.010777267203946487,0.0
0.02699126756920179,0.0
0.023612470057067535,0.0
0.017694905905053248,0.0
0.03599381078312136,0.0
0.004060594017982069,0.0
0.012807074765802683,0.0
0.0,0.0
0.04039796134050176,0.0
0.006936702423716756,0.0188679245283018
0.013616232879921867,0.0188679245283018
0.016920893365646686,0.0
0.03887735952212063,0.1320754716981132
0.03019183246208154,0.0
0.05770438819213995,0.0
0.0,0.0188679245283018
0.014619007557214203,0.0
0.00832905415792164,0.0
0.012455517496783404,0.0
0.017640263725516997,0.0188679245283018
0.0587384074562439,0.0
0.0010721045393292748,0.0
0.008546960506665606,0.0
0.0,0.0
0.0061623278349832895,0.0188679245283018
0.0385343716028,0.0
0.02398764095960467,0.0
0.029324912391130085,0.0188679245283018
0.03436047620524791,0.0
0.010452612066410023,0.0377358490566037
0.11139219859449344,0.0188679245283018
0.0,0.0188679245283018
0.02696945830564113,0.0
0.02702815675256444,0.0377358490566037
0.2149481461205695,0.0377358490566037
0.002094252635183164,0.0188679245283018
0.05116570566317515,0.0377358490566037
0.026119356402632625,0.0188679245283018
0.012962342856564432,0.0188679245283018
0.04491747939774209,0.0188679245283018
0.02050038295158284,0.0188679245283018
0.054694634341881695,0.0
0.023402587315864913,0.0188679245283018
0.0764987280760231,0.0188679245283018
0.01233614997006673,0.0188679245283018
0.020802145239929844,0.0377358490566037
0.01591655823376193,0.0
0.008148038300076259,0.0
0.0013001725229905652,0.0188679245283018
0.014642503356115872,0.0
0.07725715158380364,0.0
0.04633771043382365,0.0188679245283018
0.002318951306596824,0.0
0.08585601896696585,0.0
0.01637092422227201,0.0
0.024111071372222185,0.0
0.017165190334399776,0.0
0.014144717575335215,0.0
0.01669619582344427,0.0188679245283018
0.007117611090047417,0.0
0.011136443267861947,0.0377358490566037
0.021985864833964277,0.0
0.005005485382325122,0.0188679245283018
0.04054010815216627,0.0188679245283018
0.01586486973829223,0.0188679245283018
0.0,0.0188679245283018
0.00969289020295831,0.0754716981132075
0.016012049829301184,0.0188679245283018
0.0472181335175693,0.0
0.021027397852426057,0.0188679245283018
0.032077950326616825,0.0
0.023213173056972045,0.0
0.009034688011327724,0.0188679245283018
0.0362464657183609,0.0
0.011066520231813152,0.0188679245283018
0.02422440334832855,0.0
0.0117811115230121,0.0188679245283018
0.027715820442709836,0.0
0.0005969776381502853,0.0
0.016025434340327827,0.0
0.05838728400221706,0.0
0.03958932436643099,0.0
0.02493543263476459,0.0
0.018863595721900342,0.0377358490566037
0.03365006925005226,0.0188679245283018
0.02914594625308539,0.0
0.04729992834850149,0.0188679245283018
0.00789655140549221,0.0
0.008958344715833165,0.0
0.01583464889607977,0.0188679245283018
0.04227580949879736,0.0377358490566037
0.03168826258944744,0.0566037735849056
0.01521530973074014,0.0188679245283018
0.009698455575416999,0.0
0.006210210525958697,0.0188679245283018
0.026130438584624646,0.0
0.0359600719982733,0.0
0.005269107493537232,0.0188679245283018
0.009040893604666273,0.0
0.013347760192403977,0.0188679245283018
0.00019556597816191144,0.0188679245283018
0.019076376324145057,0.0
0.10761507715105026,0.0
0.030621869072257696,0.0188679245283018
0.02215551900979227,0.0188679245283018
0.015139299628821502,0.0
0.03743531952464569,0.0
0.00942502770672708,0.0377358490566037
0.0036248720702752118,0.0
0.0,0.0188679245283018
0.019229037310721855,0.0
0.02808237695090423,0.0
0.014058827174611438,0.0
0.02042854594127976,0.0377358490566037
0.04062762859102188,0.0
0.019799140729143485,0.0188679245283018
0.021235693842417986,0.0188679245283018
0.005349513538167261,0.0
0.009840321312483458,0.0188679245283018
0.017193965454254653,0.0
0.021262639437188043,0.0
0.02744752513311284,0.0
0.014020148898257732,0.0188679245283018
0.006940412081822038,0.0
0.005020736412868625,0.0
0.014476324281009697,0.0
0.014130098316667292,0.0188679245283018
0.023788679671448754,0.0
0.03340840108513332,0.0
0.0002407469620008323,0.0
0.036608988573269274,0.0
0.03293786821312736,0.0
0.026049720293410544,0.0377358490566037
0.014531237995184364,0.0
0.02062090098006213,0.0
0.00858169089569195,0.0377358490566037
0.01664283421715373,0.0188679245283018
0.02945416225033573,0.0
0.04558687158486989,0.0
0.024995951774524676,0.0
0.005872096443425096,0.0
0.014090139511154998,0.0188679245283018
0.038197907720403164,0.0188679245283018
0.007568599596484682,0.0188679245283018
0.023418152030433726,0.0
0.050610284988309,0.0
0.026102397784636272,0.0377358490566037
0.041676684555380865,0.0
0.09084667286204189,0.0188679245283018
0.013543317885482601,0.0
0.009764996284883727,0.0
0.007698425946688309,0.0188679245283018
0.012262426882013431,0.0188679245283018
0.005482485559079413,0.0
0.0,0.0
0.003429589817138221,0.0
0.006851672898152395,0.0
0.0030204797367240767,0.0
0.017272596888638816,0.0
0.011590361049713343,0.0
0.016458900926903483,0.0
0.06937077392908096,0.0
0.021964255325457434,0.0188679245283018
0.0377078649816187,0.0
0.006141039445950717,0.0188679245283018
0.022236442943699905,0.0
0.009122464911906951,0.0
0.041292808304256065,0.0
0.010456894213661538,0.0
0.020251549313325602,0.0
0.02192895338910977,0.0188679245283018
0.01820562351886463,0.0
0.021778873515282855,0.0
0.009970847665805435,0.0
0.014144564691024972,0.0
0.021721645167366792,0.0
0.016226267137003637,0.0188679245283018
0.02119799209530781,0.0
0.00941507889234111,0.0
0.012905723678513201,0.0
0.05788578784033027,0.0188679245283018
0.007716950248022311,0.0
0.0,0.0
0.009601999996773537,0.0
0.017319288605106245,0.0
0.0062137857434804225,0.0
0.011464275312305544,0.0
0.021769150459583372,0.0
0.0,0.0
0.022658546876457894,0.0
0.010268059697184168,0.0
0.03410732328642466,0.0
0.013105491397690617,0.0
0.016690589269557788,0.0
0.010444210353870033,0.0
0.009994683748462104,0.0
0.02407531648424968,0.0
0.01423783586954469,0.0
0.016135735470210657,0.0
0.003418298023927796,0.0
0.017241378457363052,0.0
0.022128046030696617,0.0754716981132075
0.0,0.0
0.011288073182714905,0.0188679245283018
0.018682186944656162,0.0188679245283018
0.017697435673869152,0.0
0.02055744390890072,0.0
0.007164905131870767,0.0
0.015326231911180285,0.0
0.028496184871231692,0.0188679245283018
0.03458626446498658,0.0
0.01877796054288943,0.0188679245283018
0.01273391228766471,0.0
0.0467612209443839,0.0
0.01944121686462629,0.0377358490566037
0.0515616305389247,0.0
0.005535999533303209,0.0
0.029643472041489604,0.0188679245283018
0.021292522285077425,0.0
0.019925183684698106,0.0
0.004809614918821514,0.0188679245283018
0.062123997477994526,0.0188679245283018
0.02790579178631387,0.0188679245283018
0.012438465889318913,0.0
0.01612295927785786,0.0188679245283018
0.046080538723652024,0.0
0.03250328100194176,0.0
0.017554283192530048,0.0
0.0041064067010517635,0.0188679245283018
0.03491514636419758,0.0188679245283018
0.0183487811389077,0.0
0.01651436769853159,0.0
0.009534679124275828,0.0
0.024793873580918634,0.0
0.030605321809585192,0.0
0.02320810124411486,0.0188679245283018
0.028324134774205208,0.0
0.013149834793368852,0.0377358490566037
0.028658209006091267,0.0377358490566037
0.03985009355308087,0.0
0.03640991027481205,0.0
0.03399396636735462,0.0377358490566037
0.03556175820970499,0.0
0.021274443848495497,0.0
0.005853213022004022,0.0
0.009822999213672662,0.0188679245283018
0.0,0.0
0.02885402210631686,0.0566037735849056
0.012762860404268248,0.0188679245283018
0.05717993703011462,0.0188679245283018
0.008435775599363217,0.0188679245283018
0.009213290584273595,0.0188679245283018
0.018825468000465244,0.0
0.015471668271784176,0.0
0.002433956910437672,0.0
0.009415602639251857,0.0
0.0031690162459826195,0.0377358490566037
0.0059072767470389155,0.0188679245283018
0.0026603957930461395,0.0188679245283018
0.008733791365731405,0.0
0.001669091542725843,0.0
0.0010220715447755192,0.0
0.01102172746637174,0.0
0.021054164051562956,0.0188679245283018
0.009597474021235366,0.0
0.0026756287625547825,0.0188679245283018
0.010622751490324702,0.0
0.006694282500775679,0.0
0.030781031540623206,0.0
0.020341883660667852,0.0188679245283018
0.030089355991185545,0.0
0.06449196007492243,0.0188679245283018
0.006311641044110571,0.0377358490566037
0.009335602751726086,0.0377358490566037
0.013421278028057,0.0
0.006904978862629839,0.0188679245283018
0.00941507889234111,0.0
0.11382144464216476,0.0
0.017597293901533587,0.0
0.019370046367285156,0.0
0.011382568766725557,0.0
0.0,0.0566037735849056
0.00540521115261702,0.0188679245283018
0.01440011602765109,0.0
0.005843947966547948,0.0188679245283018
0.014160651871364617,0.0377358490566037
0.0366153322521022,0.0
0.01838864604151954,0.0
0.01481593277601836,0.0377358490566037
0.02540712897939745,0.0188679245283018
0.01660716991629919,0.0
0.015259030894416433,0.0188679245283018
0.054528041300603305,0.0
0.03401528318350148,0.0
0.004872761798515737,0.0566037735849056
0.009091179856738069,0.0
0.027784111446474687,0.0
0.013110244536142322,0.0
0.01059855963205614,0.0377358490566037
0.029525343130122336,0.0754716981132075
0.030616209091782486,0.0
0.05416820908720993,0.0377358490566037
0.03721576221484821,0.0
0.0006496286529475261,0.0754716981132075
0.028785294377205083,0.0
0.0023942313224045,0.0188679245283018
0.07753612730988313,0.0
0.06414465479570267,0.0566037735849056
0.13284631890579462,0.0
0.019922281932299453,0.0
0.01826172690024436,0.0377358490566037
0.03309161291322338,0.0188679245283018
0.013959504050196282,0.0
0.034051741642654135,0.0
0.010452491363519263,0.0188679245283018
0.04935335963448135,0.0566037735849056
0.012096191383032905,0.0188679245283018
0.07462866016532485,0.0377358490566037
0.041900419044067216,0.0566037735849056
0.005964004117887169,0.0188679245283018
0.028397523159809764,0.0188679245283018
0.046554600673583246,0.0566037735849056
0.053424249680000604,0.1886792452830188
0.010578549601958705,0.0188679245283018
0.012218859393806755,0.0
0.010384491441062692,0.0
0.021652191167955005,0.0
0.026652485540702202,0.0188679245283018
0.03619699400108036,0.0566037735849056
0.04491880385281691,0.0
0.01828498940661248,0.0188679245283018
0.005413271915542186,0.0
0.004800901923247592,0.0566037735849056
0.05731930066416401,0.1132075471698113
0.01223312500096802,0.0377358490566037
0.009085085314716688,0.0
0.00775227958463502,0.0
0.01264499934500877,0.0
0.018225598744161936,0.0
0.03084542992377856,0.0
0.00457504114218479,0.0
0.009436876883472597,0.0188679245283018
0.017765835303840793,0.0
0.001434837921898486,0.0188679245283018
0.015976957552962287,0.0377358490566037
0.032246299950206246,0.0
0.03721882564329291,0.0
0.08154649383755784,0.0
0.00017402719916114091,0.0
0.014436535789620543,0.0
0.015578802854550836,0.0
0.057790438010772396,0.0
0.05495580466547308,0.0377358490566037
0.009932470557344395,0.0
0.01224325051083907,0.0
0.028199572091604088,0.0
0.013957945596434082,0.0754716981132075
0.009195113350521618,0.0943396226415094
0.0,0.0566037735849056
0.07116491075155361,0.0
0.005261307613225451,0.0
0.037357103977386424,0.0754716981132075
0.03914291948358972,0.0754716981132075
0.06355044267768152,0.0188679245283018
0.001904092996772615,0.0
0.2014421232693086,0.0377358490566037
0.17976562446837557,0.0377358490566037
0.033237562598173634,0.0188679245283018
0.01266047353775275,0.0
0.07225916099689676,0.0566037735849056
0.015366027118204265,0.0188679245283018
0.028308418535056046,0.0566037735849056
0.006344734662872394,0.0566037735849056
0.027757260451636918,0.0754716981132075
0.04693086641453159,0.0377358490566037
0.02623441993119602,0.0
0.0058415947250885555,0.0
0.0,0.0377358490566037
0.030626415249522237,0.0
0.015039064318297065,0.0377358490566037
0.09827449330912325,0.0377358490566037
0.09788956325611546,0.0566037735849056
0.047148257279445285,0.0188679245283018
0.0,0.0
0.02682032407482734,0.0377358490566037
0.0015226238482752318,0.0566037735849056
0.039011205048502154,0.0
0.01814194285244972,0.0188679245283018
0.04593717140749694,0.0188679245283018
0.36512721304486717,0.0188679245283018
0.05574864018154985,0.0188679245283018
0.06690380826853569,0.0
0.016115695919886142,0.0
0.15832265773588133,0.0
0.024249176739333248,0.0566037735849056
0.02632987472558417,0.0
0.06784952712047829,0.0
0.11477622951862335,0.0188679245283018
0.10221884292771867,0.0188679245283018
0.15260249150029442,0.0
0.016686615654789586,0.0
0.010208049240521185,0.0
0.08359954782825199,0.0
0.06401251626901991,0.0188679245283018
0.0,0.0
0.013579943268487236,0.0188679245283018
0.011337535531851834,0.0377358490566037
0.008178340138853473,0.0
0.030805834309196194,0.0
0.03443714617848109,0.0377358490566037
0.01358756833708994,0.0
0.03106882986200333,0.0
0.019523059686061047,0.0188679245283018
0.03581972498917455,0.0
0.0,0.0
0.020374377014557354,0.0
0.015829484614294575,0.0188679245283018
0.007821558608967796,0.0
0.11251359449668696,0.0566037735849056
0.09481219006617912,0.0
0.023495174354760236,0.0
0.054345801627588605,0.0566037735849056
0.03491122800172279,0.0188679245283018
0.007808860564504638,0.0377358490566037
0.03461157579906027,0.0188679245283018
0.01973209524576569,0.0
0.06260538752855174,0.0
0.010224680413943203,0.0188679245283018
0.03326102721588774,0.0
0.04476459708053405,0.1320754716981132
0.040389936366008364,0.0
0.022919281745489378,0.0377358490566037
0.023270754723386154,0.0
0.030742634895017096,0.0188679245283018
0.01714481199772398,0.0
0.025279995712502584,0.0
0.014025457756309216,0.0
0.06932515127137809,0.0377358490566037
0.022838667666072014,0.0188679245283018
0.0014214510361965915,0.0
0.03360629594071019,0.0566037735849056
0.0,0.0
0.05263287804818435,0.0
0.005628055796300954,0.0188679245283018
0.004030574178013821,0.0377358490566037
0.0,0.0
0.013283523107652902,0.0
0.045991628244289005,0.1132075471698113
0.011812344261515884,0.0377358490566037
0.03963714659096381,0.0377358490566037
0.0,0.0188679245283018
0.013917203601970301,0.0
0.02262705843147312,0.0943396226415094
0.022497558368430093,0.0
0.043533858396713275,0.0188679245283018
0.0001021607335156792,0.0188679245283018
0.053802647099373505,0.0
0.014022856125599286,0.0188679245283018
0.09318504941499234,0.0943396226415094
0.043213845346687554,0.0754716981132075
0.007244513658423868,0.1132075471698113
0.012402187672203559,0.0377358490566037
0.04680308829990244,0.0188679245283018
0.02589979612504433,0.0188679245283018
0.08551099579208281,0.0566037735849056
0.007834355767501817,0.0377358490566037
0.03241196766769087,0.0566037735849056
0.035141728998329014,0.0566037735849056
0.02028894678959071,0.0
0.010807461666506138,0.0377358490566037
0.009396497358703633,0.0
0.05640586013529018,0.0188679245283018
0.03508963688522896,0.0
0.13744022197164718,0.0943396226415094
0.01792069359627137,0.0
0.059302847242170525,0.0754716981132075
0.03540186360644662,0.0377358490566037
0.011719083279208658,0.0
0.04774594072330596,0.0377358490566037
0.00691610036926456,0.0
0.009556027737706687,0.0
0.007277036086413199,0.0
0.06769914869865899,0.1509433962264151
0.03971394532723041,0.0377358490566037
0.07652520777664033,0.1132075471698113
0.03768790673398231,0.0566037735849056
0.014627195780266434,0.0188679245283018
0.06853037860642876,0.1132075471698113
0.01919819590859722,0.0754716981132075
0.0370046569016663,0.0566037735849056
0.038881176400628006,0.0
0.03814351489674589,0.0
0.04212648528732943,0.0
0.0,0.0
0.01355507276932847,0.0
0.022611604079872425,0.0
0.027604002075672762,0.1509433962264151
0.03199219001417374,0.0
0.009800787480931293,0.0188679245283018
0.006266961826243426,0.0
0.03032268350744682,0.0754716981132075
0.015369388927901188,0.0
0.026873306514013415,0.0188679245283018
0.04521454111187161,0.0
0.021033904641449632,0.0
0.04268904617493712,0.1132075471698113
0.03887977518645429,0.0
0.01751630776095575,0.0377358490566037
0.0019498083935784699,0.0188679245283018
0.04338765913201962,0.0188679245283018
0.07730937830748734,0.0
0.02731172504703055,0.0188679245283018
0.03679510965063833,0.1320754716981132
0.0035943042663460763,0.0
0.02114129448245714,0.0
0.13069372572724205,0.0943396226415094
0.03669056879958352,0.0188679245283018
0.0077739673387310125,0.0
0.09879476727191654,0.0566037735849056
0.14647596337637941,0.5660377358490566
0.03257603537487668,0.0
0.061512521487004236,0.0377358490566037
0.013980319008396398,0.0
0.0897655639720521,0.0754716981132075
0.09803036997517305,0.0377358490566037
0.06516660271664841,0.0943396226415094
0.014133216234003543,0.0188679245283018
0.21257912816713723,0.0188679245283018
0.02384095465482808,0.2075471698113207
0.05794845677866877,0.0754716981132075
0.013985390688148629,0.1132075471698113
0.03331033285265413,0.0
0.012006946749297361,0.0
0.037612084164197084,0.0377358490566037
0.030392083492160615,0.0754716981132075
0.010363400705518985,0.0377358490566037
0.01211730918877334,0.0188679245283018
0.016970681327131126,0.0
0.019405222896748446,0.0
0.04104709313339284,0.0
0.04181942884264439,0.0
0.006681311311796016,0.0
0.0,0.0188679245283018
0.004735073191129574,0.0377358490566037
0.045721443127357736,0.0
0.01879377632857573,0.0188679245283018
0.013283383152735317,0.0
0.0,0.0
0.011245953698308395,0.0377358490566037
0.040678874470361864,0.0566037735849056
0.045075970302923846,0.0566037735849056
0.0,0.0566037735849056
0.16033373839258377,0.0566037735849056
0.03453376899158537,0.1698113207547169
0.014300452870060392,0.0
0.025678501213379477,0.0
0.009910677242635146,0.0
0.017961495515888964,0.0566037735849056
0.012679783722244818,0.0188679245283018
0.15932927634716193,0.0188679245283018
0.01602527631865428,0.0566037735849056
0.0,0.0
0.7059584136903603,0.0188679245283018
0.038836092927949414,0.0188679245283018
0.17425542495484192,0.0377358490566037
0.024667099465612227,0.0
0.05367125443558045,0.0
0.04340741609097427,0.0
0.1720304595740963,0.0
0.0434879739120212,0.0943396226415094
0.07749410646303889,0.1320754716981132
0.033771606421040816,0.0754716981132075
0.03214232186002779,0.0
0.019353409328807518,0.0188679245283018
0.040009742441842654,0.0943396226415094
0.028475354525164958,0.0754716981132075
0.015869170471333807,0.0377358490566037
0.014797541328370294,0.0
0.03998711787678671,0.1132075471698113
0.021925718385251015,0.0
0.023849216801571236,0.0377358490566037
0.1374834061588207,0.0377358490566037
0.014734497833662534,0.0188679245283018
0.012381123389823487,0.0
0.04251121074344684,0.0
0.015776772965936894,0.0
0.010274496365746094,0.0
0.0350393119812272,0.1320754716981132
0.028742699310495303,0.0377358490566037
0.022168385191856488,0.0754716981132075
0.09362176233294285,0.0566037735849056
0.06402975146631805,0.0377358490566037
0.008959418452624214,0.0
0.06792596456999328,0.0566037735849056
0.0802497259351664,0.0377358490566037
0.004318205667957505,0.0
0.0933160030835486,0.2452830188679245
0.06038968496652753,0.1132075471698113
0.0403161969234037,0.0566037735849056
0.032609654141218705,0.0943396226415094
0.0,0.0
0.015800392656495216,0.0
0.03425673311345166,0.0188679245283018
0.0,0.0
0.2164080877846096,0.0377358490566037
0.046000805834619796,0.0943396226415094
0.014031302282608078,0.0
0.01053585886272951,0.0
0.01924834240170288,0.0377358490566037
0.16479635715804913,0.0943396226415094
0.01775942443749879,0.0377358490566037
0.030549235344540234,0.0
0.05876019367467868,0.0
0.004812502046978947,0.0
0.024591255553437434,0.0
0.010227119008785875,0.0188679245283018
0.0226509303569484,0.0
0.008120129558348637,0.0
0.005684702554184046,0.0754716981132075
0.02180838462056622,0.0377358490566037
0.020525336721771814,0.0
0.021508696666267518,0.0566037735849056
0.03280844030266637,0.0566037735849056
0.06390281308508308,0.0188679245283018
0.028046020828046633,0.0
0.010788787536163453,0.0
0.021583797966614502,0.0
0.010628501124509302,0.0
0.044929670483611565,0.0377358490566037
0.011680185097330776,0.0188679245283018
0.07157229830939453,0.0
0.11470239377763798,0.0
0.020160361920788804,0.0
0.04891051081476504,0.0
0.11785373827164713,0.0
0.03989298246506407,0.0
0.022812180869035907,0.0
0.023468754208627072,0.0
0.0295524813293556,0.0377358490566037
0.04155124465029907,0.0
0.028677483861908888,0.0188679245283018
0.02482465767992318,0.0377358490566037
0.0491322812651897,0.0
0.12211461061516378,0.0188679245283018
0.07740719853659336,0.0188679245283018
0.04611992932467644,0.0377358490566037
0.009165897145809268,0.0
0.037715306072483995,0.0
0.04691153388156489,0.0
0.03769541129408288,0.0566037735849056
0.05551321013199324,0.0188679245283018
0.052461556850109343,0.0
0.02944235595135938,0.0188679245283018
0.031676337087769686,0.0
0.01231772120638163,0.0566037735849056
0.056614015309090965,0.0377358490566037
0.07917484253950326,0.0
0.02989005361895719,0.0188679245283018
0.001683461120671404,0.0
0.03832310479964734,0.0754716981132075
0.014169785566226112,0.0188679245283018
0.003048502779898307,0.0188679245283018
0.06685541580276307,0.0566037735849056
0.014058827174611438,0.0
0.012538891398399737,0.0
0.028347246808757012,0.0566037735849056
0.011898661579193124,0.0
0.012393919348925336,0.0
0.01686988181232904,0.0
0.01174714941102977,0.0566037735849056
0.07842821489603624,0.0
0.03924122979750662,0.0
0.005726386572074908,0.0
0.020457566521582846,0.0188679245283018
0.004422392801432143,0.0566037735849056
0.020913599867062725,0.0188679245283018
0.027265036749653082,0.0377358490566037
0.0,0.0566037735849056
0.0,0.0377358490566037
0.014371705318352593,0.0
0.03635158843071611,0.0377358490566037
0.06941082319019061,0.0
0.04193340681812316,0.0
0.023095476114457184,0.0188679245283018
0.003926518737592578,0.0188679245283018
0.004278820241874431,0.0
0.04621664791521752,0.0566037735849056
0.034422442279353836,0.0
0.02171606270186956,0.0
0.023220801552908992,0.0188679245283018
0.004113786381290082,0.0188679245283018
0.0,0.0
0.0018450972740041908,0.0
0.027276949966937407,0.0377358490566037
0.026575079913839252,0.0
0.08949769127419316,0.0566037735849056
0.0013703078369694073,0.0
0.019458157388332908,0.0
0.02198388581083771,0.0566037735849056
0.021526412251251775,0.0754716981132075
0.0025710136491749885,0.0566037735849056
0.015368350380967552,0.0
0.0001597318805086484,0.0566037735849056
0.0,0.0377358490566037
0.0077085624882038874,0.0188679245283018
0.009066419040061365,0.0
0.04370862234542791,0.0188679245283018
0.017915202971602078,0.0
0.0,0.0
0.012789160248503894,0.0188679245283018
0.024574337343801076,0.0188679245283018
0.0,0.0188679245283018
0.02665658845253182,0.0
0.014382757988287516,0.0188679245283018
0.024279482715211458,0.0
0.007852656440888436,0.0377358490566037
0.018075562135102172,0.0
0.009983546288842581,0.0
0.0,0.0
0.04619213594705232,0.0
0.023991369178778428,0.0566037735849056
0.03705482232014533,0.0377358490566037
0.021075664740472563,0.0
0.09594340965174206,0.0
0.008914165235698867,0.0377358490566037
0.008248814549019094,0.0
0.020225827848726383,0.0754716981132075
0.0912570046179217,0.0
0.020393038137486722,0.0188679245283018
0.005740013848482339,0.0377358490566037
0.01900741929971293,0.0
0.0,0.0
0.07329534225479291,0.0377358490566037
0.006719090311183863,0.0
0.0007290680603015444,0.0
0.03531726120029061,0.0377358490566037
0.03247360262871105,0.0188679245283018
0.0034082143129424668,0.0
0.023478060547689215,0.0
0.01666990189489898,0.0188679245283018
0.009940078836749957,0.0188679245283018
0.009114226193259856,0.0
0.005375590626024991,0.0
0.057098430943591585,0.0
0.026523887647063583,0.0
0.009960750776013728,0.0377358490566037
0.03646944469775058,0.0188679245283018
0.02120451444731306,0.0188679245283018
0.010019824751628392,0.0377358490566037
0.01741336346985383,0.0
0.10368816184110186,0.0
0.03231781943599133,0.0188679245283018
0.025761805648654372,0.0188679245283018
0.06542203508725421,0.0188679245283018
0.013636844504186688,0.0
0.00942502770672708,0.0377358490566037
0.036344460131548226,0.0188679245283018
0.008248766833206599,0.0188679245283018
0.18097438717610528,0.0
0.01947713164719866,0.0
0.04127625666409562,0.0188679245283018
0.02438615600896585,0.0
0.01864278837830423,0.0566037735849056
0.01114660608669814,0.0
0.03532795515736567,0.0
0.00400333008290269,0.0
0.09199887454275481,0.0
0.009112727360251018,0.0
0.0372755891630323,0.0
0.0038367325790781277,0.0
0.005593703520916982,0.0
0.0,0.0188679245283018
0.013485510354964956,0.0
0.004297156403329681,0.0
0.01236138393029618,0.0
0.01575187003676264,0.0
0.004980716039910333,0.0
0.02639805670842974,0.0
0.016346353267944664,0.0
0.006661107888241254,0.0
0.031070295363079637,0.0
0.00845843997091229,0.0377358490566037
0.0,0.0
0.02248244517796267,0.0
0.026609335860747343,0.0
0.009173026617852301,0.0
0.01672461165080923,0.0
0.10975783038443135,0.0
0.014130098316667292,0.0
0.0,0.0
0.0047003770351285515,0.0188679245283018
0.011966617720001281,0.0
0.01078680573911246,0.0
0.044012264444600914,0.0
0.020254099746142666,0.0
0.006510758182625116,0.0
0.028753085637982775,0.0
0.02824537123981734,0.0
0.0,0.0
0.014146472928758322,0.0188679245283018
0.0,0.0377358490566037
0.03142824916459026,0.0188679245283018
0.006807191906724677,0.0188679245283018
0.035792369185504797,0.0
0.021263707517081353,0.0
0.007343167042077632,0.0188679245283018
0.025800005954666735,0.0
0.014965965848124135,0.0
0.025679291575567233,0.0188679245283018
0.012946691537043867,0.0188679245283018
0.04449314122077001,0.0188679245283018
0.003174424439102196,0.0
0.0918263127427015,0.0
0.01359107009091093,0.0
0.09967630841066152,0.0
0.009420460727275905,0.0188679245283018
0.010864041737914129,0.0
0.029678464245771665,0.0188679245283018
0.018870187886452817,0.0
0.028191196499860672,0.0
0.020531166521902924,0.0
0.0,0.0188679245283018
0.004148539394389767,0.0188679245283018
0.0027254001396433162,0.0
0.028000668920033615,0.0
0.017252284718449334,0.0
0.016185290907673892,0.0754716981132075
0.004735073191129574,0.0
0.013606572983195718,0.0188679245283018
0.036645174655485,0.0
0.035513566961937894,0.0
0.005670431572143035,0.0
0.0,0.0
0.02561963906270731,0.0377358490566037
0.014214518350422109,0.0188679245283018
0.00826172077394724,0.0377358490566037
0.0,0.0
0.014506018975807618,0.0
0.0598848278846752,0.0188679245283018
0.0,0.0188679245283018
0.011919835999455673,0.0
0.011485180957817951,0.0
0.0,0.0377358490566037
0.011908307204985572,0.0377358490566037
0.006130688134657696,0.0
0.019967338056402432,0.0
0.007902024188187418,0.0188679245283018
0.019715365807872268,0.0
0.02498390938769495,0.0
0.010311354503484915,0.0
0.020209534966123894,0.0
0.02196720108757009,0.0
0.01364812089934143,0.0377358490566037
0.011694149514432227,0.0188679245283018
0.015400838471400455,0.0
0.05762100145671405,0.0
0.0,0.0188679245283018
0.018393722508570985,0.0566037735849056
0.025087718650973007,0.0
0.0025741290343729104,0.0188679245283018
0.056859633887577817,0.0188679245283018
0.0,0.0
0.07354734446591372,0.0188679245283018
0.01515794057830525,0.0
0.07632639276878479,0.0
0.012931706934185088,0.0188679245283018
0.07600402779945609,0.0377358490566037
0.004001263790253964,0.0
0.0,0.0188679245283018
0.030863752336617895,0.0188679245283018
0.01965093491176433,0.0
0.013255846400607955,0.0
0.005164912572308009,0.0566037735849056
0.014060132067553091,0.0188679245283018
0.019273091320577865,0.0
0.0,0.0566037735849056
0.01517885469934275,0.0377358490566037
0.028845646718717897,0.0377358490566037
0.023086529088161632,0.0
0.001264257973405752,0.0188679245283018
0.10884639226518197,0.1132075471698113
0.007964097499532651,0.0
0.06627888854732712,0.0
0.20885532892616404,0.0188679245283018
0.027757168743351355,0.0188679245283018
0.0036495981147286888,0.0188679245283018
0.006382744619698394,0.0377358490566037
0.013263099289985463,0.0188679245283018
0.010794291844805957,0.0
0.04823797801170861,0.0
0.010297767114590614,0.0
0.04718880548341572,0.0566037735849056
0.022189938594735482,0.0
0.0024150812047006535,0.0377358490566037
0.006028914202607106,0.0
0.0018902927271847788,0.0
0.02886255391975806,0.0188679245283018
0.021844929505242826,0.0
0.02802965919228441,0.0188679245283018
0.03129945864648246,0.0943396226415094
0.001311920344278647,0.0
0.006237804843072953,0.0188679245283018
0.02519258083047966,0.0188679245283018
0.01745909341926671,0.0
0.021050144721990623,0.0943396226415094
0.009738069763475177,0.0
0.019657180384293968,0.0
0.012989632119209437,0.0
0.020895567286658943,0.0
0.016331407467317045,0.0188679245283018
0.022053014061908696,0.0
0.16903310719680886,0.0754716981132075
0.012275545702727299,0.0
0.005461775846724175,0.0
0.00031558737122305445,0.0
0.029727472320453602,0.0
0.04564274238204232,0.0377358490566037
0.07569161338957148,0.0
0.04831051949986607,0.0188679245283018
0.014377665323642678,0.0754716981132075
0.07917166904945018,0.0188679245283018
0.03936212671404261,0.0377358490566037
0.007961282111768919,0.0
0.009865941332404137,0.0188679245283018
0.0,0.0377358490566037
0.00643722671012349,0.0
0.022463898368328662,0.0188679245283018
0.057312516977871444,0.0
0.029059077182580717,0.0
0.005519283721271827,0.0188679245283018
0.012809314005995567,0.0
0.01610841529938189,0.0
0.010408206474584,0.0
0.060742898570146496,0.0377358490566037
0.04562030728991065,0.0377358490566037
0.05163375733661832,0.0
0.03722295928234294,0.0
0.011864400765953012,0.0188679245283018
0.02240658498260798,0.0
0.0217106437823807,0.0
0.00929551735738702,0.0
0.06300312642395464,0.0188679245283018
0.18859040900473037,0.0377358490566037
0.020632314368899313,0.0
0.05571819891827611,0.0
0.03320485826239308,0.0
0.022740063196966195,0.0188679245283018
0.03373257819876911,0.0
0.011229146683461538,0.0
0.025766083550478304,0.0
0.01303697422700713,0.0377358490566037
0.031113292932820853,0.0
0.055369571149948976,0.0
0.006581588098975466,0.0
0.020533429564833575,0.1132075471698113
0.010696626006304553,0.0
0.01387713054260634,0.0
0.0,0.0
0.01656207069821301,0.0566037735849056
0.022110639809102935,0.0188679245283018
0.004890251824679346,0.0
0.01412351972981737,0.0
0.010323001854124523,0.0
0.032478031607121385,0.0
0.06098358370193172,0.0
0.007165855118601578,0.0
0.0008925098518425224,0.0
0.013447444700851675,0.0
0.033604991804925204,0.0188679245283018
0.029229840437258882,0.0
0.02615782139390329,0.0
0.030860137938905997,0.0
0.029521183289594834,0.0
0.005287098143112665,0.0
0.06306683177340522,0.0188679245283018
0.027778301896593235,0.0
0.019081475685291702,0.0
0.0,0.0
0.012928748601249374,0.0
0.035952386221079824,0.0
0.006890316479581113,0.0
0.0183008384542031,0.0377358490566037
0.009428889633276922,0.0
0.01650318998986718,0.0
0.01849012877033683,0.0
0.012740226511983498,0.0
0.005373193670370539,0.0188679245283018
0.011944052482495008,0.0
0.011312557875046793,0.0188679245283018
0.038464522022977836,0.0
0.019148696137913878,0.0
0.0,0.0
0.01628389800713099,0.0
0.012511075378965609,0.0
0.030265710422953018,0.0188679245283018
0.009430630319375745,0.0188679245283018
0.052617166546229,0.0377358490566037
0.03308604535672196,0.0
0.010945382875746845,0.0
0.018869041399437424,0.0188679245283018
0.007611821569298337,0.0188679245283018
0.008653118572349603,0.0
0.0011015190048045596,0.0
0.0014039465548869215,0.0188679245283018
0.02370270598280882,0.0
0.008504627362359497,0.0
0.0,0.0
0.03825992974731127,0.0
0.01754689640901539,0.0188679245283018
0.02781518836317908,0.0188679245283018
0.019709600753117673,0.0
0.008053086579797449,0.0
0.009121583306867753,0.0
0.0,0.0188679245283018
0.01886773337374364,0.0
0.019681834748302807,0.0
0.02336590426168334,0.0188679245283018
0.002972704274609054,0.0188679245283018
0.017934179677828465,0.0
0.11983396505181075,0.1320754716981132
0.009442508830835075,0.0
0.011238332862011337,0.0188679245283018
0.0022515041210307714,0.0
0.06002638535366703,0.0
0.010597965681003699,0.0
0.0063734042252864736,0.0
0.008498887419181107,0.0
0.04088750943918552,0.0
0.016203375857571832,0.0
0.04173978163253589,0.0
0.010266076633395965,0.0
0.07608945973397058,0.0
0.022896082449257293,0.0
0.0,0.0188679245283018
0.017635206111768276,0.0188679245283018
0.019586828370145547,0.0
0.016770971455068496,0.0
0.025534695826166895,0.0
0.0031839719909429604,0.0188679245283018
0.0,0.0
0.007225567620607427,0.0
0.015387387573508783,0.0377358490566037
0.00728003087747802,0.0
0.06640310586974243,0.0754716981132075
0.02457152703122107,0.0
0.012361415546200242,0.0
0.0,0.0
0.0320110250928043,0.0
0.05442417945746933,0.0
0.05316774704365328,0.0
0.0,0.0
0.0,0.0188679245283018
0.026464877711364028,0.0
0.06596458337284535,0.0754716981132075
0.01649310508359626,0.0
0.010871127549573078,0.0188679245283018
0.03610834024012695,0.0
0.009442508830835075,0.0
0.00011618683866566502,0.0
0.021837310688053724,0.0
0.0,0.0188679245283018
0.05304749232985128,0.0
0.11198420448332458,0.0
0.017734394046819084,0.0
0.012853692915081658,0.0
0.0013022976746712256,0.0
0.028683050689615682,0.0
0.025998676053100227,0.0566037735849056
0.01542523098873773,0.0
0.053019211640852125,0.0
0.03157751055500326,0.0188679245283018
0.0,0.0188679245283018
0.022798662552391748,0.0
0.0,0.0
0.016643238645015337,0.0188679245283018
0.019137980252535425,0.0
0.0,0.0
0.010734045371784861,0.0
0.005248961981042933,0.0566037735849056
0.024615811341524404,0.0188679245283018
0.009099837180000729,0.0377358490566037
0.04372746979192532,0.0377358490566037
0.023131394612291058,0.0566037735849056
0.0,0.0188679245283018
0.016173414537364327,0.1132075471698113
0.015167071632949707,0.0754716981132075
0.028816127499745624,0.0
0.0531020100141841,0.0
0.0,0.0
0.07342606324530246,0.0
0.048205962837156696,0.0188679245283018
0.01305138829802201,0.0
0.0277870162756517,0.0188679245283018
0.01682453765428975,0.0
0.06619571782757983,0.0377358490566037
0.005678621326233834,0.0
0.05645818727197587,0.0
0.013563722471962907,0.0
0.0,0.0
0.018506729024814504,0.0566037735849056
0.024407983498254387,0.0
0.005553760268639846,0.0
0.015485309614011065,0.0188679245283018
0.02237573139401986,0.0
0.022970311430282556,0.0188679245283018
0.03969827355687448,0.0
0.1263493333603066,0.0
0.0222932655497516,0.0566037735849056
0.00493111698745443,0.0188679245283018
0.05628793208797712,0.0
0.021592138001518008,0.0
0.003061632143650461,0.0
0.03818521424215306,0.0
0.021910393825492973,0.0
0.007496376889415337,0.0
0.03034886103439808,0.0566037735849056
0.03876034436969093,0.0188679245283018
0.013277202516720028,0.0
0.0,0.0188679245283018
0.004410667018986535,0.0188679245283018
0.017078800403772517,0.0188679245283018
0.004293244968918724,0.0
0.01681948572631865,0.0
0.013985764300443796,0.0
0.028382708518942833,0.0188679245283018
0.04528928593187336,0.0
0.0,0.0188679245283018
0.016584872510076537,0.0
0.004603671769869222,0.0
0.022772747193120755,0.0
0.06119084708262295,0.0
0.027773162701454124,0.0
0.03174773637768665,0.0566037735849056
0.04649241623290478,0.0
0.011506495676389854,0.0
0.014755061604700448,0.0
0.029090629843576386,0.0
0.03699212787580979,0.0188679245283018
0.011986343996611776,0.0188679245283018
0.01416993836977717,0.0377358490566037
0.00920084615677118,0.0188679245283018
0.030318231165779367,0.0
0.012869547653106798,0.0
0.009077720992113366,0.0
0.01091739258232802,0.0
0.05605655875163615,0.0
0.0013045155602613508,0.0
0.060943737930529804,0.0
0.025623574685576123,0.0
0.013456771499791943,0.0
0.011889973711138408,0.0
0.01165058997266904,0.0
0.0,0.0
0.016904597030647256,0.0
0.013659178695393308,0.0
0.015281860289557267,0.0
0.0,0.0377358490566037
0.0073471006125247346,0.0188679245283018
0.006092947646093909,0.0
0.015632073423620867,0.0
0.019237303717929324,0.0188679245283018
0.012842901471104829,0.0
0.007806819537763404,0.0
0.010385233940624133,0.0377358490566037
0.026231414855987303,0.0
0.0,0.0
0.03542167752376874,0.0
0.014201620914701967,0.0
0.0,0.0
0.02438965267049648,0.0
0.01151637007963821,0.0
0.01745711398197795,0.0
0.01397197738932347,0.0
0.008096999097862411,0.0
0.017879229832956228,0.0
0.0031727069115507784,0.0
0.014130097898038551,0.0
0.00852383163534173,0.0
0.0,0.0188679245283018
0.01885583123257296,0.0
0.004352261361928487,0.0
0.035093625912954514,0.0
0.022775156003031583,0.0
0.036381374160274635,0.0
0.007181842939669313,0.0
0.015236014943321032,0.0
0.040517245762982795,0.0
0.01620596213905765,0.0
0.010470716792738997,0.0
0.04651596961443294,0.0188679245283018
0.014003266148071562,0.0188679245283018
0.01994696176182402,0.0188679245283018
0.021295084031905442,0.0
0.01686983475594405,0.0188679245283018
0.007826920440284765,0.0
0.010173565935579729,0.0188679245283018
0.005000490019738172,0.0566037735849056
0.008802764842009824,0.0377358490566037
0.050301172290187865,0.0
2.3275572104482288e-05,0.0377358490566037
0.01770675250426728,0.0
0.018618727094372668,0.0
0.017125631622790693,0.0377358490566037
0.0062362170454443545,0.0
0.016797930514643792,0.0
0.013333225014532787,0.0
0.053689784614966964,0.0
0.010386373471510755,0.0
0.012625615681177822,0.0188679245283018
0.04758286897107349,0.0
0.014168107257389434,0.0
0.02099455925950681,0.0188679245283018
0.0018415673989982328,0.0377358490566037
0.05538144348702241,0.0
0.03684534297639495,0.0188679245283018
0.013796428220495089,0.0
0.018214356424072625,0.0
0.023983593656787372,0.0188679245283018
0.023289775035492535,0.0188679245283018
0.008155878496573787,0.0
0.004731429206840117,0.0
0.006518436794864635,0.0
0.049434763253641226,0.0188679245283018
0.013009418863259736,0.0
0.005005485382325122,0.0188679245283018
0.0,0.0
0.004241734195148259,0.0
0.025288355923896708,0.0
0.0321819795496531,0.0566037735849056
0.03088651005637696,0.0
0.000432185479151737,0.0
0.014173919137912569,0.0
0.011616715921241166,0.0
0.02332197694520989,0.0
0.003164268317822041,0.0754716981132075
0.03181783288598603,0.0377358490566037
0.056878400936933096,0.0188679245283018
0.0,0.0
0.01807549538615448,0.0
0.023773288074856784,0.0188679245283018
0.0,0.0
0.013062329416618657,0.0377358490566037
0.11399343648806076,0.0
0.004881431702069096,0.0
0.02714027780437443,0.0188679245283018
0.008479059122335627,0.0
0.0,0.0188679245283018
0.021659488334807443,0.0
0.0,0.0
0.005793317949146246,0.0
0.0077075789270784215,0.0
0.06095422964398283,0.0
0.00653387189750208,0.0188679245283018
0.005113429776065584,0.0
0.0,0.0
0.0533460821383866,0.0
0.0,0.0
0.025844786930761848,0.0188679245283018
0.0481573662489818,0.0
0.0005957931573993443,0.0
0.02373754047213599,0.0
0.040368293724156214,0.0
0.01039352243583868,0.0188679245283018
0.023796582899491676,0.0
0.0014135692654974105,0.0188679245283018
0.032643099839061246,0.0
0.003943586868745762,0.0188679245283018
0.013916805825986566,0.0377358490566037
0.008106167424565125,0.0
0.018873765184245547,0.0188679245283018
0.008257981633110987,0.0
0.014183356439914488,0.0
0.00796345688447815,0.0
0.0,0.0
0.03192462919662563,0.0
0.03074798445228362,0.0
0.03189953183585724,0.0
0.04045325793283772,0.0
0.03893073637427933,0.0377358490566037
0.018743541780029727,0.0
0.0,0.0188679245283018
0.010574033795176983,0.0377358490566037
0.03398637854713025,0.0377358490566037
0.030066347672555397,0.0
0.012781150761229418,0.0188679245283018
0.03584232320048275,0.0
0.03886488183267216,0.0188679245283018
0.09096821617730041,0.0
0.04402696798386621,0.0377358490566037
0.03218822224048999,0.0
0.03142690949979252,0.0
0.055652159562835396,0.0
0.02084435230175168,0.0
0.01611734271350295,0.0
0.012262426882013431,0.0
0.012256595530784654,0.0
0.10069057322804603,0.0
0.026385499104802517,0.0
0.012004407161724828,0.0
0.019110599814894103,0.0188679245283018
0.0006892523071318265,0.0
0.0,0.0188679245283018
0.05396461522271397,0.0
0.003556048151926809,0.0
0.07821903229011473,0.0
0.012327393437508181,0.0
0.01117354690687599,0.0
0.007482174648487022,0.0188679245283018
0.001989143094648566,0.0
0.022424649260053064,0.0
0.007069838436660223,0.0
0.002094229300239033,0.0188679245283018
0.029650207126535648,0.0
0.01864981744825594,0.0
0.013482887875187635,0.0188679245283018
0.019492390526912873,0.0188679245283018
0.004838165950393134,0.0
0.006039737002095576,0.0
0.015521093396242906,0.0
0.0036421171444916793,0.0188679245283018
0.07922537964848261,0.0
0.00942788078894798,0.0
0.010674537367881848,0.0
0.02499441516981849,0.0188679245283018
0.03315986180788392,0.0
0.04790489604617199,0.0
0.010957292288417582,0.0188679245283018
0.0039005758438793543,0.0
0.0067997214980822385,0.0
0.0,0.0188679245283018
0.046263683269342964,0.0
0.0034661637275196122,0.0
0.03729615126988002,0.0188679245283018
0.0302456598605188,0.0
0.032241257623414815,0.0
0.014420449748781336,0.0
0.008892668506078292,0.0
0.005288389958338097,0.0188679245283018
0.0019064073577449506,0.0
0.014543955895306057,0.0
0.014900761966151985,0.0
0.009529283767009115,0.0
0.005006132432813667,0.0566037735849056
0.0005413713447823985,0.0377358490566037
0.00845892389289188,0.0188679245283018
0.018903528578625657,0.0377358490566037
0.03390665121959985,0.0188679245283018
0.01640275928007969,0.0188679245283018
0.011280258997938754,0.0
0.006036249545735857,0.0
0.012408421788699907,0.0566037735849056
0.0024601576127084666,0.0188679245283018
0.011886103865959624,0.0188679245283018
0.03466997215066031,0.0
0.01333680829410739,0.0188679245283018
0.012160121931775294,0.0
0.0,0.0188679245283018
0.019698863111480565,0.0
0.01337638500140774,0.0
0.0,0.0
0.009436876883472597,0.0
0.0225596659410595,0.0
0.031132432470171063,0.0
0.025733798408915688,0.0
0.023442397230553167,0.0
0.029843685941660657,0.0
0.0,0.0377358490566037
0.020680452330626067,0.0
0.01827922165721458,0.0377358490566037
0.021213446281707595,0.0
0.0031138204746664513,0.0
0.027103076507743587,0.0
0.032930262113967344,0.0188679245283018
0.02882276587753251,0.0
0.006645482401277878,0.0188679245283018
0.0133367376340633,0.0188679245283018
0.0047230679321770145,0.0
0.0271643284455837,0.0
0.024937299638521343,0.0
0.013511789715899036,0.0
0.007368628597869541,0.0
0.04421869117109493,0.0
0.025889360383314308,0.0
0.025220039199255702,0.0188679245283018
0.01273229869024358,0.0377358490566037
0.005225084759115044,0.0
0.003938312118079259,0.0188679245283018
0.02709288695889291,0.0
0.02114515284250258,0.0
0.020010118003101797,0.0
0.0,0.0
0.013781080783236099,0.0
0.03517807298970797,0.0
0.009676082635082772,0.0566037735849056
0.07426157715096829,0.0
0.009141453308090398,0.0188679245283018
0.011987154220249046,0.0
0.009654408921112424,0.0
0.013847138356094609,0.0377358490566037
0.013101660241517626,0.0377358490566037
0.0211207366946892,0.0
0.0022517401638732426,0.0
0.0,0.0
0.007639587411406693,0.0
0.012702751682210927,0.0
0.013523189128828201,0.0
0.016501830380520322,0.0
0.0,0.0
0.0,0.0
0.0,0.0188679245283018
0.009134110423286846,0.0
0.0406391238927864,0.0
0.009088472158298617,0.0
0.0028177080689985668,0.0
0.0059289713458320625,0.0
0.008684937532781935,0.0
0.02432652142526767,0.0
0.022317690559828088,0.0
0.0,0.0
0.07893412327727124,0.0
0.0770806167972063,0.0
0.0,0.0
0.06826017361854639,0.0
0.013484191870296888,0.0188679245283018
0.011277837578229189,0.0
0.0,0.0
0.013978912397839579,0.0
0.023616038676286203,0.0566037735849056
0.053264286646446564,0.0
0.023517202831027147,0.0
0.015431505656374845,0.0754716981132075
0.0,0.0754716981132075
0.0144136599287199,0.0
0.02263080975576853,0.0
0.035389816518606516,0.0
0.0214715651122619,0.0188679245283018
0.009559195250909865,0.0
0.01771314600182944,0.0
0.049934520517432135,0.0
0.00897105015797613,0.0
0.023420841928863647,0.0
0.0,0.0
0.028638200512403976,0.0
0.024412322126489666,0.0
0.024179797997113894,0.0188679245283018
0.0,0.0
0.0024977230413054047,0.0
0.039237660443839716,0.0754716981132075
0.016170725323560342,0.0
0.013571650567809629,0.0
0.01842164667645478,0.0188679245283018
0.027244772753385365,0.0566037735849056
0.07267536060513606,0.0566037735849056
0.0,0.0
0.0,0.0377358490566037
0.0710188592157533,0.0377358490566037
0.022508166330297494,0.0
0.09268842473691571,0.0377358490566037
0.018319067623271117,0.0
0.03623617463186457,0.0
0.0013440280021737552,0.0
0.007278989282293063,0.0
0.020069602642187715,0.0
0.018084532933669545,0.0
0.01752427652221582,0.0
0.015171183805760978,0.0188679245283018
0.008679130007675638,0.0
0.009358516230406906,0.0
0.010300937985856436,0.0188679245283018
0.011484313761322019,0.0188679245283018
0.07413766279356429,0.0
0.018809369335059424,0.0
0.04057417456025768,0.0188679245283018
0.0,0.0
0.051819040997790985,0.0
0.07934981684926846,0.0
0.08529488474935604,0.0188679245283018
0.0626173968838116,0.0377358490566037
0.03804589154173281,0.1132075471698113
0.07359375885986862,0.0
0.004391180287450491,0.0188679245283018
0.03674499813379795,0.0
0.037815064039285445,0.0
0.04176647220345277,0.0
0.0425565431392668,0.0377358490566037
0.03219909467338474,0.0
0.041482997459476825,0.0
0.0663167662516776,0.0
0.051637796575204266,0.0377358490566037
0.0025230536822195603,0.0377358490566037
0.011944052482495008,0.0
0.019315693469240718,0.0
0.02239325634748605,0.0
0.05254077613036618,0.0
0.009583089350604807,0.0188679245283018
0.007199497319555354,0.0
0.048954893583029756,0.0
0.06635463743811093,0.0
0.05243190574493512,0.0188679245283018
0.017074926680662662,0.0
0.03756212317245846,0.0
0.01546713186066806,0.0377358490566037
0.0003883975020433861,0.0
0.017841937626064053,0.0
0.033218503535080435,0.0
0.06487857743741701,0.0
0.030297057751570163,0.0188679245283018
0.03215109456073401,0.0
0.04688626609117627,0.0
0.04539735308961733,0.0
0.03551519770429244,0.0
0.09172003122797767,0.0
0.029527049533373644,0.0
0.013882175351449403,0.0188679245283018
0.0,0.0566037735849056
0.06927346640140716,0.0
0.0043950097686624515,0.0188679245283018
0.031283935928339404,0.0
0.05931337834322597,0.0
0.015147971470526711,0.0
0.02375774922524888,0.0188679245283018
0.047385792170820284,0.0
0.028842167568054036,0.0
0.05685608990867951,0.0
0.029658914798390664,0.0
0.006373592471049779,0.0566037735849056
0.020049935985477885,0.0
0.01699511149185523,0.0188679245283018
0.028955012175398614,0.0
0.027332581293305003,0.0
0.057140072065485464,0.0
0.01742267998759493,0.0
0.009466883729982502,0.0
0.0,0.0
0.003195771708529504,0.0188679245283018
0.02405112908161699,0.0
0.016642948723630042,0.0377358490566037
0.00045273766516001657,0.0
0.03989383402247689,0.0
0.014600886666124057,0.0
0.011126215433428628,0.0188679245283018
0.013867734985908056,0.0
0.0,0.0188679245283018
0.027848785005505822,0.0
0.016684277038563473,0.0
0.0,0.0188679245283018
0.01974146627862145,0.0
0.0,0.0
0.013420053926256439,0.0
0.0381058987306908,0.0
0.025969357897261732,0.0
0.027842012408995913,0.0188679245283018
0.019632562513189927,0.0
0.06044055993104532,0.0
0.0743273990240451,0.0
0.019896507471580192,0.0
0.06958526596051752,0.0188679245283018
0.05957069547817959,0.0
0.04099913166113015,0.0
0.018692410739277753,0.0
0.0,0.0
0.007541991911359392,0.0
0.004076473960114022,0.0
0.0003544499573940747,0.0
0.07550319803455652,0.0
0.04002787821024117,0.0377358490566037
0.04671873130701274,0.0
0.00695338497109433,0.0188679245283018
0.017905093654924334,0.0
0.031026623071766547,0.0
0.020095927420323643,0.0377358490566037
0.007664346286762817,0.0188679245283018
0.0172273700383326,0.0
0.011662206318406747,0.0
0.013661308614802675,0.0
0.026375435859490905,0.0
0.05878029145072772,0.0
0.046065047320865936,0.0
0.017763040756325274,0.0
0.026933826127320287,0.0188679245283018
0.09598641457912847,0.0188679245283018
0.03293525352395564,0.0
0.04995401613654626,0.0
0.00024653540164739783,0.0
0.011599011597750153,0.0
0.0,0.0188679245283018
0.013211761029095232,0.0188679245283018
0.0,0.0188679245283018
0.015621690788048963,0.0
0.006373592471049779,0.0188679245283018
0.014213987593487035,0.0377358490566037
0.012322593396146643,0.0
0.032906987417603735,0.0
0.016014597220375622,0.0
0.005252230272790349,0.0188679245283018
0.04529103966260777,0.0188679245283018
0.020644789083927625,0.0188679245283018
0.006237804843072953,0.0188679245283018
0.06143900091713819,0.0
0.018800528030600984,0.0
0.014070076340492631,0.0377358490566037
0.021294166751390453,0.0
0.011452924103528932,0.0188679245283018
0.01719349929620037,0.0
0.008675314534287784,0.0
0.019456613701892205,0.0
0.0333372652900989,0.0
0.04033355416489234,0.0188679245283018
0.05425252598884749,0.0
0.0,0.0
0.010173705638734199,0.0
0.008914215288219111,0.0188679245283018
0.025545424455747284,0.0
0.05367685142585657,0.0
0.0010877525435276153,0.0188679245283018
0.019946551547633737,0.0943396226415094
0.0,0.0
0.008914165235698867,0.0
0.012012605878194419,0.0377358490566037
0.011151249531489814,0.0
0.03822413012263883,0.0
0.01542187223961596,0.0
0.029585623198018322,0.0188679245283018
0.019906233950163006,0.0
0.024588549170238894,0.0188679245283018
0.0,0.0188679245283018
0.0,0.0188679245283018
0.022286023702904022,0.0
0.019180333717119358,0.0
0.023838276164248946,0.0
0.0,0.0
0.023290773908552456,0.0
0.0153873527870574,0.0188679245283018
0.018252036426101338,0.0
0.006038753894808609,0.0
0.014367251175249061,0.0
0.09783187836678946,0.0
0.02966644837593985,0.0188679245283018
0.014160364265197414,0.0377358490566037
0.0615253489239532,0.0
0.046182142419018045,0.0
0.01624950491051641,0.0
0.0,0.0188679245283018
0.04627669596511681,0.0
0.004904442929580156,0.0
0.02178548279495418,0.0
0.011777917531942477,0.0
0.0,0.0377358490566037
0.022500233472275605,0.0188679245283018
0.08305918022002051,0.0377358490566037
0.023769289270414908,0.0
0.03774516312017788,0.0
0.09943909238446214,0.0
0.041170682048991575,0.0377358490566037
0.02469087514965651,0.0
0.022884806931537837,0.0188679245283018
0.0,0.0
0.035379435986108855,0.0377358490566037
0.014275898774557436,0.0
0.0329367110728901,0.0
0.00011618683866566502,0.0
0.006585426048475916,0.0
0.023952640248235776,0.0
0.013335708205240075,0.0188679245283018
0.015272594959253717,0.0
0.01687098414312462,0.0
0.011671699420440133,0.0188679245283018
0.031379117952722795,0.0
0.001414130958299477,0.0
0.07812230799406604,0.0
0.04108755398252257,0.0
0.033213885480725014,0.0
0.028939742792271222,0.0377358490566037
0.014369033301652637,0.0
0.015582891654580894,0.0
0.03478207876436883,0.0566037735849056
0.01994565594661015,0.0
0.007400629688367946,0.0
0.02421821515959647,0.0
0.008951723150047115,0.0188679245283018
0.0,0.0
0.038402306316875606,0.0
0.007967569841726767,0.0
0.03289911711559185,0.0
0.006442038953069099,0.0
0.014160071045119646,0.0188679245283018
0.005949063944709746,0.0
0.01997210979130327,0.0
0.02446261008677564,0.0188679245283018
0.03763468929101179,0.0
0.0048243718146062705,0.0
0.039881431713275885,0.0
0.006181213299161816,0.0
0.03942640195167618,0.0
0.01296209984408509,0.0
0.010587033475991724,0.0
0.005700754872527419,0.0
0.02884817172845067,0.0
0.04080129010093761,0.0188679245283018
0.01680963993787413,0.0
0.0208369798164604,0.0188679245283018
0.023423099174856955,0.0
0.0171542474292684,0.0
0.027657027480592743,0.0
0.023976826320615204,0.0188679245283018
0.023059456562918308,0.0
0.006236250377010895,0.0
0.016906769542132705,0.0188679245283018
0.0,0.0
0.01889264479938931,0.0
0.01318414399396165,0.0
0.060056506459333275,0.0
0.00011618683866566502,0.0
0.00794601618092983,0.0
0.04164043043895868,0.0377358490566037
0.015510513516636891,0.0
0.03907347809510994,0.0
0.018528038211287227,0.0188679245283018
0.020953096933260484,0.0
0.010852183859197917,0.0
0.02418374411871897,0.0
0.0,0.0188679245283018
0.0,0.0
0.0025968193395589463,0.0
0.03798486584433095,0.0188679245283018
0.02741097449684976,0.0
0.0319579793150571,0.0
0.012866915338293199,0.0
0.0,0.0
0.018868388003226145,0.0188679245283018
0.02984304510805367,0.0
0.023210067977417502,0.0188679245283018
0.01764833362870536,0.0
0.01001282550768125,0.0
0.031131161317070097,0.0
0.017463454703879777,0.0
0.009578991121628957,0.0
0.01024683635344496,0.0
0.01753332825459413,0.0
0.008332204613558505,0.0
0.03609936778824903,0.0
0.04249523219524804,0.0
0.0013474751483513797,0.0
0.009934182659796842,0.0188679245283018
0.00563800646134827,0.0
0.002079648918874289,0.0
0.02885712037248119,0.0
0.04072502716102804,0.0
0.031064363649439687,0.0
0.017416869228744542,0.0
0.002731138494744601,0.0
0.037036218859806305,0.0188679245283018
0.0043321583089809745,0.0
0.02805259467125316,0.0
0.007331400328700073,0.0
0.01575546734102319,0.0
0.002839135839220318,0.0188679245283018
0.001993803341492569,0.0
0.01692061777814117,0.0
0.02310210768288545,0.0
0.0443504292559579,0.0
0.030914600232306657,0.0
0.014367609924881331,0.0
0.012746721214127494,0.0
0.03997968751412857,0.0
0.056678105665399554,0.0
0.008554040824478994,0.0
0.026241641242277427,0.0
0.017911260979959542,0.0
0.021259904476465676,0.0
0.05226465769962498,0.0
0.0023425041062424233,0.0
0.007535468427061076,0.0
0.004897421159376431,0.0377358490566037
0.0005984919273628076,0.0
0.015666023795770888,0.0
0.027357010485994933,0.0
0.03139537083402018,0.0
0.0599065594056733,0.0188679245283018
0.08101308933778123,0.0
0.004648864308454133,0.0188679245283018
0.013885082789740313,0.0
0.01993899011816177,0.0
0.014941705147295044,0.0188679245283018
0.026811046531344,0.0
0.022991992812279507,0.0
0.022488635631884944,0.0
0.01913150170253126,0.0
0.03622480168809372,0.0
0.021351791537758243,0.0
0.017273877487704925,0.0188679245283018
0.010536700182515974,0.0188679245283018
0.00331905897956504,0.0
0.021531435618347992,0.0
0.04492163765048791,0.0
0.08000340190439195,0.0
0.02191031820573827,0.0
0.017968583616815595,0.0188679245283018
0.04106533037718488,0.0188679245283018
0.01880294348733945,0.0
0.018850084919249877,0.0
0.03503785583154729,0.0
0.00456792504908984,0.0
0.010297767114590614,0.0
0.01640374820334155,0.0377358490566037
0.012116973516625787,0.0
0.015756465988802846,0.0
0.01380257493059512,0.0
0.014153782649975024,0.0
0.0010180862756064488,0.0
0.0038730151151627444,0.0188679245283018
0.019704933676915982,0.0
0.020971083361045802,0.0
0.011726063245719377,0.0
0.0,0.0188679245283018
0.015264684771358752,0.0
0.017392511627786555,0.0566037735849056
0.026949094976336255,0.0
0.007870698767057328,0.0
0.003088391486893004,0.0377358490566037
0.009428889633276922,0.0
0.004352682803691639,0.0
0.015180721540271822,0.0
0.016542437928550115,0.0
0.0034462499463102443,0.0
0.052865332583759486,0.0
0.01903318762705697,0.0
0.05119523369481333,0.0
0.014171382943953622,0.0188679245283018
0.022779207858299032,0.0
0.0227713551903842,0.0188679245283018
0.03962282980877008,0.0
0.013934307521804412,0.0377358490566037
0.0018371228918958767,0.0
0.010906337259597991,0.0
0.029936491524461255,0.0
0.016301596824501108,0.0
0.010416104128675788,0.0
0.0072089524685786475,0.0
0.009771601109987496,0.0188679245283018
0.016246989402341254,0.0377358490566037
0.023329605663901038,0.0
0.0316114423531965,0.0
0.05069552334238673,0.0
0.025644685237155896,0.0
0.043198150767975466,0.0
0.021787368975412707,0.0
0.028285943497151012,0.0
0.0023239389722909207,0.0
0.028139407612790244,0.0
0.042286758936291066,0.0377358490566037
0.006619827520198202,0.0
0.02679274923671521,0.0
0.027799405321562165,0.0188679245283018
0.029381119664301722,0.0
0.0006120023802537525,0.0188679245283018
0.023432654495679644,0.0377358490566037
0.024221958879133733,0.0
0.0,0.0
0.011507723048286364,0.0
0.0,0.0
0.0019914506521029364,0.0
0.0,0.0
0.020481266162350242,0.0
0.012899002923484105,0.0188679245283018
0.05925879868552571,0.0
0.009419908704504069,0.0
0.009448211738230423,0.0
0.048879797082303354,0.0
0.023834257813845135,0.0
0.008999522757170352,0.0
0.016105901190198384,0.0
0.01429838621363456,0.0188679245283018
0.03285994440055814,0.0
0.014900724817097373,0.0
0.03948759153942926,0.0
0.0034362948961321857,0.0
0.02328121473990326,0.0
0.007036354882357258,0.0
0.024719288442381873,0.0
0.05338295816720489,0.0
0.052615803713845215,0.0
0.03217166081194889,0.0
0.0,0.0
0.009180441611056774,0.0
0.01129058127370064,0.0
0.003591095279232565,0.0
0.00039326560053463445,0.0
0.05164775820226423,0.0188679245283018
0.009309897732352164,0.0
0.011837004583452618,0.0
0.0368596187614193,0.0188679245283018
0.011141893284918908,0.0
0.0006206052149977475,0.0
0.006005928267814733,0.0
0.013414439407216525,0.0
0.0424718235965234,0.0188679245283018
0.01762419926409783,0.0
0.016442544221084474,0.0
0.031803735464748996,0.0
0.018869041399437424,0.0188679245283018
0.01883529763688553,0.0
0.037748127815164206,0.0
0.034308567985310075,0.0
0.01692571472314556,0.0
0.028890172116432716,0.0
0.0,0.0377358490566037
0.01719647104989991,0.0
0.017668509253364238,0.0377358490566037
0.033242169286215976,0.0
0.011300570133701983,0.0
0.007244337581811681,0.0
0.014445343214967378,0.0
0.017905875909462476,0.0
0.024883198513779528,0.0
0.006091940781680632,0.0
0.016562431218421658,0.0188679245283018
0.01436841002644888,0.0
0.023458686622033296,0.0188679245283018
0.01909963759377074,0.0188679245283018
0.03773027578426563,0.0
0.0258841157172718,0.0
0.010981022527408459,0.0377358490566037
0.01944379888629272,0.0
0.015110551904731175,0.0
0.004318205667957505,0.0
0.019273957570170485,0.0
0.0332514888235165,0.0
0.015507320747096981,0.0
0.00877057256335866,0.0
0.02117685320653815,0.0
0.007709405450925404,0.0188679245283018
0.04559482112321845,0.0
0.017718644798595747,0.0
0.010231802496416968,0.0566037735849056
0.029579066233935136,0.0
0.002649857666633038,0.0
0.00794235217838722,0.0
0.02354067284343913,0.0
0.01795864163396882,0.0
0.019354167754489778,0.0377358490566037
0.015688710266448174,0.0
0.003336967230894922,0.0188679245283018
0.012901596717214324,0.0
0.010454992464584317,0.0
0.00598115901744977,0.0
0.011461929933792508,0.0
0.00451022195573327,0.0
0.01495008366292319,0.0
0.01265016779455273,0.0
0.01784990285780196,0.0
0.003906374740200181,0.0
0.037732256147230546,0.0
0.011085568929052204,0.0
0.0,0.0188679245283018
0.017636688878218485,0.0
0.02177719873973525,0.0
0.014778213845539945,0.0
0.059192223410618416,0.0
0.023102236622874604,0.0
0.00666426961547862,0.0188679245283018
0.013945369879859205,0.0
0.0075046571690875795,0.0
0.04241357260622682,0.0
0.0,0.0
0.024176216889200772,0.0
0.012315565752842211,0.0
0.016211626753659905,0.0
0.015218194617360035,0.0
0.0,0.0188679245283018
0.02403036323224175,0.0188679245283018
0.01490914120305278,0.0
0.008550762499407958,0.0
0.015582891654580894,0.0
0.0,0.0
0.00929895997650717,0.0
0.014440710114906136,0.0188679245283018
0.011003955757257286,0.0
0.00834034050797437,0.0188679245283018
0.02572720111904306,0.0188679245283018
0.009762065806085008,0.0188679245283018
0.006160201457281514,0.0
0.024876281199003168,0.0
0.019518695173523233,0.0
0.009606938755245781,0.0
0.004060769173928706,0.0
0.005497050718885645,0.0188679245283018
0.0,0.0
0.022807616455112135,0.0
0.0,0.0188679245283018
0.0,0.0
0.01436426602313287,0.0188679245283018
0.03699814871215853,0.0
0.005010453183271308,0.0188679245283018
0.0,0.0
0.030728415173403165,0.0
0.018825468000465244,0.0
0.0,0.0
0.08762281657405468,0.0
0.01794276054831599,0.0
0.01613833119518594,0.0
0.019624231019345486,0.0377358490566037
0.05111052824922879,0.0
0.0211207366946892,0.0
0.03336622481974126,0.0188679245283018
0.022106734181395627,0.0188679245283018
0.0212375641646182,0.0188679245283018
0.013220467826788087,0.0
0.017805293333759988,0.0
0.0240746637958539,0.0
0.0,0.0
0.0,0.0
0.07512457832281637,0.0377358490566037
0.012539626915684332,0.0188679245283018
0.014232748102958673,0.0
0.05966146695731056,0.0
0.037168471706804825,0.0
0.02174136392362918,0.0
0.037039479790238715,0.0
0.0,0.0
0.03148952807003421,0.0188679245283018
0.04681012833127757,0.0
0.022273270678352466,0.0377358490566037
0.0013845353042865587,0.0188679245283018
0.04804731910698168,0.0
0.009953330962849437,0.0
0.014238632800700615,0.0
0.02393155015766396,0.0
0.048886119315558724,0.0
0.011694691548760109,0.0
0.027028071429032227,0.0188679245283018
0.028512909398137304,0.0
0.039789083879071194,0.0188679245283018
0.014927132470026059,0.0
0.003332261721333543,0.0
0.01886279787006869,0.0
0.011261583137707979,0.0
0.013793809791154424,0.0566037735849056
0.04357579702563553,0.0
0.0,0.0
0.020195277500842462,0.0
0.008533625732458737,0.0
0.018913870625604748,0.0
0.012226131105042923,0.0
0.005399449889515656,0.0
0.0,0.0
0.016794730129640906,0.0
0.0057263595040310195,0.0
0.023155362738061257,0.0566037735849056
0.04913928302989958,0.0
0.012472094794199848,0.0
0.0091532722398662,0.0
0.11842936682676058,0.0188679245283018
0.05883494399353329,0.0
0.011813356160663311,0.0
0.01709391849588966,0.0
0.013990978252118324,0.0
0.023454801424708613,0.0
0.008292592233125312,0.0
0.00854640047588635,0.0188679245283018
0.04576815026184825,0.0754716981132075
0.02390219506431554,0.0
0.029955056262626328,0.0
0.0058963781229336935,0.0188679245283018
0.035466510161707446,0.0
0.0,0.0
0.030132296802487406,0.0188679245283018
0.07414857631529942,0.0566037735849056
0.039423660221782175,0.0
0.013398137617127027,0.0188679245283018
0.03158625554615985,0.0188679245283018
0.013815047331188606,0.0
0.036104165218406495,0.0188679245283018
0.01022879832327106,0.0
0.010437341394330953,0.0
0.04253581688271372,0.0
0.024924172751987755,0.0
0.016278989154489616,0.0
0.06490871968070305,0.0188679245283018
0.025800231978280352,0.0
0.06901691623911513,0.0
0.015076242222071216,0.0
0.008580491945864036,0.0
0.014792206728512279,0.0
0.019826966751054477,0.0
0.021294184367668383,0.0
0.02008359642211414,0.0566037735849056
0.0,0.0
0.021040766291257364,0.0
0.025656020623112813,0.0
0.015957536096363634,0.0377358490566037
0.017119532097550152,0.0
0.016769296325458694,0.0188679245283018
0.01324594337446309,0.0
0.00796797993666993,0.0
0.024940811280945427,0.0
0.016589427966293736,0.0
0.03749811990150218,0.0
0.04551093269096059,0.0
0.032700962395237856,0.0377358490566037
0.028832251418505178,0.0
0.0005446701810490811,0.0
0.023069111994356597,0.0
0.02659463936888517,0.0188679245283018
0.009438288321197849,0.0
0.06346075092853012,0.0
0.0057642967256505175,0.0
0.010337798706330982,0.0
0.011085157337036022,0.0
0.03787875294418271,0.0
0.03406756445428142,0.0
0.03390665121959985,0.0188679245283018
0.021522253080967977,0.0188679245283018
0.01363689133146814,0.0754716981132075
0.04083328789326387,0.0188679245283018
0.00823634016517959,0.0
0.007471577146394545,0.0943396226415094
0.006442787264611819,0.0
0.01384582990777695,0.0
0.020600856081698527,0.0188679245283018
0.04359079421145708,0.0
0.016246610534293146,0.0
0.035831662080049446,0.0
0.017563012155421696,0.0
0.01705632833232524,0.0
0.030246610891865602,0.0
0.038469432816582654,0.0
0.0,0.0
0.0289238791741478,0.0
0.023641538214485974,0.0
0.027159227751481618,0.0
0.01892355968087328,0.0
0.0518302877594557,0.0
0.0,0.0188679245283018
0.021038189717025233,0.0
0.013093696303160662,0.0
0.017094385434301015,0.0
0.04612683576824858,0.0
0.008380732796679481,0.0
0.0368843309689558,0.0
0.0,0.0377358490566037
0.006730037131470204,0.0188679245283018
0.038358837452863226,0.0
0.011594237477339583,0.0
0.028658754311440576,0.0
0.03850161204465327,0.0
0.01448073675109915,0.0566037735849056
0.016493429519685947,0.0
0.004645123715656743,0.0188679245283018
0.012509909258357916,0.0
0.01847778251637238,0.0
0.024578329765266,0.0
0.0,0.0
0.03496546470819653,0.0
0.012850845730081183,0.0
0.022616512428798242,0.0
0.028305039756682474,0.0
0.0184682381772394,0.0
0.03576596803432058,0.0
0.08678580820920812,0.0
0.019852192847006567,0.0
0.029190250899481088,0.0
0.03998601498372628,0.0
0.016931371304329007,0.0
0.01389664762663945,0.0566037735849056
0.01671748123535468,0.0
0.01806668761916249,0.0377358490566037
0.012181185935018208,0.0
0.03918573906933939,0.0
0.010098725729346242,0.0
0.02525448133692442,0.0
0.008155878496573787,0.0377358490566037
0.06985916612930884,0.0
0.01588536091846,0.0
0.015658731654967718,0.0
0.02980787492648791,0.0
0.026621577266854525,0.0
0.01570366798803562,0.0
0.014453068054328586,0.0
0.01601776658661719,0.0
0.010637585787051408,0.0
0.010654225655348917,0.0188679245283018
0.014275068524000664,0.0188679245283018
0.03109499609202252,0.0
0.0,0.0
0.020705148678969575,0.0188679245283018
0.013078662975624683,0.0188679245283018
0.09179179320266621,0.0
0.02683038613398669,0.0
0.04321527676526326,0.0
0.0,0.0
0.0,0.0188679245283018
0.0,0.0188679245283018
0.04922709088855642,0.0
0.02784644523568071,0.0
0.003166374988595965,0.0
0.02719011288792748,0.0
0.0,0.0
0.0017540868688696583,0.0
0.024896538146230416,0.0
0.012567673395380011,0.0
0.030652972453052457,0.0
0.012750138351720829,0.0377358490566037
0.01702360911107614,0.0
0.028693994069992606,0.0
0.059379750456656465,0.0
0.029717013931830467,0.0
0.02379825253863588,0.0
0.008901367560471999,0.0
0.0,0.0188679245283018
0.011802356407804006,0.0188679245283018
0.006947210563240529,0.0377358490566037
0.008592472298820793,0.0
0.0,0.0188679245283018
0.03965784852613927,0.0
0.03307516334623717,0.0188679245283018
0.03201898734461553,0.0
0.0277646168000599,0.0
0.017172904236449887,0.0
0.004446621786650152,0.0
0.049708600326585986,0.0188679245283018
0.026965927456963083,0.0
0.01075942878093946,0.0
0.04379740225482873,0.0
0.0025472245143524017,0.0
0.009605827556441468,0.0
0.01691842174208706,0.0
0.020723531361051744,0.0
0.020033224853910035,0.0
0.0,0.0188679245283018
0.02091806617580561,0.0
0.0026592460597252565,0.0377358490566037
0.004999773616651669,0.0377358490566037
0.02387866879145008,0.0
0.02248949613326194,0.0
0.007508953886565552,0.0
0.041285763112620735,0.0
0.0006206052149977475,0.0
0.018536101662457304,0.0
0.0007375517098443823,0.0
0.0,0.0
0.03527740306952702,0.0
0.013039928626808073,0.0
0.01563024911257089,0.0
0.007199497319555354,0.0
0.031032459606427084,0.0
0.014147604738645648,0.0188679245283018
0.006160201457281514,0.0188679245283018
0.009330564783182255,0.0
0.022424647545694575,0.0
0.023190548006418746,0.0
0.009960750776013728,0.0
0.014612408068047296,0.0
0.022206994476942958,0.0
0.0014593114951967129,0.0
0.019049594100725955,0.0188679245283018
0.008997730753443511,0.0188679245283018
0.05121185771267877,0.0
0.006431944616658511,0.0
0.006695667043354253,0.0
0.01926131595235993,0.0
0.04560332717843833,0.0
0.009280108152367414,0.0
0.01765683089053306,0.0
0.04478461811716732,0.0188679245283018
0.005543484661501712,0.0
0.013085021463495288,0.0
0.024546162348709797,0.0
0.02104513705052749,0.0
0.015213623637951923,0.0
0.028872279425291462,0.0
0.03849907782929799,0.0188679245283018
0.009818413490173535,0.0
0.01990848741843792,0.0
0.01618196276915529,0.0188679245283018
0.016728974037260175,0.0
0.011918398199347396,0.0
0.0,0.0
0.02324066871206946,0.0
0.028720038324564094,0.0
0.0,0.0188679245283018
0.03334807984509576,0.0
0.023758346535561078,0.0
0.02449109428191122,0.0
0.02170156984909548,0.0
0.017317582794762875,0.0
0.029823182397116645,0.0
0.03392591526398911,0.0
0.007754073943106261,0.0
0.0,0.0
0.005648907675361064,0.0
0.016279091635159858,0.0377358490566037
0.01112878769105611,0.0188679245283018
0.02257530279501966,0.0188679245283018
0.009559935523897549,0.0
0.04491501706949457,0.0
0.014127291715837804,0.0
4.337234494007636e-06,0.0
0.02153603888332593,0.0
0.02478293125311954,0.0
0.017389256687364164,0.0188679245283018
0.009594866819344013,0.0
0.01822163691525768,0.0
0.027583875045795608,0.0
0.01435167996464546,0.0
0.02179639790433239,0.0188679245283018
0.010125366884722065,0.0377358490566037
0.011648924688892164,0.0
0.016903134443732502,0.0
0.009686544744224512,0.0
0.01989955411193292,0.0
0.01670638325099048,0.0
0.019031006551919843,0.0188679245283018
0.008107965583433513,0.0
0.0009419777338619389,0.0
0.0,0.0
0.007739980483507316,0.0
0.01324994635109091,0.0
0.019574851691531156,0.0
0.03824602177223474,0.0
0.015301330787578733,0.0
0.003152388466238754,0.0188679245283018
0.04718010086822548,0.0
0.007226986941948295,0.0
0.011113599851377325,0.0
0.007206394708697016,0.0
0.018795027829433854,0.0188679245283018
0.010420881353092121,0.0
0.029348842033197736,0.0
0.0002657218880250282,0.0
0.014137946104688581,0.0188679245283018
0.021229621904806994,0.0
0.04883443310083999,0.0
0.028890172116432716,0.0
0.012380427392481597,0.0
0.04211383784804242,0.0
0.002840735586903155,0.0
0.009512133415521202,0.0188679245283018
0.0015121499996889262,0.0
0.01493185977324829,0.0
0.005053835659106776,0.0
0.03338874380746124,0.0
0.029865708994679822,0.0
0.0063973298847901025,0.0
0.028984251842910834,0.0
0.0,0.0188679245283018
0.01625590423510828,0.0
0.005594988572791916,0.0377358490566037
0.012339026491612743,0.0
0.03246662656161448,0.0377358490566037
0.02395263054928357,0.0
0.025040701230629396,0.0
0.01017274192952669,0.0
0.0037015765020603918,0.0
0.022339430684100103,0.0
0.017154547796237485,0.0
0.0059107245792126995,0.0
0.012364405110359354,0.0
0.010819147415190314,0.0
0.0032858848225278407,0.0
0.029703602954223564,0.0
0.008020123501337484,0.0
0.017936901350271216,0.0
0.009579152377075403,0.0
0.03443124004545856,0.0
0.043823152349946805,0.0
0.0013845353042865587,0.0
0.009887862077722239,0.0
0.019406394498792452,0.0
0.01776072920448479,0.0
0.0,0.0188679245283018
0.021307107131638848,0.0
0.015280236803463689,0.0
0.1024069859716371,0.0188679245283018
0.01906610391501088,0.0
0.014790378217073697,0.0
0.01801151706763404,0.0
0.022431103564332717,0.0
0.005269107493537232,0.0188679245283018
0.009281268257670745,0.0
0.008154428179049298,0.0
0.018611829204139327,0.0
0.01864278837830423,0.0754716981132075
0.016219900001947854,0.0
0.02913875447637369,0.0
0.0077343434199708214,0.0
0.005384483610712215,0.0
0.01546915956950675,0.0188679245283018
0.033659762425233504,0.0
0.006702524642088981,0.0
0.047106468841636565,0.0188679245283018
0.0009611726340217146,0.0
0.020903936384462543,0.0
0.0018491524582006274,0.0188679245283018
0.00849653589298048,0.0188679245283018
0.019963232384591252,0.0
0.012682171260895762,0.0
0.048840868559206864,0.0
0.047326451123015104,0.0
0.07262261622957111,0.0
0.001625036668946158,0.0
0.011970734173401113,0.0
0.0,0.0
0.033290375617995596,0.0
0.049645653634186396,0.0377358490566037
0.0401628657051479,0.0188679245283018
0.02936165043170066,0.0377358490566037
0.026274201065790297,0.0188679245283018
0.013106504462529832,0.0188679245283018
0.04867954544576621,0.0
0.06728853228328478,0.0
0.024157809953140263,0.0188679245283018
0.04976604242386164,0.0188679245283018
0.03953681994247192,0.0
0.019082060328538784,0.0188679245283018
0.03114842573829186,0.0
0.0,0.0
0.009629795244976626,0.0
0.012343960111598506,0.0
0.0,0.0
0.0,0.0188679245283018
0.005489585789909875,0.0
0.016165126991604484,0.0
0.0667682466218796,0.0
0.017003412828019246,0.0
0.03984030913208224,0.0
0.0003309414701625545,0.0
0.005258487402821436,0.0377358490566037
0.0004305616581657262,0.0
0.004896886298146537,0.0
0.0,0.0188679245283018
0.01848441400452311,0.0
0.011175341420462571,0.0
0.01692535478953383,0.0
0.024627908478360078,0.0
0.0,0.0
0.0,0.0
0.004364043922228401,0.0
0.004214333569873686,0.0566037735849056
0.0053097645123769376,0.0
0.025353095675648123,0.0377358490566037
0.00871372524143504,0.0
0.014940327806452946,0.0
0.013797159074811627,0.0
0.013611086127397752,0.0
0.013112504070268476,0.0
0.032517110124694736,0.0377358490566037
0.01629513490267814,0.0
0.007020658200291937,0.0
0.01284727323590538,0.0188679245283018
0.018819859460151796,0.0
0.0,0.0
0.03023995170803234,0.1132075471698113
0.014100884292728835,0.0
0.02769450053479838,0.0
0.0090180371255465,0.0
0.02100842807531364,0.0
0.022562650104979865,0.0377358490566037
0.035372038392914223,0.0
0.0,0.0188679245283018
0.002361498136092912,0.0
0.009960750776013728,0.0
0.017386157582341282,0.0188679245283018
0.040802338921201484,0.0
0.01291027293141709,0.0
0.03740934037303997,0.0
0.063950561082734,0.0
0.0,0.0
0.008057822256725293,0.0
0.011034485591311986,0.0
0.08849084795948844,0.0
0.01594931586343145,0.0188679245283018
0.01754878104151221,0.0
0.0,0.0
0.014327118489081477,0.0377358490566037
0.012235138615274801,0.0
0.010052509573584736,0.0377358490566037
0.02208476624178633,0.0
0.0231037759271099,0.0
0.020160906582846416,0.0
0.0,0.0
0.014678808047681837,0.0377358490566037
0.0,0.0188679245283018
0.036457497614460196,0.0
0.007103554010991353,0.0188679245283018
0.04877284890502597,0.0
0.06572831527335324,0.0
0.008549383786204609,0.0
0.016770495346750236,0.0
0.017224564380948094,0.0188679245283018
0.03428139969111092,0.0
0.0,0.0
0.02015670860280249,0.0188679245283018
0.01755929201045224,0.0377358490566037
0.006635708498230208,0.0188679245283018
0.007038933527525921,0.0
0.03384163655137636,0.0377358490566037
0.06984750862181943,0.0
0.014464768174516869,0.0
0.015828289854075812,0.0
0.0,0.0188679245283018
0.016006211455653837,0.0
0.005243204933608872,0.0
0.04177284511683081,0.0
0.026468222819514026,0.0188679245283018
0.03724682026065719,0.0566037735849056
0.015340951057933941,0.0
0.03461775724574394,0.0
0.009594941032711083,0.0
0.004097305718844826,0.0
0.020860976339518743,0.0377358490566037
0.00793584775485677,0.0
0.016773746198110354,0.0
0.02974198423769918,0.0
0.018629652550962827,0.0
0.015176112864129787,0.0
0.0026124526737557052,0.0
0.016401138528965693,0.0
0.03424993283172678,0.0
0.010063948457118806,0.0188679245283018
0.011918398199347396,0.0
0.011690636410006186,0.0
0.018206757419710385,0.0
0.00959033419687564,0.0
0.022655579939989352,0.0
0.0072162023055280635,0.0188679245283018
0.03167078216475994,0.0
0.010192004025726963,0.0
0.0029620975971303464,0.0188679245283018
0.0,0.0
0.008349702039143196,0.0188679245283018
0.02984585402912965,0.0
0.01493694473309249,0.0566037735849056
0.017756270559105475,0.0
0.0183271355154267,0.0
0.009280536657750109,0.0
0.01706069360788249,0.0188679245283018
0.00664217848820443,0.0
0.0006263462769772425,0.0
0.015066269417800855,0.0
0.0007889186739897126,0.0
0.0021734245106696842,0.0
0.01368829511357114,0.0
0.012745146726962026,0.0
0.030129053113187275,0.0188679245283018
0.002101453174324142,0.0
0.017808901980627533,0.0
0.013959271530064862,0.0
0.04487834986650828,0.0
0.01395124107377526,0.0
0.022971429139940255,0.0
0.03205059126894898,0.0
0.0,0.0
0.002998042300946531,0.0188679245283018
0.0016876353468513114,0.0
0.0,0.0
0.01760190075214903,0.0
0.004346507946315009,0.0
0.0,0.0754716981132075
0.017058428981516847,0.0
0.029040382415491887,0.0
0.01873198564618752,0.0
0.02918796068473769,0.0
0.010043484980115307,0.0
0.01520797001230053,0.0188679245283018
0.004296669562961289,0.0188679245283018
0.014140795950934884,0.0377358490566037
0.0072089524685786475,0.0
0.021783013302315354,0.0943396226415094
0.004706939123782103,0.0188679245283018
0.020432525829327773,0.0566037735849056
0.013983041349436266,0.0
0.028844456737259,0.0377358490566037
0.013564800839244289,0.0188679245283018
0.027408132879243038,0.0
0.04110624209648616,0.0
0.01097021790831259,0.0
0.005113429776065584,0.0
0.01495008366292319,0.0
0.006049526970876993,0.0
0.02356790829638796,0.0
0.0034832380872683866,0.0188679245283018
0.00711441818831956,0.0188679245283018
0.022060012048567664,0.0
0.008671046009930674,0.0
0.013116628480150681,0.0188679245283018
0.006171159523340013,0.0
0.05114769093529778,0.0188679245283018
0.03742695001736148,0.0
0.009262321577416952,0.0
0.04589698951698103,0.0
0.029091308786754963,0.0188679245283018
0.022287429985724597,0.0188679245283018
0.019963518783831742,0.0
0.020404689408531643,0.0
0.015808136519200672,0.0
0.008674476145711173,0.0
0.025996160082383958,0.0
0.005649582367764312,0.0
0.008940328711041973,0.0
0.0153873527870574,0.0
0.011605154613766221,0.0188679245283018
0.015363865758937681,0.0
0.010729502126094668,0.0566037735849056
0.02576356089334047,0.0
0.01582003491308085,0.0
0.019506733199958257,0.0188679245283018
0.034756318399091365,0.0
0.01293877314437819,0.0
0.028240743858427633,0.0
0.01384750421689802,0.0377358490566037
0.02320734108473632,0.0
0.001866338200025756,0.0
0.021862474538135723,0.0188679245283018
0.03064149063266778,0.0
0.010852183859197917,0.0
0.0,0.0
0.016691019936142408,0.0188679245283018
0.010801368306105535,0.0188679245283018
0.005855252483456517,0.0
0.007055473556095705,0.0188679245283018
0.02163024172333702,0.0
0.004454677623423669,0.0
0.008918797098799003,0.0
0.02703362280845078,0.0
0.019563273970986655,0.0
0.009634038686656927,0.0188679245283018
0.026397968420592405,0.0188679245283018
0.021287044720938335,0.0
0.03963243364784384,0.0
0.05354039197678386,0.0
0.018047855965536402,0.0
0.024804395779290153,0.0
0.02084463768525523,0.0
0.02152332297029296,0.0377358490566037
0.011323356054156863,0.0188679245283018
0.029044953054984033,0.0
0.016617512803734254,0.0
0.02372952881468928,0.0
0.03016333274118704,0.0
0.0413074586236701,0.0
0.0038402123783609194,0.0
0.031869405915127526,0.0
0.0025795147060194003,0.0
0.006555277049375999,0.0
0.02069313145475697,0.0188679245283018
0.014138866452722698,0.0
0.051447590640945104,0.0188679245283018
0.042456485083228926,0.0
0.015247735319480892,0.0
0.009748589916751163,0.0
0.01594308603243341,0.0377358490566037
0.0276649588680322,0.0
0.015728267363783327,0.0188679245283018
0.01630128243507215,0.0
0.0064421209142292366,0.0188679245283018
0.01802049225125622,0.0
0.014142295410276149,0.0188679245283018
0.028423787214408906,0.0
0.011891668406642516,0.0
0.00443946642479724,0.0188679245283018
0.0,0.0188679245283018
0.01391611907202829,0.0
0.02039171153922262,0.0
0.06627400127986757,0.0
0.044906208277862875,0.0188679245283018
0.019740534234085914,0.0
0.014351774888149269,0.0
0.028715074273006173,0.0
0.017006929526755407,0.0
0.019841963314335354,0.0
0.01174016298666822,0.0
0.0005568120153014266,0.0
0.006950282746613539,0.0
0.027236913440186295,0.0
0.02708049278543693,0.0
0.005473329456332102,0.0
0.010381487889692863,0.0188679245283018
0.031001583860584565,0.0
0.01739892017032709,0.0
0.038007926794766694,0.0
0.017220912966462335,0.0
0.010655002832441229,0.0
0.015251645024245962,0.0
0.0,0.0
0.0012011610768100194,0.0
0.01128551394296685,0.0
0.0088367596257162,0.0
0.0,0.0
0.00567256288317044,0.0188679245283018
0.0,0.0
0.02583808875939811,0.0
0.030417770309509158,0.0
0.06983625524464428,0.0
0.02829205447002427,0.0
0.06192158549098037,0.0754716981132075
0.0,0.0
0.03771753831974195,0.0
0.03268930834657499,0.0
0.0,0.0188679245283018
0.0076317408775077675,0.0
0.034814320402804494,0.0566037735849056
0.029046071819062727,0.0
0.014979785846870701,0.0
0.011090641668266541,0.0188679245283018
0.0179941271584935,0.0
0.022380997828899046,0.0377358490566037
0.0016811073706749203,0.0
0.018531653515247586,0.0
0.05899308583634229,0.0377358490566037
0.038965791646278405,0.0
0.020353028311282093,0.0
0.0050455328094881294,0.0
0.055365649614009554,0.0
0.011967819116509295,0.0
0.012272097341447461,0.0188679245283018
0.001846663817078843,0.0
0.06806147195433103,0.0
0.0,0.0
0.006935399553224858,0.0
0.0,0.0
0.013619957503400554,0.0188679245283018
0.009946182423417743,0.0
0.028877017680327348,0.0
0.01256546868612652,0.0
0.013915744016654658,0.0
0.0,0.0
0.008736553668734206,0.0
0.0988012441498865,0.0
0.0018418770933810846,0.0
0.014519263432389903,0.0188679245283018
0.0,0.0
0.02334271503848236,0.0
0.009680856929663896,0.0
0.015052583400514694,0.0
0.026244184534679096,0.0188679245283018
0.0,0.0377358490566037
0.0,0.0188679245283018
0.023596989306309116,0.0
0.06386283424997533,0.0
0.009429983177974248,0.0
0.02342984799732308,0.0188679245283018
0.01662519919122651,0.0377358490566037
0.005873364858037798,0.0
0.021448447874297033,0.0
0.0037012331490371593,0.0
0.0,0.0
0.004711473875150448,0.0377358490566037
0.017005954725946452,0.0
0.019626631601949433,0.0754716981132075
0.018592684457096633,0.0
0.015401054952015252,0.0
0.08288776441794415,0.0188679245283018
0.002813885809061565,0.0
0.015475370861055524,0.0
0.022559665753640386,0.0
0.0,0.0188679245283018
0.00917718526092396,0.0
0.02952741824938646,0.0754716981132075
0.023910331281717993,0.0188679245283018
0.021450439896279653,0.0754716981132075
0.035516096988477415,0.0188679245283018
0.0179871428553654,0.0
0.021339533790567484,0.0
0.036791660341297515,0.0566037735849056
0.018445503635825988,0.0
0.09662191360276322,0.0188679245283018
0.022892282410292772,0.0
0.02142977347854417,0.0
0.023332426529069944,0.0
0.0,0.0377358490566037
0.009434245008802036,0.0377358490566037
0.0,0.0188679245283018
0.020781546182215765,0.0
0.012079106558429916,0.0377358490566037
0.014415736230013116,0.0377358490566037
0.007702991907137226,0.0188679245283018
0.015415620007568881,0.0
0.012511075378965609,0.0
0.001872216971393264,0.0566037735849056
0.04523074639369151,0.1320754716981132
0.016406445580100782,0.0
0.009198857931205834,0.0
0.013784957225623467,0.0
0.005558225418315665,0.0
0.04734165222216094,0.0
0.026370477103167585,0.0
0.018572113163102453,0.0188679245283018
0.02350121581054743,0.0
0.0,0.0
0.023901579700932794,0.0
0.010749546910508537,0.0
0.056595716131384935,0.0
0.0,0.0377358490566037
0.000739726603439384,0.0
0.012297305113452804,0.0
0.01509387489741741,0.0
0.02484201390522499,0.0
0.015028912232753638,0.0
0.10184043239959978,0.0
0.009797801931833116,0.0
0.037388452889518003,0.0188679245283018
0.0001509550079763463,0.0
0.0,0.0
0.02249183907092924,0.0
0.04894282013253527,0.0
0.006406103349072684,0.0
0.006510758182625116,0.0
0.0,0.0188679245283018
0.04218634931453742,0.0
0.02796730159370086,0.0188679245283018
0.024821372241372736,0.0377358490566037
0.021437415499740434,0.0188679245283018
0.028840499213454003,0.0
0.030717117759807327,0.0
0.030810764677396886,0.0
0.0,0.0
0.018701068554842347,0.0
0.023371923991976042,0.0
0.004555354074447127,0.0188679245283018
0.032974326022325987,0.0
0.0432168346681815,0.0
0.014280969468638414,0.0
0.021738096163012605,0.0188679245283018
0.008046437099354842,0.0188679245283018
0.005307157662700747,0.0
0.03393962510137164,0.0
0.023717548102310027,0.0
0.04828315634084897,0.0
0.012138434346249493,0.0188679245283018
0.13115950225366124,0.0
0.0,0.0
0.00897105015797613,0.0
0.025033888289088885,0.0188679245283018
0.02188819176887718,0.0
0.003919575090243337,0.0188679245283018
0.02278997542691413,0.0188679245283018
0.20535491484300686,0.0
0.00831936275633684,0.0
0.010120039840157366,0.0
0.003393984396770193,0.0
0.014441835002282265,0.0
0.009462390962384229,0.0
0.012767106022662478,0.0
0.027134910572217827,0.0
0.04494253685963666,0.0
0.040854497800267967,0.0
0.0,0.0
0.011408034737188578,0.0188679245283018
0.03697642371908307,0.0
0.007414284566731061,0.0188679245283018
0.024317127004243946,0.0188679245283018
0.03779941389681344,0.0
0.014679512589591198,0.0
0.012104319500666445,0.0
0.004816584890508143,0.0
0.03066185836722087,0.0
0.012565034177629974,0.0
0.008972509508339265,0.0
0.001989143094648566,0.0
0.0,0.0188679245283018
0.011133911322246998,0.0
0.019318461896597774,0.0
0.021234456496967404,0.0
0.0009703420086596083,0.0
0.012543012710481416,0.0
0.011746080847118184,0.0188679245283018
0.017170825500379495,0.0
0.009684633247988284,0.0188679245283018
0.009173774695430107,0.0188679245283018
0.013264264066342828,0.0
0.019710673513192365,0.0
0.014277747727995328,0.0
0.006407371282905298,0.0
0.017549903796523995,0.0
0.00010414881642388251,0.0
0.017809266789878937,0.0188679245283018
0.011714251355708298,0.0
0.01939745999534326,0.0
0.020625902644432866,0.0
0.01573673979075089,0.0
0.03006695464572726,0.0
0.03883983778244685,0.0
0.0039715672164264346,0.0
0.022101790933497928,0.0
0.04614698548887705,0.0
0.005450165864122718,0.0
0.01924527050253353,0.0377358490566037
0.012390991459838248,0.0
0.007322144961560533,0.0188679245283018
0.0,0.0
0.020762103057994388,0.0
0.0276673344447169,0.0
0.013300346538315154,0.0566037735849056
0.018547815403247937,0.0
0.013739724212143554,0.0
0.0047003770351285515,0.0
0.019613931737021306,0.0
0.014838014699457244,0.0
0.0,0.0
0.007519595594784898,0.0
0.014338455873643541,0.0
0.03265032836571411,0.0
0.02828738398168724,0.0
0.014649846882667206,0.0
0.033369494298401255,0.0
0.03557228364399499,0.0
0.01839791774795142,0.0
0.023247140637010656,0.0
0.019740534234085914,0.0
0.010609947347436142,0.0
0.004645425585381116,0.0
0.0,0.0188679245283018
0.02407357829555501,0.0
0.008958357342758756,0.0
0.016248923478126863,0.0
0.008078699629528258,0.0
0.00962162800523975,0.0
0.01621847950445915,0.0
0.03134324441010873,0.0
0.012573104232378158,0.0
0.012876394204212964,0.0
0.011090641668266541,0.0
0.0,0.0
0.0,0.0188679245283018
0.022020030375287193,0.0
0.016091375393318563,0.0
0.01291027293141709,0.0188679245283018
0.013059697651413174,0.0
0.015668793133382153,0.0188679245283018
0.015617329454124312,0.0
0.012853981202490924,0.0
0.0,0.0
0.015337135612303082,0.0
0.016794739383867593,0.0
0.019952862255976242,0.0
0.18063559065652732,0.0
0.007972372956719842,0.0
0.08198018757239264,0.0
0.012677487503984066,0.0
0.03422863977916315,0.0
0.006726675260008564,0.0
0.0230285195430947,0.0
0.017359839871130347,0.0
0.022797436340637932,0.0
0.012065762822561676,0.0
0.01617071574787656,0.0
0.00592714378396255,0.0
0.015045560479977705,0.0
0.004809614918821514,0.0377358490566037
0.0,0.0
0.015133271318703102,0.0
0.014058767693955984,0.0
0.019022188109545063,0.0
0.01678902554373159,0.0
0.027235901564965796,0.0
0.042847311988640356,0.0
0.01799428191256519,0.0
0.018369043324467885,0.0
0.01660407103052861,0.0
0.007224900941207749,0.0
0.01982088814096193,0.0
0.01214400644270392,0.0
0.0,0.0
0.005292931847103672,0.0188679245283018
0.015352698865639001,0.0
0.009437750377577193,0.0188679245283018
0.013564800839244289,0.0
0.011563876952068997,0.0
0.01994625649276708,0.0188679245283018
0.013498012395903584,0.0188679245283018
0.01619262821287435,0.0188679245283018
0.017903880648767904,0.0188679245283018
0.023446030648041075,0.0
0.004813074093194447,0.0
0.01597802482146829,0.0
0.031984043265541086,0.0
0.0,0.0
0.012697197973666521,0.0
0.011935244609267006,0.0
0.014673301949977442,0.0188679245283018
0.019682124558528767,0.0
0.032951284072568365,0.0
0.014454020791344044,0.0188679245283018
0.00872501778843019,0.0
0.01751516797965864,0.0
0.018518938894167242,0.0188679245283018
0.026693404962022525,0.0
0.015601231057462424,0.0
0.000926886203982371,0.0188679245283018
0.03114350911742115,0.0
0.029311571645239162,0.0
0.03059323829714508,0.0
0.02370270598280882,0.0
0.0028232329173930037,0.0
0.02097110251801631,0.0
0.005395553135424618,0.0
0.018598247137851274,0.0
0.013707094920037369,0.0
0.016998022683137565,0.0
0.013293754944159056,0.0
0.034031212056841995,0.0188679245283018
0.014367251175249061,0.0377358490566037
0.01063908283870391,0.0188679245283018
0.019036435939230784,0.0188679245283018
0.010852183859197917,0.0
0.0071297545580187895,0.0
0.002724811645039203,0.0188679245283018
0.010942392120717208,0.0
0.02498455280300293,0.0
0.026281471389243076,0.0
0.008625443301146563,0.0
0.015905538736669656,0.0
0.0038526262290760494,0.0188679245283018
0.0,0.0
0.017663102101967715,0.0
0.009031072154223179,0.0188679245283018
0.013615255090379051,0.0188679245283018
0.003812303954001791,0.0
0.026608420001146483,0.0
0.015222515049936719,0.0
0.019916880484485457,0.0
0.03687177335334438,0.0
0.039226427088284624,0.0188679245283018
0.037095236182754975,0.0377358490566037
0.01864858900810802,0.0
0.012934842641023443,0.0
0.006440966277972752,0.0
0.014736410089196293,0.0
0.010746498122261966,0.0188679245283018
0.022191589799615857,0.0
0.030637585412008207,0.0188679245283018
0.0,0.0
0.013649284678400797,0.0
0.006530881495800197,0.0188679245283018
0.0,0.0
0.005209869314498546,0.0
0.01886837519787665,0.0
0.018806909344075105,0.0
0.011118138654276306,0.0188679245283018
0.0,0.0
0.01355100596856736,0.0
0.012363678730985029,0.0
0.01300663789088791,0.0
0.005489585789909875,0.0
0.0,0.0
0.007989592918076117,0.0
0.006355192325507943,0.0
0.02715863836465022,0.0
0.009605827556441468,0.0
0.012546696954633441,0.0
0.012717761011997324,0.0
0.009066419040061365,0.0
0.005402536803893809,0.0377358490566037
0.016767495057304793,0.0
0.017532807407424415,0.0
0.011237469885992505,0.0
0.031262735716429284,0.0
0.01025107029805135,0.0
0.029471600643978146,0.0
0.004304282009668919,0.0
0.005113429776065584,0.0
0.012941766865461633,0.0
0.00922096608811179,0.0
0.012971492598937932,0.0
0.01969315041556538,0.0
0.007700119762726234,0.0
0.02023556814940975,0.0
0.01845739911328844,0.0
0.03310607506018471,0.0
0.0174683188876286,0.0188679245283018
0.015565989932655606,0.0
0.018857162391457558,0.0
0.06913729294161977,0.0
0.017145466972563018,0.0188679245283018
0.010623053415343107,0.0
0.018180804061830622,0.0
0.0,0.0
0.02309990649901265,0.0
0.02193789450940823,0.0
0.02163681099433741,0.0
0.016172325133695604,0.0
0.0,0.0
0.010007112539182756,0.0
0.0013721575390294018,0.0
0.032902711705463904,0.0
0.01418557948060762,0.0188679245283018
0.0038402123783609194,0.0
0.00825882987716218,0.0
0.031197491325123755,0.0
0.004999555129544679,0.0
0.009758588178010251,0.0
0.010390596391209159,0.0188679245283018
0.010618832348584285,0.0
0.008484244481369538,0.0
0.0,0.0
0.0,0.0188679245283018
0.00916854172248789,0.0
0.009462286558028598,0.0
0.005203121917610797,0.0
0.03598412527412002,0.0
0.02660201087600953,0.0
0.03688445632520447,0.0
0.02975667496001902,0.0188679245283018
0.01291027293141709,0.0
0.01734129438859465,0.0188679245283018
0.0036354080224704623,0.0
0.0,0.0
0.0,0.0
0.025130966253046814,0.0
0.0,0.0
0.014035906932552378,0.0188679245283018
0.009293023688275559,0.0
0.04087698638786556,0.0
0.0,0.0
0.001209487408435598,0.0
0.12720396259457395,0.0
0.021027465939155342,0.0
0.0,0.0
0.03468335206991134,0.0
0.03300486345892958,0.0
0.031302953075828685,0.0
0.028833277884248,0.0
0.0024001427465334853,0.0
0.018822302500429502,0.0
0.008920736932794281,0.0
0.009577831546351352,0.0
0.02781518836317908,0.0188679245283018
0.017655008301524718,0.0
0.012739485547541576,0.0
0.008070463936729163,0.0
0.018850540200363013,0.0
0.013198616093136205,0.0
0.005045169062222991,0.0
0.018818469553898105,0.0
0.0016030820476878385,0.0754716981132075
0.004427931593908688,0.0
0.007305149606217745,0.0
0.02314062067134316,0.0
0.021904393110877714,0.0188679245283018
0.008265520754173108,0.0
0.0069973984392817145,0.0
0.015091743781060898,0.0
0.012670225810847043,0.0
0.0183325619274302,0.0
0.04571895977834182,0.0
0.012105717523944296,0.0
0.01776034505280848,0.0188679245283018
0.019022188109545063,0.0188679245283018
0.02011466638041575,0.0377358490566037
0.009423916527712342,0.0
0.0,0.0377358490566037
0.02038234256383927,0.0
0.008479059122335627,0.0
0.05297389328580581,0.0
0.028877017680327348,0.0188679245283018
0.009429010297608464,0.0
0.01076974832790347,0.0
0.07013687379723321,0.0
0.009553376661228697,0.0188679245283018
0.0034020413221924352,0.0
0.02269496177956002,0.0377358490566037
0.021168447166422653,0.0
0.027556578910522905,0.0
0.017117575263698285,0.0
0.0,0.0
0.013097455613030043,0.0
0.009739490175944103,0.0
0.028738555392567953,0.0
0.004094905154338303,0.0
0.03697995473962698,0.0
0.010438562179812424,0.0
0.018739830833438366,0.0188679245283018
0.029276777536867256,0.0
0.0,0.0566037735849056
0.0045210808345439325,0.0754716981132075
0.006587689554434287,0.0377358490566037
0.0,0.0188679245283018
0.10304393290354294,0.0188679245283018
0.03203045469647374,0.0377358490566037
0.00942502770672708,0.0188679245283018
0.01042569103535184,0.0
0.029570104514317228,0.0
0.06609996836857177,0.0
0.0008130702636686354,0.0
0.020329803705309756,0.0
0.024162856958497243,0.0377358490566037
0.024019359550462804,0.0
0.013125661244686957,0.0188679245283018
0.018511286912287657,0.0
0.015915907184409706,0.0
0.0004320347007163942,0.0
0.010267753449703123,0.0
0.016105136842380807,0.0
0.009872521283828373,0.0
0.0,0.0
0.01763693683021406,0.0
0.028357722137974595,0.0
0.030081873445580647,0.0
0.007852823461209755,0.0
0.017914035932139027,0.0
0.006368193017130899,0.0
0.020371582125509564,0.0
0.03991490243490243,0.0
0.004896799286258,0.0
0.01213965075635224,0.0188679245283018
0.006236250377010895,0.0
0.004383023331746144,0.0
0.004427931593908688,0.0
0.009066419040061365,0.0
0.008338765294664166,0.0
0.00024960147033457935,0.0
0.0,0.0
0.013986259521466808,0.0
0.014665089776637087,0.0
0.004170896593211732,0.0
0.02967298765263137,0.0
0.019396309722415413,0.0
0.035213204547284424,0.0
0.008241982684549003,0.0
0.018277125139633723,0.0
0.017551138002130384,0.0377358490566037
0.0172475048709754,0.0
0.016299932969002406,0.0188679245283018
0.022215292454687476,0.0566037735849056
0.012180920215952828,0.0188679245283018
0.0,0.0
0.01634134471400269,0.0
0.03617382733528503,0.0
0.020014060570986807,0.0
0.031114250758178957,0.0
0.0010750363490107417,0.0
0.013111106474757163,0.0
1.2327908405900126e-05,0.0
0.03724825243437518,0.0
0.02342559261734685,0.0
0.00801518295091703,0.0
0.015398364040340541,0.0
0.03266595722332904,0.0
0.024052137118347482,0.0
0.006083107657778464,0.0
0.014538669567847736,0.0
0.013578189989129495,0.0
0.005497050718885645,0.0
0.005723741706621063,0.0
0.012609131423708623,0.0
0.3046565154486555,0.0188679245283018
0.014917338480634652,0.0
0.012734643836613165,0.0
0.0165090975531551,0.0
0.01885755004107981,0.0
0.012257759267553906,0.0
0.012924295257386982,0.0
0.008765505972284928,0.0
0.011816104514041824,0.0
0.01271564927072015,0.0
0.02727410019815698,0.0
0.023390192564581545,0.0188679245283018
0.0022515041210307714,0.0
0.0022241731618213283,0.0
0.029661913492690324,0.0566037735849056
0.018823349317643335,0.0
0.0,0.0
0.017418894331918056,0.0
0.0237637360968281,0.0
0.00530707247965154,0.0566037735849056
4.6964979389116146e-05,0.0
0.051354367045639636,0.0
0.00748663289005422,0.0188679245283018
0.005996912416995176,0.0
0.004214190167837644,0.0
0.008747730255364843,0.0
0.006950282746613539,0.0
0.05007828586591035,0.0566037735849056
0.029909651848096793,0.0
0.0,0.0
0.013437441535983377,0.0188679245283018
0.02253735071007993,0.0
0.00942205259292071,0.0
0.012672823919487344,0.0
0.0066055202289915516,0.0
0.0,0.0188679245283018
0.0387670370221899,0.0188679245283018
0.013848186143132605,0.0
0.008089710138873125,0.0
0.0,0.0
0.03847838797174424,0.0
0.029124257162929244,0.0
0.02163993547111135,0.0
0.0073667255054937755,0.0
0.0,0.0
0.02792126529308802,0.0
0.010523412864551655,0.0
0.0,0.0
0.01412580254605915,0.0
0.009441644473443197,0.0
0.01011326961011405,0.0
0.013933208548110839,0.0
0.010780336255992007,0.0
0.0,0.0
0.016992683397628678,0.0188679245283018
0.0,0.0
0.007806179962657089,0.0
0.034353356387206276,0.0
0.010575014165841647,0.0
0.015126770126129258,0.0
0.02505062024725022,0.0
0.0,0.0
0.0705087071570657,0.0
0.003701879975865396,0.0
0.016365917549324364,0.0
0.03046251296485022,0.0
0.0005160101376115912,0.0
0.030370425798904872,0.0188679245283018
0.0023307772756526192,0.0
0.009534679124275828,0.0
0.9561960812107282,0.0
0.009651778230079263,0.0
0.0,0.0
0.020757013329755266,0.0
0.007261296768229499,0.0
0.01878661294662724,0.0
0.010193684638319593,0.0
0.006343880836094747,0.0
0.008250750245801094,0.0
0.011062251029476177,0.0
0.01665180186627676,0.0
0.010834642980207958,0.0
0.02913875447637369,0.0
0.0,0.0
0.014132574125569742,0.0
0.01256504406596025,0.0
0.047698421661157925,0.0
0.0057263595040310195,0.0
0.026051833629297458,0.0
0.0029329818985211298,0.0
0.006733299497674768,0.0377358490566037
0.011656467636725298,0.0
0.01738892980374182,0.0
0.0010553089545522164,0.0188679245283018
0.02422999996314386,0.0
0.08327105252773755,0.0
0.008970206694126159,0.0
0.004458933041393655,0.0
0.014043582086920539,0.0
0.013157097536969664,0.0
0.0005446701810490811,0.0
0.01888425842375296,0.0
0.0,0.0
0.011725013589192836,0.0
0.005590803906782061,0.0
0.006518436794864635,0.0
0.0201316447608287,0.0
0.015295844754652599,0.0
0.010336313854205236,0.0
0.03228084368493508,0.0
0.0231758919755734,0.0
0.005634132482484132,0.0
0.002539692736353486,0.0
0.03313868443852476,0.0
0.0,0.0
0.016770145266642646,0.0
0.003393984396770193,0.0
0.0260419024168351,0.0
0.001935083968684891,0.0
0.004688060071875624,0.0
0.002514458837236997,0.0
0.01042377896709943,0.0
0.006522456815254288,0.0
0.008693729797136507,0.0
0.03446244456246557,0.0
0.024592539822790926,0.0
0.020831359243540067,0.0
0.022493108495709114,0.0
0.016701224305762506,0.0
0.0224278863015505,0.0
0.02788008839015243,0.0
0.027717419287820795,0.0
0.019443908421088958,0.0
0.02370572497577683,0.0
0.02650221422442909,0.0
0.023774174274020506,0.0
0.026532769902686604,0.0
0.0,0.0188679245283018
0.01345406047392187,0.0
0.015745896262809787,0.0
0.01178268178878866,0.0
0.00664217848820443,0.0
0.015241775962762192,0.0
0.00580691757240355,0.0188679245283018
0.03489358474989619,0.0188679245283018
0.005307157662700747,0.0
0.03244068815830044,0.0
0.0554313615807885,0.0
0.019539193542960565,0.0
0.006207880549197636,0.0
0.010967327311998043,0.0
0.027251011211731048,0.0
0.007006833872934349,0.0
0.0,0.0
0.0022515041210307714,0.0
0.01244538653979809,0.0
0.014184771709618004,0.0
0.04012530413563387,0.0
0.016441211881566307,0.0
0.011507968893286999,0.0
0.004706570727588839,0.0
0.013344809647797726,0.0
0.016643805847502968,0.0
0.013225522064041493,0.0
0.0,0.0
0.0,0.0188679245283018
0.03164172494766113,0.0
0.0012636278805944774,0.0
0.003536875250992616,0.0
0.01738892980374182,0.0
0.025676910779382223,0.0
0.0057263595040310195,0.0
0.01091739258232802,0.0
0.023301431667264262,0.0
0.0051336814889689055,0.0
0.019741539862246686,0.0
0.017306183949060156,0.0
0.01974238554093875,0.0
0.022964271245327482,0.0
0.008671046009930674,0.0
0.022236442943699905,0.0
0.025712811898407396,0.0
0.006635706785884961,0.0
0.04173943820056739,0.0
0.0,0.0
0.004060769173928706,0.0
0.01246902851319554,0.0
0.014596720662305173,0.0
0.009266462075599535,0.0
0.0034311575661959835,0.0
0.006350747623640727,0.0
0.01620239297600968,0.0
0.020225678242347632,0.0
0.02283471669532072,0.0
0.0,0.0
0.018441932029089284,0.0
0.009758637850579453,0.0
0.008305613382762636,0.0
0.018369043324467885,0.0
0.007117611090047417,0.0
0.017710604796756717,0.0
0.020072165003786262,0.0
0.02616036880706164,0.0
0.002894345942061553,0.0
0.005897371693803662,0.0
0.0055703790585421905,0.0
0.025622889906468566,0.0
0.001992698476704787,0.0
0.01577616237439085,0.0
0.00421413794702622,0.0
0.035569480185239026,0.0
0.01543152920586916,0.0188679245283018
0.009951758189213436,0.0
8.779449196770905e-05,0.0
0.0007375517098443823,0.0
0.015670874050601736,0.0
0.01016493592145073,0.0
0.144037237976397,0.0
0.00432905829914828,0.0
0.014366303407222752,0.0
0.014596720662305173,0.0
0.0032885951607639374,0.0
0.051044191640532005,0.0
0.01885440818983479,0.0
0.014603605975484569,0.0
0.02704249876712554,0.0
0.003431135424946535,0.0
0.012373761772247893,0.0
0.00817697492246942,0.0
0.0,0.0
0.004169881742081771,0.0
0.0,0.0
0.0016831898703731783,0.0
0.0,0.0
0.01224325051083907,0.0
0.008671046009930674,0.0
0.0,0.0
0.03775618177423747,0.0
0.03363440612144488,0.0
0.04618987384101134,0.0
0.0,0.0
0.0015719945813033155,0.0
0.0,0.0
0.004159480206370076,0.0
0.013229885041610588,0.0
0.002321416966030378,0.0
0.008207400122246173,0.0
0.0073109085901912375,0.0
0.003393984396770193,0.0188679245283018
0.0,0.0
0.00793671937038278,0.0
0.014900724772675997,0.0
0.0013728539288789463,0.0754716981132075
0.0,0.0188679245283018
0.015863803712368375,0.0188679245283018
0.007701114399505181,0.0
0.0009733381954414606,0.0188679245283018
0.017968333254057223,0.0
0.007694066895489071,0.0
0.020561256849066817,0.0377358490566037
0.013472688161389057,0.0377358490566037
0.02104507959160095,0.0188679245283018
0.0,0.0
0.0074629069684813195,0.0
0.012924245394825923,0.0
0.08400361453223365,0.0
0.015461815495053812,0.0
0.007214145500613334,0.0
0.01756910947690981,0.0
0.017902561380544593,0.0
0.029266032970452754,0.0188679245283018
0.01001122047230758,0.0
0.013893734702546208,0.0188679245283018
0.01610531545334059,0.0
0.008537890422211841,0.0188679245283018
0.018561565382876646,0.0
0.07249787938277549,0.0377358490566037
0.02145678718111883,0.0
0.023174761507887973,0.0
0.001513079512945154,0.0377358490566037
0.0,0.0377358490566037
0.009326698848947459,0.0188679245283018
0.026651935191533742,0.0188679245283018
0.005413271915542186,0.0
0.0076239404412652015,0.0
0.026044485703174608,0.0
0.018079386075063278,0.0
0.022771921734929076,0.0
0.0027840504002298845,0.0
0.023129621164123013,0.0
0.007686955144470712,0.0188679245283018
0.022459566828557657,0.0
0.011054436661790632,0.0188679245283018
0.018139461115304352,0.0
0.009811038086010254,0.0
0.020131261303826805,0.0
0.02623694226016945,0.0
0.008627421011869356,0.0
0.0020077784516732227,0.0
0.03417756332988983,0.0
0.05290259962444982,0.0
0.017713192346696893,0.0188679245283018
0.007114259261991796,0.0
0.02011466638041575,0.0188679245283018
0.01362209434164398,0.0188679245283018
0.0035020778828992014,0.0188679245283018
0.017380502927976712,0.0188679245283018
0.021473678583529405,0.0
0.008470877907314493,0.0377358490566037
0.013603890688992511,0.0
0.00043407759691726274,0.0
0.03671707392991854,0.0
0.005687219587720292,0.0
0.032682711912433174,0.0188679245283018
0.021750582171288887,0.0
0.01604509623304349,0.0
0.02610460919149214,0.0
0.013972994227947625,0.0
0.009774920942565678,0.0188679245283018
0.01040763777981292,0.0
0.006028914202607106,0.0
0.018739830833438366,0.0
0.016757944252430726,0.0
0.012294006636980565,0.0
0.010782409245385094,0.0
0.0031935817571391097,0.0
0.02432640069234483,0.0188679245283018
0.0,0.0188679245283018
0.053574976424903345,0.0
0.03456222855199498,0.0
0.030656491718127746,0.0
0.008699808824435124,0.0
0.017842162382889645,0.0
0.022250579219314073,0.0188679245283018
0.0023247004042641368,0.0
0.02709229677793245,0.0
0.03673031530781294,0.0188679245283018
0.016803122166748938,0.0
0.0015787638134836172,0.0
0.026287723800400217,0.0
0.011699336631251969,0.0
0.016837164313210157,0.0
0.019260400357826137,0.0
0.014582486567155717,0.0188679245283018
0.0,0.0188679245283018
0.025177605246643007,0.0
0.02115256519832675,0.0
0.0060349662050003085,0.0
0.04264506539357838,0.0377358490566037
0.017385595364031184,0.0
0.03127510088676062,0.0
0.012933860806129011,0.0188679245283018
0.004607676713149078,0.0
0.01240363799335123,0.0
0.0014280070423581348,0.0
0.031408755975458724,0.0377358490566037
0.004154629611661696,0.0188679245283018
0.011137364061579783,0.0188679245283018
0.022547460742000196,0.0188679245283018
0.013861746037276992,0.0
0.016879925785196544,0.0188679245283018
0.013078803857746015,0.0
0.015083277821573524,0.0377358490566037
0.010777835130857564,0.0188679245283018
0.008914215288219111,0.0188679245283018
0.004684944380894673,0.0
0.021825697069510902,0.0
0.017010546941590553,0.0
0.028355131979504917,0.0377358490566037
0.011741031871199611,0.0
0.01131683283587938,0.0
0.009428967481838654,0.0
0.005891215849187132,0.0188679245283018
0.01802249165829447,0.0
0.004854441519824517,0.0
0.03627262212646034,0.0
0.007792029511964668,0.0
0.0008266780393896855,0.0
0.011100548345803533,0.0188679245283018
0.012511728521776613,0.0188679245283018
0.014171382943953622,0.0188679245283018
0.010536700182515974,0.0188679245283018
0.019515393821206595,0.0
0.001904092996772615,0.0
0.0,0.0
0.008413652388627115,0.0377358490566037
0.009443356428812989,0.0
0.061781961179461026,0.0
0.008024490387923413,0.0566037735849056
0.012549044698939383,0.0
0.013825344158039779,0.0
0.0,0.0188679245283018
0.03747791033788153,0.0
0.006548242704797196,0.0
0.02239912047032564,0.0
0.0005446701810490811,0.0
0.0047230679321770145,0.0
0.013973971553535991,0.0188679245283018
0.0,0.0
0.014694709383721843,0.0
0.018548268048258716,0.0
0.010789567548700422,0.0754716981132075
0.0007290680603015444,0.0
0.0,0.0188679245283018
0.01521146665582648,0.0188679245283018
0.012924295257386982,0.0
0.012984779449165597,0.0
0.023797761231240236,0.0
0.00527802728440792,0.0566037735849056
0.010886992633640853,0.0
0.04106785120526977,0.0566037735849056
0.013905347143534022,0.0188679245283018
0.0,0.0
0.006425836699303255,0.0377358490566037
0.017236724323868028,0.0377358490566037
0.0,0.0188679245283018
0.01413690736573553,0.0
0.011607653667367792,0.0
0.010449150476245827,0.0
0.018228960729504744,0.0
0.026581611618079305,0.0
0.0126934340626709,0.0
0.017239392242561533,0.0
0.018846206038955305,0.0188679245283018
0.0444070879063995,0.0
0.014171382943953622,0.0188679245283018
0.03297819109388353,0.0188679245283018
0.010961519592413496,0.0
0.014112678097589898,0.0
0.0010512253733326786,0.0
0.01837540761126226,0.0
0.015393672433760493,0.0
0.009548875899359908,0.0188679245283018
0.015328048810621808,0.0188679245283018
0.005910706040447057,0.0
0.005590803906782061,0.0
0.006307909324997752,0.0
0.0,0.0188679245283018
0.018170253549131644,0.0
0.00801518295091703,0.0
0.011198670873688235,0.0
0.026780637572723837,0.0
0.07187756352854514,0.0188679245283018
0.015431505656374845,0.0377358490566037
0.013636753038925793,0.0
0.0250369954392776,0.0
0.013698283738942284,0.0188679245283018
0.028938515328802247,0.0188679245283018
0.0,0.0188679245283018
0.03718989965365691,0.0
0.020057160466973666,0.0377358490566037
0.011785916483188852,0.0
0.03869145708368545,0.0
0.023080198560863227,0.0
0.0,0.0
0.007053078466544341,0.0
0.06339114541133863,0.0188679245283018
0.07620311383152084,0.0
0.033138472326134094,0.0188679245283018
0.023899695060488127,0.0
0.014404615169587591,0.0
0.024461557614125957,0.0
0.017764113773213658,0.0188679245283018
0.0036213089734316722,0.0
0.00011618683866566502,0.0
0.0057659511380290865,0.0377358490566037
0.008218050678055306,0.0377358490566037
0.004896886298146537,0.0
0.0065769791895165675,0.0
0.0,0.0
0.011639434599975533,0.0
0.0345848196595699,0.0188679245283018
0.004706939123782103,0.0
0.0030690800593729094,0.0
0.004704464001271651,0.0
0.06690304733760791,0.0
0.08601466455412336,0.0188679245283018
0.0223112576726848,0.0188679245283018
0.006069524834976295,0.0
0.04490644528585255,0.0
0.01937686381689962,0.0188679245283018
0.03006924720971402,0.0
0.04012860991970694,0.0
0.028242394674441382,0.0
0.013897543250171803,0.0377358490566037
0.012398443029194543,0.0
0.015865655707250965,0.0188679245283018
0.020403185405479113,0.0
0.015664083437008276,0.0
0.049039051757570035,0.0
0.007958350574198653,0.0
0.0031131506943136377,0.0
0.00033609120841578263,0.0
0.0,0.0566037735849056
0.032699848847644666,0.0
0.015994465389784614,0.0188679245283018
0.0346927734976866,0.0
0.0002407469620008323,0.0
0.022256476831499335,0.0188679245283018
7.747577620539903e-05,0.0188679245283018
0.015753753839926592,0.0188679245283018
0.0064986828414325334,0.0
0.034986141414534176,0.0377358490566037
0.0,0.0
0.010797419065785999,0.0188679245283018
0.0047555844305046625,0.0188679245283018
0.026742670064631296,0.0188679245283018
0.02462937751027216,0.0188679245283018
0.03282519749366229,0.0188679245283018
0.01601301192360965,0.0188679245283018
0.0401002363158859,0.0377358490566037
0.03290215559287184,0.0566037735849056
0.014123856549338032,0.0188679245283018
0.04737451179795307,0.0
0.003950922944153348,0.0377358490566037
0.009950192763774974,0.0188679245283018
0.07766493054028009,0.0
0.0,0.0
0.007116580132342598,0.0
0.022441009613728885,0.0188679245283018
0.02787530640343558,0.0188679245283018
0.011947473501281756,0.0188679245283018
0.014701584707091282,0.0
0.0,0.0
0.0,0.0
0.02718314010209937,0.0188679245283018
0.010205130101184186,0.0188679245283018
0.08026438665666331,0.0
0.0031342570897834186,0.0
0.007316958098770349,0.0188679245283018
0.03145890952563897,0.0
0.06138898452474125,0.0188679245283018
0.00762273218719187,0.0188679245283018
0.01069757616430698,0.0
0.03549726973961615,0.0
0.015656024773643577,0.0377358490566037
0.0022654391096176858,0.0188679245283018
0.0,0.0
0.0,0.0188679245283018
0.0058524009116648285,0.0
0.009139136556204911,0.1698113207547169
0.011205370102875395,0.0
0.008515765174432362,0.0
0.014196821867929999,0.0188679245283018
0.004616695185094772,0.0188679245283018
0.037095236182754975,0.0377358490566037
0.008387701183895225,0.0
0.03414810053671502,0.0
0.015111949890194164,0.0188679245283018
0.0,0.0
0.024017242518359724,0.0188679245283018
0.3908642440170574,0.0188679245283018
0.017617716174445505,0.0377358490566037
0.0,0.0
0.014645793416390926,0.0377358490566037
0.02293673709006965,0.0377358490566037
0.0011724935199739564,0.0
0.007398810866401239,0.0
0.01597312232478756,0.0
0.0,0.0188679245283018
0.019410235294812346,0.0
0.030699424351211455,0.0
0.0,0.0377358490566037
0.019939387459279912,0.0
0.0522657279149492,0.0
0.00862946009562271,0.0
0.01584181654443894,0.0566037735849056
0.0482061744895736,0.0
0.001244296619780592,0.0
0.005747691034593533,0.0
0.008027237599984065,0.0
0.0026888292906585283,0.0
0.02765901367347891,0.0754716981132075
0.011924322021293086,0.0
0.03563048855192547,0.0188679245283018
0.012723238630536093,0.0188679245283018
0.020287561090501338,0.0754716981132075
0.01720849036156927,0.0
0.007845434929380933,0.0
0.016005570083955176,0.0
0.0,0.1132075471698113
0.0,0.0188679245283018
0.017680043711393947,0.0377358490566037
0.013153589187882385,0.0
0.01296209984408509,0.0
0.018942745238653646,0.0188679245283018
0.014072676278512853,0.0377358490566037
0.015635549703508753,0.0188679245283018
0.023875026627568435,0.0
0.007405227453912515,0.0
0.011947473501281756,0.0188679245283018
0.024442223433412538,0.0188679245283018
0.0,0.0188679245283018
0.007858381851905,0.0188679245283018
0.04059376760391957,0.0
0.0,0.0
0.022122574459059012,0.0
0.029039361978059806,0.0188679245283018
0.0098345360038345,0.0188679245283018
0.031289244196478355,0.0
0.02252005892185387,0.0
0.0006197209844273129,0.0
0.013636753038925793,0.0377358490566037
0.008783979881151658,0.0
0.011671699420440133,0.0377358490566037
0.02683661561683162,0.0
0.021515990674662224,0.0566037735849056
0.07685455538224356,0.0188679245283018
0.010861030310656687,0.0
0.0,0.0
0.012944074717210104,0.0
0.01222985000579514,0.0188679245283018
0.006801828501950949,0.0377358490566037
0.014982583607805867,0.0
0.0019756573187974533,0.0
0.027634083947894628,0.0
0.008770302241578846,0.0
0.008914202044685666,0.0377358490566037
0.023173993864921617,0.0
0.0,0.0188679245283018
0.029917297109643276,0.0
0.01541077259408808,0.0
0.006545988243878148,0.0188679245283018
0.03334647847722633,0.0188679245283018
0.014447740791435114,0.0
0.06686274293160188,0.0188679245283018
0.010549419001005813,0.0
0.02244378741927999,0.0
0.01828180016853095,0.0377358490566037
0.01738710189971624,0.0
0.0012841531587017563,0.0188679245283018
0.0020534785557694154,0.0
0.03707729714053941,0.0377358490566037
0.04199427600421343,0.0
0.0001063581235213884,0.0
0.021567314233749614,0.0188679245283018
0.007891934384518401,0.0
0.005010453183271308,0.0188679245283018
0.005000490019738172,0.0188679245283018
0.0,0.0
0.0,0.0377358490566037
0.00289263824245482,0.0
0.004885893860023755,0.0
0.01159603009100287,0.0
0.015967293550999826,0.0188679245283018
0.006299910730921046,0.0
0.009555617026426447,0.0188679245283018
0.004735073191129574,0.0
0.03886076350742576,0.0
0.02128979717163031,0.0
0.020772162894316895,0.0
0.01349748797751883,0.0
0.029800500620412198,0.0377358490566037
0.04648603791060831,0.0377358490566037
0.004742858037885298,0.0566037735849056
0.00633920784072664,0.0
0.005010453183271308,0.0188679245283018
0.0,0.0
0.0080080045039563,0.0
0.013973092924291093,0.0188679245283018
0.0,0.0188679245283018
0.008339855586721498,0.0188679245283018
0.0024454861345334106,0.0
0.018384259772357064,0.0188679245283018
0.004704464001271651,0.0
0.006237970282813592,0.0377358490566037
0.044984804698751074,0.0377358490566037
0.02718927685097915,0.0
0.05565242360807984,0.0566037735849056
0.0063751648345380715,0.0
0.028774347418414985,0.0
0.005603795257840708,0.0188679245283018
0.007412275866050206,0.0
0.014542487209384157,0.0
0.017935257818324925,0.0
0.0032965413950693254,0.0
0.0,0.0188679245283018
0.027689236679638705,0.0188679245283018
0.01864780417511835,0.0
0.004552223061676436,0.0
0.005852442465499026,0.0
0.0014279636630460172,0.0188679245283018
0.01621369247839216,0.0188679245283018
0.0,0.0
0.020854253698117508,0.0
0.055831758024927236,0.0
0.024881148741648706,0.0188679245283018
0.02285818368255777,0.0188679245283018
0.028897260031504217,0.0566037735849056
0.04862131063338047,0.0
0.0,0.0377358490566037
0.004758075494530977,0.0
0.03139849741574866,0.0188679245283018
0.020308750688555022,0.0188679245283018
0.004721979458698891,0.0377358490566037
0.04199604623244574,0.0
0.012984310071787193,0.0
0.03437192048827429,0.0188679245283018
0.010461941221859783,0.0188679245283018
0.051469077585722584,0.0
0.03691849584602978,0.0
0.046263030106075534,0.0
0.015383288368191647,0.0
0.01167489150031397,0.0
0.04401916863453288,0.0
0.023440089687287495,0.0
0.024676649572946477,0.0566037735849056
0.04351883357773725,0.0
0.048709605831839906,0.0
0.06934790541432002,0.0377358490566037
0.01650702005134754,0.0
0.014595611734837855,0.0377358490566037
0.009428889633276922,0.0188679245283018
0.023675016006835872,0.0188679245283018
0.02356352397711653,0.0188679245283018
0.04784744698997409,0.0
0.07807417452288334,0.0
0.03484794517478529,0.0377358490566037
0.05178159028252131,0.0
0.03339432129223885,0.0188679245283018
0.0,0.0188679245283018
0.05748453741085369,0.0
0.0009544551896082742,0.0
0.0,0.0
0.02713240892189815,0.0
0.013945369879859205,0.0
0.0007566588463519014,0.0188679245283018
0.0,0.0188679245283018
0.027572578906380603,0.0
0.015196862134646962,0.0
0.0,0.0188679245283018
0.0,0.0
0.00018590659214930139,0.0
0.0038653714368127707,0.0
0.02416410813728464,0.0
0.018689621316615848,0.0
0.013935850417155206,0.0
0.0664707462603631,0.0
0.015306293348654607,0.0188679245283018
0.0,0.0377358490566037
0.007716950248022311,0.0
0.006718619975646463,0.0
0.012331419565294531,0.0377358490566037
0.0,0.0
0.011888281863772256,0.0
0.0071105206952127575,0.0
0.018182058313068367,0.0188679245283018
0.006586917356757229,0.0
0.006800522007909781,0.0188679245283018
0.0072830375557260746,0.0
0.055496241473010716,0.0
0.016305697493366435,0.0188679245283018
0.028409508493172697,0.0188679245283018
0.026905902365900094,0.0188679245283018
0.03270412318223218,0.0
0.0,0.0
0.00658865364125468,0.0
0.014356084128421064,0.0188679245283018
0.010362296620102733,0.0
0.013595978167129947,0.0188679245283018
0.013555591698450399,0.0
0.017096431067088705,0.0
0.007780433123928636,0.0
0.009422041906133894,0.0188679245283018
0.02332612009259956,0.0
0.020030486764073284,0.0188679245283018
0.023766044409013573,0.0
0.022077726190645918,0.0
0.08020388956817959,0.0377358490566037
0.014816087953153341,0.0188679245283018
0.017889099946428427,0.0
0.02851680422552629,0.0188679245283018
0.028199050932781623,0.0377358490566037
0.008094621374158324,0.0
0.031167683383007933,0.0377358490566037
0.03257201622103133,0.0
0.013676579993268406,0.0
0.016775226809752738,0.0
0.006118471667881983,0.0
0.023486919504740016,0.0188679245283018
0.004059278807663182,0.0
0.001976149258991813,0.0188679245283018
0.0017098723637218908,0.0188679245283018
0.017379043796676173,0.0
0.0,0.0
0.015135987922322184,0.0
0.011559248742688415,0.0
0.014588101105991442,0.0
0.011207087313860884,0.0
0.014126261746729044,0.0
0.02504580486086662,0.0188679245283018
0.0005963398416447814,0.0
0.01733540995054858,0.0
0.012182935560089512,0.0
0.013309964563798411,0.0
0.0057396347619216356,0.0377358490566037
0.024907306691790965,0.0
0.022950793946713788,0.0
0.004113786381290082,0.0566037735849056
0.0044045744430257555,0.0
0.03318135511671033,0.0377358490566037
0.0006459790864256632,0.0
0.0009671721283506547,0.0377358490566037
0.026102290633313405,0.0188679245283018
0.16457845017354256,0.0188679245283018
0.01407535348713394,0.0
0.01945633254824613,0.0
0.013370197134367103,0.0
0.012476633124361562,0.0
0.043688641912415595,0.0566037735849056
0.016534476026693116,0.0
0.0,0.0
0.06776078134414709,0.0
0.028314074869333683,0.0566037735849056
0.0,0.0188679245283018
0.0,0.0
0.0,0.0
0.023583442724999328,0.0188679245283018
0.010551238020533376,0.0188679245283018
0.030646584312471505,0.0377358490566037
0.02721730953927224,0.0
0.014576884718721922,0.0188679245283018
0.0,0.0
0.03130256520078524,0.0
0.001885215550175453,0.0
0.006883515320223551,0.0188679245283018
0.011814051832665524,0.0
0.0026243683012663896,0.0
0.018851052236686514,0.0
0.00504492058058557,0.0
0.010377464610630683,0.0188679245283018
0.0012029013899542236,0.0188679245283018
0.012157903021911703,0.0
0.013097455613030043,0.0
0.009473133333723596,0.0
0.010051800916444599,0.0
0.03471346242664581,0.0188679245283018
0.016406301652729743,0.0
0.025761759799660153,0.0188679245283018
0.0,0.0
0.036087468640494294,0.0
0.023466960535528388,0.0
0.012712468911136391,0.0
0.0,0.0
0.0146177532420682,0.0
0.006029339059459269,0.0
0.004214333569873686,0.0188679245283018
0.030068780521047063,0.0
0.0,0.0188679245283018
0.009423815999291046,0.0
0.007280152388036267,0.0
0.015958804786428946,0.0
0.006564418677474405,0.0
0.0038049568648732155,0.0
7.87586108889661e-05,0.0
0.0,0.0188679245283018
0.06898304125887017,0.0188679245283018
0.0368392806499466,0.0
0.05772374461217032,0.0188679245283018
0.011475710282187626,0.0
0.0,0.0
0.018704644360199096,0.0
0.029759533143437402,0.0
0.01862128464858366,0.0
0.019694313747856573,0.0
0.0,0.0
0.03334723377613717,0.0
0.02902260713178731,0.0
0.01702641089907213,0.0188679245283018
0.004297156403329681,0.0188679245283018
0.013254590489514705,0.0
0.005161723289086329,0.0
0.021712759677389035,0.0
0.015508403614111436,0.0
0.018168638389964072,0.0
0.008212283608567003,0.0188679245283018
0.10415811853855766,0.0754716981132075
0.022478625033705374,0.0
0.0,0.0
0.02699768230512047,0.0188679245283018
0.01635996427535758,0.0377358490566037
0.007653647269575931,0.0566037735849056
0.021671148009587554,0.0
0.045439824009311444,0.0188679245283018
0.002816339988204416,0.0
0.008312795607537556,0.0
0.022727874032590474,0.0
0.016549782269141236,0.0
0.017455701011558713,0.0
0.027279563423241303,0.0188679245283018
0.016719996485897524,0.0
0.009333187655232462,0.0
0.013781080783236099,0.0
0.0008976643080652759,0.0
0.015013363193600122,0.0188679245283018
0.012296936360679817,0.0
0.024289746822360753,0.0
0.006183128241786619,0.0
0.012203973158960161,0.0
0.016430831253661148,0.0
0.025024658214568354,0.0
0.028752069042716696,0.0
0.02503645947100661,0.0
0.01807507598908078,0.0
0.02612691994623539,0.0
0.009362320225557504,0.0188679245283018
0.047293376257587005,0.0
0.003195947065995304,0.0
0.019310949107981423,0.0
0.01086331100796879,0.0
0.0,0.0
0.0,0.0
0.02566618118065324,0.0188679245283018
0.01314279502270107,0.0
0.04805305617212753,0.0
0.012709662541350059,0.0
0.01614173525650335,0.0
0.03071988285625794,0.0
0.00958086742775813,0.0188679245283018
0.026980486783435932,0.0
0.004401213648706895,0.0
0.01961951595816061,0.0377358490566037
0.014882544322755684,0.0
0.01261629284528174,0.0
0.014255628012071288,0.0
0.008715600122574914,0.0188679245283018
0.007061900459168778,0.0188679245283018
0.0,0.0
0.018179926833792548,0.0
0.004723761676849726,0.0188679245283018
0.02271437077409047,0.0
0.012882741093652547,0.0
0.029513419170481996,0.0566037735849056
0.021884077278798146,0.0
0.005693425248984146,0.0188679245283018
0.0,0.0
0.010335702655201296,0.0188679245283018
0.010673538042174332,0.0
0.018488170609916185,0.0
0.0273220175099349,0.0188679245283018
0.004896799286258,0.0
0.010830193000962406,0.0
0.03549247865229339,0.0
0.011342433033359545,0.0188679245283018
0.021646760728342703,0.0
0.04937224816037241,0.0
0.014208326883603017,0.0188679245283018
0.020620842395770046,0.0
0.02066628334504515,0.0
0.018823463674663272,0.0188679245283018
0.01473701374771572,0.0188679245283018
0.008797582873960458,0.0
0.011458573011486953,0.0
0.006541824438194925,0.0
0.012952925392039377,0.0
0.010695515584159092,0.0
0.016744179919596515,0.0
0.019332785880301163,0.0188679245283018
0.0,0.0
0.0065762557511725925,0.0
0.01360218044051545,0.0
0.0038380812169415907,0.0188679245283018
0.013518053292825714,0.0377358490566037
0.010506109131434602,0.0
0.003953679926323629,0.0377358490566037
0.005800438104834333,0.0188679245283018
0.007343167042077632,0.0188679245283018
0.007885602873068607,0.0
0.009817784541225333,0.0
0.008943774775381651,0.0
0.0026187947827941045,0.0188679245283018
0.009104146748176197,0.0
0.0,0.0188679245283018
0.028359481901904987,0.0
0.015848096722318874,0.0
0.00024464509319426094,0.0
0.015497759443790941,0.0
0.03924947995993457,0.0188679245283018
0.003254087714862368,0.0754716981132075
0.01590863796778916,0.0
0.014828047815053997,0.0754716981132075
0.04842968822427921,0.0
0.027929621060387985,0.0
0.011393217535691986,0.0188679245283018
0.0060349662050003085,0.0188679245283018
0.032891772922898244,0.0188679245283018
0.013033076954745188,0.0
0.007653134405580898,0.0
0.027418457409123964,0.1132075471698113
0.021589525869500515,0.0
0.00408712888022238,0.0377358490566037
0.018004319211882957,0.0
0.007372488846413521,0.0
0.013551595566338913,0.0188679245283018
0.005315803919035782,0.0377358490566037
0.018516021044631428,0.0
0.0459427976158195,0.0
0.012047453443887302,0.0
0.021038919689293986,0.0
0.0024601576127084666,0.0188679245283018
0.011349164296893548,0.0
0.02008785855673873,0.0
0.005646464348045639,0.0188679245283018
0.008361725347988758,0.0
0.03716292710002141,0.0
0.0008283112709438628,0.0
0.007833952618840033,0.0
0.006368193017130899,0.0
0.02107960022126129,0.0
0.016979531983701435,0.0
0.02208961872703261,0.0188679245283018
0.01422588372914004,0.0
0.0008457679126624253,0.0
0.002178199172863644,0.0
0.007224225729756106,0.0
0.013178910366355864,0.0
0.005829789910846662,0.0
0.02048300379405365,0.0
0.004664374042965355,0.0377358490566037
0.010702617196661804,0.0
0.012434223598696227,0.0
0.0037596716679066835,0.0
0.024507958428114845,0.0
0.009734739215191692,0.0
0.016437257172736284,0.0
0.027286913503652956,0.0
0.017066030717901762,0.0188679245283018
0.02487880018893424,0.0
0.0,0.0188679245283018
0.012539549801118577,0.0
0.013336737635586822,0.0188679245283018
0.013278174391056852,0.0377358490566037
0.01232476967567663,0.0
0.018867560176628818,0.0
0.06692434190712979,0.0188679245283018
0.007848314624937262,0.0
0.012784767871583932,0.0
0.005976680750153387,0.0
0.012220147725861084,0.0
0.029441566478874453,0.0
0.01819572511941664,0.0
0.0,0.0
0.026360443120602112,0.0
0.017794759941169445,0.0
0.0238411614380322,0.0
0.02320342294962058,0.0
0.015917228627708925,0.0
0.01893361343822118,0.0
0.028797298918190294,0.0
0.021842905121817004,0.0
0.006199269771929607,0.0
0.0018533154521949416,0.0
0.007006833872934349,0.0
0.031379700956245926,0.0
0.012703734256170916,0.0
0.0054648190592633825,0.0
0.01936958622617807,0.0
0.0007375517098443823,0.0
0.007312186787216111,0.0
0.00783110464759798,0.0
0.01673031474726292,0.0
0.00432905829914828,0.0
0.011867719843589322,0.0
0.002282661794441096,0.0
0.011895854721079232,0.0188679245283018
0.01788647150578352,0.0188679245283018
0.013302941454487929,0.0
0.022232507353466067,0.0188679245283018
0.02794871181379204,0.0
0.00913962941456511,0.0
0.009821551160144944,0.0
0.039944451129519234,0.0
0.012470903588751253,0.0
0.005261960217051472,0.0188679245283018
0.003985873100205782,0.0377358490566037
0.01858319840376083,0.0
0.001992627097089772,0.0
0.022560340064514645,0.0
0.0,0.0377358490566037
0.014603800452839901,0.0
0.0010622478246440092,0.0
0.013097455613030043,0.0
0.016732002571774193,0.0
0.004328157325445494,0.0
0.01624950491060378,0.0
0.008324984314155895,0.0188679245283018
0.004165665304535524,0.0
0.011461624060042868,0.0
0.021982215766636507,0.0
0.01640479409689039,0.0
0.0007118250072230748,0.0
0.0,0.0188679245283018
0.01569107917191948,0.0
0.013365191268628186,0.0188679245283018
0.014281074584315287,0.0
0.004704844769150228,0.0
0.01080186529609294,0.0
0.0060963545080116414,0.0
0.005955177886515509,0.0
0.02200343115424958,0.0
0.01615009164833,0.0
0.0,0.0
0.0,0.0
0.006430201376542206,0.0
0.009484628366526311,0.0
0.05710063748554639,0.0
0.018800802085207423,0.0
0.011054436661790632,0.0
0.009682098211152812,0.0
0.008845216620008716,0.0188679245283018
0.014888892193329655,0.0
0.015475482030355356,0.0
0.001483064292898129,0.0
0.006810642152391641,0.0
0.0032470812200911573,0.0
0.0,0.0
0.013908835935746119,0.0
0.01920184475185549,0.0
0.0028852478066378607,0.0
0.0,0.0
0.010276789228719819,0.0
0.021635770184462697,0.0
0.0255369492192208,0.0
0.011684112800603401,0.0188679245283018
0.0023410126835619574,0.0
0.021710745962064196,0.0
0.016939413314130212,0.0
0.007287231708083531,0.0
0.007818573366191003,0.0
0.009585532120904459,0.0
0.0156703918179236,0.0
0.00275231259927498,0.0
0.01370380177213985,0.0
0.0,0.0
0.020478790677108907,0.0
0.023036433982702262,0.0
0.017577774544596126,0.0
0.02190619633534004,0.0
0.011136443267861947,0.0188679245283018
0.004569682799982306,0.0
0.0023076900029034195,0.0
0.019359335069553434,0.0
0.006072417189310242,0.0
0.014588228959472703,0.0
0.009333871730002231,0.0
0.007131243310853059,0.0
0.012514094095789996,0.0
0.006368193017130899,0.0188679245283018
0.0,0.0
0.08664940562977959,0.0
0.0013291051696249544,0.0
0.013332079363714206,0.0
0.005765489920202543,0.0
0.0036301973969876757,0.0
0.001072430942658301,0.0
0.004250246548354038,0.0
0.011685547819856257,0.0
0.013090890056498593,0.0
0.00042858167086463374,0.0
0.011891169138076502,0.0
0.0,0.0
0.009212884823625506,0.0
0.027176264550839137,0.0
0.0,0.0
0.02886946208332979,0.0
0.017385595364031184,0.0
0.0020244127756642704,0.0
0.013369413678419612,0.0
0.009894712447332782,0.0
0.0,0.0
0.0394228133272399,0.0
0.02375581078038337,0.0
0.013855589721584675,0.0
0.009167891012717784,0.0
0.024110326949927464,0.0
0.011003955757257286,0.0
0.005895327581247817,0.0
0.03642853272695559,0.0188679245283018
0.028960637202517014,0.0566037735849056
0.0,0.0
0.0151043162741816,0.0
0.008339855586721498,0.0188679245283018
0.008421147390230413,0.0
0.03521778479528838,0.0
0.0047003770351285515,0.0
0.01676513383162479,0.0
0.02607813286626503,0.0
0.05405613031015267,0.0188679245283018
0.008653148733858097,0.0
0.005345079098811083,0.0
0.007668853083103647,0.0
0.008800159748216829,0.0
0.015898955641924357,0.0
0.007473645387254374,0.0
0.009649306393074836,0.0
0.005039690832207115,0.0
0.028849982365002563,0.0188679245283018
0.03875072590622568,0.0754716981132075
0.0,0.0
0.01128662533854103,0.0
0.014609960794938866,0.0377358490566037
0.01374998198586339,0.0
0.0221169103728542,0.0
0.0,0.0188679245283018
0.026673888280365557,0.0
0.0,0.0
0.0,0.0
0.01366385710814259,0.0
0.016523514191475873,0.0
0.017034772285581003,0.0188679245283018
0.010060077061544092,0.0
0.020750361341068956,0.0377358490566037
0.009163393152090703,0.0
0.010752176136126381,0.0
0.027959900276883096,0.0
0.018263479748865337,0.0188679245283018
0.0327736503700865,0.0377358490566037
0.004943377126171429,0.0
8.779449196770905e-05,0.0
0.00808958016778633,0.0
0.012510324884439919,0.0
0.01977894280002669,0.0188679245283018
0.009569173338087433,0.0188679245283018
0.0,0.0188679245283018
1.5435769115317716e-05,0.0377358490566037
0.02822129546760807,0.0
0.07568481508960197,0.0188679245283018
0.038165143222141144,0.0
0.031592245353838685,0.0377358490566037
0.08277025274080978,0.0377358490566037
0.00024653540164739783,0.0
0.0036594381693307513,0.0377358490566037
0.02972437801951027,0.0
0.0009614817398270533,0.0
0.026572074106881557,0.0
0.019387745811875128,0.0
0.024460471675363273,0.0
0.032831812218277835,0.0188679245283018
0.03058641343475088,0.0
0.001699017605283617,0.0
0.013284487858194045,0.0
0.014208986588791014,0.0
0.010537787508936976,0.0188679245283018
0.0,0.0188679245283018
0.011488961249875704,0.0
0.009428889633276922,0.0
0.007812085552901809,0.0
0.016899723227474076,0.0
0.011918398199347396,0.0
0.03379804477843729,0.0
0.013293910925322346,0.0
0.026420345012439124,0.0
0.0047813045895989436,0.0
0.010653234103303709,0.0
0.009315110193897306,0.0188679245283018
0.008724342787100004,0.0
0.021066689611499278,0.0
0.03887142063834155,0.0377358490566037
0.022845939975228713,0.0
0.022435504627982043,0.0
0.01649280819995654,0.0
0.018119101012476733,0.0
0.058059529793990844,0.0188679245283018
0.03873037412406563,0.0
0.016669887352478242,0.0188679245283018
0.004338736612598237,0.0
0.009654665253743352,0.0
0.011474345767371788,0.0377358490566037
0.0,0.0
0.014611784757452333,0.0188679245283018
0.0029879240729526755,0.0188679245283018
0.020572013742912388,0.0
0.00837417634068999,0.0
0.0012959299245244812,0.0
0.007688357697026885,0.0
0.05057813458161102,0.0
0.0,0.0566037735849056
0.025261684028246315,0.0
0.010126262609868378,0.0
0.017844122865686235,0.0
0.00670313722978115,0.0377358490566037
0.049354292137207136,0.0188679245283018
0.007460642100660918,0.0377358490566037
0.01722753171344455,0.0
0.03142690949979252,0.0
0.015412954430800773,0.0566037735849056
0.011816104514041824,0.0
0.016165539330545296,0.0
0.03064009578751899,0.0
0.006908102493134776,0.0188679245283018
0.019547221549848594,0.0
0.0014627720185260518,0.0188679245283018
0.026609328430540084,0.0
0.02062727282736688,0.0
0.004593567403051755,0.0
0.011805363366146338,0.0
0.0053562243219646985,0.0
0.02355407423775903,0.0
0.04698238609905979,0.0
0.009369698393379328,0.0
0.003946721498713916,0.0
0.013694316082058174,0.0
0.004037486901854836,0.0
0.010353151336173996,0.0
0.03324851428025991,0.0
0.010154423981258057,0.0
0.01631341902785415,0.0
0.05671326631515907,0.0
0.009448652610732793,0.0
0.020128105040844665,0.0
0.008646551045078284,0.0
0.12264372543410469,0.0188679245283018
0.02470208776878717,0.0
0.0044654442636426275,0.0
0.028361996248092724,0.0
0.0,0.0
0.01929927317803336,0.0
0.00421413794702622,0.0
0.00043482157399303166,0.0
0.0016338674999710745,0.0
0.004189873181424327,0.0
0.005953745937198014,0.0
0.014432386352959813,0.0377358490566037
0.018119959646966867,0.0188679245283018
0.0,0.0566037735849056
0.009434141489864774,0.0
0.05960041321841146,0.0
0.007928859676005285,0.0
0.018487060573594907,0.0
0.004505917822880366,0.0
0.001140984369682494,0.0
0.006029744251095981,0.0188679245283018
0.011935244609267006,0.0
0.012789446380822241,0.0
0.006307016479026842,0.0
0.01092943648378282,0.0188679245283018
0.015382089102479703,0.0
0.006731717606886624,0.0
0.014339888508482961,0.0
0.006287353954180801,0.0
0.0,0.0566037735849056
0.026410565630997418,0.0
0.01745557240505116,0.0
0.014878039234013084,0.0
0.015545666482589971,0.0
0.014221455431957027,0.0
0.01632589032008868,0.0188679245283018
0.014343663742351347,0.0188679245283018
0.006936112628847498,0.0
0.03639136425397923,0.0
0.016380473376351297,0.0188679245283018
0.0062207614809989455,0.0
0.01702815811722518,0.0
0.021423471277363777,0.0
0.041705261966867024,0.0377358490566037
0.016358468774491028,0.0188679245283018
0.049120743355056874,0.0188679245283018
0.014747117846823202,0.0377358490566037
0.01850657185732709,0.0188679245283018
0.012375615990550298,0.0
0.004457902900666021,0.0
0.0,0.0188679245283018
0.014140625608647837,0.0188679245283018
0.012056756087673919,0.0
0.013989187972586147,0.0188679245283018
0.006768367491784967,0.0
0.008732953104060472,0.0
0.01835682120027921,0.0
0.005244585819183092,0.0
0.023826447222749646,0.0
0.006936112628847498,0.0
0.009428960331868241,0.0377358490566037
0.0005568120153014266,0.0
0.02795583792855053,0.0566037735849056
0.009259104566426498,0.0
0.013367318283428312,0.0
0.0,0.0
0.015380575860408923,0.0188679245283018
0.02642031707578064,0.0
0.013742911619301147,0.0
0.014433007881725798,0.0188679245283018
0.04198342538389509,0.0188679245283018
0.031085945548418682,0.0
0.023747787209751056,0.0188679245283018
0.0078575376462397,0.0
0.013949792438622072,0.0188679245283018
0.006508246809587736,0.0
0.004790432790368332,0.0
0.006036249545735857,0.0
0.0,0.0
0.038809074622819,0.0
0.0,0.0
0.006832414193875059,0.0
0.014146153196570824,0.0
0.020853279415896733,0.0566037735849056
0.03362518359726757,0.0188679245283018
0.0,0.0
0.0011073228593711814,0.0188679245283018
0.02578436072381838,0.0
0.01693249144335917,0.0188679245283018
0.0,0.0
0.013916139547506404,0.0188679245283018
0.0008801896369570988,0.0188679245283018
0.002436317682505817,0.0
0.012619358851701339,0.0
0.025367785117591468,0.0188679245283018
0.01771419445387309,0.0188679245283018
0.02165471872195871,0.0
0.02207598403154616,0.0566037735849056
0.0,0.0188679245283018
0.02326046891770475,0.0
0.02871873932613227,0.0
0.036504860399470644,0.0
0.04688701657920377,0.0
0.03945164260705959,0.0
0.020574314326280558,0.0188679245283018
0.014148444951891118,0.0
0.019624359235812797,0.0
0.023448412507228403,0.0
0.005882002492101952,0.0188679245283018
0.014454162571394067,0.0
0.029164878808563242,0.0377358490566037
0.0,0.0188679245283018
0.260141717145729,0.0
0.0032266804939075225,0.0
0.12781064989515636,0.0
0.02105853000589808,0.0
0.008921895167262143,0.0
0.009315110193897306,0.0
0.04421936213912966,0.0
0.011389681678289618,0.0188679245283018
0.009151964533703694,0.0
0.016182501132526762,0.0188679245283018
0.011022819634656596,0.0
0.007439560250040584,0.0377358490566037
0.008048876769918698,0.0
0.007005708611098874,0.0188679245283018
0.010272701340143846,0.0
0.00584264746547908,0.0
0.03334287698385286,0.0
0.008980386428242636,0.0188679245283018
0.014915500154742982,0.0
0.0,0.0
0.0015996807076233586,0.0
0.016248627235534073,0.0
0.0,0.0566037735849056
0.013683537828997448,0.0188679245283018
0.03188209754851917,0.0
0.010361760852320096,0.0
0.017898736986644324,0.0
0.02721599806159369,0.0
0.012346248733019028,0.0
0.0,0.0
0.0110431630824981,0.0
0.000490868769651911,0.0
0.0,0.0377358490566037
0.022537252279286636,0.0188679245283018
0.010730815969281793,0.0
0.05639803970057436,0.0188679245283018
0.002774829028133851,0.0188679245283018
0.0008661695019527063,0.0
0.015541463530389373,0.0
0.016125598081578058,0.0
0.007131243310853059,0.0
0.0,0.0188679245283018
0.012924245394825923,0.0
0.031979564568349016,0.0
0.005373193670370539,0.0377358490566037
0.012092378732363658,0.0
0.009892479033146875,0.0
0.011639434599975533,0.0
0.007075991658295919,0.0
0.03030707359286495,0.0188679245283018
0.013360994136106712,0.0
0.014407335206853542,0.0
0.016678604759273602,0.0377358490566037
0.0,0.0
0.0,0.0188679245283018
0.0,0.0
0.028825862218018104,0.0
0.013362186375497834,0.0
0.03007572603752887,0.0
0.006521962107557244,0.0
0.011175898825183772,0.0188679245283018
0.01774360143800837,0.0
0.025145582587988272,0.0
0.006489721204442454,0.0188679245283018
0.0,0.0188679245283018
0.0,0.0377358490566037
0.008693661739480019,0.0188679245283018
0.011785345967115264,0.0188679245283018
0.011940256592998537,0.0566037735849056
0.027215501064988396,0.0
0.0,0.0
0.035919717060185055,0.0
0.00854640047588635,0.0566037735849056
0.025476476222660516,0.0
0.018967236121776674,0.0
0.011789223029202154,0.0566037735849056
0.014092917232315073,0.0
0.0007192107189509736,0.0
0.006163875643187164,0.0188679245283018
0.014356084128421064,0.0188679245283018
0.015773828355617355,0.0754716981132075
0.011891647269974428,0.0188679245283018
0.0,0.0188679245283018
0.0,0.0
0.024455562957811015,0.0
0.0031690162459826195,0.0188679245283018
0.00817208643920075,0.0188679245283018
0.020450051429909605,0.0
0.027512868190969878,0.0
0.009913166614155802,0.0
0.018498675320373564,0.0188679245283018
0.010103669028369861,0.0188679245283018
0.04044330342970205,0.0
0.05056034157126501,0.0
0.01751269278045295,0.0
0.03220065714107568,0.0
0.021072547724067033,0.0
0.005634202689731143,0.0188679245283018
0.013294673428594188,0.0377358490566037
0.005133425404528511,0.0377358490566037
0.01821987029391915,0.0
0.0,0.0
0.03798518620799885,0.0
0.01767259192303709,0.0188679245283018
0.10466675568003343,0.0
0.03399323927931204,0.0
0.00920084615677118,0.0188679245283018
0.025991527977208717,0.0188679245283018
0.023514027556001127,0.0188679245283018
0.044984853756554685,0.0188679245283018
0.010349505925441803,0.0188679245283018
0.030345146024289064,0.0
0.028143524789257707,0.0
0.005778916314442553,0.0
0.011274455918858221,0.0
2.7388893129861452e-05,0.0377358490566037
0.0010254646769273451,0.0
0.008735120114969987,0.0
0.027265437184350382,0.0
0.0,0.0
0.0,0.0188679245283018
0.016511100470525415,0.0188679245283018
0.020665366274141804,0.0
0.039275868896348196,0.0
0.0,0.0188679245283018
0.019021684365692928,0.0
0.012647532587036433,0.0188679245283018
0.009776512310298023,0.0
0.015241955310198283,0.0
0.02489079852708806,0.0
0.006524019759686521,0.0
0.006823210546154966,0.0
0.006243885876176498,0.0
0.009690334576184336,0.0
0.008266028530130204,0.0
0.025676561714227695,0.0
0.024968148134861444,0.0
0.01956672406257376,0.0
0.08464851029320103,0.0
0.0,0.0
0.0022515041210307714,0.0
0.0054775835336056625,0.0188679245283018
0.00867484376946977,0.0
0.01602193877500709,0.0188679245283018
0.005373193670370539,0.0188679245283018
0.025045359843605747,0.0
0.013335708205240075,0.0
0.0,0.0
0.013709090668055176,0.0188679245283018
0.0008398312316813868,0.0188679245283018
0.022405030503329527,0.0
0.01395631306181212,0.0
0.010628441047194969,0.0
0.01806047655615173,0.0188679245283018
0.01182222352139131,0.0
0.08282262810737712,0.0566037735849056
0.0010700658083411078,0.0
0.006518654540598843,0.0
0.0,0.0
0.00027294820047688614,0.0
0.02253248402510771,0.0
0.009388183593926349,0.0
0.018863143248609666,0.0
0.0008045459000577173,0.0
0.006827351740303001,0.0
0.0018148717604336618,0.0188679245283018
0.012200990492244315,0.0
0.007007574737085137,0.0
0.026263464033240844,0.0
0.01523165306239305,0.0
0.020864050000844892,0.0
0.016936337980976105,0.0
0.014579941878410246,0.0188679245283018
0.0,0.0
0.0,0.0
0.028321253224717048,0.0
0.0,0.0566037735849056
0.0,0.0
0.01119744196086355,0.0
0.023791411549488398,0.0377358490566037
0.03895554315968747,0.0943396226415094
0.014822122957337803,0.0
0.0,0.0377358490566037
0.0,0.0
0.013978912397839579,0.0
0.009583703163627976,0.0
0.030815615551775873,0.0188679245283018
0.012360247402336594,0.0
0.000835085727025512,0.0188679245283018
0.0025118992704009297,0.0
0.009411067367204689,0.0
0.02437835011012491,0.0
0.022524236048398615,0.0
0.015431918999227301,0.0188679245283018
0.0015822119937004171,0.0
0.0317002665202445,0.0
0.026053785068626614,0.0
0.0004320347007163942,0.0
0.011752989950480618,0.0
0.017458627735762323,0.0
0.0,0.0188679245283018
0.014496606026140576,0.0
0.0363761399777891,0.0
0.014146153196570824,0.0
0.014387542770887711,0.0
0.012962342856564432,0.0188679245283018
0.016855201021184,0.0
0.015440706397691933,0.0377358490566037
0.013439383392385033,0.0
0.0011892435589139008,0.0
0.002706388792120318,0.0
0.0,0.0
0.011738502528658438,0.0188679245283018
0.019896507471580192,0.0
0.05544898009403764,0.0
0.05467255376109269,0.0
0.02309377139059566,0.0188679245283018
0.01890230300026407,0.0
0.008673972417447825,0.0
0.018518853672805806,0.0
0.008699145975264722,0.0
0.017467011063131685,0.0
0.005767013900826599,0.0
0.021702305765960595,0.0
0.0,0.0
0.01805962954877034,0.0
0.02713612591078745,0.0
0.016737588780994263,0.0
0.0038653714368127707,0.0188679245283018
0.019439493835260932,0.0377358490566037
0.024733811227107303,0.0
0.011158043096605896,0.0
0.026131459625628566,0.0
0.02628827761562922,0.0
0.02695664875523759,0.0
0.0973596257139977,0.0188679245283018
0.016385353929720396,0.0
0.03042037841886401,0.0377358490566037
0.007706931025724194,0.0
0.0,0.0
0.02025922026110787,0.0
0.004113786381290082,0.0
0.015171026400606327,0.0
0.036019231187753784,0.0
0.009801085517564511,0.0
0.0005173942953094523,0.0
0.021295084031905442,0.0
0.016364386913306456,0.0
0.021472876053037878,0.0
0.012520282101266938,0.0
0.01283016382336849,0.0
0.034537685973055385,0.0188679245283018
0.015263333133672794,0.0
0.02645787925966846,0.0188679245283018
0.01193005048064142,0.0
0.0010240352105057207,0.0
0.009479631429364112,0.0
0.015803387254011377,0.0
0.02853612114027821,0.0
0.02383076334291643,0.0188679245283018
0.03594590331000046,0.0
0.019729314884438773,0.0188679245283018
0.011805663984566207,0.0188679245283018
0.010503143152967288,0.0
0.007978292069383124,0.0
0.015815311843040955,0.0
0.009575631828559632,0.0
0.0026359476898288052,0.0
0.04933206642781525,0.0188679245283018
0.006015340372750226,0.0
0.049796042867947636,0.0377358490566037
0.010727839428998966,0.0
0.0028441885963203344,0.0
0.012096734696873519,0.0
0.01059151109186136,0.0188679245283018
0.019400042646819105,0.0
0.009732703127015581,0.0566037735849056
0.014012913141666448,0.0
0.0,0.0943396226415094
0.0,0.0188679245283018
0.0027588106613790396,0.0
0.031126561418602487,0.0
0.0014280070423581348,0.0
0.01001769706347475,0.0377358490566037
0.0263988100136852,0.0188679245283018
0.007583211658910459,0.0188679245283018
0.0,0.0
0.02728173299624325,0.0
0.006169310125631459,0.0
0.016378035131400213,0.0
0.007716950248022311,0.0
0.006579150292730724,0.0
0.009676082635082772,0.0
0.023894583969059094,0.0188679245283018
0.01881333824966103,0.0188679245283018
0.006543129523207387,0.0
0.0,0.0
0.017964348754908103,0.0
0.007940670782905786,0.0
0.0007375517098443823,0.0
0.014251078536097325,0.0377358490566037
0.05288535991228635,0.0
0.039388613508605355,0.0377358490566037
0.03775292512233231,0.0
0.023826447222749646,0.0
0.020466560458378705,0.0
0.018212411530631717,0.0188679245283018
0.029737950918660303,0.0
0.010988193702326308,0.0
0.004997600667684378,0.0
0.0,0.0188679245283018
0.003843677419811885,0.0
0.013343747350676033,0.0
0.015843430866010966,0.0
0.0072409352183152795,0.0188679245283018
0.014126600404985055,0.0
0.010337516161164456,0.0
0.004115520013880023,0.0
0.008758053803228727,0.0188679245283018
0.017866630947032572,0.0188679245283018
0.049119700919650226,0.0
0.010474388143515137,0.0
0.0028181965148891997,0.0188679245283018
0.027159372037183167,0.0
0.017617716174445505,0.0
0.017800595513570383,0.0188679245283018
0.01974509318478416,0.0377358490566037
0.011053796489970243,0.0
0.006227678410431899,0.0
0.06902709155713822,0.0
0.019893241685423845,0.0943396226415094
0.005303901089069503,0.0
0.0,0.0188679245283018
0.00021412673353620772,0.0
0.010120079786824214,0.0188679245283018
0.023010431729930645,0.0
0.0056761441080621896,0.0
0.022537341691283644,0.0
0.014459132626639889,0.0188679245283018
0.026611337753148386,0.0
0.024979741567670254,0.0566037735849056
0.0012646288302745985,0.0377358490566037
0.026148554328748644,0.0
0.0,0.0
0.02484888676709155,0.0188679245283018
0.0,0.0
0.016273139342979116,0.0188679245283018
0.02277605745899449,0.0188679245283018
0.027284593218301432,0.0
0.0031705609381402896,0.0
0.004035135835033336,0.0
0.0019463098316653854,0.0
0.019739708013294104,0.0377358490566037
0.024643925481191563,0.0377358490566037
0.006335255201438411,0.0
0.0018061948739038233,0.0188679245283018
0.007550964886507257,0.0
0.018079386075063278,0.0188679245283018
0.02228258137345316,0.0
0.013139955995419067,0.0
0.0287105366329184,0.0
0.010631970367767028,0.0188679245283018
0.004053980051254072,0.0
0.03905267181462527,0.0
0.01408615706624989,0.0377358490566037
0.008036152362782788,0.0
0.025446564778564853,0.0
0.02540371983529018,0.0188679245283018
0.010937305243243385,0.0
0.003669781225646509,0.0188679245283018
0.0,0.0
0.004269142690689716,0.0
0.021095766123333186,0.0
0.033895696517037485,0.0
0.017698091085314095,0.0
0.00974221840374054,0.0
0.04039081985612126,0.0188679245283018
0.0180193416190278,0.0377358490566037
0.05668445918216666,0.0377358490566037
0.01287595387638507,0.0
0.009132569837115086,0.0
0.02165644777430114,0.0
0.011480344714230673,0.0
0.0120255168173651,0.0188679245283018
0.023615203527579558,0.0
0.018956832439272688,0.0
0.014006199187922754,0.0
0.026515388518114216,0.0
0.013861749959547484,0.0
0.006361570463594657,0.0
0.011118719675834905,0.0
0.0162894068170356,0.0
0.010297767114590614,0.0
0.010963664313686027,0.0
0.02621244462564942,0.0
0.016157671242471125,0.0
0.0016929550984139357,0.0
0.0,0.0
0.011343798254832527,0.0566037735849056
0.004687356983535442,0.0188679245283018
0.014487566781864948,0.0
0.02122762549860087,0.0
0.013062329416618657,0.0188679245283018
0.17788044370233128,0.0188679245283018
0.012279385618085744,0.0
0.0,0.0188679245283018
0.005713689879660886,0.0
0.004872359071894453,0.0
0.026209783257553437,0.0
0.0,0.0
0.00555774069063983,0.0
0.0,0.0
0.018546422605396413,0.0188679245283018
0.014610992247996502,0.0
0.06414020255243877,0.0377358490566037
0.014679512589591198,0.0
0.042456485083228926,0.0188679245283018
0.05386650511762664,0.0
0.01797620016794505,0.0
0.014785896458786023,0.0
0.011584956529855483,0.0
0.012995237609245532,0.0188679245283018
0.00970741831702453,0.0
0.005686111016179857,0.0
0.035449660202048906,0.0188679245283018
0.03211348408705031,0.0
0.04517406719655773,0.0
0.028794368292915266,0.0188679245283018
0.0,0.0
0.01602527631865428,0.0
0.014850666642070638,0.0377358490566037
0.023030102521023256,0.0
0.0,0.0377358490566037
0.03611257220114588,0.0
0.01104514242737839,0.0
0.021737214740997057,0.0
0.09260641524338137,0.0
0.043947979540087896,0.0377358490566037
0.023215896266710837,0.0
0.0,0.0
0.023257112159601693,0.0
0.028514677867001584,0.0
0.02687208581025525,0.0377358490566037
0.016296318067830554,0.0
0.02740674710457506,0.0
0.037584634092891166,0.0
0.0,0.0377358490566037
0.01595944893919602,0.0
0.005276571870604464,0.0
0.007855761305198038,0.0377358490566037
0.009285628490022305,0.0
0.022487721583886733,0.0
0.03615884286488494,0.0188679245283018
0.016576008673417936,0.0
0.013270287563012278,0.0
0.008242926026410557,0.0188679245283018
0.04630736230011963,0.0
0.026945324652160742,0.0188679245283018
0.033509703521296716,0.0
0.018077064402667188,0.0
0.016211195961790707,0.0188679245283018
0.013047240617710737,0.0
0.0,0.0
0.03469138396549781,0.0
0.04153665321756903,0.0
0.0510319341532736,0.0
0.02070406866238507,0.1320754716981132
0.0025993658678930727,0.0188679245283018
0.014190547122539062,0.0
0.06649334455679874,0.0
0.006428239467226174,0.0
0.01553924426424721,0.0
0.009195986220636245,0.0
0.00973221898330166,0.0
0.012269621877048368,0.0
0.020672787283538704,0.0
0.05685052541253674,0.0
0.020072165003786262,0.0
0.026443912551338433,0.0
0.028087835028312566,0.0754716981132075
0.0197672928213626,0.0188679245283018
0.03120005035022742,0.0
0.03219743896482149,0.0377358490566037
0.021936759340828872,0.0
0.0024604450758158054,0.0188679245283018
0.019090325169965446,0.0
0.0,0.0188679245283018
0.009811625273542417,0.0
0.005889116999316215,0.0377358490566037
0.011144164800051162,0.0
0.0,0.0
0.014658333929211748,0.0
0.03568273404574326,0.0
0.011145497069561264,0.0188679245283018
0.005147848835437416,0.0
0.0015384271233789054,0.0
0.004404536042798999,0.0
0.08235183932947941,0.0188679245283018
0.007398810866401239,0.0
0.021778940152362966,0.0
0.021423968417897076,0.0188679245283018
0.027098618307530867,0.0188679245283018
0.008531031826995356,0.0
0.04260516199772631,0.0
0.019658454872571975,0.0
0.004521930973450373,0.0377358490566037
0.0066055202289915516,0.0
0.006470983282195298,0.0
0.018008527159934715,0.0188679245283018
0.00687913710635761,0.0188679245283018
0.018866473187869215,0.0377358490566037
0.0038653714368127707,0.0
0.011171654289975168,0.0
0.006355192325507943,0.0
0.04417526428147278,0.0188679245283018
0.023120147597223084,0.0
0.024483512043105848,0.0
0.003781421589880621,0.0
0.00445382417829263,0.0
0.018672276823164666,0.0
0.003163131262201671,0.0
0.017293590020203985,0.0
0.001127052510330278,0.0
0.023247140637010656,0.0
0.00644810100006606,0.0
0.04058919661301141,0.0
0.0334119960723461,0.0
0.00427007970159856,0.0188679245283018
0.024233003200719,0.0
0.008331388783681858,0.0
0.01642707979461587,0.0
0.021591483449394,0.0
0.00941725237634519,0.0
0.02584824770701957,0.0
0.020793986733075476,0.0
0.010065904527312305,0.0
0.029374277076865643,0.0188679245283018
0.02956336346461412,0.0
0.04714326923863143,0.0
0.046147381093293235,0.0188679245283018
0.013888135773232184,0.0
0.019875121010406643,0.0
0.01891494235763838,0.0188679245283018
0.0,0.0188679245283018
0.017725669229118536,0.0
0.010564854961311834,0.0
0.0017325147140324418,0.0
0.00837915167116556,0.0566037735849056
0.0012074941375702834,0.0
0.01898875734107075,0.0
0.011745575029356541,0.0188679245283018
0.015728267363783327,0.0
0.012636749029672358,0.0
0.01247529717209679,0.0
0.025350649455503547,0.0
0.01247886084606397,0.0
0.07393071124484121,0.0188679245283018
0.008306254681026174,0.0188679245283018
0.008650926651782341,0.0
0.024000612416929572,0.0
0.01874951833645642,0.0
0.010314942251299853,0.0
0.014154484740503789,0.0377358490566037
0.0072925511947806495,0.0188679245283018
0.015477178577849929,0.0188679245283018
0.007986736014058676,0.0
0.0021012427041571364,0.0
0.021522889242385053,0.0
0.12672315035198042,0.0188679245283018
0.022894284419257577,0.0188679245283018
0.016412660046957156,0.0188679245283018
0.004864884542724758,0.0
0.004507132743570862,0.0
0.01101159439078408,0.0
0.018922339697699124,0.0377358490566037
0.023812777290698944,0.0
0.011284618749252708,0.0188679245283018
0.04872351250107059,0.0188679245283018
0.016020182256166575,0.0
0.030311068678634746,0.0188679245283018
0.013695529392560296,0.0
0.015367604434438695,0.0
0.018030643938522214,0.0
0.01056732093839949,0.0188679245283018
0.012057714699274368,0.0188679245283018
0.018855775365146387,0.0
0.020478790677108907,0.0
0.004251705801414103,0.0
0.028241993237840553,0.0
0.002643179990695441,0.0
0.012142343126512726,0.0
0.01625594279325359,0.0
0.010592426471632607,0.0188679245283018
0.03185169430264273,0.0
0.011396794467888967,0.0
0.017174002929388893,0.0
0.05261639356831988,0.0377358490566037
0.01830953705938181,0.0
0.010981515330344829,0.0
0.008009487626420732,0.0188679245283018
0.009624872372690208,0.0
0.001683272359408539,0.0
0.00585607283497026,0.0
0.004967961762130998,0.0188679245283018
0.0,0.0
0.011506495676389854,0.0188679245283018
0.023564876605119536,0.0188679245283018
0.003958783755836185,0.0
0.02458695737435305,0.0566037735849056
0.008958357342758756,0.0
0.010897122923638437,0.0
0.027135314518457097,0.0
0.04477273065666489,0.0
0.0015252066368953137,0.0
0.002953214546730762,0.0
0.00978016493284532,0.0
0.009192726699278196,0.0188679245283018
0.006510758182625116,0.0
0.010788290049274469,0.0
0.00013421952238609088,0.0
0.01065060837720305,0.0
0.0,0.0
0.000324934905841662,0.0
0.003777201181214734,0.0
0.008454167539762227,0.0
0.01481793460118984,0.0188679245283018
0.0074901548895654185,0.0
0.037830985437665145,0.0
0.01460636237972827,0.0
0.005182016027152793,0.0
0.0,0.0
0.007198620187716212,0.0
0.03044161438941343,0.0188679245283018
0.0,0.0
0.025424017200679796,0.0
0.031441081066814244,0.0
0.05552513901617799,0.0
1.3156121191501557e-05,0.0
0.010091037931147852,0.0
0.0057461127494994714,0.0
0.015090216897716202,0.0
0.004684442628934109,0.0
0.022195688899488634,0.0
0.004525277867699222,0.0188679245283018
0.01495972061464502,0.0
0.0012761112151790967,0.0
0.00342686585124213,0.0
0.023014712309606847,0.0
0.046658091968200296,0.1320754716981132
0.01801659424055965,0.0
0.011627203226804207,0.0
0.029110077655476463,0.0
0.0,0.0
0.019959267213612065,0.0
0.011974600977572337,0.0
0.010297767114590614,0.0
0.0321456344360662,0.0
0.01502381630663697,0.0
0.07374417475470615,0.0
0.01546077110113582,0.0
0.014170822932443953,0.0
0.015487032864025824,0.0
0.009647643987779437,0.0
0.009151964533703694,0.0188679245283018
0.011807633688251074,0.0188679245283018
0.012573104232531447,0.0
0.011158106736376317,0.0
0.0,0.1320754716981132
0.027930457459658924,0.0
0.04619032236747123,0.0
0.010594619679759732,0.0
0.003891832635534621,0.0188679245283018
0.018755088225183555,0.0188679245283018
0.008994959093019787,0.0
0.03499821262504711,0.0
0.05009178104144348,0.0377358490566037
0.01619191748290139,0.0
0.010937305243243385,0.0
0.012073077250927582,0.0188679245283018
0.03829615192545086,0.0
0.008241939652901827,0.0
0.007408817246556261,0.0188679245283018
0.0,0.0
0.013218187601676722,0.0188679245283018
0.041138776717964884,0.0
0.033472419306978536,0.0
0.007651087199251679,0.0
0.005656341156661428,0.0
0.013456771499791943,0.0
0.018858209867735856,0.0
0.018875294275636896,0.0
0.012543012710481416,0.0
0.003600489984275689,0.0
0.0,0.0377358490566037
0.03018181995970519,0.0
0.013518053292825714,0.0188679245283018
0.02711110555536189,0.0
0.0,0.0
0.01987168637057462,0.0
0.01657262470565168,0.0
0.01813667532991339,0.0188679245283018
0.02196373033433235,0.0
0.0,0.0
0.0,0.0188679245283018
0.0253118295496173,0.0
0.028561428592043858,0.0
0.016139182307197287,0.0
0.010707727412106016,0.0
0.00808287041799293,0.0
0.0,0.0
0.006805991312227429,0.0
0.04572672945722644,0.0188679245283018
0.028338096417165233,0.0
0.0,0.0
0.013198632795392415,0.0
0.017778403173571804,0.0
0.030536862236438922,0.0
0.06723375304325874,0.0
0.0164906591425475,0.0188679245283018
0.0052817375218246546,0.0
0.01890514526723621,0.0
0.11395171628284792,0.0566037735849056
0.012745105405915792,0.0
0.02476768140240612,0.0188679245283018
0.016295098768378345,0.0188679245283018
0.0,0.0188679245283018
0.018306767626324886,0.0
0.013956208345248878,0.0377358490566037
0.0,0.0
0.00928684765585688,0.0
0.01265076207514942,0.0
0.01213965075635224,0.0188679245283018
0.0,0.0
0.014658950687187965,0.0
0.00644558257349715,0.0188679245283018
0.07748323946824365,0.0188679245283018
0.022854988413978324,0.0
0.016286806135124544,0.0377358490566037
0.0,0.0
0.014530713938580308,0.0
0.022450246998617238,0.0
0.0,0.0377358490566037
0.0242638562761068,0.0
0.055114458336655126,0.0188679245283018
0.007725399971525288,0.0
0.030237264957025736,0.0
0.03671310913856033,0.0188679245283018
0.011384649692188423,0.0
0.018680050629768553,0.0377358490566037
0.018754445374695485,0.0377358490566037
0.013919995392852578,0.0
0.050943545479878616,0.0
0.0,0.0188679245283018
0.01885849267991072,0.0
0.0,0.0
0.025911167660355144,0.0377358490566037
0.028832534815851227,0.0188679245283018
0.011237469885992505,0.0
0.0,0.0
0.011797470265118827,0.0377358490566037
0.053417476829881794,0.0
0.012365184587795086,0.0188679245283018
0.022275178825518657,0.0377358490566037
0.02426827421768003,0.0
0.014496292782499438,0.0188679245283018
0.006373782746413607,0.0
0.03611160601677654,0.0377358490566037
0.013330061357720939,0.0
0.01911746931812912,0.0188679245283018
0.04162044956124253,0.0
0.02582384551103314,0.0188679245283018
0.01737826371660711,0.0
0.04360005321652182,0.0
0.022653144180043973,0.0566037735849056
0.01625165039599689,0.0
0.00889850858036267,0.0
0.014684311538599816,0.0
0.01713873444685159,0.0
0.014309271100078963,0.0
0.033420159598971794,0.0
0.009427404732103774,0.0377358490566037
0.02289871414556543,0.0
0.005160276187675447,0.0188679245283018
0.011085018310626405,0.0
0.0,0.0
0.033245716299645955,0.0188679245283018
0.012158757149916176,0.0188679245283018
0.03171625636034955,0.0
0.01855186507626926,0.0188679245283018
0.017851940826373924,0.0188679245283018
0.02271449912132985,0.0
0.014037467615531105,0.0
0.007606039114851965,0.0
0.014317301975226269,0.0
0.04973542247855507,0.0
0.0,0.0
0.010120033147379423,0.0
0.002834700070340393,0.0
0.012919973661781508,0.0
0.0014110034124519804,0.0
0.0,0.0
0.0,0.0
0.039632471711180534,0.0188679245283018
0.016453555978680947,0.0377358490566037
0.03859810627895011,0.0
0.024304962207001422,0.0
0.0354654237876789,0.0
0.015616760415590118,0.0188679245283018
0.019403922397590246,0.0
0.006825523179369476,0.0188679245283018
0.01847535187095021,0.0
0.00022807763832308659,0.0
0.015497748844009682,0.0188679245283018
0.019414668330283696,0.0
0.0034020413221924352,0.0377358490566037
0.0,0.0377358490566037
0.0008092399506335495,0.0
0.0,0.0
0.03437307874793925,0.0
0.0029586261821465893,0.0188679245283018
0.018717309535918557,0.0
0.006719088865520919,0.0
0.012617458659435416,0.0
0.022656055203484696,0.0
0.0,0.0
0.02070243652894537,0.0188679245283018
0.011619526343981381,0.0
0.02376512838192053,0.0
0.008719303776595777,0.0566037735849056
0.031792267172543034,0.0
0.027142652673256447,0.0377358490566037
0.012987078242599067,0.0
0.038712955076391393,0.0
0.025497110728442955,0.0188679245283018
0.0,0.0
0.01510916223231735,0.0188679245283018
0.010148895001713617,0.0
0.07221573022103045,0.0
0.003938581037854463,0.0377358490566037
0.007598188241061293,0.0377358490566037
0.0007802063146032972,0.0377358490566037
0.014900724772675997,0.0
0.0028895442197012476,0.0188679245283018
0.028071078826864774,0.0
0.041381116871219585,0.0
0.022698185215516378,0.0
0.007588434191726323,0.0
0.002794633335362076,0.0
0.015611514605953522,0.0188679245283018
0.00663667617711057,0.0188679245283018
0.03146395251067101,0.0188679245283018
0.0188574274643747,0.0
0.04021716842106497,0.0
0.01984998647964904,0.0
0.009634038686656927,0.0188679245283018
0.0331146612542344,0.0
0.02353714010075495,0.0
0.0,0.0
0.014064128714700657,0.0188679245283018
0.008778065306317777,0.0
0.01890712835143148,0.0
0.02954699474353621,0.0
0.024518663843676063,0.0
0.011781004357401018,0.0377358490566037
0.0008065072734279579,0.0188679245283018
0.017027388529823696,0.0
0.012924295257386982,0.0
0.03790832884093778,0.0188679245283018
0.0015171318852551052,0.0
0.02150049071916816,0.0188679245283018
0.020130412212002607,0.0188679245283018
0.022393594618394026,0.0
0.016763141071707868,0.0
0.022733171434867326,0.0
0.053069336872224024,0.0188679245283018
0.03822588267860147,0.0
0.016611893286416705,0.0
0.03164292887771954,0.0188679245283018
0.014332596182862378,0.0
0.015222548071894746,0.0
0.016900070309403253,0.0
0.03954088824934382,0.0566037735849056
0.0,0.0
0.028976854762598963,0.0188679245283018
0.012544975578681328,0.0
0.03587542646917465,0.0
0.04965800934943646,0.0377358490566037
0.02057972861890669,0.0
0.02504329556514955,0.0
0.028157909731064332,0.0
0.01902025113451735,0.0188679245283018
0.001747648852166458,0.0377358490566037
0.03860426171624584,0.0
0.018408457962711608,0.0
0.02595815233193222,0.0188679245283018
0.0,0.0
0.031969509646829944,0.0377358490566037
0.008922616894737976,0.0188679245283018
0.00993646609469624,0.0754716981132075
0.01090825082903907,0.0188679245283018
0.027212952799165236,0.0188679245283018
0.018872481865863364,0.0188679245283018
0.019330109737701877,0.0
0.03488278793211406,0.0
0.028297374388701325,0.0188679245283018
0.019947906339418148,0.0188679245283018
0.029075839570053073,0.0566037735849056
0.054656188296160646,0.0
0.0310639025219977,0.0
0.0,0.0
0.0432372361231535,0.0
0.0,0.1320754716981132
0.0772143645330767,0.0566037735849056
0.0,0.0
0.02391579794492049,0.0188679245283018
0.0197453512642281,0.0
0.020039979641924763,0.0377358490566037
0.0028345555003090423,0.0
0.04046387325985509,0.0
0.019279039701971788,0.0
0.02222366521558912,0.0188679245283018
0.019947535060462138,0.0
0.04811575032342954,0.0
0.012363397406402948,0.0
0.03468299303029981,0.0
0.0248510659309968,0.0
0.02702154946430045,0.0
0.006828337041566164,0.0188679245283018
0.014854451505386251,0.0188679245283018
0.008606434362376878,0.0377358490566037
0.0,0.0188679245283018
0.01986579260716541,0.0188679245283018
0.0,0.0188679245283018
0.006642210087308359,0.0
0.020319391976569488,0.0
0.011550240164716912,0.0188679245283018
0.015210172798194064,0.0
0.010202878113109333,0.0188679245283018
0.02761348275927438,0.0
0.009021220991574902,0.0188679245283018
0.021494179060773402,0.0
0.010875554027649052,0.0
0.016734218024517817,0.0
0.0,0.0
0.013531479663437224,0.0188679245283018
0.021259472208554377,0.0
0.011665969707359499,0.0377358490566037
0.006132065617243399,0.0
0.0025118992704009297,0.0
0.011916324171812494,0.0188679245283018
0.020653675992625825,0.0
0.007581289337794348,0.0
0.010957292288417582,0.0
0.010621444965440234,0.0566037735849056
0.007615122727041793,0.0
0.0026893460992449634,0.0
0.01814176060833678,0.0
0.004705074751486004,0.0
0.004280255176331895,0.0
0.0,0.0377358490566037
0.0,0.0
0.02099252730876091,0.0
0.012278148787019438,0.0
0.015450999895464244,0.0
0.026449777859880313,0.0
0.01633276825065054,0.0
0.009430662913677008,0.0
0.006535914123193282,0.0
0.0,0.0
0.00927234942898204,0.0188679245283018
0.014444175758748585,0.0188679245283018
0.004980422094737514,0.0
0.034750222441607644,0.0
0.0030946389378165556,0.0
0.0,0.0
0.00825273539166462,0.0
0.010702617196661804,0.0188679245283018
0.024511024803859215,0.0
0.010949729959237806,0.0
0.01599249388452266,0.0
0.001087777120967649,0.0
0.015700571151886944,0.0
0.013406558266481263,0.0
0.015091673724134818,0.0
0.022834505741743456,0.0
0.006785884717965105,0.0
0.016330151245666863,0.0
0.016196337434917298,0.0377358490566037
0.0,0.0
0.014364139323767521,0.0
0.006099021393955902,0.0566037735849056
0.0,0.0188679245283018
0.012702796216681463,0.0
0.012245013908255852,0.0
0.01395024894264019,0.0
0.004620620899618008,0.0
0.017388747303840258,0.0
0.015351337583321484,0.0
0.0008846764356548443,0.0188679245283018
0.02115287859949755,0.0
0.019050350259114054,0.0
0.011263464313656942,0.0
0.009763786708841619,0.0188679245283018
0.003912955279884412,0.0
0.0042765839508045085,0.0377358490566037
0.018576308265836533,0.0
0.0168689839993633,0.0
0.014208854442825247,0.0
0.009882324328667778,0.0
0.025943261523912596,0.0
0.014684311538599816,0.0
0.00024653540164739783,0.0
0.011271302749429366,0.0
0.005008982290021212,0.0188679245283018
0.01690655977778167,0.0
0.01346667687961648,0.0
0.017255944097133817,0.0
0.016780599477481055,0.0188679245283018
0.0,0.0188679245283018
0.043598083347065296,0.0377358490566037
0.016286819716349328,0.0
0.010270050778291418,0.0
0.016077086469796706,0.0
0.0,0.0
0.00989724353445467,0.0
0.011193994908916054,0.0188679245283018
0.003164268317822041,0.0188679245283018
0.0,0.0377358490566037
0.025215543668797094,0.0
0.027198902402078208,0.0188679245283018
0.00333358100185215,0.0377358490566037
0.00847664242166498,0.0
0.00045273766516001657,0.0
0.03072022222240725,0.0
0.0164126461078936,0.0
0.02206040373703217,0.0
0.019612398602196563,0.0
0.02008061423785952,0.0188679245283018
0.013978912397839579,0.0
0.01994233368040278,0.0
0.006314307137546597,0.0
0.017446447095829352,0.0188679245283018
0.010732743181001519,0.0
0.00024960147033457935,0.0
0.0,0.0
0.016540186027714617,0.0
0.009950192763774974,0.0
0.005258600380679097,0.0
0.006099021393955902,0.0
0.012970307980345527,0.0188679245283018
0.016169258086008064,0.0188679245283018
0.010749546910508537,0.0
0.021430770505730654,0.0
0.017585198991429195,0.0
0.0,0.0
0.017289443186161324,0.0188679245283018
0.01742267998759493,0.0
0.00421413794702622,0.0
0.03925757831030011,0.0188679245283018
0.022134876036786502,0.0
0.02027397159262479,0.0566037735849056
0.013959270186957614,0.0
0.005729200520957409,0.0
0.007549150660343274,0.0188679245283018
0.013691036267395637,0.0
0.0,0.0
0.0020878319098836095,0.0
0.0015561084967705265,0.0
0.0255704412682539,0.0
0.024261948695345502,0.0
0.022556504019200528,0.0
0.007399748832129382,0.0
0.0010520888050751102,0.0
0.0006208606898207297,0.0
0.0138699436271699,0.0
0.011696465673487675,0.0
0.003663892128624505,0.0
0.009428926384626656,0.0188679245283018
0.027041891586286584,0.0
0.014956844359526371,0.0
0.007831885711984102,0.0188679245283018
0.005911465829935188,0.0
0.04519229566694567,0.0188679245283018
0.011601755842820319,0.0
0.007398810866401239,0.0
0.018850540200363013,0.0
0.011188899821824546,0.0
0.05845415116087412,0.0
0.0052445464457035245,0.0
0.022694720541494125,0.0
0.015834648848828903,0.0
0.012539301032953403,0.0377358490566037
0.02458695737435305,0.0188679245283018
0.0,0.0
0.029130695170908924,0.0188679245283018
0.01914318873064005,0.0
0.044177732998464135,0.0
0.0019523731040033089,0.0
0.005793317949146246,0.0
0.030645320705660294,0.0
0.02952939084997542,0.0
0.007309646604177936,0.0188679245283018
0.015146554401847699,0.0188679245283018
0.018856310554798816,0.0
0.040682225815620456,0.0
0.0,0.0
0.07023602238373054,0.0
0.024424404378894,0.0
0.0812114062071346,0.0
0.0345644464652192,0.0188679245283018
0.026103607672078463,0.0
0.009682782559619012,0.0
0.006459304889301565,0.0
0.003978171256770655,0.0
0.030638142184558834,0.0188679245283018
0.004214190167837644,0.0
0.0032358640257708076,0.0
0.001875322004690649,0.0188679245283018
0.005382620440347049,0.0
0.01101003775773825,0.0
0.0011943444257938862,0.0
0.028265672884299573,0.0
0.000995730188816105,0.0
0.002959295134027244,0.0
0.01871611480615551,0.0
0.010926834947828847,0.0
0.022608023052509696,0.0
0.0826280477466674,0.0
0.014356084128421064,0.0566037735849056
0.018357997032639708,0.0
0.009412531918240478,0.0
0.014271466380547366,0.0
0.015368951776083826,0.0188679245283018
0.03925825112056787,0.0
0.01842381754155229,0.0
0.0,0.0
0.0096230970295945,0.0
0.008366934164445982,0.0
0.0,0.0
0.039291482276514564,0.0
0.03386822944945022,0.0
0.001565615359791701,0.0
0.029382333367392786,0.0
0.01632379920209458,0.0188679245283018
0.019721416730904297,0.0188679245283018
0.0,0.0188679245283018
0.015104610507594561,0.0
0.006353277497904774,0.0188679245283018
0.013706321677155674,0.0
0.013915257030143527,0.0
0.011136331244651635,0.0188679245283018
0.01105046428099425,0.0188679245283018
0.0013291051696249544,0.0
0.009875396014477008,0.0566037735849056
0.028423848084897452,0.0188679245283018
0.0017453505299538635,0.0
0.01113472926984476,0.0
0.016664069327645265,0.0
0.009188981901957263,0.0188679245283018
0.0036268115916932367,0.0188679245283018
0.01938876145525688,0.0
0.011489204365184297,0.0
0.011556147933618963,0.0188679245283018
0.00606118049296067,0.0188679245283018
0.011781044867346118,0.0
0.023906593623230447,0.0
0.02470553867400716,0.0
0.026080688083115987,0.0
0.024337945618714107,0.0
0.015363913486192184,0.0
0.005311421947745074,0.0
0.036774636043784795,0.0377358490566037
0.04289342996225795,0.0188679245283018
0.02564240868677142,0.0
0.015502350141642862,0.0
0.0143621414094452,0.0
0.009173981826205492,0.0
0.006813381681966289,0.0
0.028373985005235313,0.0
0.019711798116854275,0.0
0.002428553855669659,0.0
0.018951007352147227,0.0188679245283018
0.012949591776907235,0.0188679245283018
0.13682680332483926,0.0
0.014085146475117534,0.0
0.0039994584716747834,0.0
0.010976451452662982,0.0377358490566037
0.04293743752162427,0.0
0.005942054180758488,0.0
0.013390225702052082,0.0
0.03663381299510157,0.0
0.00592714378396255,0.0188679245283018
0.025220279421036093,0.0
0.007537885929122425,0.0
0.013980319008396398,0.0
0.011891668406642516,0.0
0.013131897056845337,0.0
0.008330892718445112,0.0
0.0081675212381315,0.0
0.013679658031067085,0.0
0.01616325782280992,0.0
0.015436146774518496,0.0
0.04887163062606078,0.0
0.00664217848820443,0.0
0.013867283013034767,0.0
0.0008432003079924927,0.0
0.024331285160215935,0.0188679245283018
0.006119395050313959,0.0
0.0,0.0377358490566037
0.001975078732664516,0.0
0.01525329038497309,0.0188679245283018
0.015601231057462424,0.0
0.019244451349804993,0.0188679245283018
0.02198388581083771,0.0
0.006119782222374662,0.0
0.009286440014088876,0.0
0.04043756527991302,0.0
0.07321255162896695,0.0566037735849056
0.02119193781089537,0.0
0.014912632965187753,0.0
0.01988507968677574,0.0
0.010746498122261966,0.0188679245283018
0.0028494606049620165,0.0
0.024404033270286788,0.0
0.0003158895938452617,0.0
0.008657108455592866,0.0
0.02451473467728002,0.0
0.02378897374965715,0.0
0.02872836879519514,0.0
0.01802155839710108,0.0
0.006936702423716756,0.0377358490566037
0.010501679382960422,0.0
0.0425558948364627,0.0188679245283018
0.024939698053137414,0.0
0.01712928220834989,0.0
0.0026903159111111804,0.0
0.006617689872366189,0.0188679245283018
0.004701484743079418,0.0
0.021253228573796933,0.0
0.01926016295086881,0.0
0.034530629963666445,0.0377358490566037
0.036763920815689334,0.0188679245283018
0.011786630122459788,0.0
0.01368599399777214,0.0
0.1382740158184664,0.0377358490566037
0.030437077252683787,0.0
0.05096728473667591,0.0
0.010229925412296793,0.0
0.07228979047444906,0.0
0.015081564646090336,0.0188679245283018
0.020558569007152867,0.0
0.007778903455824148,0.0
0.008117720682713037,0.0377358490566037
0.0071710449305896675,0.0
0.0,0.0
0.0016790480910101834,0.0
0.0,0.0
0.13690052104674064,0.0
0.10091616665369105,0.0
0.02869535263258157,0.0
0.031476418239294805,0.0
0.041726952208225324,0.0377358490566037
0.045829110734776364,0.0
0.022425663542944785,0.0
0.1725107791032455,0.0188679245283018
0.07548545227920639,0.0
0.011569885430184251,0.0
0.017401329779597127,0.0
0.01683890228217326,0.0
0.0064215231657135125,0.0
0.031610658448510735,0.0
0.0,0.0754716981132075
0.0986965997015721,0.0
0.05278579581233013,0.0943396226415094
0.006858541494463383,0.0377358490566037
0.03398280833280792,0.0
0.006335522582112819,0.0
0.022360347055603542,0.0188679245283018
0.009844304409082481,0.0
0.025070572282857324,0.0
0.021111621495456614,0.0
0.0016737395912394056,0.0
0.07181682271607714,0.0
0.0,0.0
0.0007223498088259539,0.0
0.018636559887236642,0.0
0.017902561380544593,0.0
0.027258550658493433,0.0
0.02229640680785342,0.0
0.04952058865503693,0.0
0.0,0.0
0.027238028363596983,0.0188679245283018
0.10533664892914281,0.0377358490566037
0.0,0.0377358490566037
0.029322010661597897,0.0
0.007250543418234199,0.0
0.024453447832812225,0.0
0.0,0.0
0.011022819634656596,0.0
0.006465582599500039,0.0188679245283018
0.007095438135055003,0.0
0.015010610804578552,0.0
0.021403789833863728,0.0
0.014606005829061167,0.0
0.0,0.0566037735849056
0.009966686191340798,0.0
0.026360443120602112,0.0
0.002191223692112646,0.0
0.0007044403898971128,0.0
0.0,0.0
0.0862925896458661,0.0
0.07007725320835846,0.0
0.020795263331871632,0.0
0.01439709153701865,0.0
0.014886005478269638,0.0
0.09868544384938956,0.0
0.03573977450444352,0.0188679245283018
0.0,0.0
0.11799321565953302,0.0
0.0005353040628414635,0.0
0.022967580281797812,0.0188679245283018
0.04146974258539562,0.0
0.01180149544474798,0.0
0.01854341670782224,0.0377358490566037
0.0,0.0
0.10400855825133268,0.0
0.006136660903533006,0.0188679245283018
0.03948848330533702,0.0
0.031023054125004196,0.0
0.011352051299955439,0.0
0.024360692786554533,0.0
0.005151000668875654,0.0
0.02455881934306426,0.0
0.045694212034702676,0.0188679245283018
0.004783066162105838,0.0
0.041100101906342744,0.0
0.04250585322842018,0.0
0.012943989278332183,0.0
0.010098949608362112,0.0
0.044497865821989245,0.0
0.011251125404980003,0.0
0.002974212250320429,0.0
0.028038895580762804,0.0
0.04872572717098686,0.0
0.01794276061191362,0.0
0.0,0.0
0.07803778062517472,0.0
0.040645018095278956,0.0
0.03061220259512362,0.0
0.006943029616906471,0.0
0.0,0.0
0.05672469657893404,0.0
0.126686931932314,0.0
0.024004256320896894,0.0
0.06082871805949872,0.0
0.033338607926572325,0.0188679245283018
0.017317980054238416,0.0
0.019404852729304447,0.0
0.002195890643130579,0.0377358490566037
0.0,0.0188679245283018
0.010197565648814317,0.0
0.0455602189600815,0.0
0.0,0.0
0.008944908968835446,0.0
0.051152196473796825,0.0
0.018465242455978664,0.0
0.052435941574331305,0.0566037735849056
0.015388746044088956,0.0
0.027595952932686883,0.0188679245283018
0.0,0.0
0.07944385192879387,0.0
0.03210939750451867,0.0377358490566037
0.05373004569874141,0.0
0.057091588254020206,0.0
0.04153740977997419,0.0
0.057214734947260815,0.0
0.025537506734177113,0.0
0.028001948741089026,0.0
0.014457584987931682,0.0
0.019372695305783533,0.0
0.0069277062256262265,0.0188679245283018
0.11476926978815807,0.0
0.02590238336612194,0.0
0.035017625695020316,0.0
0.0,0.0
0.01710306162052195,0.0
0.04336476395591583,0.0377358490566037
0.051179678979254434,0.0
0.07035077833175488,0.0
0.09480396795923472,0.0
0.04634771122865512,0.0
0.04520301501685196,0.0
0.030504291487614466,0.0
0.016116394913458763,0.0
0.029387606449950407,0.0188679245283018
0.036050978067501224,0.0
0.02831946785597463,0.0
0.03114142941672503,0.0
0.012955620535099773,0.0
0.009123510791171597,0.0
0.04298157352494393,0.0
0.04541609688790215,0.0
0.06342750142689936,0.0
0.040855181623889625,0.0
0.026952562892881025,0.0
0.08098966283077642,0.0
0.01825756575290254,0.0
0.019039721553747162,0.0
0.02142239096244645,0.0
0.03300317502598515,0.0
0.012579140084645222,0.0
0.014097407969050731,0.0
0.062117742196392114,0.0
0.06351365418259536,0.0
0.030293152470650203,0.0
0.022123101805932556,0.0188679245283018
0.02816746869876335,0.0
0.02304965844356118,0.0
0.039881146268793716,0.0
0.039661178054860136,0.0
0.0,0.0
0.03439002946360719,0.0
0.02073058370074549,0.0
0.04189392411795398,0.0188679245283018
0.025360350181123942,0.0188679245283018
0.03351104043141622,0.0188679245283018
0.031206305175533175,0.0
0.032987478617317365,0.0
0.024299500150931803,0.0
0.014203079310806423,0.0
0.01394351064059944,0.0
0.004807004307297516,0.0
0.07539054832487961,0.0188679245283018
0.06484796452343268,0.0
0.0,0.0
0.004130326287775472,0.0
0.13157197309597557,0.0
0.11056796626885014,0.0
0.01307410012655343,0.0
0.030185037142551056,0.0
0.06326000918511172,0.0
0.027536197264479954,0.0
0.061395265755119575,0.0
0.04674686460947085,0.0
0.057154982704661274,0.0
0.010737823889261998,0.0188679245283018
0.05387240041123454,0.0
0.013942776782327668,0.0
0.021850412892661895,0.0
0.05581872254856424,0.0
0.05476336016067084,0.0
0.07261251742725104,0.0
0.04201700313404502,0.0
0.1441329345692826,0.0
0.012700857805313652,0.0
0.003910791904501668,0.0
0.006296558777419614,0.0
0.015126721828353978,0.0
0.009606060101300235,0.0377358490566037
0.10042687196456969,0.0
0.019635916519932087,0.0
0.041310675404042554,0.0
0.07092022411670637,0.0
0.08253744131217744,0.0943396226415094
0.0,0.0
0.05689985929453447,0.0377358490566037
0.05509909191668559,0.0188679245283018
0.05301591706679991,0.0188679245283018
0.18367186344358596,0.0
0.03461755629934793,0.0
0.01344874222018478,0.0
0.017894854292022738,0.0
0.11818681366061638,0.0
0.05014680856431378,0.0188679245283018
0.0,0.0
0.05390109560407698,0.0188679245283018
0.03472518423371225,0.0
0.05070277738247888,0.0
0.09357185547399727,0.0566037735849056
0.03298894554803983,0.0
0.04138189031158576,0.0
0.057980607317507996,0.0
0.0,0.0
0.01985298947054614,0.0
0.24227030677273012,0.0188679245283018
0.10266010794777382,0.0
0.002592501025291242,0.0
0.03711260837341059,0.0
0.04559455805303119,0.0
0.0,0.0
0.05171109694569781,0.0
0.03270412318223218,0.0
0.016356102907487246,0.0
0.009428960331868241,0.0188679245283018
0.029675091924058893,0.0
0.018872481865863364,0.0754716981132075
0.014750283247587002,0.0
0.012099607433991827,0.0
0.008925539935410521,0.0
0.021413964392448057,0.0
0.02195460534450352,0.0
0.058336683788911804,0.0377358490566037
0.06815609831988263,0.0
0.0531875953772503,0.0188679245283018
0.04711584902207736,0.0
0.024473105110851788,0.0
0.03500033057269804,0.0188679245283018
0.020864050000844892,0.0
0.051866774771412286,0.0
0.0630542635138868,0.0
0.0031840358722764403,0.0
0.0,0.0
0.1632720786076597,0.0188679245283018
0.007602746849172336,0.0
0.1399216624974517,0.0188679245283018
0.0034430147310852283,0.0
0.0979453834085878,0.0
0.1823551484193837,0.0188679245283018
0.03737824114236427,0.0
0.0967047590529275,0.0
0.02206777690174151,0.0
0.0,0.0188679245283018
0.06862609989959968,0.0377358490566037
0.06172034000970958,0.0188679245283018
0.030810330446995108,0.0
0.03530336352308897,0.0
0.002137824350915004,0.0
0.06693808828995206,0.0
0.00891156058053626,0.0
0.02681658218171389,0.0
0.03346696192218269,0.0
0.08542362989433994,0.0
0.05301778533426192,0.0
0.02537752212526186,0.0
0.029718522175985404,0.0
0.029200145381486967,0.0
0.008551769215998947,0.0
0.0,0.0
0.03655432282217819,0.0377358490566037
0.01145714231196774,0.0188679245283018
0.003986672529770259,0.0
0.006984210747117677,0.0
0.028008634390950325,0.0
0.03243376015566331,0.0
0.16918438732215857,0.0
0.017183198211462695,0.0
0.03262332020596545,0.0
0.04207803849527199,0.0
0.07980691698104135,0.0
0.021731444808789427,0.0
0.012641599716609135,0.0
0.02150486339863236,0.0
0.1228761889870563,0.0
0.0,0.0
0.017554124611302208,0.0
0.016402828684424133,0.0188679245283018
0.0497306446694352,0.0
0.012746721214127494,0.0
0.018213772523504434,0.0
0.03540724831983659,0.0
0.007363206031476873,0.0
0.03580618305420903,0.0
0.011393035749002044,0.0
0.03199239295195565,0.0
0.02077808931558591,0.0
0.0013181502046974419,0.0
0.046793226178179256,0.0
0.11287116852268288,0.0
0.008970206694126159,0.0
0.027359541480545604,0.0
0.01897089079198977,0.0
0.03926852748442711,0.0
0.05853609244439413,0.0
0.021426966615557704,0.0
0.019470878187791803,0.0
0.012466195193479733,0.0
0.011245879250030278,0.0
0.14504689329679435,0.0
0.006244994036108363,0.0
0.02259806199271169,0.0
0.022185180553388216,0.0
0.025228318141925363,0.0
0.02953228493611077,0.0188679245283018
0.03573050021356783,0.0
0.025636064490231217,0.0
0.061617351933190775,0.0
0.05439685635282518,0.0
0.07737021192811942,0.0377358490566037
0.06581334912680963,0.0
0.03668957428842318,0.0
0.021592547416927652,0.0188679245283018
0.0673840499786955,0.0377358490566037
0.026898132379147045,0.0188679245283018
0.04737731640226349,0.0
0.07691573504842558,0.0
0.0033487021442117886,0.0
0.044071472791493135,0.0
0.033008632777318074,0.0
0.0413840717957732,0.0
0.04000067105420403,0.0
0.014915917486342113,0.0
0.06045351272078354,0.0
0.031468478163821346,0.0
0.10017097556439032,0.0
0.036194844869397856,0.0
0.04480318891350257,0.0
0.03023825500362889,0.0
0.038698814207341954,0.0
0.038785985002120035,0.0754716981132075
0.012258410890112698,0.0
0.019431608841134953,0.0
0.008298050462240034,0.0
0.016829630136938733,0.0188679245283018
0.026915713935799234,0.0
0.018865464573381882,0.0
0.0717173548667657,0.0
0.05235245304375494,0.0
0.02396286575539843,0.0
0.00925279387224877,0.0
0.059337713413010695,0.0
0.27168842000122806,0.0
0.023827608685436315,0.0188679245283018
0.011632108034651808,0.0
0.016571279812884233,0.0
0.01974469922770547,0.0
0.03271841498261355,0.0
0.014654764945312645,0.0
0.022419161285185993,0.0
0.020925622536572173,0.0
0.005911465829935188,0.0188679245283018
0.009537001999352398,0.0
0.027455163601285346,0.0188679245283018
0.013150362624222726,0.0
0.004707155859853053,0.0377358490566037
0.0,0.0188679245283018
0.006539303538261537,0.0
0.026629329135927072,0.0
0.013815945554480477,0.0
0.01627539751058056,0.0
0.013913307289227017,0.0377358490566037
0.001240374901433948,0.0
0.018903286951292064,0.0
0.022366826391400804,0.0
0.0007429586161106366,0.0
0.018277125139633723,0.0
0.010926872833629057,0.0188679245283018
0.01557438355595464,0.0
0.05628758913138729,0.0
0.0,0.0
0.006138547384033036,0.0377358490566037
0.019210893123281877,0.0188679245283018
0.0,0.0
0.012858522846285442,0.0
0.0,0.0
0.016448405198139303,0.0
0.01778602681263828,0.0
0.0,0.0377358490566037
0.045235057438063185,0.0188679245283018
0.0005446701810490811,0.0
0.0,0.0
0.0,0.0188679245283018
0.006721646188496361,0.0
0.01339826713553935,0.0377358490566037
0.03048368503057103,0.0
0.015627563213867844,0.0377358490566037
0.0,0.0
0.014967373944590847,0.0
0.023227955714917415,0.0377358490566037
0.0,0.0
0.046130361454209345,0.0
0.004010707381105291,0.0
0.006438508254581185,0.0
0.009718793111437753,0.0
0.01658555348317875,0.0
0.0,0.0
0.020285830907379926,0.0
0.04233580201016099,0.0
0.0,0.0
0.003685770998167104,0.0
0.0,0.0
0.0,0.0
0.005026227235156484,0.0
0.006459304889301565,0.0
0.005408847611010798,0.0
0.022655579939989352,0.0
0.0111877075067311,0.0
0.00876862836801776,0.0
0.0001521316051424912,0.0
0.0,0.0
0.011381316306522345,0.0
0.021755065651428963,0.0
0.06131575455212471,0.0
0.023706844661478953,0.0188679245283018
0.00886567793818721,0.0
0.004278820241874431,0.0
0.012718722531638891,0.0
0.025666295018542933,0.0
0.05150025130830253,0.0
0.01706518070491153,0.0188679245283018
0.02068723417744767,0.0
0.05081941243413079,0.0
0.011811190725951735,0.0377358490566037
0.004715040656935635,0.0
0.05537630135710174,0.0
0.011209170808576054,0.0188679245283018
0.11192726625112821,0.0
0.009281154848308017,0.0
0.02769727652217124,0.0188679245283018
0.02188445116817447,0.0
0.027473941492235962,0.0
0.023997679496534863,0.0188679245283018
0.032120657244742945,0.0
0.02450453647936543,0.0
0.05988625804112606,0.0
0.012671642868754442,0.0
0.027032088197519417,0.0566037735849056
0.02585430419525215,0.0
0.08380016980699896,0.0
0.02729244428976107,0.0
0.020037472591232546,0.0
0.0353429372030598,0.0
0.03286928286494792,0.0
0.012749643382401128,0.0
0.028418620999413873,0.0
0.1023983842092936,0.0
0.018785394658902207,0.0
0.00923585323496493,0.0
0.005010703588960448,0.0
0.004896886298146537,0.0
0.037356167721206694,0.0
0.12352167801886955,0.0188679245283018
0.0,0.0188679245283018
0.0097854616199935,0.0
0.008134092091197507,0.0
0.023174761507887973,0.0
0.003212732743008071,0.0943396226415094
0.01493493481608555,0.0188679245283018
0.037419405072515295,0.1132075471698113
0.012791857006039261,0.0
0.02460924148492278,0.0754716981132075
0.007768208333138954,0.0377358490566037
0.016890031601503847,0.0188679245283018
0.0038526262290760494,0.0188679245283018
0.005972470512742841,0.0
0.017120484537838616,0.0
0.017049234762243928,0.0
0.007075991658295919,0.0
0.02331364748386277,0.0188679245283018
0.0,0.0
0.005109328693322115,0.0
0.0058916130975871575,0.0188679245283018
0.01841133795437113,0.0
0.0,0.0188679245283018
0.021229513371883266,0.0188679245283018
0.013878918764115398,0.0188679245283018
0.009255714755881139,0.0
0.014949624992685772,0.0566037735849056
0.0077622177220859545,0.0943396226415094
0.05061544183184485,0.0
0.004151575857264194,0.0188679245283018
0.012511075378965609,0.0
0.02642199065879421,0.0
0.017050652742100183,0.0188679245283018
0.003344549742856081,0.0
0.0,0.0
0.01943715024505071,0.0188679245283018
0.016709776746157142,0.0
0.014688400510302053,0.0
0.03787107269267793,0.0
0.0030120051871697943,0.0188679245283018
0.005650527931387873,0.0
0.00784193541425406,0.0
0.0030039803249049344,0.0
0.020360565025105727,0.0188679245283018
0.012486257418171337,0.0188679245283018
0.025826427667280664,0.0
0.014343297353776412,0.0377358490566037
0.019018703593223826,0.0
0.010300464135356516,0.0
0.033549097166872224,0.0
0.008950004135733328,0.0
0.011744964120139728,0.0
0.012108335102815984,0.0
0.0014627720185260518,0.0377358490566037
0.021362640965625176,0.0188679245283018
0.01424243737277128,0.0
0.014300452870060392,0.0
0.009760407038694716,0.0188679245283018
0.0,0.0
0.01446539919366368,0.0188679245283018
0.020549381706607805,0.0188679245283018
0.011136443267861947,0.0188679245283018
0.006122566964277914,0.0188679245283018
0.009984726128757424,0.0
0.0009957772335091178,0.0566037735849056
0.020358849558569286,0.0
0.019740534234085914,0.0
0.017950698759015365,0.0
0.0,0.0
0.01468955195233103,0.0
0.010258968108777836,0.0
0.011976192524732164,0.0
0.017668763120891537,0.0
0.0,0.0
0.01174751825032111,0.0
0.008145320013054192,0.0
0.005237376916439938,0.0
0.009583717613416833,0.0
0.013551400261974112,0.0
0.00686782906591813,0.0
0.022803718336691852,0.0
0.01236810891308218,0.0
0.00879174897333834,0.0
0.020973090783217532,0.0188679245283018
0.044816289366362366,0.0
0.0031207663637399536,0.0
0.018360197619626144,0.0
0.008036272704364723,0.0
0.014854443789237098,0.0188679245283018
0.016208271594131747,0.0
0.018427986983866697,0.0377358490566037
0.018903528578625657,0.0377358490566037
0.01057181342716948,0.0566037735849056
0.029486729344654166,0.0188679245283018
0.014406542904447513,0.0
0.006496386068733564,0.0
0.018158860579548533,0.0
0.013079645005592467,0.0
0.03545310345255241,0.0
0.02021862013968828,0.0566037735849056
0.012971931339389562,0.0
0.004458933041393655,0.0
0.009299144924993471,0.0943396226415094
0.00046376479464408526,0.0
0.011981684394264717,0.0
0.10609477179129545,0.0
0.017326802629002196,0.0
0.0073645425289820595,0.0
0.0077739673387310125,0.0
0.017046848451902907,0.0
0.007964097499532651,0.0
0.005260933271892362,0.0
0.03189362482276571,0.0
0.018380392547750004,0.0377358490566037
0.04790489604617199,0.0
0.01763895484070819,0.0188679245283018
0.020248566054637297,0.0
0.0038653714368127707,0.0
0.0,0.0
0.0,0.0
0.022830246991635064,0.0
0.0,0.0377358490566037
0.01828712253708046,0.0188679245283018
0.0,0.0
0.004523095459079357,0.0188679245283018
0.007845703611985057,0.0
0.019644168171765876,0.0
0.018852411384036583,0.0
0.014624483898949853,0.0
0.0,0.0
0.0012586523704907903,0.0
0.0,0.0
0.0,0.0
0.017385019582333624,0.0
0.005008982290021212,0.0188679245283018
0.012039525295251421,0.0
0.012664812657528996,0.0
0.030694590068862312,0.0
0.01864858900810802,0.0
0.012625615681177822,0.0
0.08816169874492277,0.0
0.009794819942742285,0.0
0.00550037669377253,0.0
0.01038186648204079,0.0188679245283018
0.02008305482198145,0.0566037735849056
0.0,0.0943396226415094
0.016654652364010016,0.0566037735849056
0.027653001362901025,0.0566037735849056
0.0,0.0188679245283018
0.012356098335284485,0.0
0.012616582491658387,0.0188679245283018
0.015769771765111646,0.0188679245283018
0.015804829139792774,0.0377358490566037
0.013846467950248239,0.0
0.010103669028369861,0.0
0.02052660553696086,0.0
0.008292592233125312,0.0
0.02740787909433465,0.0
0.019958103005872623,0.0
0.031524477449728694,0.0
0.015012025519519995,0.0
0.024655934011623436,0.0
0.018927351618237418,0.0
0.017601112380177718,0.0
0.0,0.0188679245283018
0.010760124957739207,0.0
0.033576385674228125,0.0
0.01362405681223281,0.0
0.04411181231468149,0.0
0.021162192577890072,0.0
0.02117958312912995,0.0
0.010956082375641541,0.0188679245283018
0.0069277062256262265,0.0188679245283018
0.1251128953586556,0.0
0.003515659082572595,0.0
0.03466207057991224,0.0
0.026441045079067728,0.0
0.0023965245571633733,0.0
0.01232826960172065,0.0
0.03036260979939355,0.0
0.005991663945492313,0.0
0.02916974623405152,0.0188679245283018
0.051853629811270695,0.0377358490566037
0.03001002973454576,0.0
0.027648770968876343,0.0
0.02365537006742421,0.0
0.034687568299734545,0.0
0.012665801776948727,0.0
0.030636762075490875,0.0
0.02601209196047571,0.0
0.10515766816203653,0.0
0.039959877080850845,0.0
0.028678772877907207,0.0
0.13967852797487273,0.0188679245283018
0.0626033785649959,0.0
0.10431653564655245,0.0
0.012542121040867075,0.0
0.0404711070617683,0.0
0.025092647245716408,0.0
0.0881338759499574,0.0
0.022017732406714854,0.0
0.10343626299560744,0.0
0.037731619693854995,0.0188679245283018
0.05030283843306913,0.0188679245283018
0.022508166330297494,0.0188679245283018
0.004279453730292355,0.0
0.02272158624268662,0.0
0.018871592460597778,0.0
0.002841006124646329,0.0188679245283018
0.0,0.0
0.030116545435477697,0.0
0.015100015107339649,0.0
0.0163781019749096,0.0
0.024117832823615883,0.0
0.01849005226727086,0.0
0.019826503357534674,0.0
0.00812441598823092,0.0
0.023273036669499585,0.0188679245283018
0.026084401073948223,0.0188679245283018
0.009429936064830169,0.0
0.014424079202440572,0.0
0.015400821939953574,0.0
0.010291765823314295,0.0
0.03723448579920918,0.0
0.08043968180900002,0.0
0.024404483259502223,0.0188679245283018
0.03474312225757721,0.0
0.03268398549305934,0.0
0.030757569182922308,0.0
0.015233506405876255,0.0377358490566037
0.10915312879554462,0.0188679245283018
0.029533177654845158,0.0188679245283018
0.01873198564618752,0.0
0.028320152972756158,0.0
0.01568006149513397,0.0377358490566037
0.01569226716134632,0.0
0.0037600159339245542,0.0
0.0,0.0
0.026894694149432685,0.0
0.016399016973706968,0.0
0.0,0.0
0.014633600636129946,0.0
0.002823419994642026,0.0566037735849056
0.05378160071857148,0.0377358490566037
0.04037933195645787,0.0377358490566037
0.03399920450795852,0.0
0.0,0.0
0.012827184725179266,0.0
0.13837537078902343,0.0
0.021130063606336406,0.0188679245283018
0.028665158636384188,0.0943396226415094
0.023609030452082253,0.0188679245283018
0.02330456847256378,0.0
0.09725584031395285,0.0
0.05436722671089459,0.0
0.0,0.0566037735849056
0.061614871144936585,0.0
0.06573460865550264,0.0
0.06323581403252394,0.0
0.019248104430176653,0.0
0.000668439431207285,0.0
0.06600717570653422,0.0
0.006757698848706827,0.0
0.01745346305643925,0.0
0.08402194158518254,0.0
0.021177558200968387,0.0
0.0531828442234309,0.0
0.061122790191548176,0.0
0.042116852587402796,0.0
0.022967439510433393,0.0
0.036637580219257365,0.0
0.009960750776013728,0.0188679245283018
0.2491521751110052,0.0188679245283018
0.042741017288751265,0.0
0.12241984691021619,0.0566037735849056
0.08180443213670982,0.0566037735849056
0.0,0.0
0.109681647183108,0.0377358490566037
0.027199632943339727,0.0377358490566037
0.05836276250588526,0.0943396226415094
0.07767075842955412,0.0
0.07122912107220747,0.0
0.053520548593565295,0.0377358490566037
0.017292506330948993,0.0377358490566037
0.0628408985978241,0.0
0.05155100418726854,0.0
0.058547044413901,0.0
0.04565279285573661,0.0
0.09701564988052876,0.0566037735849056
0.06808214259173725,0.0
0.0903236318895741,0.0566037735849056
0.07509962992757033,0.1320754716981132
0.03887202865280443,0.0188679245283018
0.059553184078043914,0.0188679245283018
0.12287624088538834,0.0377358490566037
0.027179637352570243,0.0188679245283018
0.12717761377367454,0.0188679245283018
0.029173201709293724,0.0
0.018324198326422802,0.0
0.036276386322607476,0.0
0.027380062393587604,0.0188679245283018
0.0559593621322078,0.0377358490566037
0.0742295612335849,0.0
0.13321637647759169,0.0188679245283018
0.052717932355844675,0.0188679245283018
0.032494129345869996,0.0566037735849056
0.02159129254007193,0.0
0.04353618058818622,0.0566037735849056
0.0043429678107870275,0.0
0.013448457524177079,0.0
0.023560690316457425,0.0
0.005731320450200082,0.0
0.02054563448938546,0.0
0.026294624053054032,0.0
0.003884143228719567,0.0
0.012593733729673566,0.0
0.009135526196454299,0.0
0.009136026717733838,0.0
0.014623401148003649,0.0
0.0021632299445691274,0.0
0.009213290584273595,0.0188679245283018
0.008379528931620549,0.0
0.007101158644786337,0.0
0.021611102820556075,0.0754716981132075
0.01919904306574916,0.0188679245283018
0.01058459620034041,0.0
0.008444775314758627,0.0
0.01918483901051284,0.0
0.0017391468605876532,0.0
0.015311963707287529,0.0
0.008837019865717109,0.0377358490566037
0.020330728274918643,0.0
0.027098490625594843,0.0
0.024140374796421206,0.0
0.011879923556747139,0.0
0.0062362170454443545,0.0
0.0255369492192208,0.0
0.0024601576127084666,0.0566037735849056
0.0,0.0
0.0,0.0
0.016072415607423,0.0
0.014434387410347438,0.0
0.0009524281440284126,0.0
0.02520944229533426,0.0
0.014137946104688581,0.0
0.024476442574632714,0.0
0.0368069850980501,0.0
0.019717571690897256,0.0
0.018292267868487033,0.0
0.0446288593840815,0.0
0.029489881277102795,0.0188679245283018
0.048519165952257394,0.0
0.0,0.0
0.014740322578225266,0.0188679245283018
0.007360195188511075,0.0
0.013302529244659758,0.0
0.0,0.0
0.02330409950999352,0.0
0.018870187886452817,0.0
0.02140656061820567,0.0
0.03260768582388075,0.0
0.00799169923038251,0.0
0.006207612312523895,0.0188679245283018
0.0071380492332307555,0.0
0.008898340726744928,0.0
0.003342791615950539,0.0
0.0,0.0
0.007639587411406693,0.0
0.006643242932503724,0.0
0.007224225729756106,0.0
0.007028323586055885,0.0
0.016791939608130788,0.0188679245283018
0.012762386240636841,0.0188679245283018
0.006332744937690584,0.0188679245283018
0.0,0.0
0.002444611495265446,0.0
0.006747937166786178,0.0188679245283018
0.0,0.0
1.2247470469852265e-05,0.0188679245283018
0.0,0.0377358490566037
0.017196316745780725,0.0188679245283018
0.029311396195588715,0.0377358490566037
0.002028046351329823,0.0
0.018307434434104514,0.0
0.02881036326674023,0.0
0.018119959646966867,0.0188679245283018
0.01599260828826546,0.0
0.00929067333311395,0.0
0.018064737932849052,0.0
0.02449206928007766,0.0
0.02522933339172447,0.0
0.032270961228809035,0.0
0.0037915227840592492,0.0188679245283018
0.0224726040239928,0.0
0.017862759306021943,0.0
0.02642049532887296,0.0
0.03002748509905438,0.0
0.03693887864536947,0.0
0.025687692741172406,0.0
0.018007119391609202,0.0
0.0,0.0377358490566037
0.05347864215357397,0.0
0.07755037781823089,0.0
0.009201066086996735,0.0
0.016495080248541016,0.0
0.047691670754466474,0.0
0.039592724284867646,0.0
0.024331157871829847,0.0
0.016293928895733494,0.0188679245283018
0.03922587735682743,0.0
0.007922149474542265,0.0188679245283018
0.03305881660233943,0.0
0.020687851523395855,0.0
0.010089156679408403,0.0
0.015465596842130083,0.0
0.010926834947828847,0.0
0.11579765816391725,0.0188679245283018
0.03763273662036376,0.0
0.08551282380113476,0.0188679245283018
0.01036914649779366,0.0
0.005497203172307091,0.0377358490566037
0.00993952086933435,0.0188679245283018
0.010384226643245783,0.0
0.01314279502270107,0.0
0.013985764300443796,0.0
0.02538052335178393,0.0
0.009280450681028635,0.0
0.012060886917576228,0.0
0.013157400507390301,0.0188679245283018
0.008362984943328145,0.0
0.013269916167017013,0.0
0.0,0.0188679245283018
0.0,0.0188679245283018
0.0,0.0
0.00941507889234111,0.0
0.00956855785183261,0.0
0.013061773136261058,0.0
0.006236250377010895,0.0
0.015428687326576688,0.0
0.01781119184104359,0.0
0.022608023052509696,0.0
0.01019848503458862,0.0188679245283018
0.015532963859073773,0.0188679245283018
0.06484083169569255,0.0
0.0010150988959067696,0.0
0.023211527932190192,0.0
0.017953701664286306,0.0188679245283018
0.004151575857264194,0.0188679245283018
0.0468274641128284,0.0
0.003425943475041025,0.0
0.010834534384269035,0.0
0.0,0.0
0.007639587411406693,0.0188679245283018
0.009756987976898479,0.0
0.004427931593908688,0.0
0.02283387212892352,0.0
0.006766719886339739,0.0188679245283018
0.009655646066003847,0.0
0.013446020864426438,0.0
0.009048733128598638,0.0
0.010036694735865858,0.0188679245283018
0.0045863977116232515,0.0
0.0,0.0
0.006595465422275861,0.0
0.005736399005132004,0.0
0.0045489831784057575,0.0377358490566037
0.004214333569873686,0.0377358490566037
0.005126709426577006,0.0
0.0,0.0
0.021529130016308264,0.0
0.0033992552207511234,0.0
0.010811087023561048,0.0188679245283018
0.034223284950401646,0.0566037735849056
0.03219368365434675,0.0
0.02428935585552662,0.0
0.026244184534679096,0.0188679245283018
0.03809911649608997,0.0
0.018868230815485807,0.0188679245283018
0.0,0.0
0.011113599851377325,0.0
0.03460957777611064,0.0
0.0,0.0188679245283018
0.010936235971873688,0.0188679245283018
0.028061402593646402,0.0
0.03187984351576389,0.0
0.017109928497371973,0.0377358490566037
0.0289580407715234,0.0188679245283018
0.022582056555854095,0.0
0.009448211738230423,0.0
0.011643662067576506,0.0188679245283018
0.010704201488823435,0.0
0.005266013441945083,0.0188679245283018
0.018402199483834515,0.0
0.021498087141883074,0.0
0.00638871414205163,0.0
0.0,0.0
0.01689277294509843,0.0
0.05155563209190089,0.0
0.017127871790254268,0.0
0.022240272907663245,0.0
0.00787254624829477,0.0
0.0,0.0
0.014324400232702495,0.0188679245283018
0.0,0.0
0.0035743443569805997,0.0
0.020597612816205774,0.0
0.016286819716349328,0.0
0.009324506185911418,0.0
0.02364449897097693,0.0
0.03048754797144645,0.0
0.009796200086755703,0.0
0.031094576113784144,0.0188679245283018
0.01627539751058056,0.0
0.02189851904495585,0.0
0.007114847012179508,0.0188679245283018
0.02609052095485168,0.0
0.009418219793090607,0.0
0.019111945359355686,0.0188679245283018
0.0,0.0
0.013224562669895414,0.0
0.05891977935283669,0.0188679245283018
0.014739973442338208,0.0
0.00820179911323506,0.0188679245283018
0.0037012331490371593,0.0188679245283018
0.0,0.0
0.022557744928202155,0.0
0.0,0.0
0.015066269417800855,0.0
0.020615888499521128,0.0
0.01197227758800128,0.0
0.01829923289250595,0.0
0.017706451822198398,0.0188679245283018
0.014293717625508217,0.0188679245283018
0.013429442863325394,0.0188679245283018
0.009832304896881605,0.0
0.02289358856193564,0.0
0.0028735823878151927,0.0
0.02753861094123536,0.0
0.0038185757932708685,0.0
0.014603322973104946,0.0
0.02954843795964534,0.0
0.03369775308129745,0.0
0.015189690104495276,0.0566037735849056
0.009865984689238915,0.0
0.01413452065774122,0.0188679245283018
0.00556671901659324,0.0
0.01469231862370299,0.0
0.0021420242069308155,0.0
0.024716933344125547,0.0
0.009362871764990021,0.0
0.0005173942953094523,0.0
0.012527885339699615,0.0
0.003818145723733124,0.0
0.01801640349434898,0.0
0.009594765091273834,0.0
0.011694149514432227,0.0
0.002088213245312505,0.0
0.0,0.0
0.012094977506517775,0.0
0.012914935527613181,0.0
0.004465653316303038,0.0377358490566037
0.01722658361800925,0.0
0.02489803496791273,0.0188679245283018
0.0,0.0
0.03512196982910401,0.0
0.016580938222438637,0.0
0.0041507150411811975,0.0
0.04221983595291212,0.0
0.022285105159393553,0.0
0.04763345078930532,0.0754716981132075
0.022976803676297546,0.0
0.010198688053618265,0.0
0.0059040753570659575,0.0
0.011798082499833041,0.0
0.010297767114590614,0.0
0.011118719675834905,0.0
0.004308781645937936,0.0
0.006239818187681639,0.0188679245283018
0.003965350052933728,0.0
0.01763450934350791,0.0
0.014117468854083102,0.0188679245283018
0.015804829139792774,0.0
0.00941507889234111,0.0
0.011249067823985113,0.0
0.03143099118403074,0.0
0.006984597171153161,0.0
0.014126621249477342,0.0
0.018282765934585322,0.0
0.013968005120341206,0.0188679245283018
0.022716174185315057,0.0754716981132075
0.0023415088163271243,0.0
0.01881006157126169,0.0
0.02596989035236265,0.0
0.0,0.0
0.010324377164118518,0.0
0.004154629611661696,0.0188679245283018
0.06925464942528088,0.0
0.015497939729722212,0.0
0.010957684381708667,0.0377358490566037
0.0013105817817835996,0.0
0.014679512589591198,0.0
0.014494570509500315,0.0377358490566037
0.005373592702495473,0.0
0.005482485559079413,0.0377358490566037
0.0,0.0188679245283018
0.0,0.0
0.016762287740354532,0.0
0.01957576238713077,0.0188679245283018
0.012645814707135024,0.0
0.12193645086310291,0.0
0.018624540102838268,0.0
0.005523927475451694,0.0188679245283018
0.003305598360376257,0.0
0.03072441754089308,0.0
0.007099544101669217,0.0
0.0,0.0
0.014719352891962433,0.0
0.011676289639111178,0.0
0.017500957131183867,0.0
0.023331166177534404,0.0
0.03785143992847851,0.0
0.03541348351697212,0.0188679245283018
0.02744656511759873,0.0
0.02523777675923391,0.0
0.003591396515312069,0.0
0.017700018871210536,0.0
0.004107773226802037,0.0
0.0117811115230121,0.0
0.01906049077803673,0.0
0.03648796933364338,0.0
0.007841908352074616,0.0
0.003152388466238754,0.0377358490566037
0.011772736550912644,0.0188679245283018
0.0146881293767957,0.0
0.026605726826115603,0.0
0.026613185682010577,0.0
0.004788417111023407,0.0
0.012539681571635446,0.0754716981132075
0.01414417414151215,0.0188679245283018
0.030577012606039133,0.0
0.01691422849608444,0.0754716981132075
0.030453640317317694,0.0
0.004715602070183034,0.0
0.0,0.0
0.018862926912514455,0.0188679245283018
0.0032296218336110064,0.0
0.020384403450806058,0.0
0.0010877525435276153,0.0
0.009054244052017778,0.0188679245283018
0.019235835757934795,0.0
0.007010254863797048,0.0377358490566037
0.027739427740987647,0.0188679245283018
0.054948249079319375,0.0
0.016483816326629944,0.0754716981132075
0.0009895812580485801,0.0
0.017875571378028938,0.0
0.016009312731507505,0.0
0.013985764300443796,0.0188679245283018
0.012064779103480222,0.0
0.019689952752488225,0.0188679245283018
0.012476111729749665,0.0
0.0,0.0188679245283018
0.032449626914582475,0.0377358490566037
0.013474196080893584,0.0188679245283018
0.024948664870165484,0.0
0.012691531003924065,0.0
0.006431313413854754,0.0
0.0028533385054346667,0.0
0.010593463943940437,0.0377358490566037
0.0,0.0
0.025348991745456458,0.0
0.039587611165574584,0.0
0.05804420149381214,0.0188679245283018
0.008188340041308393,0.0
0.008483928434150832,0.0
0.02783497067113517,0.0
0.0,0.0
0.028393768095307297,0.0188679245283018
0.03238712675761108,0.0
0.010553269241855618,0.0
0.01503792095068201,0.0
0.01943715024505071,0.0188679245283018
0.022895729360456196,0.0
0.0,0.0
0.017935257818324925,0.0
0.0,0.0
0.0,0.0
0.0,0.0188679245283018
0.014368712135042047,0.0188679245283018
0.02378897374965715,0.0
0.028968109502813824,0.0
0.008814787855162357,0.0
0.00471204212401746,0.0
0.016165614648559798,0.0188679245283018
0.018372399174301987,0.0377358490566037
0.017689978646516783,0.0
0.0036311655759959025,0.0377358490566037
0.0290410446251162,0.0
0.018642889277434113,0.0
0.011601137234697008,0.0377358490566037
0.008920736987410123,0.0
0.0160705534168197,0.0
0.022716928119467874,0.0
0.04482772718327303,0.0
0.021400911795638952,0.0188679245283018
0.01276988010329059,0.0
0.004896886298146537,0.0
0.013190709172734402,0.0188679245283018
0.01858024336502047,0.0
0.005255215508434366,0.0
0.09184691294490722,0.0
0.016903382100399933,0.0
0.021396967077010647,0.0
0.026083873759167618,0.0
0.020924099701329083,0.0188679245283018
0.03150616552804727,0.0
0.002302259198920587,0.0188679245283018
0.004060769173928706,0.0377358490566037
0.021886414569107025,0.0
0.02344067319382574,0.0
0.005586107214643612,0.0188679245283018
0.0003082835639924841,0.0
0.0,0.0188679245283018
0.014313538644170154,0.0188679245283018
0.022772075191404034,0.0
0.0,0.0
0.011790315912740226,0.0
0.008920736932794281,0.0
0.012004775989651002,0.0
0.035116937237500874,0.0566037735849056
0.012739102671532295,0.0188679245283018
0.022323378887719673,0.0188679245283018
0.025272910484389562,0.0188679245283018
0.0,0.0566037735849056
0.009436876883472597,0.0
0.022461578857604435,0.0
0.0,0.0
0.0,0.0
0.013855341825889742,0.0188679245283018
0.019448386106517935,0.0
0.0020450608216558003,0.0
0.024516157704033686,0.0
0.011687601466888,0.0
0.022962130933625206,0.0
0.055839139018124914,0.0
0.02208868168659396,0.0188679245283018
0.006904978862629839,0.0188679245283018
0.014629591161521332,0.0188679245283018
0.044177732998464135,0.0
0.012323163186297571,0.0
0.02499441516981849,0.0
0.008298520467732221,0.0377358490566037
0.009448211738230423,0.0188679245283018
0.0,0.0188679245283018
0.006858541494463383,0.0377358490566037
0.02259999198269435,0.0
0.011486376138236772,0.0
0.0,0.0
0.009269952526748965,0.0188679245283018
0.02607650700799951,0.0188679245283018
0.028203064843639266,0.0
0.005383238879730352,0.0
0.01426101410490916,0.0
0.02280970904730461,0.0
0.01057208826853088,0.0
0.00513661351331512,0.0
0.03543403079986775,0.0
0.006215663208028094,0.0
0.03012908265463486,0.0377358490566037
0.0,0.0188679245283018
0.01849141978067584,0.0
0.0008401535851121598,0.0377358490566037
0.017309377827630208,0.0
0.020321115543088554,0.0377358490566037
0.019740534234085914,0.0
0.0075884468563045615,0.0
0.00962936980954391,0.0
0.018760899127785738,0.0
0.013391572860375124,0.0
0.026778674367380795,0.0
0.07355922849767874,0.0566037735849056
0.003953679926323629,0.0566037735849056
0.01204824732071949,0.0
0.0,0.0188679245283018
0.012433926357620693,0.0
0.007484596878211035,0.0
0.0005103235206434351,0.0
0.01670703933624908,0.0377358490566037
0.0,0.0
0.007161976169468565,0.0188679245283018
0.008016690048444367,0.0188679245283018
0.02244266783060953,0.0188679245283018
0.014861467597053047,0.0188679245283018
0.03161409338170501,0.0
0.028570893233479337,0.0
0.04249900397067478,0.0
0.014097461446234763,0.0
0.029531094194027975,0.0
0.001699000692229049,0.0
0.018333169379564196,0.0
0.017026327205156323,0.0
0.004318205667957505,0.0188679245283018
0.0,0.0
0.015618618900042123,0.0
0.018309342537319886,0.0
0.023871032285509217,0.0
0.011001243012878635,0.0188679245283018
0.00941507889234111,0.0
0.02615327010594498,0.0
0.015849383839526717,0.0
0.009031072154223179,0.0188679245283018
0.0,0.1132075471698113
0.013137318794270714,0.0188679245283018
0.011700220514753269,0.0
0.028496570666159876,0.0
0.020091204509081344,0.0
0.026295484316198516,0.0188679245283018
0.009568554398223347,0.0188679245283018
0.02346677651387461,0.0
0.014678925322221042,0.0
0.0,0.0566037735849056
0.01104881275383551,0.0188679245283018
0.0188285966951507,0.0
0.0,0.0566037735849056
0.0,0.0188679245283018
0.009126657351805227,0.0
0.0252522541081209,0.0
0.010023253485939798,0.0
0.0033413836120140305,0.0188679245283018
0.02368013459606686,0.0
0.04621949164345761,0.0
0.0,0.0
0.025956767197348928,0.0
0.028961411012890778,0.0
0.03928147696622286,0.0188679245283018
0.01151276718907367,0.0
0.03446829882007582,0.0
0.01288200249607755,0.0188679245283018
0.009628134421780551,0.0
0.011918398199347396,0.0
0.03213327364058778,0.0188679245283018
0.02636887995520917,0.0
0.12083436651321341,0.0
0.015214671632895522,0.0
0.005491027260107313,0.0188679245283018
0.037741844841057026,0.0
0.005616222787264336,0.0
0.006711730363316243,0.0188679245283018
0.01643441551151146,0.0
0.014843710761353369,0.0
0.023931204735591523,0.0377358490566037
0.01301883260365777,0.0
0.0016886122709768587,0.0
0.0067362166206398726,0.0188679245283018
0.0,0.0188679245283018
0.015051148243111549,0.0188679245283018
0.0,0.0
0.013904557559612896,0.0
0.007043262475128914,0.0
0.017045820887387635,0.0188679245283018
0.014540273981519573,0.0
0.02449383085491571,0.0188679245283018
0.02774617911431422,0.0
0.004145493258658632,0.0
0.018739830833438366,0.0
0.008615340849936414,0.0377358490566037
0.04432021094424492,0.0
0.01595108537103521,0.0566037735849056
0.008657165046870401,0.0
0.0,0.0
0.020492982705927892,0.0566037735849056
0.09295907381830548,0.0188679245283018
0.0,0.0188679245283018
0.021446404588785987,0.0
0.02286213755654832,0.0
0.011971522777414378,0.0
0.029022228214236792,0.0
0.012456967303411757,0.0377358490566037
0.005442061016653323,0.0
0.01700019828500421,0.0377358490566037
0.02213743409096141,0.0
0.01403134093403585,0.0188679245283018
0.0,0.0566037735849056
0.02026139019954888,0.0
0.011520448607166445,0.0
0.017307028468744625,0.0
0.015360719183765949,0.0566037735849056
0.018364843139949096,0.0
0.03572735708288601,0.0
0.014828489141054542,0.0188679245283018
0.021383392053385738,0.0
0.16030522882189333,0.0
0.0,0.0
0.056048648710968534,0.0
0.015814975558032074,0.0188679245283018
0.0,0.0
0.016039299968805588,0.0377358490566037
0.04202846596783694,0.0
0.01225285083864218,0.0188679245283018
0.023783542673837983,0.0188679245283018
0.010110038658170591,0.0188679245283018
0.026859442255333512,0.0
0.0183008384542031,0.0188679245283018
0.01912174475857016,0.0
0.09902458211517341,0.0
0.00598115901744977,0.0
0.015431448301684287,0.0
0.014434942181519375,0.0
0.004322640802249421,0.0188679245283018
0.02581187241324418,0.0
0.0,0.0
0.00750177602144214,0.0188679245283018
0.021797612266784117,0.0
0.019850180268434065,0.0
0.020998682943149063,0.0
0.02959889800226268,0.0
0.003428414488490779,0.0
0.00035821712559914434,0.0
0.020944594615754628,0.0
0.01409569153438898,0.0
0.04293029995603346,0.0
0.026493569775858837,0.0
0.031537118632771,0.0
0.005405089293269478,0.0
0.035755330455858755,0.0188679245283018
0.007138502285436049,0.0
0.011913039285712067,0.0
0.04644720431494673,0.0566037735849056
0.01073672107416815,0.0
0.013317346537747573,0.0188679245283018
0.00266862940021054,0.0
0.0,0.0377358490566037
0.00979781730963061,0.0
0.012964740521173385,0.0
0.018850540200363013,0.0
0.0,0.0188679245283018
0.02472797310891906,0.0
0.007593305645696883,0.0
0.006446056588353247,0.0
0.019090646534056992,0.0
0.0060349662050003085,0.0
4.9203913348176004e-05,0.0
0.005952659392814986,0.0
0.013631650760502954,0.0188679245283018
0.003953679926323629,0.0
0.000490868769651911,0.0
0.0014523487802908794,0.0
0.022579096189834183,0.0
0.022396149090415592,0.0188679245283018
0.019879617543411804,0.0
0.013485510354964956,0.0
0.009458901303264374,0.0188679245283018
0.015598477420939897,0.0
0.02645317617740521,0.0
0.005862721922186653,0.0188679245283018
0.019507019414151595,0.0188679245283018
0.038234334865305974,0.0
0.00393773321255176,0.0188679245283018
0.03921973722112076,0.0
0.01617546348134215,0.0
0.029344951936330688,0.0188679245283018
0.018850721266731044,0.0
0.04915394974887839,0.0
0.004614810946347669,0.0188679245283018
0.013597221090338412,0.0
0.04382407063627757,0.0
0.03216211856627357,0.0
0.018755088225183555,0.0
0.006729759625576991,0.0
0.008578347185614432,0.0
0.005375590626024991,0.0
0.005310220506586609,0.0
0.08670371174579311,0.0377358490566037
0.0005073135072033978,0.0
0.0002754648615483686,0.0
0.02285374930833502,0.0
0.03464755509916767,0.0
0.00664217848820443,0.0
0.030973504244329826,0.0
0.006748052059316391,0.0
0.05668445918216666,0.0188679245283018
0.017285453642302977,0.0188679245283018
0.01618197992164031,0.0
0.026309875029688196,0.0
0.012928938574851907,0.0
0.008376247003233384,0.0
0.023412660927405085,0.0
0.01774857717901085,0.0
0.05672282693382244,0.0
0.016359115250403046,0.0188679245283018
0.0014738610229075506,0.0
0.0879854055155096,0.0
0.002263303105244406,0.0
0.015397077143170543,0.0
0.007776215876373519,0.0188679245283018
0.009309897732352164,0.0
0.022630255329020316,0.0
0.014769809005722164,0.0188679245283018
0.0,0.0377358490566037
0.020177856368223588,0.0188679245283018
0.012406695448978829,0.0
0.004684114738015023,0.0
0.0,0.0
0.009631627463105254,0.0
0.005889116999316215,0.0188679245283018
0.010825915669910285,0.0377358490566037
0.013655268675350583,0.0
0.044332541922588335,0.0
0.011918398199347396,0.0
0.01037159163642694,0.0
0.028806013417877377,0.0
0.005373592702495473,0.0
0.011393035749002044,0.0
0.01027786093568087,0.0188679245283018
0.013578189989129495,0.0
0.001513079512945154,0.0188679245283018
0.01166630733122374,0.0188679245283018
0.007398810866401239,0.0
0.0,0.0377358490566037
0.01878661294662724,0.0
0.011165716925056636,0.0
0.019171212669678223,0.0
0.02126465604581451,0.0
0.0022654391096176858,0.0
0.025546123860037774,0.0188679245283018
0.006993598579385676,0.0
0.024503260605506096,0.0
0.014038659244537167,0.0
0.03959023818486203,0.0377358490566037
0.02651495855158849,0.0188679245283018
0.002868014926742004,0.0
0.004576207439539182,0.0
0.022036602879660517,0.0
0.018340478201268575,0.0
0.024129526876153638,0.0
0.009880884081478681,0.0
0.0015176146447249922,0.0
0.008751392385489243,0.0
0.00588762625640863,0.0
0.010246165579015231,0.0
0.01728058035467248,0.0377358490566037
0.0023450896364294355,0.0
0.039479162820045,0.0
0.020297363328563387,0.0188679245283018
0.02300636537530745,0.0188679245283018
0.024007830049983567,0.0
0.011547240630641433,0.0566037735849056
0.0,0.0188679245283018
0.016647701854061385,0.0
0.011945303184656286,0.0
0.01680379220282629,0.0754716981132075
0.054806076295820225,0.0
0.04075790928434831,0.0
0.053630276530132935,0.0
0.027668554061222976,0.0754716981132075
0.05018589136478793,0.0
0.0,0.0
0.0168875110934752,0.0
0.025703871800745792,0.0
0.013558542323894102,0.0188679245283018
0.06136627113965575,0.0
0.0,0.0
0.015638489822170403,0.0188679245283018
0.031606760129155656,0.0188679245283018
0.004769217392249167,0.0
0.027619289063726987,0.0
0.01716791919998914,0.0188679245283018
0.0,0.0
0.012793640868398832,0.0
0.005719696623609852,0.0
0.013226521403427869,0.0188679245283018
0.02253654992467811,0.0377358490566037
0.020440799917916214,0.0
0.020593643000946207,0.0
0.054679659521857236,0.0
0.0024604450758158054,0.0188679245283018
0.01597312232478756,0.0
0.008653148733858097,0.0
0.0152375914364657,0.0
0.012688446114269912,0.0
0.010313998048767405,0.0
0.0423642236958122,0.0
0.01511555774470939,0.0
0.030731943639000066,0.0
0.006374251098348891,0.0377358490566037
0.006225288323828617,0.0188679245283018
0.010549586079964828,0.0
0.03571155346714759,0.0
0.016939413314130212,0.0
0.011091932640149212,0.0
0.018887062910539622,0.0
0.004630014118209604,0.0
0.03374233392867629,0.0188679245283018
0.009133775356302542,0.0
0.03811205622315371,0.0
0.007381168136196229,0.0
0.00933757128206825,0.0
0.01958516533417653,0.0
0.0077915142874676185,0.0
0.00643722671012349,0.0
0.0009419777338619389,0.0
0.020296635507127122,0.0
0.02181638628952682,0.0
0.03412936590115104,0.0377358490566037
0.07203935996320236,0.0
0.011138250233561886,0.0
0.038021605822985395,0.0
0.018854504883606807,0.0
0.013934393164614058,0.0
0.023964397101971627,0.0
0.0,0.0188679245283018
0.1200591045908918,0.0
0.0,0.0
0.0,0.0377358490566037
0.013009066804673695,0.0
0.0,0.0566037735849056
0.062087503431381676,0.0188679245283018
0.00675215350439988,0.0566037735849056
0.03232865872577977,0.0
0.017718644798595747,0.0188679245283018
0.022026395721422863,0.0
0.012073373973604796,0.0
0.013342392053473562,0.0188679245283018
0.03621063852342285,0.0
0.03462307300698416,0.0188679245283018
0.10300163566144896,0.0
0.01008669495488572,0.0
0.025957896249498486,0.0566037735849056
0.026038215666542245,0.0377358490566037
0.04858428290674358,0.0
0.006974760419708466,0.0188679245283018
0.1787174367687696,0.0188679245283018
0.00289263824245482,0.0188679245283018
0.02709808096415287,0.0377358490566037
0.02019698530134658,0.0
0.0,0.0
0.026828505727109948,0.0
0.052349637049197095,0.0
0.08660279365223442,0.0
0.06339100352240776,0.0
0.04514703865688849,0.0
0.03042813449848645,0.0377358490566037
0.009558993674950438,0.0377358490566037
0.020567787352346163,0.0377358490566037
0.022508458391295432,0.0
0.002275481474082644,0.0
0.02128491961782124,0.0
0.0015760137561691943,0.0188679245283018
0.05005457032686473,0.0
0.04545606745258315,0.0377358490566037
0.04261471424819375,0.0
0.0,0.0
0.05278791738535431,0.0188679245283018
0.04497796158815957,0.0566037735849056
0.03902904760968839,0.0377358490566037
0.07867394530895432,0.0
0.020292441993672868,0.0
0.01635667555075024,0.0
0.0359001147797713,0.0188679245283018
0.005057013555060486,0.0188679245283018
0.008208076261403456,0.0
0.03989383402247689,0.0
0.007899231570823503,0.0
0.01037546212745636,0.0
0.05322110444608932,0.0754716981132075
0.0829022459858166,0.0
0.030609301647296784,0.0566037735849056
0.2344654699378809,0.0
0.0655024371984057,0.0
0.07292101307036475,0.0
0.011998470602465587,0.0
0.0,0.0
0.013731316130638216,0.0188679245283018
0.006819499591668174,0.0
0.02615136917424335,0.0377358490566037
0.15006377313539385,0.0
0.011190397138371156,0.0
0.042326781079085316,0.0
0.008479108360573744,0.0
0.015074991723211046,0.0188679245283018
0.023968877273540808,0.0
0.009162386770225982,0.0
0.023957108119228354,0.0
0.00018476358728503937,0.0
0.08453341009045304,0.0
0.008563306743010413,0.0188679245283018
0.02514678866510481,0.0
0.003522464114912652,0.0
0.04160239731780325,0.0
0.06500018920814683,0.0
0.010841328792272084,0.0188679245283018
0.012344098129948973,0.0
0.01586893202485713,0.0188679245283018
0.029117272204791357,0.0377358490566037
0.0037776705232740494,0.0
0.014229621417182826,0.0188679245283018
0.014403296757166255,0.0188679245283018
0.009031072154223179,0.0188679245283018
0.09861612888414742,0.0
0.01603984806963016,0.0
0.018869041399437424,0.0377358490566037
0.00833912504850465,0.0188679245283018
0.003393984396770193,0.0377358490566037
0.03602793876035219,0.0
0.014316996328712235,0.0
0.00923840338818269,0.0
0.004059278807663182,0.0
0.030206138740529617,0.0
0.007845703611985057,0.0
0.010374212947282108,0.0
0.06492179739047414,0.0188679245283018
0.0187429280775686,0.0
0.009388846887197181,0.0
0.012697197973666521,0.0
0.0,0.0
0.017593999885295784,0.0
0.002345694266308327,0.0188679245283018
0.022514809837292205,0.0188679245283018
0.0,0.0
0.0,0.0
0.017397690221714023,0.0
0.1046546359211628,0.0
0.005872855994209365,0.0188679245283018
0.023068933319414696,0.0
0.009897379364237253,0.0
0.009455519646421526,0.0
0.054065368301904664,0.0
0.011924322021293086,0.0
0.01177913191387957,0.0188679245283018
0.027208262684930155,0.0
0.009141453308090398,0.0
0.017311756761876122,0.0
0.002868014926742004,0.0
0.007295196951272603,0.0188679245283018
0.04177625636608713,0.0
0.009439512241806136,0.0
0.00378971912598154,0.0
0.017794734816063865,0.0
0.030848019432246836,0.0377358490566037
0.0035409875009070916,0.0
0.007597525285413478,0.0
0.009199400304226907,0.0377358490566037
0.0035612676115236394,0.0
0.04635860365700838,0.0
0.012017817195375822,0.0
0.002137824350915004,0.0
0.011284618749252708,0.0566037735849056
0.01784573429103764,0.0
0.031061839855551658,0.0
0.0034238106789977593,0.0
0.0,0.0
0.033330499501361605,0.0
0.0,0.0
0.00944179555540337,0.0
0.023797887342544892,0.0188679245283018
0.004896799286258,0.0
0.014861467597053047,0.0
0.01511558835147844,0.0
0.008524321442332214,0.0
0.011573833782350775,0.0
0.07121373483279453,0.0
0.003283415845979144,0.0
0.0,0.0188679245283018
0.0,0.0
0.025934671065117095,0.0
0.04424941312134341,0.0377358490566037
0.0,0.0188679245283018
0.008298323853890307,0.0
0.0045665337530683995,0.0188679245283018
0.019832759310759993,0.0
0.017199896923678223,0.0188679245283018
0.0,0.0
0.004297156403329681,0.0
0.013904557559612896,0.0
0.019137475285118,0.0
0.01548503939674916,0.0
0.016241194655505733,0.0188679245283018
0.019473080577776792,0.0
0.025414189285548172,0.0377358490566037
0.030490149411825512,0.0
0.0071550943179845075,0.0
0.030430547904520867,0.0
0.0033352290363096917,0.0
0.005260617064440851,0.0
0.017672845315203467,0.0
0.02313530897972334,0.0
0.004082026367097,0.0188679245283018
0.008478772138459887,0.0188679245283018
0.004352261361928487,0.0
0.0003082835639924841,0.0
0.01620822618020809,0.0
0.06569612708689608,0.0188679245283018
0.0648221981951631,0.0
0.013654759147588616,0.0
0.0,0.0566037735849056
0.01849984772030618,0.0
0.019131526938428914,0.0
0.026659242810351834,0.0
0.01837738219262467,0.0
0.012343960111598506,0.0
0.03743264745402985,0.0
0.0016624565074362886,0.0
0.011900912540244167,0.0
0.015951113863159738,0.0
0.0022515041210307714,0.0
0.03687177335334438,0.0
0.02956310555401465,0.0
0.00707166850064028,0.0
0.0047003770351285515,0.0
0.011970456006231915,0.0
0.05636847505689139,0.0
0.02694591321644091,0.0188679245283018
0.009638459074934835,0.0
0.022982840076161682,0.0
0.0,0.0
0.009923802144305079,0.0
0.028391767739757753,0.0
0.022254072500793684,0.0
0.012142455439564652,0.0
0.014236653452018928,0.0
0.007400629688367946,0.0188679245283018
0.009993590073085243,0.0
0.010269588418374859,0.0
0.027366378260547775,0.0566037735849056
0.011896783827247083,0.0
0.031255268786207005,0.0
0.004039681032924264,0.0
0.012631080353661924,0.0
0.0029729631460339986,0.0
0.00421413794702622,0.0
0.022065120200227665,0.0
0.018561565382876646,0.0188679245283018
0.013983041349436266,0.0188679245283018
0.0,0.0
0.00643722671012349,0.0
0.011952814604414027,0.0
0.0325044158724597,0.0
0.016771617277648587,0.0188679245283018
0.0007685436040367737,0.0
0.013397124845648648,0.0188679245283018
0.012236635397650486,0.0
0.02481343395696238,0.0
0.04274660067626569,0.0188679245283018
0.05136299606304349,0.0
0.017595293002858132,0.0188679245283018
0.022383151405307538,0.0
0.022545213174527616,0.0
0.008625974998925118,0.0
0.03302499153954283,0.0
0.007720939973391327,0.0
0.011398600599828676,0.0
0.043736601001124024,0.0188679245283018
0.036362687757300095,0.0188679245283018
0.03631442619984344,0.0
0.019836713307079538,0.0
0.017674188524776185,0.0188679245283018
0.0,0.0188679245283018
0.02695193441954942,0.0
0.011721080589939932,0.0
0.04570844219205162,0.0377358490566037
0.02507134043485001,0.0
0.019084170744464356,0.0
0.02918695428511009,0.0
0.006464671810226908,0.0
0.06000197295559257,0.0
0.02730975781907596,0.0
0.00706794606881265,0.0
0.002671009755548203,0.0
0.061870859412125195,0.0188679245283018
0.03185826685969586,0.0
0.024729190586172147,0.0
0.0059601872316168165,0.0
0.006545988243878148,0.0
0.0028506097554419534,0.0
0.016409981797740746,0.0
0.02375128754084718,0.0
0.02940465494198943,0.0943396226415094
0.06148648357104268,0.0188679245283018
0.0,0.0
0.02069705040335298,0.0188679245283018
0.015434110806953895,0.0
0.025959365529894172,0.0
0.0033817924764834545,0.0
0.006051527725651355,0.0
0.0053336478588127435,0.0
0.0,0.0
0.008877086392683434,0.0377358490566037
0.008948366080043095,0.0
0.010788787536163453,0.0
0.017418768714674442,0.0377358490566037
0.001625036668946158,0.0
0.024236756919518952,0.0
0.022110321113815928,0.0
0.010773751956336116,0.0
0.025219020319823638,0.0
0.0,0.0
0.0,0.0
0.0,0.0
0.01045907507489849,0.0
0.0,0.0
0.02371678082399828,0.0188679245283018
0.0,0.0
0.009862833363418106,0.0
0.005228698616241869,0.0377358490566037
0.024685622793127374,0.0
0.037184605638682366,0.0
0.008595797165440816,0.0
0.009170734085486725,0.0
0.02997552993386428,0.0
0.0,0.0
0.0,0.0
0.007026368393896809,0.0188679245283018
0.02144600248594878,0.0
0.011337596800477133,0.0
0.04466262176910283,0.0
0.004691332300568706,0.0
0.015355308358225551,0.0
0.005711381424061469,0.0
0.004059278807663182,0.0
0.014452934176906943,0.0
0.00463026764710363,0.0
0.006042917567168814,0.0188679245283018
0.040720407856052514,0.0
0.0,0.0
0.022443261460732777,0.0
0.03044325147978917,0.0
0.05243333341666847,0.0
0.02572456710856914,0.0
0.048982314501931065,0.0
0.0,0.0
0.006640068956250152,0.0
0.010725131448685496,0.0
0.05997969390340954,0.0
0.0177264567620026,0.0188679245283018
0.02033134261794786,0.0188679245283018
0.03985228213942746,0.0
0.005748747474952357,0.0
0.06551163201664811,0.0
0.06974946318248382,0.0
0.011353351655425645,0.0
0.01567152970268085,0.0
0.0,0.0
0.02704075270531991,0.0
0.029451966858916583,0.0
0.02120055579884161,0.0
0.03444324668260756,0.0
0.0417787916441901,0.0
0.007193798082093899,0.0
0.01604085875262894,0.0
0.0926028043930259,0.0
0.012866256797564733,0.0
0.017590378870603,0.0
0.009053094816972519,0.0566037735849056
0.0,0.0188679245283018
0.08291517041408984,0.0
0.046455471743886624,0.0
0.01569573564150364,0.0
0.046974393338311105,0.0
0.03268923279466728,0.0
0.0056469461202261146,0.0
0.016794330392868057,0.0
0.0,0.0
0.003533218389457191,0.0
0.0043262589176435206,0.0
0.008515765174432362,0.0188679245283018
0.0005353791192845899,0.0
0.040355697644736906,0.0
0.05414042783120529,0.0
0.012291147672326658,0.0
0.018172699620708894,0.0
0.0,0.0
0.031744793042908725,0.0
0.0,0.0
0.013067782332255234,0.0
0.0038140692875926986,0.0
0.013536055332496784,0.0
0.007623710674960964,0.0
0.01692472573216655,0.0
0.014927630690825366,0.0
0.03225632807449699,0.0
0.030547986431489437,0.0
0.0048233223389056185,0.0
0.0,0.0
0.0010906031967729366,0.0
0.006605156911751823,0.0
0.007374167290992763,0.0
0.03817292594862011,0.0188679245283018
0.02620454396271563,0.0
0.004636940704743273,0.0
0.02378688685674052,0.0
0.0,0.0
0.030743886406091776,0.0
0.06179188628290605,0.0
0.015757523087821045,0.0
0.02546037564203325,0.0
0.006658868852431531,0.0
0.009072052896051373,0.0
0.020908355437097854,0.0
0.0059107245792126995,0.0
0.0774273955163838,0.0
0.0,0.0
0.025022478119111246,0.0188679245283018
0.0,0.0
0.010391990113244449,0.0
0.0014528612375322813,0.0
0.00513499736998393,0.0
0.010828402899896337,0.0
0.046689076651191326,0.0
0.011090641668266541,0.0
0.025993805075907365,0.0
0.02265449230621399,0.0
0.002213755150758926,0.0
0.0,0.0
0.006051128562596752,0.0
0.0022843021964129516,0.0
0.009123290376175546,0.0
0.0,0.0
0.03868306428552261,0.0
0.004753718008522341,0.0
0.008362984943328145,0.0
0.009040893604666273,0.0
0.035532482559793035,0.0
0.0,0.0
0.020214408397072635,0.0
0.0,0.0
0.009708664347447729,0.0
0.015962772681911853,0.0
0.03314399498926337,0.0
0.009418304403353318,0.0
0.007423139782825884,0.0
0.005775464795345491,0.0
0.0007457310943487856,0.0
0.022166928736280428,0.0
0.0046703150486486975,0.0
0.04034063853941929,0.0
0.009209750238433397,0.0
0.009901034729954449,0.0
0.0,0.0
0.01029147035714534,0.0
0.0,0.0
0.0072400110984659535,0.0
0.03907825399391972,0.0
0.00808958016778633,0.0
0.02062060629455238,0.0
0.051784862086542975,0.0377358490566037
0.017308087728973107,0.0
0.0,0.0
0.008558387121404993,0.0
0.009389218158166774,0.0
0.030359965851061738,0.0
0.007813538968965897,0.0
0.005375590626024991,0.0
0.00838470593557299,0.0
0.014935401783811022,0.0
0.05736370689443843,0.0
0.010562674160584082,0.0
0.02588903689826464,0.0
0.0213514952555825,0.0
0.02277605745899449,0.0
0.038284879111284136,0.0
0.011745093239044551,0.0
0.00600646478973077,0.0
0.007333946281413676,0.0
0.020950754523853924,0.0188679245283018
0.010634307975993748,0.0
0.06959247913374886,0.0
0.01898512848417797,0.0
0.012487593632442619,0.0
0.019458959458965686,0.0
0.002167052139870982,0.0
0.049674049092684885,0.0
0.03695344169583352,0.0
0.03260285661712096,0.0
0.003377523902099718,0.0377358490566037
0.05238362565227165,0.0
0.019293308935978002,0.0
0.004884249486723882,0.0188679245283018
0.06847918514532847,0.0
0.003922704259496196,0.0
0.0075303365223634506,0.0
0.02397874879956713,0.0
0.003785706296359979,0.0377358490566037
0.01941407224577693,0.0
7.469080737402406e-06,0.0188679245283018
0.006833820896371398,0.0377358490566037
0.02403036323224175,0.0
0.041460409288422685,0.0
0.01623190102772876,0.0188679245283018
0.015935769488139555,0.0
0.0296059671644841,0.0
0.014116748751028748,0.0
0.0162015691436262,0.0
0.008561755486089229,0.0188679245283018
0.003027826698586483,0.0188679245283018
0.007754194770968746,0.0
0.008901367560471999,0.0
0.03357951316136618,0.0188679245283018
0.0,0.0
0.010975659097676723,0.0188679245283018
0.024657722639833436,0.0566037735849056
0.014839555767515418,0.0
0.011566949082445554,0.0
0.013020304620888254,0.0
0.010182128425984474,0.0
0.007935929493064861,0.0
0.15247419255179073,0.0
0.014285928103776395,0.0188679245283018
0.0073471006125247346,0.0
0.00987900287932029,0.0
0.02141957850534814,0.0
0.007495150508230551,0.0
0.0,0.0188679245283018
0.00897105015797613,0.0
0.013655920305099652,0.0
0.023313590882891498,0.0
0.03214558418110556,0.0
0.006089848290272006,0.0
0.020636451697103753,0.0188679245283018
0.009206654944799803,0.0
0.006252535500103406,0.0
0.03185347373536786,0.0377358490566037
0.0,0.0188679245283018
0.016837164313210157,0.0
0.031224770690965464,0.0
0.0059538267058505895,0.0
0.0,0.0188679245283018
0.018247354375531828,0.0
0.0,0.0377358490566037
0.004119145244001704,0.0
0.011433193345738741,0.0
0.005856483826264004,0.0
0.02048679556377588,0.0
0.00539945431248454,0.0188679245283018
0.013271395218478282,0.0
0.019538060190801478,0.0
0.015829680600232553,0.0
0.04257988361847714,0.0
0.0,0.0188679245283018
0.014913684075327156,0.0188679245283018
0.02246619684667598,0.0
0.022061596636903744,0.0
0.06598347426233962,0.0
0.009013511512458296,0.0
0.015935769488139555,0.0
0.007744235657533081,0.0
0.020217482492937863,0.0
0.04863895085905121,0.0188679245283018
0.013867283013034767,0.0
0.021990067295671503,0.0
0.03101068163993406,0.0
0.02460523022941587,0.0566037735849056
0.01932431029402814,0.0
0.01025107029805135,0.0
0.03658101857758217,0.0
0.004625846048655433,0.0
0.022478086817477407,0.0
0.02428945371795746,0.0
0.009277081473665825,0.0
0.027474367312065942,0.0
0.001700114053939876,0.0188679245283018
0.007386608108511663,0.0377358490566037
0.00897105015797613,0.0
0.016792559500676898,0.0
0.008914202044685666,0.0188679245283018
0.0028224680386882564,0.0566037735849056
0.016834982271420246,0.0
0.011307195009123042,0.0
0.015635662902247383,0.0
0.028460640556920207,0.0
0.01055342037787509,0.0188679245283018
0.01831997611534419,0.0
0.0371880444237762,0.0
0.00928684765585688,0.0
0.023163101806528953,0.0
0.06765208223595559,0.0
0.021326919710269714,0.0188679245283018
0.04420458499073082,0.0188679245283018
0.024958743067677813,0.0
0.016360828121412423,0.0
0.019028499610036106,0.0
0.006531662652511967,0.0
0.016800729917449776,0.0188679245283018
0.016593040540546018,0.0
0.021746207540024164,0.0
0.00876803072559105,0.0
0.01221020621609437,0.0
0.020265716733891513,0.0
0.0,0.0
0.023828162518329914,0.0754716981132075
0.02749934265819599,0.0
0.021164623892023234,0.0188679245283018
0.01758265945941477,0.0
0.008653148733858097,0.0
0.06826870253796243,0.0
0.030082707807979416,0.0
0.023233806555521642,0.0
0.005865864107349206,0.0188679245283018
0.00637416305461664,0.0
0.015517784952952248,0.0188679245283018
0.012374060760176196,0.0
0.01479494341885855,0.0
0.01406547719141695,0.0188679245283018
0.0153873527870574,0.0
0.03091159797751407,0.0188679245283018
0.020273753179518936,0.0
0.022796248509657002,0.0
0.03040478414604337,0.0
0.0,0.0
0.0006159847653379417,0.0
0.005220003142771866,0.0
0.008705335760793933,0.0
0.0012235589450147037,0.0
0.02319944664665374,0.0
0.005010453183271308,0.0188679245283018
0.0023797866881362997,0.0188679245283018
0.013510378662714706,0.0
0.001291682702290498,0.0
0.015387387573508783,0.0
0.012625615681177822,0.0
0.024184678686236798,0.0
0.012775877764900028,0.0188679245283018
0.0,0.0
0.001992627097089772,0.0
0.049940318682683636,0.0
0.030122117489621028,0.0
0.023801360712200154,0.0
0.00886567793818721,0.0188679245283018
0.01693763802460661,0.0188679245283018
0.01516122122747998,0.0
0.01103141288489653,0.0
0.014200324647948903,0.0
0.023195563170616218,0.0
0.025597470408734658,0.0
0.06552197422541471,0.0
0.013137318794270714,0.0188679245283018
0.025942600093527175,0.0188679245283018
0.026999565549402218,0.0377358490566037
0.026109017807787877,0.0
0.012569890072629611,0.0377358490566037
0.015350321142258063,0.0
0.06513177637089766,0.0
0.022635283951803396,0.0
0.016534100102416207,0.0
0.019551668643278782,0.0
0.011136443267861947,0.0188679245283018
0.00014721518122448878,0.0
0.04812216607743488,0.0188679245283018
0.0075766301724265895,0.0
0.018822187129060253,0.0
0.0,0.0754716981132075
0.010197565648814317,0.0
0.0,0.0
0.010583045193935003,0.0566037735849056
0.006088789279740147,0.0
0.007066548680182656,0.0
0.008914165235698867,0.0
0.0012407939913751849,0.0
0.0,0.0
0.011454522574050368,0.0
0.021964255325457434,0.0
0.0151775866091693,0.0
0.0063149262698878215,0.0
0.020893073081557544,0.0
0.017267936659472568,0.0
0.01192271982287163,0.0
0.01454539816015059,0.0
0.007341942642044563,0.0
0.012697197973666521,0.0
0.006760738439180522,0.0
0.009582782730312878,0.0
0.01443850050056189,0.0377358490566037
0.025961495388830722,0.0
0.022057341501913266,0.0
0.014842004188475009,0.0188679245283018
0.00402174615447472,0.0188679245283018
0.0,0.0
0.0,0.0
0.010742883394035622,0.0
0.008238636798484508,0.0
0.04042244114796203,0.0
0.018770719418554595,0.0188679245283018
0.01609120440691709,0.0
0.020064508991463073,0.0566037735849056
0.005426325273387197,0.0
0.009384248160101492,0.0
0.009419559208522336,0.0
0.005927148979838844,0.0
0.013791569806845072,0.0
0.002829329110599294,0.0
0.0,0.0
0.0153067573110158,0.0188679245283018
0.017917967095695306,0.0
0.013949849748774262,0.0
0.002273739401192308,0.0
0.009462325328507054,0.0
0.0,0.0
0.03302700748119388,0.0
0.04149809819836782,0.0
0.015682852782431776,0.0
0.01296209984408509,0.0
0.0,0.0
0.019673917085543023,0.0377358490566037
0.0,0.0188679245283018
0.028353643639818724,0.0
0.011100346554731232,0.0
0.011826894306034999,0.0
0.02728898439089087,0.0188679245283018
0.0010085353873953353,0.0
0.018334715917288337,0.0188679245283018
0.019734029494855046,0.0
0.004087958693585278,0.0
0.021294582055332464,0.0
4.9203913348176004e-05,0.0
0.01291144249329456,0.0188679245283018
0.011481499790515704,0.0
0.004098911808123739,0.0
0.005655789422731081,0.0
0.01395033715519814,0.0
0.017598196537657686,0.0
0.013653651470398608,0.0188679245283018
0.03141204342937116,0.0
0.004575448038261362,0.0
0.02148715487002688,0.0
0.009748589916751163,0.0
0.0,0.0
0.006015340372750226,0.0
0.018978465726002296,0.0
0.01769122713455602,0.0
0.003456205760743368,0.0
0.028773330987699686,0.0
0.02269496177956002,0.0188679245283018
0.0,0.0
0.002879375837476792,0.0
0.015783603015400882,0.0188679245283018
0.021584463862025158,0.0188679245283018
0.005647422467648017,0.0
0.01442141755326975,0.0
0.010375442818875352,0.0
0.03990944583840596,0.0
0.02848534195000274,0.0
0.013095711763411913,0.0
0.012002638693522659,0.0
0.01144360116379519,0.0
0.0,0.0188679245283018
0.026376589872878685,0.0
0.013807931729947107,0.0
0.016208056172011376,0.0
0.0,0.0
0.0038246416659407124,0.0
0.0,0.0
0.01571911633479777,0.0
0.011149682711307913,0.0
0.018525407786782487,0.0
0.0071622197158466745,0.0
0.021332661460361075,0.0
0.0026893460992449634,0.0
0.013772814306917585,0.0
0.0041436249644256976,0.0
0.007318428352358131,0.0
0.01046425627431924,0.0188679245283018
0.0040920527785376125,0.0188679245283018
0.006467764328621388,0.0188679245283018
0.03055724959615019,0.0
0.018854983423059055,0.0
0.016573621307468683,0.0
0.008642938678497105,0.0
0.038480432597398924,0.0
0.030385484229251136,0.0
0.019324578357216564,0.0
0.010800655085067603,0.0
0.02595747910428309,0.0
0.03106541422073981,0.0
0.01302360993046802,0.0
0.02900044808758383,0.0188679245283018
0.006521962107557244,0.0
0.04145912809384765,0.0
0.007555513788914544,0.0
0.03757546381197192,0.0
0.017668509253364238,0.0
0.021040309794521022,0.0
0.016801887386287684,0.0
0.0,0.0
0.03636851922600222,0.0
0.03965531650565878,0.0
0.015964096892117068,0.0
0.015131128162704883,0.0
0.006787447591652353,0.0
0.04882502446937761,0.0
0.05732640800949069,0.0
0.0077660802118145736,0.0
0.022005895417040875,0.0
0.019713944632367676,0.0
0.016531132856240485,0.0
0.02553289891127006,0.0
0.023431705207560508,0.0188679245283018
0.0020401504342269458,0.0
0.0007112812179288932,0.0
0.023094852174358638,0.0
0.009448211738230423,0.0
0.02740787909433465,0.0188679245283018
0.0276205017940038,0.0566037735849056
0.04766241123326447,0.0
0.009027103039408233,0.0
0.019086476225853726,0.0
0.0336942625804867,0.0
0.02974506915592664,0.0
0.0323183268700381,0.0
0.01073754737649203,0.0
0.013608328555966578,0.0
0.016868801435998747,0.0
0.028841427835922834,0.0566037735849056
0.005126691512317083,0.0
0.04352628496268241,0.0
0.004227009656533455,0.0
0.004953585256852936,0.0
0.007643353893919528,0.0
0.014946038574313824,0.0377358490566037
0.01754216170050541,0.0188679245283018
0.01801661024789624,0.0
0.013889435672937635,0.0
0.043395879296731645,0.0
0.00405266427378069,0.0
0.014505967772299526,0.0
0.00527802728440792,0.0
0.015341424277322886,0.0
0.0,0.0
0.004164009147268635,0.0
0.010366925933983466,0.0
0.025467433810555364,0.0
0.027909724612672007,0.0
0.0,0.0
0.032993312451195966,0.0
0.019531904274326092,0.0
0.0015405189866377282,0.0
0.00010340463251631458,0.0
0.011926584967236024,0.0
0.0030690800593729094,0.0
0.0,0.0
0.0,0.0
0.0,0.0188679245283018
0.01702622224748034,0.0
0.013296945891582796,0.0188679245283018
0.030856476425299307,0.0
0.01815862349111174,0.0
0.01832479289855066,0.0
0.0012589661858118867,0.0
0.0247357498886675,0.0
0.014930526943335503,0.0
0.00043003200590744267,0.0
0.019967338056402432,0.0
0.005426325273387197,0.0
0.004278820241874431,0.0
0.035160581783180184,0.0
0.013024038176047343,0.0
0.0,0.0
0.005812850417802969,0.0
9.747614659947126e-05,0.0
0.01387485865580628,0.0
0.016292328330070875,0.0
0.01798709205904346,0.0
0.004441361147718746,0.0
0.016061126874147583,0.0
0.0,0.0
0.014514356391591907,0.0
0.008071468565150518,0.0
0.005897456282195464,0.0
0.0018418770933810846,0.0
0.0021203424291414957,0.0
0.00365947067205019,0.0
0.022844882433688464,0.0
0.01873198564618752,0.0
0.06527897875554377,0.0188679245283018
0.02498455280300293,0.0
0.0041256309954560855,0.0
0.002946835048914835,0.0188679245283018
0.004582019713041192,0.0
0.013444853677359628,0.0
0.01818103963308933,0.0
0.013668405219065326,0.0188679245283018
0.025899848943629258,0.0
0.01235453396193278,0.0
0.029471294477068078,0.0
0.025321716696755994,0.0
0.009308640452941016,0.0
0.015489422215508173,0.0
0.009755102842791994,0.0377358490566037
0.012528697920652618,0.0
0.0042801118177514755,0.0
0.0035981031724994263,0.0
0.03102979826567927,0.0
0.011115413958592687,0.0
0.00203522707202545,0.0
0.023279189103888553,0.0
0.0008661695019527063,0.0
0.016572224755183024,0.0188679245283018
0.004457989224533712,0.0
0.02913875447637369,0.0
0.020252687064929463,0.0
0.0,0.0
0.01009800805591861,0.0
0.022876083443206,0.0
0.020844617606682,0.0
0.004981609428823104,0.0
0.01991133200814032,0.0566037735849056
0.029835120209039688,0.0
0.008885014520379073,0.0
0.023215350616045752,0.0
0.016299932969002406,0.0188679245283018
0.028605480925981443,0.0
0.004896886298146537,0.0
0.022048882335217714,0.0
0.0,0.0188679245283018
0.0,0.0
0.0059248915184066196,0.0
0.005065872331014442,0.0
0.004885893860023755,0.0188679245283018
0.010273879704803557,0.0188679245283018
0.002961217897398256,0.0
0.006465582599500039,0.0188679245283018
0.016533541491547274,0.0
0.013227597173431967,0.0
0.00367716524242925,0.0
0.0,0.0188679245283018
0.022101790933497928,0.0
0.008339409956617876,0.0188679245283018
0.019999730145333332,0.0
0.0,0.0
0.0,0.0
0.016954199149249862,0.0
0.001836271787691467,0.0188679245283018
0.01473701374771572,0.0
0.009929969347101593,0.0
0.02377221028961012,0.0188679245283018
0.021367068565034137,0.0
0.01921342625696958,0.0
0.0037972344900269145,0.0
0.00534115685027373,0.0
0.0,0.0188679245283018
0.005016186178412882,0.0
0.030647706309876285,0.0
0.040631151711727945,0.0
0.01976528316596736,0.0
0.03735541119359172,0.0
0.009424286934355037,0.0
0.0,0.0
0.019475125129690928,0.0
0.01135484875045499,0.0188679245283018
0.004214333569873686,0.0188679245283018
0.00047981210887498415,0.0754716981132075
0.025214655389212973,0.0
0.01977612235324074,0.0
0.015663888338375176,0.0
0.04503899871606906,0.0
0.005919865537491523,0.0
0.018102869917119655,0.0
0.03316795797909642,0.0188679245283018
0.006134399734511908,0.0
0.005980473888216103,0.0
0.02485685676743227,0.0
0.0,0.0
0.0011145246783689443,0.0
0.01905328254939051,0.0
0.01430180426579058,0.0
0.0,0.0
0.055900645569122345,0.0
0.026457600496858188,0.0188679245283018
0.13038940571725632,0.0188679245283018
0.0047085378323557334,0.0
0.04232470033411709,0.0188679245283018
0.012338982645893405,0.0
0.029088111914525393,0.0188679245283018
0.02105278615224169,0.0
0.01347239627601356,0.0
0.017503836167186537,0.0
0.011901833913681804,0.0
0.004132818848247524,0.0
0.023919511770944965,0.0
0.006810937188556127,0.0
0.009496137662934421,0.0
0.017732044728918737,0.0
0.019958083878599268,0.0
0.015156864485540714,0.0
0.02211375684767552,0.0
0.011604121746117645,0.0188679245283018
0.03284952921985249,0.0
0.011775536815262421,0.0
0.0005256027722347455,0.0
0.015832134569850186,0.0
0.0,0.0
0.021307107131638848,0.0188679245283018
0.01742150584840813,0.0
0.008790291449622177,0.0
0.023810645111148075,0.0
0.010588990090051736,0.0
0.02310486385994299,0.0
0.020727932616963464,0.0188679245283018
0.006237805241219484,0.0
0.013644710950980991,0.0
0.016340517350880164,0.0
0.013130773326917249,0.0
0.005451982823908973,0.0
0.035899742159680566,0.0
0.00683779286315803,0.0
0.017324957828500555,0.0188679245283018
0.01068462649688605,0.0188679245283018
0.01296209984408509,0.0
0.021886414569107025,0.0
0.027164694590291295,0.0
0.009308299891178408,0.0
0.004037486901854836,0.0
0.0036311655759959025,0.0
0.0153873527870574,0.0
0.025275591108932766,0.0
0.0161291203543237,0.0
0.0018124705091582865,0.0
0.017317980054238416,0.0
0.010098007980754572,0.0
0.0,0.0
0.0072965985451211995,0.0
0.016682914762319666,0.0
0.01494756333189199,0.0
0.03209753277659998,0.0
0.0,0.0
0.022088705544403692,0.0566037735849056
0.012966821310037012,0.0
0.03009318192830558,0.0
0.05362062182719332,0.0377358490566037
0.01560930909688444,0.0
0.0013721575390294018,0.0
0.0,0.0
0.0036029432594652626,0.0
0.014064453351242998,0.0
0.01836122765839375,0.0188679245283018
0.0063107225886179395,0.0
0.0,0.0
0.04212885080460453,0.0
0.013861749959547484,0.0
0.0,0.0
0.030753159620095154,0.0
0.026061321922428205,0.0
0.0,0.0
0.004457482663243448,0.0
0.001700114053939876,0.0188679245283018
0.011697371525212004,0.0
0.005428379126357234,0.0
0.018754360987464247,0.0
0.0072696041718861015,0.0188679245283018
0.04952058865503693,0.0
0.02740272936070419,0.0188679245283018
0.013226901461360923,0.0
0.0,0.0
0.007598188241061293,0.0
0.008319859216873638,0.0
0.03496853143360034,0.0
0.0014124932211978796,0.0
0.009269644335535317,0.0
0.0037012331490371593,0.0
0.015053146402121883,0.0
0.0,0.0
0.027525144250913038,0.0
0.027868370606164854,0.0
0.004711980299555621,0.0
0.03667635973701247,0.0
0.018743889173870352,0.0188679245283018
0.018734903797993974,0.0
0.011307195009123042,0.0
0.0005963398416447814,0.0
0.01612275058641552,0.0
0.03096450086101053,0.0
0.0195560846087081,0.0
0.02783986790230187,0.0
0.01358711443542648,0.0188679245283018
0.004060769173928706,0.0
0.017510861136086336,0.0188679245283018
0.011452032287880838,0.0
0.0037012331490371593,0.0
0.019313936000415283,0.0188679245283018
0.03143099118403074,0.0
0.005449595865576572,0.0
0.008479921018526636,0.0
0.0,0.0
0.005851236378710712,0.0
0.010894545350148357,0.0
0.02980254946507606,0.0
0.0,0.0
0.006237970282813592,0.0
0.017323520241803107,0.0
0.001280754963698608,0.0
0.013202524762558825,0.0188679245283018
0.018044592127904102,0.0
0.05298148572965604,0.0
0.008886052407823204,0.0
0.03514944985436043,0.0
0.007295196951272603,0.0188679245283018
0.021027108838410972,0.0
0.013485510354964956,0.0
0.005649582367764312,0.0
0.014031302282608078,0.0
0.046657963422102766,0.0
0.030687036919855214,0.0188679245283018
0.007462330922399184,0.0
0.020380832763295897,0.0
0.014142545925635807,0.0
0.0,0.0
0.039068612800831994,0.0
0.035743880090169794,0.0
0.018233118379998085,0.0
0.061186392773186035,0.0188679245283018
0.0,0.0
0.013402095454606362,0.0188679245283018
0.022400072633836355,0.0
0.022659438917501197,0.0
0.009386824125876051,0.0
0.008753743057553769,0.0
0.0041436249644256976,0.0
0.03800955402596885,0.0
0.009960750776013728,0.0
0.017074831140675973,0.0
0.01931719739580227,0.0
0.0,0.0
0.015036083164140762,0.0
0.06055029689018558,0.0377358490566037
0.0,0.0188679245283018
0.014844285683992431,0.0
0.01907541048814432,0.0
0.0,0.0
0.019072680456419716,0.0
0.017710604796756717,0.0
0.01346667687961648,0.0
0.006710997497680076,0.0
0.00471114735069449,0.0
0.0424718235965234,0.0
0.018220591470198267,0.0188679245283018
0.03662569676569536,0.0
0.014130097898038551,0.0
0.00024653540164739783,0.0
0.025444750285352476,0.0
0.008031175209671951,0.0
0.011018726748913372,0.0
0.017051912550767177,0.0
0.02404736946047603,0.0
0.013288935191400876,0.0
0.012041557133409611,0.0
0.06105005425363141,0.0
0.014285928103776395,0.0
0.04880333652250862,0.0
0.016819042808100308,0.0
0.0037646119542033033,0.0
0.04414412667080701,0.0
0.0456894065639994,0.0188679245283018
0.00465456373610363,0.0566037735849056
0.005150610071199872,0.0
0.037058118251550906,0.0
0.00036774536406554534,0.0
0.006731886855731239,0.0
0.012707615162268234,0.0
0.05219088930859975,0.0
0.014833107720995355,0.0
0.04105850804711408,0.0
0.017397690221714023,0.0
0.0,0.0
0.0032735320492022456,0.0
0.0,0.0
0.009505039285226943,0.0
0.0064139550189791705,0.0
0.04192585247872041,0.0
0.004890251824679346,0.0
0.031000579961056214,0.0
0.003650632924377401,0.0
0.008040262775801806,0.0
0.005516236619918398,0.0
0.009892479033146875,0.0
0.004352261361928487,0.0
0.012613822500186278,0.0
0.0,0.0
0.006871813146930588,0.0
0.016752526949913544,0.0
0.014213124919387015,0.0
0.017029093948883606,0.0
0.0,0.0
0.014226479655121431,0.0
0.01394594549001073,0.0
0.014092917228409102,0.0
0.018184556791149935,0.0
0.024071938545160848,0.0
0.009993590073085243,0.0
0.012073113936061168,0.0
0.0,0.0
0.03306560356088384,0.0
0.013195396791475168,0.0
0.023330899702157893,0.0
0.021946208357721625,0.0
0.006268771071680613,0.0
0.04959744867098493,0.0
0.017136774555628006,0.0
0.02260617041016817,0.0
0.02181431113428411,0.0
0.014170107821299188,0.0
0.025391312026001756,0.0
0.024481406001148037,0.0
0.0211207366946892,0.0
0.00850617530105021,0.0
0.025944891881196662,0.0
0.006142774678667777,0.0
0.009362871764990021,0.0
0.048370175232324654,0.0
0.021564924053695124,0.0
0.014804720980771138,0.0
0.014131741463003434,0.0
0.006349283574879858,0.0
0.015737002305737043,0.0
0.005945383261693995,0.0
0.00015917789677998072,0.0
0.006236250377010895,0.0
0.000720689644989771,0.0
0.007261296768229499,0.0
0.008097104521677329,0.0
0.0009611726340217146,0.0
0.021165010529763516,0.0
0.019999364734917792,0.0
0.008994959093019787,0.0
0.004086792874560446,0.0
0.01865991536746624,0.0
0.000490868769651911,0.0
0.017332339524193437,0.0
0.02330419009965339,0.0
0.016123700973370257,0.0
0.03814713116416758,0.0
0.0016074943868607792,0.0
0.0,0.0
0.0,0.0
0.014362102462672933,0.0
0.008155878496573787,0.0
0.0077915142874676185,0.0
0.008207361700060355,0.0
0.01028649951407783,0.0
0.013619293826414403,0.0
0.00785188119788601,0.0
0.022581765283582713,0.0
0.03229566435231567,0.0
0.022101790933497928,0.0
0.03784176087732313,0.0
0.011747200202427078,0.0
0.019740534234085914,0.0
0.0,0.0
0.02085977879959158,0.0
0.02186811819810813,0.0
0.01594090948300982,0.0
0.011687601466888,0.0
0.018829743451183493,0.0
0.01566229078375915,0.0
0.02503450153010263,0.0
0.022449901344456444,0.0
0.012808538622801829,0.0
0.006093403953917346,0.0
0.025130966253046814,0.0
0.009605827556441468,0.0
0.00819284775599205,0.0
0.004427931593908688,0.0
0.00796475351844381,0.0
0.030946903406778824,0.0
0.0026548186346742526,0.0
0.02054844568752642,0.0
0.0015121499996889262,0.0
0.0038653714368127707,0.0
0.02132748776211269,0.0
0.0152375914364657,0.0
0.006688205029308909,0.0
0.017310829523416022,0.0
0.008793798859747537,0.0
0.008261792802435948,0.0
0.0270092164108589,0.0
0.0,0.0
0.009414307731369188,0.0
0.008446023101916889,0.0
0.04351106724791031,0.0
0.013304182907104372,0.0
0.01678902554373159,0.0
0.010549586079964828,0.0
0.014722901756327487,0.0
0.009066419040061365,0.0
0.014584487655233234,0.0
0.010700710438989045,0.0
0.013978912397839579,0.0
0.006072029176627434,0.0
0.005535999533303209,0.0
0.01546580246001753,0.0
0.0079452155325494,0.0
0.0035858175184394934,0.0
0.017193965454254653,0.0
0.020971083361045802,0.0
0.002009852086472516,0.0
0.024070941587234367,0.0
0.007380011661213862,0.0
0.054289313748602595,0.0
0.023429699615081373,0.0
0.012591477363041585,0.0
0.0,0.0
0.0005446701810490811,0.0
0.005364320247588368,0.0
0.02077880939872266,0.0
0.03921635680408334,0.0
0.015909424745412126,0.0
0.018334596691436653,0.0
0.014389985141827965,0.0
0.010297767114590614,0.0
0.03177145239978521,0.0
0.022102247548648167,0.0
0.03454330602141857,0.0
0.01653537110475891,0.0
0.015619669355090982,0.0
0.001414130958299477,0.0
0.0010622478246440092,0.0
0.0020825793005081247,0.0
0.010209407885239512,0.0
0.018069749502070943,0.0
0.009515189038380462,0.0
0.014673164764404379,0.0
0.010127254735614412,0.0
0.02232919571390055,0.0
0.02726050513459708,0.0
0.016325848742956253,0.0
0.019081475685291702,0.0
0.02277509709795937,0.0
0.013889616563869124,0.0
0.02913360251597726,0.0
0.011065569051202713,0.0
0.0022515041210307714,0.0
0.014025839405286695,0.0
0.0,0.0
0.022816128837787282,0.0
0.0016047390264544764,0.0
0.012664812657528996,0.0
0.006759838263165273,0.0
0.0,0.0
0.022272796397639894,0.0
0.015266950967164907,0.0
0.007733411832650346,0.0
0.006218566743027193,0.0
