external_code,retail,season,category,actual,prediction
5198,100,SS19,culottes,0.0188679245283018,0.024013717122493193
5180,74,SS19,long dress,0.0,0.13722126417566713
5159,43,SS19,culottes,0.0,0.012006856062332934
5207,30,SS19,doll dress,0.0,0.08061749074467726
5172,2,SS19,jumpsuit,0.0,0.02401371712616868
5166,22,SS19,long dress,0.0,0.005259738062744766
5159,3,SS19,culottes,0.0,0.018867919524880233
5172,12,SS19,jumpsuit,0.0188679245283018,0.015547318543528517
5148,66,SS19,sleeveless,0.0943396226415094,0.020583185396599375
5113,14,SS19,culottes,0.0,0.07032589562664562
5198,29,SS19,culottes,0.0188679245283018,0.020583185389576854
5172,10,SS19,jumpsuit,0.0,0.011563458330690267
5148,84,SS19,sleeveless,0.0377358490566037,0.020583185387113255
5180,81,SS19,long dress,0.0566037735849056,0.21482669320783473
5207,90,SS19,doll dress,0.0188679245283018,0.030874780580535336
5207,46,SS19,doll dress,0.0,0.08037383167244992
5207,36,SS19,doll dress,0.0,0.03773585018121964
5148,75,SS19,sleeveless,0.0377358490566037,0.01886791952946809
5180,46,SS19,long dress,0.0188679245283018,0.2092624307948474
5166,101,SS19,long dress,0.0,0.037735847218340196
5166,20,SS19,long dress,0.0,0.015437387795906489
5207,69,SS19,doll dress,0.0,0.06861062964784988
5166,38,SS19,long dress,0.0,0.017152653661691063
5147,57,SS19,capris,0.0188679245283018,8.37904175771291e-18
5166,61,SS19,long dress,0.0,0.015437387797277862
5180,67,SS19,long dress,0.0188679245283018,0.2075471677373791
5166,109,SS19,long dress,0.0,0.018867919530958496
4204,20,SS19,culottes,0.0,0.01735589884250231
5127,75,SS19,sleeveless,0.0188679245283018,0.012006856064208203
5166,85,SS19,long dress,0.0,0.0
5159,2,SS19,culottes,0.0,0.022298451256823587
5145,94,SS19,doll dress,0.0188679245283018,0.010291593849279532
4204,24,SS19,culottes,0.0,0.018867919533118387
5127,79,SS19,sleeveless,0.0,0.01886791952340566
5125,42,SS19,culottes,0.0,0.041228603531784994
5148,99,SS19,sleeveless,0.0188679245283018,0.017152653665698625
5127,86,SS19,sleeveless,0.0,0.025728983000073726
5166,72,SS19,long dress,0.0,0.02058318538968352
5136,15,SS19,jumpsuit,0.0,0.013722121925317094
5148,5,SS19,sleeveless,0.0188679245283018,0.01715265366418453
5166,83,SS19,long dress,0.0,0.03773584405161178
5122,59,SS19,solid color top,0.0377358490566037,0.015437387797147014
5180,44,SS19,long dress,0.1132075471698113,0.05317323685100519
4204,43,SS19,culottes,0.0,0.012006856062158238
5207,40,SS19,doll dress,0.0,0.05660376856943172
5166,33,SS19,long dress,0.0,0.0038693366699935334
5124,25,SS19,drop sleeve,0.0188679245283018,0.013722121925550435
5159,65,SS19,culottes,0.0188679245283018,0.008576324331926356
5124,21,SS19,drop sleeve,0.0,0.012006856063396232
5166,82,SS19,long dress,0.0,0.011615036072605995
5127,99,SS19,sleeveless,0.0,0.03430531233141307
5148,3,SS19,sleeveless,0.0188679245283018,0.027444248843925
5159,4,SS19,culottes,0.0,0.017152653662309475
5124,6,SS19,drop sleeve,0.0,0.022298451256285583
5143,54,SS19,capris,0.0188679245283018,0.015437387796022004
5124,32,SS19,drop sleeve,0.0,0.025728982993677384
5207,35,SS19,doll dress,0.0,0.08061749073645846
5113,6,SS19,culottes,0.0377358490566037,0.017152653663753063
5148,86,SS19,sleeveless,0.0188679245283018,0.024013720601178668
5125,22,SS19,culottes,0.0377358490566037,0.03259004645807756
5180,8,SS19,long dress,0.0943396226415094,0.06346483205739055
5180,59,SS19,long dress,0.0566037735849056,0.09964534915363082
5180,104,SS19,long dress,0.0,0.17470692882592065
5130,9,SS19,culottes,0.0,0.01886791952759467
5127,61,SS19,sleeveless,0.0188679245283018,0.01715265366574552
5150,104,SS19,doll dress,0.0188679245283018,0.01543738779224278
5124,67,SS19,drop sleeve,0.0,0.02401371712984415
5127,20,SS19,sleeveless,0.0,0.020583185389076053
5180,63,SS19,long dress,0.0943396226415094,0.1445074183778245
5180,100,SS19,long dress,0.0,0.08919382004889106
5180,21,SS19,long dress,0.0377358490566037,0.04459690751602591
5127,93,SS19,sleeveless,0.0,0.01372212192117802
4236,104,SS19,culottes,0.0188679245283018,0.013722121929270963
5180,102,SS19,long dress,0.0566037735849056,0.09415018301982532
5124,0,SS19,drop sleeve,0.0377358490566037,0.0012329543447223655
5143,16,SS19,capris,0.0,0.015437387798490007
5127,45,SS19,sleeveless,0.0,0.022298451259592816
5130,83,SS19,culottes,0.0188679245283018,0.015437393844721939
5130,53,SS19,culottes,0.0,0.012006856071512514
5124,46,SS19,drop sleeve,0.0,0.018867919521974173
5147,4,SS19,capris,0.0,0.020583185394006973
5122,57,SS19,solid color top,0.0566037735849056,0.0308747805920422
5130,18,SS19,culottes,0.0,0.01543738780045326
5166,47,SS19,long dress,0.0,0.030874784185591184
5130,10,SS19,culottes,0.0,0.017152653659790875
5136,75,SS19,jumpsuit,0.0,0.012006856063330575
5127,16,SS19,sleeveless,0.0188679245283018,0.013722121930025257
5124,99,SS19,drop sleeve,0.0754716981132075,0.015437387789398798
5125,76,SS19,culottes,0.0188679245283018,0.036020578181664535
5166,51,SS19,long dress,0.0,0.00023336657302707993
4222,109,SS19,printed shirt,0.0,0.020583185396578017
5124,24,SS19,drop sleeve,0.0188679245283018,0.015437387785616173
5113,5,SS19,culottes,0.0188679245283018,0.03259004645803817
5136,101,SS19,jumpsuit,0.0,0.015437387797779619
5127,117,SS19,sleeveless,0.0,0.018867919529582996
5180,18,SS19,long dress,0.0,0.23327615287940565
5125,16,SS19,culottes,0.0,0.017152657726342873
5124,109,SS19,drop sleeve,0.0,0.022298451276080166
5136,104,SS19,jumpsuit,0.0377358490566037,0.01543738779880748
5143,15,SS19,capris,0.0,0.017152653660869332
5180,0,SS19,long dress,0.0566037735849056,0.024013717130268515
5207,2,SS19,doll dress,0.0,0.05663869496045561
5180,41,SS19,long dress,0.0377358490566037,0.15437392599619879
5180,64,SS19,long dress,0.1320754716981132,0.17216323912441622
5093,84,SS19,culottes,0.0,0.02744424887888387
5130,4,SS19,culottes,0.0,0.017152657080783076
4161,80,SS19,long sleeve,0.0943396226415094,0.00031700512333828325
5124,1,SS19,drop sleeve,0.0,0.027444253845599537
4204,101,SS19,culottes,0.0,0.013722121924482397
5147,44,SS19,capris,0.0,0.013722121932469663
4204,61,SS19,culottes,0.0,0.0008048135325295277
5125,5,SS19,culottes,0.0377358490566037,0.03773584650854541
4179,117,SS19,culottes,0.0188679245283018,0.005145792597788
5222,81,SS19,culottes,0.0,0.012006856063423527
4222,5,SS19,printed shirt,0.0,0.07375643035328486
5180,110,SS19,long dress,0.0377358490566037,0.15555359358905113
4222,117,SS19,printed shirt,0.0188679245283018,0.025728982991549666
5180,47,SS19,long dress,0.0566037735849056,0.1355059984343309
5125,19,SS19,culottes,0.0377358490566037,0.029159514720401652
5147,20,SS19,capris,0.0,0.02229845126608173
5147,82,SS19,capris,0.0,0.024013717129155013
4220,9,SS19,culottes,0.0188679245283018,0.010291590200688247
5212,36,SS19,culottes,0.0188679245283018,0.0658792692396123
5147,107,SS19,capris,0.0,0.017152653659587874
5166,81,SS19,long dress,0.0,0.030874780600463263
5198,40,SS19,culottes,0.0188679245283018,0.015437387800924983
5180,99,SS19,long dress,0.0377358490566037,0.09948541911214161
5180,73,SS19,long dress,0.0377358490566037,0.09646809297201311
5207,8,SS19,doll dress,0.0188679245283018,0.048027439268691026
4186,68,SS19,sheath dress,0.0,0.012006856064291636
5125,75,SS19,culottes,0.0188679245283018,0.013722127208263983
4204,18,SS19,culottes,0.0,0.010291590197933766
5147,45,SS19,capris,0.0,0.017640344826039663
5180,24,SS19,long dress,0.1320754716981132,0.15283515078606627
5125,48,SS19,culottes,0.0,0.022298451261716715
5147,75,SS19,capris,0.0,0.020583185400500234
5147,16,SS19,capris,0.0,0.013722121933651708
5125,79,SS19,culottes,0.0566037735849056,0.0324745443440321
5233,16,SS19,long sleeve,0.0,0.01715265365299788
5147,13,SS19,capris,0.0188679245283018,0.015437387797077009
5143,18,SS19,capris,0.0,0.0035106913154568835
5180,117,SS19,long dress,0.0188679245283018,0.08576328828612613
5212,40,SS19,culottes,0.0188679245283018,0.03087478059028653
5180,50,SS19,long dress,0.0754716981132075,0.14440273070867532
5212,69,SS19,culottes,0.0566037735849056,0.07547169811320749
5147,19,SS19,capris,0.0,0.029159514749893038
5147,79,SS19,capris,0.0188679245283018,0.017152657315937014
5143,46,SS19,capris,0.0,0.015437387795538606
5180,33,SS19,long dress,0.0188679245283018,0.19610216695124807
4228,49,SS19,short sleeves,0.0,0.018867919524403965
4222,16,SS19,printed shirt,0.0,0.09605488355895318
5180,45,SS19,long dress,0.0943396226415094,0.07887162900455218
4220,26,SS19,culottes,0.0,0.013722121931248223
5212,35,SS19,culottes,0.0188679245283018,0.08747855417424297
5125,46,SS19,culottes,0.0188679245283018,0.027444248853655696
5180,20,SS19,long dress,0.0,0.24013721624393344
5180,101,SS19,long dress,0.0566037735849056,0.06346483205829297
5180,61,SS19,long dress,0.0754716981132075,0.041166375786516926
4204,83,SS19,culottes,0.0,0.015437387793624687
5113,99,SS19,culottes,0.0,0.015437387796101253
4222,6,SS19,printed shirt,0.0754716981132075,0.07547169839436148
5148,54,SS19,sleeveless,0.0,0.036020578193115806
5180,109,SS19,long dress,0.0188679245283018,0.13207547113580523
5180,72,SS19,long dress,0.0566037735849056,0.16415567128966282
5180,86,SS19,long dress,0.1132075471698113,0.13379073258758287
4219,1,SS19,short sleeves,0.0,0.03945110992479015
4183,99,SS19,trapeze dress,0.0188679245283018,0.008576324330866116
5148,7,SS19,sleeveless,0.0,0.03430531231812637
5125,107,SS19,culottes,0.0,0.024013717127694092
5147,46,SS19,capris,0.0188679245283018,0.02058318538569257
5143,51,SS19,capris,0.0,0.022298451245432505
5180,82,SS19,long dress,0.0188679245283018,0.09262435180499168
5166,53,SS19,long dress,0.0188679245283018,0.034305312333425084
5166,32,SS19,long dress,0.0377358490566037,0.027444248850395217
5229,36,SS19,short sleeves,0.0188679245283018,0.0061640497213584665
5125,66,SS19,culottes,0.0188679245283018,0.03968680431666631
5166,69,SS19,long dress,0.0,0.0007800994448071511
5147,40,SS19,capris,0.0,0.022298451264032213
4220,2,SS19,culottes,0.0188679245283018,0.013722121927097852
5166,40,SS19,long dress,0.0,0.022487223454911446
5212,53,SS19,culottes,0.0,0.040023420953050594
5226,49,SS19,culottes,0.0,0.027444252380710545
5211,40,SS19,culottes,0.0188679245283018,0.008576324332076156
5166,67,SS19,long dress,0.0,0.008996400371224051
5147,0,SS19,capris,0.0188679245283018,0.020583185394279398
5207,59,SS19,doll dress,0.0188679245283018,0.018867919525902693
5180,27,SS19,long dress,0.0377358490566037,0.02401371713044227
5211,53,SS19,culottes,0.0,0.012006856065142058
5125,57,SS19,culottes,0.0,0.03773584404459315
5224,1,SS19,long sleeve,0.0,0.029159514728760497
5209,12,SS19,patterned top,0.0,0.013304679617217784
5209,14,SS19,patterned top,0.0188679245283018,0.010291590196345613
5209,7,SS19,patterned top,0.0188679245283018,0.010291590196778548
5143,79,SS19,capris,0.0,0.013722127456274996
5209,75,SS19,patterned top,0.0,0.013722124196963371
5231,12,SS19,short sleeves,0.0377358490566037,0.015437387795964699
5231,65,SS19,short sleeves,0.0188679245283018,0.008576324329947132
5170,32,SS19,jumpsuit,0.0188679245283018,0.0009332134680919786
5284,86,SS19,long dress,0.0,0.022298455957914246
5224,47,SS19,long sleeve,0.0,0.017152653654436884
5170,39,SS19,jumpsuit,0.0,0.01200685606335848
5125,21,SS19,culottes,0.0377358490566037,0.01372212192836741
5147,80,SS19,capris,0.0,0.005711321990193572
5209,19,SS19,patterned top,0.0,0.02058318539618124
5284,94,SS19,long dress,0.0,0.015437387793094753
5155,24,SS19,culottes,0.0,0.013722121928417465
5224,20,SS19,long sleeve,0.0,0.015437387802598759
5209,65,SS19,patterned top,0.0188679245283018,0.0016251969135320033
5275,67,SS19,gitana skirt,0.0377358490566037,0.0205831853941771
5209,31,SS19,patterned top,0.0,0.017152653659262135
5125,63,SS19,culottes,0.0377358490566037,0.012006856067194661
5147,6,SS19,capris,0.0,0.02572898298126779
5143,73,SS19,capris,0.0,0.02229845126395608
5266,36,SS19,sleeveless,0.0377358490566037,0.013722121924313452
5209,2,SS19,patterned top,0.0,0.010291590197870088
5213,12,SS19,long dress,0.0,0.013884439177034375
5152,29,SS19,capris,0.0,1.3861962303902997e-41
5200,66,SS19,drop sleeve,0.0,0.01715265366667197
5200,65,SS19,drop sleeve,0.0188679245283018,0.011554742440885918
5200,31,SS19,drop sleeve,0.0188679245283018,0.016253333442919703
5250,35,SS19,long dress,0.0,0.018867919528451814
5169,22,SS19,jumpsuit,0.0,0.017152653662204514
5213,35,SS19,long dress,0.0,0.005283444607066188
5200,12,SS19,drop sleeve,0.0566037735849056,0.055556801730381807
5200,2,SS19,drop sleeve,0.0,0.046949852129623104
5125,53,SS19,culottes,0.0188679245283018,0.04116637583957926
5169,9,SS19,jumpsuit,0.0,0.012006856064219298
5200,19,SS19,drop sleeve,0.0943396226415094,0.002170772533547979
5147,25,SS19,capris,0.0,0.017152653666641395
4203,104,SS19,printed shirt,0.0188679245283018,0.017152653670331884
5213,72,SS19,long dress,0.0,0.0016836800455034724
5224,41,SS19,long sleeve,0.0,0.010291594898955403
5224,57,SS19,long sleeve,0.0,0.01886791952702687
5224,69,SS19,long sleeve,0.0,0.02572898299280673
5224,35,SS19,long sleeve,0.0,0.013722121923109976
5175,20,SS19,jumpsuit,0.0,0.015437387802182049
5268,30,SS19,printed shirt,0.0566037735849056,0.10291594696524382
5279,100,SS19,doll dress,0.0,0.013825397298530382
5224,18,SS19,long sleeve,0.0,0.013722121929726015
5200,54,SS19,drop sleeve,0.0,0.0007403427088705434
5125,52,SS19,culottes,0.0,0.01543738779392142
5279,36,SS19,doll dress,0.0188679245283018,0.05317323685991228
5279,35,SS19,doll dress,0.0,0.04974270509816212
5250,8,SS19,long dress,0.0188679245283018,0.01029159019746966
5200,28,SS19,drop sleeve,0.0,0.013722121933370638
5200,99,SS19,drop sleeve,0.0,6.24287254756999e-26
5200,5,SS19,drop sleeve,0.0,0.007119845915796466
5200,3,SS19,drop sleeve,0.0188679245283018,0.03540942157082117
5200,110,SS19,drop sleeve,0.0,2.8115398478957717e-10
5200,9,SS19,drop sleeve,0.0188679245283018,0.012006856063116366
5148,53,SS19,sleeveless,0.0,0.04459690752660735
5162,0,SS19,long sleeve,0.0,0.013722121925682588
5224,4,SS19,long sleeve,0.0,0.017152653663067535
5147,74,SS19,capris,0.0,0.018867919535616194
5200,43,SS19,drop sleeve,0.0,0.007440818816026666
5147,51,SS19,capris,0.0,0.027444248870198553
5213,18,SS19,long dress,0.0,0.010215615178193405
5147,47,SS19,capris,0.0,0.027444248856208112
5174,109,SS19,miniskirt,0.0188679245283018,0.012006856061232415
5279,67,SS19,doll dress,0.0,0.029159514730100335
5213,19,SS19,long dress,0.0,9.339628089533073e-05
5200,48,SS19,drop sleeve,0.0,3.48455695737772e-08
5200,75,SS19,drop sleeve,0.0,9.302604875779066e-34
5279,69,SS19,doll dress,0.0188679245283018,0.03945110992740099
5224,85,SS19,long sleeve,0.0,0.010291590195461116
5213,66,SS19,long dress,0.0,0.013722126318920847
5209,79,SS19,patterned top,0.0,0.013722121929116284
5203,51,SS19,sleeveless,0.0,0.008566220079719985
5209,6,SS19,patterned top,0.0,0.0188679245283018
5143,77,SS19,capris,0.0377358490566037,0.027242771678636823
5209,21,SS19,patterned top,0.0,2.3411532435629534e-09
5149,21,SS19,capris,0.0377358490566037,0.02058318539275623
5106,40,SS19,short sleeves,0.0188679245283018,0.008576324332147275
5209,57,SS19,patterned top,0.0,0.00520810237612975
5106,18,SS19,short sleeves,0.0,0.01200685606491027
5284,41,SS19,long dress,0.0377358490566037,0.024013717154087448
5209,104,SS19,patterned top,0.0943396226415094,0.0012104420319289265
5209,64,SS19,patterned top,0.0,0.015437387794643423
5148,104,SS19,sleeveless,0.0188679245283018,0.01715265366231457
5143,68,SS19,capris,0.0,0.01200685606127489
5209,41,SS19,patterned top,0.0,0.02229845126296725
5149,41,SS19,capris,0.0,0.018867919535995387
5208,30,SS19,patterned top,0.0,0.01715265366123276
5209,29,SS19,patterned top,0.0188679245283018,0.018867924528301796
5209,4,SS19,patterned top,0.0188679245283018,0.012006860024402452
5209,90,SS19,patterned top,0.0,0.024013717128143902
5275,100,SS19,gitana skirt,0.0,0.01715265366366541
5209,93,SS19,patterned top,0.0188679245283018,0.012006856063317906
5276,36,SS19,sleeveless,0.0,0.018867919526097985
5209,24,SS19,patterned top,0.0188679245283018,0.01543738779678519
5146,7,SS19,culottes,0.0,0.036020578216321174
5107,15,SS19,long dress,0.0188679245283018,0.010291590197770897
5209,51,SS19,patterned top,0.0,0.015437393496048302
5209,77,SS19,patterned top,0.0,0.015204385689588207
5209,68,SS19,patterned top,0.0,0.01886791952720264
5209,47,SS19,patterned top,0.0754716981132075,0.0325900464541967
5209,82,SS19,patterned top,0.0,0.018775429632631978
5209,85,SS19,patterned top,0.0377358490566037,0.0154373877948302
5209,67,SS19,patterned top,0.0188679245283018,0.0
5209,74,SS19,patterned top,0.0188679245283018,4.189520785213355e-18
5209,35,SS19,patterned top,0.0,0.003142508171231015
5209,36,SS19,patterned top,0.0188679245283018,4.1311865719510275e-49
5143,83,SS19,capris,0.0,0.010291590196272828
5284,36,SS19,long dress,0.0,0.020583185395937873
5143,85,SS19,capris,0.0,0.013722121928992477
5232,46,SS19,sleeveless,0.0,0.015437387793595667
5203,26,SS19,sleeveless,0.0,0.010291590196858935
5126,101,SS19,culottes,0.0377358490566037,0.039451109920188396
5217,54,SS19,sleeveless,0.0,0.012006856063861085
5203,69,SS19,sleeveless,0.0,0.007244468833622619
5217,2,SS19,sleeveless,0.0,0.01200685606196996
5217,12,SS19,sleeveless,0.0,0.013722121930732805
5201,53,SS19,long dress,0.0566037735849056,0.013722121931049634
5203,74,SS19,sleeveless,0.0,0.010291590196837563
5201,29,SS19,long dress,0.0,0.013722121930821838
5217,80,SS19,sleeveless,0.0,0.0188679222584393
5217,9,SS19,sleeveless,0.0377358490566037,0.008576327648721222
5143,41,SS19,capris,0.0,0.024013717129227934
5203,31,SS19,sleeveless,0.0,0.0188679245801678
5203,85,SS19,sleeveless,0.0188679245283018,0.01029159019548484
5217,43,SS19,sleeveless,0.0,0.017152653658403755
5203,63,SS19,sleeveless,0.0,0.0021117068283371763
5208,65,SS19,patterned top,0.0,0.02058319084185702
5208,31,SS19,patterned top,0.0,0.01715265366670107
5232,36,SS19,sleeveless,0.0,0.01715265366107079
5268,86,SS19,printed shirt,0.0566037735849056,0.08747855418716854
5258,7,SS19,culottes,0.0188679245283018,0.013722121931447765
5232,69,SS19,sleeveless,0.0,0.01715265366239103
5232,83,SS19,sleeveless,0.0,2.3600035722425476e-11
5143,35,SS19,capris,0.0,0.01886792338547352
5232,47,SS19,sleeveless,0.0,0.013722121929214029
5232,45,SS19,sleeveless,0.0377358490566037,0.013722121930332594
5232,13,SS19,sleeveless,0.0,0.012006856062255548
5143,26,SS19,capris,0.0,0.015437387793326594
5232,80,SS19,sleeveless,0.0,0.004912620923592976
5175,110,SS19,jumpsuit,0.0,0.022298451260071333
5143,95,SS19,capris,0.0188679245283018,0.010291590196554158
5232,43,SS19,sleeveless,0.0,0.01886792444246577
4226,48,SS19,short sleeves,0.0,0.01543739116858886
5175,14,SS19,jumpsuit,0.0,0.006148867248177597
5284,77,SS19,long dress,0.0,0.025728982991393975
5192,12,SS19,sleeveless,0.0,0.0009647640630820272
5148,21,SS19,sleeveless,0.0188679245283018,0.020583185394106595
5200,101,SS19,drop sleeve,0.0,0.014472328685705834
4009,117,SS19,culottes,0.0188679245283018,0.0085763243311232
5200,61,SS19,drop sleeve,0.0,0.018867919527268694
5200,109,SS19,drop sleeve,0.0188679245283018,0.03751154451776931
5200,82,SS19,drop sleeve,0.0,0.027444248849446743
5200,72,SS19,drop sleeve,0.0,0.01715265743100888
5200,42,SS19,drop sleeve,0.0188679245283018,0.01373199384611323
5200,85,SS19,drop sleeve,0.0,0.02572898298199365
5203,14,SS19,sleeveless,0.0,0.01715265366091229
5148,4,SS19,sleeveless,0.0,0.018867928332789236
5152,68,SS19,capris,0.0,0.017152653664741196
5279,94,SS19,doll dress,0.0377358490566037,0.042881641645447784
5152,99,SS19,capris,0.0,0.012006856062659738
5200,26,SS19,drop sleeve,0.0188679245283018,0.006998101901567011
5234,51,SS19,short sleeves,0.0,0.01886791952054052
5279,80,SS19,doll dress,0.0566037735849056,0.058319034454516
5200,20,SS19,drop sleeve,0.0377358490566037,0.011726895685031904
5200,38,SS19,drop sleeve,0.0188679245283018,0.017152653664542026
5209,3,SS19,patterned top,0.0,0.006478995364936086
5209,16,SS19,patterned top,0.0377358490566037,0.012006856064073413
5209,13,SS19,patterned top,0.0188679245283018,0.004751784744142999
5209,50,SS19,patterned top,0.0377358490566037,0.020583185399873537
5200,50,SS19,drop sleeve,0.0,0.009702001744400413
5279,77,SS19,doll dress,0.0188679245283018,5.623079779581976e-10
5200,22,SS19,drop sleeve,0.0566037735849056,0.011670402953108096
5200,76,SS19,drop sleeve,0.0,0.012006856060196492
5200,51,SS19,drop sleeve,0.0,0.017152656334759958
5275,69,SS19,gitana skirt,0.0188679245283018,0.02058318539547311
5279,56,SS19,doll dress,0.0,8.379041882570359e-18
5173,30,SS19,kimono dress,0.0,2.811539847895771e-10
5268,39,SS19,printed shirt,0.0188679245283018,0.13207547085465124
5268,43,SS19,printed shirt,0.0377358490566037,0.0771869589561561
5200,47,SS19,drop sleeve,0.0566037735849056,0.005733402964623693
5200,46,SS19,drop sleeve,0.0566037735849056,0.056603772741443646
5145,22,SS19,doll dress,0.0188679245283018,0.008576324330730441
5200,18,SS19,drop sleeve,0.0,0.014542053498071389
5200,4,SS19,drop sleeve,0.0188679245283018,0.0188679245283018
5284,35,SS19,long dress,0.0,0.03259004647955278
4226,54,SS19,short sleeves,0.0,0.027444248865058578
5276,30,SS19,sleeveless,0.0,0.03259004644656454
5126,24,SS19,culottes,0.0754716981132075,0.04802743925854121
5276,94,SS19,sleeveless,0.0,0.015437387797585165
5192,18,SS19,sleeveless,0.0,0.012006856061095103
5284,40,SS19,long dress,0.0566037735849056,0.01372212193361137
5276,80,SS19,sleeveless,0.0,0.020583185369038793
5176,104,SS19,jumpsuit,0.0188679245283018,0.015437387778079799
5192,69,SS19,sleeveless,0.0,0.017152653675278712
5192,20,SS19,sleeveless,0.0,0.01543738779757836
5192,45,SS19,sleeveless,0.0,0.015437393286892507
5192,56,SS19,sleeveless,0.0,0.0137221219296759
5106,20,SS19,short sleeves,0.0,0.00028836205264740164
5192,35,SS19,sleeveless,0.0,0.013722121929997375
5146,5,SS19,culottes,0.0,0.025728982991694346
5094,50,SS19,long sleeve,0.0188679245283018,0.015437393270158584
5146,117,SS19,culottes,0.0188679245283018,0.014923745076776317
5125,54,SS19,culottes,0.0188679245283018,0.02401394017371747
5200,59,SS19,drop sleeve,0.0,0.018867924620225737
5252,52,SS19,culottes,0.0,0.010291590207329495
5200,63,SS19,drop sleeve,0.0,0.04596548322897922
5200,100,SS19,drop sleeve,0.0188679245283018,0.01249988365713229
5258,100,SS19,culottes,0.0,0.013722121924559865
5200,102,SS19,drop sleeve,0.0377358490566037,0.014191447040299069
5200,104,SS19,drop sleeve,0.0188679245283018,0.015437387794186748
5200,64,SS19,drop sleeve,0.0188679245283018,0.004792627779968036
5258,36,SS19,culottes,0.0,0.017152653659891985
5200,41,SS19,drop sleeve,0.0188679245283018,0.01886791716317433
5176,0,SS19,jumpsuit,0.0188679245283018,0.008576324330571117
5258,69,SS19,culottes,0.0,0.02058318539572215
5258,67,SS19,culottes,0.0188679245283018,0.0007296607892332925
5252,53,SS19,culottes,0.0188679245283018,0.015437387796096956
5258,29,SS19,culottes,0.0,0.01200685606263383
5231,19,SS19,short sleeves,0.0188679245283018,0.025728982997261736
5230,6,SS19,short sleeves,0.0,0.015437387801496609
5224,77,SS19,long sleeve,0.0,0.015437387792281187
5198,61,SS19,culottes,0.0188679245283018,6.242872640596039e-26
5215,45,SS19,jumpsuit,0.0,0.010291590196661324
5274,30,SS19,sleeveless,0.0,0.01715265367608987
5274,43,SS19,sleeveless,0.0,0.022298451260611543
5274,80,SS19,sleeveless,0.0,0.009752951689199558
5227,117,SS19,sleeveless,0.0,0.013722128171545559
5227,107,SS19,sleeveless,0.0,0.013722121936874354
5274,56,SS19,sleeveless,0.0,0.018867923778672867
4220,83,SS19,culottes,0.0,0.013722121927829817
5274,52,SS19,sleeveless,0.0,0.012006856064511033
5227,81,SS19,sleeveless,0.0,0.0037486033676316977
5198,20,SS19,culottes,0.0,0.024013717138321553
5198,47,SS19,culottes,0.0,0.02744424885582713
4220,31,SS19,culottes,0.0,0.017152653661310215
5227,36,SS19,sleeveless,0.0188679245283018,0.018867919523716917
5198,1,SS19,culottes,0.0,0.0240137171016148
5114,62,SS19,long dress,0.0377358490566037,0.012006856060579088
5215,77,SS19,jumpsuit,0.0377358490566037,0.01543738780566789
4227,49,SS19,short sleeves,0.0,0.013722121929131423
5198,51,SS19,culottes,0.0188679245283018,0.02572898299316183
5215,82,SS19,jumpsuit,0.0188679245283018,0.013722121926180044
5227,3,SS19,sleeveless,0.0188679245283018,0.018962218662001956
5114,49,SS19,long dress,0.0566037735849056,0.06346483204198608
5265,80,SS19,sleeveless,0.0,0.017152656984212387
5271,13,SS19,long sleeve,0.0188679245283018,0.020583185394547517
5215,62,SS19,jumpsuit,0.0188679245283018,0.0085763317089686
5122,45,SS19,solid color top,0.0,0.02744424886079827
5255,69,SS19,gitana skirt,0.0377358490566037,0.01200685604388293
5198,8,SS19,culottes,0.0,0.018867919528625605
5255,100,SS19,gitana skirt,0.0,0.01715265770659809
5198,90,SS19,culottes,0.0188679245283018,0.018867919531409226
5198,69,SS19,culottes,0.0,0.03259004648954625
5122,117,SS19,solid color top,0.0377358490566037,0.022298451236678882
5271,41,SS19,long sleeve,0.0,0.013722121929140461
5198,32,SS19,culottes,0.0,0.017152653658966194
5122,13,SS19,solid color top,0.0,0.044596911945122907
5215,79,SS19,jumpsuit,0.0188679245283018,0.011564966174045791
4230,59,SS19,culottes,0.0,0.012006860859896443
5198,83,SS19,culottes,0.0,0.03087478054550081
4184,54,SS19,short sleeves,0.0,0.01543738779534572
5227,12,SS19,sleeveless,0.0377358490566037,0.0188679227957728
5240,94,SS19,long sleeve,0.0,0.013722121930858517
5271,77,SS19,long sleeve,0.0,0.017152653663453393
5265,43,SS19,sleeveless,0.0,0.007979227831544169
5227,84,SS19,sleeveless,0.0,0.017152653666534533
5227,14,SS19,sleeveless,0.0188679245283018,0.008576324329936592
5227,80,SS19,sleeveless,0.0,0.020583185398729515
5132,77,SS19,maxi,0.0188679245283018,0.013722121928651246
5198,93,SS19,culottes,0.0188679245283018,0.025728982993046216
5215,69,SS19,jumpsuit,0.0,0.020583185393916268
5191,4,SS19,solid color top,0.0188679245283018,0.01029159019712356
5156,110,SS19,solid color top,0.0,0.013722121928370338
5198,84,SS19,culottes,0.0,0.017152653663572586
5156,25,SS19,solid color top,0.0188679245283018,0.008576328684061406
5149,39,SS19,capris,0.0,0.015437387785706498
5198,66,SS19,culottes,0.0,0.020583190685806323
5191,85,SS19,solid color top,0.0,0.01200685606211684
5151,4,SS19,solid color top,0.0,0.012006856063431225
5085,57,SS19,doll dress,0.0,0.01543738779526172
5221,65,SS19,sleeveless,0.0,0.0009347982133194782
5191,48,SS19,solid color top,0.0,0.013722121930365342
5191,60,SS19,solid color top,0.0377358490566037,0.013722121927598625
5198,94,SS19,culottes,0.0,0.020583185392873505
5168,12,SS19,short sleeves,0.0377358490566037,0.02401371712484243
5198,31,SS19,culottes,0.0377358490566037,0.012006856064370781
5167,31,SS19,long sleeve,0.0,0.015437387801899762
5207,63,SS19,doll dress,0.0,0.032590046478820814
5256,81,SS19,long sleeve,0.0,0.013722121929680427
5256,80,SS19,long sleeve,0.0,0.020583185392026603
5256,86,SS19,long sleeve,0.0377358490566037,0.010291590194717636
5256,94,SS19,long sleeve,0.0,0.0015975857184196839
4173,94,SS19,short sleeves,0.0,0.013722121928708395
5191,63,SS19,solid color top,0.0188679245283018,0.008576324330636995
5191,64,SS19,solid color top,0.0,0.012006856063396232
5191,41,SS19,solid color top,0.0,0.010291590196983984
5198,16,SS19,culottes,0.0,0.02229845126621664
5132,46,SS19,maxi,0.0,0.02848022369241881
5227,8,SS19,sleeveless,0.0,0.013722121935427267
5271,80,SS19,long sleeve,0.0,0.020583185391184856
5228,49,SS19,sleeveless,0.0,0.012006856059977934
5271,30,SS19,long sleeve,0.0188679245283018,0.015437391339929699
5228,8,SS19,sleeveless,0.0,0.01543738779319621
5198,99,SS19,culottes,0.0377358490566037,0.02229845126994179
5207,53,SS19,doll dress,0.0,0.05145797098553173
5198,5,SS19,culottes,0.0,0.027444248890457424
5223,54,SS19,gitana skirt,0.0188679245283018,0.013722121929074857
5179,93,SS19,doll dress,0.0,0.020583185410973988
5198,6,SS19,culottes,0.0,0.0015573794475572198
5179,76,SS19,doll dress,0.0,0.018867919526402287
5198,9,SS19,culottes,0.0,0.02572898299484865
5179,47,SS19,doll dress,0.0188679245283018,0.024013717132791493
5179,85,SS19,doll dress,0.0,0.02401371712633957
5179,74,SS19,doll dress,0.0,0.04459690750371486
5281,43,SS19,sleeveless,0.0,0.0018436925904958643
5239,13,SS19,sleeveless,0.0,0.020583185399439218
5239,69,SS19,sleeveless,0.0,0.00997088875501085
5190,22,SS19,solid color top,0.0,0.01372212192983607
5198,3,SS19,culottes,0.0,0.04459690752466662
5256,49,SS19,long sleeve,0.0,0.010291590192787031
5223,12,SS19,gitana skirt,0.0,0.03773584404870666
5223,65,SS19,gitana skirt,0.0,0.012006856065760118
5226,3,SS19,culottes,0.0,0.04974270513292158
5226,5,SS19,culottes,0.0,0.03602057820955264
5226,56,SS19,culottes,0.0,0.020583185391643336
5226,13,SS19,culottes,0.0,0.03602057819444552
5226,33,SS19,culottes,0.0377358490566037,0.027444248851757135
5127,43,SS19,sleeveless,0.0,0.018867919527717346
5122,8,SS19,solid color top,0.0188679245283018,0.030874780590306062
5226,45,SS19,culottes,0.0188679245283018,0.01715265367316826
5127,28,SS19,sleeveless,0.0,0.01200685606296674
4200,94,SS19,jumpsuit,0.0,0.07022927614616352
5117,48,SS19,sleeveless,0.0,0.012006856063998554
5226,1,SS19,culottes,0.0,0.03430531233870911
5122,95,SS19,solid color top,0.0,0.020583185391911563
5226,83,SS19,culottes,0.0,0.04288164167706326
5226,32,SS19,culottes,0.0188679245283018,0.017152653663362525
5124,59,SS19,drop sleeve,0.0,0.022298451263178573
5226,74,SS19,culottes,0.0,4.189520972499531e-18
5226,40,SS19,culottes,0.0,0.01715265367541533
5226,69,SS19,culottes,0.0188679245283018,0.020565715151577173
5226,46,SS19,culottes,0.0188679245283018,0.024013717128545765
5270,14,SS19,long dress,0.0943396226415094,0.022298451264339766
5226,2,SS19,culottes,0.0,0.027444248858663502
5270,86,SS19,long dress,0.0,0.03087478058904868
5229,57,SS19,short sleeves,0.0188679245283018,0.010291590197965368
5229,46,SS19,short sleeves,0.0,0.013722121928752393
5230,66,SS19,short sleeves,0.0188679245283018,0.005894926748395429
5230,4,SS19,short sleeves,0.0,0.0007945585277712286
5226,10,SS19,culottes,0.0,5.623079821477182e-10
5230,12,SS19,short sleeves,0.0,0.01715265366256918
5197,100,SS19,short sleeves,0.0,9.302605153018298e-34
5226,15,SS19,culottes,0.0566037735849056,0.032590046458078156
5197,85,SS19,short sleeves,0.0188679245283018,0.008576324331494458
5197,82,SS19,short sleeves,0.0,0.010291590193872996
5229,12,SS19,short sleeves,0.0,0.022298451279987773
5197,43,SS19,short sleeves,0.0,0.010291590198655023
5197,19,SS19,short sleeves,0.0,0.0120068594350167
5197,7,SS19,short sleeves,0.0,0.024013717127007245
5226,65,SS19,culottes,0.0,0.02401371712741873
5226,66,SS19,culottes,0.0754716981132075,0.02915951472861168
5226,75,SS19,culottes,0.0188679245283018,0.017152653661942525
5226,14,SS19,culottes,0.0188679245283018,0.030874780579040823
5229,3,SS19,short sleeves,0.0,0.012566490990754265
5226,43,SS19,culottes,0.0377358490566037,0.03087478057452057
5226,9,SS19,culottes,0.0,0.02915951472705482
5226,110,SS19,culottes,0.0188679245283018,0.012006856065272261
5229,85,SS19,short sleeves,0.0,0.010291592971630624
5117,74,SS19,sleeveless,0.0,0.0008092899423433744
5270,39,SS19,long dress,0.0,0.015437393583990967
5270,80,SS19,long dress,0.0188679245283018,0.03602057818395204
5153,57,SS19,sleeveless,0.0,0.015437387796711631
5270,40,SS19,long dress,0.0188679245283018,0.02572898298816411
5198,25,SS19,culottes,0.0188679245283018,0.020583185392054983
5270,81,SS19,long dress,0.0,0.03773584905660109
5205,12,SS19,short sleeves,0.0566037735849056,0.037735848775449714
5205,66,SS19,short sleeves,0.0188679245283018,0.008576324331375416
5205,48,SS19,short sleeves,0.0,0.013722121929260133
5205,43,SS19,short sleeves,0.0,0.0038264879023063654
5205,99,SS19,short sleeves,0.0,0.012006856065425722
5205,50,SS19,short sleeves,0.0,0.010291593593140755
5205,24,SS19,short sleeves,0.0188679245283018,0.01200685606413928
5205,101,SS19,short sleeves,0.0188679245283018,0.010291590196565812
5205,74,SS19,short sleeves,0.0,0.013722121930501038
5205,90,SS19,short sleeves,0.0,0.0022452029896303837
5255,10,SS19,gitana skirt,0.0377358490566037,0.01543738779352604
5205,8,SS19,short sleeves,0.0,0.00857632433030397
5122,77,SS19,solid color top,0.0377358490566037,0.02915951472389182
5223,16,SS19,gitana skirt,0.0,0.015437387798315315
5223,28,SS19,gitana skirt,0.0,0.012006856063976213
5223,5,SS19,gitana skirt,0.0566037735849056,0.017152653658563752
5223,3,SS19,gitana skirt,0.0188679245283018,0.018867919532587436
5223,14,SS19,gitana skirt,0.0,0.015437387792865093
5144,13,SS19,maxi,0.0,0.012006856061911278
5144,3,SS19,maxi,0.0188679245283018,0.00011032855442964234
5198,41,SS19,culottes,0.0,0.03602057818508009
5207,95,SS19,doll dress,0.0,0.03773584404504293
5124,8,SS19,drop sleeve,0.0188679245283018,0.010291590196707124
5153,102,SS19,sleeveless,0.0,0.009559717062965932
5226,63,SS19,culottes,0.0,0.022298451272998437
5226,25,SS19,culottes,0.0188679245283018,0.01372212193281428
5127,51,SS19,sleeveless,0.0,0.01543738779442194
5226,104,SS19,culottes,0.0188679245283018,0.013357918777996452
5226,29,SS19,culottes,0.0,0.051457970991685864
5124,26,SS19,drop sleeve,0.0566037735849056,0.029159514746088678
5153,47,SS19,sleeveless,0.0,0.022298451262008384
5124,35,SS19,drop sleeve,0.0,0.017152653667788006
5223,31,SS19,gitana skirt,0.0,0.017152653661656456
5153,51,SS19,sleeveless,0.0,0.008070619229242001
5153,117,SS19,sleeveless,0.0,0.017152653663045678
4145,27,SS19,culottes,0.0,0.010291590197809723
5153,5,SS19,sleeveless,0.0,0.02401371713545049
5124,61,SS19,drop sleeve,0.0,0.02229845125353669
5136,109,SS19,jumpsuit,0.0188679245283018,0.015437387796101976
5134,32,SS19,drop sleeve,0.0,0.015437391128753628
4152,80,SS19,drop sleeve,0.0,0.056603772741443646
5207,81,SS19,doll dress,0.0377358490566037,0.04116637579081321
5122,61,SS19,solid color top,0.0188679245283018,0.01715265366165353
5207,18,SS19,doll dress,0.0188679245283018,0.04116637577611559
5124,83,SS19,drop sleeve,0.0,0.020583185387127893
5231,80,SS19,short sleeves,0.0,0.015358857789092739
5248,41,SS19,long sleeve,0.0,0.013722121929995284
5167,54,SS19,long sleeve,0.0188679245283018,0.010291590197797563
5246,79,SS19,long sleeve,0.0188679245283018,0.02744424885894656
5219,33,SS19,culottes,0.0377358490566037,0.010291590196617751
5175,41,SS19,jumpsuit,0.0,0.01372212193140013
5246,56,SS19,long sleeve,0.0,0.03773584820180394
5246,69,SS19,long sleeve,0.0,0.02915951472862887
5246,36,SS19,long sleeve,0.1509433962264151,0.04974270512604615
5219,36,SS19,culottes,0.0,0.005450158726151615
5246,8,SS19,long sleeve,0.0754716981132075,0.02401371712795693
5243,100,SS19,shorts,0.0,0.015437387796914335
5175,57,SS19,jumpsuit,0.0188679245283018,0.018867924809455785
5246,100,SS19,long sleeve,0.0,0.027444248861675912
5199,2,SS19,long sleeve,0.0,0.0010140132073903404
5199,12,SS19,long sleeve,0.0,0.08919382527428638
5175,59,SS19,jumpsuit,0.0,0.0015949319581988859
5199,7,SS19,long sleeve,0.0,0.038406216069230684
5199,65,SS19,long sleeve,0.0377358490566037,0.024013717127147265
5199,66,SS19,long sleeve,0.0,0.020583185396237165
5199,48,SS19,long sleeve,0.0188679245283018,0.012006856060287688
5252,10,SS19,culottes,0.0188679245283018,0.01372212192864084
5199,43,SS19,long sleeve,0.0,0.022298451263558956
5199,9,SS19,long sleeve,0.0,0.032590046464091076
5246,94,SS19,long sleeve,0.0377358490566037,0.03773584405804233
5082,93,SS19,culottes,0.0188679245283018,0.0001530818372643331
5246,7,SS19,long sleeve,0.0,0.03430531232393515
5246,62,SS19,long sleeve,0.0,0.013722121928050529
5112,65,SS19,doll dress,0.0188679245283018,0.029159514726879547
5112,60,SS19,doll dress,0.0,0.015437387790578114
5269,29,SS19,culottes,0.0,0.02457611885693901
5269,41,SS19,culottes,0.0,0.027444248871993655
5220,25,SS19,culottes,0.0,0.013722121926599247
5220,57,SS19,culottes,0.0377358490566037,0.027444248860199368
5220,29,SS19,culottes,0.0377358490566037,0.020583185399101343
5220,41,SS19,culottes,0.0,0.017152653660456936
5219,12,SS19,culottes,0.0,0.020583185394025965
5194,2,SS19,long sleeve,0.0188679245283018,0.012006856062858067
5194,12,SS19,long sleeve,0.0,0.0021567791580197225
5219,19,SS19,culottes,0.0,0.010291590197474491
5194,15,SS19,long sleeve,0.0,0.020583185393394193
5194,94,SS19,long sleeve,0.0,0.013722127456274996
5194,99,SS19,long sleeve,0.0,0.010291590197737515
5194,56,SS19,long sleeve,0.0,0.015437387797587465
5194,117,SS19,long sleeve,0.0377358490566037,0.013722121928354753
5194,22,SS19,long sleeve,0.0,0.017152653661370778
5194,101,SS19,long sleeve,0.0,0.012006856063769708
5194,72,SS19,long sleeve,0.0188679245283018,0.010291590196047895
5194,53,SS19,long sleeve,0.0,0.01372212192650832
5246,10,SS19,long sleeve,0.0943396226415094,0.05832951962475218
5199,3,SS19,long sleeve,0.0,0.025227826111447013
5155,22,SS19,culottes,0.0,0.018867919529081914
5199,99,SS19,long sleeve,0.0,0.030874780590459554
5199,63,SS19,long sleeve,0.0,0.029159514725224767
5199,21,SS19,long sleeve,0.0566037735849056,0.025728982995317038
5199,102,SS19,long sleeve,0.0188679245283018,0.02058318539977151
5199,25,SS19,long sleeve,0.0,0.024013717126722213
5199,57,SS19,long sleeve,0.0,1.2568562667783737e-17
5199,41,SS19,long sleeve,0.0,0.05145797098088339
5224,30,SS19,long sleeve,0.0188679245283018,0.018867919534464636
5224,2,SS19,long sleeve,0.0,0.018867919510232083
5224,10,SS19,long sleeve,0.0,0.020583185391723345
5224,31,SS19,long sleeve,0.0,0.018867919525703804
5224,66,SS19,long sleeve,0.0188679245283018,0.015437387802063092
5224,84,SS19,long sleeve,0.0,0.015437387794919606
5224,86,SS19,long sleeve,0.0377358490566037,0.012006856065395442
5224,5,SS19,long sleeve,0.0,0.013722121927198783
5224,16,SS19,long sleeve,0.0188679245283018,0.037735849056603696
5224,117,SS19,long sleeve,0.0188679245283018,0.012006856062833951
5231,13,SS19,short sleeves,0.0,0.01543738779764296
5224,50,SS19,long sleeve,0.0,0.03259004647723811
5224,33,SS19,long sleeve,0.0,0.02401371713027234
5224,22,SS19,long sleeve,0.0,0.03259005110633917
5224,51,SS19,long sleeve,0.0,0.012007034036854804
3973,94,SS19,culottes,0.0188679245283018,0.008576324329892285
5199,59,SS19,long sleeve,0.0188679245283018,0.015437387794737552
5199,8,SS19,long sleeve,0.0377358490566037,0.027444248860678484
5199,4,SS19,long sleeve,0.0,0.027444248863994936
5231,100,SS19,short sleeves,0.0,0.007176058120054057
5175,72,SS19,jumpsuit,0.0,0.01715265366339791
5199,16,SS19,long sleeve,0.0,0.03945110989796808
5199,13,SS19,long sleeve,0.0377358490566037,0.036020578194151893
5199,117,SS19,long sleeve,0.0188679245283018,0.022298451262723167
5199,93,SS19,long sleeve,0.0188679245283018,0.007222102748962242
5199,22,SS19,long sleeve,0.0,0.0497427051103867
5199,45,SS19,long sleeve,0.0,0.027444248863692934
5199,51,SS19,long sleeve,0.0,0.04288164165326004
5199,77,SS19,long sleeve,0.0,0.025728982993132775
4228,102,SS19,short sleeves,0.0188679245283018,1.3861961890784345e-41
5231,18,SS19,short sleeves,0.0188679245283018,0.01372212193025898
5199,1,SS19,long sleeve,0.0,0.002173107305035369
5199,47,SS19,long sleeve,0.0188679245283018,0.02229845125485342
5199,20,SS19,long sleeve,0.0,0.012006858970799296
5199,42,SS19,long sleeve,0.0377358490566037,0.006849490811932847
5199,85,SS19,long sleeve,0.0,0.023483154562236496
5231,46,SS19,short sleeves,0.0,0.018867919520974177
5199,74,SS19,long sleeve,0.0188679245283018,0.039451109918907254
5199,35,SS19,long sleeve,0.0188679245283018,0.032590046438089056
5231,26,SS19,short sleeves,0.0,0.01543738779513388
5199,46,SS19,long sleeve,0.0188679245283018,0.04802743924528861
5199,68,SS19,long sleeve,0.0188679245283018,0.030874784617079386
5167,12,SS19,long sleeve,0.0,0.025728982994157837
5230,80,SS19,short sleeves,0.0,0.009157541773485982
5245,100,SS19,culottes,0.0,0.034305312323940025
5241,69,SS19,long sleeve,0.0566037735849056,0.00857632433206717
5119,77,SS19,solid color top,0.0,0.022298451260118327
5207,57,SS19,doll dress,0.0,0.03602057818604064
5207,101,SS19,doll dress,0.0188679245283018,0.025728982991090284
5138,12,SS19,culottes,0.0566037735849056,0.00023978944698109774
5138,80,SS19,culottes,0.0188679245283018,0.017152653664227618
5207,47,SS19,doll dress,0.0,0.018867925090609784
5207,1,SS19,doll dress,0.0,0.044596907528222575
5221,67,SS19,sleeveless,0.0,0.004932561269331832
5221,69,SS19,sleeveless,0.0,0.006930646210234411
5131,74,SS19,doll dress,0.0377358490566037,0.01372212193627734
5221,26,SS19,sleeveless,0.0,0.017152653663755776
5221,46,SS19,sleeveless,0.0,0.017152653663969314
5245,30,SS19,culottes,0.0943396226415094,0.08061749072493182
5146,68,SS19,culottes,0.0,0.02401371712810595
5272,80,SS19,shorts,0.0,0.04495971311065332
5220,2,SS19,culottes,0.0,0.0171526611330372
5220,10,SS19,culottes,0.0188679245283018,0.022298451259939792
5114,63,SS19,long dress,0.0188679245283018,0.02076174555772748
5220,15,SS19,culottes,0.0188679245283018,0.027444248858016843
5292,43,SS19,drop sleeve,0.0,0.034305312333179315
5289,13,SS19,short sleeves,0.0,0.013722121931511459
5220,31,SS19,culottes,0.0,0.015573771354080456
5119,74,SS19,solid color top,0.0,0.02058318539738294
5207,44,SS19,doll dress,0.0,0.029159514730621193
5181,21,SS19,long sleeve,0.0188679245283018,0.010291590193790525
5181,46,SS19,long sleeve,0.0,0.018311018368266787
5198,2,SS19,culottes,0.0,0.01715265366021972
5181,36,SS19,long sleeve,0.0,0.01372212193025898
5207,100,SS19,doll dress,0.0,0.03773584405013845
5248,36,SS19,long sleeve,0.0188679245283018,0.02744424886424795
5146,23,SS19,culottes,0.0,0.024013717131702222
5181,3,SS19,long sleeve,0.0,0.015437387792705733
5181,12,SS19,long sleeve,0.0377358490566037,0.021161606128929922
5248,35,SS19,long sleeve,0.0188679245283018,0.013722121930034999
5248,69,SS19,long sleeve,0.0,0.02058318539533243
5248,67,SS19,long sleeve,0.0188679245283018,0.018867922169811528
5248,13,SS19,long sleeve,0.0188679245283018,0.018867919527284987
5248,80,SS19,long sleeve,0.0,0.025728988854949168
5248,49,SS19,long sleeve,0.0188679245283018,0.020583185398027268
5221,16,SS19,sleeveless,0.0,0.0032025934264865072
5221,13,SS19,sleeveless,0.0188679245283018,0.0008172348662587274
5221,50,SS19,sleeveless,0.0188679245283018,0.010291590196734195
5221,93,SS19,sleeveless,0.0,3.8521430644171776e-06
5146,21,SS19,culottes,0.0188679245283018,0.015437387794602879
5207,107,SS19,doll dress,0.0943396226415094,0.025728982996700643
5272,30,SS19,shorts,0.0,0.022298451260432207
5220,94,SS19,culottes,0.0188679245283018,1.386196189078435e-41
5220,9,SS19,culottes,0.0188679245283018,0.01715265366019827
5115,52,SS19,culottes,0.0,0.010291590197337778
5149,72,SS19,capris,0.0188679245283018,0.013722121925395977
5207,110,SS19,doll dress,0.0,0.056603768575931884
5220,47,SS19,culottes,0.0188679245283018,0.018867925065980957
5140,109,SS19,patterned top,0.0377358490566037,0.01877361983526365
4227,50,SS19,short sleeves,0.0377358490566037,0.012006856063273948
5220,109,SS19,culottes,0.0377358490566037,0.010291590197131283
5220,82,SS19,culottes,0.0,0.020583185392344463
5269,30,SS19,culottes,0.0,0.027444248862808336
5269,86,SS19,culottes,0.0,0.015437387800980928
5269,43,SS19,culottes,0.0566037735849056,0.013722125606911275
5269,80,SS19,culottes,0.0377358490566037,0.022530459471971243
5179,21,SS19,doll dress,0.0,0.032590046453182246
5245,69,SS19,culottes,0.0754716981132075,0.030874780613383685
5245,35,SS19,culottes,0.0566037735849056,0.03945110992386352
5245,36,SS19,culottes,0.0566037735849056,0.05145797098112492
5103,28,SS19,sleeveless,0.0,0.02058318539557686
5090,24,SS19,long dress,0.0,0.010291590196272828
5269,35,SS19,culottes,0.0188679245283018,0.015309061365472137
5245,8,SS19,culottes,0.0377358490566037,0.029159514725869144
5220,26,SS19,culottes,0.0377358490566037,0.008576324331047899
5220,4,SS19,culottes,0.0,0.0154373877974007
5149,82,SS19,capris,0.0,0.013722121928746455
5220,77,SS19,culottes,0.0566037735849056,0.02401371713429042
5220,45,SS19,culottes,0.0,0.01990594663340521
5207,56,SS19,doll dress,0.0,0.002529726784220266
5220,6,SS19,culottes,0.0,0.013722121930616204
5182,69,SS19,long sleeve,0.0,0.013722121929873057
5220,3,SS19,culottes,0.0377358490566037,0.040719292136313985
5091,45,SS19,long dress,0.0188679245283018,0.010291590195663503
5182,74,SS19,long sleeve,0.0188679245283018,0.010291590196435437
5220,56,SS19,culottes,0.0566037735849056,0.01715265732866858
5207,50,SS19,doll dress,0.0,0.03430531231768559
5207,117,SS19,doll dress,0.0188679245283018,0.022871845326129896
5182,22,SS19,long sleeve,0.0,0.013722121931382177
3823,94,SS19,culottes,0.0188679245283018,0.0085763243311204
5245,41,SS19,culottes,0.0377358490566037,0.03430531232458901
5220,93,SS19,culottes,0.0,0.02058318540205848
5243,80,SS19,shorts,0.0,0.01886792082787087
5165,3,SS19,long sleeve,0.0188679245283018,0.008576324331047899
5165,12,SS19,long sleeve,0.0943396226415094,0.024013717132221574
5243,13,SS19,shorts,0.0188679245283018,0.01886791952726719
5245,86,SS19,culottes,0.0377358490566037,0.010291590194515487
5245,39,SS19,culottes,0.0377358490566037,0.02229845125413269
5245,80,SS19,culottes,0.0754716981132075,0.07204116140775184
5220,52,SS19,culottes,0.0188679245283018,0.013722121929627577
5245,56,SS19,culottes,0.0377358490566037,0.0497427051168521
5245,13,SS19,culottes,0.0754716981132075,0.05488850271181223
5165,74,SS19,long sleeve,0.0377358490566037,0.008576324330231653
4184,8,SS19,short sleeves,0.0,0.024013722548602817
5234,76,SS19,short sleeves,0.1132075471698113,0.025728982993639758
5162,56,SS19,long sleeve,0.0188679245283018,0.03087478621086671
5212,75,SS19,culottes,0.0,0.034392098773461
5212,48,SS19,culottes,0.0188679245283018,0.0600343002932266
5204,2,SS19,culottes,0.0,0.013722125581912882
5253,41,SS19,long dress,0.0,0.07547169311268992
5253,29,SS19,long dress,0.0,0.0857632883584716
5253,100,SS19,long dress,0.0,0.05488850272497718
5196,29,SS19,culottes,0.0188679245283018,0.02229845127170548
5196,57,SS19,culottes,0.0,0.020583185392948986
5196,100,SS19,culottes,0.0,0.013722121929087784
5196,63,SS19,culottes,0.0,0.01715265366731539
5204,94,SS19,culottes,0.0566037735849056,0.01715265366134833
5196,59,SS19,culottes,0.0188679245283018,0.02229845126239408
5196,35,SS19,culottes,0.0,0.02058318539151496
5196,107,SS19,culottes,0.0,0.010291593593140755
5196,101,SS19,culottes,0.0188679245283018,0.02744424886034146
5253,35,SS19,long dress,0.0,8.434620004534635e-10
5196,47,SS19,culottes,0.0,0.02229845125801899
5196,1,SS19,culottes,0.0,4.189521034928256e-18
5196,51,SS19,culottes,0.0754716981132075,0.025728982983394103
5196,24,SS19,culottes,0.0377358490566037,0.022298451257848677
5196,22,SS19,culottes,0.0,0.024013717129763343
5196,93,SS19,culottes,0.0,0.018867919529058693
5253,36,SS19,long dress,0.0,0.037735851024681605
5204,43,SS19,culottes,0.0,4.189520910070805e-18
5204,9,SS19,culottes,0.0,0.0171526536610677
5204,13,SS19,culottes,0.0,0.020583185390398055
5161,30,SS19,patterned top,0.0377358490566037,0.029159514574325255
5148,117,SS19,sleeveless,0.0188679245283018,0.01543738779832321
5207,79,SS19,doll dress,0.0188679245283018,0.048027439256943937
5160,110,SS19,printed shirt,0.0,0.018867919529830655
5160,94,SS19,printed shirt,0.0188679245283018,0.008576324330636995
5088,83,SS19,long dress,0.0,0.013722121930402235
5207,75,SS19,doll dress,0.0,8.434619585582553e-10
5207,19,SS19,doll dress,0.0,0.06861062965334051
5163,22,SS19,culottes,0.0377358490566037,0.018867924528301765
5212,54,SS19,culottes,0.0,0.017587123960570605
5212,2,SS19,culottes,0.0,0.08747855419961648
5212,12,SS19,culottes,0.0566037735849056,0.08233275655239672
5207,31,SS19,doll dress,0.0,3.351616684356552e-17
5212,49,SS19,culottes,0.0,0.02744424886038731
5212,15,SS19,culottes,0.0188679245283018,0.04065092355624628
5212,31,SS19,culottes,0.0188679245283018,0.048027439237472026
5212,66,SS19,culottes,0.0,0.02401371712411129
4194,107,SS19,solid color top,0.0,0.018867919531045618
5207,15,SS19,doll dress,0.0,2.811540099267021e-10
5207,7,SS19,doll dress,0.0,0.0001683479843972735
5212,19,SS19,culottes,0.0943396226415094,0.022557091612250193
5204,69,SS19,culottes,0.0,0.0257289829918428
5204,82,SS19,culottes,0.0,0.006708021570117341
5253,40,SS19,long dress,0.0,0.06346483207066073
5196,117,SS19,culottes,0.0188679245283018,0.020583185393944402
5196,16,SS19,culottes,0.0,0.02401371712105206
5196,56,SS19,culottes,0.0,0.01372212193461268
5212,99,SS19,culottes,0.0566037735849056,2.8115398060005647e-10
5113,82,SS19,culottes,0.0188679245283018,0.015437387796437723
5212,16,SS19,culottes,0.0943396226415094,0.03879515059731841
5212,117,SS19,culottes,0.0377358490566037,0.027444248860900165
5212,50,SS19,culottes,0.0188679245283018,0.034305312323770876
5212,93,SS19,culottes,0.0566037735849056,0.015490274979277852
5113,33,SS19,culottes,0.0188679245283018,0.01715265366137386
5253,62,SS19,long dress,0.0377358490566037,0.0274442488585795
5212,22,SS19,culottes,0.0188679245283018,0.05660376859482428
5253,30,SS19,long dress,0.0566037735849056,0.08404802248033785
5212,45,SS19,culottes,0.0188679245283018,0.046312173384134944
5212,76,SS19,culottes,0.0188679245283018,0.027444248860274478
5212,68,SS19,culottes,0.0754716981132075,0.05086172851234569
5212,1,SS19,culottes,0.0,0.034305312327738126
5212,47,SS19,culottes,0.0566037735849056,0.13207546668768885
5212,20,SS19,culottes,0.0566037735849056,0.05488850271431677
5212,42,SS19,culottes,0.1132075471698113,0.036020578188234766
5212,27,SS19,culottes,0.0188679245283018,0.027444248856456088
5212,82,SS19,culottes,0.0377358490566037,0.030757665383711705
4082,64,SS19,long dress,0.0,0.01543738779662502
5212,107,SS19,culottes,0.0,0.0222984512620408
5212,83,SS19,culottes,0.0377358490566037,0.034305312321932395
5212,72,SS19,culottes,0.0188679245283018,0.0394511099515416
5212,5,SS19,culottes,0.0188679245283018,0.03259004645485975
5161,86,SS19,patterned top,0.0566037735849056,0.02058318539866225
5212,3,SS19,culottes,0.0,0.05660377302259763
5113,46,SS19,culottes,0.0,0.020583185374563245
5196,9,SS19,culottes,0.0,0.02058318539832577
5196,73,SS19,culottes,0.0377358490566037,0.020583185391332477
5196,80,SS19,culottes,0.0,0.029159514736903223
5196,43,SS19,culottes,0.0188679245283018,0.012006856067510929
5253,51,SS19,long dress,0.0566037735849056,0.03945111249202556
5253,52,SS19,long dress,0.0,8.379041944999084e-18
5253,56,SS19,long dress,0.0943396226415094,0.04974270511661569
5253,73,SS19,long dress,0.0566037735849056,0.04802744322906571
5253,80,SS19,long dress,0.0,0.018799582799292027
5253,39,SS19,long dress,0.0188679245283018,0.04974270511703662
5253,86,SS19,long dress,0.0377358490566037,0.09605488351373169
5253,14,SS19,long dress,0.0566037735849056,0.06346483200164185
5253,7,SS19,long dress,0.0,0.041166375791514664
5196,31,SS19,culottes,0.0,0.024013717128058554
5196,15,SS19,culottes,0.0,0.029159514684968073
5196,10,SS19,culottes,0.0377358490566037,0.024013717127648097
5196,12,SS19,culottes,0.0377358490566037,0.04116637579152284
5196,2,SS19,culottes,0.0188679245283018,0.030874780601940023
5212,43,SS19,culottes,0.0377358490566037,0.056603768586932404
5113,44,SS19,culottes,0.0,0.015437387797291703
5212,9,SS19,culottes,0.0377358490566037,0.046312173395000815
5212,110,SS19,culottes,0.0,0.03259004646506245
5113,18,SS19,culottes,0.0188679245283018,0.015437387800111894
5212,6,SS19,culottes,0.0,0.01886792480945579
5212,85,SS19,culottes,0.0566037735849056,0.04974270512363229
5161,80,SS19,patterned top,0.0,0.010448230638903626
5204,46,SS19,culottes,0.0,0.01715265366455431
5216,30,SS19,doll dress,0.0,0.025728983005821167
5216,12,SS19,doll dress,0.0377358490566037,0.06518009796229139
5216,7,SS19,doll dress,0.0188679245283018,0.010291590200973352
5216,31,SS19,doll dress,0.0,0.013722121927685694
5216,19,SS19,doll dress,0.0,0.015437387808669382
5216,75,SS19,doll dress,0.0188679245283018,0.017152653667309
5216,14,SS19,doll dress,0.0377358490566037,0.012006856064289896
5216,43,SS19,doll dress,0.0,0.017152653660487197
5216,110,SS19,doll dress,0.0,0.012006856063302436
5216,56,SS19,doll dress,0.0377358490566037,0.020583185392376063
5261,30,SS19,solid color top,0.1320754716981132,0.00857632433111516
5216,117,SS19,doll dress,0.0188679245283018,0.012006856062597465
5216,93,SS19,doll dress,0.0,0.015437387774217678
5216,45,SS19,doll dress,0.0,0.024013717126837565
5216,77,SS19,doll dress,0.0,0.01715265365580817
5216,82,SS19,doll dress,0.0,0.022298451267655603
5267,15,SS19,solid color top,0.0566037735849056,0.013722121927764957
5216,72,SS19,doll dress,0.0,0.015437387797510959
5216,69,SS19,doll dress,0.0188679245283018,0.013722121927697445
5216,18,SS19,doll dress,0.0,0.01372212192884896
5216,95,SS19,doll dress,0.0188679245283018,0.010291590193065995
5267,80,SS19,solid color top,0.0,0.020583185394660235
5216,50,SS19,doll dress,0.0,0.020583185396687163
5257,36,SS19,solid color top,0.0188679245283018,0.00857632433126532
5105,15,SS19,doll dress,0.0,0.012006856063892467
5282,30,SS19,long sleeve,0.0,0.02229845126441684
5244,43,SS19,long sleeve,0.0754716981132075,0.03945110992139232
5244,86,SS19,long sleeve,0.0377358490566037,0.022298451263398213
5244,94,SS19,long sleeve,0.1132075471698113,0.029159514734714755
5244,10,SS19,long sleeve,0.0,0.0677280856346513
5244,30,SS19,long sleeve,0.0943396226415094,0.0566037685833168
5193,12,SS19,long dress,0.0,0.027444248858850395
5193,65,SS19,long dress,0.0,0.013722121931186895
5193,94,SS19,long dress,0.0,0.022298451263844006
5193,75,SS19,long dress,0.0,9.50726207013607e-05
5193,14,SS19,long dress,0.0188679245283018,0.024013719736213586
5193,43,SS19,long dress,0.0,0.003432096072881485
5193,39,SS19,long dress,0.0,0.015437387795368216
5193,73,SS19,long dress,0.0188679245283018,0.0377358490566037
5193,9,SS19,long dress,0.0,0.018867919540530083
5193,28,SS19,long dress,0.0188679245283018,0.010291590197498
5193,22,SS19,long dress,0.0188679245283018,0.013722121929394336
5193,24,SS19,long dress,0.0,0.012006856060635706
5193,82,SS19,long dress,0.0,0.001898337116159926
5193,53,SS19,long dress,0.0,0.01886791952438201
5193,95,SS19,long dress,0.0,0.01543738779629927
5193,104,SS19,long dress,0.0,0.012006856066553957
5282,35,SS19,long sleeve,0.0188679245283018,0.01715265366177941
5282,94,SS19,long sleeve,0.0188679245283018,0.015437387796104778
5267,35,SS19,solid color top,0.0,0.013722121929087784
5267,41,SS19,solid color top,0.0,0.025728982987221257
5105,4,SS19,doll dress,0.0,0.010291590198409212
5268,29,SS19,printed shirt,0.0,0.0754716930915101
5277,41,SS19,culottes,0.0188679245283018,0.041166375790050745
5166,13,SS19,long dress,0.0,0.0017751177999663496
5247,36,SS19,long sleeve,0.0377358490566037,0.02401371712213894
5247,69,SS19,long sleeve,0.0,0.046312173386351366
5247,40,SS19,long sleeve,0.0566037735849056,4.189520910070806e-18
5249,8,SS19,culottes,0.0,0.012006856063729787
5249,36,SS19,culottes,0.0,0.015437393892754558
5249,51,SS19,culottes,0.0377358490566037,0.008576324331694335
5247,77,SS19,long sleeve,0.0,0.027444248852524396
5249,49,SS19,culottes,0.0188679245283018,0.012006856064773551
5247,13,SS19,long sleeve,0.0188679245283018,0.05223930192386594
5251,81,SS19,culottes,0.0188679245283018,0.010291590196585211
5251,69,SS19,culottes,0.0188679245283018,0.008576324330479326
5247,56,SS19,long sleeve,0.0566037735849056,0.06360619742962459
5251,73,SS19,culottes,0.0188679245283018,0.017152653659033255
5176,86,SS19,jumpsuit,0.0,0.015437387799354649
5247,80,SS19,long sleeve,0.0,0.05831903754263879
5178,20,SS19,culottes,0.0188679245283018,0.012006856063878772
5247,15,SS19,long sleeve,0.0188679245283018,0.037735844050646505
5247,7,SS19,long sleeve,0.0,0.048721433125026796
5247,62,SS19,long sleeve,0.0,0.020583185395640313
5290,77,SS19,long sleeve,0.0566037735849056,0.008576324330867888
5254,30,SS19,long dress,0.0,0.018867920407914993
4219,0,SS19,short sleeves,0.0188679245283018,0.008576324330409215
5088,57,SS19,long dress,0.0,0.012006856063581524
5148,45,SS19,sleeveless,0.0188679245283018,0.04312617052955417
5277,36,SS19,culottes,0.0943396226415094,0.06861062967152215
5268,41,SS19,printed shirt,0.0,0.08576328833153167
5277,30,SS19,culottes,0.0188679245283018,0.08233275660786442
5277,49,SS19,culottes,0.0,0.015437387794369265
5277,7,SS19,culottes,0.0754716981132075,0.07547169550919615
5102,10,SS19,doll dress,0.0,0.013722121929566598
5262,90,SS19,culottes,0.0,0.01715265859703924
5262,1,SS19,culottes,0.0,0.01372212193041972
5262,22,SS19,culottes,0.0188679245283018,0.018867726694852545
5262,3,SS19,culottes,0.0,0.01543738779798639
5262,12,SS19,culottes,0.0188679245283018,0.029159514733737506
5278,35,SS19,long sleeve,0.0188679245283018,0.013722121932009375
5277,79,SS19,culottes,0.0377358490566037,0.03087478060040848
5277,86,SS19,culottes,0.0377358490566037,0.02572898297955324
5277,43,SS19,culottes,0.0188679245283018,0.049742711953286924
5277,80,SS19,culottes,0.0,0.09433961769256531
5278,13,SS19,long sleeve,0.0,0.01715265366324687
5095,64,SS19,patterned top,0.0,0.017152653659576238
5277,56,SS19,culottes,0.0188679245283018,0.04116637577467407
5277,13,SS19,culottes,0.0754716981132075,0.05145797848204504
5148,77,SS19,sleeveless,0.0,0.024013717125685487
5166,84,SS19,long dress,0.0377358490566037,0.013722121929100222
5277,40,SS19,culottes,0.0188679245283018,0.027444248864917156
5277,35,SS19,culottes,0.0,0.029159514727305092
5277,8,SS19,culottes,0.0377358490566037,0.04644474235949306
4171,22,SS19,sheath dress,0.0566037735849056,0.03760428785256707
5212,67,SS19,culottes,0.0377358490566037,0.042881641654828793
5212,32,SS19,culottes,0.0566037735849056,0.013722121931130172
5225,19,SS19,capris,0.0377358490566037,0.06346483207613107
5225,75,SS19,capris,0.0,0.10141795499616749
5225,48,SS19,capris,0.0188679245283018,0.02915951473593282
5225,79,SS19,capris,0.0566037735849056,0.04116638031719209
5225,43,SS19,capris,0.0,0.034305312317834236
5210,100,SS19,long dress,0.0188679245283018,0.015437387792910548
5225,6,SS19,capris,0.0,0.03430531232735814
5225,3,SS19,capris,0.0377358490566037,0.1149228077991385
5225,5,SS19,capris,0.0,0.024013717116318972
5225,99,SS19,capris,0.0188679245283018,0.017152653663307926
5210,53,SS19,long dress,0.0188679245283018,0.020583185396684814
5225,28,SS19,capris,0.0566037735849056,0.01886791954118674
5225,13,SS19,capris,0.0188679245283018,0.03087478059604013
5210,102,SS19,long dress,0.0754716981132075,0.010291590195057723
5225,22,SS19,capris,0.0,0.037735844049686995
5225,24,SS19,capris,0.0188679245283018,0.015437387791250652
5121,64,SS19,sleeveless,0.0,0.02229845125348715
5225,1,SS19,capris,0.0,0.04288164166297571
5225,47,SS19,capris,0.0377358490566037,0.1269296691149773
5259,41,SS19,patterned top,0.0,0.015437387803502815
5259,29,SS19,patterned top,0.0,0.0024627294641339724
5225,20,SS19,capris,0.0,0.06174956618851806
5225,16,SS19,capris,0.0,0.02744424885382423
5225,31,SS19,capris,0.0188679245283018,0.04288164164991814
5225,15,SS19,capris,0.0566037735849056,0.030874783873439993
5225,7,SS19,capris,0.0,0.039451109957763006
4241,104,SS19,short sleeves,0.0377358490566037,0.01896178826373524
4209,13,SS19,culottes,0.0,0.025728982999864695
4209,16,SS19,culottes,0.0,0.022550367461659844
4209,99,SS19,culottes,0.0188679245283018,9.38337430686286e-05
5234,18,SS19,short sleeves,0.0,0.029159514730285687
5286,35,SS19,shorts,0.0,0.0188679195298118
4178,101,SS19,printed shirt,0.0,0.015437387784324333
5178,3,SS19,culottes,0.0188679245283018,0.01372212192884073
5178,12,SS19,culottes,0.0188679245283018,0.018867919532503344
5178,30,SS19,culottes,0.0,0.015437387795949092
5234,46,SS19,short sleeves,0.0188679245283018,0.030874780589608557
4191,86,SS19,culottes,0.0377358490566037,0.01200685606272165
5234,36,SS19,short sleeves,0.0188679245283018,0.030874780597431394
5185,3,SS19,culottes,0.0,0.01886792480945579
5185,51,SS19,culottes,0.0188679245283018,0.01715265366295359
5185,46,SS19,culottes,0.0,0.015437387796635303
5185,63,SS19,culottes,0.0,0.012006856064175465
5189,31,SS19,culottes,0.0188679245283018,0.0008048135325295277
5210,60,SS19,long dress,0.0188679245283018,0.010291590196643854
5189,26,SS19,culottes,0.0188679245283018,0.010291593202277708
5189,41,SS19,culottes,0.0,0.010190910006678405
5225,2,SS19,capris,0.0,0.02401371713301583
5225,12,SS19,capris,0.0188679245283018,0.15951972069111067
5225,42,SS19,capris,0.0188679245283018,0.02401371712387137
5234,35,SS19,short sleeves,0.0,0.02572898300499863
5225,53,SS19,capris,0.0754716981132075,0.053173236806610714
5225,35,SS19,capris,0.0377358490566037,0.02572898299527313
5234,20,SS19,short sleeves,0.0377358490566037,0.02401371712613899
5286,86,SS19,shorts,0.0,0.015437387804893557
5234,47,SS19,short sleeves,0.0,0.025728982999095693
5234,68,SS19,short sleeves,0.0,0.020583185391844894
5234,30,SS19,short sleeves,0.0566037735849056,0.013722121930840712
5234,2,SS19,short sleeves,0.0566037735849056,0.027444248864245607
5234,12,SS19,short sleeves,0.0,0.08832559338097656
5234,10,SS19,short sleeves,0.0,0.027444248858556054
5234,7,SS19,short sleeves,0.0,0.02229845126820891
5234,15,SS19,short sleeves,0.0188679245283018,0.012006856063538738
5234,65,SS19,short sleeves,0.0,0.02401371714079948
5234,94,SS19,short sleeves,0.0377358490566037,0.037715128026040774
5234,19,SS19,short sleeves,0.0,0.03259004646053699
5234,75,SS19,short sleeves,0.0188679245283018,0.029159514732129025
5234,48,SS19,short sleeves,0.0,0.029159514724458185
5234,79,SS19,short sleeves,0.0188679245283018,0.01799035527296357
5234,43,SS19,short sleeves,0.0377358490566037,0.01886791953026043
5234,80,SS19,short sleeves,0.0566037735849056,0.03945111366170207
5234,3,SS19,short sleeves,0.0188679245283018,0.022298451256558896
5234,99,SS19,short sleeves,0.0,0.017152653660366605
5234,16,SS19,short sleeves,0.0,0.022298451266892987
5234,13,SS19,short sleeves,0.0377358490566037,0.015437387790985845
5234,93,SS19,short sleeves,0.0188679245283018,0.0291595147440856
5234,82,SS19,short sleeves,0.0,0.018867919527600474
5285,80,SS19,solid color top,0.0,0.01715265365772195
5234,107,SS19,short sleeves,0.0,0.01886791952962114
5234,85,SS19,short sleeves,0.0188679245283018,0.0188679195326688
5225,81,SS19,capris,0.0,0.024013717125726503
5225,46,SS19,capris,0.0188679245283018,0.09262435177622252
5225,90,SS19,capris,0.0188679245283018,0.039451109927580795
5180,6,SS19,long dress,0.0188679245283018,0.008771009888962475
5225,95,SS19,capris,0.0566037735849056,0.030874782867281497
5225,0,SS19,capris,0.0188679245283018,0.05317324365511779
5180,28,SS19,long dress,0.0188679245283018,0.06387753252920222
5225,4,SS19,capris,0.0,0.051457974475602436
5225,59,SS19,capris,0.0377358490566037,0.025728982983435723
5225,21,SS19,capris,0.0188679245283018,0.05317323689699038
5225,25,SS19,capris,0.0377358490566037,0.018867924528301803
5180,52,SS19,long dress,0.0566037735849056,0.03602057817625465
5225,57,SS19,capris,0.0377358490566037,0.029159514743362727
5225,104,SS19,capris,0.0754716981132075,0.036020578196847716
5225,29,SS19,capris,0.0754716981132075,0.029159518940634132
5225,41,SS19,capris,0.0188679245283018,0.03259004646384955
5234,69,SS19,short sleeves,0.0,0.03602058569051709
5148,49,SS19,sleeveless,0.0188679245283018,0.018867919526336756
5180,42,SS19,long dress,0.0377358490566037,0.018867919526682646
5180,83,SS19,long dress,0.0188679245283018,0.05831903444826347
5234,74,SS19,short sleeves,0.0,0.022298451255846004
5180,32,SS19,long dress,0.0377358490566037,0.07547169944858352
5234,53,SS19,short sleeves,0.0,0.013722121937447021
5234,83,SS19,short sleeves,0.0188679245283018,0.01200685606015103
4209,47,SS19,culottes,0.0188679245283018,0.022298451260118413
5242,30,SS19,printed shirt,0.0566037735849056,0.06003430035357717
5234,59,SS19,short sleeves,0.0377358490566037,0.020583188974893748
4161,20,SS19,long sleeve,0.0,0.012006856064871932
5207,54,SS19,doll dress,0.0188679245283018,0.06511843502300717
5166,24,SS19,long dress,0.0,0.0019420413273010025
5159,107,SS19,culottes,0.0,0.015437387799531611
5288,29,SS19,solid color top,0.0,0.015437387795777666
5159,14,SS19,culottes,0.0188679245283018,0.01715265364894722
5113,66,SS19,culottes,0.0377358490566037,0.032590046444851535
5288,39,SS19,solid color top,0.0,0.018867919552526077
5234,64,SS19,short sleeves,0.0377358490566037,0.03696249920888112
5242,41,SS19,printed shirt,0.0,0.044596907510891896
5222,24,SS19,culottes,0.0,0.018867919525721328
5222,50,SS19,culottes,0.0,0.015437387792550647
5222,13,SS19,culottes,0.0,0.013081238814494923
5222,75,SS19,culottes,0.0188679245283018,0.010291590197507918
5222,94,SS19,culottes,0.0,0.013722121928430489
5222,10,SS19,culottes,0.0,0.0005443349751678317
5222,2,SS19,culottes,0.0188679245283018,0.0
5211,57,SS19,culottes,0.0,0.015437387793062786
4217,57,SS19,culottes,0.0,0.010291590196223383
5211,8,SS19,culottes,0.0377358490566037,0.010291590197936608
5211,36,SS19,culottes,0.0,0.0008214592776931354
5242,81,SS19,printed shirt,0.0188679245283018,0.029159514720500584
5242,35,SS19,printed shirt,0.0,0.03773584406086511
5207,12,SS19,doll dress,0.0,0.12692966920116372
5259,35,SS19,patterned top,0.0188679245283018,0.02229845126523792
5212,41,SS19,culottes,0.0,0.04802743925976157
5212,104,SS19,culottes,0.0,0.024013717126852532
4204,29,SS19,culottes,0.0,0.010291590196884878
5212,46,SS19,culottes,0.1132075471698113,0.11164201681099703
4204,81,SS19,culottes,0.0188679245283018,0.013722121931093859
5212,90,SS19,culottes,0.0188679245283018,0.020480237034873353
5212,18,SS19,culottes,0.0188679245283018,0.11663807385511196
4204,82,SS19,culottes,0.0188679245283018,0.010291590197765538
4204,77,SS19,culottes,0.0188679245283018,0.0003450614880956825
5212,95,SS19,culottes,0.0377358490566037,0.019409709875107588
5212,0,SS19,culottes,0.0377358490566037,5.623079695791558e-10
5212,4,SS19,culottes,0.0,0.03773584405163485
5212,8,SS19,culottes,0.0,0.025728982995038948
5212,59,SS19,culottes,0.0188679245283018,0.03773584406406869
5212,63,SS19,culottes,0.0377358490566037,0.02915951472290683
5212,100,SS19,culottes,0.0,0.04459690752088992
5212,102,SS19,culottes,0.0188679245283018,0.013722121931000086
5207,10,SS19,doll dress,0.0,0.02487746546922259
5259,86,SS19,patterned top,0.0,0.02915951964868741
5259,80,SS19,patterned top,0.0188679245283018,0.022298451262470882
5130,74,SS19,culottes,0.0,0.01886792217422416
4236,64,SS19,culottes,0.0,0.01715265366100621
5130,82,SS19,culottes,0.0188679245283018,0.0120068560606481
5130,5,SS19,culottes,0.0,0.010291590196800711
5212,57,SS19,culottes,0.0377358490566037,0.05831903875100381
5212,29,SS19,culottes,0.0188679245283018,0.056557785999917676
5244,13,SS19,long sleeve,0.1320754716981132,0.13547988174648654
5166,21,SS19,long dress,0.0,0.015437391778917026
5259,36,SS19,patterned top,0.0188679245283018,0.015437387800073164
5237,43,SS19,gitana skirt,0.0188679245283018,0.02058318539313972
5237,75,SS19,gitana skirt,0.0377358490566037,0.017152653664094734
5237,19,SS19,gitana skirt,0.0,0.013722121934642282
5237,30,SS19,gitana skirt,0.0,0.04802743926425539
5211,2,SS19,culottes,0.0,0.015437387790323996
5211,54,SS19,culottes,0.0188679245283018,0.012006856061925827
4222,64,SS19,printed shirt,0.0566037735849056,0.03430531232048652
5202,12,SS19,long sleeve,0.0,0.025728986230884886
5202,62,SS19,long sleeve,0.0188679245283018,0.01372212192375844
5280,80,SS19,solid color top,0.0188679245283018,0.02572898298975041
5234,44,SS19,short sleeves,0.0188679245283018,0.015437387795217635
5280,86,SS19,solid color top,0.0188679245283018,0.02440460221864634
5264,29,SS19,solid color top,0.0,0.012006856063542641
4210,68,SS19,culottes,0.0188679245283018,0.010291590198709016
5264,36,SS19,solid color top,0.0188679245283018,1.3025683150840767e-05
5264,43,SS19,solid color top,0.0,0.0068339025499039125
5264,86,SS19,solid color top,0.0,0.027444254412348896
5093,73,SS19,culottes,0.0377358490566037,0.07375642724737776
5242,80,SS19,printed shirt,0.0,0.037735844040479694
5291,15,SS19,solid color top,0.0188679245283018,0.02934459991696767
5242,39,SS19,printed shirt,0.0188679245283018,0.015437392768342521
5242,43,SS19,printed shirt,0.0188679245283018,0.025728982992964475
5234,63,SS19,short sleeves,0.0566037735849056,0.01886791952083999
5237,39,SS19,gitana skirt,0.0,0.013722121931267808
5234,29,SS19,short sleeves,0.0,0.017152653663617918
5211,12,SS19,culottes,0.0377358490566037,0.029159520096553777
5237,5,SS19,gitana skirt,0.0,0.010291590196417925
5236,75,SS19,gitana skirt,0.0188679245283018,0.010291590195118917
5236,10,SS19,gitana skirt,0.0,0.02659157746828293
5235,36,SS19,gitana skirt,0.0188679245283018,0.027444248864695923
5235,35,SS19,gitana skirt,0.0,0.01715265366656972
5234,104,SS19,short sleeves,0.0188679245283018,4.613757906495254e-07
5234,57,SS19,short sleeves,0.0,0.02058318539120795
5235,73,SS19,gitana skirt,0.0188679245283018,0.018867922951505765
5211,68,SS19,culottes,0.0,0.013722121928463792
5211,24,SS19,culottes,0.0,0.015437387796049104
5235,66,SS19,gitana skirt,0.0188679245283018,0.010291590196731464
5235,12,SS19,gitana skirt,0.0188679245283018,0.018867924809455785
5237,18,SS19,gitana skirt,0.0,0.01886791952374997
5237,36,SS19,gitana skirt,0.0,0.03259004647259418
5237,72,SS19,gitana skirt,0.0,0.020583185385672866
5237,47,SS19,gitana skirt,0.0,0.01715265366400487
5211,60,SS19,culottes,0.0188679245283018,0.01029159019597561
4217,10,SS19,culottes,0.0,0.041166379152672676
5211,19,SS19,culottes,0.0,0.012006856061105728
4217,54,SS19,culottes,0.0,0.025728989066917132
5211,7,SS19,culottes,0.0,0.004762894573439402
5237,22,SS19,gitana skirt,0.0,0.020583185390346013
5237,13,SS19,gitana skirt,0.0377358490566037,0.01029159019503985
5237,56,SS19,gitana skirt,0.0,0.01200685606374793
5237,73,SS19,gitana skirt,0.0,0.022298451261843075
5244,52,SS19,long sleeve,0.0943396226415094,0.01886791952422981
5278,94,SS19,long sleeve,0.0566037735849056,0.01715265366565427
5200,67,SS19,drop sleeve,0.0377358490566037,0.0005307154089704729
5218,9,SS19,long sleeve,0.0377358490566037,0.04631217339640388
5148,107,SS19,sleeveless,0.0,0.010291590197765538
5195,23,SS19,long sleeve,0.0188679245283018,0.024013717116247273
5195,41,SS19,long sleeve,0.0,0.027444248859951288
5218,6,SS19,long sleeve,0.0,0.02915951471892663
5218,3,SS19,long sleeve,0.0,0.023280987393819008
5195,64,SS19,long sleeve,0.0377358490566037,0.017152653663656425
5195,57,SS19,long sleeve,0.0,0.015437387795266471
5195,25,SS19,long sleeve,0.0,0.013722121930539514
5218,5,SS19,long sleeve,0.0377358490566037,0.030874780589841264
5208,29,SS19,patterned top,0.0,0.014400637162576183
5195,8,SS19,long sleeve,0.0,0.02229845520599423
5195,4,SS19,long sleeve,0.0,0.022298451260190335
5218,99,SS19,long sleeve,0.0,0.027444248859031867
5195,18,SS19,long sleeve,0.0,0.02572898293882229
5195,26,SS19,long sleeve,0.0,0.012006856062791893
5195,40,SS19,long sleeve,0.0,0.012006856063635357
5283,80,SS19,shorts,0.0,0.025728983017065943
5195,83,SS19,long sleeve,0.0,0.015437387803475163
5195,42,SS19,long sleeve,0.0,0.012006856064642064
5195,20,SS19,long sleeve,0.0,0.02915951472439362
5195,47,SS19,long sleeve,0.0,0.0017680027181328673
5218,16,SS19,long sleeve,0.0,0.022298451263297447
5112,64,SS19,doll dress,0.0,0.015437387796378738
5218,80,SS19,long sleeve,0.0,0.029159514739947864
5268,36,SS19,printed shirt,0.0566037735849056,0.06174957075765549
5268,81,SS19,printed shirt,0.0566037735849056,0.04802743921913275
5208,99,SS19,patterned top,0.0,0.013722121931122194
5208,33,SS19,patterned top,0.0,0.003211598694980475
5208,76,SS19,patterned top,0.0188679245283018,4.189520847642081e-18
5218,10,SS19,long sleeve,0.0,0.034305312326647776
5218,15,SS19,long sleeve,0.0,0.03945110992021309
5218,31,SS19,long sleeve,0.0188679245283018,0.034305312323176275
5208,83,SS19,patterned top,0.0,0.0017829670367948548
5208,32,SS19,patterned top,0.0,0.012006856064482093
5208,53,SS19,patterned top,0.0,0.013722121932964675
5218,65,SS19,long sleeve,0.0377358490566037,0.03430531230707452
5208,35,SS19,patterned top,0.0,0.012006860156459824
5195,1,SS19,long sleeve,0.0,0.024013717117858203
5218,66,SS19,long sleeve,0.0188679245283018,0.03259004646603789
5208,46,SS19,patterned top,0.0,0.009951945280443068
5218,75,SS19,long sleeve,0.0566037735849056,0.029159514724598178
5218,48,SS19,long sleeve,0.0,0.01372212193117125
5287,41,SS19,shorts,0.0188679245283018,0.03429719958268927
5218,14,SS19,long sleeve,0.0,0.025728982998251295
5238,12,SS19,kimono dress,0.0188679245283018,0.010291590196288492
5238,10,SS19,kimono dress,0.0188679245283018,0.008576324329495382
5238,3,SS19,kimono dress,0.0377358490566037,0.012006856062639636
5268,69,SS19,printed shirt,0.0566037735849056,0.03945110992172337
5238,18,SS19,kimono dress,0.0,0.010291590198463317
5268,35,SS19,printed shirt,0.0,0.06518009791529025
5218,84,SS19,long sleeve,0.0188679245283018,0.020583185393629872
5195,68,SS19,long sleeve,0.0188679245283018,0.017152659617624494
5195,24,SS19,long sleeve,0.0188679245283018,0.025728982990999467
5195,16,SS19,long sleeve,0.0188679245283018,0.010291590192787031
5218,95,SS19,long sleeve,0.0188679245283018,0.02058318539295901
5218,18,SS19,long sleeve,0.0,0.0445969075168407
5218,90,SS19,long sleeve,0.0188679245283018,0.02401371712396835
5218,46,SS19,long sleeve,0.0,0.06689536379101797
5218,26,SS19,long sleeve,0.0566037735849056,0.036020578192430326
5218,45,SS19,long sleeve,0.0188679245283018,0.0394511099125656
5218,74,SS19,long sleeve,0.0188679245283018,0.030874780593619127
5218,32,SS19,long sleeve,0.0,0.015437387797063535
5218,67,SS19,long sleeve,0.0,0.020583185394412565
5218,85,SS19,long sleeve,0.0377358490566037,0.03430531231930763
5218,76,SS19,long sleeve,0.0,0.02744424885553038
5208,104,SS19,patterned top,0.0,0.023259301182927322
5208,63,SS19,patterned top,0.0188679245283018,0.012006856063058999
5218,68,SS19,long sleeve,0.0188679245283018,0.016469492616296516
5218,82,SS19,long sleeve,0.0,0.05145797100337779
5218,1,SS19,long sleeve,0.0,0.03602057819210274
5218,47,SS19,long sleeve,0.0,0.05145797097886929
5218,27,SS19,long sleeve,0.0,0.02401371712401571
5208,18,SS19,patterned top,0.0,0.008215102670959495
5287,80,SS19,shorts,0.0,0.01886791952712655
5218,38,SS19,long sleeve,0.0,0.018867919532579915
5218,101,SS19,long sleeve,0.0188679245283018,0.01715265836715107
5218,42,SS19,long sleeve,0.0188679245283018,0.010291590192853743
5218,20,SS19,long sleeve,0.0754716981132075,0.04974270513183735
5208,8,SS19,patterned top,0.0,0.01188024401317473
5218,12,SS19,long sleeve,0.0,0.037822953535214816
5283,41,SS19,shorts,0.0566037735849056,0.01715265366823312
5218,0,SS19,long sleeve,0.0188679245283018,0.03718728505578486
5195,28,SS19,long sleeve,0.0,0.013722121936819721
5195,99,SS19,long sleeve,0.0,0.020583191507002892
5218,50,SS19,long sleeve,0.0188679245283018,0.027444248862953383
5218,93,SS19,long sleeve,0.0377358490566037,0.029159514725225138
5195,3,SS19,long sleeve,0.0,0.02915951472094365
5195,110,SS19,long sleeve,0.0566037735849056,0.029159514734026497
5195,9,SS19,long sleeve,0.0,0.015437387794230232
5195,79,SS19,long sleeve,0.0188679245283018,0.01372212193002051
5195,75,SS19,long sleeve,0.0188679245283018,0.013722121928790836
5195,19,SS19,long sleeve,0.0,0.017152653664873337
5195,66,SS19,long sleeve,0.0188679245283018,0.029159514726578198
5218,22,SS19,long sleeve,0.0,0.03430531230946546
5195,31,SS19,long sleeve,0.0,0.02915951472432231
5218,33,SS19,long sleeve,0.0,0.0343053123148372
5195,10,SS19,long sleeve,0.0,0.0188679195302747
5195,12,SS19,long sleeve,0.0,0.04116637578704891
5218,41,SS19,long sleeve,0.0188679245283018,0.05660376858281357
5218,64,SS19,long sleeve,0.0188679245283018,0.03554777509983245
5218,104,SS19,long sleeve,0.0,0.020583185396024974
5218,21,SS19,long sleeve,0.0377358490566037,0.03945089834675714
5218,100,SS19,long sleeve,0.0377358490566037,0.05145797100318843
5218,63,SS19,long sleeve,0.0188679245283018,0.020583185396706078
5218,8,SS19,long sleeve,0.0377358490566037,0.05660376857390528
5218,4,SS19,long sleeve,0.0943396226415094,0.03945110992288329
5195,15,SS19,long sleeve,0.0188679245283018,0.01886791952054405
5218,2,SS19,long sleeve,0.0377358490566037,0.04288164164072453
5195,85,SS19,long sleeve,0.0,0.01886791952496997
5266,43,SS19,sleeveless,0.0188679245283018,0.013722121929682259
5208,48,SS19,patterned top,0.0188679245283018,0.01029159019674884
5162,19,SS19,long sleeve,0.0,0.01886791952608629
5244,8,SS19,long sleeve,0.0188679245283018,0.0943396226415094
5244,100,SS19,long sleeve,0.0,0.027444248854615598
5208,6,SS19,patterned top,0.0188679245283018,0.010291590199555226
5208,3,SS19,patterned top,0.0,0.008344392452230055
5244,40,SS19,long sleeve,0.0377358490566037,0.02915951930710671
5268,80,SS19,printed shirt,0.0188679245283018,0.05831903445416746
5162,14,SS19,long sleeve,0.0,0.03259004646832623
5208,94,SS19,patterned top,0.0,0.018867919528061192
5208,9,SS19,patterned top,0.0377358490566037,0.010291590192020974
5112,59,SS19,doll dress,0.0377358490566037,0.017152653660117
5208,19,SS19,patterned top,0.0377358490566037,0.001328503879550541
5266,80,SS19,sleeveless,0.0,0.015437387798492512
5208,110,SS19,patterned top,0.0,0.013722121928733495
5244,41,SS19,long sleeve,0.0566037735849056,0.03259004645720107
5218,54,SS19,long sleeve,0.0,0.024013717127752462
5297,73,SS19,long dress,0.0566037735849056,0.04459690750207996
5297,79,SS19,long dress,0.0188679245283018,0.029159514727615157
5253,2,SS19,long dress,0.0,0.0188679245283018
4208,28,SS19,short sleeves,0.0188679245283018,0.013722121923099772
5253,12,SS19,long dress,0.0,0.16295025215488368
5295,69,SS19,jumpsuit,0.0,0.020583185392705674
5295,35,SS19,jumpsuit,0.0,0.02744424889921734
5113,68,SS19,culottes,0.0,0.027444248865371088
5232,4,SS19,sleeveless,0.0754716981132075,0.03368892634178449
5143,31,SS19,capris,0.0,0.01715265366564983
5226,86,SS19,culottes,0.0,0.022298451264128702
5113,24,SS19,culottes,0.0,0.025728983001713383
5117,46,SS19,sleeveless,0.0,0.025728989226891066
5226,39,SS19,culottes,0.0,0.02229845126253506
5297,80,SS19,long dress,0.0566037735849056,0.07204116137248273
5212,74,SS19,culottes,0.0566037735849056,0.042881641645550035
5311,40,SS19,jumpsuit,0.0188679245283018,0.01372212193193521
5259,19,SS19,patterned top,0.0,0.0257289829927102
5297,14,SS19,long dress,0.0566037735849056,0.03430531231640825
5195,86,SS19,long sleeve,0.0188679245283018,0.02058318538932141
5297,49,SS19,long dress,0.0,0.0291595147221061
5311,69,SS19,jumpsuit,0.1132075471698113,0.02058318541253346
5298,53,SS19,long cardigan,0.0566037735849056,0.018867790804435333
5212,61,SS19,culottes,0.0566037735849056,0.009747366751189365
5297,94,SS19,long dress,0.0,0.020583185368527577
5188,41,SS19,sleeveless,0.0,0.022298451264366567
5197,83,SS19,short sleeves,0.0,0.006861058461015934
5312,12,SS19,sleeveless,0.0,0.04459691352406777
5197,47,SS19,short sleeves,0.0,0.017152653673491218
5297,12,SS19,long dress,0.0,0.035240120147463055
5268,3,SS19,printed shirt,0.0188679245283018,0.09605488352507532
5125,45,SS19,culottes,0.0188679245283018,0.024013717126897736
5207,49,SS19,doll dress,0.0,0.04116637579283098
5232,28,SS19,sleeveless,0.0188679245283018,0.018867924528301765
5197,65,SS19,short sleeves,0.0,0.010291590197247735
5311,81,SS19,jumpsuit,0.0,0.03838015773235452
5298,69,SS19,long cardigan,0.0,0.06346483206126155
5197,12,SS19,short sleeves,0.0,0.009334772971998782
5226,94,SS19,culottes,0.0,0.024013717129640306
5297,30,SS19,long dress,0.0,0.05660376859098555
5212,28,SS19,culottes,0.0943396226415094,0.0377358440554669
5195,2,SS19,long sleeve,0.0,0.02744424885743132
5226,101,SS19,culottes,0.0754716981132075,0.0188581333144603
5226,27,SS19,culottes,0.0377358490566037,0.0171526536624165
5272,18,SS19,shorts,0.0,0.01543738779539321
5196,94,SS19,culottes,0.0,0.026274487075817064
5226,85,SS19,culottes,0.0754716981132075,0.013722121929477867
5196,19,SS19,culottes,0.0377358490566037,0.013722121927899952
5226,53,SS19,culottes,0.0,0.022298451253353967
5147,8,SS19,capris,0.0188679245283018,0.01200685606347705
5253,31,SS19,long dress,0.0188679245283018,0.048027439232823065
5272,29,SS19,shorts,0.0,0.00573980094351161
5253,65,SS19,long dress,0.0,0.04974270510363727
5270,2,SS19,long dress,0.0,0.03259004646138296
5270,12,SS19,long dress,0.0,0.07032589550383501
5253,66,SS19,long dress,0.0,0.03602057817349227
5270,7,SS19,long dress,0.0,0.0205831853955354
5270,15,SS19,long dress,0.0566037735849056,0.02401371712471748
5270,31,SS19,long dress,0.0,0.029159514724815063
5270,66,SS19,long dress,0.0188679245283018,0.01886791956550919
5196,75,SS19,culottes,0.0188679245283018,0.017152653664856004
5234,54,SS19,short sleeves,0.0188679245283018,0.010291590194198024
5253,94,SS19,long dress,0.0,0.0806174903868468
5298,35,SS19,long cardigan,0.0,0.04116637578331139
5226,20,SS19,culottes,0.0566037735849056,0.022298451266352274
5304,67,SS19,long dress,0.0377358490566037,0.029829272497779172
5195,73,SS19,long sleeve,0.0,0.015437387796292812
5195,54,SS19,long sleeve,0.0188679245283018,0.017152653658373443
5209,44,SS19,patterned top,0.0188679245283018,0.022298451904077816
5117,20,SS19,sleeveless,0.0,0.01715265365752959
5117,38,SS19,sleeveless,0.0,0.036020578176677656
5226,28,SS19,culottes,0.0,0.017152653665542427
5266,19,SS19,sleeveless,0.0188679245283018,0.012006856063445363
5145,66,SS19,doll dress,0.0,0.013722121922695948
5253,10,SS19,long dress,0.0188679245283018,0.09262435179240133
5304,69,SS19,long dress,0.0188679245283018,0.020583185386552443
5226,93,SS19,culottes,0.0754716981132075,0.02229845125662138
5226,22,SS19,culottes,0.0188679245283018,0.03773584405914119
5209,59,SS19,patterned top,0.0188679245283018,0.018226113612617504
5209,8,SS19,patterned top,0.0,0.012006856058105383
5226,24,SS19,culottes,0.0188679245283018,0.018867919558266343
5218,44,SS19,long sleeve,0.0377358490566037,0.017152660769546493
5218,25,SS19,long sleeve,0.0,0.01886791953600804
5196,54,SS19,culottes,0.0,0.022298451264219244
5162,2,SS19,long sleeve,0.0,6.242873012700241e-26
5286,15,SS19,shorts,0.0,0.03430531231985469
5298,36,SS19,long cardigan,0.0,0.08404802610759081
5226,12,SS19,culottes,0.0,0.05317323686956809
5260,12,SS19,culottes,0.0188679245283018,0.020583185397498472
5125,50,SS19,culottes,0.0188679245283018,0.04288164166626779
5207,0,SS19,doll dress,0.0,7.202978361833288e-16
5288,18,SS19,solid color top,0.0,0.0010501851387658189
5288,100,SS19,solid color top,0.0188679245283018,0.012006856065932575
5307,7,SS19,jumpsuit,0.0,0.01715265365379891
5321,54,SS19,solid color top,0.0,0.01715265366161647
5321,19,SS19,solid color top,0.0377358490566037,0.012006856063674113
5321,14,SS19,solid color top,0.0,0.0015531005310364429
5298,15,SS19,long cardigan,0.0,0.07890222485605385
5321,69,SS19,solid color top,0.0,0.012006856064823322
5288,46,SS19,solid color top,0.0,0.022298451266401686
5321,29,SS19,solid color top,0.0188679245283018,0.01372212193051578
5272,53,SS19,shorts,0.0,0.002216223927009716
5298,49,SS19,long cardigan,0.0,0.0428816416607943
5097,38,SS19,doll dress,0.0188679245283018,2.3247191616550427e-06
5130,19,SS19,culottes,0.0,0.02058318539273771
5124,50,SS19,drop sleeve,0.0,1.386196209734368e-41
5298,12,SS19,long cardigan,0.0,0.09090908591709783
5315,12,SS19,solid color top,0.0754716981132075,0.01715265366990792
5312,41,SS19,sleeveless,0.0,0.018867919533644004
4222,27,SS19,printed shirt,0.0,0.04288164165859349
5306,43,SS19,solid color top,0.0,0.012006856065606248
5250,85,SS19,long dress,0.0566037735849056,0.01735993013008534
5288,36,SS19,solid color top,0.0,0.017595260950385848
5288,35,SS19,solid color top,0.0188679245283018,0.015437387800322073
5198,53,SS19,culottes,0.0,0.013722121930064734
5242,29,SS19,printed shirt,0.0,0.03773584407497498
5176,107,SS19,jumpsuit,0.0188679245283018,0.010291590200904782
5198,36,SS19,culottes,0.0,0.02915952037184846
5258,101,SS19,culottes,0.0,0.015437387800718447
5198,26,SS19,culottes,0.0,0.018867725807105933
5215,48,SS19,jumpsuit,0.0188679245283018,0.008576324332147275
5307,12,SS19,jumpsuit,0.0,0.030874780585448205
5198,18,SS19,culottes,0.0,0.022298451263528404
5207,4,SS19,doll dress,0.0188679245283018,0.046312173394365566
5215,10,SS19,jumpsuit,0.0188679245283018,0.02229845125933889
5198,4,SS19,culottes,0.0,0.022298451269567518
5288,3,SS19,solid color top,0.0,0.030874780571991074
5318,15,SS19,jumpsuit,0.0,0.05145797098581069
5198,63,SS19,culottes,0.0,0.030874780599568892
5288,82,SS19,solid color top,0.0,0.017152656801997956
5198,21,SS19,culottes,0.0188679245283018,0.017152653663935667
5217,3,SS19,sleeveless,0.0,0.015437387797060702
5288,83,SS19,solid color top,0.0188679245283018,0.013722121924202834
5198,57,SS19,culottes,0.0,0.03259004645495869
5113,48,SS19,culottes,0.0566037735849056,0.017152653660526547
4222,101,SS19,printed shirt,0.0,0.030874780592231303
5250,77,SS19,long dress,0.0188679245283018,0.017152659617624494
5298,62,SS19,long cardigan,0.0188679245283018,0.03087478059770435
5318,12,SS19,jumpsuit,0.0,0.09777014903300477
5148,19,SS19,sleeveless,0.0377358490566037,0.017152653661119444
5295,56,SS19,jumpsuit,0.0,0.029159514770678904
5201,102,SS19,long dress,0.0,0.03458138300467619
5166,45,SS19,long dress,0.0,0.003137901124934045
5212,21,SS19,culottes,0.0188679245283018,0.03430531232887398
5195,33,SS19,long sleeve,0.0,0.030874780594216906
5195,50,SS19,long sleeve,0.0,0.03602057819557295
4204,19,SS19,culottes,0.0188679245283018,0.015437387798613663
5311,100,SS19,jumpsuit,0.0943396226415094,0.015437387793238423
5259,39,SS19,patterned top,0.0566037735849056,0.008576324331257937
5180,90,SS19,long dress,0.0754716981132075,0.04459690751902682
4204,110,SS19,culottes,0.0,0.012006856063042456
5143,33,SS19,capris,0.0377358490566037,0.008576324331143265
5226,30,SS19,culottes,0.0,2.811539806000565e-10
5143,117,SS19,capris,0.0188679245283018,0.0005740701335241367
5232,54,SS19,sleeveless,0.0,0.0005776472095239957
5180,25,SS19,long dress,0.0377358490566037,0.024013717127353507
5226,54,SS19,culottes,0.0,0.013722121933996497
5253,19,SS19,long dress,0.0188679245283018,0.09605488353772734
5229,29,SS19,short sleeves,0.0,0.01372212525340229
5234,67,SS19,short sleeves,0.0188679245283018,0.017152653653823735
5130,35,SS19,culottes,0.0,0.017152653662428012
5311,29,SS19,jumpsuit,0.0566037735849056,0.05145797098440203
5311,41,SS19,jumpsuit,0.0188679245283018,0.06926928193334891
5124,20,SS19,drop sleeve,0.0,0.01200685606151662
5315,3,SS19,solid color top,0.0377358490566037,0.017152653648090852
5307,86,SS19,jumpsuit,0.0377358490566037,0.015437387797537675
4236,50,SS19,culottes,0.0,0.02375238567253936
5272,83,SS19,shorts,0.0,0.02058318538338725
5307,39,SS19,jumpsuit,0.0,0.017152653663665716
5259,3,SS19,patterned top,0.0,0.02744424884414772
5212,23,SS19,culottes,0.0754716981132075,0.01715265365627072
5217,90,SS19,sleeveless,0.0,0.01200685606354874
5212,64,SS19,culottes,0.0,0.02915951472112839
5295,94,SS19,jumpsuit,0.0,0.020583185390357
5258,74,SS19,culottes,0.0377358490566037,0.010291590197051849
5188,12,SS19,sleeveless,0.0,0.02055339342558968
5130,73,SS19,culottes,0.0188679245283018,0.010291593202277708
5318,30,SS19,jumpsuit,0.0566037735849056,0.015437387790006644
5125,28,SS19,culottes,0.0,0.022298451252048206
5212,44,SS19,culottes,0.0,0.014570751533093559
5212,25,SS19,culottes,0.0,0.02136871458848514
5203,9,SS19,sleeveless,0.0,0.010291590198655023
5295,80,SS19,jumpsuit,0.0188679245283018,0.054888502723929415
5203,56,SS19,sleeveless,0.0,0.0032660436097005766
5298,30,SS19,long cardigan,0.0188679245283018,0.03259004646246277
5125,117,SS19,culottes,0.0188679245283018,0.0188679195322626
5253,48,SS19,long dress,0.0188679245283018,0.04288164683447028
5253,75,SS19,long dress,0.0188679245283018,0.08404802244461357
5255,12,SS19,gitana skirt,0.0188679245283018,0.04166435942168639
5311,10,SS19,jumpsuit,0.0754716981132075,0.018867919530219494
5255,15,SS19,gitana skirt,0.0188679245283018,0.012006856064786658
5205,18,SS19,short sleeves,0.0,0.013722121930284928
5253,64,SS19,long dress,0.0,0.034305312323256475
5125,4,SS19,culottes,0.0566037735849056,0.04288164159238774
5205,59,SS19,short sleeves,0.0188679245283018,0.008576324332909143
5255,48,SS19,gitana skirt,0.0377358490566037,0.010291590198406031
5255,86,SS19,gitana skirt,0.0,0.0019016059859408609
5255,54,SS19,gitana skirt,0.0,0.013722121929703127
5244,74,SS19,long sleeve,0.0566037735849056,0.06810064332603773
5302,36,SS19,sleeveless,0.0,0.013722121920342714
5302,53,SS19,sleeveless,0.0,0.0016703817455576181
5218,107,SS19,long sleeve,0.0188679245283018,0.015437387797484218
5223,21,SS19,gitana skirt,0.0,0.0137221219295708
5223,20,SS19,gitana skirt,0.0,0.012006856062285364
5223,51,SS19,gitana skirt,0.0,0.02401371713000016
5223,45,SS19,gitana skirt,0.0377358490566037,0.015437387794912237
5192,59,SS19,sleeveless,0.0,4.716863207561897e-07
5212,60,SS19,culottes,0.0377358490566037,0.007463234087863866
5311,12,SS19,jumpsuit,0.0,0.12684178234169133
5125,59,SS19,culottes,0.0188679245283018,0.020583185396166544
5255,30,SS19,gitana skirt,0.0,0.03602057819984883
5253,44,SS19,long dress,0.0,0.0279629666372506
5253,8,SS19,long dress,0.0566037735849056,0.05488850268456951
5319,12,SS19,sleeveless,0.0377358490566037,0.01886791952742055
5196,4,SS19,culottes,0.0,0.025728983007069436
5268,94,SS19,printed shirt,0.0188679245283018,0.07705380468191354
5316,94,SS19,culottes,0.0566037735849056,0.049742705105467785
5266,29,SS19,sleeveless,0.0,0.012006856060797258
5192,68,SS19,sleeveless,0.0,0.01886791954094834
5314,30,SS19,gitana skirt,0.0,0.0018987352303590614
5218,72,SS19,long sleeve,0.0566037735849056,0.022298451261459525
5253,104,SS19,long dress,0.0,0.039451109920669476
5314,12,SS19,gitana skirt,0.0188679245283018,0.015437387795812309
5311,15,SS19,jumpsuit,0.0566037735849056,0.07547169783205351
5196,41,SS19,culottes,0.0,0.015437387796925503
5253,63,SS19,long dress,0.0,0.03602057819462112
5218,83,SS19,long sleeve,0.0,0.025728982991841128
5205,93,SS19,short sleeves,0.0188679245283018,0.012006856066789352
5205,33,SS19,short sleeves,0.0,0.009822378475798303
5253,21,SS19,long dress,0.0,0.039451109923312834
5253,102,SS19,long dress,0.0188679245283018,0.02229845550744339
5253,25,SS19,long dress,0.0188679245283018,0.02058318539413006
5147,76,SS19,capris,0.0,0.0006023439209925946
5204,12,SS19,culottes,0.0,0.00027611808660804073
5223,73,SS19,gitana skirt,0.0,0.02058318540983795
5223,80,SS19,gitana skirt,0.0,0.024013717110852314
5255,35,SS19,gitana skirt,0.0188679245283018,0.013722121939544838
5204,61,SS19,culottes,0.0,0.010291590197044174
5132,2,SS19,maxi,0.0,0.037735849056603696
5255,18,SS19,gitana skirt,0.0188679245283018,0.02401371711966355
5126,117,SS19,culottes,0.0188679245283018,0.01740186308310664
5316,56,SS19,culottes,0.0188679245283018,0.051457970973533766
5207,86,SS19,doll dress,0.0,0.009317243240938045
5255,29,SS19,gitana skirt,0.0,0.012006856063776893
5255,41,SS19,gitana skirt,0.0,0.013722121929771347
5204,20,SS19,culottes,0.0377358490566037,0.008576324330857726
5268,31,SS19,printed shirt,0.0,0.04116637577887217
5125,25,SS19,culottes,0.0377358490566037,0.02229845125806767
5234,33,SS19,short sleeves,0.0188679245283018,0.01715265366527618
5259,2,SS19,patterned top,0.0377358490566037,0.015437387798279044
5234,22,SS19,short sleeves,0.0,0.030874780583681
5271,29,SS19,long sleeve,0.0,0.006928023100499491
5302,80,SS19,sleeveless,0.0,0.018867924357070184
5271,36,SS19,long sleeve,0.0,4.513089218772717e-06
5302,7,SS19,sleeveless,0.0,0.0014081506863980575
5302,12,SS19,sleeveless,0.0188679245283018,0.018867919531113466
5268,15,SS19,printed shirt,0.0,0.046312173382771604
5255,53,SS19,gitana skirt,0.0,0.017152653662062457
5145,10,SS19,doll dress,0.0188679245283018,0.013722125690722802
5255,83,SS19,gitana skirt,0.0188679245283018,0.017152653663159642
5223,48,SS19,gitana skirt,0.0,0.01200685606549676
5316,14,SS19,culottes,0.0566037735849056,0.036020578201007146
4197,74,SS19,printed shirt,0.0,0.006121311158162722
5309,80,SS19,sleeveless,0.0943396226415094,0.0960548835618761
5309,73,SS19,sleeveless,0.0188679245283018,0.07890222477454455
5223,15,SS19,gitana skirt,0.0188679245283018,0.01029159019913556
5266,46,SS19,sleeveless,0.0,0.012006856063177595
5204,80,SS19,culottes,0.0,0.024013720447341513
5141,26,SS19,short sleeves,0.0188679245283018,0.008576324332147275
5316,39,SS19,culottes,0.0377358490566037,0.041166375793681195
5122,24,SS19,solid color top,0.0,0.034305312322713555
5255,13,SS19,gitana skirt,0.0188679245283018,0.012006856061281594
5255,33,SS19,gitana skirt,0.0188679245283018,0.012006856062166671
5316,80,SS19,culottes,0.0188679245283018,0.12296029896988203
5316,73,SS19,culottes,0.0566037735849056,0.04459691126846646
5157,18,SS19,short sleeves,0.0,0.013722121931271637
5255,51,SS19,gitana skirt,0.0,0.018867919530283935
5144,46,SS19,maxi,0.0,0.012006856069966152
5157,83,SS19,short sleeves,0.0,0.012006856062766502
5255,20,SS19,gitana skirt,0.0,0.01886791952750112
5204,99,SS19,culottes,0.0,0.013722121919834244
5270,46,SS19,long dress,0.0188679245283018,0.017152653656155998
5226,26,SS19,culottes,0.0,0.018867919519421742
5270,36,SS19,long dress,0.0188679245283018,0.0445969075317334
5253,95,SS19,long dress,0.0,0.03945111346200707
5226,21,SS19,culottes,0.0377358490566037,0.013722121932420835
5253,99,SS19,long dress,0.0,0.07547169313497769
5226,44,SS19,culottes,0.0,0.015437387792750393
5226,57,SS19,culottes,0.0566037735849056,0.037735844057196335
5253,28,SS19,long dress,0.0,0.029159514725189826
5209,20,SS19,patterned top,0.0,0.0018669057368828203
5253,16,SS19,long dress,0.0377358490566037,0.046312173384857214
5253,13,SS19,long dress,0.0,0.06689536378924121
5253,117,SS19,long dress,0.0188679245283018,0.06346483202289582
5270,77,SS19,long dress,0.0566037735849056,0.0257289829905981
5226,41,SS19,culottes,0.0,0.010976784711367694
5253,33,SS19,long dress,0.0,0.05660376858201071
5209,38,SS19,patterned top,0.0754716981132075,0.037676084005651735
5253,45,SS19,long dress,0.0,0.030507661189061168
5253,24,SS19,long dress,0.0,1.2568562730212466e-17
5253,76,SS19,long dress,0.0,0.06003430034215948
5209,11,SS19,patterned top,0.0188679245283018,0.008576324331016282
5253,77,SS19,long dress,0.0,0.0548885026912063
4173,44,SS19,short sleeves,0.0377358490566037,0.010291590198715183
5253,68,SS19,long dress,0.0,0.03259004646206723
5253,93,SS19,long dress,0.0,0.058319034468979576
5253,1,SS19,long dress,0.0,0.0600343003859438
5253,5,SS19,long dress,0.0,2.811539847895774e-10
5253,3,SS19,long dress,0.0,0.09090908586188957
5253,60,SS19,long dress,0.0,0.021488320496192558
5122,90,SS19,solid color top,0.0,0.017152653666075414
5098,19,SS19,culottes,0.0188679245283018,0.017152657813328615
5209,83,SS19,patterned top,0.0188679245283018,0.012006856060681732
5253,79,SS19,long dress,0.0,0.05317323684400856
5266,3,SS19,sleeveless,0.0188679245283018,0.015437387794493712
5253,43,SS19,long dress,0.0188679245283018,0.042881641635317776
5268,14,SS19,printed shirt,0.0,0.04802744622635086
5270,110,SS19,long dress,0.0943396226415094,0.027444253601045018
5270,76,SS19,long dress,0.0188679245283018,0.02229845126762712
5270,3,SS19,long dress,0.0377358490566037,0.03430531231291061
5270,99,SS19,long dress,0.0377358490566037,0.012006856066298895
5226,95,SS19,culottes,0.0377358490566037,0.020583191525506882
5270,13,SS19,long dress,0.0377358490566037,0.025728982984287378
5253,9,SS19,long dress,0.0,4.1895210973569825e-18
5226,0,SS19,culottes,0.0377358490566037,0.010291590197727804
5226,4,SS19,culottes,0.0,0.022298451245205346
5253,110,SS19,long dress,0.0754716981132075,0.07032589552912369
5253,6,SS19,long dress,0.0188679245283018,0.017152653665696325
5226,59,SS19,culottes,0.0377358490566037,0.015437387795835096
5270,5,SS19,long dress,0.0,0.025728983019275432
5253,47,SS19,long dress,0.0188679245283018,0.0651800979120922
5253,38,SS19,long dress,0.0566037735849056,0.06518009791579905
5196,79,SS19,culottes,0.0,0.025728982992626746
5218,69,SS19,long sleeve,0.0754716981132075,0.034305312298455924
5268,75,SS19,printed shirt,0.0,0.025188177865607293
5250,10,SS19,long dress,0.0754716981132075,0.019533985310906745
5298,29,SS19,long cardigan,0.0754716981132075,0.03430531232041603
5268,19,SS19,printed shirt,0.0,0.07204116140992319
5196,68,SS19,culottes,0.0,0.017152653670186785
5266,40,SS19,sleeveless,0.0188679245283018,0.018773622222923923
5253,69,SS19,long dress,0.0,0.0909090859183124
5192,86,SS19,sleeveless,0.0,0.010291590196805532
5253,74,SS19,long dress,0.0,0.04802743923732049
5297,56,SS19,long dress,0.0566037735849056,0.05660376859814931
5122,42,SS19,solid color top,0.0,0.03602057818132944
5253,81,SS19,long dress,0.0377358490566037,0.061749566206754786
5270,107,SS19,long dress,0.0188679245283018,0.01886792040863225
5311,94,SS19,jumpsuit,0.0,0.0658590353291799
5270,85,SS19,long dress,0.0188679245283018,0.027444248867126188
4208,59,SS19,short sleeves,0.0188679245283018,0.012006856063303194
5147,1,SS19,capris,0.0,8.62527247205683e-05
5253,26,SS19,long dress,0.0,0.0651800979788972
5253,46,SS19,long dress,0.0,0.09433961763786303
5270,68,SS19,long dress,0.0,2.811539931686189e-10
5253,53,SS19,long dress,0.0188679245283018,0.0703258954887247
5253,32,SS19,long dress,0.0188679245283018,0.04802743664081583
5253,67,SS19,long dress,0.0,0.0686106295796385
5298,8,SS19,long cardigan,0.0188679245283018,0.02058318539718191
5253,101,SS19,long dress,0.0,2.811539973581398e-10
5162,109,SS19,long sleeve,0.0566037735849056,0.01886791953174336
5232,25,SS19,sleeveless,0.0188679245283018,0.008576324331754683
5253,107,SS19,long dress,0.0,0.04802743923539727
5253,83,SS19,long dress,0.0188679245283018,0.0360205781753204
5316,30,SS19,culottes,0.0754716981132075,0.07032589550615208
5250,31,SS19,long dress,0.0188679245283018,0.015437392453352936
5188,10,SS19,sleeveless,0.0,4.189521034928259e-18
5250,15,SS19,long dress,0.0,0.0120068560630241
5311,80,SS19,jumpsuit,0.0943396226415094,0.07204116555186309
5134,77,SS19,drop sleeve,0.0,0.004459922669600131
5311,79,SS19,jumpsuit,0.0,0.10673865914989812
5316,12,SS19,culottes,0.1320754716981132,0.14579759367419207
5196,50,SS19,culottes,0.0,0.01715265366068243
5122,67,SS19,solid color top,0.0,0.03259004645881422
5316,49,SS19,culottes,0.0566037735849056,0.029159514722992545
5316,7,SS19,culottes,0.0754716981132075,0.04459690751554802
5122,85,SS19,solid color top,0.0,0.030874780593132478
5316,15,SS19,culottes,0.0188679245283018,0.08404802244380441
5253,85,SS19,long dress,0.0,0.05488850272618417
5270,35,SS19,long dress,0.0,0.043299846485686966
5288,19,SS19,solid color top,0.0,0.020583185394493716
5222,33,SS19,culottes,0.0,0.0028513062626155565
5222,109,SS19,culottes,0.0,0.01886791953150724
5269,79,SS19,culottes,0.0,0.010291590197176717
5269,12,SS19,culottes,0.0,0.032590049320396566
5285,43,SS19,solid color top,0.0188679245283018,0.010291590200041443
5308,29,SS19,culottes,0.0188679245283018,0.015437387790096447
5285,15,SS19,solid color top,0.0377358490566037,0.0188679245283018
5145,110,SS19,doll dress,0.0188679245283018,0.017152658965576502
5285,12,SS19,solid color top,0.0377358490566037,0.013722121917555612
5220,27,SS19,culottes,0.0,0.013722126987284042
5234,8,SS19,short sleeves,0.0188679245283018,0.01029159019813428
5234,4,SS19,short sleeves,0.0,0.015437387799015587
5276,54,SS19,sleeveless,0.0188679245283018,0.012006856063943621
5299,51,SS19,short sleeves,0.0,0.0120068560656167
5242,12,SS19,printed shirt,0.0,0.06003430031589638
5242,15,SS19,printed shirt,0.0,0.022298451263533123
5191,10,SS19,solid color top,0.0188679245283018,0.017152653662692006
5125,31,SS19,culottes,0.0,0.013722121929543241
5242,31,SS19,printed shirt,0.0,0.03430531234348514
5220,51,SS19,culottes,0.0,0.013722121929819036
5147,31,SS19,capris,0.0,0.005326057667413901
5298,73,SS19,long cardigan,0.0,0.037735844067048975
5220,68,SS19,culottes,0.0,0.013722125969005974
5242,19,SS19,printed shirt,0.0188679245283018,0.051457971037770056
5269,3,SS19,culottes,0.0,0.03087478359887236
5269,45,SS19,culottes,0.0,0.022298451259702378
5286,29,SS19,shorts,0.0,0.030874780589448973
5243,26,SS19,shorts,0.0,0.013722121929288745
5234,90,SS19,short sleeves,0.0377358490566037,0.013722124537175431
5243,36,SS19,shorts,0.0,0.017152653648635406
5220,21,SS19,culottes,0.0377358490566037,0.012006856063046491
5173,57,SS19,kimono dress,0.0377358490566037,0.012006858651620088
5284,31,SS19,long dress,0.0,0.018867919527399524
5176,57,SS19,jumpsuit,0.0,0.010291590196992445
5269,46,SS19,culottes,0.0566037735849056,0.01886791953661319
5269,5,SS19,culottes,0.0,0.030874784815365305
5312,35,SS19,sleeveless,0.0,0.009110882992219297
5269,69,SS19,culottes,0.0188679245283018,0.01734751714308381
5285,69,SS19,solid color top,0.0188679245283018,0.01543738779619779
5225,36,SS19,capris,0.0,0.04459690752134822
5243,85,SS19,shorts,0.0,0.013722121927111133
5243,47,SS19,shorts,0.0,0.01543738779501601
5285,20,SS19,solid color top,0.0377358490566037,0.015437387792852888
4209,24,SS19,culottes,0.0,0.02058318539438562
5220,69,SS19,culottes,0.0,0.047105015167895406
5269,82,SS19,culottes,0.0,0.024013721842557456
5284,69,SS19,long dress,0.0,0.022298451263669528
5242,75,SS19,printed shirt,0.0,0.037735844023920405
5276,66,SS19,sleeveless,0.0,0.013722126285859485
5276,60,SS19,sleeveless,0.0188679245283018,0.013722121932774042
5276,83,SS19,sleeveless,0.0188679245283018,0.0120068560630676
5264,46,SS19,solid color top,0.0,0.025728982987601897
5264,18,SS19,solid color top,0.0,0.02401371713496823
5272,56,SS19,shorts,0.0,0.012006856062656841
5287,82,SS19,shorts,0.0,0.02058318539902189
5264,41,SS19,solid color top,0.0,0.006498868140732752
5220,12,SS19,culottes,0.0188679245283018,0.05488850271643858
5280,30,SS19,solid color top,0.0,0.022298451265178376
5280,12,SS19,solid color top,0.0,0.032590046456542204
5308,18,SS19,culottes,0.0,0.01543738779442194
5220,54,SS19,culottes,0.0,0.02401371712217189
4143,32,SS19,culottes,0.0377358490566037,0.008576324331179908
5312,36,SS19,sleeveless,0.0377358490566037,0.029159514726365094
5268,46,SS19,printed shirt,0.0,2.811539931686191e-10
5275,46,SS19,gitana skirt,0.0188679245283018,0.01715265755072846
5298,14,SS19,long cardigan,0.0943396226415094,0.04802743928207486
5280,45,SS19,solid color top,0.0,0.007051793485286266
5280,69,SS19,solid color top,0.0,0.01372212192899288
5268,18,SS19,printed shirt,0.0,0.05660376860168553
5280,81,SS19,solid color top,0.0188679245283018,0.010291590195299925
5280,75,SS19,solid color top,0.0,0.015437387795126887
5264,69,SS19,solid color top,0.0,0.00044060668892089507
5264,53,SS19,solid color top,0.0,0.01372212192946242
5264,83,SS19,solid color top,0.0,0.017152653661589527
5220,22,SS19,culottes,0.0377358490566037,0.0222984512644891
5298,80,SS19,long cardigan,0.0,0.11835334292212343
5276,14,SS19,sleeveless,0.0566037735849056,0.012006856063195875
5284,15,SS19,long dress,0.0,0.0171526536610933
5243,110,SS19,shorts,0.0,0.006498868140732752
5234,21,SS19,short sleeves,0.0188679245283018,0.031216602139875364
5243,43,SS19,shorts,0.0,0.004327280807747751
5242,13,SS19,printed shirt,0.0,0.020583185390811252
5272,36,SS19,shorts,0.0,0.01886791952225669
5259,63,SS19,patterned top,0.0,0.015437393074998893
5259,18,SS19,patterned top,0.0,0.022298451259357328
5220,13,SS19,culottes,0.0,0.01886791952728637
5298,39,SS19,long cardigan,0.0754716981132075,0.017152653664486872
5276,28,SS19,sleeveless,0.0188679245283018,0.01029159019732864
5308,57,SS19,culottes,0.0,0.015437387803560505
5264,12,SS19,solid color top,0.0,0.034305312321006816
5264,19,SS19,solid color top,0.0,0.017152653664622434
5091,22,SS19,long dress,0.0,0.015437387796778364
5272,22,SS19,shorts,0.0,0.020583185398366687
5276,77,SS19,sleeveless,0.0,0.0031604691830183123
5276,20,SS19,sleeveless,0.0,0.015437387795809141
5286,63,SS19,shorts,0.0,0.009726558387872182
5207,41,SS19,doll dress,0.0,0.04116637579168705
4232,27,SS19,culottes,0.0188679245283018,0.008576324330479326
5269,63,SS19,culottes,0.0188679245283018,0.02401371711563627
5312,13,SS19,sleeveless,0.0,0.02744424885560528
5284,9,SS19,long dress,0.1320754716981132,0.01543738780068217
5284,80,SS19,long dress,0.0,0.02915951471798924
5268,20,SS19,printed shirt,0.0,0.09090908591338781
5225,14,SS19,capris,0.0188679245283018,0.018867919536054316
5152,81,SS19,capris,0.0,0.015437387793907754
5284,85,SS19,long dress,0.0,0.002306167625782543
5225,38,SS19,capris,0.0,0.013722121930499046
5210,69,SS19,long dress,0.0188679245283018,0.015437387785807633
5225,9,SS19,capris,0.0,0.037735844124414324
5284,43,SS19,long dress,0.0,0.015437387797650273
5110,53,SS19,short sleeves,0.0,0.012006858569421701
5268,82,SS19,printed shirt,0.0,0.03430531232657406
5208,67,SS19,patterned top,0.0188679245283018,0.008771289488627949
5225,49,SS19,capris,0.0,0.03430531231788416
5313,30,SS19,shorts,0.0,0.024013717123528244
5313,12,SS19,shorts,0.0188679245283018,0.02915951472470263
5284,14,SS19,long dress,0.0,0.018867919526890806
5313,49,SS19,shorts,0.0377358490566037,0.017152658028457644
5268,83,SS19,printed shirt,0.0188679245283018,0.03945110991071998
5275,35,SS19,gitana skirt,0.0188679245283018,0.013722121929461416
5210,50,SS19,long dress,0.0,0.015437387805151437
5275,40,SS19,gitana skirt,0.0377358490566037,0.018867919527372306
5268,47,SS19,printed shirt,0.0377358490566037,0.09090908574858023
5252,104,SS19,culottes,0.0188679245283018,0.005145792597695746
5225,76,SS19,capris,0.0377358490566037,0.030874780582320828
5252,4,SS19,culottes,0.0188679245283018,0.017152657572327486
5252,90,SS19,culottes,0.0188679245283018,0.008576324328202618
5225,77,SS19,capris,0.0188679245283018,0.01886791952691193
5225,45,SS19,capris,0.0188679245283018,0.017152653662793522
5268,50,SS19,printed shirt,0.0,0.04116637580307958
5210,104,SS19,long dress,0.0188679245283018,0.015437387796367687
5268,22,SS19,printed shirt,0.0188679245283018,0.08074731441437882
5252,43,SS19,culottes,0.0188679245283018,0.008593450471317685
5252,20,SS19,culottes,0.0377358490566037,0.017152653659111818
5284,22,SS19,long dress,0.0,0.01372212558557549
5252,110,SS19,culottes,0.0,0.005598445536037726
5252,73,SS19,culottes,0.0188679245283018,0.0006931651266667001
5312,15,SS19,sleeveless,0.0,0.022298455278934398
5268,51,SS19,printed shirt,0.0,0.11163202399360411
5284,3,SS19,long dress,0.0188679245283018,0.030874780592152158
5152,77,SS19,capris,0.0,0.0010466835694875943
5309,56,SS19,sleeveless,0.0,0.08522774648360111
5252,80,SS19,culottes,0.0,0.02229845125952972
5252,51,SS19,culottes,0.0,0.017152653654633046
5313,56,SS19,shorts,0.0,0.0171526536688616
5208,74,SS19,patterned top,0.0,0.015437390587982042
5189,74,SS19,culottes,0.0188679245283018,0.015437387797185797
5081,38,SS19,short sleeves,0.0,0.0034960494953687237
5263,36,SS19,culottes,0.0377358490566037,0.008576324331987593
5312,77,SS19,sleeveless,0.0,0.03259004645885695
5263,53,SS19,culottes,0.0188679245283018,0.008576324330117914
5298,56,SS19,long cardigan,0.0188679245283018,0.027444248855360977
5310,49,SS19,short sleeves,0.0188679245283018,0.013722124108545043
5263,73,SS19,culottes,0.0188679245283018,0.010291590196611996
5263,12,SS19,culottes,0.0754716981132075,0.018867919527630086
5310,15,SS19,short sleeves,0.0188679245283018,0.01886792243484604
5225,74,SS19,capris,0.0,0.024013717118740733
5310,94,SS19,short sleeves,0.0188679245283018,0.030874780592158316
5310,77,SS19,short sleeves,0.0,0.025728986315410592
5310,29,SS19,short sleeves,0.0,0.013722121919522809
5286,50,SS19,shorts,0.0188679245283018,0.024013717128543895
5286,22,SS19,shorts,0.0,0.024013717130016703
4209,73,SS19,culottes,0.0188679245283018,0.017152653680808393
5286,45,SS19,shorts,0.0,0.01715265366284458
5220,44,SS19,culottes,0.0188679245283018,0.013722121927221166
5286,51,SS19,shorts,0.0,0.0394511099295489
5286,53,SS19,shorts,0.0,0.002678882907919509
5310,80,SS19,short sleeves,0.0,0.02229845126068252
5298,13,SS19,long cardigan,0.0,0.053384390623857025
5252,12,SS19,culottes,0.0,0.03259004645429256
5310,10,SS19,short sleeves,0.0,0.02229845126315341
5189,32,SS19,culottes,0.0377358490566037,0.008576324331048414
5323,12,SS19,drop sleeve,0.0188679245283018,0.020583185398134748
5284,19,SS19,long dress,0.0,0.01672366595103899
5189,30,SS19,culottes,0.0188679245283018,0.010291590196708375
5268,53,SS19,printed shirt,0.0,2.8115398897909803e-10
5231,75,SS19,short sleeves,0.0,0.012006856064674167
5185,36,SS19,culottes,0.0188679245283018,0.013722129033916374
5225,83,SS19,capris,0.0377358490566037,0.03259004644850813
5225,85,SS19,capris,0.0566037735849056,0.029159514711649258
5231,5,SS19,short sleeves,0.0188679245283018,0.015437387795107685
5185,74,SS19,culottes,0.0,0.012006856066266032
5231,40,SS19,short sleeves,0.0188679245283018,0.008576324331305871
5225,67,SS19,capris,0.0,0.03259004645743867
5234,26,SS19,short sleeves,0.0,0.0188679195291033
5301,94,SS19,short sleeves,0.0188679245283018,0.010291593563113663
5149,57,SS19,capris,0.0,0.007779627127449078
5301,7,SS19,short sleeves,0.0188679245283018,0.010291590194298306
5298,52,SS19,long cardigan,0.0188679245283018,0.01543738779425177
5275,107,SS19,gitana skirt,0.0,0.013722121926326542
5310,12,SS19,short sleeves,0.0,0.030874780594193678
5252,15,SS19,culottes,0.0188679245283018,0.015437387801301501
5269,18,SS19,culottes,0.0188679245283018,0.022298451263315772
5198,85,SS19,culottes,0.0,0.015437387794285308
5284,7,SS19,long dress,0.0,0.029159514725694217
5276,0,SS19,sleeveless,0.0377358490566037,2.3559427583054017e-09
5274,90,SS19,sleeveless,0.0,0.022298454887194435
5274,35,SS19,sleeveless,0.0188679245283018,2.0655932859755084e-49
5288,12,SS19,solid color top,0.0,0.018867919503445126
4220,101,SS19,culottes,0.0,0.013722121929999498
5195,69,SS19,long sleeve,0.0,0.017152653663242857
5222,12,SS19,culottes,0.0377358490566037,0.030874780599400468
5268,13,SS19,printed shirt,0.0,0.042881641659820335
5234,40,SS19,short sleeves,0.0188679245283018,0.027444248847543887
5195,74,SS19,long sleeve,0.0188679245283018,0.030874780559531908
5274,18,SS19,sleeveless,0.0,0.01715265367283778
5215,76,SS19,jumpsuit,0.0188679245283018,0.012006856061399866
5274,48,SS19,sleeveless,0.0,0.012006856062261826
5274,65,SS19,sleeveless,0.0,0.022298457402332245
5274,12,SS19,sleeveless,0.0,0.020583185396505464
5274,62,SS19,sleeveless,0.0188679245283018,0.013722121938359002
5265,29,SS19,sleeveless,0.0,0.006434266980138238
5265,100,SS19,sleeveless,0.0,0.004963768216879628
5265,63,SS19,sleeveless,0.0,0.01372212192556595
5265,59,SS19,sleeveless,0.0188679245283018,0.010291590197519778
5198,101,SS19,culottes,0.0,0.01886791953193623
5302,30,SS19,sleeveless,0.0,0.013722121932029372
5265,8,SS19,sleeveless,0.0,0.011153229229035175
5298,67,SS19,long cardigan,0.0,0.0343053123249562
5242,18,SS19,printed shirt,0.0,0.017910772840945055
5236,36,SS19,gitana skirt,0.0377358490566037,0.025728982996249938
5272,35,SS19,shorts,0.0,0.017152653650937398
5198,28,SS19,culottes,0.0,0.015437387795630577
5195,0,SS19,long sleeve,0.0377358490566037,0.01886791952955909
5242,47,SS19,printed shirt,0.0188679245283018,0.027444254088971262
5242,20,SS19,printed shirt,0.0,0.05660376859771494
5198,13,SS19,culottes,0.0,0.03945110994770533
5242,82,SS19,printed shirt,0.0,0.02058318538952942
5242,83,SS19,printed shirt,0.0,0.03259004645922015
5276,63,SS19,sleeveless,0.0188679245283018,0.00857632433070602
5198,33,SS19,culottes,0.0188679245283018,0.0222984512664928
5201,51,SS19,long dress,0.0188679245283018,0.010291590195344131
5201,107,SS19,long dress,0.0,0.02058319163665293
5242,36,SS19,printed shirt,0.0,0.03773584405838935
5250,95,SS19,long dress,0.0377358490566037,0.012006860513484981
5198,68,SS19,culottes,0.0,0.02401371713790552
5242,46,SS19,printed shirt,0.0188679245283018,0.04459690755649954
5274,100,SS19,sleeveless,0.0,0.018867919529506727
5296,18,SS19,culottes,0.0,0.013651427033479279
5296,90,SS19,culottes,0.0188679245283018,0.013722121930748173
5242,69,SS19,printed shirt,0.0188679245283018,0.01715265366200367
5222,14,SS19,culottes,0.0,0.010291590196427721
5296,46,SS19,culottes,0.0,0.01686122698212619
5222,73,SS19,culottes,0.0,0.0018436925904958643
5296,3,SS19,culottes,0.0,0.01808051378421599
5296,6,SS19,culottes,0.0,0.0014656405900956892
5240,22,SS19,long sleeve,0.0,0.013722126842217276
5296,43,SS19,culottes,0.0,0.006578412723943343
5240,3,SS19,long sleeve,0.0,0.012006856063744962
5195,82,SS19,long sleeve,0.0,0.013722121929796665
5296,79,SS19,culottes,0.0188679245283018,0.015437387795183015
5240,12,SS19,long sleeve,0.0,0.026750028615655612
5296,48,SS19,culottes,0.0188679245283018,0.009793138128234269
5240,36,SS19,long sleeve,0.0,0.01715265365892527
5296,19,SS19,culottes,0.0,0.006226740933233208
5296,31,SS19,culottes,0.0,0.017152653655506066
5296,15,SS19,culottes,0.0,0.008696313753760667
5215,93,SS19,jumpsuit,0.0,0.02058318538671697
5296,12,SS19,culottes,0.0188679245283018,0.056603772741443646
4230,101,SS19,culottes,0.0,0.013722121922135542
5146,9,SS19,culottes,0.0,0.036020578148357435
5296,54,SS19,culottes,0.0,0.009584362795954631
5296,30,SS19,culottes,0.0,0.004242746843115434
5258,14,SS19,culottes,0.0,0.01886792309644104
5296,66,SS19,culottes,0.0188679245283018,0.0154373877958523
5240,46,SS19,long sleeve,0.0,0.017152653662325774
5240,21,SS19,long sleeve,0.0,0.010291590197246786
5198,82,SS19,culottes,0.0,0.0240137171238526
5296,26,SS19,culottes,0.0188679245283018,0.025728982991550558
5265,46,SS19,sleeveless,0.0,0.005700432327659516
5296,81,SS19,culottes,0.0,0.001014881423160221
5265,50,SS19,sleeveless,0.0,2.3584902712337804e-09
5265,16,SS19,sleeveless,0.0,0.013722121927678101
5265,56,SS19,sleeveless,0.0,0.0012907713972812342
5296,72,SS19,culottes,0.0,0.015437391139986573
5268,56,SS19,printed shirt,0.0,0.03259004646362496
5296,83,SS19,culottes,0.0,0.010316053605121497
5265,60,SS19,sleeveless,0.0,0.012006856057994696
5265,19,SS19,sleeveless,0.0,0.006079285989821858
5265,10,SS19,sleeveless,0.0,0.020583185404228075
5265,12,SS19,sleeveless,0.0,0.015138255303414207
5296,107,SS19,culottes,0.0,0.01543738779466086
5296,68,SS19,culottes,0.0,0.01715265366318155
5296,77,SS19,culottes,0.0,0.017152653653884246
5296,45,SS19,culottes,0.0,0.03259004646718057
5296,52,SS19,culottes,0.0,0.014415426238640124
5296,28,SS19,culottes,0.0,0.020583185405739605
5296,99,SS19,culottes,0.0,0.010105150704659631
5296,5,SS19,culottes,0.0,0.018867924247147814
5236,69,SS19,gitana skirt,0.0754716981132075,0.017152653660104017
5280,18,SS19,solid color top,0.0,0.0023858534063360974
5198,110,SS19,culottes,0.0188679245283018,0.013722121931594777
4217,42,SS19,culottes,0.0188679245283018,0.015437387795508913
5308,40,SS19,culottes,0.0,0.013722121928392656
5308,42,SS19,culottes,0.0,0.023601997943308303
5191,94,SS19,solid color top,0.0,0.017152653660339683
5211,31,SS19,culottes,0.0,0.008896098349490244
5284,10,SS19,long dress,0.0188679245283018,0.02229845125643072
5318,36,SS19,jumpsuit,0.0,0.05488850276806234
5137,3,SS19,shorts,0.0188679245283018,0.022298451255760833
5237,51,SS19,gitana skirt,0.0,0.024013717125990004
5237,77,SS19,gitana skirt,0.0,0.03430531234592708
5308,26,SS19,culottes,0.0377358490566037,0.02058318539507768
5318,35,SS19,jumpsuit,0.0,0.01886791952468803
5237,46,SS19,gitana skirt,0.0,0.0002976460098136189
5148,101,SS19,sleeveless,0.0188679245283018,0.027444248861280163
5237,100,SS19,gitana skirt,0.0,0.02572898831197682
5237,29,SS19,gitana skirt,0.0,0.02401371711451107
5211,93,SS19,culottes,0.0188679245283018,0.0023338399751838025
5235,94,SS19,gitana skirt,0.0188679245283018,0.017152653663036636
5284,12,SS19,long dress,0.0188679245283018,0.03430531233603815
5211,22,SS19,culottes,0.0,0.013722121930101626
5235,14,SS19,gitana skirt,0.0188679245283018,0.012006856064161115
5318,69,SS19,jumpsuit,0.0,0.018867919549012215
5225,8,SS19,capris,0.0,0.030874780590467887
5308,46,SS19,culottes,0.0,0.017805426522003988
5208,43,SS19,patterned top,0.0188679245283018,0.0005443314104338841
5272,10,SS19,shorts,0.0188679245283018,0.020583185419490956
5242,45,SS19,printed shirt,0.0,0.018867919527083932
5272,2,SS19,shorts,0.0,0.0012569977262398072
5276,8,SS19,sleeveless,0.0,0.015437499736078707
5237,12,SS19,gitana skirt,0.0,0.022298451249775076
5284,46,SS19,long dress,0.0,0.02229845126217915
5284,8,SS19,long dress,0.0188679245283018,0.024013717121926653
5284,29,SS19,long dress,0.0,0.02915951472672423
5273,63,SS19,sleeveless,0.0377358490566037,0.037735848775449714
5275,68,SS19,gitana skirt,0.0377358490566037,0.01886791953614228
5237,3,SS19,gitana skirt,0.0,0.02401371712469324
5198,30,SS19,culottes,0.0,0.024013717243502954
5273,18,SS19,sleeveless,0.0377358490566037,0.018867919525813633
5198,12,SS19,culottes,0.0,0.02744424884951555
5242,51,SS19,printed shirt,0.0,0.02401371712611943
5114,117,SS19,long dress,0.0,0.012006856065510095
4210,23,SS19,culottes,0.0188679245283018,4.1895208476420815e-18
5148,25,SS19,sleeveless,0.0,0.012006856063726715
5273,69,SS19,sleeveless,0.0566037735849056,0.012006856066220256
5273,85,SS19,sleeveless,0.0188679245283018,0.01372212192482059
5309,77,SS19,sleeveless,0.0188679245283018,0.0325900464587356
5149,84,SS19,capris,0.0188679245283018,0.0120068560656167
5215,46,SS19,jumpsuit,0.0188679245283018,0.010291590197312786
5149,65,SS19,capris,0.0,0.012006856063293679
5239,50,SS19,sleeveless,0.0,0.015437390541687235
5239,99,SS19,sleeveless,0.0,0.0011628495633654152
5239,3,SS19,sleeveless,0.0,0.0003410994499545213
5239,6,SS19,sleeveless,0.0377358490566037,0.008576324331761791
5239,48,SS19,sleeveless,0.0188679245283018,1.1755764446904864e-13
5239,75,SS19,sleeveless,0.0188679245283018,0.0018523885738356393
5239,12,SS19,sleeveless,0.0,0.013913488388348643
5281,59,SS19,sleeveless,0.0,0.012006856077437624
5281,99,SS19,sleeveless,0.0,0.018867741457199685
5239,93,SS19,sleeveless,0.0,0.006861058456678679
5235,100,SS19,gitana skirt,0.0188679245283018,0.015437387803290185
5308,12,SS19,culottes,0.0,0.024013721423557784
5308,54,SS19,culottes,0.0188679245283018,0.024013717133092985
5308,30,SS19,culottes,0.0,0.01372212688089948
5296,21,SS19,culottes,0.0,0.005778982375378133
5148,64,SS19,sleeveless,0.0,0.022298451256848754
5114,6,SS19,long dress,0.0188679245283018,0.018867919532028175
5259,46,SS19,patterned top,0.0,0.020583185395801493
5250,29,SS19,long dress,0.0188679245283018,0.027444248873073472
5260,90,SS19,culottes,0.0377358490566037,0.008576324331426157
5281,14,SS19,sleeveless,0.0377358490566037,0.0035178749778897508
5239,45,SS19,sleeveless,0.0,0.017152653668991016
5239,76,SS19,sleeveless,0.0188679245283018,0.013642579861953979
5308,86,SS19,culottes,0.0,0.010291590197246786
5312,10,SS19,sleeveless,0.0,0.10088633146145573
5149,31,SS19,capris,0.0,0.015437387807936992
5149,15,SS19,capris,0.0,0.017152653663617245
5149,2,SS19,capris,0.0,0.018867919530602302
5191,95,SS19,solid color top,0.0566037735849056,0.018867924809455778
4128,26,SS19,kimono dress,0.0188679245283018,0.008576324330664072
4217,16,SS19,culottes,0.0,4.189520910070808e-18
5211,38,SS19,culottes,0.0188679245283018,6.242872640596039e-26
5260,33,SS19,culottes,0.0377358490566037,0.012006856061768259
5284,2,SS19,long dress,0.0,0.025728982978898113
5235,3,SS19,gitana skirt,0.0,0.015437387792375376
5260,47,SS19,culottes,0.0377358490566037,0.01372212193600836
5235,56,SS19,gitana skirt,0.0188679245283018,0.010291590197536888
5195,102,SS19,long sleeve,0.0,0.01200685606376475
5235,72,SS19,gitana skirt,0.0188679245283018,0.015437387797350308
5125,39,SS19,culottes,0.0,0.02401371712984825
5235,69,SS19,gitana skirt,0.0,0.020583185392014525
5308,93,SS19,culottes,0.0566037735849056,0.012006856062120264
5308,6,SS19,culottes,0.0,0.013722121929622612
5308,73,SS19,culottes,0.0,0.01715265365941672
5308,43,SS19,culottes,0.0,0.012006856063308183
5236,82,SS19,gitana skirt,0.0377358490566037,0.015437387797215077
5259,30,SS19,patterned top,0.0754716981132075,0.02229845127659224
5244,53,SS19,long sleeve,0.0,0.030874780590440912
5309,40,SS19,sleeveless,0.0377358490566037,0.056603768567427555
5245,74,SS19,culottes,0.0,0.07032589549888323
5275,79,SS19,gitana skirt,0.0754716981132075,0.015437387791786421
5275,73,SS19,gitana skirt,0.0,0.024013717129864443
5245,81,SS19,culottes,0.0188679245283018,0.0014291616217511924
5283,2,SS19,shorts,0.0,0.02058318539117643
5245,26,SS19,culottes,0.0566037735849056,0.0634648320389788
5245,46,SS19,culottes,0.0,0.07890222479608212
5279,9,SS19,doll dress,0.0,0.017152653654848582
5275,56,SS19,gitana skirt,0.0377358490566037,0.012006856052645416
5245,18,SS19,culottes,0.0188679245283018,0.04802743925112569
5262,99,SS19,culottes,0.0,0.009339509360909031
5262,20,SS19,culottes,0.0,0.013722121927854672
5262,26,SS19,culottes,0.0188679245283018,0.013722121923426103
5279,110,SS19,doll dress,0.0566037735849056,0.03945111172207917
5277,84,SS19,culottes,0.0188679245283018,0.020583185397652845
5277,66,SS19,culottes,0.0377358490566037,0.04974270514328652
5245,59,SS19,culottes,0.0566037735849056,0.024013717128584
5245,63,SS19,culottes,0.0188679245283018,0.024013717122754803
5277,94,SS19,culottes,0.0188679245283018,0.03602057818376135
5277,65,SS19,culottes,0.0566037735849056,0.04631217340114118
5277,15,SS19,culottes,0.1886792452830188,0.05488850271650765
5245,21,SS19,culottes,0.0188679245283018,0.009345613668753949
5262,40,SS19,culottes,0.0,0.015437387801528266
5208,64,SS19,patterned top,0.0,0.013722121929801394
5283,12,SS19,shorts,0.0,0.020583185376559412
5275,15,SS19,gitana skirt,0.0188679245283018,0.015437387797016363
5245,32,SS19,culottes,0.0566037735849056,0.018867919527648904
5245,53,SS19,culottes,0.0,0.041166375779981126
5277,14,SS19,culottes,0.0188679245283018,0.01372212192859652
5278,82,SS19,long sleeve,0.0,0.013722127005674722
5277,60,SS19,culottes,0.0566037735849056,0.0023185212072026435
5277,75,SS19,culottes,0.1132075471698113,0.06518009790268368
5207,6,SS19,doll dress,0.0377358490566037,0.020583185397775802
5283,43,SS19,shorts,0.0,0.007124600743546974
5294,2,SS19,shorts,0.0,0.013722121925954827
5278,26,SS19,long sleeve,0.0,0.02229845503421984
5262,110,SS19,culottes,0.0,0.018867919527888424
5188,7,SS19,sleeveless,0.0,1.2568562542926287e-17
5278,18,SS19,long sleeve,0.0,0.017152653662582597
5278,100,SS19,long sleeve,0.0188679245283018,0.010291590199352505
5188,39,SS19,sleeveless,0.0,0.025728982993684833
5278,29,SS19,long sleeve,0.0188679245283018,0.013722121927509805
5278,64,SS19,long sleeve,0.0377358490566037,0.01715265739543232
5188,73,SS19,sleeveless,0.0,0.02720197623387655
5262,43,SS19,culottes,0.0,0.02401371712716004
5275,12,SS19,gitana skirt,0.0,0.06518009793434008
5262,80,SS19,culottes,0.0,0.01715265698714894
5275,7,SS19,gitana skirt,0.0,0.02058318539368388
5278,46,SS19,long sleeve,0.0,0.01886791952620967
5245,57,SS19,culottes,0.0,0.02915951472390457
5245,29,SS19,culottes,0.0377358490566037,0.05145797447922448
5245,64,SS19,culottes,0.0,0.013722121927870564
5194,73,SS19,long sleeve,0.0,0.004597094729191087
5267,20,SS19,solid color top,0.0,0.029159514702150526
5267,51,SS19,solid color top,0.0754716981132075,0.01200685606999135
5267,50,SS19,solid color top,0.0943396226415094,0.018867919529324935
5267,5,SS19,solid color top,0.0566037735849056,0.017152653667971435
5316,67,SS19,culottes,0.0,0.07375642725346009
5194,90,SS19,long sleeve,0.0,0.012006856062343
5316,40,SS19,culottes,0.0754716981132075,0.0531732368621005
5246,30,SS19,long sleeve,0.0754716981132075,0.03259004647903952
5246,54,SS19,long sleeve,0.0188679245283018,0.02915951472423297
5194,80,SS19,long sleeve,0.0,0.0013938360081225207
5246,2,SS19,long sleeve,0.0377358490566037,0.08919381999343999
5246,12,SS19,long sleeve,0.0377358490566037,0.0966827095320953
5246,49,SS19,long sleeve,0.0188679245283018,0.02572898298980422
5267,43,SS19,solid color top,0.0,0.018867921871175246
5246,15,SS19,long sleeve,0.0566037735849056,0.05660376858763282
5246,65,SS19,long sleeve,0.0188679245283018,0.020583185394096832
5246,84,SS19,long sleeve,0.0566037735849056,0.013722121929781617
5246,60,SS19,long sleeve,0.0566037735849056,0.015437387794733503
5246,14,SS19,long sleeve,0.0754716981132075,0.03430531231375233
5246,43,SS19,long sleeve,0.0377358490566037,0.04288164168098627
5216,63,SS19,doll dress,0.0,0.018867919532138143
5188,33,SS19,sleeveless,0.0,0.005266037226239019
5267,83,SS19,solid color top,0.0377358490566037,0.020583185373685052
5279,93,SS19,doll dress,0.0,0.025728982991505365
5275,16,SS19,gitana skirt,0.0377358490566037,0.012006856065176407
5277,10,SS19,culottes,0.0377358490566037,0.07718695896710404
5277,12,SS19,culottes,0.0566037735849056,0.08404802244301572
5277,2,SS19,culottes,0.0188679245283018,0.05660376858770567
5277,54,SS19,culottes,0.0,0.007787017961409495
5279,99,SS19,doll dress,0.0377358490566037,0.030874780593069712
5218,110,SS19,long sleeve,0.0566037735849056,2.8115398478957706e-10
5268,100,SS19,printed shirt,0.0,0.037735844054252655
5112,38,SS19,doll dress,0.0188679245283018,0.02401372059193764
5309,41,SS19,sleeveless,0.0188679245283018,0.03945110992358001
5309,29,SS19,sleeveless,0.0188679245283018,0.09262435174467112
5316,77,SS19,culottes,0.0188679245283018,0.06689536362857758
5268,63,SS19,printed shirt,0.0,0.04974270509652776
5112,0,SS19,doll dress,0.0,0.01372212690213955
5279,29,SS19,doll dress,0.0,0.0789022248684292
5317,69,SS19,short sleeves,0.0566037735849056,0.022298451262135435
5322,53,SS19,long dress,0.0,0.039451109918974075
5322,40,SS19,long dress,0.0,0.060034300221127074
5322,69,SS19,long dress,0.0188679245283018,0.09777014940814699
5322,35,SS19,long dress,0.0188679245283018,0.06689536374463628
5322,36,SS19,long dress,0.0,0.08233275654367414
5317,100,SS19,short sleeves,0.0,0.027444252393859066
5194,10,SS19,long sleeve,0.0,0.01715265718248039
5322,100,SS19,long dress,0.0,0.04631217337166808
5245,85,SS19,culottes,0.0188679245283018,0.0497427051010331
5216,8,SS19,doll dress,0.0,0.0056430578087487086
5278,20,SS19,long sleeve,0.0188679245283018,0.009189425906329046
5245,82,SS19,culottes,0.0377358490566037,0.022298451261241525
5292,19,SS19,drop sleeve,0.0,0.025728982998366984
5292,66,SS19,drop sleeve,0.0,0.025803506670370943
5277,83,SS19,culottes,0.0377358490566037,0.03945111373585885
5120,77,SS19,solid color top,0.0,0.012006856061651024
5292,31,SS19,drop sleeve,0.0,0.03087478058633302
5277,107,SS19,culottes,0.0188679245283018,0.02058318541108194
5277,82,SS19,culottes,0.0,0.04459691094131822
5294,22,SS19,shorts,0.0,0.002016432817742403
5120,110,SS19,solid color top,0.0,0.017152653660001273
5245,2,SS19,culottes,0.0188679245283018,9.440730092750464e-05
5292,60,SS19,drop sleeve,0.0,0.015437387799877756
5245,12,SS19,culottes,0.0566037735849056,0.11492280805137055
5300,100,SS19,culottes,0.0,0.03602057820918889
5245,31,SS19,culottes,0.0,0.024013721901763315
5277,20,SS19,culottes,0.0566037735849056,0.0548885027292422
5245,65,SS19,culottes,0.0188679245283018,0.034305312319866645
5245,94,SS19,culottes,0.0377358490566037,0.018867919524334146
5300,29,SS19,culottes,0.0188679245283018,0.0411663757691495
5245,66,SS19,culottes,0.0,0.02401371713035055
5277,47,SS19,culottes,0.0,0.05471069065543982
5300,41,SS19,culottes,0.0188679245283018,0.02572898299021742
5207,45,SS19,doll dress,0.0,0.04116637577203597
5245,15,SS19,culottes,0.1320754716981132,0.05488850274942612
5245,48,SS19,culottes,0.0,0.02744424885342077
5292,48,SS19,drop sleeve,0.0377358490566037,0.03773583729804544
5303,7,SS19,long dress,0.0,0.015437387794884558
5292,27,SS19,drop sleeve,0.0188679245283018,0.02932135269128819
5292,101,SS19,drop sleeve,0.0,0.017152653663380327
5292,42,SS19,drop sleeve,0.0,0.032590046452582386
5292,20,SS19,drop sleeve,0.0,0.010672371494177567
5292,38,SS19,drop sleeve,0.0377358490566037,0.05660377302259763
5292,68,SS19,drop sleeve,0.0188679245283018,0.015437387796683825
5292,45,SS19,drop sleeve,0.0,0.02058318539426364
5292,22,SS19,drop sleeve,0.0566037735849056,0.03773584905519007
5303,80,SS19,long dress,0.0,0.002483798999803466
5277,69,SS19,culottes,0.0,0.03430531231362657
5087,10,SS19,solid color top,0.0188679245283018,0.01200685607198221
5292,93,SS19,drop sleeve,0.0377358490566037,0.056603772560442196
5120,25,SS19,solid color top,0.0,5.22151713100013e-09
5292,28,SS19,drop sleeve,0.0,0.01715265366169446
5292,99,SS19,drop sleeve,0.1132075471698113,0.037735849056603696
5292,5,SS19,drop sleeve,0.0377358490566037,0.03195485482495372
5292,3,SS19,drop sleeve,0.0377358490566037,0.05130132360809391
5292,6,SS19,drop sleeve,0.0188679245283018,0.008588835796158085
5292,9,SS19,drop sleeve,0.0,0.027444248876016365
5277,32,SS19,culottes,0.0943396226415094,0.018867919523636367
5283,5,SS19,shorts,0.0,0.024013721871037372
5277,85,SS19,culottes,0.0188679245283018,0.060034300330610864
5292,16,SS19,drop sleeve,0.0188679245283018,0.013722121932819055
5277,1,SS19,culottes,0.0,0.027444248892781353
5245,14,SS19,culottes,0.0188679245283018,0.01200685605891892
5277,68,SS19,culottes,0.0943396226415094,0.069859172743007
5277,9,SS19,culottes,0.0754716981132075,0.058319034443082216
5245,16,SS19,culottes,0.1132075471698113,0.012006856063861085
5278,45,SS19,long sleeve,0.0377358490566037,0.012006856064761968
5277,73,SS19,culottes,0.0188679245283018,0.0377358483555681
5279,79,SS19,doll dress,0.0188679245283018,0.018867924528301803
5245,22,SS19,culottes,0.0566037735849056,0.05317323685884826
5245,52,SS19,culottes,0.0377358490566037,0.018867919526903115
5245,45,SS19,culottes,0.0566037735849056,0.02915951472704709
5245,24,SS19,culottes,0.0566037735849056,0.03602057819135162
5279,86,SS19,doll dress,0.0,1.857084348117343e-14
5245,28,SS19,culottes,0.0377358490566037,0.022298451246978834
5142,24,SS19,patterned top,0.0,0.015437387790780044
5245,68,SS19,culottes,0.0188679245283018,0.02744424885876077
5245,1,SS19,culottes,0.0,0.030874780588564108
5245,47,SS19,culottes,0.0943396226415094,0.0857632942146061
5245,38,SS19,culottes,0.0,0.018867919524872066
5245,20,SS19,culottes,0.0754716981132075,0.05145797099190153
5245,42,SS19,culottes,0.0377358490566037,0.03087478060375359
5245,101,SS19,culottes,0.0,0.022298451260275673
5245,27,SS19,culottes,0.0377358490566037,0.032590046450076814
5283,39,SS19,shorts,0.0,0.004047637542956236
5245,109,SS19,culottes,0.0,0.015437390134969763
5188,29,SS19,sleeveless,0.0,2.2446446829919516e-05
5277,3,SS19,culottes,0.1509433962264151,0.06346483204581002
5245,5,SS19,culottes,0.0377358490566037,0.03430531230103991
5245,3,SS19,culottes,0.1132075471698113,0.08061749071329281
5277,51,SS19,culottes,0.0566037735849056,0.04459690752508795
5277,76,SS19,culottes,0.0188679245283018,0.03602057818955246
5277,45,SS19,culottes,0.1132075471698113,0.056603768502923625
5277,22,SS19,culottes,0.0754716981132075,0.022298454535154784
5277,93,SS19,culottes,0.0566037735849056,0.02915951472346046
5294,80,SS19,shorts,0.0,0.029159514723036094
5292,12,SS19,drop sleeve,0.0,0.06689536376032083
5277,50,SS19,culottes,0.0,0.03773584404954239
5292,2,SS19,drop sleeve,0.0,0.03773584409921153
5303,12,SS19,long dress,0.0,0.01848082713425113
4218,90,SS19,short sleeves,0.0,0.012006856062558162
5277,16,SS19,culottes,0.1509433962264151,0.03430531232822486
5283,3,SS19,shorts,0.0,0.027444248864989577
5278,14,SS19,long sleeve,0.0188679245283018,0.004402800555697461
5292,54,SS19,drop sleeve,0.0,0.012185010371018424
5277,99,SS19,culottes,0.0754716981132075,0.02401372268926264
5278,73,SS19,long sleeve,0.0,0.018867919530453758
5278,3,SS19,long sleeve,0.0188679245283018,0.03259004643844491
5305,29,SS19,long dress,0.0,0.051457971013499214
5279,48,SS19,doll dress,0.0,0.024013717126616537
5277,5,SS19,culottes,0.1132075471698113,0.0445969075285901
5245,73,SS19,culottes,0.0,0.03602057818459529
5245,6,SS19,culottes,0.0377358490566037,0.01886791952730109
5245,107,SS19,culottes,0.0188679245283018,0.001469554097540361
5246,73,SS19,long sleeve,0.0188679245283018,0.04459690752057357
5246,9,SS19,long sleeve,0.0,0.05831903444705595
5246,110,SS19,long sleeve,0.0188679245283018,0.024013721281637045
5244,26,SS19,long sleeve,0.1320754716981132,0.06508914361050351
5193,30,SS19,long dress,0.0,0.005001837020269439
5282,102,SS19,long sleeve,0.0,0.01543738779944624
5244,36,SS19,long sleeve,0.0943396226415094,0.086723156301559
5244,54,SS19,long sleeve,0.0188679245283018,0.0222984512586949
5224,83,SS19,long sleeve,0.0,0.0033010263206403553
5244,2,SS19,long sleeve,0.0566037735849056,0.04459690755021427
5244,12,SS19,long sleeve,0.5660377358490566,0.14591917912484076
5279,27,SS19,doll dress,0.0,0.020583185400806288
5244,49,SS19,long sleeve,0.0377358490566037,0.06686395267656811
5282,0,SS19,long sleeve,0.0,0.010291594898955403
5244,15,SS19,long sleeve,0.0754716981132075,0.061749566236862556
5244,65,SS19,long sleeve,0.0377358490566037,0.07349281113925502
5244,35,SS19,long sleeve,0.0943396226415094,0.06553044981379763
4221,32,SS19,culottes,0.0188679245283018,0.029159514723461073
5244,66,SS19,long sleeve,0.0188679245283018,0.11179118785149983
5244,84,SS19,long sleeve,0.2075471698113207,0.025728988617075916
5244,75,SS19,long sleeve,0.0754716981132075,0.05684574239334168
5244,60,SS19,long sleeve,0.1132075471698113,0.02401371713188202
5244,48,SS19,long sleeve,0.0,0.025728982998353564
5224,67,SS19,long sleeve,0.0,0.01886791952509021
5244,14,SS19,long sleeve,0.0377358490566037,0.04116637579706625
5244,31,SS19,long sleeve,0.0754716981132075,0.02229845126637444
5244,79,SS19,long sleeve,0.0377358490566037,0.024013717127535115
5224,107,SS19,long sleeve,0.0188679245283018,0.012006856064987317
5193,66,SS19,long dress,0.0,0.018773628038671962
5282,33,SS19,long sleeve,0.0,0.015437387792225692
5224,7,SS19,long sleeve,0.0,0.02058318541939781
5282,22,SS19,long sleeve,0.0,0.018867919518764334
5282,77,SS19,long sleeve,0.0,0.013722121927795117
5282,68,SS19,long sleeve,0.0188679245283018,0.018867925239607397
5224,19,SS19,long sleeve,0.0377358490566037,0.010291590195332516
5224,14,SS19,long sleeve,0.0,0.017152653660233372
5282,53,SS19,long sleeve,0.0188679245283018,0.010291590197050792
5224,43,SS19,long sleeve,0.0,0.015437387797055098
5282,69,SS19,long sleeve,0.0,0.01543738779468495
5244,18,SS19,long sleeve,0.0377358490566037,0.013722121934948655
5305,52,SS19,long dress,0.0566037735849056,0.02744424885073522
5244,29,SS19,long sleeve,0.0566037735849056,0.03087478058124889
5244,104,SS19,long sleeve,0.0566037735849056,0.024013717128084804
5244,25,SS19,long sleeve,0.0566037735849056,0.030874780612387423
5244,21,SS19,long sleeve,0.1698113207547169,0.03773584405852117
5193,110,SS19,long dress,0.0,0.012006856063745696
5209,30,SS19,patterned top,0.0,0.018867919518522788
5188,69,SS19,sleeveless,0.0,0.015437387796190576
5244,63,SS19,long sleeve,0.0566037735849056,0.017152653666997565
5170,45,SS19,jumpsuit,0.0188679245283018,0.010291590193559822
5244,4,SS19,long sleeve,0.0188679245283018,0.1440914768021279
5282,26,SS19,long sleeve,0.0566037735849056,0.006861058473999555
5279,82,SS19,doll dress,0.0,0.05317323685082384
5244,69,SS19,long sleeve,0.0188679245283018,0.06689536746173322
5224,74,SS19,long sleeve,0.0188679245283018,0.024013717136725305
5244,68,SS19,long sleeve,0.0377358490566037,0.11732326294998037
5305,40,SS19,long dress,0.0,0.04631217329674154
5305,69,SS19,long dress,0.0,0.06346483198775948
5305,35,SS19,long dress,0.0,0.017679486258300237
5305,81,SS19,long dress,0.0,0.04459690751473409
5244,47,SS19,long sleeve,0.0943396226415094,0.04288164166837027
5244,20,SS19,long sleeve,0.1320754716981132,0.08319007971259024
5244,42,SS19,long sleeve,0.0754716981132075,0.029159514738886533
5279,8,SS19,doll dress,0.0,0.030874780594012344
5244,101,SS19,long sleeve,0.0188679245283018,0.017152657723275684
5244,77,SS19,long sleeve,0.0943396226415094,0.042882784880720476
5244,109,SS19,long sleeve,0.0754716981132075,0.0188679195296792
5279,90,SS19,doll dress,0.0377358490566037,0.020583185396007515
5279,26,SS19,doll dress,0.0,2.811539889790981e-10
5244,82,SS19,long sleeve,0.1132075471698113,0.04631217339039732
5279,81,SS19,doll dress,0.0,0.022298451260608036
5244,107,SS19,long sleeve,0.0377358490566037,0.024013717121705382
5244,83,SS19,long sleeve,0.0377358490566037,0.1132075468886573
5244,72,SS19,long sleeve,0.0188679245283018,0.020583189291487336
5200,60,SS19,drop sleeve,0.0,0.01886792452830122
5279,53,SS19,doll dress,0.0,0.027444248844863222
5244,32,SS19,long sleeve,0.0,0.01372212192638266
5305,100,SS19,long dress,0.0,0.008558518791402986
5244,51,SS19,long sleeve,0.1320754716981132,0.04802743925147358
5244,76,SS19,long sleeve,0.0377358490566037,0.025728982993486728
5244,24,SS19,long sleeve,0.0754716981132075,0.018867919526694955
5244,80,SS19,long sleeve,0.0566037735849056,0.08747855768561381
5244,73,SS19,long sleeve,0.0377358490566037,0.05503848458468919
5188,36,SS19,sleeveless,0.0,0.009475374267900455
5244,9,SS19,long sleeve,0.0566037735849056,0.025728989766782954
5244,110,SS19,long sleeve,0.0377358490566037,0.07225311115661452
5169,54,SS19,jumpsuit,0.0,0.010291590197244366
5244,3,SS19,long sleeve,0.2452830188679245,0.053173242819358646
5244,5,SS19,long sleeve,0.1132075471698113,0.04116637579276788
5244,99,SS19,long sleeve,0.0566037735849056,0.02744424886324463
5244,28,SS19,long sleeve,0.0943396226415094,0.03602057820945774
5244,56,SS19,long sleeve,0.0,0.03945111507933346
5224,8,SS19,long sleeve,0.0,0.015437387795598462
5279,57,SS19,doll dress,0.0188679245283018,0.030874780595691875
5279,25,SS19,doll dress,0.0,0.012006856063856952
5244,16,SS19,long sleeve,0.0377358490566037,0.03430531595616616
5279,21,SS19,doll dress,0.0943396226415094,0.029159514722354386
5279,63,SS19,doll dress,0.0,0.015437387792388358
5279,59,SS19,doll dress,0.0,4.189520910070807e-18
5244,117,SS19,long sleeve,0.0377358490566037,0.029159519843533804
5244,50,SS19,long sleeve,0.0943396226415094,0.1509433956641071
5244,93,SS19,long sleeve,0.0377358490566037,0.015437387799744767
5244,33,SS19,long sleeve,0.0,0.030874780586965564
5279,85,SS19,doll dress,0.0,0.0394511099287364
5224,12,SS19,long sleeve,0.0,0.0008153178600151727
5282,13,SS19,long sleeve,0.0,0.018867922395429677
5282,99,SS19,long sleeve,0.0188679245283018,0.01029159019737992
5199,23,SS19,long sleeve,0.0,0.018867919534633303
5216,74,SS19,doll dress,0.0,0.015437387792946563
5246,21,SS19,long sleeve,0.0754716981132075,0.025728982993475796
5246,25,SS19,long sleeve,0.0377358490566037,0.015437387793998888
5246,57,SS19,long sleeve,0.0,0.03602058543826644
5246,104,SS19,long sleeve,0.0566037735849056,0.04182903942050113
5246,29,SS19,long sleeve,0.0566037735849056,0.020583185394866723
5246,41,SS19,long sleeve,0.0188679245283018,0.042881641666635904
5279,76,SS19,doll dress,0.0,0.0325900464592463
5175,63,SS19,jumpsuit,0.0,0.005569706327308401
5279,51,SS19,doll dress,0.0,0.046312173496869925
5216,40,SS19,doll dress,0.0,0.017152653667495698
5267,12,SS19,solid color top,0.0377358490566037,0.03430531233401574
5216,76,SS19,doll dress,0.0188679245283018,0.01715265366057051
5322,29,SS19,long dress,0.0,0.0806175209894665
5322,41,SS19,long dress,0.0,0.06346483201401049
5199,15,SS19,long sleeve,0.0,0.012183179151798472
5305,12,SS19,long dress,0.0,0.09262435214338814
5267,30,SS19,solid color top,0.0,0.02572898299905214
5268,10,SS19,printed shirt,0.0,0.030874780787134112
5305,15,SS19,long dress,0.0,0.0325900464581202
5279,20,SS19,doll dress,0.0,0.018867920407142736
5218,43,SS19,long sleeve,0.0377358490566037,0.05145797097593305
5279,68,SS19,doll dress,0.0,0.030874780591274093
5279,24,SS19,doll dress,0.0188679245283018,0.024013717128094504
5246,18,SS19,long sleeve,0.0377358490566037,0.03259004645971493
5246,46,SS19,long sleeve,0.0,0.05317323686957626
5246,3,SS19,long sleeve,0.0188679245283018,0.07890222484391832
5246,5,SS19,long sleeve,0.0188679245283018,0.04802743924456114
5279,22,SS19,doll dress,0.0377358490566037,0.034305312321943206
5246,16,SS19,long sleeve,0.0,1.1246159391583128e-09
5246,13,SS19,long sleeve,0.0,0.03945110991461444
5246,50,SS19,long sleeve,0.0,0.041166375786346375
5246,93,SS19,long sleeve,0.0566037735849056,0.037735844088642
5246,33,SS19,long sleeve,0.0188679245283018,0.0411663758178808
5246,22,SS19,long sleeve,0.0,0.039451109941308175
5246,24,SS19,long sleeve,0.0188679245283018,0.04116637578872014
5246,76,SS19,long sleeve,0.0,0.0308747805712524
5246,51,SS19,long sleeve,0.0566037735849056,0.02744424885905466
5246,68,SS19,long sleeve,0.0377358490566037,0.05317323685337597
5246,1,SS19,long sleeve,0.0,0.04116637578071295
5246,47,SS19,long sleeve,0.0188679245283018,0.025728982987612007
5246,20,SS19,long sleeve,0.0,0.025728982991688593
5246,101,SS19,long sleeve,0.0754716981132075,0.03602057818883784
5246,61,SS19,long sleeve,0.0188679245283018,0.013722121929432026
5246,107,SS19,long sleeve,0.0188679245283018,0.024013717133897352
5246,83,SS19,long sleeve,0.0566037735849056,0.03430531232945689
5246,81,SS19,long sleeve,0.0,0.017152653663242857
5267,19,SS19,solid color top,0.0,0.020583185393289676
5246,26,SS19,long sleeve,0.0566037735849056,0.0240137171350656
5199,19,SS19,long sleeve,0.0,0.018867919529617472
5292,109,SS19,drop sleeve,0.0,0.01878997231646668
5216,5,SS19,doll dress,0.0,0.018867919529438833
5199,86,SS19,long sleeve,0.0566037735849056,0.020583185392616492
5261,12,SS19,solid color top,0.0,0.020583189451605612
5268,12,SS19,printed shirt,0.0,2.932664637049578e-17
5257,41,SS19,solid color top,0.0,0.026757891714992675
5257,18,SS19,solid color top,0.0188679245283018,0.013722121929181834
5257,47,SS19,solid color top,0.0566037735849056,0.0120068560627791
5257,45,SS19,solid color top,0.0188679245283018,0.013722121933517652
5199,26,SS19,long sleeve,0.0377358490566037,0.01886791952675898
5199,90,SS19,long sleeve,0.0566037735849056,0.01715265366196579
5199,0,SS19,long sleeve,0.0377358490566037,0.015437387797556738
5257,43,SS19,solid color top,0.0,0.018867919525036653
5199,83,SS19,long sleeve,0.0377358490566037,0.029159514724518484
5305,86,SS19,long dress,0.0,0.03602057819347027
5282,12,SS19,long sleeve,0.0,0.030874780590786185
5282,7,SS19,long sleeve,0.0188679245283018,0.013722121931270188
5282,15,SS19,long sleeve,0.0188679245283018,0.01886792396931686
5282,19,SS19,long sleeve,0.0,0.0011255739020727927
5316,29,SS19,culottes,0.0566037735849056,0.08919381997685441
5199,44,SS19,long sleeve,0.0,0.020583185400886526
5282,43,SS19,long sleeve,0.0,0.020583185384006508
5199,104,SS19,long sleeve,0.0188679245283018,0.02572898299365908
5282,73,SS19,long sleeve,0.0188679245283018,0.0017829670367948548
5282,3,SS19,long sleeve,0.0,0.015437387800369165
5305,80,SS19,long dress,0.0,0.004308090642484915
5199,82,SS19,long sleeve,0.0377358490566037,0.02229845130903721
5261,15,SS19,solid color top,0.0,0.023598586508523613
5316,36,SS19,culottes,0.0566037735849056,0.09948541524975375
5188,77,SS19,sleeveless,0.0,0.007281082666233068
5199,73,SS19,long sleeve,0.0,0.03430531867221098
5261,46,SS19,solid color top,0.0566037735849056,0.013722121928711918
5261,36,SS19,solid color top,0.0754716981132075,0.05109423554018829
5261,69,SS19,solid color top,0.0566037735849056,0.013722121925003985
5175,32,SS19,jumpsuit,0.0,0.013722121931172181
5261,22,SS19,solid color top,0.0566037735849056,0.01200685606258457
5261,50,SS19,solid color top,0.0377358490566037,0.008576324332909143
5209,28,SS19,patterned top,0.0188679245283018,0.010291590197533637
5261,80,SS19,solid color top,0.0,0.010291590197898411
5309,100,SS19,sleeveless,0.0188679245283018,0.0497427051175909
5188,53,SS19,sleeveless,0.0,0.018867924809455785
5188,40,SS19,sleeveless,0.0,0.0004392602455023909
4221,6,SS19,culottes,0.0188679245283018,0.017152653697834655
4170,25,SS19,short sleeves,0.0188679245283018,0.013722121924670429
5199,33,SS19,long sleeve,0.0188679245283018,2.355692874407185e-09
5216,66,SS19,doll dress,0.0,0.024013717122709333
5216,65,SS19,doll dress,0.0188679245283018,0.013721890262187588
5199,76,SS19,long sleeve,0.0,0.01886791951574275
5218,94,SS19,long sleeve,0.0377358490566037,0.010484295242598855
5216,2,SS19,doll dress,0.0,0.018867919517937808
5209,43,SS19,patterned top,0.0,0.012006859646461037
5199,38,SS19,long sleeve,0.0,0.015437387795831948
5218,86,SS19,long sleeve,0.0,0.029159514725949947
5292,82,SS19,drop sleeve,0.0566037735849056,0.0257289871306225
5278,77,SS19,long sleeve,0.0377358490566037,0.02744424885281361
5271,14,SS19,long sleeve,0.0,0.013926099970252327
5279,12,SS19,doll dress,0.0,0.08404802242618838
5151,59,SS19,solid color top,0.0377358490566037,0.008576324331442231
5248,50,SS19,long sleeve,0.0,0.018867919525515642
5309,49,SS19,sleeveless,0.0754716981132075,0.04288164165321891
5158,74,SS19,solid color top,0.0,0.018867919539580523
5248,52,SS19,long sleeve,0.0188679245283018,0.015437387798255346
5248,45,SS19,long sleeve,0.0377358490566037,0.004831090915741213
5179,32,SS19,doll dress,0.0,0.027444248862821128
5303,36,SS19,long dress,0.0,0.0004923992307321576
5322,33,SS19,long dress,0.0377358490566037,0.0686106296374741
5248,24,SS19,long sleeve,0.0,0.0029629198294332895
5248,51,SS19,long sleeve,0.0,0.01029159019599048
5161,69,SS19,patterned top,0.0377358490566037,0.056603773866059574
5218,24,SS19,long sleeve,0.0188679245283018,0.03430531235805308
5208,21,SS19,patterned top,0.0,0.005148893521989821
5248,101,SS19,long sleeve,0.0,0.01715265366324687
5168,41,SS19,short sleeves,0.0188679245283018,0.010291590196022314
5251,46,SS19,culottes,0.0188679245283018,0.010291590193818173
5251,18,SS19,culottes,0.0,0.01715265723929589
5168,81,SS19,short sleeves,0.0,0.002896782694683346
5247,10,SS19,long sleeve,0.0,0.04974270514674293
5247,59,SS19,long sleeve,0.0,0.024013717125024647
5248,32,SS19,long sleeve,0.0377358490566037,0.010291590197182829
5207,32,SS19,doll dress,0.0188679245283018,0.018867924247147817
5247,93,SS19,long sleeve,0.0188679245283018,0.018867919523556882
5119,59,SS19,solid color top,0.0377358490566037,0.010291590198084972
5292,107,SS19,drop sleeve,0.0,0.02058318539863386
5322,80,SS19,long dress,0.0,0.10977701047756927
5247,8,SS19,long sleeve,0.0188679245283018,0.020583185394712
5248,56,SS19,long sleeve,0.0188679245283018,0.020583185397562154
5247,30,SS19,long sleeve,0.0188679245283018,0.06003430029222265
5251,74,SS19,culottes,0.0,0.012006856063194156
5228,53,SS19,sleeveless,0.0377358490566037,2.3559427583054017e-09
5161,31,SS19,patterned top,0.0188679245283018,0.024013717123228265
5247,99,SS19,long sleeve,0.0188679245283018,0.010291590197191355
5309,12,SS19,sleeveless,0.0,0.11663807395357152
5247,29,SS19,long sleeve,0.0,0.013722121928441485
5279,2,SS19,doll dress,0.0188679245283018,0.016652932459441785
5161,75,SS19,patterned top,0.0,0.013722121928580038
5251,56,SS19,culottes,0.0566037735849056,0.01886792217273197
5227,21,SS19,sleeveless,0.0,0.012006856062241451
5279,31,SS19,doll dress,0.0,0.030874780590573154
5151,13,SS19,solid color top,0.0,0.010291590195376343
5300,12,SS19,culottes,0.0,0.0840480223225414
5248,30,SS19,long sleeve,0.0,0.020583185396294928
5248,2,SS19,long sleeve,0.0,0.029159514727658323
5271,10,SS19,long sleeve,0.0,0.008821900142205599
5161,3,SS19,patterned top,0.0,0.002582942317172468
5251,20,SS19,culottes,0.0188679245283018,0.013722121935990178
5228,16,SS19,sleeveless,0.0,0.013722121929950499
5228,13,SS19,sleeveless,0.0,0.010291590197388617
5248,15,SS19,long sleeve,0.0,0.017152653663693864
5248,65,SS19,long sleeve,0.0,0.018867922174900915
5248,94,SS19,long sleeve,0.0,6.242872640596042e-26
5248,14,SS19,long sleeve,0.0,0.025728982994807442
5271,54,SS19,long sleeve,0.0,0.015437393643265228
5248,86,SS19,long sleeve,0.0,0.015437387796298266
5161,5,SS19,patterned top,0.0,0.01715265366576838
5256,57,SS19,long sleeve,0.0377358490566037,0.008569397185295842
5248,43,SS19,long sleeve,0.0,1.696760264939798e-12
5247,57,SS19,long sleeve,0.0,0.024013717123901854
5248,73,SS19,long sleeve,0.0,0.012006856062496228
5248,5,SS19,long sleeve,0.0,0.018867919533091606
5287,30,SS19,shorts,0.0,0.020583185392759978
5322,86,SS19,long dress,0.0,0.08919381997761844
5248,81,SS19,long sleeve,0.0,0.010291590197519778
5249,72,SS19,culottes,0.0,0.013722121930539514
5249,16,SS19,culottes,0.0188679245283018,0.0030195381426831617
5254,13,SS19,long dress,0.0,0.013722121931303018
5256,46,SS19,long sleeve,0.0,0.0222984555653497
5256,43,SS19,long sleeve,0.0,0.025728982994261844
5247,82,SS19,long sleeve,0.0,0.020606336739006508
5254,110,SS19,long dress,0.0,0.0031904041444139218
5256,110,SS19,long sleeve,0.0,0.020583185395056058
5322,94,SS19,long dress,0.0,0.07032589545652922
5254,9,SS19,long dress,0.0,0.008861883362875361
5204,23,SS19,culottes,0.0188679245283018,0.008576324329918143
5247,42,SS19,long sleeve,0.0377358490566037,0.015437387793732847
5256,50,SS19,long sleeve,0.0188679245283018,0.013722121934288586
5256,45,SS19,long sleeve,0.0188679245283018,0.015437387796979556
5254,80,SS19,long dress,0.0,0.022298451262055954
5221,56,SS19,sleeveless,0.0,0.018867923212468038
5290,31,SS19,long sleeve,0.0188679245283018,0.004656348604276485
5256,47,SS19,long sleeve,0.0,0.015437387800545288
5256,38,SS19,long sleeve,0.0,0.015437387797141941
5290,94,SS19,long sleeve,0.0188679245283018,0.010291590198464678
5256,32,SS19,long sleeve,0.0188679245283018,0.0085763243311232
5322,7,SS19,long dress,0.0188679245283018,0.03087478058542199
5256,53,SS19,long sleeve,0.0,0.01200685982001992
5322,10,SS19,long dress,0.0,2.5137125273138768e-17
5256,36,SS19,long sleeve,0.0,0.01549456682453583
5322,12,SS19,long dress,0.0,0.1269296686150416
5254,75,SS19,long dress,0.0188679245283018,0.008576324330627482
5254,31,SS19,long dress,0.0,0.013722121932579842
5322,62,SS19,long dress,0.0188679245283018,0.0222984512657314
5290,73,SS19,long sleeve,0.0,0.016483735700374744
5322,79,SS19,long dress,0.0,0.022298451256555808
5279,15,SS19,doll dress,0.0,0.002153987837390043
5249,85,SS19,culottes,0.0188679245283018,0.008576324331646736
5247,95,SS19,long sleeve,0.0188679245283018,0.013722121930003429
5181,31,SS19,long sleeve,0.0,0.0005211292719580853
5247,46,SS19,long sleeve,0.0,0.04288164172354869
5247,26,SS19,long sleeve,0.0,4.189520972499531e-18
5309,7,SS19,sleeveless,0.0754716981132075,0.041166375808923426
5251,29,SS19,culottes,0.0,0.010291590195332516
5168,40,SS19,short sleeves,0.0188679245283018,0.00929196784531721
5279,19,SS19,doll dress,0.0,0.0325903368039492
5283,29,SS19,shorts,0.0,0.027444248856199577
5249,30,SS19,culottes,0.0,0.017152657183864974
5249,29,SS19,culottes,0.0,0.017152653662719137
5247,53,SS19,long sleeve,0.0377358490566037,0.02401372129489103
5249,18,SS19,culottes,0.0188679245283018,0.018867919522554837
5249,90,SS19,culottes,0.0377358490566037,0.013722121923154853
5248,59,SS19,long sleeve,0.0,0.00025723080550190633
5200,25,SS19,drop sleeve,0.0,0.012006856066701268
5247,24,SS19,long sleeve,0.0188679245283018,0.02058318888848598
5249,2,SS19,culottes,0.0188679245283018,0.015437387794677968
5208,44,SS19,patterned top,0.0,0.010291590197716232
5168,31,SS19,short sleeves,0.0,0.012006856061006559
5249,66,SS19,culottes,0.0377358490566037,0.008576324334886915
5249,69,SS19,culottes,0.0377358490566037,0.01200685605963759
5256,30,SS19,long sleeve,0.0,0.015437393159869296
5254,41,SS19,long dress,0.0,0.0120068560604372
5249,19,SS19,culottes,0.0188679245283018,0.007534920442925402
5247,51,SS19,long sleeve,0.0,0.02058318945659722
5256,12,SS19,long sleeve,0.0,0.022298451255675224
5256,65,SS19,long sleeve,0.0,0.018867920730061154
5249,80,SS19,culottes,0.0,0.024013717127631597
5254,29,SS19,long dress,0.0,0.010291590196000983
5161,46,SS19,patterned top,0.0377358490566037,0.02572898684896931
5254,94,SS19,long dress,0.0188679245283018,0.01200685606297707
5221,33,SS19,sleeveless,0.0,0.010291590197903013
5300,13,SS19,culottes,0.0,0.036020578209070724
5277,44,SS19,culottes,0.0188679245283018,0.013722121929015639
5247,48,SS19,long sleeve,0.0566037735849056,0.025728982989209004
5272,51,SS19,shorts,0.0,0.024013717123448387
5271,68,SS19,long sleeve,0.0188679245283018,0.01180062815715921
5309,69,SS19,sleeveless,0.0188679245283018,0.05660376857471625
5300,56,SS19,culottes,0.0,0.022298451256190444
5277,57,SS19,culottes,0.0188679245283018,0.060034300299461864
5278,2,SS19,long sleeve,0.0,0.015437387795597517
5207,27,SS19,doll dress,0.0,0.03945110995677769
5292,104,SS19,drop sleeve,0.0188679245283018,0.03087478059014285
5247,75,SS19,long sleeve,0.0377358490566037,0.0754716978320535
5271,61,SS19,long sleeve,0.0,0.013722127427282193
5277,104,SS19,culottes,0.0188679245283018,0.02058318541030194
5292,57,SS19,drop sleeve,0.0188679245283018,0.024759287527757197
5278,19,SS19,long sleeve,0.0,0.022298451250757044
5247,86,SS19,long sleeve,0.0,0.017152653647305716
5292,44,SS19,drop sleeve,0.0566037735849056,0.01715265365965266
5247,9,SS19,long sleeve,0.0188679245283018,0.018867919530263663
5292,25,SS19,drop sleeve,0.0,0.013722121930151
5247,66,SS19,long sleeve,0.0566037735849056,0.04631217338256931
5251,49,SS19,culottes,0.0377358490566037,0.010291590196222593
5148,76,SS19,sleeveless,0.0377358490566037,0.025728983005825674
5251,66,SS19,culottes,0.0,0.021060687266909187
5251,19,SS19,culottes,0.0188679245283018,0.006433554801984444
5309,15,SS19,sleeveless,0.1132075471698113,0.08747855417725779
5227,9,SS19,sleeveless,0.0,0.010291590196983984
5279,30,SS19,doll dress,0.0,0.07890222491600694
5320,12,SS19,long sleeve,0.0188679245283018,0.07303614419070019
5277,95,SS19,culottes,0.0188679245283018,0.036020578196679455
5247,14,SS19,long sleeve,0.0188679245283018,0.025728982997673223
4170,117,SS19,short sleeves,0.0377358490566037,0.010291590195621205
5300,81,SS19,culottes,0.0188679245283018,0.029159514728790664
5300,35,SS19,culottes,0.0,2.7762597115237016e-05
5277,18,SS19,culottes,0.0,0.058956535268416946
5271,22,SS19,long sleeve,0.0,0.012006859612096523
5309,94,SS19,sleeveless,0.0566037735849056,0.03500692523832694
5300,40,SS19,culottes,0.0,0.018867919526366655
5309,35,SS19,sleeveless,0.0377358490566037,0.020623508111540487
5227,19,SS19,sleeveless,0.0,0.01200685606225729
5245,54,SS19,culottes,0.0,0.00017642012224159548
5148,24,SS19,sleeveless,0.0188679245283018,0.018867919529070635
5287,19,SS19,shorts,0.0,0.017152653664981237
5317,86,SS19,short sleeves,0.0188679245283018,0.027444248853291275
5277,4,SS19,culottes,0.0943396226415094,0.03602057819844287
5272,82,SS19,shorts,0.0,0.0205831853989014
3804,99,SS19,culottes,0.0188679245283018,0.00857632433332985
5278,15,SS19,long sleeve,0.0188679245283018,0.012006856068333465
5283,22,SS19,shorts,0.0,0.022298451259633513
5277,59,SS19,culottes,0.0943396226415094,0.024135676792645656
5278,12,SS19,long sleeve,0.0,0.024013717125491496
5277,63,SS19,culottes,0.0,0.012751439064476221
5277,100,SS19,culottes,0.0,0.015437387802146398
5292,64,SS19,drop sleeve,0.0,0.024013717126043915
5277,25,SS19,culottes,0.0188679245283018,0.017152653662372508
5271,82,SS19,long sleeve,0.0,0.013722121938790344
5278,30,SS19,long sleeve,0.0754716981132075,0.029810111721013027
5227,13,SS19,sleeveless,0.0,0.0188679195263836
5188,8,SS19,sleeveless,0.0,0.020583185392369734
5271,56,SS19,long sleeve,0.0,0.0009166197622102464
5160,30,SS19,printed shirt,0.0,0.015437387810937836
5292,18,SS19,drop sleeve,0.0377358490566037,0.05810793123063808
5207,60,SS19,doll dress,0.0,0.04802743925213462
5088,32,SS19,long dress,0.0188679245283018,0.025728982992576616
5292,90,SS19,drop sleeve,0.0754716981132075,0.018867913715588432
5292,46,SS19,drop sleeve,0.0188679245283018,0.07658115839362126
5277,90,SS19,culottes,0.0377358490566037,0.03087478056061417
4219,67,SS19,short sleeves,0.0,0.020583185389732903
5271,107,SS19,long sleeve,0.0188679245283018,0.015437387798229304
5277,46,SS19,culottes,0.0377358490566037,0.005205423240223379
5289,7,SS19,short sleeves,0.0,0.012006856063581524
5292,32,SS19,drop sleeve,0.0188679245283018,0.018867919526885896
5303,81,SS19,long dress,0.0,0.0437696249604333
5300,94,SS19,culottes,0.0,0.020583185402957744
5292,85,SS19,drop sleeve,0.0188679245283018,0.01486850286348483
5287,12,SS19,shorts,0.0,0.0257289829990241
5303,69,SS19,long dress,0.0,0.017152653662066423
5161,63,SS19,patterned top,0.0,0.012006856064259361
5277,26,SS19,culottes,0.0377358490566037,0.051457970985888224
5247,5,SS19,long sleeve,0.0377358490566037,0.024013717129083373
5161,18,SS19,patterned top,0.0,0.030874780590042478
5287,2,SS19,shorts,0.0,0.022298451229660298
5292,83,SS19,drop sleeve,0.0188679245283018,0.015770698837935554
5279,54,SS19,doll dress,0.0,0.02058318539242103
5283,50,SS19,shorts,0.0,0.018867923778754313
5227,110,SS19,sleeveless,0.0,0.013722121927984944
5294,51,SS19,shorts,0.0188679245283018,0.013722121930288555
5292,4,SS19,drop sleeve,0.0377358490566037,0.03498087988606855
5277,29,SS19,culottes,0.0,0.014462098009361093
5207,66,SS19,doll dress,0.0,0.04459690747450051
5247,3,SS19,long sleeve,0.0,0.027444248853824835
5317,62,SS19,short sleeves,0.0188679245283018,0.018867923987741446
5247,94,SS19,long sleeve,0.0,0.018867919528402267
5188,100,SS19,sleeveless,0.0,0.015437391282203047
5292,63,SS19,drop sleeve,0.0,0.024013717126975278
5227,22,SS19,sleeveless,0.0377358490566037,0.01372212193100319
5292,21,SS19,drop sleeve,0.0,0.027444248858127702
5300,80,SS19,culottes,0.0,0.05145797099795003
5300,79,SS19,culottes,0.0,0.013722121929124498
5292,59,SS19,drop sleeve,0.1132075471698113,0.020583185402444252
5156,29,SS19,solid color top,0.0,0.013722126816906651
5227,82,SS19,sleeveless,0.0,0.013722125416562397
5309,36,SS19,sleeveless,0.0,0.08233275658891623
5317,94,SS19,short sleeves,0.0566037735849056,0.012967693648960731
5207,109,SS19,doll dress,0.0188679245283018,0.01715265365336496
5289,69,SS19,short sleeves,0.0,0.012006856062955124
5163,20,SS19,culottes,0.0,0.012006856063808196
5320,36,SS19,long sleeve,0.0,0.015437387794937009
5287,15,SS19,shorts,0.0,0.01886791953311513
5300,73,SS19,culottes,0.0,0.04459690745152604
5300,86,SS19,culottes,0.0,0.0071535203564210125
5268,101,SS19,printed shirt,0.0,6.242872733622093e-26
5261,26,SS19,solid color top,0.0,0.015437387796666998
5199,18,SS19,long sleeve,0.0188679245283018,0.02744424885561471
5290,13,SS19,long sleeve,0.0,0.015437387800661001
5247,43,SS19,long sleeve,0.0,0.03602057820247059
5148,26,SS19,sleeveless,0.0,0.02229845125576538
5312,33,SS19,sleeveless,0.0,0.012006856062118466
5290,19,SS19,long sleeve,0.0,0.012006856061942085
5257,31,SS19,solid color top,0.0188679245283018,0.055487920938878166
5312,22,SS19,sleeveless,0.0,0.022502504546938536
5257,99,SS19,solid color top,0.0,0.010291590199497927
5247,12,SS19,long sleeve,0.0,0.0583190344426812
5290,4,SS19,long sleeve,0.0,0.017152653662068185
5261,19,SS19,solid color top,0.0,0.02229845126405963
5247,65,SS19,long sleeve,0.0,0.017152653655708155
5231,39,SS19,short sleeves,0.0377358490566037,0.015136831683867865
5205,54,SS19,short sleeves,0.0,0.010291590197302842
5312,51,SS19,sleeveless,0.0,0.01543738779668948
5247,31,SS19,long sleeve,0.0,0.020583185392800903
5312,76,SS19,sleeveless,0.0,0.0222268564032328
5319,8,SS19,sleeveless,0.0188679245283018,0.004751784744142999
5319,36,SS19,sleeveless,0.0,0.013722121927724578
5231,32,SS19,short sleeves,0.0188679245283018,0.012006856062340825
5261,31,SS19,solid color top,0.0,0.018867919536682785
5319,74,SS19,sleeveless,0.0,0.013722121927934155
5268,74,SS19,printed shirt,0.0,0.0325900464560819
5319,56,SS19,sleeveless,0.0,0.017349121041559994
5319,3,SS19,sleeveless,0.0,0.012006856064280877
5199,50,SS19,long sleeve,0.0188679245283018,0.015437387795835521
5319,110,SS19,sleeveless,0.0188679245283018,0.010291590196596341
5121,10,SS19,sleeveless,0.0377358490566037,0.039451109920346776
5247,84,SS19,long sleeve,0.0,0.02229845125466834
5290,57,SS19,long sleeve,0.0,0.013722121933194109
5257,101,SS19,solid color top,0.0188679245283018,0.008576324329738639
5188,47,SS19,sleeveless,0.0188679245283018,0.0045328890092410905
5257,26,SS19,solid color top,0.0,0.013722121928042653
5199,6,SS19,long sleeve,0.0,2.772392357500945e-41
5247,54,SS19,long sleeve,0.0188679245283018,0.020583185396447577
5312,20,SS19,sleeveless,0.0,0.017152653661743487
5188,85,SS19,sleeveless,0.0,1.8605209890177794e-33
5261,20,SS19,solid color top,0.0,0.018867919500425098
5179,61,SS19,doll dress,0.0,0.029159514723418153
5210,13,SS19,long dress,0.0188679245283018,0.010291590196747526
5121,50,SS19,sleeveless,0.0188679245283018,0.012006861088504711
5268,67,SS19,printed shirt,0.0,0.030874780584333652
5192,47,SS19,sleeveless,0.0,0.0035452861380415213
5213,44,SS19,long dress,0.0,0.007598008202470111
5121,60,SS19,sleeveless,0.0188679245283018,0.018867919528347342
5196,26,SS19,culottes,0.0,0.022298451261881274
5196,90,SS19,culottes,0.0,0.0137221274744316
5312,29,SS19,sleeveless,0.0188679245283018,0.018867919528772155
5224,68,SS19,long sleeve,0.0188679245283018,0.013722121930374186
5312,19,SS19,sleeveless,0.0,0.02401371714127173
5244,22,SS19,long sleeve,0.1320754716981132,0.10309184432278412
5271,16,SS19,long sleeve,0.0,0.01200685606367297
5234,109,SS19,short sleeves,0.0188679245283018,0.012006856065319881
5176,20,SS19,jumpsuit,0.0,0.0005485572695242186
5268,9,SS19,printed shirt,0.0,0.034305312377660074
5188,18,SS19,sleeveless,0.0,4.189520785213356e-18
5188,26,SS19,sleeveless,0.0,0.018862012318975278
5143,22,SS19,capris,0.0,0.020583185397829138
5148,50,SS19,sleeveless,0.0,0.024013717124426
5234,32,SS19,short sleeves,0.0,0.01200685606186297
5268,5,SS19,printed shirt,0.0,0.04802743925114638
5268,99,SS19,printed shirt,0.0,0.03602057818935183
5268,65,SS19,printed shirt,0.0,0.051457970979281696
5312,30,SS19,sleeveless,0.0,0.02058318540308161
5244,39,SS19,long sleeve,0.0188679245283018,0.022298451279404784
5143,107,SS19,capris,0.0188679245283018,0.01372212192937812
5223,49,SS19,gitana skirt,0.0,0.012021251353560431
5271,110,SS19,long sleeve,0.0,0.013722121926631064
5268,16,SS19,printed shirt,0.0,0.024013717081730914
5268,117,SS19,printed shirt,0.0188679245283018,0.022298451260996114
5223,66,SS19,gitana skirt,0.0,0.01715265366588473
5271,7,SS19,long sleeve,0.0,0.02058318922004936
5218,109,SS19,long sleeve,0.0377358490566037,0.010291590197869035
5271,12,SS19,long sleeve,0.0,0.0068760684683650975
5244,7,SS19,long sleeve,0.0754716981132075,0.058319034443554484
5223,68,SS19,gitana skirt,0.0,0.013722121931279061
5223,69,SS19,gitana skirt,0.0,0.012006860442048793
5256,25,SS19,long sleeve,0.0,0.010291590197247735
5268,28,SS19,printed shirt,0.0,0.02058318539483749
5244,62,SS19,long sleeve,0.0,0.03602058354392508
5244,45,SS19,long sleeve,0.0,0.04116638145388325
5176,16,SS19,jumpsuit,0.0,0.013722121931839085
5234,52,SS19,short sleeves,0.0188679245283018,0.010291590194642234
5244,67,SS19,long sleeve,0.0,0.024013717128988234
5244,85,SS19,long sleeve,0.0754716981132075,0.036903168245478984
5162,6,SS19,long sleeve,0.0,0.01715265366152272
5271,35,SS19,long sleeve,0.0188679245283018,0.015437387795026685
5268,7,SS19,printed shirt,0.0,0.037735844097390975
5147,50,SS19,capris,0.0,0.01200685606367297
5271,64,SS19,long sleeve,0.0,0.00012595796807811683
5234,39,SS19,short sleeves,0.0,0.012006856063948159
5234,86,SS19,short sleeves,0.0188679245283018,0.017152653650318643
5268,2,SS19,printed shirt,0.0,0.04288164157690028
5234,60,SS19,short sleeves,0.0,0.025890675881602168
5268,54,SS19,printed shirt,0.0,0.032590046478984176
5204,74,SS19,culottes,0.0,0.013722121930187996
5176,110,SS19,jumpsuit,0.0,0.015437387795928705
5147,83,SS19,capris,0.0,0.02229845126373006
5329,69,SS19,sleeveless,0.0566037735849056,0.04631217834849795
5329,74,SS19,sleeveless,0.0,0.024013717120647246
5244,38,SS19,long sleeve,0.0,0.07563633461026237
5329,32,SS19,sleeveless,0.0188679245283018,0.042596977350391245
5329,67,SS19,sleeveless,0.0188679245283018,0.022298451251825595
5329,85,SS19,sleeveless,0.0,0.02058318539799002
5329,107,SS19,sleeveless,0.0,0.01886791952503082
5325,30,SS19,sleeveless,0.0188679245283018,0.020583185389842776
5188,104,SS19,sleeveless,0.0,0.015437387793256435
5329,36,SS19,sleeveless,0.0,0.0394511099237761
5312,80,SS19,sleeveless,0.0,0.015437387796627072
5325,26,SS19,sleeveless,0.0566037735849056,0.013722125510725372
5329,61,SS19,sleeveless,0.0188679245283018,0.015437387797179654
5329,43,SS19,sleeveless,0.0377358490566037,4.1895208476420815e-18
5329,14,SS19,sleeveless,0.0377358490566037,0.03945110992271195
5330,80,SS19,short sleeves,0.0566037735849056,0.022298451256768614
5330,110,SS19,short sleeves,0.0188679245283018,0.01029159019918332
5330,3,SS19,short sleeves,0.1132075471698113,0.027444253690758244
5329,60,SS19,sleeveless,0.0754716981132075,0.010291590193151191
5329,75,SS19,sleeveless,0.0,0.030874780594193813
5329,19,SS19,sleeveless,0.0,0.039451109939941234
5282,82,SS19,long sleeve,0.0,0.018867919526065268
5329,66,SS19,sleeveless,0.0,0.022298451261212823
5329,94,SS19,sleeveless,0.0188679245283018,0.037735844043516986
5152,80,SS19,capris,0.0,0.02229845623973011
5329,65,SS19,sleeveless,0.0188679245283018,0.025728982984100673
5121,25,SS19,sleeveless,0.0,0.017152653662292894
5329,31,SS19,sleeveless,0.0377358490566037,0.0710652427126822
5330,76,SS19,short sleeves,0.0,0.0019061837347190908
5268,45,SS19,printed shirt,0.0,0.049742705102637425
5330,77,SS19,short sleeves,0.0,0.01598141890042501
5330,47,SS19,short sleeves,0.0,0.0011124807029895011
5329,15,SS19,sleeveless,0.0566037735849056,0.02744424885460736
5329,7,SS19,sleeveless,0.0,0.02744424886352853
5224,62,SS19,long sleeve,0.0,0.012006856062101902
5152,56,SS19,capris,0.0188679245283018,0.015437392351850229
5268,1,SS19,printed shirt,0.0,0.0343053123834384
5290,30,SS19,long sleeve,0.0188679245283018,0.013722121930612563
5329,12,SS19,sleeveless,0.0,0.09777015273911527
5199,64,SS19,long sleeve,0.0,0.02401371712654549
5290,12,SS19,long sleeve,0.0566037735849056,0.027444248843877805
5330,28,SS19,short sleeves,0.0188679245283018,0.015437387798380033
5325,46,SS19,sleeveless,0.0,0.017152653675189606
5224,110,SS19,long sleeve,0.0,0.024013717131730287
5256,95,SS19,long sleeve,0.0,0.008576324323753342
5329,101,SS19,sleeveless,0.0,0.02401371712709918
5329,20,SS19,sleeveless,0.0,4.189520972499531e-18
5325,8,SS19,sleeveless,0.0,0.011342873185648507
5244,90,SS19,long sleeve,0.0566037735849056,0.029159514716760777
5180,84,SS19,long dress,0.0188679245283018,0.018867919533545885
5329,68,SS19,sleeveless,0.0,0.029159514729683464
5329,76,SS19,sleeveless,0.0188679245283018,0.02744424887577136
5329,45,SS19,sleeveless,0.0188679245283018,0.022298451260370687
5329,33,SS19,sleeveless,0.0188679245283018,0.0205831853923108
5188,81,SS19,sleeveless,0.0,0.003556746836701343
5312,7,SS19,sleeveless,0.0,0.024013717137966486
5325,59,SS19,sleeveless,0.0,0.010291594004565557
5244,59,SS19,long sleeve,0.0188679245283018,0.029159520010664693
5201,12,SS19,long dress,0.0,0.020583185395179632
5330,2,SS19,short sleeves,0.0188679245283018,0.008576324332135857
5329,56,SS19,sleeveless,0.0,0.02572898300025621
5329,99,SS19,sleeveless,0.0,1.2485745188166066e-25
5329,5,SS19,sleeveless,0.0,0.024190585764051357
5329,3,SS19,sleeveless,0.0,0.03430531239862766
5261,18,SS19,solid color top,0.0,0.02058318539752144
5329,110,SS19,sleeveless,0.0566037735849056,0.025728983019953494
5329,9,SS19,sleeveless,0.0,0.030874780582149205
5282,90,SS19,long sleeve,0.0,0.01372212193289911
5329,80,SS19,sleeveless,0.0,1.2485745281192125e-25
5330,10,SS19,short sleeves,0.0,0.018867919529912923
5330,31,SS19,short sleeves,0.0188679245283018,0.031163635215187772
5282,46,SS19,long sleeve,0.0188679245283018,0.015437387798525796
5330,94,SS19,short sleeves,0.0377358490566037,0.01886792494462428
5329,50,SS19,sleeveless,0.0188679245283018,0.010291590197693287
5247,22,SS19,long sleeve,0.0,0.02058318539975946
4209,48,SS19,culottes,0.0,0.013722121931195055
5195,62,SS19,long sleeve,0.0,0.005329406112207914
5113,32,SS19,culottes,0.0,0.013722121932037428
5248,10,SS19,long sleeve,0.0,0.02744424886234724
5248,54,SS19,long sleeve,0.0,9.302605014398681e-34
5329,18,SS19,sleeveless,0.0,0.03602057817765322
5296,100,SS19,culottes,0.0,0.013722121929572718
5296,8,SS19,culottes,0.0,0.015437387799309038
5296,4,SS19,culottes,0.0,0.01543738780061854
5329,0,SS19,sleeveless,0.0,0.0137221219296646
5329,59,SS19,sleeveless,0.0,0.020583185396574843
5117,26,SS19,sleeveless,0.0,0.013722121928685686
5195,46,SS19,long sleeve,0.0,0.01886791953006362
5329,63,SS19,sleeveless,0.0,0.025728982990968912
5215,40,SS19,jumpsuit,0.0377358490566037,0.01200685606289625
5211,59,SS19,culottes,0.0188679245283018,0.01029159019643181
5329,21,SS19,sleeveless,0.0,0.020583185382550242
5329,57,SS19,sleeveless,0.0,0.025728982988974716
5329,104,SS19,sleeveless,0.0188679245283018,0.02401371712644124
5329,64,SS19,sleeveless,0.0,0.012006856062499
5222,30,SS19,culottes,0.0,0.018867917801319953
5329,41,SS19,sleeveless,0.0377358490566037,0.024013717128130392
5247,64,SS19,long sleeve,0.0,0.022298451259118644
5232,18,SS19,sleeveless,0.0,5.884061706839848e-14
5247,41,SS19,long sleeve,0.0,0.025728982985134784
5206,22,SS19,shorts,0.0,0.012006856065409464
5233,29,SS19,long sleeve,0.0,0.0015147564389210906
5233,57,SS19,long sleeve,0.0,0.029159514729307025
5233,63,SS19,long sleeve,0.0,0.02229845126667052
5329,100,SS19,sleeveless,0.0,0.027444248853903692
5222,60,SS19,culottes,0.0,0.017152653662674593
5247,104,SS19,long sleeve,0.0,0.01029159019698195
5188,66,SS19,sleeveless,0.0,0.010291590196595299
5308,9,SS19,culottes,0.0,0.015384199723278574
5172,72,SS19,jumpsuit,0.0,0.010291590198084082
5248,61,SS19,long sleeve,0.0,0.002761929871273589
5308,19,SS19,culottes,0.0188679245283018,0.012006856061616993
5195,21,SS19,long sleeve,0.0,0.02058318539010368
5172,61,SS19,jumpsuit,0.0,0.001097398377374553
5329,26,SS19,sleeveless,0.0,0.03430531231895751
5262,69,SS19,culottes,0.0,0.02058318540321519
5329,46,SS19,sleeveless,0.0,0.03773584406630378
5195,100,SS19,long sleeve,0.0,0.012006860434340414
5262,53,SS19,culottes,0.0,0.012006856063080556
5329,90,SS19,sleeveless,0.0,0.035353346706024906
5248,42,SS19,long sleeve,0.0,0.01200685606311756
5188,15,SS19,sleeveless,0.0,0.0016247302802296182
5196,7,SS19,culottes,0.0188679245283018,0.025728982997699684
5196,49,SS19,culottes,0.0188679245283018,0.01715265366548497
5308,84,SS19,culottes,0.0188679245283018,0.013722121930057368
5308,65,SS19,culottes,0.0,0.01886792259379397
5308,49,SS19,culottes,0.0188679245283018,0.013722121935871098
5248,22,SS19,long sleeve,0.0,0.005987562657083609
5248,33,SS19,long sleeve,0.0188679245283018,0.012006856046343889
5113,63,SS19,culottes,0.0566037735849056,0.008576324331578428
5247,102,SS19,long sleeve,0.0377358490566037,0.015437387798175663
5148,23,SS19,sleeveless,0.0,0.0274442488674237
5248,9,SS19,long sleeve,0.0377358490566037,0.011564966174045791
5262,14,SS19,culottes,0.0,0.013722121933652884
5117,76,SS19,sleeveless,0.0,0.010380261180565937
5201,50,SS19,long dress,0.0377358490566037,0.013722121931399689
5248,68,SS19,long sleeve,0.0,0.0102915901973608
5308,3,SS19,culottes,0.0,0.01886791953317194
5289,45,SS19,short sleeves,0.0,0.010291590197857997
5233,36,SS19,long sleeve,0.0,0.018867919527167484
5232,19,SS19,sleeveless,0.0,0.01886791953641974
5206,31,SS19,shorts,0.0188679245283018,0.010291593681691791
5232,31,SS19,sleeveless,0.0,0.024013717129174758
5207,42,SS19,doll dress,0.0,0.018867919526209653
5247,23,SS19,long sleeve,0.0188679245283018,0.0171526536609119
5203,8,SS19,sleeveless,0.0377358490566037,0.001477893472302302
5317,19,SS19,short sleeves,0.0,0.05145797097946457
5317,75,SS19,short sleeves,0.0188679245283018,0.041166375835885526
5317,14,SS19,short sleeves,0.0,0.022298451258888307
5195,22,SS19,long sleeve,0.0,0.01886791952686012
5317,43,SS19,short sleeves,0.0188679245283018,0.02209708929703473
5317,39,SS19,short sleeves,0.0188679245283018,0.029159517330960005
5317,73,SS19,short sleeves,0.0,0.0002863199817646864
5317,66,SS19,short sleeves,0.0,0.015437387793333982
5222,8,SS19,culottes,0.0,0.012006856050619274
5317,3,SS19,short sleeves,0.0188679245283018,0.04459690754771526
5317,33,SS19,short sleeves,0.0,0.030874780588230254
5317,22,SS19,short sleeves,0.0188679245283018,0.008576324330117914
5215,75,SS19,jumpsuit,0.0,0.01372212192819411
5120,85,SS19,solid color top,0.0,0.015437387789039877
5217,18,SS19,sleeveless,0.0,0.022298451259528902
5317,51,SS19,short sleeves,0.0566037735849056,0.029159514724224213
5317,77,SS19,short sleeves,0.0,0.030874780584011004
5217,36,SS19,sleeveless,0.0,0.020583185395938473
5188,2,SS19,sleeveless,0.0,0.004848105153893636
5317,47,SS19,short sleeves,0.0,0.022298451241596084
5207,26,SS19,doll dress,0.0,0.030874780637936253
5217,45,SS19,sleeveless,0.0754716981132075,0.008576324331160816
5317,110,SS19,short sleeves,0.0377358490566037,0.018867919543138923
5233,46,SS19,long sleeve,0.0188679245283018,0.07547169755089952
5296,1,SS19,culottes,0.0,0.0020899858012037257
5233,12,SS19,long sleeve,0.0,0.011521789755774984
5233,35,SS19,long sleeve,0.0188679245283018,0.025728982994862887
5233,69,SS19,long sleeve,0.0,0.018867919526969392
5233,85,SS19,long sleeve,0.0377358490566037,0.015437387799094747
5233,20,SS19,long sleeve,0.0,0.0754716978320535
5233,51,SS19,long sleeve,0.0,0.03087478059894032
5233,22,SS19,long sleeve,0.0188679245283018,0.029159514725000245
5206,39,SS19,shorts,0.0,0.010291590196834495
5233,13,SS19,long sleeve,0.0188679245283018,0.015437387795049872
5289,36,SS19,short sleeves,0.0,0.015437387789834568
5195,60,SS19,long sleeve,0.0,0.017152653659903754
5326,18,SS19,shorts,0.0,0.013722121930501761
5222,3,SS19,culottes,0.0,0.015437391839892005
5233,56,SS19,long sleeve,0.0,0.027444248875677292
5233,2,SS19,long sleeve,0.0188679245283018,0.015437387798267123
5326,41,SS19,shorts,0.0,0.012006856060266295
5222,16,SS19,culottes,0.0,1.737663530070742e-16
5317,12,SS19,short sleeves,0.0,0.05317323685938424
5317,65,SS19,short sleeves,0.0,0.025728982992937233
5233,5,SS19,long sleeve,0.0188679245283018,0.03602058393064138
5233,3,SS19,long sleeve,0.0,0.029159514738067886
5233,80,SS19,long sleeve,0.0,0.03736098736326448
5233,39,SS19,long sleeve,0.0,0.02058318539331924
5233,43,SS19,long sleeve,0.0,0.02744424885240602
5233,94,SS19,long sleeve,0.0188679245283018,0.013722121940119087
5233,31,SS19,long sleeve,0.0,0.024013717133891253
5233,7,SS19,long sleeve,0.0188679245283018,0.012006856066205912
5233,10,SS19,long sleeve,0.0,0.029159514743409276
5317,2,SS19,short sleeves,0.0188679245283018,0.015437387795300635
5308,99,SS19,culottes,0.0377358490566037,0.02058318539958548
5308,56,SS19,culottes,0.0,0.013722121927976312
5308,50,SS19,culottes,0.0188679245283018,0.012006856063734587
5246,59,SS19,long sleeve,0.0,0.0188679195295515
5247,16,SS19,long sleeve,0.0,0.03430531232083026
5188,22,SS19,sleeveless,0.0,2.8115398060005626e-10
5267,31,SS19,solid color top,0.0,0.018867919527146466
5246,90,SS19,long sleeve,0.0,0.027444248859808038
5276,12,SS19,sleeveless,0.0,0.025728982987582107
5246,40,SS19,long sleeve,0.0,0.039451109944839274
5246,74,SS19,long sleeve,0.0,0.03259004647741102
5246,53,SS19,long sleeve,0.0377358490566037,0.03087478059654044
5246,67,SS19,long sleeve,0.0,0.024013717134033764
5158,36,SS19,solid color top,0.0188679245283018,0.012006856061455344
5246,82,SS19,long sleeve,0.0377358490566037,0.041166375794188595
5246,42,SS19,long sleeve,0.0377358490566037,0.029159514724158692
5246,63,SS19,long sleeve,0.0,0.030858421726795007
5196,6,SS19,culottes,0.0188679245283018,0.015437387796628442
5246,77,SS19,long sleeve,0.0,0.039451109907744274
5247,50,SS19,long sleeve,0.0188679245283018,0.0325900464628155
5153,28,SS19,sleeveless,0.0,0.017152653629404012
5246,45,SS19,long sleeve,0.0377358490566037,0.020775206776714218
5246,117,SS19,long sleeve,0.0,0.025728982993428923
5308,100,SS19,culottes,0.0,0.012006859691038837
5330,69,SS19,short sleeves,0.0,0.05498200534829081
5308,63,SS19,culottes,0.0,0.015437387801628089
5308,59,SS19,culottes,0.0,0.012006856065926896
5246,28,SS19,long sleeve,0.0,0.01715265366200367
5330,46,SS19,short sleeves,0.0,0.006225932927966577
5131,50,SS19,doll dress,0.0,0.013722121932869443
5246,80,SS19,long sleeve,0.0,2.4971490841462413e-25
5188,49,SS19,sleeveless,0.0,0.01886792275416355
5269,15,SS19,culottes,0.0188679245283018,0.013722121926243658
5261,63,SS19,solid color top,0.0,0.013722121929033264
5261,41,SS19,solid color top,0.0188679245283018,0.01372212192863692
5199,75,SS19,long sleeve,0.0,0.030874780598973795
5175,26,SS19,jumpsuit,0.0,0.007479281514228923
5268,66,SS19,printed shirt,0.0,0.07718695898506465
5269,90,SS19,culottes,0.0,0.02058318821065819
5196,61,SS19,culottes,0.0,0.011957901262590323
5196,27,SS19,culottes,0.0188679245283018,0.010291590197840353
5192,80,SS19,sleeveless,0.0,0.0007569032066925942
5247,73,SS19,long sleeve,0.0,0.015437387799645836
5199,31,SS19,long sleeve,0.0,0.024013720334438292
5196,20,SS19,culottes,0.0188679245283018,0.012006856058968913
5269,2,SS19,culottes,0.0,0.017152653665859996
5312,40,SS19,sleeveless,0.0,0.022298451247787506
5267,2,SS19,solid color top,0.0188679245283018,0.02058318539022304
5247,110,SS19,long sleeve,0.0188679245283018,0.029159355850822057
5188,51,SS19,sleeveless,0.0,0.01543738779427689
5246,23,SS19,long sleeve,0.0,0.025728986643003153
5269,20,SS19,culottes,0.0,0.008650412268658387
5269,38,SS19,culottes,0.0188679245283018,6.242872547569991e-26
5246,64,SS19,long sleeve,0.0,0.04974270511430041
5269,93,SS19,culottes,0.0,0.006558557302372585
4209,76,SS19,culottes,0.0,0.012006856065042313
5269,39,SS19,culottes,0.0188679245283018,0.013722121925013181
5156,24,SS19,solid color top,0.0,0.017152653658003777
5330,59,SS19,short sleeves,0.0,0.012006856063742771
5276,53,SS19,sleeveless,0.0188679245283018,0.010291593915153179
5246,86,SS19,long sleeve,0.0,0.012006856062249141
5308,36,SS19,culottes,0.0,0.015437387796672086
5317,8,SS19,short sleeves,0.0188679245283018,0.001663453680967729
5308,72,SS19,culottes,0.0,0.04111845035856473
5317,0,SS19,short sleeves,0.0,0.013722127341903903
5308,45,SS19,culottes,0.0188679245283018,0.012006856064641911
5308,52,SS19,culottes,0.0,0.015437387797164729
5317,18,SS19,short sleeves,0.0,0.027444248895935334
5247,67,SS19,long sleeve,0.0,0.012006856064013152
5211,80,SS19,culottes,0.0,6.242872640596043e-26
5211,3,SS19,culottes,0.0188679245283018,0.02229845605566132
5317,81,SS19,short sleeves,0.0,0.013722121928690057
5256,54,SS19,long sleeve,0.0,0.020583185397178638
5112,23,SS19,doll dress,0.0,0.012006856065343904
5317,29,SS19,short sleeves,0.0,0.0034128725145008425
5326,66,SS19,shorts,0.0566037735849056,0.008576324330895318
5317,72,SS19,short sleeves,0.0377358490566037,0.013722121929885788
5317,83,SS19,short sleeves,0.0188679245283018,0.01715265366206351
5215,4,SS19,jumpsuit,0.0377358490566037,0.010291590194332054
5248,21,SS19,long sleeve,0.0188679245283018,0.037735847506664456
5105,10,SS19,doll dress,0.0188679245283018,0.01200685605371838
5248,95,SS19,long sleeve,0.0,0.013722121927200959
5188,56,SS19,sleeveless,0.0,0.0024661493585037466
4231,46,SS19,sleeveless,0.0566037735849056,0.008576324332389324
4231,16,SS19,sleeveless,0.0188679245283018,0.008576324335931248
4231,65,SS19,sleeveless,0.0188679245283018,0.010193104529004182
5247,4,SS19,long sleeve,0.0,0.042881641652380856
5248,40,SS19,long sleeve,0.0188679245283018,0.006861064640000055
5248,74,SS19,long sleeve,0.0,0.0240137171347122
5317,67,SS19,short sleeves,0.0188679245283018,0.017152653674675604
5267,18,SS19,solid color top,0.0,0.02229845127433067
5215,59,SS19,jumpsuit,0.0,0.015437387795070681
5268,48,SS19,printed shirt,0.0,0.03430531230176597
5267,48,SS19,solid color top,0.0,0.010291590199352505
5246,48,SS19,long sleeve,0.0,0.015437387794243687
5247,68,SS19,long sleeve,0.0,0.025728982988228222
5246,19,SS19,long sleeve,0.0,0.036020578192477
5246,66,SS19,long sleeve,0.0,0.018867919522780777
5268,26,SS19,printed shirt,0.0,0.032590046453648484
5330,104,SS19,short sleeves,0.0377358490566037,0.0102915901965495
5267,86,SS19,solid color top,0.0,0.022940553566540303
5196,60,SS19,culottes,0.0377358490566037,0.02401371711595108
5246,31,SS19,long sleeve,0.0,4.189520910070808e-18
5268,90,SS19,printed shirt,0.0,0.02572898299110672
5312,18,SS19,sleeveless,0.0,0.030874780586812544
5267,39,SS19,solid color top,0.0188679245283018,0.03411609218567828
5312,57,SS19,sleeveless,0.0,0.026995785277748617
5256,40,SS19,long sleeve,0.0188679245283018,0.0004609167806502069
5202,0,SS19,long sleeve,0.0188679245283018,0.008576324331393275
5276,46,SS19,sleeveless,0.0,0.01372212192591774
5267,3,SS19,solid color top,0.0,0.03087478057917437
5267,22,SS19,solid color top,0.0,0.018867919529061132
5194,93,SS19,long sleeve,0.0,0.013722121926953748
5268,0,SS19,printed shirt,0.0,0.005659409267499363
5268,8,SS19,printed shirt,0.0,0.02915951473490734
5207,21,SS19,doll dress,0.0,0.00015988129457463683
5267,82,SS19,solid color top,0.0188679245283018,0.017152653661382872
4210,64,SS19,culottes,0.0377358490566037,0.010291590197628432
5256,9,SS19,long sleeve,0.0,0.0023963391821803836
5194,60,SS19,long sleeve,0.0188679245283018,0.005145792597788
5267,36,SS19,solid color top,0.0,0.024013717123110376
5232,100,SS19,sleeveless,0.0,0.015437387821034196
4209,60,SS19,culottes,0.0,0.013722121929423712
5329,49,SS19,sleeveless,0.0,0.012006856063662493
5310,7,SS19,short sleeves,0.0,0.013722121926546297
5288,30,SS19,solid color top,0.0,0.027444248854605918
5277,67,SS19,culottes,0.0566037735849056,0.008685407336387455
5277,0,SS19,culottes,0.0,0.0257289830158397
5302,13,SS19,sleeveless,0.0188679245283018,0.004249755235298764
5302,117,SS19,sleeveless,0.0,0.015437391924485783
5302,33,SS19,sleeveless,0.0,0.013722121929656642
5277,102,SS19,culottes,0.0377358490566037,0.012006856063319925
5277,64,SS19,culottes,0.0377358490566037,0.025728983007012433
5161,26,SS19,patterned top,0.0,0.010291590197286203
5161,36,SS19,patterned top,0.0,0.00607333160146873
5161,83,SS19,patterned top,0.0,0.01543739276808332
5161,107,SS19,patterned top,0.0,0.010291590197019074
5302,26,SS19,sleeveless,0.0,0.01543738779491605
5161,20,SS19,patterned top,0.0,0.01886791952993801
5277,61,SS19,culottes,0.0,0.01715265366176595
5161,45,SS19,patterned top,0.0,0.01543738780288266
5254,18,SS19,long dress,0.0,0.009298832300023985
5161,19,SS19,patterned top,0.0188679245283018,0.015437387791915705
5161,15,SS19,patterned top,0.0,2.7907815181815754e-33
5161,12,SS19,patterned top,0.0,0.03430531232124599
5161,2,SS19,patterned top,0.0,0.022298451271586247
5254,47,SS19,long dress,0.0,0.0001815471622262081
5254,12,SS19,long dress,0.0,0.0005023449499347234
5305,77,SS19,long dress,0.0,0.005881750641330073
5316,117,SS19,culottes,0.0,0.03259004644991613
5316,13,SS19,culottes,0.0,3.1214362737850094e-25
5305,47,SS19,long dress,0.0,0.008895855731824677
5316,3,SS19,culottes,0.0,0.07498976586331173
5316,43,SS19,culottes,0.0,0.08404802242565777
5161,22,SS19,patterned top,0.0,0.004330709489192455
5316,86,SS19,culottes,0.0,0.03945110992326487
5277,101,SS19,culottes,0.0188679245283018,0.017152653672363457
5305,76,SS19,long dress,0.0,0.003547671718960807
5293,22,SS19,solid color top,0.0,0.012006856064863135
4197,109,SS19,printed shirt,0.0,0.010291590196840766
5266,51,SS19,sleeveless,0.0566037735849056,0.013722121928438144
5122,104,SS19,solid color top,0.0,0.02572898298810075
5122,21,SS19,solid color top,0.0,0.0222984553367058
5266,10,SS19,sleeveless,0.0754716981132075,0.012006856066873206
5273,22,SS19,sleeveless,0.0754716981132075,0.010291590197700663
5122,53,SS19,solid color top,0.0,0.024013717128398313
5273,19,SS19,sleeveless,0.0,0.018867919561503705
5122,38,SS19,solid color top,0.0,0.025728982989532353
5324,40,SS19,long sleeve,0.0188679245283018,0.015437387794607725
5324,47,SS19,long sleeve,0.0,0.005293165627379626
5324,22,SS19,long sleeve,0.0,0.012006856061124964
5277,24,SS19,culottes,0.0,0.025728982989740103
5324,33,SS19,long sleeve,0.0,0.010291590197772385
5305,33,SS19,long dress,0.0,0.0360205782039176
5305,22,SS19,long dress,0.0,0.04459691221102871
5324,110,SS19,long sleeve,0.0,0.022298451261889916
5324,80,SS19,long sleeve,0.0,0.01886791954012869
5324,65,SS19,long sleeve,0.0188679245283018,0.03193682333913623
5293,3,SS19,solid color top,0.0,0.015437387793589379
5277,62,SS19,culottes,0.0,0.013360672254679098
5277,31,SS19,culottes,0.0754716981132075,0.03602057819245222
5324,7,SS19,long sleeve,0.0,0.015437387795646868
5324,12,SS19,long sleeve,0.0,0.024013717133729743
5293,15,SS19,solid color top,0.0188679245283018,0.018867919529938573
5277,39,SS19,culottes,0.0566037735849056,0.027444248860181306
5277,28,SS19,culottes,0.0566037735849056,0.022298451257693152
5305,93,SS19,long dress,0.0,6.242872826648141e-26
5316,79,SS19,culottes,0.0377358490566037,0.02915951887801776
5309,8,SS19,sleeveless,0.0377358490566037,0.051457970980943256
5293,2,SS19,solid color top,0.0,0.012006856059859558
5309,33,SS19,sleeveless,0.0377358490566037,0.058319034439491255
5275,26,SS19,gitana skirt,0.0,0.015437387796158095
5255,19,SS19,gitana skirt,0.0,0.010291594900701362
5255,94,SS19,gitana skirt,0.0,0.015437387800377095
5314,36,SS19,gitana skirt,0.0,4.189520910070805e-18
5316,2,SS19,culottes,0.0,2.8115398060005657e-10
5314,82,SS19,gitana skirt,0.0,0.015437387797701681
5316,62,SS19,culottes,0.0,0.05660377330375161
5314,3,SS19,gitana skirt,0.0188679245283018,0.017152653662818734
5314,73,SS19,gitana skirt,0.0,0.0013921237813457692
5314,80,SS19,gitana skirt,0.0,0.008882177570894783
5314,66,SS19,gitana skirt,0.0188679245283018,0.012006856063555959
5314,2,SS19,gitana skirt,0.0188679245283018,0.010291590199415647
5309,22,SS19,sleeveless,0.0,0.05831903451428978
5270,41,SS19,long dress,0.0,0.02401372221476623
5253,82,SS19,long dress,0.0188679245283018,0.05317323685046688
5309,117,SS19,sleeveless,0.0,0.03602057819930516
5309,13,SS19,sleeveless,0.0,0.06346483894793938
5309,3,SS19,sleeveless,0.0,0.07890222488432738
5309,43,SS19,sleeveless,0.0188679245283018,0.07547169314082056
5309,86,SS19,sleeveless,0.0377358490566037,0.05660376858287515
5309,14,SS19,sleeveless,0.1132075471698113,0.060034300344691295
5253,50,SS19,long dress,0.0,0.04974270510747187
5253,84,SS19,long dress,0.0188679245283018,0.020583185393957197
5253,49,SS19,long dress,0.0,0.030874780607010696
5309,19,SS19,sleeveless,0.0,0.1012006810848581
5309,66,SS19,sleeveless,0.0,0.03602057819452089
5309,65,SS19,sleeveless,0.0377358490566037,0.04459690752455037
5270,64,SS19,long dress,0.0,0.030874780625113396
5309,52,SS19,sleeveless,0.0,0.044596907503065636
5309,76,SS19,sleeveless,0.0,0.06346483202478585
5316,10,SS19,culottes,0.0377358490566037,0.053173236855433785
5275,85,SS19,gitana skirt,0.0377358490566037,0.012006856064074114
5255,14,SS19,gitana skirt,0.0,0.013722121927724578
5253,57,SS19,long dress,0.0,0.02401371713007882
5253,59,SS19,long dress,0.0,0.039451109841983786
5309,18,SS19,sleeveless,0.0,0.07547169293629893
5274,83,SS19,sleeveless,0.0188679245283018,0.01200685606253817
5274,76,SS19,sleeveless,0.0,0.015437387793232114
5309,46,SS19,sleeveless,0.0,8.379042007427815e-18
5309,26,SS19,sleeveless,0.0,0.054888502721729925
5309,81,SS19,sleeveless,0.0188679245283018,0.05660376856054075
5274,39,SS19,sleeveless,0.0,0.01715265366191362
5316,19,SS19,culottes,0.0,0.05145797096355217
5274,60,SS19,sleeveless,0.0377358490566037,0.010291590198232854
5274,19,SS19,sleeveless,0.0,0.00016284367852399792
5274,15,SS19,sleeveless,0.0,0.013722121929962047
5309,74,SS19,sleeveless,0.0,0.004850635702404513
5309,53,SS19,sleeveless,0.0,0.06861063410173411
5309,32,SS19,sleeveless,0.0188679245283018,0.029159514715467946
5309,67,SS19,sleeveless,0.0,0.051457970980207275
5309,85,SS19,sleeveless,0.0,0.03259004646445908
5316,66,SS19,culottes,0.0,0.025728982995054266
5316,65,SS19,culottes,0.0,0.037735850065039385
5253,4,SS19,long dress,0.0,0.03259004645963076
5275,36,SS19,gitana skirt,0.0,0.017152653666531747
5253,0,SS19,long dress,0.0188679245283018,0.016449573700404084
5291,24,SS19,solid color top,0.0566037735849056,0.013722121927363193
5309,20,SS19,sleeveless,0.0,0.07032589553743271
5169,0,SS19,jumpsuit,0.0188679245283018,0.012006856063816487
3929,11,SS19,printed shirt,0.0,0.012006856067146687
5298,2,SS19,long cardigan,0.0,0.0497427051391363
5305,20,SS19,long dress,0.0,0.027444254517590045
5324,29,SS19,long sleeve,0.0188679245283018,0.015437387797350892
5298,10,SS19,long cardigan,0.0,0.013597441131533647
5275,75,SS19,gitana skirt,0.0,0.017152653662342955
5275,19,SS19,gitana skirt,0.0,0.027444248857573513
5322,15,SS19,long dress,0.0,0.04459691166647792
5275,2,SS19,gitana skirt,0.0566037735849056,0.008576324330209757
5322,2,SS19,long dress,0.0,0.04802743924549526
5322,54,SS19,long dress,0.0188679245283018,0.01715265365664142
5278,36,SS19,long sleeve,0.0,0.011924425262196092
5322,30,SS19,long dress,0.0,0.00025000531822913784
5323,36,SS19,drop sleeve,0.0,0.024013717113225197
5278,67,SS19,long sleeve,0.0,0.012006856062056183
5278,109,SS19,long sleeve,0.0,0.012006856063912733
5323,26,SS19,drop sleeve,0.0,0.013722121934389259
5278,51,SS19,long sleeve,0.0188679245283018,0.018867924528301796
5322,31,SS19,long dress,0.0,0.04214090872914101
5323,46,SS19,drop sleeve,0.0377358490566037,0.012006856061759396
5278,76,SS19,long sleeve,0.0,0.012006856062951203
5323,8,SS19,drop sleeve,0.0,0.012006856068900786
5278,22,SS19,long sleeve,0.0,6.242872733622089e-26
5278,33,SS19,long sleeve,0.0188679245283018,0.012006856062040615
5323,57,SS19,drop sleeve,0.0,0.012006856063694189
5285,100,SS19,solid color top,0.0188679245283018,0.01200685606320534
5228,7,SS19,sleeveless,0.0,0.013722121929120493
5228,30,SS19,sleeveless,0.0,0.01715265366242829
5285,18,SS19,solid color top,0.0188679245283018,0.008576324330510775
5285,90,SS19,solid color top,0.0,0.010291590201077954
5227,10,SS19,sleeveless,0.0,0.00021559135787579403
5227,30,SS19,sleeveless,0.0,0.010769844094752427
5285,82,SS19,solid color top,0.0,0.015437387796476723
5228,36,SS19,sleeveless,0.0,0.01715265366247988
5298,40,SS19,long cardigan,0.0188679245283018,0.024013717127926666
5305,110,SS19,long dress,0.0,0.018867924668618766
5322,66,SS19,long dress,0.0,0.02401371712945308
5322,3,SS19,long dress,0.0,0.061749566336988346
4233,41,SS19,solid color top,0.0,0.012006856066579086
5322,110,SS19,long dress,0.0188679245283018,0.0497427051240255
5316,76,SS19,culottes,0.0,0.041166375782650776
5322,9,SS19,long dress,0.0,0.03945110991640492
5149,46,SS19,capris,0.0,0.01049640005197055
5322,73,SS19,long dress,0.0,0.06861062969265172
5243,50,SS19,shorts,0.0,0.010291594026007968
5243,19,SS19,shorts,0.0,0.015437387796861922
5243,12,SS19,shorts,0.0,2.772392357500945e-41
5322,43,SS19,long dress,0.0,0.0617495661813255
5322,14,SS19,long dress,0.0377358490566037,0.03602057818892698
5322,75,SS19,long dress,0.0,0.04974270511445726
5323,35,SS19,drop sleeve,0.0188679245283018,0.01029159019630003
5305,48,SS19,long dress,0.0,0.02401372003588569
5305,43,SS19,long dress,0.0,0.030874780589483734
5245,90,SS19,culottes,0.0377358490566037,0.02339880593487189
5305,39,SS19,long dress,0.0188679245283018,0.013722125906339127
5245,0,SS19,culottes,0.0,0.024013717123858826
5298,100,SS19,long cardigan,0.0,0.012006856065280735
5245,44,SS19,culottes,0.0,0.03430531233396233
5305,73,SS19,long dress,0.0,0.046312178984767444
5316,22,SS19,culottes,0.0,0.0926243518268874
5305,9,SS19,long dress,0.0,0.03602057816700495
5149,13,SS19,capris,0.0,0.013722121936263177
5298,0,SS19,long cardigan,0.0188679245283018,0.018867919528558104
5316,33,SS19,culottes,0.0188679245283018,0.061749566175638544
5322,19,SS19,long dress,0.0,0.014191865718232154
5208,24,SS19,patterned top,0.0,0.022298451244287098
5302,65,SS19,sleeveless,0.0,0.010291590196347445
5302,43,SS19,sleeveless,0.0,0.006939837863567628
5302,3,SS19,sleeveless,0.0188679245283018,0.013722121931141808
5249,75,SS19,culottes,0.0188679245283018,0.015437387794698257
5249,54,SS19,culottes,0.0188679245283018,2.941123136395603e-16
5305,16,SS19,long dress,0.0,0.0018698710821874523
5251,59,SS19,culottes,0.0188679245283018,0.008576324330209757
5298,79,SS19,long cardigan,0.0377358490566037,0.015437387795751904
5284,20,SS19,long dress,0.0,0.01543738779504248
5284,13,SS19,long dress,0.0,0.020583185384692927
5284,16,SS19,long dress,0.0,0.01029159019557104
5298,75,SS19,long cardigan,0.0188679245283018,0.017354208512085956
5298,19,SS19,long cardigan,0.0188679245283018,0.025728983003618342
5250,36,SS19,long dress,0.0188679245283018,0.01715265366039677
5250,40,SS19,long dress,0.0188679245283018,0.00857632433332985
5298,66,SS19,long cardigan,0.0,0.03430531232779165
5249,73,SS19,culottes,0.0,0.012006856063892467
5251,36,SS19,culottes,0.0377358490566037,0.015437387795709056
5250,14,SS19,long dress,0.0,0.01372212192920938
5250,19,SS19,long dress,0.0188679245283018,0.02401371712880983
5266,63,SS19,sleeveless,0.0,0.015437387798496894
5266,95,SS19,sleeveless,0.0,0.03773584933775768
5305,13,SS19,long dress,0.0,0.02744424885340989
5298,94,SS19,long cardigan,0.0,0.04974270505857072
5266,18,SS19,sleeveless,0.0188679245283018,0.013722121931562385
5298,65,SS19,long cardigan,0.0,0.03259004645097177
5251,9,SS19,culottes,0.0,0.017152653659903754
5251,80,SS19,culottes,0.0,0.013722121928787512
5251,43,SS19,culottes,0.0188679245283018,0.008576075961839104
5298,31,SS19,long cardigan,0.0,0.020811291079460496
5298,7,SS19,long cardigan,0.0,0.03647170125590127
5250,3,SS19,long dress,0.0188679245283018,0.01029159019530928
5298,110,SS19,long cardigan,0.0943396226415094,0.024013717105335976
5298,3,SS19,long cardigan,0.0,0.03945111339645179
5274,104,SS19,sleeveless,0.0,0.006861058465876265
5298,83,SS19,long cardigan,0.0377358490566037,0.02915951471292626
5285,48,SS19,solid color top,0.0,0.012006856063935235
5286,69,SS19,shorts,0.0,0.03087478061063739
5298,1,SS19,long cardigan,0.0,0.013722126776804924
5298,68,SS19,long cardigan,0.0188679245283018,0.02572898299486525
5298,51,SS19,long cardigan,0.0,0.020583185395179577
5275,22,SS19,gitana skirt,0.0188679245283018,0.018867919527080716
5275,76,SS19,gitana skirt,0.0188679245283018,0.01029159019818378
5255,95,SS19,gitana skirt,0.0188679245283018,0.012006856063402535
5255,46,SS19,gitana skirt,0.0,0.01715265366118875
5275,82,SS19,gitana skirt,0.0,0.015437387801036637
5298,24,SS19,long cardigan,0.0,0.018867919527820264
5255,26,SS19,gitana skirt,0.0,6.242872640596042e-26
4221,27,SS19,culottes,0.0,0.01715265366049431
4203,95,SS19,printed shirt,0.0188679245283018,0.010291590196858935
5255,68,SS19,gitana skirt,0.0,0.012006856064991057
5255,76,SS19,gitana skirt,0.0,0.018867453347852055
5255,45,SS19,gitana skirt,0.0,0.01029159019659813
5126,48,SS19,culottes,0.0,0.09437181349670284
5298,45,SS19,long cardigan,0.0188679245283018,0.020583185396463356
5126,32,SS19,culottes,0.0377358490566037,0.017152653660977166
5298,22,SS19,long cardigan,0.0,0.039451109906785214
5298,33,SS19,long cardigan,0.0,0.03773584406165957
5249,0,SS19,culottes,0.0,0.01543738779461948
5249,40,SS19,culottes,0.0188679245283018,0.012006861745175519
5298,16,SS19,long cardigan,0.0,0.03602057819156197
5249,101,SS19,culottes,0.0,0.015437387792541205
5298,5,SS19,long cardigan,0.0,0.024013717134531088
5249,22,SS19,culottes,0.0,0.0137221219297917
5278,66,SS19,long sleeve,0.0377358490566037,0.010291590199720466
5245,72,SS19,culottes,0.0188679245283018,0.022298451262619527
5309,10,SS19,sleeveless,0.0377358490566037,0.05660377414721358
5309,2,SS19,sleeveless,0.0,0.04116637581455691
5295,8,SS19,jumpsuit,0.0,0.025728982997230594
5297,51,SS19,long dress,0.0,0.05831903445008429
5295,104,SS19,jumpsuit,0.0377358490566037,0.02915951473053507
5295,64,SS19,jumpsuit,0.0,0.02744424886376067
5295,41,SS19,jumpsuit,0.0188679245283018,0.018867919527199607
5280,28,SS19,solid color top,0.0,5.528546807878077e-05
5304,2,SS19,long dress,0.0377358490566037,0.02401371712396344
5279,45,SS19,doll dress,0.0,0.025728982989820456
5280,31,SS19,solid color top,0.0,0.020583185392659784
5264,20,SS19,solid color top,0.0,0.00012595796807811683
5264,45,SS19,solid color top,0.0,0.0074828288915866755
5264,22,SS19,solid color top,0.0,0.02058318539367692
5235,22,SS19,gitana skirt,0.0188679245283018,0.012006856061556877
5264,31,SS19,solid color top,0.0,0.017152653649054456
5304,10,SS19,long dress,0.0,0.013722121933651708
5304,7,SS19,long dress,0.0188679245283018,0.01029159019602973
5279,16,SS19,doll dress,0.0,0.029159514739414954
5235,110,SS19,gitana skirt,0.0,0.015437387794570538
5279,3,SS19,doll dress,0.0,0.063464832033921
5297,67,SS19,long dress,0.0,0.03087478057039429
5279,73,SS19,doll dress,0.0,0.039451109915311894
5297,69,SS19,long dress,0.0377358490566037,0.02685530293789252
5264,9,SS19,solid color top,0.0,0.012006856061863918
5304,94,SS19,long dress,0.0,0.015437387795501932
5297,76,SS19,long dress,0.0566037735849056,0.03259004646091104
5295,36,SS19,jumpsuit,0.0,0.00966224853065184
5295,28,SS19,jumpsuit,0.0,0.013722121926847419
5295,16,SS19,jumpsuit,0.0,0.020583185400662923
5295,13,SS19,jumpsuit,0.0188679245283018,0.03259004648819801
5235,51,SS19,gitana skirt,0.0,0.015437387799559305
5295,33,SS19,jumpsuit,0.0,0.030874780607285376
5280,36,SS19,solid color top,0.0,0.0037281882287399986
5295,24,SS19,jumpsuit,0.0,0.04802743925660744
5280,35,SS19,solid color top,0.0,9.302605291637912e-34
5295,77,SS19,jumpsuit,0.0188679245283018,0.015437387798172006
5295,1,SS19,jumpsuit,0.0,0.0006431432809568568
5295,47,SS19,jumpsuit,0.0,0.02229845127388711
5235,39,SS19,gitana skirt,0.0188679245283018,0.015437387796664565
5295,26,SS19,jumpsuit,0.0,0.03773584849429573
5280,53,SS19,solid color top,0.0,0.006080937769457455
5297,33,SS19,long dress,0.0,0.03259004648385927
5280,101,SS19,solid color top,0.0,0.015437387797769401
5280,50,SS19,solid color top,0.0,0.029159514699520137
5197,95,SS19,short sleeves,0.0,0.010291590197621311
5297,22,SS19,long dress,0.0,0.03945110998340282
5197,80,SS19,short sleeves,0.0,0.0005701858928233352
5295,82,SS19,jumpsuit,0.0,0.04459691171785531
5297,52,SS19,long dress,0.0188679245283018,0.030874780591918543
5295,67,SS19,jumpsuit,0.0,0.0004460999116074884
5295,53,SS19,jumpsuit,0.0188679245283018,0.018535253742432315
5295,81,SS19,jumpsuit,0.0,0.02401371713631045
5279,47,SS19,doll dress,0.0,0.015437387789061651
5297,35,SS19,long dress,0.0,0.03259004646359424
5297,81,SS19,long dress,0.0188679245283018,0.02572898299501996
5297,36,SS19,long dress,0.0,0.053173240266105475
5303,93,SS19,long dress,0.0,0.010291590196103463
5270,30,SS19,long dress,0.0188679245283018,0.01352782631891665
5297,41,SS19,long dress,0.0,0.0044501679409525196
5093,101,SS19,culottes,0.0,0.01715265972175413
5242,54,SS19,printed shirt,0.0,0.018867919530595797
5270,19,SS19,long dress,0.0,0.02058318539473689
5303,18,SS19,long dress,0.0,0.00012595796807811683
5303,45,SS19,long dress,0.0,0.0034805040185861363
5270,75,SS19,long dress,0.0377358490566037,0.03621319950908401
5303,26,SS19,long dress,0.0,0.017152653662155144
5279,10,SS19,doll dress,0.0,0.04288164166283252
5279,49,SS19,doll dress,0.0188679245283018,0.027444248863205317
5270,73,SS19,long dress,0.0,0.018867919529917756
5304,29,SS19,long dress,0.0,0.013722121930608518
5270,9,SS19,long dress,0.0,0.01736084125564749
5270,56,SS19,long dress,0.0188679245283018,0.03087478059164069
5270,16,SS19,long dress,0.0,0.013722121930152927
5270,117,SS19,long dress,0.0,5.342779881707947e-06
5270,50,SS19,long dress,0.0188679245283018,0.0274442542773174
5310,36,SS19,short sleeves,0.0,0.008471757871295029
5270,22,SS19,long dress,0.0,0.027444248857824573
5310,18,SS19,short sleeves,0.0,0.01886791953122863
5303,24,SS19,long dress,0.0,1.3861961890784353e-41
5270,51,SS19,long dress,0.0188679245283018,0.018867919527670727
5279,65,SS19,doll dress,0.0,0.0343053123240575
5279,66,SS19,doll dress,0.0188679245283018,0.032590046453764586
5286,80,SS19,shorts,0.0,4.6513025210613215e-33
5286,81,SS19,shorts,0.0,0.01715265366341056
5279,7,SS19,doll dress,0.0,0.039451109913587884
5310,67,SS19,short sleeves,0.0,0.020583185385206298
5297,29,SS19,long dress,0.0,0.014754297726580684
5310,85,SS19,short sleeves,0.0,0.012006856061876358
5279,39,SS19,doll dress,0.0,0.02572898299363404
5297,26,SS19,long dress,0.0,0.03602057817941649
5297,46,SS19,long dress,0.0,0.041166375809590955
5279,43,SS19,doll dress,0.0,0.03087478058876721
5310,2,SS19,short sleeves,0.0,0.017152653659086848
5310,65,SS19,short sleeves,0.0188679245283018,0.01372212192725688
5310,66,SS19,short sleeves,0.0,0.012006856063598487
5242,117,SS19,printed shirt,0.0,0.015437387787348092
5242,5,SS19,printed shirt,0.0,0.03430531232084292
5297,8,SS19,long dress,0.0,0.0394511099300382
5242,3,SS19,printed shirt,0.0,0.029159514736296303
5242,14,SS19,printed shirt,0.0,0.017152653665998788
5305,41,SS19,long dress,0.0,0.0009724651464999471
5297,100,SS19,long dress,0.0188679245283018,0.04631217882920841
5310,14,SS19,short sleeves,0.0,0.020583185395534036
5304,35,SS19,long dress,0.0,0.02572898299326471
5310,43,SS19,short sleeves,0.0,0.013497775768640318
5310,73,SS19,short sleeves,0.0,0.015437387794189635
5310,3,SS19,short sleeves,0.0188679245283018,0.013722121932344731
5303,66,SS19,long dress,0.0,6.242872454543941e-26
5304,46,SS19,long dress,0.0,0.017152653662362537
5304,18,SS19,long dress,0.0,0.018867919525913903
5242,48,SS19,printed shirt,0.0,0.03259004650134103
5310,33,SS19,short sleeves,0.0,0.01886791952701525
5242,66,SS19,printed shirt,0.0,1.8605210583275875e-33
5303,39,SS19,long dress,0.0,0.010291594567185742
5242,65,SS19,printed shirt,0.0,0.036020578206650056
5295,3,SS19,jumpsuit,0.0,0.03087478062463136
4204,35,SS19,culottes,0.0,0.015437387793474203
5295,73,SS19,jumpsuit,0.0,0.020583185377287913
5295,43,SS19,jumpsuit,0.0,0.022298451269599832
5307,77,SS19,jumpsuit,0.0,0.015180939749731358
5225,82,SS19,capris,0.0,0.030874780588072567
5307,20,SS19,jumpsuit,0.0,0.00014132127948509655
5307,85,SS19,jumpsuit,0.0,0.010291590197126499
5225,50,SS19,capris,0.0377358490566037,0.015437387794825532
5307,36,SS19,jumpsuit,0.0,1.3861962303902997e-41
5225,117,SS19,capris,0.0,0.015437387801909633
5236,110,SS19,gitana skirt,0.0,0.02058318539427458
5315,0,SS19,solid color top,0.0,0.049109775140402476
5225,110,SS19,capris,0.0188679245283018,0.025728982992999878
5225,65,SS19,capris,0.0,0.04288164164275601
5307,26,SS19,jumpsuit,0.0188679245283018,0.01372212192972097
5270,100,SS19,long dress,0.0,0.005939314571565164
5237,80,SS19,gitana skirt,0.0,0.022298451268486195
5315,18,SS19,solid color top,0.0188679245283018,0.0188679195469932
5307,18,SS19,jumpsuit,0.0,0.01715265366063222
5307,8,SS19,jumpsuit,0.0,0.0188679195336595
5270,63,SS19,long dress,0.0,0.020583185392068656
5307,57,SS19,jumpsuit,0.0,0.013722121928206968
5270,59,SS19,long dress,0.0,0.02915951473125062
5270,4,SS19,long dress,0.0,0.022298451264811097
5297,2,SS19,long dress,0.0188679245283018,0.02572898298167494
5315,42,SS19,solid color top,0.0188679245283018,0.012006856062046222
5315,20,SS19,solid color top,0.0,0.020583185395055215
5315,75,SS19,solid color top,0.0,0.024013717125733337
5315,19,SS19,solid color top,0.0,0.04116637580873593
5297,10,SS19,long dress,0.0,0.04631217338406856
5225,54,SS19,capris,0.0,0.01715265366140525
5315,69,SS19,solid color top,0.0188679245283018,0.02401371713081746
5297,7,SS19,long dress,0.0188679245283018,0.042881641660736686
5225,107,SS19,capris,0.0,0.012006856061729807
5240,10,SS19,long sleeve,0.0,0.017152653656301576
5272,69,SS19,shorts,0.0,0.030874780572423554
5130,43,SS19,culottes,0.0,0.0007819104009759864
5272,90,SS19,shorts,0.0,0.012006859612096523
5159,35,SS19,culottes,0.0377358490566037,0.017152653662120775
5286,12,SS19,shorts,0.0,0.01715265366227055
5275,29,SS19,gitana skirt,0.0,0.012006856063657426
5275,41,SS19,gitana skirt,0.0,0.0171526536628629
5159,69,SS19,culottes,0.0,0.013722121930818456
5286,10,SS19,shorts,0.0,0.0005096489736135274
5159,45,SS19,culottes,0.0188679245283018,0.012006856060600401
5286,31,SS19,shorts,0.0,0.02229845126535969
5286,14,SS19,shorts,0.0,0.013722124956096619
5286,43,SS19,shorts,0.0,0.008345633103576023
5240,2,SS19,long sleeve,0.0188679245283018,0.013722121934960259
5159,56,SS19,culottes,0.0,0.015437391334911486
5159,66,SS19,culottes,0.0566037735849056,0.012006856064400644
5307,30,SS19,jumpsuit,0.0,0.01715265366379158
5307,2,SS19,jumpsuit,0.0,0.006921208066513501
5307,10,SS19,jumpsuit,0.0377358490566037,0.00396968456656216
5307,49,SS19,jumpsuit,0.0,0.010291590197302842
5307,15,SS19,jumpsuit,0.0,1.860521016741703e-33
5307,14,SS19,jumpsuit,0.0,0.009100798828093535
5307,43,SS19,jumpsuit,0.0,0.007023724059183235
5307,80,SS19,jumpsuit,0.0,0.003150686498206433
5307,3,SS19,jumpsuit,0.0,0.0257289829934824
5240,67,SS19,long sleeve,0.0,0.015437387798304907
5225,26,SS19,capris,0.0,0.0010952457093013808
5240,56,SS19,long sleeve,0.0188679245283018,0.00857632433109295
5286,39,SS19,shorts,0.0,0.017152653663666882
5305,82,SS19,long dress,0.0188679245283018,0.008761241557904625
5297,15,SS19,long dress,0.0,0.049742705108117666
5306,26,SS19,solid color top,0.0377358490566037,0.012006856063203092
5305,18,SS19,long dress,0.0,2.811539847895771e-10
5305,59,SS19,long dress,0.0,5.6978898197824394e-05
5279,4,SS19,doll dress,0.0,0.025728982992640814
5270,72,SS19,long dress,0.0,0.0171526536575187
5270,82,SS19,long dress,0.0,0.022298451259753268
5136,4,SS19,jumpsuit,0.0,0.010291592971630624
5295,30,SS19,jumpsuit,0.0188679245283018,5.544784715001897e-41
5295,2,SS19,jumpsuit,0.0377358490566037,0.021672302445635144
5305,63,SS19,long dress,0.0,0.006135530311154037
5279,40,SS19,doll dress,0.0,0.030874780599671532
5297,16,SS19,long dress,0.0,0.04288164164865524
5279,74,SS19,doll dress,0.0,0.015437387796781697
5297,13,SS19,long dress,0.0,0.03773584407069463
5235,29,SS19,gitana skirt,0.0,0.03631825427250101
5242,68,SS19,printed shirt,0.0,0.024013717132111832
5242,22,SS19,printed shirt,0.0,9.302605291637914e-34
5242,93,SS19,printed shirt,0.0,0.022298451263051966
5242,50,SS19,printed shirt,0.0377358490566037,0.027444248862393546
5280,46,SS19,solid color top,0.0,0.0030103464277483984
5305,104,SS19,long dress,0.0,0.020583185384608623
5295,49,SS19,jumpsuit,0.0188679245283018,0.020583185392038957
5279,107,SS19,doll dress,0.0,0.02915951471986501
5295,66,SS19,jumpsuit,0.0188679245283018,0.015437387799017103
5235,30,SS19,gitana skirt,0.0377358490566037,0.04116637580170039
5295,75,SS19,jumpsuit,0.0,0.03602058371129042
5280,26,SS19,solid color top,0.0,4.4923360443346086e-05
5295,14,SS19,jumpsuit,0.0,0.02744425270976828
5185,24,SS19,culottes,0.0,0.017152653663452488
5242,24,SS19,printed shirt,0.0,0.02229845125769382
5209,42,SS19,patterned top,0.0,0.01372212192550669
5209,101,SS19,patterned top,0.0,0.018867919537513284
5185,83,SS19,culottes,0.0188679245283018,0.013722121929715165
5297,65,SS19,long dress,0.0,0.025728982991646297
5321,100,SS19,solid color top,0.0,0.013722121932888564
5321,18,SS19,solid color top,0.0,0.010291590196262471
5270,18,SS19,long dress,0.0,0.03602057818719292
5305,72,SS19,long dress,0.0,0.022298451275649927
5321,93,SS19,solid color top,0.0,0.017152653660943176
5321,66,SS19,solid color top,0.0,0.013722121928965134
5288,107,SS19,solid color top,0.0188679245283018,0.012006856063580693
5305,67,SS19,long dress,0.0,0.04116637580477881
5189,24,SS19,culottes,0.0,0.012006856064770022
5288,50,SS19,solid color top,0.0,0.02401371712475769
5288,5,SS19,solid color top,0.0,0.011926471051309376
5288,86,SS19,solid color top,0.0,0.02401371712192105
5242,100,SS19,printed shirt,0.0,0.01886791952729657
5288,75,SS19,solid color top,0.0,0.022298454886168537
5242,63,SS19,printed shirt,0.0,0.030874780588910983
5242,8,SS19,printed shirt,0.0,0.02401371711964774
5242,0,SS19,printed shirt,0.0,0.029159514725778064
5242,26,SS19,printed shirt,0.0,9.360530109904306e-05
5242,53,SS19,printed shirt,0.0,0.013722121931598186
5242,67,SS19,printed shirt,0.0,0.015437387790022622
5242,101,SS19,printed shirt,0.0,4.189520910070806e-18
5185,104,SS19,culottes,0.0,0.01200685606326297
5297,66,SS19,long dress,0.0188679245283018,0.03430531233019054
5185,59,SS19,culottes,0.0,0.010291590197347357
5297,19,SS19,long dress,0.0,0.034305312313339525
5270,53,SS19,long dress,0.0188679245283018,0.01715265366314429
5236,12,SS19,gitana skirt,0.0,0.012006856064576675
5097,48,SS19,doll dress,0.0,0.00012009389387293214
5295,39,SS19,jumpsuit,0.0,0.015437387800327199
5322,99,SS19,long dress,0.0,0.0034934494978449957
5285,10,SS19,solid color top,0.0188679245283018,0.037677840311276724
5286,5,SS19,shorts,0.0,4.189520785213356e-18
5147,2,SS19,capris,0.0,0.024013717154737615
5305,94,SS19,long dress,0.0,0.021408793951046712
5111,46,SS19,short sleeves,0.0188679245283018,0.008576324329738639
5147,10,SS19,capris,0.0,0.018867919529389838
5316,100,SS19,culottes,0.0,0.013647884123197488
5147,65,SS19,capris,0.0,0.03602057818720357
5294,81,SS19,shorts,0.0,0.018867919531154385
5147,60,SS19,capris,0.0,0.012006859402581713
5208,95,SS19,patterned top,0.0377358490566037,0.010291590200232471
5287,75,SS19,shorts,0.0,0.01715265366094387
5226,67,SS19,culottes,0.0377358490566037,0.012006856057735453
5316,8,SS19,culottes,0.0,0.034305312330656465
5300,20,SS19,culottes,0.0,3.721042019621449e-33
5294,26,SS19,shorts,0.0,2.3549522868420226e-11
5300,47,SS19,culottes,0.0,0.005856370552161754
5300,68,SS19,culottes,0.0,0.018867919525238346
5294,46,SS19,shorts,0.0,0.01886791951879101
5327,18,SS19,patterned top,0.0,0.018867922448922204
5300,77,SS19,culottes,0.0188679245283018,0.013722121927440097
5327,74,SS19,patterned top,0.0,0.01200685606323423
5300,42,SS19,culottes,0.0188679245283018,0.022298451231692853
5300,51,SS19,culottes,0.0188679245283018,0.01886791952627006
5316,41,SS19,culottes,0.0,0.025728982991734164
5305,31,SS19,long dress,0.0,0.022298451261052007
5252,22,SS19,culottes,0.0377358490566037,0.013722121929241134
5300,95,SS19,culottes,0.0,0.027444248847077954
5252,68,SS19,culottes,0.0,0.013722121930022401
5294,74,SS19,shorts,0.0,0.010291590197244366
5300,18,SS19,culottes,0.0,0.034305312319008505
5300,46,SS19,culottes,0.0,0.04288164167961923
5300,26,SS19,culottes,0.0,0.002547494504615513
5300,36,SS19,culottes,0.0,0.02915951472763114
5300,74,SS19,culottes,0.0,0.024013717123582832
5226,90,SS19,culottes,0.0188679245283018,0.01886791952456508
5300,32,SS19,culottes,0.0,0.0173597592077703
5252,46,SS19,culottes,0.0,0.012006856062912684
5294,69,SS19,shorts,0.0566037735849056,0.02744424886221378
5287,50,SS19,shorts,0.0,0.029159514738274803
5305,30,SS19,long dress,0.0,0.0001119032395824379
5305,2,SS19,long dress,0.0,0.0291595147299572
5260,15,SS19,culottes,0.0,0.015437387794005508
5305,10,SS19,long dress,0.0,0.032590050964270166
5260,94,SS19,culottes,0.0377358490566037,0.012006856064496889
5287,43,SS19,shorts,0.0,0.015437387795858222
5252,83,SS19,culottes,0.0188679245283018,0.003211598694980475
5327,67,SS19,patterned top,0.0,0.012006856063304344
5300,76,SS19,culottes,0.0,0.018867919521115474
5294,18,SS19,shorts,0.0,0.0024543145609008774
5328,101,SS19,patterned top,0.0,0.012006856064498053
5328,1,SS19,patterned top,0.0,0.0030184486132465555
5328,68,SS19,patterned top,0.0,0.01372212697517966
5258,73,SS19,culottes,0.0,0.012006856061803869
5328,3,SS19,patterned top,0.0,0.03430531231440822
5328,80,SS19,patterned top,0.0,0.0004546901207815706
5328,43,SS19,patterned top,0.0,0.01715265365903036
5300,5,SS19,culottes,0.0,0.020583190262714532
5258,110,SS19,culottes,0.0188679245283018,2.941123136395603e-16
5258,94,SS19,culottes,0.0,0.01715265366551708
5226,82,SS19,culottes,0.0,0.02401371713371053
5316,46,SS19,culottes,0.0,0.05317323686942994
5316,26,SS19,culottes,0.0,0.05660376858999946
5300,6,SS19,culottes,0.0,0.024013717128242542
5300,110,SS19,culottes,0.0188679245283018,0.010291590195579015
5258,83,SS19,culottes,0.0,0.01200685606325113
5300,9,SS19,culottes,0.0,0.0007026137247854688
5300,39,SS19,culottes,0.0,0.036020578187849504
5294,100,SS19,shorts,0.0,0.0007067707818357937
5226,68,SS19,culottes,0.0,0.020583185382579437
5300,3,SS19,culottes,0.0,0.006898388009031624
5316,18,SS19,culottes,0.0,5.438613259164334e-05
5328,69,SS19,patterned top,0.0,0.01886792441763716
5258,31,SS19,culottes,0.0188679245283018,0.012006856060978387
5260,101,SS19,culottes,0.0188679245283018,0.028162474161965163
5327,51,SS19,patterned top,0.0,0.010291590196778548
5327,22,SS19,patterned top,0.0,0.013722121926959256
5327,13,SS19,patterned top,0.0,0.015437387795501932
5300,22,SS19,culottes,0.0,0.029159514728143956
5327,80,SS19,patterned top,0.0,2.811539847895772e-10
5313,66,SS19,shorts,0.0188679245283018,0.00646909101263326
5300,33,SS19,culottes,0.0,0.013722121930717108
5300,50,SS19,culottes,0.0188679245283018,0.008928585030529948
5260,36,SS19,culottes,0.0188679245283018,0.018867919529374912
5226,107,SS19,culottes,0.0188679245283018,0.0002319297112621412
5258,54,SS19,culottes,0.0,0.012006856064826512
5208,4,SS19,patterned top,0.0,0.015437387793199694
5300,16,SS19,culottes,0.0,0.022298451257697527
5327,19,SS19,patterned top,0.0,0.0059658097753278036
5258,10,SS19,culottes,0.0,0.0037313219066347158
5328,104,SS19,patterned top,0.0188679245283018,0.010291590197957974
5328,21,SS19,patterned top,0.0,0.0036080704977123116
5328,4,SS19,patterned top,0.0,0.017152653661098048
5300,28,SS19,culottes,0.0188679245283018,0.02229845126719333
5328,26,SS19,patterned top,0.0,0.013722121931492028
5252,3,SS19,culottes,0.0188679245283018,0.01200685605376009
5311,30,SS19,jumpsuit,0.0,0.036020578192314454
5301,59,SS19,short sleeves,0.0188679245283018,0.008576324330089953
5301,51,SS19,short sleeves,0.0,0.017152653658019056
5311,27,SS19,jumpsuit,0.0,0.03234869161980892
5300,44,SS19,culottes,0.0,0.012006856063293679
5300,64,SS19,culottes,0.0,0.022298451259427036
5311,47,SS19,jumpsuit,0.0,0.03430531231872861
5318,5,SS19,jumpsuit,0.0,0.02401372242910699
5318,99,SS19,jumpsuit,0.0,0.02915951815057823
5300,23,SS19,culottes,0.0377358490566037,0.02229845126003586
5318,16,SS19,jumpsuit,0.0,0.025728982986667398
5115,4,SS19,culottes,0.0,0.010291590197286203
5300,25,SS19,culottes,0.0188679245283018,0.025728983004511343
5318,117,SS19,jumpsuit,0.0188679245283018,0.020583185394902524
5318,76,SS19,jumpsuit,0.0188679245283018,0.015437387794250742
5318,68,SS19,jumpsuit,0.0,0.03087478059767139
5294,65,SS19,shorts,0.0,0.02401371713637276
5318,47,SS19,jumpsuit,0.0,0.041166375802605605
5259,12,SS19,patterned top,0.0,0.034305312316829005
5294,66,SS19,shorts,0.0,9.302605153018298e-34
5311,22,SS19,jumpsuit,0.0377358490566037,0.06174956621677355
5259,5,SS19,patterned top,0.0188679245283018,0.017152653661585412
5318,50,SS19,jumpsuit,0.0,0.012006860373320681
5318,80,SS19,jumpsuit,0.0,5.623079695791561e-10
5318,43,SS19,jumpsuit,0.0,0.044596907505873515
5318,86,SS19,jumpsuit,0.0,0.02915951472620511
5294,12,SS19,shorts,0.0,0.03773584404424945
5311,4,SS19,jumpsuit,0.0,0.056603773584905585
5311,8,SS19,jumpsuit,0.0188679245283018,0.017152653660033542
5311,36,SS19,jumpsuit,0.0,0.04116637579345677
5311,59,SS19,jumpsuit,0.0377358490566037,0.022298451254394842
4173,48,SS19,short sleeves,0.0188679245283018,0.008227416993782969
5311,21,SS19,jumpsuit,0.0,0.024013717136798885
5300,4,SS19,culottes,0.0,0.01886791952815163
5311,44,SS19,jumpsuit,0.0,0.01200685606313648
5311,57,SS19,jumpsuit,0.0,0.015437387801579907
5311,53,SS19,jumpsuit,0.0,0.027444248856841096
5318,54,SS19,jumpsuit,0.0,0.0205831853861095
5318,31,SS19,jumpsuit,0.0188679245283018,0.030874780586494455
5318,65,SS19,jumpsuit,0.0,0.02058318538996448
5311,32,SS19,jumpsuit,0.0188679245283018,0.050298898515676746
5318,84,SS19,jumpsuit,0.0,0.013722121930222599
5318,19,SS19,jumpsuit,0.0,0.0188679195241783
5300,59,SS19,culottes,0.0,0.017152653665531203
4226,68,SS19,short sleeves,0.0,0.012006856062079635
5311,107,SS19,jumpsuit,0.0566037735849056,0.022298451258258155
5311,82,SS19,jumpsuit,0.0,0.032590046454304245
5318,85,SS19,jumpsuit,0.0,0.025728982992488283
5258,23,SS19,culottes,0.0,0.013722121923112557
5318,81,SS19,jumpsuit,0.0,0.02744425391237861
5132,26,SS19,maxi,0.0,0.01543739291455331
5299,93,SS19,short sleeves,0.0,0.013722121927919799
5299,40,SS19,short sleeves,0.0,0.012006856063348312
5287,83,SS19,shorts,0.0,0.022298451261926356
5299,69,SS19,short sleeves,0.0,0.01200685606155848
5294,13,SS19,shorts,0.0,0.0005023010425434331
5311,43,SS19,jumpsuit,0.0566037735849056,0.03602057819450999
5311,86,SS19,jumpsuit,0.0,0.05256132082103931
5311,14,SS19,jumpsuit,0.0,0.027444255727510573
5299,14,SS19,short sleeves,0.0,0.015437387791378442
5311,75,SS19,jumpsuit,0.0188679245283018,0.02744424885409225
5226,8,SS19,culottes,0.0,0.027444248857346712
5311,84,SS19,jumpsuit,0.0,0.013722121928591952
5226,18,SS19,culottes,0.0,0.015437387793567897
5301,10,SS19,short sleeves,0.0,0.013722127546179961
5311,65,SS19,jumpsuit,0.0,0.025728982982508558
5193,8,SS19,long dress,0.0,0.0030462043129221216
5301,14,SS19,short sleeves,0.0188679245283018,0.0120068560613826
5311,31,SS19,jumpsuit,0.0754716981132075,0.04802743924888471
5311,19,SS19,jumpsuit,0.0,0.058958392027376946
5245,77,SS19,culottes,0.0,0.025728982988337368
5259,82,SS19,patterned top,0.0188679245283018,0.013722121934990034
5132,50,SS19,maxi,0.0,0.017152653665305603
5318,0,SS19,jumpsuit,0.0,0.02058318540001659
5318,4,SS19,jumpsuit,0.0188679245283018,0.02572898299407521
5311,93,SS19,jumpsuit,0.0566037735849056,0.060956636701172795
5318,8,SS19,jumpsuit,0.0,0.02572898298562438
5318,100,SS19,jumpsuit,0.0188679245283018,0.017152653649945216
5318,21,SS19,jumpsuit,0.0188679245283018,0.027444083496537847
5294,43,SS19,shorts,0.0,9.661862934190302e-06
5311,13,SS19,jumpsuit,0.0188679245283018,0.036393028441858016
5144,102,SS19,maxi,0.0,0.01886791952395654
5294,5,SS19,shorts,0.0,0.015437387799191075
5318,57,SS19,jumpsuit,0.0,0.01372212192954658
5311,28,SS19,jumpsuit,0.0,0.02915951472416014
5318,29,SS19,jumpsuit,0.0,0.03259004645098745
5311,99,SS19,jumpsuit,0.0188679245283018,0.04459691502443288
5318,41,SS19,jumpsuit,0.0,0.02572898868567458
5311,3,SS19,jumpsuit,0.0,0.08243480218094021
5259,51,SS19,patterned top,0.0,0.015437387795706256
5311,6,SS19,jumpsuit,0.0,0.04014442270199108
5259,20,SS19,patterned top,0.0,0.020583185393633813
5287,45,SS19,shorts,0.0,0.020583185393668244
5318,46,SS19,jumpsuit,0.0,0.04631217339749149
5226,51,SS19,culottes,0.0566037735849056,0.022298454506433956
5328,90,SS19,patterned top,0.0,0.018867919522501785
5311,18,SS19,jumpsuit,0.0,1.6758083577854567e-17
5146,19,SS19,culottes,0.0,0.024013717123920544
5146,75,SS19,culottes,0.0377358490566037,0.02229845126346026
5283,35,SS19,shorts,0.0,0.0154373878217657
5198,27,SS19,culottes,0.0188679245283018,0.017152653665405887
5198,42,SS19,culottes,0.0,0.015437387793105694
5272,3,SS19,shorts,0.0,2.7907815181815754e-33
5313,36,SS19,shorts,0.0,0.025728982992282788
5272,5,SS19,shorts,0.0,4.189520847642081e-18
5300,31,SS19,culottes,0.0,0.03773584405018913
5316,51,SS19,culottes,0.0,0.04459690752721736
5322,38,SS19,long dress,0.0377358490566037,0.0291595147393933
5198,43,SS19,culottes,0.0,0.02915951472104786
5313,100,SS19,shorts,0.0,6.174150381586406e-05
5322,25,SS19,long dress,0.0,0.027444248860630734
5283,69,SS19,shorts,0.0188679245283018,0.020583185375003015
5300,15,SS19,culottes,0.0,0.036020578171431006
5322,77,SS19,long dress,0.0,0.024169079476534523
5313,69,SS19,shorts,0.0,0.02058318928024416
5292,15,SS19,drop sleeve,0.0,0.032590046467780964
5292,7,SS19,drop sleeve,0.0,0.022298451261318703
5322,26,SS19,long dress,0.0,0.03602057818235457
5322,81,SS19,long dress,0.0,0.04459690752536198
5245,62,SS19,culottes,0.0188679245283018,0.037735847506664456
5245,10,SS19,culottes,0.0188679245283018,0.02744424885189468
5245,60,SS19,culottes,0.0754716981132075,0.013722121921083826
5322,32,SS19,long dress,0.0188679245283018,0.053173240179524454
5272,14,SS19,shorts,0.0,0.0028572170580707244
5245,79,SS19,culottes,0.0943396226415094,0.015437387794094364
5243,67,SS19,shorts,0.0,6.242872640596042e-26
5300,65,SS19,culottes,0.0,0.013722125257966407
5198,72,SS19,culottes,0.0188679245283018,0.013722121925347764
5322,76,SS19,long dress,0.0,0.051457970973532524
5313,40,SS19,shorts,0.0,0.012310982866165863
5322,74,SS19,long dress,0.0,0.03773584405503148
5322,59,SS19,long dress,0.0,0.03773584409562422
5216,46,SS19,doll dress,0.0,0.013722121927125306
5300,7,SS19,culottes,0.0,0.024013717085686018
5322,101,SS19,long dress,0.0,0.02744424885264854
5323,56,SS19,drop sleeve,0.0,0.01886791952723084
5220,84,SS19,culottes,0.0,0.020583185386043375
5300,30,SS19,culottes,0.0,0.03602058250180036
5300,54,SS19,culottes,0.0,0.04802743927388174
5300,2,SS19,culottes,0.0,0.03430531231844708
5322,21,SS19,long dress,0.0,0.03602057821627656
5220,49,SS19,culottes,0.0188679245283018,0.005441021574660793
5220,43,SS19,culottes,0.0,0.027444248855313148
5220,35,SS19,culottes,0.0,0.010291590196933459
5322,63,SS19,long dress,0.0,0.039451113700197146
5220,5,SS19,culottes,0.0,0.03259004646550881
5220,99,SS19,culottes,0.0,0.020583185402212305
5322,8,SS19,long dress,0.0,0.04459690746774194
5220,20,SS19,culottes,0.0377358490566037,0.012006858054927029
5220,46,SS19,culottes,0.0188679245283018,0.024013717138728772
5220,90,SS19,culottes,0.0,0.017152653663699096
5146,52,SS19,culottes,0.0,0.01715265731799625
5322,102,SS19,long dress,0.0,0.025728982997686802
5300,10,SS19,culottes,0.0,0.030874780602184407
5283,75,SS19,shorts,0.0566037735849056,0.012006856065104746
5322,61,SS19,long dress,0.0,0.030874780589729985
5323,7,SS19,drop sleeve,0.0188679245283018,0.010291590197724661
5323,15,SS19,drop sleeve,0.0,0.012006856063377905
5198,49,SS19,culottes,0.0,0.017152653667529806
5305,66,SS19,long dress,0.0,0.018867923077198662
5323,80,SS19,drop sleeve,0.0,0.0222984512622076
5322,82,SS19,long dress,0.0,1.2568562667783738e-17
5283,15,SS19,shorts,0.0,0.01715265365945915
5322,83,SS19,long dress,0.0,0.018775477776939976
5146,27,SS19,culottes,0.0,0.013722121928192403
5146,77,SS19,culottes,0.0,0.02572898848369162
5322,72,SS19,long dress,0.0,0.042881641648987605
5322,67,SS19,long dress,0.0,0.04631217339527567
5292,94,SS19,drop sleeve,0.0,0.0188679195211076
5125,68,SS19,culottes,0.0,0.024013717108726334
5322,45,SS19,long dress,0.0,0.04459690751359926
5221,107,SS19,sleeveless,0.0,0.015437387796269943
5320,49,SS19,long sleeve,0.0566037735849056,0.012006856066143226
5320,10,SS19,long sleeve,0.0,0.01886791954547646
5221,27,SS19,sleeveless,0.0377358490566037,0.012006856062619774
5292,10,SS19,drop sleeve,0.0,0.01531541132235491
5322,13,SS19,long dress,0.0,0.04116637571046155
5292,29,SS19,drop sleeve,0.0,0.0075765246727324586
5272,12,SS19,shorts,0.0,0.025728983004062775
5252,48,SS19,culottes,0.0377358490566037,0.0002863199817646864
5245,117,SS19,culottes,0.0,0.018867919528539855
5125,102,SS19,culottes,0.0,0.017152653658175962
5292,100,SS19,drop sleeve,0.0,0.017152653660348887
5300,43,SS19,culottes,0.0,0.004691890313622445
5328,12,SS19,patterned top,0.0,0.017769245920642086
5292,8,SS19,drop sleeve,0.0,0.02915951472168527
5300,14,SS19,culottes,0.0,0.01304404383467713
5300,19,SS19,culottes,0.0,0.0042199490207496925
5252,94,SS19,culottes,0.0,0.017152653661995077
5245,50,SS19,culottes,0.0188679245283018,0.013722126507422322
5263,94,SS19,culottes,0.0188679245283018,0.013722121933166341
5245,76,SS19,culottes,0.0,0.027444248868429912
5226,99,SS19,culottes,0.0,2.2730346221438996e-15
4227,65,SS19,short sleeves,0.0188679245283018,0.015437387789942168
5316,69,SS19,culottes,0.0188679245283018,0.03945110992274337
5316,35,SS19,culottes,0.0,0.054888502702409095
5320,66,SS19,long sleeve,0.0,0.02058318539524847
5226,48,SS19,culottes,0.0,0.02744424887082679
5226,31,SS19,culottes,0.0,0.009289999666402596
5263,69,SS19,culottes,0.0188679245283018,0.013722121934492775
5300,48,SS19,culottes,0.0188679245283018,0.020583185407027558
5300,66,SS19,culottes,0.0,0.03087478059406772
5316,81,SS19,culottes,0.0,0.01968771711156963
5320,33,SS19,long sleeve,0.0,0.022298451263515946
5322,16,SS19,long dress,0.0,0.00273888453827164
5328,15,SS19,patterned top,0.0,1.2666986371861905e-06
5226,7,SS19,culottes,0.0,6.242872640596042e-26
5292,26,SS19,drop sleeve,0.0,0.04234896903674419
5328,14,SS19,patterned top,0.0,0.00646196432871943
5322,93,SS19,long dress,0.0,0.032589315239311384
5245,51,SS19,culottes,0.0377358490566037,0.013722121931021517
5292,73,SS19,drop sleeve,0.0,0.020583185394403136
5292,80,SS19,drop sleeve,0.0,0.03602057818902181
5292,30,SS19,drop sleeve,0.0,0.04802743922613428
5292,56,SS19,drop sleeve,0.0,0.029159514729971546
5294,29,SS19,shorts,0.0,0.027444248859913683
5292,62,SS19,drop sleeve,0.0,0.015437387795936114
5292,39,SS19,drop sleeve,0.0188679245283018,0.02673966229362339
5313,22,SS19,shorts,0.0188679245283018,0.010291593974468842
5292,14,SS19,drop sleeve,0.0377358490566037,0.02401371711740396
5322,90,SS19,long dress,0.0,6.242872826648142e-26
5292,75,SS19,drop sleeve,0.0188679245283018,0.030874780595722066
5322,22,SS19,long dress,0.0,0.041166375796812586
5292,13,SS19,drop sleeve,0.0188679245283018,0.037735844066281714
5305,19,SS19,long dress,0.0,0.039451109879169714
5272,19,SS19,shorts,0.0,0.01886791953690533
5292,36,SS19,drop sleeve,0.0,2.81153988979098e-10
5198,23,SS19,culottes,0.0,0.012006859977256574
5245,43,SS19,culottes,0.0188679245283018,0.03945110992726461
5298,104,SS19,long cardigan,0.0,0.03259004644981104
5292,69,SS19,drop sleeve,0.0,0.04288164166590143
5272,75,SS19,shorts,0.0,0.020583192859957057
5292,74,SS19,drop sleeve,0.0,0.00017545241834429458
5216,102,SS19,doll dress,0.0,0.01029159019548484
5292,53,SS19,drop sleeve,0.0,0.010811426602071197
5292,51,SS19,drop sleeve,0.0,0.022298451259858545
5216,21,SS19,doll dress,0.0,0.01372212506898688
5292,33,SS19,drop sleeve,0.0188679245283018,0.012006856062556569
5272,31,SS19,shorts,0.0,0.020583185410986783
5226,117,SS19,culottes,0.0377358490566037,0.01715265366109996
5189,3,SS19,culottes,0.0377358490566037,0.01715265366208257
5322,18,SS19,long dress,0.0,0.0075617812470740245
5317,25,SS19,short sleeves,0.0,0.02229845125748685
5330,18,SS19,short sleeves,0.0,0.013722121931970465
5279,75,SS19,doll dress,0.0,0.03430531232437386
5300,63,SS19,culottes,0.0,0.00012009389387293214
5305,61,SS19,long dress,0.0,0.018867919526188135
5310,46,SS19,short sleeves,0.0,5.91201201170016e-14
5303,109,SS19,long dress,0.0,1.386196189078435e-41
5326,12,SS19,shorts,0.0,0.021267511247765984
5300,104,SS19,culottes,0.0,0.020583185391330795
5317,64,SS19,short sleeves,0.0,0.01543738779505032
5326,50,SS19,shorts,0.0,0.015437387793232114
5182,3,SS19,long sleeve,0.0,0.017152653661055766
5319,30,SS19,sleeveless,0.0188679245283018,0.008576324330645193
5319,109,SS19,sleeveless,0.0188679245283018,0.012006856064826512
5322,4,SS19,long dress,0.0,9.302605568877148e-34
5294,15,SS19,shorts,0.0,0.015437387793734677
5294,31,SS19,shorts,0.0,0.018867919522488265
5330,95,SS19,short sleeves,0.0,0.010291590197182829
5294,75,SS19,shorts,0.0,0.017152653661568866
5330,21,SS19,short sleeves,0.0,0.013722125069769366
5305,32,SS19,long dress,0.0,0.00028380465921789205
5294,36,SS19,shorts,0.0188679245283018,0.01543738779999816
5207,61,SS19,doll dress,0.0188679245283018,0.018867919530251052
5272,43,SS19,shorts,0.0,0.01715265365948824
4217,28,SS19,culottes,0.0,0.02058318539799364
4166,64,SS19,sheath dress,0.0,0.01200685606321492
5270,20,SS19,long dress,0.0,0.022298451252048206
5246,75,SS19,long sleeve,0.0,0.03087478058655981
5185,60,SS19,culottes,0.0,0.012006856069878759
5279,50,SS19,doll dress,0.0,0.017152653661385065
5279,33,SS19,doll dress,0.0188679245283018,0.029159517677553797
5279,1,SS19,doll dress,0.0,0.0020401867392896896
5294,63,SS19,shorts,0.0,0.013722124836502026
5279,5,SS19,doll dress,0.0,0.0257289830232623
5272,50,SS19,shorts,0.0,0.029159514725899366
5294,0,SS19,shorts,0.0,0.017152657427222582
5305,26,SS19,long dress,0.0,0.01702386025132245
5270,32,SS19,long dress,0.0188679245283018,0.025728982991917407
5294,93,SS19,shorts,0.0,0.0017031427570819982
5310,52,SS19,short sleeves,0.0,0.013722121928807481
5210,10,SS19,long dress,0.0188679245283018,0.012006856061859987
5305,36,SS19,long dress,0.0,0.004528859034509078
5310,53,SS19,short sleeves,0.0,0.010291593593140755
5330,57,SS19,short sleeves,0.0,0.012006856065417076
5279,0,SS19,doll dress,0.0,0.013722121930361751
5235,10,SS19,gitana skirt,0.0,0.020583185391452867
5310,31,SS19,short sleeves,0.0188679245283018,0.015437387800079581
5246,39,SS19,long sleeve,0.0,0.034305312305342235
5279,83,SS19,doll dress,0.0,0.024013717139507455
5294,20,SS19,shorts,0.0,0.024013717124203065
5310,84,SS19,short sleeves,0.0,0.012006856063179574
5279,32,SS19,doll dress,0.0,0.020583185396628328
5305,102,SS19,long dress,0.0,0.015437387798493296
5279,18,SS19,doll dress,0.0,0.03602057821830663
5270,109,SS19,long dress,0.0,0.015437391458178141
5294,45,SS19,shorts,0.0,9.302604875779067e-34
5322,28,SS19,long dress,0.0,0.02401372137387108
5225,66,SS19,capris,0.0377358490566037,0.017152653656955612
5313,16,SS19,shorts,0.0188679245283018,0.01029159019500727
5312,8,SS19,sleeveless,0.0188679245283018,0.015437387800765864
5298,43,SS19,long cardigan,0.0,0.022298451248849258
5298,9,SS19,long cardigan,0.0,0.025728982987755014
5325,28,SS19,sleeveless,0.0,0.01200685606292662
5223,94,SS19,gitana skirt,0.0,0.015437387795959573
5312,85,SS19,sleeveless,0.0,0.017152653663159257
5298,99,SS19,long cardigan,0.0,0.018867919528448022
5298,28,SS19,long cardigan,0.0188679245283018,0.018867919528988534
5298,50,SS19,long cardigan,0.0,0.018867919521730964
5298,93,SS19,long cardigan,0.0,0.01715265365991004
5255,56,SS19,gitana skirt,0.0,0.012006856064322738
5255,52,SS19,gitana skirt,0.0,0.010291590197184316
5313,5,SS19,shorts,0.0188679245283018,0.02058318539566826
5255,38,SS19,gitana skirt,0.0377358490566037,0.012006856063812816
5255,32,SS19,gitana skirt,0.0,0.012006860951451963
5313,77,SS19,shorts,0.0,0.015437391075219872
5313,68,SS19,shorts,0.0,0.015437391922718296
5313,53,SS19,shorts,0.0,0.015437387759715687
5313,74,SS19,shorts,0.0,0.015437387795623677
5255,104,SS19,gitana skirt,0.0188679245283018,0.013722121924308195
5305,28,SS19,long dress,0.0,0.005258561521485279
5305,99,SS19,long dress,0.0,1.3861962097343671e-41
5325,12,SS19,sleeveless,0.0,0.017152653663452488
5313,90,SS19,shorts,0.0,0.0052774958355088055
5305,5,SS19,long dress,0.0,0.03087478573069136
5329,83,SS19,sleeveless,0.0,0.02058318539392643
5313,95,SS19,shorts,0.0,0.01715265366064196
5255,101,SS19,gitana skirt,0.0,0.018304478058502188
5199,52,SS19,long sleeve,0.0188679245283018,0.0001332663147850989
5289,12,SS19,short sleeves,0.0,0.02915951472840794
5300,84,SS19,culottes,0.0,0.0002567386641263641
5302,45,SS19,sleeveless,0.0,0.012006856069149821
5302,22,SS19,sleeveless,0.0,0.015437392243110208
5329,6,SS19,sleeveless,0.0188679245283018,0.017152653660680972
5199,5,SS19,long sleeve,0.0,0.017152653669701215
5329,28,SS19,sleeveless,0.0,0.02058318540413137
5305,24,SS19,long dress,0.0,0.001947329486144938
5325,104,SS19,sleeveless,0.0188679245283018,0.008576324330544696
5305,45,SS19,long dress,0.0,0.02744424886246915
5329,51,SS19,sleeveless,0.0,0.025728983000773295
5289,14,SS19,short sleeves,0.0,0.012006859402581713
5325,4,SS19,sleeveless,0.0,0.01372212193866833
5317,15,SS19,short sleeves,0.0,0.029159514672424412
5317,7,SS19,short sleeves,0.0,0.029159514730766223
5329,109,SS19,sleeveless,0.0188679245283018,0.02058318539056463
5329,82,SS19,sleeveless,0.0,0.01029159019605728
5317,49,SS19,short sleeves,0.0,0.015437387796243719
5122,109,SS19,solid color top,0.0,0.012885355263788043
5317,10,SS19,short sleeves,0.0,0.015437387796236825
5300,60,SS19,culottes,0.0,0.018867919517389038
5298,41,SS19,long cardigan,0.0,0.0073286101733394445
5313,75,SS19,shorts,0.0,0.017152653688544416
5289,47,SS19,short sleeves,0.0188679245283018,0.008576324330843103
5329,73,SS19,sleeveless,0.0,0.01715265366457615
5329,53,SS19,sleeveless,0.0377358490566037,0.013722121929275657
5285,3,SS19,solid color top,0.0,0.020583185405089847
5329,95,SS19,sleeveless,0.0377358490566037,0.025728982990890138
5305,3,SS19,long dress,0.0,0.0157838878298408
5248,66,SS19,long sleeve,0.0,0.0154373877949927
5248,79,SS19,long sleeve,0.0,0.01200685606301965
5322,27,SS19,long dress,0.0,0.01086359191773759
5322,47,SS19,long dress,0.0,0.03259004646411835
5248,110,SS19,long sleeve,0.0,0.015437387797236937
5256,90,SS19,long sleeve,0.0,0.01029159019702238
5322,68,SS19,long dress,0.0,7.906587759481093e-05
5322,51,SS19,long dress,0.0,0.025728982994341097
5322,24,SS19,long dress,0.0,4.158588546579387e-41
5305,79,SS19,long dress,0.0,0.03087478416892605
5248,64,SS19,long sleeve,0.0,0.0038053266589801005
5305,84,SS19,long dress,0.0,0.0205831853892996
5248,0,SS19,long sleeve,0.0,0.012006856063286997
5322,39,SS19,long dress,0.0,0.030874780583032717
5322,6,SS19,long dress,0.0,0.025728982993436927
5248,82,SS19,long sleeve,0.0,0.008227416993782969
5322,56,SS19,long dress,0.0,0.012406296545487111
5322,5,SS19,long dress,0.0,0.017451306318648527
5298,20,SS19,long cardigan,0.0,0.01715265366344483
5329,4,SS19,sleeveless,0.0188679245283018,0.025728982996336053
5178,5,SS19,culottes,0.0,0.012006856064196667
5298,107,SS19,long cardigan,0.0,0.017152653662650508
5298,32,SS19,long cardigan,0.0188679245283018,0.024013717127825185
5298,74,SS19,long cardigan,0.0,0.024013717142970372
5302,56,SS19,sleeveless,0.0,0.012006859819775423
5271,57,SS19,long sleeve,0.0,0.013722121928571881
5285,47,SS19,solid color top,0.0,0.018867919533286266
5271,72,SS19,long sleeve,0.0188679245283018,0.010291593563113663
5323,66,SS19,drop sleeve,0.0,0.013722127745632853
5199,101,SS19,long sleeve,0.0,0.015437387797402561
5323,99,SS19,drop sleeve,0.0,0.01715265366476942
5285,0,SS19,solid color top,0.0754716981132075,0.01886792217273197
5227,27,SS19,sleeveless,0.0,0.013722121933235597
5227,95,SS19,sleeveless,0.0,0.02044303044848928
5329,8,SS19,sleeveless,0.0,0.01715265366032645
5227,29,SS19,sleeveless,0.0,0.012006856064139586
5298,90,SS19,long cardigan,0.0188679245283018,0.027444248843752437
5298,18,SS19,long cardigan,0.0,0.01886791952008449
5228,73,SS19,sleeveless,0.0,0.01372212193041972
5199,32,SS19,long sleeve,0.0188679245283018,0.022298451263637685
5323,45,SS19,drop sleeve,0.0,0.00010847346048411245
5329,44,SS19,sleeveless,0.0,0.015437387793706424
5323,47,SS19,drop sleeve,0.0188679245283018,0.012006856066001716
5293,12,SS19,solid color top,0.0188679245283018,0.012006856055095539
5329,39,SS19,sleeveless,0.0,0.02058318539798003
5305,51,SS19,long dress,0.0,0.003458282043457295
5148,22,SS19,sleeveless,0.0,0.04116637579315595
5309,75,SS19,sleeveless,0.0,0.058319039381399346
5309,60,SS19,sleeveless,0.0,0.05145797459750891
5279,102,SS19,doll dress,0.0,1.9175840456692066e-12
5224,63,SS19,long sleeve,0.0,0.013722121928874087
5309,39,SS19,sleeveless,0.0,0.049742705121583124
5309,9,SS19,sleeveless,0.0,0.018829869845813137
5309,110,SS19,sleeveless,0.0377358490566037,0.05317323679017849
5309,6,SS19,sleeveless,0.0188679245283018,0.030874780592095464
5246,4,SS19,long sleeve,0.0377358490566037,0.020583185396718252
5279,104,SS19,doll dress,0.0188679245283018,0.02915951470338801
5259,75,SS19,patterned top,0.0188679245283018,0.013722125356161855
5309,99,SS19,sleeveless,0.0,0.03945110992335982
5309,16,SS19,sleeveless,0.0,0.04631217336720743
5259,50,SS19,patterned top,0.0188679245283018,0.013722121938232464
5309,50,SS19,sleeveless,0.0188679245283018,0.054888502732748076
5148,46,SS19,sleeveless,0.0,0.020583185394451475
5270,57,SS19,long dress,0.0188679245283018,0.01715265366067621
5270,29,SS19,long dress,0.0,0.036020583009713274
5259,45,SS19,patterned top,0.0,0.015437387793137428
5314,65,SS19,gitana skirt,0.0,0.013722121927244797
5314,86,SS19,gitana skirt,0.0,0.012006859470915269
5314,110,SS19,gitana skirt,0.0,0.010291590198167489
5314,22,SS19,gitana skirt,0.0188679245283018,5.2023854585843874e-06
5314,69,SS19,gitana skirt,0.0,0.010291590197658667
5299,77,SS19,short sleeves,0.0,0.012006856062970197
5309,28,SS19,sleeveless,0.0,0.04974270512166483
5259,15,SS19,patterned top,0.0,0.02572898299152344
5272,47,SS19,shorts,0.0,0.018867919529644478
5330,20,SS19,short sleeves,0.0,0.0008088428968823589
5246,38,SS19,long sleeve,0.0377358490566037,0.017152653658980836
5237,28,SS19,gitana skirt,0.0,0.01029159019698845
5294,54,SS19,shorts,0.0,0.0014271407245369995
5330,50,SS19,short sleeves,0.0188679245283018,0.015437387792095678
5330,75,SS19,short sleeves,0.0,0.024013717148339563
5330,19,SS19,short sleeves,0.0,0.017152653668966667
5330,66,SS19,short sleeves,0.0,0.013722121929921933
5148,48,SS19,sleeveless,0.0,0.020583185383760864
5246,109,SS19,long sleeve,0.0,0.03945110993545252
5272,45,SS19,shorts,0.0,5.872287981099066e-14
5207,84,SS19,doll dress,0.0,0.036020578215957305
5246,72,SS19,long sleeve,0.0566037735849056,1.1778081363591761e-11
5246,85,SS19,long sleeve,0.0,0.0005324290363406194
5246,32,SS19,long sleeve,0.0377358490566037,0.024013717126873994
5237,66,SS19,gitana skirt,0.0,0.0171526536619158
5224,23,SS19,long sleeve,0.0,0.013722121932177648
5272,41,SS19,shorts,0.0,0.00874118527181684
5148,28,SS19,sleeveless,0.0,0.01372212192895347
5246,35,SS19,long sleeve,0.0,0.020583185395601642
4210,32,SS19,culottes,0.0377358490566037,0.02058318539239713
5234,0,SS19,short sleeves,0.0,0.015437387797462605
5148,95,SS19,sleeveless,0.0,2.81153988979098e-10
5300,27,SS19,culottes,0.0188679245283018,0.020583185408061408
5199,54,SS19,long sleeve,0.0,0.017152653661346526
5322,23,SS19,long dress,0.0,0.0012646103796728726
5309,90,SS19,sleeveless,0.1132075471698113,0.029159514747878854
4209,23,SS19,culottes,0.0,0.015437387796366582
5329,30,SS19,sleeveless,0.0,0.018867924809455785
5305,49,SS19,long dress,0.0,0.027303935924700793
5329,2,SS19,sleeveless,0.0,0.020583185416567493
5329,10,SS19,sleeveless,0.0377358490566037,0.02401371712651003
5309,95,SS19,sleeveless,0.0,0.039451109949124354
5305,65,SS19,long dress,0.0188679245283018,5.2968836147582366e-15
5309,4,SS19,sleeveless,0.0,0.0031627174559658174
5110,42,SS19,short sleeves,0.0,0.010291590197182829
5300,61,SS19,culottes,0.0188679245283018,0.020583185394747055
5309,59,SS19,sleeveless,0.0,0.04116637598939312
5170,64,SS19,jumpsuit,0.0,0.010291590212845942
5309,102,SS19,sleeveless,0.0,0.036020578203196284
5309,25,SS19,sleeveless,0.0,0.02744424886349015
5110,29,SS19,short sleeves,0.0,0.015437387790327932
5313,2,SS19,shorts,0.0,0.001221822740148029
5188,45,SS19,sleeveless,0.0,0.01543738779836768
5309,57,SS19,sleeveless,0.0,0.058319034449450906
5309,104,SS19,sleeveless,0.0188679245283018,0.024013717097314233
5224,24,SS19,long sleeve,0.0,0.009043352982045904
5188,3,SS19,sleeveless,0.0,0.020583185387668988
5329,48,SS19,sleeveless,0.0377358490566037,0.018867919527101283
5302,104,SS19,sleeveless,0.0,0.013722121929060081
5313,10,SS19,shorts,0.0377358490566037,0.022298451260503564
5309,21,SS19,sleeveless,0.0,0.03602057819605045
5300,82,SS19,culottes,0.0,0.010573882120285804
5300,83,SS19,culottes,0.0,0.018867919523371433
5300,72,SS19,culottes,0.0,0.001520068680525834
5234,95,SS19,short sleeves,0.0377358490566037,0.017152653660067792
5301,12,SS19,short sleeves,0.0188679245283018,0.010291590197053153
5309,24,SS19,sleeveless,0.0,0.04631217339098998
5317,76,SS19,short sleeves,0.0188679245283018,0.018867919528013834
5309,51,SS19,sleeveless,0.0,0.058319034457588945
5309,68,SS19,sleeveless,0.0,0.04116637581232264
5309,1,SS19,sleeveless,0.0,0.006413476116078246
5305,38,SS19,long dress,0.0,0.01394444846839752
4210,28,SS19,culottes,0.0188679245283018,0.020583185400992913
5317,52,SS19,short sleeves,0.0,0.0205831853866851
4210,60,SS19,culottes,0.0,0.015437387795071724
5291,30,SS19,solid color top,0.0188679245283018,0.01372212193379427
5201,24,SS19,long dress,0.0377358490566037,0.015437387799522785
5201,77,SS19,long dress,0.0188679245283018,0.008576324329218841
5309,47,SS19,sleeveless,0.0,0.002985670961900894
5291,80,SS19,solid color top,0.0377358490566037,0.01543738782110026
5246,44,SS19,long sleeve,0.0,0.029159514733569623
5309,42,SS19,sleeveless,0.0,0.022298451269498556
5309,101,SS19,sleeveless,0.0,0.025728982992266274
5309,27,SS19,sleeveless,0.0188679245283018,0.029159522180364206
5224,82,SS19,long sleeve,0.0,0.01715265365894152
5309,109,SS19,sleeveless,0.0,0.03259004645962611
5309,82,SS19,sleeveless,0.0,0.048027442904016136
5309,107,SS19,sleeveless,0.0188679245283018,0.03945110992398514
5309,83,SS19,sleeveless,0.0566037735849056,0.039451109917560796
5234,42,SS19,short sleeves,0.0,0.012006856064420493
5309,72,SS19,sleeveless,0.0,0.02572898298165766
5300,69,SS19,culottes,0.0,0.01715265366328567
5330,40,SS19,short sleeves,0.0,0.01715265366185191
5251,75,SS19,culottes,0.0377358490566037,0.018867924528301803
5286,36,SS19,shorts,0.0,0.015437391246333683
5316,68,SS19,culottes,0.0,0.03087478059872487
5287,69,SS19,shorts,0.0,0.02058318539459787
5287,46,SS19,shorts,0.0,0.01886791952924616
3867,104,SS19,short sleeves,0.0,0.015437387793636322
5287,63,SS19,shorts,0.0,0.001893641112765537
5269,51,SS19,culottes,0.0,0.015437387794700105
5269,50,SS19,culottes,0.0,0.02401371711634298
5269,56,SS19,culottes,0.0188679245283018,0.013722121929666714
5269,110,SS19,culottes,0.0,0.010291593593140755
5269,31,SS19,culottes,0.0,0.005583203139726261
5245,61,SS19,culottes,0.0,0.012401815477280451
5316,1,SS19,culottes,0.0,2.790781518181576e-33
5267,63,SS19,solid color top,0.0,0.013722121926321508
5267,0,SS19,solid color top,0.0188679245283018,0.008576324331812586
5316,47,SS19,culottes,0.0,0.025728982991517966
5328,95,SS19,patterned top,0.0,0.01200685606249313
5257,29,SS19,solid color top,0.0188679245283018,0.010291590197605055
5316,90,SS19,culottes,0.0,0.0205195574979075
5216,60,SS19,doll dress,0.0188679245283018,0.003914578601005132
5261,3,SS19,solid color top,0.0,0.02401371712767963
5261,5,SS19,solid color top,0.0566037735849056,0.010291590196945546
5216,51,SS19,doll dress,0.0,0.01886791953108703
5216,83,SS19,doll dress,0.0,0.015437387770667018
5216,35,SS19,doll dress,0.0,1.80615034507045e-05
5267,75,SS19,solid color top,0.0188679245283018,0.0137221219349187
5328,62,SS19,patterned top,0.0,0.010291590198052834
5328,30,SS19,patterned top,0.0,2.0343779639409948e-05
5263,18,SS19,culottes,0.0,0.012006856063456398
5263,110,SS19,culottes,0.0,0.004246701485341892
5263,9,SS19,culottes,0.0,0.0019646934280295163
5316,83,SS19,culottes,0.0,0.010816397977423214
5221,30,SS19,sleeveless,0.0,0.007904681945990727
5316,107,SS19,culottes,0.0188679245283018,0.018716065770073422
5221,80,SS19,sleeveless,0.0,0.007293908646393636
5267,45,SS19,solid color top,0.0,0.017152656641967384
5320,7,SS19,long sleeve,0.0,0.012006863463074871
5316,82,SS19,culottes,0.0,0.03945110992075925
5292,35,SS19,drop sleeve,0.0,0.018867919528334165
5120,74,SS19,solid color top,0.0,0.020583185396445706
5267,47,SS19,solid color top,0.0,0.02058318539211427
5316,61,SS19,culottes,0.0,9.302605153018298e-34
5316,27,SS19,culottes,0.0188679245283018,0.04457671501002339
5316,101,SS19,culottes,0.0,3.702967758419349e-09
5267,46,SS19,solid color top,0.0,0.010307250169563895
5316,85,SS19,culottes,0.0,0.04459691143540055
5327,75,SS19,patterned top,0.0,0.0060156773170117125
5247,90,SS19,long sleeve,0.0754716981132075,0.001996268544811979
5247,35,SS19,long sleeve,0.0,0.0008503278074256118
5247,61,SS19,long sleeve,0.0,0.018867919525275802
5247,27,SS19,long sleeve,0.0,0.0188679245283018
5247,20,SS19,long sleeve,0.0,0.03259004645718311
5247,47,SS19,long sleeve,0.0,0.005162392690691705
5247,52,SS19,long sleeve,0.0188679245283018,0.009117372945022184
5173,26,SS19,kimono dress,0.0188679245283018,0.010291590195840998
5284,83,SS19,long dress,0.0377358490566037,0.012006856063231354
5251,4,SS19,culottes,0.0,0.010291592971630624
5250,18,SS19,long dress,0.0943396226415094,0.018867919514972138
5251,0,SS19,culottes,0.0188679245283018,0.008576324330461942
5247,39,SS19,long sleeve,0.0566037735849056,0.040049115430232166
5324,59,SS19,long sleeve,0.0,0.010291594859440248
5324,69,SS19,long sleeve,0.0377358490566037,0.01886791953432273
5273,31,SS19,sleeveless,0.0188679245283018,0.010291590197765538
3869,69,SS19,long dress,0.0,0.01200685605944702
5247,19,SS19,long sleeve,0.0,0.025728982988202472
5324,51,SS19,long sleeve,0.0,0.0188679195263344
5324,28,SS19,long sleeve,0.0,0.012006856060266295
5247,49,SS19,long sleeve,0.0,0.01372212697517966
5247,2,SS19,long sleeve,0.0,0.0291595147256536
5296,59,SS19,culottes,0.0,0.01886791952815143
5277,33,SS19,culottes,0.0188679245283018,0.022298451258334864
5277,52,SS19,culottes,0.0188679245283018,0.015437387792775537
5290,69,SS19,long sleeve,0.0,0.02572898298129049
5190,82,SS19,solid color top,0.0,0.013722121932338365
5247,21,SS19,long sleeve,0.0188679245283018,0.0222984512589422
5149,77,SS19,capris,0.0,0.0002193618633416175
5316,45,SS19,culottes,0.0188679245283018,0.03773584405389726
5316,52,SS19,culottes,0.0,0.02915951472727772
5268,38,SS19,printed shirt,0.0,0.013137406770567392
5268,24,SS19,printed shirt,0.0,0.02744424887036025
5245,95,SS19,culottes,0.0188679245283018,0.020583185392036005
5245,4,SS19,culottes,0.0188679245283018,0.03602057818173544
5245,25,SS19,culottes,0.0,0.013722121930234145
5268,93,SS19,printed shirt,0.0,0.018867924247147814
5286,47,SS19,shorts,0.0,0.017152653656922454
5275,65,SS19,gitana skirt,0.0,0.015437392569562593
5275,10,SS19,gitana skirt,0.0,0.017152653669698
5278,21,SS19,long sleeve,0.0,0.012006856064076567
5262,75,SS19,culottes,0.0,0.017152653657304995
5206,67,SS19,shorts,0.0,0.010291590196858935
5278,38,SS19,long sleeve,0.0188679245283018,0.012006856062026693
5278,48,SS19,long sleeve,0.0,0.01200685606176785
5275,3,SS19,gitana skirt,0.0566037735849056,0.015437387795905292
5327,48,SS19,patterned top,0.0,0.018867919551405977
5316,0,SS19,culottes,0.0,0.013722121931534947
5257,51,SS19,solid color top,0.0188679245283018,0.01886791952915777
5215,94,SS19,jumpsuit,0.0,0.01886791952539141
5143,5,SS19,capris,0.0,0.013722121932462705
5198,59,SS19,culottes,0.0,0.017152653663578696
5198,104,SS19,culottes,0.0377358490566037,0.010291590197993751
5226,76,SS19,culottes,0.0,0.018867919531700028
5226,47,SS19,culottes,0.0,6.310133451604978e-07
5226,42,SS19,culottes,0.0188679245283018,0.01715265366450486
5143,74,SS19,capris,0.0,0.018867919523272155
5260,4,SS19,culottes,0.0,0.013722121930608518
5260,76,SS19,culottes,0.0,0.013722121931736204
5260,3,SS19,culottes,0.0188679245283018,0.012006856064585646
5260,110,SS19,culottes,0.0188679245283018,0.01029159019844344
5260,80,SS19,culottes,0.0,0.006699887811882301
5143,0,SS19,capris,0.0188679245283018,0.003176849368233048
5226,35,SS19,culottes,0.0,0.024013717126022658
5147,66,SS19,capris,0.0,0.0015690066203085937
5287,31,SS19,shorts,0.0,0.0012945267535049208
5260,10,SS19,culottes,0.0,0.02229845125919645
5107,95,SS19,long dress,0.0,0.010291590196785636
5252,59,SS19,culottes,0.0188679245283018,0.00857632433036329
5252,69,SS19,culottes,0.0188679245283018,0.03368650477482525
5287,22,SS19,shorts,0.0,0.01715265365831856
5311,66,SS19,jumpsuit,0.0,0.022298451262901232
5226,100,SS19,culottes,0.0,0.027444248865278152
5283,18,SS19,shorts,0.0,0.01200685606515034
5198,46,SS19,culottes,0.0,0.017152653655223855
5283,81,SS19,shorts,0.0,0.02229845126068159
5198,107,SS19,culottes,0.0377358490566037,0.0038696190785045765
5125,44,SS19,culottes,0.0188679245283018,0.018867919531019465
5125,100,SS19,culottes,0.0,0.02572898299935711
5125,27,SS19,culottes,0.0,0.01040430746035037
5125,15,SS19,culottes,0.0,0.027444252834486205
5125,23,SS19,culottes,0.0,0.022298451257084535
5146,31,SS19,culottes,0.0,0.018867919529637185
5145,76,SS19,doll dress,0.0,0.012006856069966152
5146,48,SS19,culottes,0.0,0.020583185404442386
5155,56,SS19,culottes,0.0,0.006641723132383275
5219,46,SS19,culottes,0.0,0.012006856063797106
5220,32,SS19,culottes,0.0188679245283018,0.010291590199044106
5220,107,SS19,culottes,0.0,0.010692049489854043
5311,73,SS19,jumpsuit,0.0188679245283018,0.03430531233030846
5220,33,SS19,culottes,0.0,0.03764154675102479
5220,73,SS19,culottes,0.0,0.015437387794281074
5220,14,SS19,culottes,0.0,0.01543738779577909
5146,24,SS19,culottes,0.0377358490566037,0.022298451258575443
5146,72,SS19,culottes,0.0,0.01023497459679512
5146,0,SS19,culottes,0.0188679245283018,0.018867919521234882
5198,54,SS19,culottes,0.0,0.018867919529343163
5215,23,SS19,jumpsuit,0.0188679245283018,0.015437387795837516
5198,48,SS19,culottes,0.0,0.017152653659510346
5283,51,SS19,shorts,0.0188679245283018,0.007928544649604878
5198,50,SS19,culottes,0.0,0.017152653653906304
5198,52,SS19,culottes,0.0,0.004776496019611743
5215,32,SS19,jumpsuit,0.0188679245283018,0.017152653665742378
5215,107,SS19,jumpsuit,0.0188679245283018,0.013722121930539514
5198,77,SS19,culottes,0.0,0.017152658633016637
5220,16,SS19,culottes,0.0,0.018867919525615656
5311,9,SS19,jumpsuit,0.0,0.07204116136779411
5311,110,SS19,jumpsuit,0.0188679245283018,0.058823624588661694
5134,75,SS19,drop sleeve,0.0,0.010291590196308629
5318,38,SS19,jumpsuit,0.0,0.012006856064208203
5318,83,SS19,jumpsuit,0.0,0.020583185408865355
5318,32,SS19,jumpsuit,0.0,0.013722121932751644
5318,102,SS19,jumpsuit,0.0,0.01886791952703042
5318,104,SS19,jumpsuit,0.0,0.01127949618352153
5193,59,SS19,long dress,0.0,1.0470027197728208e-11
5156,22,SS19,solid color top,0.0,6.147875402476027e-10
5282,74,SS19,long sleeve,0.0,0.020583185397589732
5158,9,SS19,solid color top,0.0,0.01372212193134144
5318,22,SS19,jumpsuit,0.0,1.0532020418555984e-05
5158,24,SS19,solid color top,0.0188679245283018,0.015437387799495526
5316,104,SS19,culottes,0.0,0.029159514735931234
5316,102,SS19,culottes,0.0,0.027444248861923145
5257,7,SS19,solid color top,0.0,0.015437387796235904
5316,59,SS19,culottes,0.0,0.009708285466629508
5257,16,SS19,solid color top,0.0,0.013722121930585442
5257,22,SS19,solid color top,0.0,0.019489766976852615
5327,46,SS19,patterned top,0.0,0.0008441152598892188
5327,32,SS19,patterned top,0.0,0.012006856061118336
5327,83,SS19,patterned top,0.0,0.012006856064967207
5327,42,SS19,patterned top,0.0,0.012006856063901918
5327,3,SS19,patterned top,0.0,0.011455730139228229
5290,40,SS19,long sleeve,0.0188679245283018,0.012006856060691837
5318,3,SS19,jumpsuit,0.0,0.00018981390327364175
5318,79,SS19,jumpsuit,0.0,0.020583185392571885
4152,38,SS19,drop sleeve,0.0,0.013722121931972954
5311,5,SS19,jumpsuit,0.0,0.02169311052180715
5218,59,SS19,long sleeve,0.0,0.01886791951445123
5311,56,SS19,jumpsuit,0.0754716981132075,0.042881649138076586
5144,42,SS19,maxi,0.0,0.010291590195461116
5132,62,SS19,maxi,0.0,0.01715265366147123
5218,57,SS19,long sleeve,0.0,0.02572898299105518
5244,23,SS19,long sleeve,0.0188679245283018,0.03259004643777853
5132,64,SS19,maxi,0.0,0.013722121925038154
5311,45,SS19,jumpsuit,0.0566037735849056,0.03773584405311778
5218,23,SS19,long sleeve,0.0,0.018867919519249272
5318,73,SS19,jumpsuit,0.0,0.017411382261540848
5179,117,SS19,doll dress,0.0188679245283018,0.006849490811932847
5311,68,SS19,jumpsuit,0.0,0.02058318540984525
5311,38,SS19,jumpsuit,0.0377358490566037,0.013722121928649876
5179,72,SS19,doll dress,0.0,0.0005540910421652526
5311,74,SS19,jumpsuit,0.0,1.8728617735736094e-25
5311,35,SS19,jumpsuit,0.0377358490566037,0.04459690751170432
5311,46,SS19,jumpsuit,0.0,0.02915951472329247
5311,95,SS19,jumpsuit,0.0,0.02572898299160723
5311,63,SS19,jumpsuit,0.0,0.013722121930276951
5311,23,SS19,jumpsuit,0.0,0.030874780585343247
5318,94,SS19,jumpsuit,0.0,0.03087478059285689
5195,72,SS19,long sleeve,0.0188679245283018,0.013722121926745668
5318,48,SS19,jumpsuit,0.0,0.017152653660763136
5290,101,SS19,long sleeve,0.0,0.010291590198191805
5307,24,SS19,jumpsuit,0.0,5.528546807878077e-05
5240,29,SS19,long sleeve,0.0,0.004775855907337454
5222,32,SS19,culottes,0.0,0.017152653661932596
5222,21,SS19,culottes,0.0188679245283018,0.010291590197611772
4206,8,SS19,solid color top,0.0,0.013722121921992807
5275,102,SS19,gitana skirt,0.0,0.01200685606490963
5290,51,SS19,long sleeve,0.0,0.01886791952729274
5275,90,SS19,gitana skirt,0.0,0.01200685606213964
5233,15,SS19,long sleeve,0.0,0.017152653659759924
5276,42,SS19,sleeveless,0.0,0.013722121931042126
5276,3,SS19,sleeveless,0.0,0.0754716978320535
5222,110,SS19,culottes,0.0,0.012006856063138203
5236,13,SS19,gitana skirt,0.0188679245283018,0.015437387796382164
5288,24,SS19,solid color top,0.0,0.0009332134680919786
5288,101,SS19,solid color top,0.0,0.013722121930570529
5321,47,SS19,solid color top,0.0,0.012006856063513125
5321,20,SS19,solid color top,0.0,0.015437387796888608
5306,75,SS19,solid color top,0.0188679245283018,0.012006856070506
5306,0,SS19,solid color top,0.0377358490566037,0.018867925349968832
5315,65,SS19,solid color top,0.0188679245283018,0.013722121933370638
5307,104,SS19,jumpsuit,0.0,0.012006856064209419
5315,67,SS19,solid color top,0.0,0.05660377330375161
5236,48,SS19,gitana skirt,0.0,0.013722121936834579
5236,80,SS19,gitana skirt,0.0188679245283018,0.022298456756081077
5196,66,SS19,culottes,0.0377358490566037,0.024920940712683488
5196,84,SS19,culottes,0.0,0.0020870698585681315
5316,54,SS19,culottes,0.0,0.02401371713402316
5265,48,SS19,sleeveless,0.0,0.0014154591873420585
5253,72,SS19,long dress,0.0,1.0291304333362385e-08
5276,65,SS19,sleeveless,0.0377358490566037,0.008576324331350261
5253,20,SS19,long dress,0.0,2.7907815874913845e-33
5253,42,SS19,long dress,0.0754716981132075,0.009733368377339078
5253,27,SS19,long dress,0.0,0.022298451258807365
5211,25,SS19,culottes,0.0,0.01029159019674884
5196,110,SS19,culottes,0.0188679245283018,0.024013717137867124
5265,39,SS19,sleeveless,0.0,0.0008385467970140543
5242,38,SS19,printed shirt,0.0,0.022298456759825055
5297,75,SS19,long dress,0.0,0.022298451262591626
5297,0,SS19,long dress,0.0188679245283018,0.017152653665773336
5297,18,SS19,long dress,0.0,0.00852378023065611
5297,90,SS19,long dress,0.0754716981132075,0.020583190333913096
5304,80,SS19,long dress,0.0188679245283018,0.020583185396231975
5304,75,SS19,long dress,0.0754716981132075,0.017152653663607475
5297,40,SS19,long dress,0.0188679245283018,0.05488850272346277
5297,53,SS19,long dress,0.0,0.02401371712707521
5297,85,SS19,long dress,0.0,0.022298451266782916
5297,82,SS19,long dress,0.0566037735849056,0.046312179215986696
5297,101,SS19,long dress,0.0,0.018867923564070847
5304,12,SS19,long dress,0.0188679245283018,0.05534825032256813
5297,42,SS19,long dress,0.0,0.015437387793240087
5304,22,SS19,long dress,0.0,0.012006856063488345
5264,2,SS19,solid color top,0.0,0.02058318540109175
5304,40,SS19,long dress,0.0377358490566037,0.015437387796896568
5270,45,SS19,long dress,0.0377358490566037,0.012006856066262681
5270,52,SS19,long dress,0.0188679245283018,0.015437387795238526
5270,33,SS19,long dress,0.0,0.027444248859020293
5270,93,SS19,long dress,0.0377358490566037,0.022298457274945588
5304,57,SS19,long dress,0.0377358490566037,0.013722121932404834
5304,21,SS19,long dress,0.0188679245283018,0.01372212192652318
5297,104,SS19,long dress,0.0,0.015437387796433262
5304,4,SS19,long dress,0.0,0.012006856064280877
5297,25,SS19,long dress,0.0566037735849056,0.008576324338080824
5304,36,SS19,long dress,0.1320754716981132,0.027551728724678426
4217,56,SS19,culottes,0.0,0.02572898782904148
5297,59,SS19,long dress,0.0,0.0016082243739011278
5264,75,SS19,solid color top,0.0,0.003173463632612448
5264,3,SS19,solid color top,0.0,0.0016313438878246256
5264,50,SS19,solid color top,0.0,0.030874780618723497
5295,15,SS19,jumpsuit,0.0,0.011808126689835602
5297,117,SS19,long dress,0.0188679245283018,0.015887709975180818
5295,12,SS19,jumpsuit,0.0,0.07204116139071232
5211,117,SS19,culottes,0.0,0.01029159019597561
5297,5,SS19,long dress,0.0,0.037735844074696066
5192,66,SS19,sleeveless,0.0,0.012006856063757843
5297,3,SS19,long dress,0.0,0.04631217338195131
5127,25,SS19,sleeveless,0.0377358490566037,0.0037921954185774487
5297,110,SS19,long dress,0.0,5.623079612001141e-10
5297,9,SS19,long dress,0.0,0.03430531230742129
5236,30,SS19,gitana skirt,0.0,0.02058318540121229
5297,43,SS19,long dress,0.0,0.04288164523134036
5295,19,SS19,jumpsuit,0.0,0.030874784810418648
5297,50,SS19,long dress,0.0,0.02572898300180872
5295,86,SS19,jumpsuit,0.0,0.004069358618894489
5295,110,SS19,jumpsuit,0.0188679245283018,0.024013717125218485
5297,1,SS19,long dress,0.0,9.302605430257533e-34
5264,51,SS19,solid color top,0.0,6.242872454543942e-26
5264,81,SS19,solid color top,0.0,0.012006856063539574
5297,68,SS19,long dress,0.0,0.027444248856775485
5297,77,SS19,long dress,0.0,0.005666533045995428
5280,39,SS19,solid color top,0.0,0.0031904041444139218
5295,29,SS19,jumpsuit,0.0188679245283018,0.02401372118499094
5317,57,SS19,short sleeves,0.0,0.0291595147153392
5295,83,SS19,jumpsuit,0.0188679245283018,0.024013720395970835
5229,30,SS19,short sleeves,0.0377358490566037,0.01886791952814068
5295,27,SS19,jumpsuit,0.0188679245283018,0.013722121929184185
5295,42,SS19,jumpsuit,0.0,0.02572898298604158
5295,20,SS19,jumpsuit,0.0,0.030874784831638757
5295,76,SS19,jumpsuit,0.0,0.029159514722224604
5295,45,SS19,jumpsuit,0.0,0.018867919528397805
5295,5,SS19,jumpsuit,0.0,0.02744424885652258
5197,30,SS19,short sleeves,0.0,0.01715265365683509
5317,104,SS19,short sleeves,0.0188679245283018,0.012006856064750064
5316,9,SS19,culottes,0.0,5.375461710412683e-08
5316,28,SS19,culottes,0.0,0.03259004646209104
5316,60,SS19,culottes,0.0,4.1895208476420815e-18
5233,77,SS19,long sleeve,0.0188679245283018,0.017152653663315136
5275,83,SS19,gitana skirt,0.0188679245283018,0.015437387797894296
5204,32,SS19,culottes,0.0,0.006127531222185271
5316,99,SS19,culottes,0.0,0.034305312320381115
5274,16,SS19,sleeveless,0.0,0.015437387786692786
5316,75,SS19,culottes,0.0,0.03945110991858243
5196,18,SS19,culottes,0.0188679245283018,0.01715265366061051
5316,31,SS19,culottes,0.0,0.06689536377826148
5204,73,SS19,culottes,0.0,0.0102915901965495
5196,44,SS19,culottes,0.0,0.010291590197772385
5253,23,SS19,long dress,0.0188679245283018,0.02229845124810577
5204,90,SS19,culottes,0.0,0.01372212192608356
5204,31,SS19,culottes,0.0188679245283018,0.0002007196887694412
5290,5,SS19,long sleeve,0.0188679245283018,0.010291590196223383
5316,50,SS19,culottes,0.0,0.048027439192872216
5290,10,SS19,long sleeve,0.0,0.01543738779882519
5196,64,SS19,culottes,0.0,0.013722121932622403
5161,68,SS19,patterned top,0.0,0.00686105847575466
5290,3,SS19,long sleeve,0.0,0.02229845126276661
5290,14,SS19,long sleeve,0.0,0.013722121928166731
5161,82,SS19,patterned top,0.0,0.00557531796873116
5316,93,SS19,culottes,0.0,7.731457962015421e-06
5297,93,SS19,long dress,0.0,0.04116637579525801
5297,28,SS19,long dress,0.0,0.016189130826736814
5297,99,SS19,long dress,0.0,6.242872454543941e-26
5235,48,SS19,gitana skirt,0.0188679245283018,0.012006856065325677
5311,51,SS19,jumpsuit,0.0,0.024013717126625346
5192,6,SS19,sleeveless,0.0188679245283018,0.008576324330867306
5246,52,SS19,long sleeve,0.0188679245283018,0.017152653663891928
5244,64,SS19,long sleeve,0.0,0.024013717135601718
5294,28,SS19,shorts,0.0,0.01029159019722232
5311,16,SS19,jumpsuit,0.0,0.03430531232430336
5294,39,SS19,shorts,0.0,6.242872640596042e-26
5196,104,SS19,culottes,0.0,0.018867919535531106
5247,83,SS19,long sleeve,0.0,0.0171526571745053
5247,25,SS19,long sleeve,0.0,0.017152657191129017
5305,75,SS19,long dress,0.0,0.0007569032066925942
5318,110,SS19,jumpsuit,0.0188679245283018,0.03087478668270184
5318,56,SS19,jumpsuit,0.0,0.0066879307189763385
5244,11,SS19,long sleeve,0.0,0.015437387802863354
5318,51,SS19,jumpsuit,0.0,0.018867919527774217
5318,1,SS19,jumpsuit,0.0,0.0007945585277712286
5318,42,SS19,jumpsuit,0.0,0.012006856060117449
5318,107,SS19,jumpsuit,0.0188679245283018,0.013722121931509441
5318,90,SS19,jumpsuit,0.0,0.006861058465306723
5311,20,SS19,jumpsuit,0.0188679245283018,4.189520910070807e-18
5275,93,SS19,gitana skirt,0.0188679245283018,0.013722121933250685
5297,84,SS19,long dress,0.0,0.01715265366022912
5244,27,SS19,long sleeve,0.0,0.02058318539598567
5297,6,SS19,long dress,0.0,0.018867924247147814
5311,25,SS19,jumpsuit,0.0,0.018867919527732428
5311,104,SS19,jumpsuit,0.0,0.018867919537520948
5297,60,SS19,long dress,0.0,0.0074122255393610495
5236,7,SS19,gitana skirt,0.0188679245283018,0.020583185396686948
4217,6,SS19,culottes,0.0,4.716863207561897e-07
5324,50,SS19,long sleeve,0.0,0.012006856063235942
5316,5,SS19,culottes,0.0,0.014714130356985142
5316,110,SS19,culottes,0.0,0.03602057819382121
5204,28,SS19,culottes,0.0,0.013358592713810432
5297,32,SS19,long dress,0.0,0.025728982996973248
5324,4,SS19,long sleeve,0.0,0.008232257678953137
5283,28,SS19,shorts,0.0,0.010291590197737515
5297,4,SS19,long dress,0.0,0.01886791951708144
5224,6,SS19,long sleeve,0.0,0.010291590202987685
5279,84,SS19,doll dress,0.0377358490566037,0.017152657842776548
5297,64,SS19,long dress,0.0,0.017152657881392322
5297,44,SS19,long dress,0.0188679245283018,0.015437387795086667
4102,23,SS19,sleeveless,0.0,0.012006856061479422
5235,80,SS19,gitana skirt,0.0,0.013722121930305128
5297,83,SS19,long dress,0.0,0.056603687427345256
5251,3,SS19,culottes,0.0566037735849056,0.015437387794766042
5224,101,SS19,long sleeve,0.0,0.012006856066549398
5297,24,SS19,long dress,0.0,0.0037309083164795273
5294,83,SS19,shorts,0.0,0.0030195381426831617
5294,107,SS19,shorts,0.0,0.01543738779417034
5311,7,SS19,jumpsuit,0.0,0.02229845125475063
5311,48,SS19,jumpsuit,0.0,0.02915951472814822
5247,38,SS19,long sleeve,0.0,0.013722121931015472
5279,13,SS19,doll dress,0.0,0.005941008575925791
5251,30,SS19,culottes,0.0,0.020583185396505638
5297,107,SS19,long dress,0.0,0.017152653661140396
5207,25,SS19,doll dress,0.0,0.015437387797025897
5297,109,SS19,long dress,0.0,0.018867919527569457
5316,48,SS19,culottes,0.0,0.02572898299285637
5297,38,SS19,long dress,0.0,0.01715265365942498
5305,109,SS19,long dress,0.0,0.012006856060540826
5313,21,SS19,shorts,0.0,0.010291590196308629
5313,29,SS19,shorts,0.0,0.009129882432565871
5313,64,SS19,shorts,0.0,0.010291590199387836
5323,73,SS19,drop sleeve,0.0188679245283018,0.013722121928123703
5323,13,SS19,drop sleeve,0.0,0.015437387797705673
5323,22,SS19,drop sleeve,0.0,0.012006856063218826
5121,6,SS19,sleeveless,0.0,0.017152653661212307
5206,20,SS19,shorts,0.0,0.013722121929277239
5313,13,SS19,shorts,0.0,0.0047218355298787925
5276,2,SS19,sleeveless,0.0,0.012006856063943621
5316,109,SS19,culottes,0.0,0.03602057819196337
5313,101,SS19,shorts,0.0,0.01543738779107505
5316,42,SS19,culottes,0.0,0.015437387795426437
5106,48,SS19,short sleeves,0.0,0.006849490811932847
5253,109,SS19,long dress,0.0,6.242872547569992e-26
4210,95,SS19,culottes,0.0188679245283018,0.018867920303488345
5278,40,SS19,long sleeve,0.0,0.013722121928554381
5313,59,SS19,shorts,0.0,0.013722121924412982
5196,39,SS19,culottes,0.0188679245283018,0.010291590212845942
5275,9,SS19,gitana skirt,0.0,0.020583185396096056
5291,19,SS19,solid color top,0.0188679245283018,0.013722121936785377
5323,20,SS19,drop sleeve,0.0,0.017152656602869253
4225,63,SS19,sleeveless,0.0,0.012006856061960993
5262,4,SS19,culottes,0.0,0.017152653666028424
4210,24,SS19,culottes,0.0,0.01886791953959381
5196,81,SS19,culottes,0.0,0.012006856062026124
4242,56,SS19,sleeveless,0.0,0.01715373808344725
4231,3,SS19,sleeveless,0.0,0.055416289001489843
5287,18,SS19,shorts,0.0,0.012006860024402452
5293,20,SS19,solid color top,0.0,0.022298451263065785
5322,44,SS19,long dress,0.0,0.013722121929276342
5234,5,SS19,short sleeves,0.0,0.017152653661644233
5287,20,SS19,shorts,0.0,0.0035777372399536647
5224,26,SS19,long sleeve,0.0,0.012006856063611094
5293,45,SS19,solid color top,0.0,0.017152653660850413
5232,3,SS19,sleeveless,0.0,0.015437387800274064
5193,49,SS19,long dress,0.0,0.006234542507971188
5193,27,SS19,long dress,0.0,0.014296712358770875
5316,23,SS19,culottes,0.0,0.000982997370335398
5159,109,SS19,culottes,0.0,0.012006856063430507
5276,21,SS19,sleeveless,0.0377358490566037,0.0023338399751838025
5261,75,SS19,solid color top,0.0,0.01715265365971412
5305,101,SS19,long dress,0.0,0.02058318539744771
5316,95,SS19,culottes,0.0,0.002118288316710305
5130,46,SS19,culottes,0.0,0.015437387793716615
5224,104,SS19,long sleeve,0.0,0.013722121927111123
5178,4,SS19,culottes,0.0,0.020583190518157674
5316,72,SS19,culottes,0.0,0.0325900524653224
5313,110,SS19,shorts,0.0,0.02401371712877614
5276,67,SS19,sleeveless,0.0,0.013722121928961419
5222,102,SS19,culottes,0.0,0.012006856064545773
5316,57,SS19,culottes,0.0,0.005205097853493889
5316,25,SS19,culottes,0.0,0.01715265366469716
5113,60,SS19,culottes,0.0,0.005472776017988042
5257,50,SS19,solid color top,0.0,0.02401372261824092
5307,52,SS19,jumpsuit,0.0188679245283018,0.010291590198340448
5307,33,SS19,jumpsuit,0.0,0.013722121927281228
5222,27,SS19,culottes,0.0188679245283018,0.006861058465534333
4102,74,SS19,sleeveless,0.0,0.010291590197765538
5228,29,SS19,sleeveless,0.0,0.013722121925189124
5279,41,SS19,doll dress,0.0188679245283018,0.020583189832242783
5273,3,SS19,sleeveless,0.0188679245283018,0.01715265365494347
5273,9,SS19,sleeveless,0.0188679245283018,0.018168361937381763
5317,59,SS19,short sleeves,0.0188679245283018,0.020583185396075888
4220,42,SS19,culottes,0.0,0.015437387804317422
4220,75,SS19,culottes,0.0,0.012006856063042456
5161,39,SS19,patterned top,0.0,0.011844482906300658
5304,14,SS19,long dress,0.0,0.022298451256056066
5264,30,SS19,solid color top,0.0,0.0009450129839920116
5264,0,SS19,solid color top,0.0,0.018773622222923923
5295,21,SS19,jumpsuit,0.0,0.012006856062659738
5295,4,SS19,jumpsuit,0.0188679245283018,0.017152653661031653
5295,18,SS19,jumpsuit,0.0,0.01334318801633833
5304,9,SS19,long dress,0.0,0.015437387800723134
5295,32,SS19,jumpsuit,0.0188679245283018,0.013722121930609264
5197,69,SS19,short sleeves,0.0,0.015437390980127688
5295,109,SS19,jumpsuit,0.0,0.018867919524581573
5295,117,SS19,jumpsuit,0.0188679245283018,0.018867919527667337
5295,99,SS19,jumpsuit,0.0,0.01715265365296846
5295,48,SS19,jumpsuit,0.0,0.015437387796640613
5295,10,SS19,jumpsuit,0.0188679245283018,0.015437387797484419
5295,85,SS19,jumpsuit,0.0,0.015437387797732644
5304,13,SS19,long dress,0.0,0.024013717127899892
5310,101,SS19,short sleeves,0.0,1.2568562542926285e-17
5310,74,SS19,short sleeves,0.0,0.017152653661743487
5310,40,SS19,short sleeves,0.0,0.012006860285597998
5310,104,SS19,short sleeves,0.0,0.013722121928456853
5286,46,SS19,shorts,0.0,0.0015864822976143728
5270,79,SS19,long dress,0.0,0.018867919526203102
5242,2,SS19,printed shirt,0.0,0.02058318538184451
5304,64,SS19,long dress,0.0,0.02229845126730863
5304,8,SS19,long dress,0.0,0.013722121930367698
5304,95,SS19,long dress,0.0188679245283018,0.03653912126166173
5304,81,SS19,long dress,0.0377358490566037,0.01029159019659813
5304,53,SS19,long dress,0.0188679245283018,0.01886791953105077
5304,51,SS19,long dress,0.0188679245283018,0.020583185392871933
5098,3,SS19,culottes,0.0,0.013722121930608518
5306,46,SS19,solid color top,0.0,0.01029159019474458
5315,7,SS19,solid color top,0.0188679245283018,0.015437387796928636
5315,4,SS19,solid color top,0.0,0.022298451256779574
5240,74,SS19,long sleeve,0.0,0.013722121928962163
5310,28,SS19,short sleeves,0.0,0.015437387795460375
3961,75,SS19,culottes,0.0,2.8115398897909803e-10
5132,102,SS19,maxi,0.0,0.018867923595014987
5132,20,SS19,maxi,0.0188679245283018,0.008576324330176856
5132,60,SS19,maxi,0.0,0.0009332134680919786
5132,10,SS19,maxi,0.0,0.013722129420772389
5158,109,SS19,solid color top,0.0188679245283018,0.010291590192978296
5198,44,SS19,culottes,0.0188679245283018,0.013722121932935389
5198,0,SS19,culottes,0.0,0.006372288925492996
5198,95,SS19,culottes,0.0,0.018867919524351993
5215,80,SS19,jumpsuit,0.0,0.011379424586642248
5215,9,SS19,jumpsuit,0.0,0.013722121926880644
5215,83,SS19,jumpsuit,0.0,0.015437387797277862
5147,64,SS19,capris,0.0188679245283018,0.01372212192538658
5215,25,SS19,jumpsuit,0.0377358490566037,0.037735849056603696
5146,61,SS19,culottes,0.0,0.013722121929330967
5220,7,SS19,culottes,0.0,0.022298451254159718
5220,19,SS19,culottes,0.0,0.022298451266479946
5220,60,SS19,culottes,0.0,0.01200685606120327
5146,28,SS19,culottes,0.0188679245283018,0.010291590194976163
5125,84,SS19,culottes,0.0,0.01543738779367963
5125,24,SS19,culottes,0.0188679245283018,0.013722121930100143
5125,32,SS19,culottes,0.0,0.01543738779657655
5198,75,SS19,culottes,0.0,0.01886791952915621
5258,39,SS19,culottes,0.0188679245283018,0.010291590197853499
5258,12,SS19,culottes,0.0,0.017152653657134007
5143,8,SS19,capris,0.0,0.0012056958103088074
5252,82,SS19,culottes,0.0,0.010291590196632883
5107,74,SS19,long dress,0.0,0.013722125411085922
5260,75,SS19,culottes,0.0188679245283018,0.012006856064435172
5149,8,SS19,capris,0.0,0.013722121927262944
5143,104,SS19,capris,0.0,0.012006856064840449
3804,35,SS19,culottes,0.0,0.022298451268293187
5112,43,SS19,doll dress,0.0,0.008475890212106384
5308,51,SS19,culottes,0.0,0.010291590197658667
3954,76,SS19,sleeveless,0.0,0.01543738779699732
5149,30,SS19,capris,0.0,0.022298451268624567
5292,41,SS19,drop sleeve,0.0,0.012006860426088097
5241,80,SS19,long sleeve,0.0,0.02229845126225016
5168,65,SS19,short sleeves,0.0,0.01029159019548484
5231,33,SS19,short sleeves,0.0,0.012006856063882113
5231,30,SS19,short sleeves,0.0,0.013722121930396064
5149,117,SS19,capris,0.0,0.008576324330251258
5142,27,SS19,patterned top,0.0377358490566037,0.017152653660252596
5269,22,SS19,culottes,0.0,0.013722121930759437
5310,75,SS19,short sleeves,0.0,0.02229845126339093
5274,3,SS19,sleeveless,0.0,4.515701809783496e-07
5298,26,SS19,long cardigan,0.0,0.020583185398865052
5227,94,SS19,sleeveless,0.0,0.012006856063573663
5322,49,SS19,long dress,0.0,0.0360205819207261
5322,65,SS19,long dress,0.0,0.011650529999725209
5271,32,SS19,long sleeve,0.0,0.012006856060266295
5181,16,SS19,long sleeve,0.0,0.010291590197933766
5322,50,SS19,long dress,0.0,0.015437391245040804
5322,52,SS19,long dress,0.0,0.012071515715442493
5248,28,SS19,long sleeve,0.0,0.010815157524779836
5322,109,SS19,long dress,0.0,0.02572898614350414
5322,107,SS19,long dress,0.0,0.024013721922012315
5298,21,SS19,long cardigan,0.0,0.013388286964074503
5298,27,SS19,long cardigan,0.0,0.013722121931227415
5298,42,SS19,long cardigan,0.0188679245283018,0.013722121929795408
5309,61,SS19,sleeveless,0.0,0.029159514724219394
5201,64,SS19,long dress,0.0,0.015437387799637816
5309,0,SS19,sleeveless,0.0,0.030874780600513452
5188,38,SS19,sleeveless,0.0188679245283018,0.01029159019876848
5309,64,SS19,sleeveless,0.0,0.025728987672616156
5309,23,SS19,sleeveless,0.0,0.02572898299205928
5302,77,SS19,sleeveless,0.0,0.012006856064960096
5298,101,SS19,long cardigan,0.0,0.02058318539653887
5325,21,SS19,sleeveless,0.0,0.017152653658388733
5329,38,SS19,sleeveless,0.0,0.017152653663559943
5329,42,SS19,sleeveless,0.0,0.018867919526079725
5122,64,SS19,solid color top,0.0,0.0009243253499380534
5255,110,SS19,gitana skirt,0.0,0.01053435666500932
5223,79,SS19,gitana skirt,0.0,1.1830556971388274e-11
5298,76,SS19,long cardigan,0.0,0.022298451260745415
5325,65,SS19,sleeveless,0.0188679245283018,0.013722121920165644
5312,43,SS19,sleeveless,0.0,0.012006856069966152
5329,40,SS19,sleeveless,0.0,0.007516089357335016
5329,22,SS19,sleeveless,0.0,0.025728982992712434
5317,42,SS19,short sleeves,0.0,0.0060215440273313926
5300,38,SS19,culottes,0.0,0.018250403691269058
5330,65,SS19,short sleeves,0.0188679245283018,0.017152653662135153
5330,26,SS19,short sleeves,0.0,0.017152653663142944
5330,74,SS19,short sleeves,0.0,0.0060523094750633095
5330,33,SS19,short sleeves,0.0,0.013722121926972712
5330,82,SS19,short sleeves,0.0188679245283018,0.0005740701335241367
5330,51,SS19,short sleeves,0.0,0.01200685606390981
5330,102,SS19,short sleeves,0.0,0.013722121931598
5317,6,SS19,short sleeves,0.0,0.00815656245033783
5300,109,SS19,culottes,0.0,0.02038711743820806
5298,38,SS19,long cardigan,0.0,0.018867919526412574
5201,30,SS19,long dress,0.0,0.01715265365882479
5270,8,SS19,long dress,0.0188679245283018,0.02229845125979213
5319,83,SS19,sleeveless,0.0,0.010291590212845942
5201,79,SS19,long dress,0.0188679245283018,0.008576324332696223
5317,56,SS19,short sleeves,0.0,0.011061937225473708
5286,2,SS19,shorts,0.0,0.0
4000,109,SS19,short sleeves,0.0,0.017152653663748834
5309,54,SS19,sleeveless,0.0,0.015437387796097298
5319,43,SS19,sleeveless,0.0,0.0045260818778407215
5319,48,SS19,sleeveless,0.0188679245283018,0.01029159019967462
5270,101,SS19,long dress,0.0,0.00046652418200715003
5270,69,SS19,long dress,0.0,0.029159514734199785
5309,48,SS19,sleeveless,0.0,0.00954897411057345
5326,22,SS19,shorts,0.0,0.001446590399527734
5309,31,SS19,sleeveless,0.0,0.04974283260054029
5309,38,SS19,sleeveless,0.0,0.029159514728351446
5148,38,SS19,sleeveless,0.0,0.022298451264279255
5148,32,SS19,sleeveless,0.0,0.032651557948813165
5309,5,SS19,sleeveless,0.0,0.03259004943273728
5309,93,SS19,sleeveless,0.0,0.017458238573637964
5301,30,SS19,short sleeves,0.0,0.02229845126228993
5294,30,SS19,shorts,0.0,2.772392357500946e-41
5257,80,SS19,solid color top,0.0,0.015437387792671705
5216,27,SS19,doll dress,0.0,0.012006856066778033
5245,67,SS19,culottes,0.0,0.020583185383401894
4242,4,SS19,sleeveless,0.0188679245283018,0.012006861088504711
5259,22,SS19,patterned top,0.0,0.018867919523629435
5132,66,SS19,maxi,0.0,0.012006856062117502
5145,4,SS19,doll dress,0.0,0.010291590196837563
5219,67,SS19,culottes,0.0,0.007175623084770058
5125,99,SS19,culottes,0.0,0.006710074470496621
5226,64,SS19,culottes,0.0,0.010291590197337778
5316,21,SS19,culottes,0.0,0.013722121928609395
5316,44,SS19,culottes,0.0754716981132075,0.015132675795180841
5294,24,SS19,shorts,0.0,0.010291593737123938
5294,3,SS19,shorts,0.0,0.018867923115018073
5294,50,SS19,shorts,0.0,0.017152653656984262
5323,6,SS19,drop sleeve,0.0188679245283018,0.013722121929939454
5316,84,SS19,culottes,0.0,0.003352824467539359
5201,74,SS19,long dress,0.0,0.012006856063872378
5159,19,SS19,culottes,0.0,0.017152653659701516
5188,4,SS19,sleeveless,0.0,0.012006856061637827
5291,82,SS19,solid color top,0.0,0.012006856062395339
5309,44,SS19,sleeveless,0.0,0.027444248861770725
5253,54,SS19,long dress,0.0,0.008776863224484576
5293,46,SS19,solid color top,0.0188679245283018,0.013722121928198206
5196,23,SS19,culottes,0.0188679245283018,0.015437387793716615
5254,104,SS19,long dress,0.0377358490566037,0.008576324331018516
5313,3,SS19,shorts,0.0,0.015437387791592148
5184,4,SS19,long sleeve,0.0377358490566037,0.013722121927757003
5310,59,SS19,short sleeves,0.0,0.013722121922549122
5310,25,SS19,short sleeves,0.0,0.010291590196834495
4234,36,SS19,solid color top,0.0,0.0557984296879965
5315,53,SS19,solid color top,0.0188679245283018,0.01200685606490963
4217,32,SS19,culottes,0.0,0.010291590198409212
5201,13,SS19,long dress,0.0,0.017152653654497158
5315,44,SS19,solid color top,0.0,0.018867923325446765
5236,94,SS19,gitana skirt,0.0188679245283018,0.017152653662576074
5201,67,SS19,long dress,0.0,0.00027679807813922163
5291,3,SS19,solid color top,0.0377358490566037,0.013722121929914696
5315,109,SS19,solid color top,0.0,0.018867919533214712
5315,66,SS19,solid color top,0.0,0.012006862606490488
5185,42,SS19,culottes,0.0,0.013722121928357018
5210,49,SS19,long dress,0.0,0.01372212192899643
5210,75,SS19,long dress,0.0,0.010291595949513847
5189,53,SS19,culottes,0.0,0.015437387791921038
5210,24,SS19,long dress,0.0,0.013722121923714501
5148,110,SS19,sleeveless,0.0,0.003102488717321285
5166,25,SS19,long dress,0.0,0.012006856064009815
5313,31,SS19,shorts,0.0,0.010291590193573667
5278,24,SS19,long sleeve,0.0188679245283018,0.010291590197553577
5245,23,SS19,culottes,0.0,0.013722121933042177
5250,51,SS19,long dress,0.0566037735849056,0.01886791953165016
5284,39,SS19,long dress,0.0754716981132075,0.012006856068124816
5249,3,SS19,culottes,0.0377358490566037,0.024013720321535394
4104,109,SS19,long dress,0.0188679245283018,0.0137221219309152
5266,15,SS19,sleeveless,0.0188679245283018,0.09433962207920142
5266,22,SS19,sleeveless,0.0377358490566037,0.030874780592065137
5324,44,SS19,long sleeve,0.0188679245283018,2.3559427583054017e-09
5231,31,SS19,short sleeves,0.0,0.012006856069708357
5233,18,SS19,long sleeve,0.0,0.018867919523353437
5308,28,SS19,culottes,0.0,0.013722121920990406
5295,60,SS19,jumpsuit,0.0,0.00028671737324657343
5295,22,SS19,jumpsuit,0.0,0.015437391467239225
5295,51,SS19,jumpsuit,0.0377358490566037,0.015437387793214784
5304,15,SS19,long dress,0.0,0.02401372246799937
5304,31,SS19,long dress,0.0188679245283018,0.01372212513290147
5263,47,SS19,culottes,0.0,0.015437387791553221
5263,28,SS19,culottes,0.0,0.010291590196202039
5279,109,SS19,doll dress,0.0,0.007755056450965006
5300,52,SS19,culottes,0.0,0.006170646861049875
5318,23,SS19,jumpsuit,0.0,0.007990285958407693
5318,77,SS19,jumpsuit,0.0,0.012006856062837832
5318,13,SS19,jumpsuit,0.0,6.24287254756999e-26
5318,14,SS19,jumpsuit,0.0,0.015437387792512077
5311,67,SS19,jumpsuit,0.0,0.02229845125859369
5311,77,SS19,jumpsuit,0.0,0.02229845126390032
5311,76,SS19,jumpsuit,0.0,6.242872640596044e-26
5149,95,SS19,capris,0.0,0.013062527569598791
5258,35,SS19,culottes,0.0,0.0033220691427413066
4182,22,SS19,short sleeves,0.0,0.030874588713852492
5228,75,SS19,sleeveless,0.0,0.013722121933021946
5271,15,SS19,long sleeve,0.0,0.0019016059859408609
5224,39,SS19,long sleeve,0.0188679245283018,0.008576329303379338
5227,7,SS19,sleeveless,0.0,0.010291590196103463
5270,44,SS19,long dress,0.0,0.012006856064183275
5255,75,SS19,gitana skirt,0.0,0.010291593737123938
5325,14,SS19,sleeveless,0.0,0.010291590197898411
5141,49,SS19,short sleeves,0.0,0.00857632432958047
5223,7,SS19,gitana skirt,0.0,0.013722121931725473
5223,110,SS19,gitana skirt,0.0,0.0008048135325295277
5325,24,SS19,sleeveless,0.0,0.012006856063640773
5329,79,SS19,sleeveless,0.0,0.015437387803878518
5270,67,SS19,long dress,0.0,0.0025730614501391176
5270,74,SS19,long dress,0.0,0.015437387795258661
5308,4,SS19,culottes,0.0,0.012006856061964092
5311,50,SS19,jumpsuit,0.0,0.015437387796596817
4068,104,SS19,sleeveless,0.0,2.811539847895771e-10
5224,32,SS19,long sleeve,0.0,0.01200685606463782
5228,4,SS19,sleeveless,0.0377358490566037,0.012006856060227644
5228,77,SS19,sleeveless,0.0,0.012006856063141828
5143,44,SS19,capris,0.0188679245283018,0.012006856065584944
5304,38,SS19,long dress,0.0566037735849056,0.020583188832796362
5304,100,SS19,long dress,0.0188679245283018,0.010291590198282085
5270,84,SS19,long dress,0.0,0.0037486033676316977
5297,54,SS19,long dress,0.0,0.02572898589575844
5270,60,SS19,long dress,0.0,0.015437387790483923
5232,67,SS19,sleeveless,0.0,8.37904175771291e-18
5317,13,SS19,short sleeves,0.0,0.020583185396205555
5297,86,SS19,long dress,0.0,0.022298455168562138
5297,27,SS19,long dress,0.0,0.013722121930414556
5118,25,SS19,short sleeves,0.0,0.01372212193039636
5297,21,SS19,long dress,0.0,0.015437387799030372
5194,110,SS19,long sleeve,0.0,0.0250367404939495
5285,26,SS19,solid color top,0.0,0.006169906621317816
5243,89,SS19,shorts,0.0,0.010088879546836344
5250,2,SS19,long dress,0.0,0.015437387795421484
4103,104,SS19,sleeveless,0.0,0.024013717128966168
5313,63,SS19,shorts,0.0,0.0065759545108992
5121,11,SS19,sleeveless,0.0,0.0120068560636534
3954,10,SS19,sleeveless,0.0,0.010291590196788939
5308,7,SS19,culottes,0.0,0.010291590197957974
5128,10,SS19,short sleeves,0.0,0.01543738779501067
4211,89,SS19,culottes,0.0,0.0205831853933433
4211,88,SS19,culottes,0.0188679245283018,0.18173299970461215
5330,56,SS19,short sleeves,0.0,0.015437387791831179
5270,38,SS19,long dress,0.0,0.009156507666992315
5289,107,SS19,short sleeves,0.0,0.012006859800361303
5330,27,SS19,short sleeves,0.0,0.0154373877964268
5304,28,SS19,long dress,0.0,0.01886791952972845
5304,50,SS19,long dress,0.0,0.010291590196965237
5194,89,SS19,long sleeve,0.0,0.004166341291266372
5270,28,SS19,long dress,0.0,0.01715265366632141
5326,89,SS19,shorts,0.0,0.007968971289028251
5270,49,SS19,long dress,0.0,0.017152656509839312
5304,77,SS19,long dress,0.0188679245283018,0.017152653686989854
5304,68,SS19,long dress,0.0,0.0
5309,88,SS19,sleeveless,0.0,0.013975437135318734
5228,88,SS19,sleeveless,0.0566037735849056,0.03087091343081738
5255,3,SS19,gitana skirt,0.0,0.013722121930165117
4165,38,SS19,doll dress,0.0,0.012006856063856952
5201,89,SS19,long dress,0.0,0.01886791952723297
5270,102,SS19,long dress,0.0,0.015201107716638044
5227,88,SS19,sleeveless,0.0566037735849056,0.01886791953142521
5298,88,SS19,long cardigan,0.0,0.0024279285797778197
5304,73,SS19,long dress,0.0,0.015437387790236724
5201,88,SS19,long dress,0.0188679245283018,0.006250714706264612
5225,89,SS19,capris,0.0,0.0029097320676476886
5329,25,SS19,sleeveless,0.0,0.00033303270199678886
5270,21,SS19,long dress,0.0,0.02915951472084538
5270,95,SS19,long dress,0.0,6.147875402476027e-10
5277,88,SS19,culottes,0.0566037735849056,0.042881641695521035
5277,89,SS19,culottes,0.0,0.027444248860091013
5246,89,SS19,long sleeve,0.0,4.462360935188391e-05
5104,109,SS19,patterned top,0.0188679245283018,0.017152653659356847
5246,88,SS19,long sleeve,0.0,0.02058318539828631
5294,89,SS19,shorts,0.0,0.005289740139441507
4223,109,SS19,patterned top,0.0,0.00857632432968635
5301,13,SS19,short sleeves,0.0,0.004671832786182751
5273,51,SS19,sleeveless,0.0188679245283018,0.06585406573783753
5273,77,SS19,sleeveless,0.0188679245283018,0.020583185395108602
5315,59,SS19,solid color top,0.0,0.015437387797859223
4215,89,SS19,long sleeve,0.0,0.0017580614336683295
5280,5,SS19,solid color top,0.0,1.6279874544360702e-14
5304,30,SS19,long dress,0.0,0.041166375794159105
5202,89,SS19,long sleeve,0.0,0.030874780567223318
5212,89,SS19,culottes,0.0,0.0011817396910980948
5265,89,SS19,sleeveless,0.0,0.002075623533840533
5329,89,SS19,sleeveless,0.0,0.004440701629527274
5196,89,SS19,culottes,0.0,0.015175295833820105
5276,10,SS19,sleeveless,0.0,0.012006856062867955
3891,94,SS19,long sleeve,0.0,0.013722121929537508
5130,21,SS19,culottes,0.0,0.01543738779520773
5159,16,SS19,culottes,0.0,0.012006856063792171
5263,29,SS19,culottes,0.0,0.010291590197968943
5204,89,SS19,culottes,0.0,0.01886791952988277
5247,72,SS19,long sleeve,0.0,0.018867919536073415
4218,89,SS19,short sleeves,0.0,1.1775984646185293e-13
5247,109,SS19,long sleeve,0.0188679245283018,0.010291590195788361
5262,83,SS19,culottes,0.0,0.010291590197320549
5208,89,SS19,patterned top,0.0,1.2485745188166066e-25
4231,56,SS19,sleeveless,0.0,0.020583185391076345
5316,89,SS19,culottes,0.0,0.0032041257590965794
5278,88,SS19,long sleeve,0.0,0.012006856063873871
5324,88,SS19,long sleeve,0.0,0.018867919530548873
5262,65,SS19,culottes,0.0,0.0009332134680919786
5198,89,SS19,culottes,0.0,0.020583185398513046
5311,39,SS19,jumpsuit,0.0,0.008175564587735178
5291,89,SS19,solid color top,0.0,0.015437387790886936
5316,4,SS19,culottes,0.0,0.022298451261922776
5287,86,SS19,shorts,0.0,0.0004310342398524986
5291,53,SS19,solid color top,0.0188679245283018,0.012006856069537325
5218,89,SS19,long sleeve,0.0,0.0008774206772900085
5131,57,SS19,doll dress,0.0,0.015437499736078707
5245,88,SS19,culottes,0.0,0.03430531234380448
5279,88,SS19,doll dress,0.0,0.0038963717527797856
5297,89,SS19,long dress,0.0,1.386196189078435e-41
5192,89,SS19,sleeveless,0.0,0.020583185396165597
5209,89,SS19,patterned top,0.0,0.0015070675245613951
5209,109,SS19,patterned top,0.0,0.015437391174396527
5311,24,SS19,jumpsuit,0.0,0.003326497405232959
5311,52,SS19,jumpsuit,0.0,0.015437387794526495
5237,89,SS19,gitana skirt,0.0,0.005116279935675847
5236,40,SS19,gitana skirt,0.0,0.01029159019777956
5235,43,SS19,gitana skirt,0.0,0.01543738779467241
5219,89,SS19,culottes,0.0,0.01886791952462529
5320,4,SS19,long sleeve,0.0,0.02044303044848928
5311,89,SS19,jumpsuit,0.0,1.386196209734368e-41
5147,77,SS19,capris,0.0,0.006328013331672548
5217,89,SS19,sleeveless,0.0,0.022298454317058212
5244,89,SS19,long sleeve,0.0,0.041166375751824545
5267,89,SS19,solid color top,0.0,0.0005023010425434331
5311,101,SS19,jumpsuit,0.0,0.017152653662117247
5226,89,SS19,culottes,0.0,0.004259011881508189
4217,64,SS19,culottes,0.0377358490566037,0.010291590198149396
5245,89,SS19,culottes,0.0,0.0032358360771872563
5261,89,SS19,solid color top,0.0,0.012006856063255583
5198,64,SS19,culottes,0.0188679245283018,0.013722121928383483
5221,89,SS19,sleeveless,0.0,0.018867919528082408
5220,89,SS19,culottes,0.0,0.025728982988756876
5320,101,SS19,long sleeve,0.0,0.010291590197537512
5307,27,SS19,jumpsuit,0.0,0.0013898391309420971
5132,51,SS19,maxi,0.0,0.012006856061907744
5293,24,SS19,solid color top,0.0,0.01372212193327207
5216,22,SS19,doll dress,0.0,6.174150381586406e-05
5210,22,SS19,long dress,0.0,0.018867919527130714
4054,11,SS19,solid color top,0.0,0.010291590197567018
5161,51,SS19,patterned top,0.0,0.015437387798022147
5201,80,SS19,long dress,0.0,0.0038570460803460764
5325,88,SS19,sleeveless,0.0,0.012006856050619274
5255,92,SS19,gitana skirt,0.0,0.018867919524354914
5255,88,SS19,gitana skirt,0.0,0.012006856062781152
5223,89,SS19,gitana skirt,0.0,1.8605210306036644e-33
5309,63,SS19,sleeveless,0.0,0.03087478060017349
5298,60,SS19,long cardigan,0.0,0.017152653663104034
5228,89,SS19,sleeveless,0.0,0.005303533960542878
5206,89,SS19,shorts,0.0,0.004433891138423415
5311,33,SS19,jumpsuit,0.0,0.013688333265318538
4215,92,SS19,long sleeve,0.0,0.00045554706520166546
5210,64,SS19,long dress,0.0,0.018867919529566114
4223,38,SS19,patterned top,0.0,0.00686105847575466
5311,54,SS19,jumpsuit,0.0,0.013722121928736588
5148,89,SS19,sleeveless,0.0,0.00031221714407808
5256,88,SS19,long sleeve,0.0,0.015204430500358293
5311,90,SS19,jumpsuit,0.0,0.0007602686049766019
5282,88,SS19,long sleeve,0.0,0.018867919525647536
5230,89,SS19,short sleeves,0.0,0.015437393200536663
4233,3,SS19,solid color top,0.0,0.007712300006537108
4154,83,SS19,long sleeve,0.0,0.013722121927877005
5306,80,SS19,solid color top,0.0,0.018867919529337727
5315,24,SS19,solid color top,0.0,0.013722121930524661
5257,46,SS19,solid color top,0.0,0.02229845125964931
3978,3,SS19,long sleeve,0.0,0.010518021478156659
5304,24,SS19,long dress,0.0,0.018867924247147814
5304,88,SS19,long dress,0.0,0.0188679245283018
5304,79,SS19,long dress,0.0,0.018867919524801775
5260,95,SS19,culottes,0.0,0.015437393794452435
5317,88,SS19,short sleeves,0.0,0.013722121927656426
4231,43,SS19,sleeveless,0.0,0.017152653659663567
4192,84,SS19,doll dress,0.0,0.02401372098224765
5135,25,SS19,culottes,0.0,0.03573709463089438
5260,88,SS19,culottes,0.0188679245283018,0.01372212192849338
5304,59,SS19,long dress,0.0,0.017152653660804096
5270,88,SS19,long dress,0.0,0.006531901397714472
3949,117,SS19,long sleeve,0.0,0.013722121940078743
4166,38,SS19,sheath dress,0.0,0.010291590198052834
5285,51,SS19,solid color top,0.0,0.0154373877946112
3838,23,SS19,trapeze dress,0.0188679245283018,0.015437387801133086
5250,13,SS19,long dress,0.0188679245283018,0.022298451268787326
5091,51,SS19,long dress,0.0,0.006127531222185271
5266,14,SS19,sleeveless,0.0,0.04650871666864076
5266,35,SS19,sleeveless,0.0,0.022298451260957006
5327,92,SS19,patterned top,0.0,0.018867926976401415
5217,92,SS19,sleeveless,0.0,0.00476296037182127
4211,92,SS19,culottes,0.0,0.004122437072178358
4202,75,SS19,doll dress,0.0,0.015437387798738897
3778,117,SS19,trapeze dress,0.0,0.004985524718345801
4094,69,SS19,doll dress,0.0,0.000765201784055891
5191,89,SS19,solid color top,0.0,0.0005485572695242186
3778,32,SS19,trapeze dress,0.0,0.014902725612862596
4204,0,SS19,culottes,0.0,0.013722121924614925
5320,89,SS19,long sleeve,0.0,0.017152653655278138
5236,5,SS19,gitana skirt,0.0,0.02058318539416489
5251,22,SS19,culottes,0.0,0.012006856064431453
5301,88,SS19,short sleeves,0.0,0.01715265366252158
5324,13,SS19,long sleeve,0.0,0.015437387785104298
5324,3,SS19,long sleeve,0.0,0.01886791953842225
4218,92,SS19,short sleeves,0.0,0.009225229338960824
5294,67,SS19,shorts,0.0,0.0050294660212800825
5110,74,SS19,short sleeves,0.0188679245283018,0.0008311887642218376
5328,92,SS19,patterned top,0.0,0.020583185399848672
5293,19,SS19,solid color top,0.0,0.015437387792761074
3833,12,SS19,patterned top,0.0,0.006728475887257905
3833,94,SS19,patterned top,0.0,0.012006856063255583
5145,93,SS19,doll dress,0.0,0.01200685606169527
5189,64,SS19,culottes,0.0,0.0005023010425434331
5319,92,SS19,sleeveless,0.0,0.013722121932037428
5250,88,SS19,long dress,0.0,0.029159519570965797
5150,10,SS19,doll dress,0.0,0.015437387795669217
5150,33,SS19,doll dress,0.0,0.010291590192787031
5306,48,SS19,solid color top,0.0,0.013722121923218896
3718,80,SS19,culottes,0.0,0.01372212193115287
5273,14,SS19,sleeveless,0.0,0.017152653675101708
5136,56,SS19,jumpsuit,0.0,0.013722121932338365
5229,89,SS19,short sleeves,0.0,0.01715265365892527
5308,92,SS19,culottes,0.0,0.017152653659629976
4202,11,SS19,doll dress,0.0,0.006861058467818277
5292,88,SS19,drop sleeve,0.0,0.025728982990120216
5304,89,SS19,long dress,0.0,8.836207944808775e-05
3884,53,SS19,doll dress,0.0,0.0037313219066347158
5257,35,SS19,solid color top,0.0,0.017152653660506795
5282,92,SS19,long sleeve,0.0,0.012006856064322466
3781,117,SS19,doll dress,0.0,0.0030256168701257736
3838,104,SS19,trapeze dress,0.0,0.013722121919834244
5324,25,SS19,long sleeve,0.0,0.013722121929297181
4242,30,SS19,sleeveless,0.0,0.018867919558349645
5323,88,SS19,drop sleeve,0.0,0.018867919527358737
5298,92,SS19,long cardigan,0.0,0.01886791952877253
5285,22,SS19,solid color top,0.0,5.474979542920706e-05
5323,40,SS19,drop sleeve,0.0,0.015437387794899225
5209,92,SS19,patterned top,0.0,0.013722121927394009
5285,30,SS19,solid color top,0.0,0.008787420369649288
5285,19,SS19,solid color top,0.0,0.013722121928961419
3983,21,SS19,doll dress,0.0,0.0034960494953687237
5256,52,SS19,long sleeve,0.0,0.012006856069467243
5228,18,SS19,sleeveless,0.0,0.012006856062846539
5323,25,SS19,drop sleeve,0.0,0.015437387801879584
5315,48,SS19,solid color top,0.0,0.003866686294985744
5306,22,SS19,solid color top,0.0,0.00018701305009476133
4094,109,SS19,doll dress,0.0,0.01715265680154584
4083,4,SS19,long sleeve,0.0,0.018867919526099765
4083,66,SS19,long sleeve,0.0,0.005126695822481879
4219,91,SS19,short sleeves,0.0,0.015437387792751845
5269,91,SS19,culottes,0.0,0.0009347982133194782
4027,117,SS19,long sleeve,0.0,0.01200685606187487
4058,66,SS19,long sleeve,0.0188679245283018,0.013722121930142208
4221,91,SS19,culottes,0.0,0.0001630850020433242
4103,10,SS19,sleeveless,0.0,0.00041631173219908087
5292,91,SS19,drop sleeve,0.0,5.91201201170016e-14
3977,11,SS19,culottes,0.0,0.013722121929834167
5159,88,SS19,culottes,0.0,0.013722121928254227
5244,88,SS19,long sleeve,0.0,0.046312173312849834
3978,46,SS19,long sleeve,0.0,0.0035769434655461476
3900,107,SS19,long sleeve,0.0,0.013722121934020046
5228,67,SS19,sleeveless,0.0,0.012006856064322466
4225,4,SS19,sleeveless,0.0,0.002878066051470598
5252,88,SS19,culottes,0.0,0.02401371713426924
5183,74,SS19,sleeveless,0.0,0.015437387778614973
5267,91,SS19,solid color top,0.0,0.020583185557868474
5165,25,SS19,long sleeve,0.0,0.020583185399435808
5272,91,SS19,shorts,0.0,0.0009305729321535504
5241,0,SS19,long sleeve,0.0,0.013722121932195713
5241,89,SS19,long sleeve,0.0,0.004912620923592976
3983,88,SS19,doll dress,0.0,0.0015749794626706208
5320,88,SS19,long sleeve,0.0,0.00408064431547156
3791,88,SS19,doll dress,0.0,2.5405786616688068e-05
4143,66,SS19,culottes,0.0,1.3861962097343671e-41
4058,76,SS19,long sleeve,0.0,0.0010016428438716027
5277,91,SS19,culottes,0.0,0.004597094729191087
5323,92,SS19,drop sleeve,0.0,0.013722121932338365
4103,92,SS19,sleeveless,0.0,9.351713422945116e-05
4103,88,SS19,sleeveless,0.0,0.037735844061061175
4229,74,SS19,drop sleeve,0.0,0.024013717158052235
5315,91,SS19,solid color top,0.0,0.024013717127214004
3838,95,SS19,trapeze dress,0.0,0.001407625822286085
4010,3,SS19,long sleeve,0.0,0.005120684093713362
3816,109,SS19,culottes,0.0,0.0008048135325295277
5154,95,SS19,long sleeve,0.0,0.002072166269881072
4242,95,SS19,sleeveless,0.0,0.01200685606524374
5304,0,SS19,long dress,0.0,2.353164264223735e-09
3731,74,SS19,long sleeve,0.0,1.2485745281192115e-25
5259,91,SS19,patterned top,0.0,0.0045447025455215475
4126,88,SS19,short sleeves,0.0188679245283018,0.003966303325895822
3731,0,SS19,long sleeve,0.0,0.0002477858918407578
5444,76,AW19,long sleeve,0.0,0.02229845126081865
5434,57,AW19,culottes,0.0,0.012006856064354334
5005,31,AW19,short sleeves,0.0754716981132075,0.010291590197982937
5005,12,AW19,short sleeves,0.0188679245283018,0.018867919529111293
5336,6,AW19,long sleeve,0.0188679245283018,0.008576324330826833
5434,22,AW19,culottes,0.0,0.015437387792364286
5434,75,AW19,culottes,0.0188679245283018,0.008576324331220221
5434,94,AW19,culottes,0.0,0.02229845126328871
5434,65,AW19,culottes,0.0,0.005070714664638857
5434,12,AW19,culottes,0.0377358490566037,0.017152653662631714
5434,30,AW19,culottes,0.0377358490566037,0.013722125480615004
5444,74,AW19,long sleeve,0.0188679245283018,0.012006856062847805
5444,35,AW19,long sleeve,0.0,0.015437387794734104
5444,36,AW19,long sleeve,0.0,0.017152653663753417
4980,79,AW19,long sleeve,0.0,0.010291590198702804
5444,41,AW19,long sleeve,0.0,0.022298451259055378
5444,48,AW19,long sleeve,0.0,0.013722121929848022
5015,40,AW19,medium coat,0.0,0.010291590197713939
4972,105,AW19,culottes,0.0,0.020583185396255445
5444,75,AW19,long sleeve,0.0,0.013722125582513496
5409,81,AW19,culottes,0.0188679245283018,0.020583185393498172
5409,35,AW19,culottes,0.0,0.01886792258901364
5422,28,AW19,long sleeve,0.0188679245283018,8.379041695284183e-18
5409,109,AW19,culottes,0.0,0.017152653658117294
5409,101,AW19,culottes,0.0188679245283018,0.005850776253950328
5409,1,AW19,culottes,0.0,0.01715265366360359
4992,109,AW19,long coat,0.0377358490566037,0.0541431274926234
5409,22,AW19,culottes,0.0,0.018867919539951903
5409,33,AW19,culottes,0.0,0.012006856063636282
5409,93,AW19,culottes,0.0377358490566037,0.008576324330791345
5409,16,AW19,culottes,0.0377358490566037,0.015437387795618734
5409,56,AW19,culottes,0.0188679245283018,0.012006856060090604
5409,28,AW19,culottes,0.0188679245283018,0.01715265365682713
5409,43,AW19,culottes,0.0,0.013722127005674722
5409,92,AW19,culottes,0.0,4.189520910070807e-18
5409,14,AW19,culottes,0.0,0.015437387796665836
5422,86,AW19,long sleeve,0.0,0.013722121932284703
5409,31,AW19,culottes,0.0,0.01886791952967479
5409,15,AW19,culottes,0.0,0.015437387795980046
5409,30,AW19,culottes,0.0,0.025728982996324524
5422,65,AW19,long sleeve,0.0188679245283018,0.003993505444207834
5422,7,AW19,long sleeve,0.0,0.018867919526058142
5444,105,AW19,long sleeve,0.0188679245283018,0.010291590198344164
4975,100,AW19,culottes,0.0,0.013209093951331623
5386,30,AW19,long sleeve,0.0,0.007981125880699078
5382,61,AW19,long sleeve,0.0,0.01543738779557642
5441,35,AW19,long dress,0.0,0.024013717126160433
5458,52,AW19,sleeveless,0.0,0.013722121930210383
5396,19,AW19,long sleeve,0.0,0.018867924485130257
5455,4,AW19,solid color top,0.0,0.03430531232344236
5396,7,AW19,long sleeve,0.0,0.017152653662696235
5458,76,AW19,sleeveless,0.0188679245283018,0.01372212193228227
5396,96,AW19,long sleeve,0.0,0.0011063892430091293
5374,41,AW19,long sleeve,0.0188679245283018,0.008576324331018516
5458,38,AW19,sleeveless,0.0188679245283018,0.010291590198058321
4905,102,AW19,doll dress,0.0188679245283018,0.008576324331249144
5374,35,AW19,long sleeve,0.0188679245283018,0.017152653667210926
5458,22,AW19,sleeveless,0.0,0.02058318539734602
4905,105,AW19,doll dress,0.0377358490566037,0.01029159019746966
5464,20,AW19,sheath dress,0.0,0.01372212192760424
5385,117,AW19,doll dress,0.0,0.020583188637118333
5385,88,AW19,doll dress,0.0,0.013722121940462167
5464,82,AW19,sheath dress,0.0,0.015437387790529044
5455,103,AW19,solid color top,0.0188679245283018,0.046321602147224625
5455,8,AW19,solid color top,0.0,0.0325900464415805
5464,67,AW19,sheath dress,0.0,0.01097670998746745
5055,30,AW19,culottes,0.0,0.020583185395736857
5458,53,AW19,sleeveless,0.0,0.017152658949352056
5464,18,AW19,sheath dress,0.0188679245283018,0.013722121913786264
5390,88,AW19,miniskirt,0.0,0.015437387790914024
5458,13,AW19,sleeveless,0.0,0.01200685606225729
5458,56,AW19,sleeveless,0.0,0.010291590197553577
5396,39,AW19,long sleeve,0.0,0.022298451274428078
5448,9,AW19,medium coat,0.0,0.020583185394189487
5448,73,AW19,medium coat,0.0,0.010021742382740893
5448,80,AW19,medium coat,0.0,4.189520847642081e-18
5448,39,AW19,medium coat,0.0188679245283018,0.01715265366596589
5448,48,AW19,medium coat,0.0188679245283018,2.0655932859755092e-49
5448,75,AW19,medium coat,0.0,0.02915951472429108
5458,80,AW19,sleeveless,0.0,0.027444248857918258
5448,105,AW19,medium coat,0.0,0.02401372079004872
5448,84,AW19,medium coat,0.0,0.012006856066105505
5448,66,AW19,medium coat,0.0,0.010238529913625376
5448,94,AW19,medium coat,0.0188679245283018,0.018867919527287634
5448,31,AW19,medium coat,0.0,0.012691109202596237
5448,7,AW19,medium coat,0.0,0.022298451260986698
5448,49,AW19,medium coat,0.0188679245283018,0.03259005205864092
5448,10,AW19,medium coat,0.0,0.03259005124306171
5448,2,AW19,medium coat,0.0,0.0043823873817439955
5448,30,AW19,medium coat,0.0,0.03773584405862279
5458,9,AW19,sleeveless,0.0,0.013722121927780849
5063,103,AW19,kimono dress,0.0,0.013722121932964675
5076,6,AW19,sheath dress,0.0,0.01372212192611639
5464,39,AW19,sheath dress,0.0188679245283018,0.017152653663012236
5396,56,AW19,long sleeve,0.0188679245283018,0.0007200617262362003
5396,28,AW19,long sleeve,0.0,0.018867919530443894
5464,115,AW19,sheath dress,0.0,0.015437387797090156
5358,8,AW19,long sleeve,0.0,0.0031192715460429334
5455,21,AW19,solid color top,0.0377358490566037,0.05145797096806621
5458,8,AW19,sleeveless,0.0,0.01372212192880117
5441,86,AW19,long dress,0.0,0.01886791952748537
5455,125,AW19,solid color top,0.0188679245283018,0.0058721577400333924
5343,41,AW19,long sleeve,0.0,0.0029143764987561464
5343,46,AW19,long sleeve,0.0,0.0006378592295984805
5343,106,AW19,long sleeve,0.0,0.005258606858797148
5441,80,AW19,long dress,0.0377358490566037,0.027444248855675375
5416,63,AW19,long sleeve,0.0188679245283018,0.002099499289276759
5343,9,AW19,long sleeve,0.0188679245283018,0.017152653665001363
5006,3,AW19,short sleeves,0.0188679245283018,0.012006856065823733
5440,48,AW19,sleeveless,0.0,0.015437387795882673
5455,104,AW19,solid color top,0.0188679245283018,0.015437387796092866
5441,3,AW19,long dress,0.0,0.015437387794894536
5441,5,AW19,long dress,0.0377358490566037,0.02744425242790259
5416,90,AW19,long sleeve,0.0188679245283018,0.00840505321281109
5441,56,AW19,long dress,0.0188679245283018,0.008576075961839104
5416,40,AW19,long sleeve,0.0,0.01715265762265973
5416,76,AW19,long sleeve,0.0,0.020583185385518607
5440,73,AW19,sleeveless,0.0,0.01715265366069488
5455,29,AW19,solid color top,0.0377358490566037,0.03259004645766018
5416,31,AW19,long sleeve,0.0,0.00972949324779078
5416,54,AW19,long sleeve,0.0,0.013722121931522243
5441,106,AW19,long dress,0.0,0.010291590197192389
5382,26,AW19,long sleeve,0.0188679245283018,0.01029159019821107
5440,31,AW19,sleeveless,0.0,0.017152653660924125
5382,35,AW19,long sleeve,0.0,0.004170090589078796
5455,115,AW19,solid color top,0.0,0.03259004645759471
5362,82,AW19,long sleeve,0.0,0.0036548411482999225
5358,107,AW19,long sleeve,0.0,0.003098633812328658
5366,68,AW19,long sleeve,0.0188679245283018,0.00857632917130283
5441,2,AW19,long dress,0.0188679245283018,0.017152653666551786
5366,26,AW19,long sleeve,0.0188679245283018,0.00857632433109295
5465,73,AW19,long coat,0.0188679245283018,0.012006856062046222
5366,103,AW19,long sleeve,0.0,0.01372212192655054
5358,89,AW19,long sleeve,0.0,0.0013938360081225207
5458,29,AW19,sleeveless,0.0,0.02915951472654643
5367,73,AW19,long sleeve,0.0377358490566037,0.0007689315063255747
5367,5,AW19,long sleeve,0.0,0.013722125862003604
5441,15,AW19,long dress,0.0,0.02744424885789999
5441,31,AW19,long dress,0.0566037735849056,0.01715265366247749
5367,46,AW19,long sleeve,0.0,0.012006859547905794
5364,68,AW19,long sleeve,0.0,0.01372212192595379
5392,36,AW19,long sleeve,0.0188679245283018,8.787456724173479e-05
5458,41,AW19,sleeveless,0.0,0.018867919527916794
5440,30,AW19,sleeveless,0.0,0.01715265366583018
5440,12,AW19,sleeveless,0.0,0.027444248859929025
5362,64,AW19,long sleeve,0.0,6.174150381586406e-05
5392,43,AW19,long sleeve,0.0,0.01372212192591774
5392,10,AW19,long sleeve,0.0188679245283018,0.012006856058888911
5362,74,AW19,long sleeve,0.0,0.0024169551826752483
5362,67,AW19,long sleeve,0.0,0.015437387799970975
5362,56,AW19,long sleeve,0.0,0.01715265365541651
4946,15,AW19,short sleeves,0.0754716981132075,0.0085763243322017
5428,65,AW19,sheath dress,0.0,0.01029159019599048
5444,95,AW19,long sleeve,0.0188679245283018,0.012006859043430441
5447,82,AW19,solid color top,0.0188679245283018,4.189520910070805e-18
5447,20,AW19,solid color top,0.0,0.010291590196965237
5447,1,AW19,solid color top,0.0,0.01886792452830123
5455,28,AW19,solid color top,0.0,0.03773584406133996
5399,36,AW19,long sleeve,0.0566037735849056,0.010291590197521211
5447,86,AW19,solid color top,0.0,0.007949592466333413
5455,15,AW19,solid color top,0.0566037735849056,0.04631217599308244
5407,40,AW19,long sleeve,0.0188679245283018,0.01543738779995631
4587,125,AW19,drop sleeve,0.0,9.302605291637914e-34
5460,41,AW19,kimono dress,0.0377358490566037,0.015437387791546256
5064,60,AW19,kimono dress,0.0377358490566037,0.012006856063063955
5447,49,AW19,solid color top,0.0188679245283018,0.01543739393723239
5407,4,AW19,long sleeve,0.0,0.020583185390661837
5447,12,AW19,solid color top,0.0,0.018820932928446207
5425,12,AW19,long sleeve,0.0,0.015437387798269833
5460,29,AW19,kimono dress,0.0,0.0188679195330982
5447,19,AW19,solid color top,0.0,0.024013720401156544
5447,100,AW19,solid color top,0.0,0.03087478059690905
5069,67,AW19,long sleeve,0.0,0.012006856064303588
5466,12,AW19,kimono dress,0.0188679245283018,0.020583185389952234
5454,43,AW19,culottes,0.0,0.0325900464553922
5047,13,AW19,long sleeve,0.0188679245283018,0.00857632433109295
5454,39,AW19,culottes,0.0188679245283018,0.024013717127342835
5386,7,AW19,long sleeve,0.0,0.017152653667178414
5455,121,AW19,solid color top,0.0,0.017152653659102665
5407,30,AW19,long sleeve,0.0,5.074627986184019e-05
5454,3,AW19,culottes,0.0,0.032590046462367614
5399,100,AW19,long sleeve,0.0,0.008576324328702825
5407,76,AW19,long sleeve,0.0188679245283018,0.005346302392753803
5407,68,AW19,long sleeve,0.0188679245283018,0.013722121931902812
5407,42,AW19,long sleeve,0.0,0.010291590197379947
5407,61,AW19,long sleeve,0.0,0.0038570460803460764
5407,83,AW19,long sleeve,0.0,0.018867919530086447
5454,5,AW19,culottes,0.0188679245283018,0.013722126700455688
5383,117,AW19,culottes,0.0,0.015437387796902154
5383,49,AW19,culottes,0.0,0.006169906621317816
5383,30,AW19,culottes,0.0,0.015437387799367866
4587,105,AW19,drop sleeve,0.0,0.037735849097883696
5454,51,AW19,culottes,0.0188679245283018,0.05412388113014257
4989,115,AW19,miniskirt,0.0377358490566037,0.012006856066873206
5425,13,AW19,long sleeve,0.0,0.017152653662591708
5460,22,AW19,kimono dress,0.0,0.013354529972396499
5455,6,AW19,solid color top,0.0188679245283018,0.00857632433116659
5460,93,AW19,kimono dress,0.0188679245283018,0.012006856064151328
5455,31,AW19,solid color top,0.0188679245283018,0.034305312328962764
5460,50,AW19,kimono dress,0.0,0.02098324766241148
5389,0,AW19,long sleeve,0.0377358490566037,0.018867919528495317
5460,80,AW19,kimono dress,0.0,0.015437387798963895
5389,18,AW19,long sleeve,0.0,0.029159514725822688
5389,46,AW19,long sleeve,0.0,0.026675495259684
5460,43,AW19,kimono dress,0.0,8.040849922785352e-05
5460,14,AW19,kimono dress,0.0,0.013722128028631613
5389,36,AW19,long sleeve,0.0188679245283018,0.044596907440151955
5389,40,AW19,long sleeve,0.0,0.03773584407933552
5455,65,AW19,solid color top,0.0188679245283018,0.03259004646114516
5460,65,AW19,kimono dress,0.0,0.015437387796493797
5377,35,AW19,long sleeve,0.0,0.015292678736538305
5455,33,AW19,solid color top,0.0,0.018867919522934998
5460,51,AW19,kimono dress,0.0188679245283018,0.017152653664630972
5455,86,AW19,solid color top,0.0,0.06346483204955879
5460,77,AW19,kimono dress,0.0,0.00012595796807811683
5069,103,AW19,long sleeve,0.0377358490566037,0.013722121923349054
5425,93,AW19,long sleeve,0.0377358490566037,0.005028933780984365
5460,57,AW19,kimono dress,0.0,0.0014271407245369995
5425,89,AW19,long sleeve,0.0,0.012006856064175465
5454,106,AW19,culottes,0.0,0.0154373878000725
5460,36,AW19,kimono dress,0.0,0.013722121932347344
5460,81,AW19,kimono dress,0.0188679245283018,0.015437387798504976
5425,109,AW19,long sleeve,0.0,0.01029159019835788
5425,74,AW19,long sleeve,0.0,0.00028659001917247527
5425,100,AW19,long sleeve,0.0,0.010291590196712585
5436,64,AW19,long sleeve,0.0,0.07547169755089952
5455,80,AW19,solid color top,0.0188679245283018,0.03602055802581334
5389,115,AW19,long sleeve,0.0188679245283018,0.004640358749797228
5377,83,AW19,long sleeve,0.0,0.008219313170008614
5389,21,AW19,long sleeve,0.0,0.04631217337702748
5454,53,AW19,culottes,0.0188679245283018,0.0188679195261082
5455,99,AW19,solid color top,0.0,0.02058318538954529
5389,63,AW19,long sleeve,0.0,0.027444248846833264
5455,5,AW19,solid color top,0.0,0.025728982986978417
5431,115,AW19,kimono dress,0.0377358490566037,0.01372212521219768
5417,18,AW19,long sleeve,0.0,0.015437387800099704
5417,67,AW19,long sleeve,0.0188679245283018,0.012006856063349527
5455,42,AW19,solid color top,0.0,0.01715265366054496
5455,61,AW19,solid color top,0.0,0.018867924474910244
5455,49,AW19,solid color top,0.0,0.04802743926448088
5459,14,AW19,culottes,0.0,0.017152657211445276
5377,86,AW19,long sleeve,0.0,0.0038591802727596376
5456,56,AW19,long sleeve,0.0,0.010291590197386638
5459,73,AW19,culottes,0.0566037735849056,0.015437387797556181
5436,13,AW19,long sleeve,0.0,0.023751236606809504
5377,66,AW19,long sleeve,0.0188679245283018,0.01200685606956525
4969,19,AW19,long sleeve,0.0,0.025728982990237213
5446,94,AW19,long sleeve,0.0,0.011153229229035175
5455,107,AW19,solid color top,0.0188679245283018,0.029159514722526605
5436,89,AW19,long sleeve,0.0188679245283018,0.01886791953056048
5459,50,AW19,culottes,0.0188679245283018,0.01372212192815217
5459,22,AW19,culottes,0.0,0.018867924144309146
5459,51,AW19,culottes,0.0377358490566037,0.025728986319440938
5455,82,AW19,solid color top,0.0,0.030874780593939857
5377,3,AW19,long sleeve,0.0188679245283018,0.006962782703860723
4936,100,AW19,short sleeves,0.0188679245283018,0.012587817896667136
5455,47,AW19,solid color top,0.0188679245283018,0.024013717123998798
5455,22,AW19,solid color top,0.0188679245283018,0.025728982984091864
5455,54,AW19,solid color top,0.0188679245283018,0.025728982994185277
5455,45,AW19,solid color top,0.0188679245283018,0.02058319069176758
4891,88,AW19,trapeze dress,0.0377358490566037,0.013722121930466962
5455,76,AW19,solid color top,0.0566037735849056,0.03602057818581054
5456,19,AW19,long sleeve,0.0188679245283018,0.010291590197607819
5455,51,AW19,solid color top,0.0,0.030874780594281177
5455,96,AW19,solid color top,0.0377358490566037,0.012006856064204107
5070,39,AW19,long coat,0.0188679245283018,0.01200685606106836
5455,13,AW19,solid color top,0.0,0.0274442488574178
5377,52,AW19,long sleeve,0.0,0.0037486033676316977
5331,21,AW19,solid color top,0.0,0.015437387798527427
5331,32,AW19,solid color top,0.0188679245283018,0.013722121931863833
5459,31,AW19,culottes,0.0188679245283018,0.02058318539624326
5456,12,AW19,long sleeve,0.0188679245283018,0.010291590188056159
5070,89,AW19,long coat,0.0,0.006121311158162722
4936,86,AW19,short sleeves,0.0,0.012006856063726715
5455,72,AW19,solid color top,0.0,0.027444248864358586
5455,7,AW19,solid color top,0.0188679245283018,0.024013717120165062
5459,20,AW19,culottes,0.0188679245283018,0.018867919525111278
5455,85,AW19,solid color top,0.0,0.024013717125374732
5064,89,AW19,kimono dress,0.0,0.0012892006786727034
5454,54,AW19,culottes,0.0188679245283018,0.013722124937680099
5466,51,AW19,kimono dress,0.0,0.03087478059136344
5466,22,AW19,kimono dress,0.0188679245283018,0.020583185416283154
5466,93,AW19,kimono dress,0.0188679245283018,0.01029159019854716
5466,50,AW19,kimono dress,0.0,0.032590046456868575
5466,13,AW19,kimono dress,0.0,0.034305312324953784
5455,43,AW19,solid color top,0.0377358490566037,0.020583185390727114
4921,105,AW19,culottes,0.0188679245283018,0.0005724457005589738
5047,49,AW19,long sleeve,0.0,0.015437387799042347
5417,43,AW19,long sleeve,0.0188679245283018,0.013278517694412007
5417,88,AW19,long sleeve,0.0,0.017152653663968013
4966,15,AW19,long duster,0.1698113207547169,0.01200685606179666
5417,6,AW19,long sleeve,0.0,0.01715265367695086
5064,39,AW19,kimono dress,0.0,0.012006856061319626
5454,31,AW19,culottes,0.0188679245283018,0.017152653662210863
5417,51,AW19,long sleeve,0.0188679245283018,0.012006856063589878
5459,64,AW19,culottes,0.0377358490566037,0.037735849056603696
5454,84,AW19,culottes,0.0,0.004320403105201699
5466,1,AW19,kimono dress,0.0,0.022298454507946954
5466,83,AW19,kimono dress,0.0188679245283018,0.017152653661867735
5440,36,AW19,sleeveless,0.0,0.022298451257954134
5459,106,AW19,culottes,0.0188679245283018,0.010291590196400996
5459,53,AW19,culottes,0.0188679245283018,0.022298454710579653
5446,30,AW19,long sleeve,0.0377358490566037,0.01200685606421769
5440,18,AW19,sleeveless,0.0,0.018867919523371218
5436,77,AW19,long sleeve,0.0377358490566037,0.013722125690722802
5459,40,AW19,culottes,0.0377358490566037,0.020583185392560092
5064,29,AW19,kimono dress,0.0,0.017152653662681015
5355,33,AW19,long sleeve,0.0,0.012006856061439005
5355,65,AW19,long sleeve,0.0,0.01715265366199658
5436,83,AW19,long sleeve,0.0188679245283018,0.010291590197648507
5463,30,AW19,sheath dress,0.0,0.029159514706345164
5466,36,AW19,kimono dress,0.0,0.0240137171308507
4965,19,AW19,long duster,0.0377358490566037,0.012006856061737334
5466,40,AW19,kimono dress,0.0,0.013722121930507118
5459,30,AW19,culottes,0.0,0.07652185617993416
5064,35,AW19,kimono dress,0.0,0.020583185394314273
5459,21,AW19,culottes,0.0566037735849056,0.016643102901536245
5455,66,AW19,solid color top,0.0,0.030874780562779973
5460,12,AW19,kimono dress,0.0,0.008198869831720936
5460,62,AW19,kimono dress,0.0,0.012006856056325666
5371,104,AW19,long sleeve,0.0,0.01057642512910529
5369,65,AW19,medium cardigan,0.0,0.015437387795698138
4771,42,AW19,medium coat,0.0754716981132075,0.024013717114484596
5369,68,AW19,medium cardigan,0.0,0.010291590197438888
4771,13,AW19,medium coat,0.0188679245283018,0.03773584407195129
4771,28,AW19,medium coat,0.0188679245283018,0.015437387797542097
5455,75,AW19,solid color top,0.0754716981132075,0.017152653660710466
5386,36,AW19,long sleeve,0.0,0.017152653655632386
5386,81,AW19,long sleeve,0.0,0.01372212640616964
5386,53,AW19,long sleeve,0.0,0.022298451251418876
4771,73,AW19,medium coat,0.1132075471698113,0.024013717125477806
5436,7,AW19,long sleeve,0.0188679245283018,0.020583185420548877
4990,110,AW19,long sleeve,0.0377358490566037,0.012006856062233477
5386,47,AW19,long sleeve,0.0,0.02744424887444789
5386,68,AW19,long sleeve,0.0,0.010291590197621311
5463,1,AW19,sheath dress,0.0188679245283018,0.018867924247147814
4771,75,AW19,medium coat,0.0377358490566037,0.025728982996258542
5371,21,AW19,long sleeve,0.0188679245283018,0.010291590196539193
5455,105,AW19,solid color top,0.0,0.01886792480945579
5371,67,AW19,long sleeve,0.0,0.01543738779559204
4805,30,AW19,short sleeves,0.0188679245283018,0.01200685605895931
5368,115,AW19,long sleeve,0.0188679245283018,0.02915951472039945
5354,35,AW19,long sleeve,0.0188679245283018,0.010291595997399441
5394,4,AW19,maxi,0.0188679245283018,0.013722121928740894
5394,8,AW19,maxi,0.0,0.03259004645166066
5354,18,AW19,long sleeve,0.0,0.012006856062327159
5361,105,AW19,long sleeve,0.0,0.015437387800340338
5386,64,AW19,long sleeve,0.0188679245283018,0.01543738779345497
5386,115,AW19,long sleeve,0.0188679245283018,0.02229845478742674
5386,21,AW19,long sleeve,0.0,0.027444248860626328
5361,115,AW19,long sleeve,0.0,0.03764109719864863
5371,96,AW19,long sleeve,0.0,0.012006856063434275
4762,88,AW19,medium coat,0.0377358490566037,0.017152653662591708
5371,10,AW19,long sleeve,0.0,0.015437391220905395
5371,39,AW19,long sleeve,0.0377358490566037,0.01029159019602973
4762,30,AW19,medium coat,0.0,0.01886791951654399
4771,64,AW19,medium coat,0.0566037735849056,0.022298451254116773
5025,69,AW19,long sleeve,0.0188679245283018,0.07262504790923616
5371,22,AW19,long sleeve,0.0,0.01543738779537845
5394,35,AW19,maxi,0.0,6.650106926508285e-07
4763,57,AW19,medium coat,0.0,0.017152653664619776
5386,76,AW19,long sleeve,0.0188679245283018,0.01715265762143995
5418,12,AW19,short cardigan,0.0377358490566037,0.01618041004112475
5334,38,AW19,long sleeve,0.0,0.013722121924256784
5348,50,AW19,culottes,0.0,0.012006856064706268
5418,19,AW19,short cardigan,0.0,0.01276589311953395
5418,80,AW19,short cardigan,0.0,0.018867919529577278
5334,117,AW19,long sleeve,0.0377358490566037,0.008576324331694335
5334,16,AW19,long sleeve,0.0,0.015437387783858366
5455,19,AW19,solid color top,0.0188679245283018,0.030874780599801494
5334,3,AW19,long sleeve,0.0,0.025728982986426896
5334,14,AW19,long sleeve,0.0,0.017152653657425555
5418,107,AW19,short cardigan,0.0188679245283018,0.012006856062788668
5334,75,AW19,long sleeve,0.0188679245283018,0.041026983381497475
5334,19,AW19,long sleeve,0.0,0.017152657259662127
5334,31,AW19,long sleeve,0.0188679245283018,0.04974270513693882
5429,64,AW19,patterned top,0.0,0.010291590197736667
5334,96,AW19,long sleeve,0.0,0.022298451263209534
5418,40,AW19,short cardigan,0.0377358490566037,0.025728982993524933
5334,53,AW19,long sleeve,0.0,0.022298451256233066
5468,103,AW19,culottes,0.0188679245283018,0.010291590201986887
5334,40,AW19,long sleeve,0.0,0.020583185404772036
5334,18,AW19,long sleeve,0.0377358490566037,0.04459690750414763
4763,74,AW19,medium coat,0.0,0.03602057819396825
5386,45,AW19,long sleeve,0.0,0.015437387799653193
5455,40,AW19,solid color top,0.0188679245283018,0.0411663757997128
5463,121,AW19,sheath dress,0.0,0.015437391542060567
4990,107,AW19,long sleeve,0.0188679245283018,0.008576324330089953
5380,85,AW19,long sleeve,0.0188679245283018,0.008576324331578428
5455,9,AW19,solid color top,0.0,0.024013717124661382
5059,14,AW19,kimono dress,0.0377358490566037,0.00016899750260931774
4947,105,AW19,culottes,0.0,0.006861058464859112
5342,33,AW19,short cardigan,0.0,0.013722121931315319
5386,9,AW19,long sleeve,0.0,0.018867919527858018
5334,104,AW19,long sleeve,0.0188679245283018,0.024013717109976556
5334,125,AW19,long sleeve,0.0,0.01543738778844895
5334,100,AW19,long sleeve,0.0188679245283018,0.005609750820764403
4810,105,AW19,trapeze dress,0.0,0.010291590195332516
5334,103,AW19,long sleeve,0.0,0.0377358440586935
5368,54,AW19,long sleeve,0.0,0.018867925371763752
5334,69,AW19,long sleeve,0.0,0.020583185386147104
5394,74,AW19,maxi,0.0,0.01543738779689237
4779,79,AW19,medium coat,0.0377358490566037,0.04017507450773637
5394,121,AW19,maxi,0.0377358490566037,0.018867919529115793
4820,30,AW19,short sleeves,0.0566037735849056,0.008576324330652611
4820,18,AW19,short sleeves,0.0,0.013722125319236124
5018,109,AW19,long sleeve,0.0188679245283018,0.008576324330089953
5432,80,AW19,kimono dress,0.0,0.0028644228016592574
4778,67,AW19,medium coat,0.0,0.01200685606310423
4981,0,AW19,doll dress,0.0188679245283018,0.008576324331089178
4981,68,AW19,doll dress,0.0188679245283018,0.010291590198195682
5018,13,AW19,long sleeve,0.0188679245283018,0.0068610584669928625
4981,117,AW19,doll dress,0.0,0.0102915901972767
4987,83,AW19,long dress,0.0188679245283018,0.010291590196813348
4778,121,AW19,medium coat,0.0,0.010291590196712585
5468,51,AW19,culottes,0.0377358490566037,0.012006856063870015
5389,45,AW19,long sleeve,0.0377358490566037,0.022298451264635883
5059,89,AW19,kimono dress,0.0,0.01715265366343505
5069,41,AW19,long sleeve,0.0566037735849056,0.015437387794201158
4778,20,AW19,medium coat,0.0,0.0015579950674447108
5368,75,AW19,long sleeve,0.0,0.039451109925287005
5432,106,AW19,kimono dress,0.0188679245283018,0.0036003911775353554
5432,69,AW19,kimono dress,0.0,0.017152653660245418
5431,88,AW19,kimono dress,0.0,0.00808624152028864
5368,33,AW19,long sleeve,0.0,0.01372212192971682
5377,81,AW19,long sleeve,0.0,0.0010465160745981056
5431,21,AW19,kimono dress,0.0188679245283018,0.0051457926028286
5389,72,AW19,long sleeve,0.0188679245283018,0.03602057819736827
5431,40,AW19,kimono dress,0.0,0.015437391415927813
5463,86,AW19,sheath dress,0.0,0.015437391024379776
5431,83,AW19,kimono dress,0.0,0.01387898434947369
5377,63,AW19,long sleeve,0.0188679245283018,0.0004268044912352381
5368,21,AW19,long sleeve,0.0188679245283018,0.017152653664427416
5354,85,AW19,long sleeve,0.0,0.01200685606320534
5460,96,AW19,kimono dress,0.0,0.02401371714650921
5389,47,AW19,long sleeve,0.0,0.05145797099094749
5468,49,AW19,culottes,0.0188679245283018,0.022298451262872512
5368,107,AW19,long sleeve,0.0188679245283018,0.01372212192734041
5431,51,AW19,kimono dress,0.0566037735849056,0.020583185391396246
5431,89,AW19,kimono dress,0.0,0.025728982988415906
5431,56,AW19,kimono dress,0.0377358490566037,0.0021894504561658723
5368,82,AW19,long sleeve,0.0,9.3026051530183e-34
5463,80,AW19,sheath dress,0.0188679245283018,0.030874780601079663
5389,42,AW19,long sleeve,0.0188679245283018,0.012006856065947487
5463,99,AW19,sheath dress,0.0377358490566037,0.01029159019655394
4778,5,AW19,medium coat,0.0,0.03430531234745316
5368,31,AW19,long sleeve,0.0,0.02058318539916707
5389,65,AW19,long sleeve,0.0188679245283018,0.029159514726273417
5394,31,AW19,maxi,0.0188679245283018,0.018867923970229617
5455,48,AW19,solid color top,0.0,0.02401372235113635
5394,105,AW19,maxi,0.0,0.03602058251367347
5389,15,AW19,long sleeve,0.0,0.05982784824472792
5389,7,AW19,long sleeve,0.0,0.0072427764624042506
5394,86,AW19,maxi,0.0,0.041166375770930776
5389,49,AW19,long sleeve,0.0,0.039451109929107324
5394,39,AW19,maxi,0.0,0.01886791951242262
5394,3,AW19,maxi,0.0566037735849056,0.02229845124172948
5389,62,AW19,long sleeve,0.0,0.015437387791863039
5394,33,AW19,maxi,0.0,0.02229845126037837
5389,30,AW19,long sleeve,0.0377358490566037,0.06518009789520841
5394,77,AW19,maxi,0.0,0.020583185394354473
5059,80,AW19,kimono dress,0.0377358490566037,0.017152653661872505
5394,68,AW19,maxi,0.0188679245283018,0.010291590197302842
5386,41,AW19,long sleeve,0.0188679245283018,0.03602057820042682
4928,19,AW19,medium coat,0.0188679245283018,0.017152653663092127
5389,75,AW19,long sleeve,0.0,0.025728982984646452
5389,19,AW19,long sleeve,0.0,0.0308747805806356
5389,48,AW19,long sleeve,0.0377358490566037,0.03430531232994119
5389,16,AW19,long sleeve,0.0,0.03259004645749263
5455,53,AW19,solid color top,0.0188679245283018,0.01886791952474549
5378,14,AW19,long sleeve,0.0188679245283018,2.065593285975509e-49
5389,99,AW19,long sleeve,0.0,0.03602057818628752
5463,13,AW19,sheath dress,0.0,0.000437052032577111
4911,19,AW19,medium coat,0.0,0.01715265366380591
5394,96,AW19,maxi,0.0,0.01886791952707296
5378,1,AW19,long sleeve,0.0,0.01200685606325113
5455,14,AW19,solid color top,0.0188679245283018,0.018867919530377225
4779,74,AW19,medium coat,0.0188679245283018,0.025728982997620865
5354,43,AW19,long sleeve,0.0,0.01886791952241319
5463,22,AW19,sheath dress,0.0,0.020583185391955507
4911,31,AW19,medium coat,0.0188679245283018,0.010291590194585963
5459,12,AW19,culottes,0.0,0.01886791952951021
5473,36,AW19,culottes,0.0,0.01543738779272912
5503,96,AW19,long sleeve,0.0,0.004038458264155344
4939,105,AW19,culottes,0.0,0.025728982997610346
5382,94,AW19,long sleeve,0.0,0.015437387795904284
5382,31,AW19,long sleeve,0.0,0.022298456379237823
5393,43,AW19,kimono dress,0.0,0.03602057816180815
5382,105,AW19,long sleeve,0.0188679245283018,0.017152653661997266
5528,8,AW19,long sleeve,0.0377358490566037,0.02401371711713589
5503,20,AW19,long sleeve,0.0,0.005700432327659516
5382,49,AW19,long sleeve,0.0,0.02058319031826995
5063,3,AW19,kimono dress,0.0377358490566037,0.008979603132241394
5475,54,AW19,culottes,0.0,0.022298451259562577
5478,41,AW19,short cardigan,0.0,0.015437387775246496
5472,115,AW19,long sleeve,0.0,0.0008778364114277248
5475,30,AW19,culottes,0.0188679245283018,0.024013717118217644
5422,2,AW19,long sleeve,0.0,0.013722124704279895
5455,84,AW19,solid color top,0.0188679245283018,0.01372212192861929
5503,8,AW19,long sleeve,0.0,0.017152659299203527
5455,94,AW19,solid color top,0.0,0.032590046463678864
5486,12,AW19,long sleeve,0.0188679245283018,0.018867919532521347
5422,31,AW19,long sleeve,0.0188679245283018,0.018867919524387714
5422,75,AW19,long sleeve,0.0188679245283018,0.0171526536618252
5473,18,AW19,culottes,0.0,0.013722121930008132
5422,14,AW19,long sleeve,0.0,0.010291590198195682
5422,3,AW19,long sleeve,0.0,0.018867919528089545
5422,99,AW19,long sleeve,0.0188679245283018,0.010291590197390748
5486,31,AW19,long sleeve,0.0,0.013722121930995842
5422,16,AW19,long sleeve,0.0188679245283018,0.00710079260494026
5022,125,AW19,long cardigan,0.0,0.013722121928625732
5422,77,AW19,long sleeve,0.0,0.013722121925654062
4947,74,AW19,culottes,0.0,0.015437387791568256
5473,115,AW19,culottes,0.0188679245283018,0.018867919529976164
5422,107,AW19,long sleeve,0.0,0.015437387788104317
5422,36,AW19,long sleeve,0.0188679245283018,0.04116637980825824
5486,105,AW19,long sleeve,0.0,0.02058318539721213
5486,19,AW19,long sleeve,0.0,0.015189873011165141
5503,1,AW19,long sleeve,0.0377358490566037,0.09433962123573948
5528,18,AW19,long sleeve,0.0188679245283018,0.022298451261859132
5473,51,AW19,culottes,0.0,0.018867919529483274
5528,106,AW19,long sleeve,0.0188679245283018,0.027444248845149507
5393,109,AW19,kimono dress,0.0377358490566037,0.01029159020075033
5487,12,AW19,long sleeve,0.0,0.0045697878864492435
5477,19,AW19,long sleeve,0.0377358490566037,0.020583185396809277
5487,96,AW19,long sleeve,0.0,0.025933965094422654
5473,43,AW19,culottes,0.0,0.03773584405335407
5516,36,AW19,long sleeve,0.0,0.012006856064208423
5516,63,AW19,long sleeve,0.0,0.0016974802804124128
5477,29,AW19,long sleeve,0.0188679245283018,0.010291590198078866
5516,57,AW19,long sleeve,0.0,0.0018750230314154058
5512,31,AW19,long sleeve,0.0188679245283018,0.012006856067119959
5473,31,AW19,culottes,0.0188679245283018,0.0013969112698159563
5516,104,AW19,long sleeve,0.0,0.011608438839510904
5487,39,AW19,long sleeve,0.0,0.0017861994569083755
5412,13,AW19,long sleeve,0.0,0.008791461112696968
5486,18,AW19,long sleeve,0.0,0.029159518572428336
5516,29,AW19,long sleeve,0.0,0.018867924089081823
5396,103,AW19,long sleeve,0.0,0.012402772132491944
5512,80,AW19,long sleeve,0.0,0.015437387797924985
5020,19,AW19,trapeze dress,0.0188679245283018,0.02401371712029464
5435,15,AW19,kimono dress,0.0,6.242872454543941e-26
5020,79,AW19,trapeze dress,0.0,0.013722121930695306
5396,20,AW19,long sleeve,0.0,0.006693799149092407
5512,40,AW19,long sleeve,0.0,0.018867922173447498
5512,46,AW19,long sleeve,0.0377358490566037,0.012006858710255357
5476,105,AW19,solid color top,0.0,0.024013717105990005
5473,12,AW19,culottes,0.0,0.018867919524656305
5512,14,AW19,long sleeve,0.0566037735849056,0.0017829670367948548
5487,93,AW19,long sleeve,0.0,0.002290320274998978
4908,23,AW19,solid color top,0.0377358490566037,0.022298451264229035
5473,68,AW19,culottes,0.0,0.013722121927857538
5486,115,AW19,long sleeve,0.0377358490566037,0.0014472255206691665
5486,41,AW19,long sleeve,0.0188679245283018,0.012006856064104092
5507,7,AW19,long sleeve,0.0188679245283018,0.02744424900422103
5435,103,AW19,kimono dress,0.0,0.015437387796109954
5516,2,AW19,long sleeve,0.0,0.010291590196753974
5486,8,AW19,long sleeve,0.0,0.015437387795023481
5435,67,AW19,kimono dress,0.0,0.015437387792932135
5507,19,AW19,long sleeve,0.0566037735849056,0.02401371712524077
5516,10,AW19,long sleeve,0.0,0.010403406184419497
5516,65,AW19,long sleeve,0.0,0.002274392537941274
5507,80,AW19,long sleeve,0.0,0.04459690751751556
5507,73,AW19,long sleeve,0.0566037735849056,0.010291590196341538
5507,3,AW19,long sleeve,0.0188679245283018,0.010291590197063704
5487,100,AW19,long sleeve,0.0,0.010413688661396553
5487,36,AW19,long sleeve,0.0,0.0011607510239142948
5507,5,AW19,long sleeve,0.0188679245283018,0.01200685606405138
5507,56,AW19,long sleeve,0.0188679245283018,0.010291590197731947
5473,56,AW19,culottes,0.0377358490566037,0.02229845126838351
5507,76,AW19,long sleeve,0.0,0.013722125286272572
5507,35,AW19,long sleeve,0.0188679245283018,0.013722121929086215
5507,36,AW19,long sleeve,0.0,0.03259004647713944
5507,46,AW19,long sleeve,0.0,0.024013717127908136
5487,35,AW19,long sleeve,0.0,0.004594202960953873
5487,32,AW19,long sleeve,0.0188679245283018,0.001323099679207159
5507,18,AW19,long sleeve,0.0,0.02229845125421811
5487,82,AW19,long sleeve,0.0,0.0025234419084952725
4908,109,AW19,solid color top,0.0,0.01715265366156234
5396,43,AW19,long sleeve,0.0,0.0037466318025123546
5486,93,AW19,long sleeve,0.0188679245283018,0.013722121927747286
5512,21,AW19,long sleeve,0.0188679245283018,0.02058318930976766
5476,14,AW19,solid color top,0.0,0.022298456976590542
5430,27,AW19,kimono dress,0.0,0.010291595949513847
5020,64,AW19,trapeze dress,0.0,0.012006856064319957
5476,46,AW19,solid color top,0.0,0.0041899964574712905
5528,30,AW19,long sleeve,0.0188679245283018,0.025728982995105197
4891,44,AW19,trapeze dress,0.0,0.013722121928382024
5528,12,AW19,long sleeve,0.0188679245283018,0.027444248864682486
5476,29,AW19,solid color top,0.0,8.566504949214015e-19
5050,79,AW19,solid color top,0.0,0.012006856064163398
5528,19,AW19,long sleeve,0.0,0.02058318539556063
5050,93,AW19,solid color top,0.0,0.01372212813066468
5050,45,AW19,solid color top,0.0,0.015437387799719862
4891,62,AW19,trapeze dress,0.0,0.015437387787905052
5476,35,AW19,solid color top,0.0,0.0017131200822939788
5452,99,AW19,long coat,0.0188679245283018,1.1778081363591761e-11
5528,73,AW19,long sleeve,0.0,0.024013717127588485
5401,57,AW19,kimono dress,0.0188679245283018,0.010291590198390944
5382,90,AW19,long sleeve,0.0,0.001658556385880628
5382,36,AW19,long sleeve,0.0,0.0073200802134864296
5382,53,AW19,long sleeve,0.0,0.008565826092975997
5473,69,AW19,culottes,0.0,0.012006856064869191
5430,28,AW19,kimono dress,0.0,0.0017086848641153195
5528,93,AW19,long sleeve,0.0,0.01200685606128469
5528,76,AW19,long sleeve,0.0188679245283018,0.012006856061725723
5455,2,AW19,solid color top,0.0188679245283018,0.032590046464507
5528,1,AW19,long sleeve,0.0,0.032590046460538064
5455,12,AW19,solid color top,0.0188679245283018,0.04116637578348617
5382,4,AW19,long sleeve,0.0,0.013722121929604989
5476,47,AW19,solid color top,0.0,1.1791902612121196e-11
5430,74,AW19,kimono dress,0.0,0.020583185383264726
5486,20,AW19,long sleeve,0.0,0.027444252086822742
5486,46,AW19,long sleeve,0.0,0.029159514734618648
5393,90,AW19,kimono dress,0.0,0.012006856064823322
5476,86,AW19,solid color top,0.0,9.3026051530183e-34
5473,47,AW19,culottes,0.0,0.022298451267790374
5513,31,AW19,sleeveless,0.0,0.04071472610843124
5020,20,AW19,trapeze dress,0.0188679245283018,0.02229845126061587
5513,66,AW19,sleeveless,0.0188679245283018,0.010291590197388617
5486,36,AW19,long sleeve,0.0,0.01886745364404469
5476,80,AW19,solid color top,0.0,0.002122047213240979
5473,82,AW19,culottes,0.0,0.022298451259040383
5358,29,AW19,long sleeve,0.0,0.02915951991990153
5393,4,AW19,kimono dress,0.0,0.01715265366018031
5513,43,AW19,sleeveless,0.0188679245283018,0.012006856060526686
5513,80,AW19,sleeveless,0.0754716981132075,0.034838239823475614
5358,21,AW19,long sleeve,0.0,0.015437387797913114
5476,5,AW19,solid color top,0.0,0.0022602675685158948
5513,16,AW19,sleeveless,0.0188679245283018,0.02058318539209603
5358,67,AW19,long sleeve,0.0377358490566037,0.013938408580857558
5358,85,AW19,long sleeve,0.0566037735849056,0.013722124314867546
5513,22,AW19,sleeveless,0.0,0.018867919529040933
4908,14,AW19,solid color top,0.0188679245283018,0.03259004646176627
5476,13,AW19,solid color top,0.0,0.005896318354533314
5476,76,AW19,solid color top,0.0,0.008549427117035378
5476,51,AW19,solid color top,0.0,0.027444252437240142
5513,82,AW19,sleeveless,0.0,0.012006856063725023
5513,83,AW19,sleeveless,0.0,0.02058318540001087
5513,26,AW19,sleeveless,0.0188679245283018,0.012006856062685466
5020,22,AW19,trapeze dress,0.0,0.005053546915501451
5512,89,AW19,long sleeve,0.0,0.020583185396497627
5463,20,AW19,sheath dress,0.0,0.013722121926546297
5472,100,AW19,long sleeve,0.0,1.8046289152361485e-05
5470,94,AW19,medium coat,0.0188679245283018,0.012006856058777141
5470,19,AW19,medium coat,0.0,0.013722121935155446
5470,75,AW19,medium coat,0.0,0.015437387793267764
5470,88,AW19,medium coat,0.0,0.004550210227541791
5470,80,AW19,medium coat,0.0,0.013722121929313241
5470,77,AW19,medium coat,0.0,0.013722121929738687
5470,47,AW19,medium coat,0.0,0.030874780604595087
5470,35,AW19,medium coat,0.0,0.017152653658037125
5470,26,AW19,medium coat,0.0,0.013722121929599427
5470,18,AW19,medium coat,0.0,0.015437387792575965
5460,53,AW19,kimono dress,0.0,0.02401371711489119
5470,8,AW19,medium coat,0.0188679245283018,0.010267637721310228
5484,18,AW19,long sleeve,0.0,0.02401371712603392
5484,46,AW19,long sleeve,0.0,0.017152657089274343
5484,36,AW19,long sleeve,0.0,0.013722121931187712
5484,35,AW19,long sleeve,0.0,0.01886791953000593
5484,76,AW19,long sleeve,0.0,0.010291590197567018
5460,13,AW19,kimono dress,0.0,0.00026942871660367364
4760,69,AW19,long cardigan,0.0188679245283018,0.012006856064840804
5484,60,AW19,long sleeve,0.0,0.010291590196707124
4760,57,AW19,long cardigan,0.0,0.01543738779685696
5484,31,AW19,long sleeve,0.0,0.010291590194273208
5484,30,AW19,long sleeve,0.0,0.03259004646992011
5470,65,AW19,medium coat,0.0,0.020583185389606136
5368,57,AW19,long sleeve,0.0188679245283018,0.013722121928181385
5470,7,AW19,medium coat,0.0,0.017152653664560896
5466,30,AW19,kimono dress,0.0,0.013722121929003434
5509,30,AW19,medium coat,0.0377358490566037,0.007585688514073311
5509,54,AW19,medium coat,0.0,0.009587220887243562
5509,12,AW19,medium coat,0.0,0.017152656930197106
5509,10,AW19,medium coat,0.0,0.018867919527035946
5466,3,AW19,kimono dress,0.0188679245283018,0.012006856064887767
5509,65,AW19,medium coat,0.0188679245283018,6.242872640596039e-26
5509,75,AW19,medium coat,0.0,0.00300417641738247
5509,14,AW19,medium coat,0.0,0.015437387796649682
5509,86,AW19,medium coat,0.0188679245283018,0.0013163483008158078
5509,80,AW19,medium coat,0.0,0.015437387796028332
5509,5,AW19,medium coat,0.0,0.012006860458502775
5509,28,AW19,medium coat,0.0566037735849056,0.0154373878071906
5466,43,AW19,kimono dress,0.0,0.02229845126505859
5509,22,AW19,medium coat,0.0188679245283018,0.011421529820864607
5509,89,AW19,medium coat,0.0,0.012006856062487673
5509,51,AW19,medium coat,0.0188679245283018,0.010291590196800711
5509,38,AW19,medium coat,0.0,0.013722127589041002
5509,106,AW19,medium coat,0.0,0.012006856062656841
5509,107,AW19,medium coat,0.0188679245283018,0.013722121925338199
5509,72,AW19,medium coat,0.0,0.0019016059859408609
5509,46,AW19,medium coat,0.0,0.027444248935506985
5074,74,AW19,long sleeve,0.0,0.015437387790059714
5509,41,AW19,medium coat,0.0188679245283018,0.007380313793116454
5470,10,AW19,medium coat,0.0,0.01372212192117802
5065,80,AW19,long coat,0.0,0.05852053469430486
5065,13,AW19,long coat,0.0188679245283018,0.01029159019712585
5368,46,AW19,long sleeve,0.0,0.01715265366281947
5488,3,AW19,long sleeve,0.0,0.015437387793613252
5361,26,AW19,long sleeve,0.0188679245283018,0.012006856063800898
5488,6,AW19,long sleeve,0.0188679245283018,0.00835335368859036
5488,80,AW19,long sleeve,0.0,0.012475138738879765
5488,39,AW19,long sleeve,0.0,0.011913263027680645
5488,43,AW19,long sleeve,0.0,0.00814376252380525
5488,75,AW19,long sleeve,0.0,0.01029159383496695
5488,19,AW19,long sleeve,0.0,0.01886791952086345
5488,105,AW19,long sleeve,0.0,0.013722127661002923
5356,22,AW19,long sleeve,0.0188679245283018,0.012006856068670666
5488,65,AW19,long sleeve,0.0,0.010291590197063704
5488,15,AW19,long sleeve,0.0,6.242872640596039e-26
5356,64,AW19,long sleeve,0.0,0.0080317423050757
5488,10,AW19,long sleeve,0.0188679245283018,0.0046567024369189155
5380,39,AW19,long sleeve,0.0377358490566037,0.008576324331047899
5488,12,AW19,long sleeve,0.0,0.020583188971015767
5380,99,AW19,long sleeve,0.0377358490566037,0.008576324330857726
5489,29,AW19,long sleeve,0.0188679245283018,0.0012061570128567903
5488,2,AW19,long sleeve,0.0188679245283018,0.004656348604276485
5489,18,AW19,long sleeve,0.0,0.012566464128048899
5489,46,AW19,long sleeve,0.0,0.024013717121886227
5489,40,AW19,long sleeve,0.0,0.013722121932454989
5489,22,AW19,long sleeve,0.0188679245283018,0.0005594564966508311
5361,43,AW19,long sleeve,0.0,0.015437391702180508
4721,61,AW19,long sleeve,0.0188679245283018,0.008576324332909143
5488,5,AW19,long sleeve,0.0,0.018868034604006927
5488,56,AW19,long sleeve,0.0,0.015437387796212076
5488,115,AW19,long sleeve,0.0,2.814048610212132e-20
5488,57,AW19,long sleeve,0.0,0.02058319017829107
5368,56,AW19,long sleeve,0.0188679245283018,0.02915951474694919
5074,10,AW19,long sleeve,0.0754716981132075,0.012006856066280264
5368,43,AW19,long sleeve,0.0,0.017152653662661842
5071,88,AW19,long coat,0.0754716981132075,0.010291590197465382
5475,1,AW19,culottes,0.0,0.030874780593910144
5071,13,AW19,long coat,0.0,0.015437387798914569
5368,91,AW19,long sleeve,0.0188679245283018,0.010291593495767658
5378,15,AW19,long sleeve,0.0188679245283018,0.0031192715460429334
5075,18,AW19,long sleeve,0.0188679245283018,0.020583185389832375
5074,64,AW19,long sleeve,0.0,0.015437387796588676
5488,72,AW19,long sleeve,0.0,0.0029594650943889408
5475,51,AW19,culottes,0.1132075471698113,0.051457970989693444
5354,19,AW19,long sleeve,0.0,0.013722121933594369
5488,1,AW19,long sleeve,0.0377358490566037,0.0007276256993502398
5453,80,AW19,miniskirt,0.0,0.015437387798253236
5453,68,AW19,miniskirt,0.0,0.012006856057693466
5453,1,AW19,miniskirt,0.0188679245283018,0.012006856062479136
5354,3,AW19,long sleeve,0.0377358490566037,0.012006856065638439
5453,29,AW19,miniskirt,0.0,0.0154373877948645
5475,22,AW19,culottes,0.0,0.03773584406314683
5488,13,AW19,long sleeve,0.0,0.018867924247147814
5488,16,AW19,long sleeve,0.0,0.022298451267041948
5378,16,AW19,long sleeve,0.0188679245283018,0.008576324335931248
5418,1,AW19,short cardigan,0.0,0.0188679195322296
4559,51,AW19,culottes,0.0,0.01372212192885724
5508,66,AW19,long sleeve,0.0188679245283018,0.0053853182593332685
5479,83,AW19,long sleeve,0.0,0.0029451529717936086
5475,46,AW19,culottes,0.0,0.02058318538923071
5479,42,AW19,long sleeve,0.0,0.013722121928522412
5479,56,AW19,long sleeve,0.0,0.006884822605628475
5479,88,AW19,long sleeve,0.0,0.0033220691427413066
5479,105,AW19,long sleeve,0.0,0.01170911020615323
5479,31,AW19,long sleeve,0.0,0.014520456579039708
5079,42,AW19,kimono dress,0.0188679245283018,0.015437387792552671
5395,88,AW19,doll dress,0.0,0.015437387785583907
5479,2,AW19,long sleeve,0.0,0.006762653516387886
5479,30,AW19,long sleeve,0.0,3.150259937763945e-07
5479,96,AW19,long sleeve,0.0,0.004889327534536845
5413,13,AW19,long sleeve,0.0,0.010291590194890274
5518,41,AW19,long sleeve,0.0,0.005393722862485894
5514,53,AW19,long sleeve,0.0,0.022298451258292936
5514,121,AW19,long sleeve,0.0377358490566037,0.006272031251495086
5514,83,AW19,long sleeve,0.0,0.003224489636704579
5518,29,AW19,long sleeve,0.0,0.010440402234408163
5514,47,AW19,long sleeve,0.0,0.0002701443598764587
5518,104,AW19,long sleeve,0.0,0.015437387791605294
5518,95,AW19,long sleeve,0.0,0.013722121933288443
5518,18,AW19,long sleeve,0.0,0.012095047920047317
5475,69,AW19,culottes,0.0,0.027444248845096202
5475,18,AW19,culottes,0.0188679245283018,0.025728982992670745
5518,36,AW19,long sleeve,0.0,0.020583185400714542
5032,93,AW19,long duster,0.0188679245283018,0.00857632433088032
5479,26,AW19,long sleeve,0.0,0.012006856055775209
5427,125,AW19,medium cardigan,0.0188679245283018,0.008576324332326862
5400,12,AW19,medium cardigan,0.0377358490566037,0.010291590197740095
4724,101,AW19,long coat,0.0,0.01613595491046372
5526,19,AW19,short cardigan,0.0,0.015437387796490811
5411,69,AW19,culottes,0.0188679245283018,0.026281470140163035
5025,2,AW19,long sleeve,0.0,1.2485745095140017e-25
5526,30,AW19,short cardigan,0.0,0.02744424886986023
5400,29,AW19,medium cardigan,0.0,0.012006856064500691
5514,46,AW19,long sleeve,0.0,0.015437387796901967
5526,80,AW19,short cardigan,0.0,0.032590046456300856
5427,51,AW19,medium cardigan,0.0,0.010291590194745043
5399,16,AW19,long sleeve,0.0,0.015437387792069403
5395,117,AW19,doll dress,0.0,0.013722121930902366
5079,84,AW19,kimono dress,0.0,0.020583185393898782
5079,19,AW19,kimono dress,0.0,0.022298454404402722
5079,75,AW19,kimono dress,0.0,0.018867919524715466
5079,60,AW19,kimono dress,0.0,0.01715265365877351
5526,16,AW19,short cardigan,0.0,0.012006856063868601
5526,13,AW19,short cardigan,0.0,0.020583185396345134
5526,22,AW19,short cardigan,0.0,0.01715265366115068
5479,104,AW19,long sleeve,0.0,0.002998380816140317
5479,57,AW19,long sleeve,0.0,0.01372212193226988
5479,8,AW19,long sleeve,0.0,0.004985524718345801
5032,30,AW19,long duster,0.0,0.018867919530761668
5079,21,AW19,kimono dress,0.0,0.015437387796376375
5518,69,AW19,long sleeve,0.0,0.0026841003612486517
5475,40,AW19,culottes,0.0,0.03556492931955099
5514,105,AW19,long sleeve,0.0,5.91201201170016e-14
5518,14,AW19,long sleeve,0.0,0.012006856064109154
5518,84,AW19,long sleeve,0.0,0.0035673509749725146
5514,10,AW19,long sleeve,0.0,6.284525827421939e-18
5518,65,AW19,long sleeve,0.0,0.0035769434655461476
5514,12,AW19,long sleeve,0.0,0.011672040521740363
5518,31,AW19,long sleeve,0.0,0.0024424008894995087
5514,30,AW19,long sleeve,0.0188679245283018,0.005777918479775376
5475,42,AW19,culottes,0.0188679245283018,0.017152653687033857
5508,41,AW19,long sleeve,0.0,0.015437391450095048
5508,115,AW19,long sleeve,0.0188679245283018,0.018867919529337918
5475,20,AW19,culottes,0.0,0.017152653661349528
4984,102,AW19,long sleeve,0.0,0.015437390365311018
5508,106,AW19,long sleeve,0.0,6.24287282664814e-26
5508,47,AW19,long sleeve,0.0,0.02401371712400626
5518,30,AW19,long sleeve,0.0,0.00781773770482831
5508,76,AW19,long sleeve,0.0188679245283018,0.005848596801358922
5466,21,AW19,kimono dress,0.0377358490566037,0.003686553665696615
5466,69,AW19,kimono dress,0.0,0.01543738779398336
5508,56,AW19,long sleeve,0.0,0.008259053750314039
5466,121,AW19,kimono dress,0.0,0.015437387796637298
5058,39,AW19,long sleeve,0.0377358490566037,0.008576324332909143
5508,84,AW19,long sleeve,0.0,0.01372212193082135
5518,79,AW19,long sleeve,0.0,0.003368968472389612
5080,107,AW19,kimono dress,0.0,0.010291595949513847
5514,75,AW19,long sleeve,0.0,0.011713327548095185
5518,86,AW19,long sleeve,0.0,0.01886791951851069
5518,72,AW19,long sleeve,0.0,0.015437387795021766
5518,107,AW19,long sleeve,0.0188679245283018,0.005494622427777455
5518,20,AW19,long sleeve,0.0,0.01200685606379772
5518,1,AW19,long sleeve,0.0,0.012006859676363531
5518,77,AW19,long sleeve,0.0,0.01715265366340471
5518,89,AW19,long sleeve,0.0,0.00856147552140945
5518,24,AW19,long sleeve,0.0,0.000613665130102407
5388,0,AW19,long sleeve,0.0188679245283018,0.017152653658673148
5388,18,AW19,long sleeve,0.0,0.012006856065223552
5518,52,AW19,long sleeve,0.0188679245283018,0.008576324330561984
5518,56,AW19,long sleeve,0.0,0.020583185394975896
5484,21,AW19,long sleeve,0.0,0.013722121927784403
5518,28,AW19,long sleeve,0.0,0.0043125924736575685
5518,9,AW19,long sleeve,0.0,0.01543738779819069
5080,88,AW19,kimono dress,0.0,0.016619143008691113
5518,73,AW19,long sleeve,0.0,0.015437387799208743
4955,20,AW19,long duster,0.0,0.024013717133522964
5518,80,AW19,long sleeve,0.0,0.00033905429960525384
5388,20,AW19,long sleeve,0.0,0.00025723080550190633
5514,13,AW19,long sleeve,0.0,0.018867923181626795
5514,56,AW19,long sleeve,0.0,0.011513077198556048
5475,106,AW19,culottes,0.0,0.037735844059879994
5518,39,AW19,long sleeve,0.0,0.022298451257277654
5475,27,AW19,culottes,0.0,0.010291590198344164
5518,99,AW19,long sleeve,0.0,0.015437391176475301
5418,83,AW19,short cardigan,0.0188679245283018,0.015437387786132328
5418,69,AW19,short cardigan,0.0,0.013722121927951865
5418,8,AW19,short cardigan,0.0,0.020583185375433334
5506,5,AW19,long sleeve,0.0,0.0030823792063143737
5506,93,AW19,long sleeve,0.0,0.01715265365853853
5506,1,AW19,long sleeve,0.0,1.860521002879741e-33
5506,47,AW19,long sleeve,0.0,6.369759871633844e-19
5506,38,AW19,long sleeve,0.0,0.012006856063517524
5506,106,AW19,long sleeve,0.0,0.012535867845886152
5457,56,AW19,long duster,0.0,0.0021260545617332633
5506,83,AW19,long sleeve,0.0,0.0012959472155424096
5506,72,AW19,long sleeve,0.0,0.013290148985913278
5457,5,AW19,long duster,0.0,0.02744424886650051
5506,40,AW19,long sleeve,0.0,0.013722121925424578
5506,69,AW19,long sleeve,0.0188679245283018,0.00910791136534232
5506,35,AW19,long sleeve,0.0,0.0016459310357311969
5472,12,AW19,long sleeve,0.0,0.02744425452358536
5506,4,AW19,long sleeve,0.0,0.012006856063152471
5506,41,AW19,long sleeve,0.0,0.013599255737440323
5496,80,AW19,long sleeve,0.0,0.004652752841621007
5496,9,AW19,long sleeve,0.0,0.004300998315830076
5496,76,AW19,long sleeve,0.0,0.013722121932743326
5496,38,AW19,long sleeve,0.0,0.003159027406528987
5496,107,AW19,long sleeve,0.0,0.018846037864337778
5496,32,AW19,long sleeve,0.0,0.00014972594129241394
5472,49,AW19,long sleeve,0.0,0.013722121928899147
5506,80,AW19,long sleeve,0.0,0.01886791952587488
5491,30,AW19,short cardigan,0.0,0.025728983005155765
5506,39,AW19,long sleeve,0.0,0.022298451272940858
5506,14,AW19,long sleeve,0.0188679245283018,0.008576324331987593
5375,9,AW19,long sleeve,0.0,0.0005926457169669675
5375,5,AW19,long sleeve,0.0,0.0017071143504850488
5472,30,AW19,long sleeve,0.0,0.02229845126935103
5375,52,AW19,long sleeve,0.0,6.242872547569992e-26
5375,76,AW19,long sleeve,0.0,0.013722121925666277
5375,89,AW19,long sleeve,0.0,0.001591299026144072
5375,83,AW19,long sleeve,0.0,0.001150598372743744
5375,72,AW19,long sleeve,0.0,0.01886792418618743
5375,85,AW19,long sleeve,0.0188679245283018,0.0033220691427413066
5375,69,AW19,long sleeve,0.0,0.0019104346702113427
5475,19,AW19,culottes,0.0,0.02744424886021522
5440,117,AW19,sleeveless,0.0,0.01029159019438903
5375,115,AW19,long sleeve,0.0,0.015437387796609458
5375,29,AW19,long sleeve,0.0,0.0032203974014400373
5375,64,AW19,long sleeve,0.0,2.7723923781568767e-41
5506,96,AW19,long sleeve,0.0,0.0171526536622452
5506,7,AW19,long sleeve,0.0,0.009455371843983814
5506,15,AW19,long sleeve,0.0,0.003996437702284105
5506,31,AW19,long sleeve,0.0,0.01886791952315121
5506,65,AW19,long sleeve,0.0,0.007214449522303698
5506,105,AW19,long sleeve,0.0,0.017152653658869286
5506,19,AW19,long sleeve,0.0,0.0037921954185774487
5457,16,AW19,long duster,0.0,0.022298455040309476
5506,43,AW19,long sleeve,0.0,0.02229845125560024
5440,68,AW19,sleeveless,0.0,0.01200685606383764
5457,86,AW19,long duster,0.0,0.025728982997660695
5457,14,AW19,long duster,0.0,0.01372212192880117
5491,72,AW19,short cardigan,0.0,1.1813604555949013e-11
5491,85,AW19,short cardigan,0.0,0.008084669071065568
5472,1,AW19,long sleeve,0.0,0.018867919537380925
5472,20,AW19,long sleeve,0.0,0.0
5472,42,AW19,long sleeve,0.0,0.020583185385051744
5491,35,AW19,short cardigan,0.0,0.02915951474532857
5472,109,AW19,long sleeve,0.0,0.013722121929313411
5472,72,AW19,long sleeve,0.0,0.012006861656862005
5491,46,AW19,short cardigan,0.0,0.024013717125663508
5472,85,AW19,long sleeve,0.0,0.013722121930717108
5472,121,AW19,long sleeve,0.0,0.0008877208705499252
5475,10,AW19,culottes,0.0188679245283018,0.04802743927335038
5491,104,AW19,short cardigan,0.0566037735849056,0.03430531233197516
5478,54,AW19,short cardigan,0.0,0.015437387795151327
5472,40,AW19,long sleeve,0.0,0.008576324330206976
5472,69,AW19,long sleeve,0.0188679245283018,0.008576324331395246
5478,14,AW19,short cardigan,0.0,0.012006856063499346
5475,12,AW19,culottes,0.0,0.030874780574974735
5472,26,AW19,long sleeve,0.0,0.0030195381426831617
5478,89,AW19,short cardigan,0.0,0.018867924126593754
5475,2,AW19,culottes,0.0,0.022298451259160825
5472,4,AW19,long sleeve,0.0188679245283018,0.010291596111037332
5478,53,AW19,short cardigan,0.0,0.010291590198463317
5491,83,AW19,short cardigan,0.0,2.8115398060005626e-10
5491,107,AW19,short cardigan,0.0,0.01200685606366062
5491,82,AW19,short cardigan,0.0,0.0015520408770243988
5491,20,AW19,short cardigan,0.0,0.010524513688296207
5457,31,AW19,long duster,0.0,1.8605210028797413e-33
5469,29,AW19,long duster,0.0,0.01715265365519746
5491,12,AW19,short cardigan,0.0,0.000721654795902788
5491,7,AW19,short cardigan,0.0188679245283018,0.02572898820992875
5469,36,AW19,long duster,0.0754716981132075,0.013722125563765406
5472,19,AW19,long sleeve,0.0,0.002927256272047214
5491,75,AW19,short cardigan,0.0,0.003908607534999795
5469,80,AW19,long duster,0.0377358490566037,0.022298451262289277
5469,94,AW19,long duster,0.0,0.01543738779427872
5469,15,AW19,long duster,0.0,0.01543738779942505
5440,83,AW19,sleeveless,0.0188679245283018,0.01200686217774372
5375,73,AW19,long sleeve,0.0,0.018867919523503685
5491,43,AW19,short cardigan,0.0,0.0058578897127952965
5472,75,AW19,long sleeve,0.0,0.012006856063241797
5440,32,AW19,sleeveless,0.0,0.013722121921660202
5472,43,AW19,long sleeve,0.0,0.017152653662422503
5472,73,AW19,long sleeve,0.0188679245283018,0.013722121927145604
5491,22,AW19,short cardigan,0.0,0.005780617317109648
5475,65,AW19,culottes,0.0377358490566037,0.018867919526628023
5491,76,AW19,short cardigan,0.0,0.01372212793394784
5491,89,AW19,short cardigan,0.0,0.01192212126429941
5475,31,AW19,culottes,0.0,0.02572898791694103
5472,51,AW19,long sleeve,0.0188679245283018,0.015437387797034047
5475,49,AW19,culottes,0.0377358490566037,0.018867919520426515
5491,80,AW19,short cardigan,0.0,0.00512732497746066
5375,39,AW19,long sleeve,0.0,0.00041631173219908087
5375,14,AW19,long sleeve,0.0,0.006025441191684538
5375,48,AW19,long sleeve,0.0,0.0128296201752401
5461,62,AW19,long coat,0.0188679245283018,0.00514579259318354
5461,15,AW19,long coat,0.0188679245283018,0.005145792596602696
5461,50,AW19,long coat,0.0188679245283018,0.03259004643541108
5526,1,AW19,short cardigan,0.0377358490566037,0.015437387795780771
5461,29,AW19,long coat,0.0,0.022255165167234442
5424,36,AW19,long sleeve,0.0188679245283018,0.059840597504622645
5526,20,AW19,short cardigan,0.0,0.027444248857812555
5424,41,AW19,long sleeve,0.0377358490566037,0.013722121924658742
5475,56,AW19,culottes,0.0377358490566037,0.04459690755491682
5000,121,AW19,long sleeve,0.0,0.010291590196347445
5347,99,AW19,long sleeve,0.0377358490566037,0.002148062187809295
5347,6,AW19,long sleeve,0.0,0.015437387800132034
5480,2,AW19,long sleeve,0.0,0.00039219890414748736
5480,12,AW19,long sleeve,0.0,0.02744425438558293
5480,10,AW19,long sleeve,0.0,0.01735374821095701
5480,65,AW19,long sleeve,0.0,0.022298451265365733
5387,1,AW19,kimono dress,0.0188679245283018,0.022298451258625344
5480,19,AW19,long sleeve,0.0,0.027444248856541446
5480,48,AW19,long sleeve,0.0,0.0024061585300669186
5480,5,AW19,long sleeve,0.0,0.017152653660169468
5480,93,AW19,long sleeve,0.0,0.010972649939312393
5458,105,AW19,sleeveless,0.0188679245283018,0.013418332675711252
5475,88,AW19,culottes,0.0188679245283018,0.010291590197028685
5526,51,AW19,short cardigan,0.0,0.01715265366224757
5415,107,AW19,long sleeve,0.0,0.010291590197302842
5415,15,AW19,long sleeve,0.0,0.00828485065461851
5415,49,AW19,long sleeve,0.0,0.018867924247147814
5418,59,AW19,short cardigan,0.0,0.010291593593140755
5489,13,AW19,long sleeve,0.0,0.029159514728797544
5418,104,AW19,short cardigan,0.0,0.012006856062923888
5489,80,AW19,long sleeve,0.0,0.01886791952239373
5423,86,AW19,long sleeve,0.0,0.0007725139060600286
5423,83,AW19,long sleeve,0.0,0.009463167935295896
5423,69,AW19,long sleeve,0.0188679245283018,0.01200685605975758
5489,86,AW19,long sleeve,0.0,0.0019503383639310598
5488,30,AW19,long sleeve,0.0,0.027444248818950974
5475,13,AW19,culottes,0.0377358490566037,8.379041944999084e-18
5404,102,AW19,long sleeve,0.0,0.01543738779139493
5458,43,AW19,sleeveless,0.0,0.024013717118868162
5421,7,AW19,long sleeve,0.0,0.012006856061911278
5421,68,AW19,long sleeve,0.0,0.013722126332068615
5475,16,AW19,culottes,0.0188679245283018,0.027444248862691263
5347,63,AW19,long sleeve,0.0,0.02401371712233977
5347,4,AW19,long sleeve,0.0188679245283018,0.010291590197706651
5489,12,AW19,long sleeve,0.0,0.0033017832421267154
5347,67,AW19,long sleeve,0.0,0.006328066549373578
5347,82,AW19,long sleeve,0.0377358490566037,0.01372212192721018
5526,89,AW19,short cardigan,0.0,0.015437387790563499
5347,27,AW19,long sleeve,0.0188679245283018,0.017263187616993615
5350,75,AW19,solid color top,0.0188679245283018,0.009474006307499809
5414,69,AW19,long sleeve,0.0,0.0002708940392790761
5489,31,AW19,long sleeve,0.0,0.015437387795102278
5478,104,AW19,short cardigan,0.0,0.0009431386912560633
5458,39,AW19,sleeveless,0.0,0.01715265366332868
5480,106,AW19,long sleeve,0.0,0.017152653661767006
5475,14,AW19,culottes,0.0566037735849056,0.020583187728648953
5458,21,AW19,sleeveless,0.0,0.015437387794436463
5366,83,AW19,long sleeve,0.0,0.0025681007619456062
5366,35,AW19,long sleeve,0.0,0.018867919523279077
5366,21,AW19,long sleeve,0.0377358490566037,0.010291595030721908
5475,48,AW19,culottes,0.0188679245283018,0.02058318539315328
5367,83,AW19,long sleeve,0.0377358490566037,0.013722121930517214
5367,103,AW19,long sleeve,0.0,0.013722121925962267
5458,64,AW19,sleeveless,0.0,0.012006859691038837
5475,75,AW19,culottes,0.0566037735849056,0.03430531231683331
5362,40,AW19,long sleeve,0.0,0.01715265366632141
5362,31,AW19,long sleeve,0.0,0.015437387791146758
5457,36,AW19,long duster,0.0,0.02401371712048745
5440,65,AW19,sleeveless,0.0188679245283018,0.013722121914865704
5343,27,AW19,long sleeve,0.0,0.012006856063178117
5440,105,AW19,sleeveless,0.0188679245283018,9.302605153018298e-34
5440,14,AW19,sleeveless,0.0,0.013722121933279655
5375,96,AW19,long sleeve,0.0,0.016876368964195865
5375,12,AW19,long sleeve,0.0,0.006483430273377099
5375,10,AW19,long sleeve,0.0,0.011520783248789116
5440,86,AW19,sleeveless,0.0,1.8605210167417025e-33
5375,7,AW19,long sleeve,0.0,0.01886791952951667
5440,80,AW19,sleeveless,0.0,0.02401371712121239
5366,54,AW19,long sleeve,0.0,0.01886745283018859
5481,29,AW19,long sleeve,0.0,2.3649001997545052e-09
5526,46,AW19,short cardigan,0.0,0.02572898299299481
5387,67,AW19,kimono dress,0.0,0.0034687693525832027
5458,73,AW19,sleeveless,0.0,0.015437387798086196
5480,53,AW19,long sleeve,0.0,0.03945111553770466
5480,35,AW19,long sleeve,0.0,0.0038739391273860707
5458,99,AW19,sleeveless,0.0,0.006919467569271583
5480,18,AW19,long sleeve,0.0,0.03259004644614332
5480,115,AW19,long sleeve,0.0,0.013722121928384314
5481,7,AW19,long sleeve,0.0,0.015437387794312833
5481,105,AW19,long sleeve,0.0,0.018867919523827523
5481,19,AW19,long sleeve,0.0188679245283018,0.1438169965399001
5526,35,AW19,short cardigan,0.0,0.013722121931670347
5481,80,AW19,long sleeve,0.0,0.030874780592339616
5480,47,AW19,long sleeve,0.0,0.021263344282522478
5481,3,AW19,long sleeve,0.0,0.013722121930788323
5481,5,AW19,long sleeve,0.0,0.02058318845335204
5481,93,AW19,long sleeve,0.0,0.0009347982133194782
5481,22,AW19,long sleeve,0.0,4.6668263438504045e-05
5481,52,AW19,long sleeve,0.0,0.007843587607077535
5481,76,AW19,long sleeve,0.0,0.0085763243271652
5458,72,AW19,sleeveless,0.0,0.00438613974316156
5458,121,AW19,sleeveless,0.0377358490566037,0.012006856062148328
4869,74,AW19,medium coat,0.0188679245283018,0.0120068560652022
5481,27,AW19,long sleeve,0.0566037735849056,0.013722126494814932
5481,53,AW19,long sleeve,0.0,0.025728983001524642
5475,43,AW19,culottes,0.0,0.04116637580185893
5458,82,AW19,sleeveless,0.0,0.01886792297766209
5480,32,AW19,long sleeve,0.0,0.012006856061970512
5526,43,AW19,short cardigan,0.0,0.013722121927564801
5059,43,AW19,kimono dress,0.0,0.013722121932808778
5482,106,AW19,sleeveless,0.0188679245283018,0.022298451261232186
5482,82,AW19,sleeveless,0.0,0.012006856062659738
5009,67,AW19,long sleeve,0.0,0.014146777765765423
5522,67,AW19,solid color top,0.0,0.012269043901889123
5482,8,AW19,sleeveless,0.0188679245283018,0.012006859634163574
5523,105,AW19,sleeveless,0.0,0.012006856062932529
5523,56,AW19,sleeveless,0.0,0.018867923867964414
5523,22,AW19,sleeveless,0.0,0.013722121931270299
5351,109,AW19,kimono dress,0.0,0.012006856061814567
5523,51,AW19,sleeveless,0.0566037735849056,0.0037921954185774487
5482,1,AW19,sleeveless,0.0,0.025728982994496455
5523,20,AW19,sleeveless,0.0,0.01372212193660529
5522,83,AW19,solid color top,0.0,0.027444253371277712
5522,20,AW19,solid color top,0.0,0.020583185399218395
5523,8,AW19,sleeveless,0.0,0.018867919523489287
5334,2,AW19,long sleeve,0.0188679245283018,0.022298451241872595
5334,48,AW19,long sleeve,0.0188679245283018,0.010460651552844027
5376,13,AW19,long coat,0.0,0.0137221219291956
5522,77,AW19,solid color top,0.0,0.03430531236483399
5376,94,AW19,long coat,0.0188679245283018,0.017152653663666726
5334,20,AW19,long sleeve,0.0,0.03430531232192999
5334,95,AW19,long sleeve,0.0,0.015437387800151081
5376,41,AW19,long coat,0.0,0.01715265365898708
4763,88,AW19,medium coat,0.0377358490566037,0.04202701422428044
5482,22,AW19,sleeveless,0.0188679245283018,0.012006856064703263
5522,36,AW19,solid color top,0.0188679245283018,0.044596907514999146
5406,39,AW19,long coat,0.0377358490566037,0.012006856063942166
5450,56,AW19,medium coat,0.0188679245283018,0.017152653655514497
5450,52,AW19,medium coat,0.0,0.012006861000598846
5428,16,AW19,sheath dress,0.0,0.017152653655731667
5450,89,AW19,medium coat,0.0188679245283018,0.0005740701335241367
5450,42,AW19,medium coat,0.0188679245283018,0.010291590193790525
5450,83,AW19,medium coat,0.0,0.018867919526910838
5450,85,AW19,medium coat,0.0188679245283018,0.01715265857456939
5450,32,AW19,medium coat,0.0,0.009430673712088241
5450,26,AW19,medium coat,0.0,0.006723432768994664
5009,74,AW19,long sleeve,0.0,0.025728982990600592
5450,4,AW19,medium coat,0.0,0.008566220079719985
5450,21,AW19,medium coat,0.0,0.013722121930467013
4853,3,AW19,trapeze dress,0.0,0.0137221219291956
5036,117,AW19,medium coat,0.0377358490566037,0.01029159019610816
5410,82,AW19,sleeveless,0.0,1.0470027197728208e-11
5419,30,AW19,sleeveless,0.0566037735849056,0.038169178869296966
5428,99,AW19,sheath dress,0.0,0.015437387798862213
5522,29,AW19,solid color top,0.0,0.0026580763942873177
5522,18,AW19,solid color top,0.0,0.002427980437319479
5522,26,AW19,solid color top,0.0188679245283018,0.012006856062384226
5482,80,AW19,sleeveless,0.0,0.015437125626863743
5450,100,AW19,medium coat,0.0,0.017152653662391673
5406,30,AW19,long coat,0.0188679245283018,0.022298451264025104
5522,51,AW19,solid color top,0.0188679245283018,0.024013717122748805
4763,38,AW19,medium coat,0.0,0.029188405569717316
4779,92,AW19,medium coat,0.0188679245283018,0.02229845126275902
5394,22,AW19,maxi,0.0,0.004355094923383074
4779,33,AW19,medium coat,0.0188679245283018,0.010291590197022357
5394,92,AW19,maxi,0.0,0.006477362775094025
4973,29,AW19,culottes,0.0,0.020583185395254566
5394,84,AW19,maxi,0.0,0.0024661493585037466
5394,91,AW19,maxi,0.0,0.0032429909677909197
5394,10,AW19,maxi,0.0,0.025728982988414018
5522,7,AW19,solid color top,0.0,0.022298455296276685
5072,69,AW19,medium coat,0.0,0.0039940008457789505
4779,14,AW19,medium coat,0.0,0.013722121929521292
5522,49,AW19,solid color top,0.0566037735849056,0.025728986548743882
4779,8,AW19,medium coat,0.0188679245283018,0.017152653661882816
5522,12,AW19,solid color top,0.0,0.020478455827559548
5072,77,AW19,medium coat,0.0188679245283018,0.002293669761154514
5522,2,AW19,solid color top,0.0,0.018867924247147814
4973,3,AW19,culottes,0.0188679245283018,0.017152653669907557
5353,3,AW19,long sleeve,0.0,0.018867919528386408
4778,48,AW19,medium coat,0.0188679245283018,0.008576324331016282
4778,14,AW19,medium coat,0.0188679245283018,6.242872547569991e-26
5522,30,AW19,solid color top,0.0,2.8115398060005626e-10
4973,105,AW19,culottes,0.0,0.008576324326538357
4779,26,AW19,medium coat,0.0188679245283018,0.025728982992936057
5522,22,AW19,solid color top,0.0188679245283018,0.020187353373101662
5522,105,AW19,solid color top,0.0,0.020583185395861583
4779,105,AW19,medium coat,0.0566037735849056,0.017152653667570184
5379,121,AW19,long coat,0.0188679245283018,0.005145792600471849
4763,101,AW19,medium coat,0.0,0.022298451260213455
4763,109,AW19,medium coat,0.0,0.024013717125735416
5522,13,AW19,solid color top,0.0,0.04802743923658433
4763,4,AW19,medium coat,0.0,0.020583185394466127
5522,16,AW19,solid color top,0.0,0.027444248861148938
4771,19,AW19,medium coat,0.0188679245283018,0.02572898299673317
5379,22,AW19,long coat,0.0,0.018867919528419624
5379,9,AW19,long coat,0.0,0.01543738779729468
4771,9,AW19,medium coat,0.0,0.02229845126107544
5394,100,AW19,maxi,0.0188679245283018,0.017152653673491218
5379,105,AW19,long coat,0.0,0.013722121926057566
4771,24,AW19,medium coat,0.0377358490566037,0.056603964403503584
5078,26,AW19,medium coat,0.0188679245283018,0.010291590195656362
4771,121,AW19,medium coat,0.0,0.03087478045547306
5522,86,AW19,solid color top,0.0,0.003314156816597901
4771,26,AW19,medium coat,0.0,0.048027439255702915
5522,14,AW19,solid color top,0.0,0.029159520149997
4762,43,AW19,medium coat,0.0,0.004689017762947949
4762,109,AW19,medium coat,0.0,0.01200685605975758
5394,104,AW19,maxi,0.0,0.029159514720009275
5394,21,AW19,maxi,0.0188679245283018,0.01715265366614412
5379,49,AW19,long coat,0.0,0.010291590197698881
4778,1,AW19,medium coat,0.0188679245283018,0.015437387793791007
5450,19,AW19,medium coat,0.0,0.005956269040768232
5433,21,AW19,long coat,0.0377358490566037,0.010291590198967087
5517,6,AW19,long sleeve,0.0,0.01543738779612512
5517,110,AW19,long sleeve,0.0188679245283018,0.005281956571671957
5438,18,AW19,long sleeve,0.0,0.003832924041128001
5517,9,AW19,long sleeve,0.0,0.0019930128678164434
5337,103,AW19,kimono dress,0.0,0.03773584404644173
5076,69,AW19,sheath dress,0.0188679245283018,0.0068610584649665615
5448,96,AW19,medium coat,0.0,0.0154373877927715
5448,19,AW19,medium coat,0.0,0.0009303383869352262
5448,86,AW19,medium coat,0.0,0.0007396402325231188
5448,28,AW19,medium coat,0.0,0.017152653653554225
5381,104,AW19,long sleeve,0.0566037735849056,0.012006856061668776
5448,33,AW19,medium coat,0.0188679245283018,0.018867924247147814
5517,80,AW19,long sleeve,0.0,0.03430531232253668
5448,82,AW19,medium coat,0.0,0.013722125582529023
4970,80,AW19,long coat,0.0,0.01886791953252095
4970,15,AW19,long coat,0.0,0.022298451255648492
5059,60,AW19,kimono dress,0.0,0.025728982992024113
5448,63,AW19,medium coat,0.0,0.0019703168760528272
5448,21,AW19,medium coat,0.0,0.008554472024491997
5448,64,AW19,medium coat,0.0,0.010291590197795724
5531,80,AW19,long sleeve,0.0377358490566037,0.013362248345527903
5054,21,AW19,doll dress,0.0188679245283018,0.013722121925328814
5448,22,AW19,medium coat,0.0,0.0066640163802461
5462,12,AW19,medium coat,0.0188679245283018,0.04802743927035211
5517,99,AW19,long sleeve,0.0188679245283018,0.001918721649821661
5517,28,AW19,long sleeve,0.0,0.003107851647921789
5517,104,AW19,long sleeve,0.0,0.015204393367645562
5517,102,AW19,long sleeve,0.0,0.015437387791823829
5517,103,AW19,long sleeve,0.0,0.001150598372743744
5465,35,AW19,long coat,0.0188679245283018,0.020501928955469234
5384,93,AW19,long dress,0.0,0.010291590198702804
5517,20,AW19,long sleeve,0.0,0.02058318539946336
5384,69,AW19,long dress,0.0377358490566037,0.004751784744142999
5517,1,AW19,long sleeve,0.0,0.0040255069639621955
5517,51,AW19,long sleeve,0.0,0.012006856064482093
5381,31,AW19,long sleeve,0.0,0.013722121932347344
4971,121,AW19,doll dress,0.0,0.013722121929766814
5381,75,AW19,long sleeve,0.0188679245283018,0.017152653661645034
5385,23,AW19,doll dress,0.0,0.024013717138306568
5390,92,AW19,miniskirt,0.0,0.01715265366385956
5381,13,AW19,long sleeve,0.0377358490566037,0.010291590198019777
5517,89,AW19,long sleeve,0.0,0.00020850188189308006
4867,15,AW19,sheath dress,0.0188679245283018,0.013722121928980839
5517,13,AW19,long sleeve,0.0,0.0013206706352777782
5381,46,AW19,long sleeve,0.0,0.02915951471637581
4971,86,AW19,doll dress,0.0,0.022298451261606858
4971,99,AW19,doll dress,0.0,0.017152653655445157
4971,52,AW19,doll dress,0.0,2.8115398897909787e-10
4817,0,AW19,doll dress,0.0188679245283018,0.04208615993139876
5433,29,AW19,long coat,0.0,0.029159514722656016
5462,10,AW19,medium coat,0.0,0.0257289829917368
5054,32,AW19,doll dress,0.0188679245283018,0.012006856068008501
5471,76,AW19,medium coat,0.0188679245283018,0.020583185393662662
5403,56,AW19,long coat,0.0377358490566037,0.010291590196307843
5351,62,AW19,kimono dress,0.0188679245283018,0.010291590195418858
5471,82,AW19,medium coat,0.0188679245283018,0.0188679195310387
5403,69,AW19,long coat,0.0566037735849056,0.01200685606812301
5471,36,AW19,medium coat,0.0,0.010602885710059382
5471,46,AW19,medium coat,0.0,0.018867919529070104
5471,18,AW19,medium coat,0.0,0.024013717110084196
5471,102,AW19,medium coat,0.0566037735849056,0.0120068560613826
5471,57,AW19,medium coat,0.0,0.025728982991562177
5471,45,AW19,medium coat,0.0,0.017152653664511467
5433,79,AW19,long coat,0.0566037735849056,0.010291590194009659
5433,73,AW19,long coat,0.0,0.012006856063999387
5433,9,AW19,long coat,0.0,0.013722121934970608
5471,23,AW19,medium coat,0.0188679245283018,2.8115398478957706e-10
5428,27,AW19,sheath dress,0.0188679245283018,0.010291590197390748
5433,76,AW19,long coat,0.0754716981132075,0.01372212193134556
5462,103,AW19,medium coat,0.0188679245283018,0.01200685606623508
5433,68,AW19,long coat,0.0188679245283018,0.008576324331926356
5462,8,AW19,medium coat,0.0,0.012006856061518018
5462,21,AW19,medium coat,0.0,0.022298451255119246
5433,103,AW19,long coat,0.0188679245283018,0.008576324331761791
5471,64,AW19,medium coat,0.0188679245283018,0.015437387789720716
5517,88,AW19,long sleeve,0.0,0.017152653662944172
5471,93,AW19,medium coat,0.0,0.025728982994836835
5428,4,AW19,sheath dress,0.0,0.012006861173056101
5462,43,AW19,medium coat,0.0188679245283018,0.01372212192920448
5462,39,AW19,medium coat,0.0188679245283018,0.009344023213713573
5462,9,AW19,medium coat,0.0,0.0343053123785993
5462,3,AW19,medium coat,0.0,0.03602057822425462
5462,93,AW19,medium coat,0.0,0.022298451257085985
5462,33,AW19,medium coat,0.0,0.02744424885171471
5462,76,AW19,medium coat,0.0,0.017152653660598278
5517,86,AW19,long sleeve,0.0188679245283018,0.01715265366157253
5462,72,AW19,medium coat,0.0377358490566037,0.017152653663069686
5517,49,AW19,long sleeve,0.0377358490566037,0.012006859597442453
5471,99,AW19,medium coat,0.0,0.018867919530877086
5438,73,AW19,long sleeve,0.0,2.9150240373179706e-15
5462,35,AW19,medium coat,0.0,0.022298451261633226
5471,30,AW19,medium coat,0.0188679245283018,0.020583185399183787
5471,12,AW19,medium coat,0.0,0.03773584405922615
5471,7,AW19,medium coat,0.0,0.048027439285728155
5428,64,AW19,sheath dress,0.0188679245283018,0.010291590197693287
5471,19,AW19,medium coat,0.0188679245283018,0.020583185394300187
5471,43,AW19,medium coat,0.0188679245283018,0.037735848775449714
5471,73,AW19,medium coat,0.0188679245283018,0.03259004645324766
5471,110,AW19,medium coat,0.0188679245283018,0.015437387795654116
5471,3,AW19,medium coat,0.0,0.05317324190272296
5462,74,AW19,medium coat,0.0,0.020583185404301305
5069,64,AW19,long sleeve,0.0,0.017152653662505762
4778,106,AW19,medium coat,0.0,0.025728982981078202
4964,76,AW19,gitana skirt,0.0377358490566037,0.013722121930108558
5505,79,AW19,sleeveless,0.0,5.2827340951224055e-05
5505,86,AW19,sleeveless,0.0,0.001968311253366045
5505,80,AW19,sleeveless,0.0,0.022298451289244705
5505,56,AW19,sleeveless,0.0,0.0009332134680919786
5505,76,AW19,sleeveless,0.0188679245283018,0.01715265366344981
5505,89,AW19,sleeveless,0.0188679245283018,0.013722121931259112
5408,86,AW19,long sleeve,0.0,0.013722121928923147
5408,92,AW19,long sleeve,0.0,0.022298451259716676
5408,88,AW19,long sleeve,0.0188679245283018,0.01372212192907511
5505,51,AW19,sleeveless,0.0,0.012006856063150337
5505,12,AW19,sleeveless,0.0188679245283018,0.015488173861075276
5505,47,AW19,sleeveless,0.0,0.013722121928901744
5505,74,AW19,sleeveless,0.0,0.015437391245496536
5500,64,AW19,culottes,0.0,0.0171526536537024
5505,35,AW19,sleeveless,0.0,0.0020874858108329134
5493,30,AW19,sleeveless,0.0,0.0003216851770108723
5493,12,AW19,sleeveless,0.0,0.0027321503593469155
5493,75,AW19,sleeveless,0.0,0.0029630531961243657
5493,110,AW19,sleeveless,0.0,0.006011262177338542
5408,74,AW19,long sleeve,0.0,0.017152653669448896
5500,36,AW19,culottes,0.0,0.01886791953171663
5493,77,AW19,sleeveless,0.0,0.012006856065200001
5443,117,AW19,long coat,0.0,0.017152653662953068
5408,95,AW19,long sleeve,0.0,0.01715265365780452
5331,110,AW19,solid color top,0.0,0.0005485572695242186
4969,10,AW19,long sleeve,0.0188679245283018,0.015437387795408144
5443,105,AW19,long coat,0.0,0.006483456202463629
4969,13,AW19,long sleeve,0.0188679245283018,0.010291590196538993
5443,48,AW19,long coat,0.0188679245283018,0.004751784744142999
5451,73,AW19,medium coat,0.0,0.020583185397497865
5443,92,AW19,long coat,0.0,0.012006856061556877
5451,43,AW19,medium coat,0.0,0.017152653662767324
5451,86,AW19,medium coat,0.0188679245283018,0.025728983006464177
5492,85,AW19,solid color top,0.0188679245283018,0.015437387798267754
5492,67,AW19,solid color top,0.0,0.015437387804538658
5451,91,AW19,medium coat,0.0,0.0068610584653840965
5492,64,AW19,solid color top,0.0,0.01715265366529317
5492,53,AW19,solid color top,0.0188679245283018,0.01886791952542914
5451,10,AW19,medium coat,0.0,0.015437387799020104
5451,12,AW19,medium coat,0.0566037735849056,0.02229845126956557
5492,35,AW19,solid color top,0.0,9.015525076291338e-05
5492,81,AW19,solid color top,0.0,0.00582169777811481
5492,46,AW19,solid color top,0.0,0.008363020787714393
5492,103,AW19,solid color top,0.0,0.004015743137228724
5492,8,AW19,solid color top,0.0,0.024013721829394
4895,105,AW19,long sleeve,0.0,0.015437387789583068
5492,59,AW19,solid color top,0.0,0.013722121926862263
5492,63,AW19,solid color top,0.0,0.0025900492552559124
5451,49,AW19,medium coat,0.0,0.017152653663056808
5492,107,AW19,solid color top,0.0188679245283018,0.012223577168493257
5493,47,AW19,sleeveless,0.0,0.012006856064051009
5408,102,AW19,long sleeve,0.0,0.01372212193627734
5454,13,AW19,culottes,0.0,0.01715265366078793
5454,93,AW19,culottes,0.0,0.02058318539921179
5454,77,AW19,culottes,0.0,0.013722121926868504
5454,36,AW19,culottes,0.0,0.015437387796228379
4899,6,AW19,culottes,0.0188679245283018,0.010291590197090333
5500,2,AW19,culottes,0.0,0.012006856062906548
5500,56,AW19,culottes,0.0,0.013722126901811583
5500,5,AW19,culottes,0.0,0.027300673526713663
5468,13,AW19,culottes,0.0566037735849056,0.020583185381595474
5468,77,AW19,culottes,0.0,0.013722121921984626
5454,49,AW19,culottes,0.0,4.189520847642081e-18
5046,53,AW19,medium coat,0.0377358490566037,0.015437387806522504
5073,12,AW19,medium coat,0.0943396226415094,0.013722121927687854
5429,13,AW19,patterned top,0.0,0.013722121931471307
5429,117,AW19,patterned top,0.0377358490566037,0.010291590204626123
5429,93,AW19,patterned top,0.0,0.012006856062096435
5429,89,AW19,patterned top,0.0,0.010291590196840766
5429,77,AW19,patterned top,0.0,0.009879002351826191
5452,117,AW19,long coat,0.0188679245283018,0.018867919532392727
5429,101,AW19,patterned top,0.0,2.811539889790981e-10
5073,69,AW19,medium coat,0.0188679245283018,0.012006856063375463
5348,57,AW19,culottes,0.0,0.010291590197809723
5452,39,AW19,long coat,0.0,0.012006859553389676
5436,19,AW19,long sleeve,0.0,0.017152653661569955
5500,47,AW19,culottes,0.0,0.013722121930646553
5454,96,AW19,culottes,0.0188679245283018,0.017152653655743144
5436,14,AW19,long sleeve,0.0,0.013722121934867333
5443,107,AW19,long coat,0.0,0.015437387797556525
5493,8,AW19,sleeveless,0.0,0.017152653668458105
4844,105,AW19,doll dress,0.0,0.007755056450965006
5443,83,AW19,long coat,0.0,0.015437387809860868
5443,32,AW19,long coat,0.0,0.01715265366336008
5040,79,AW19,solid color top,0.0188679245283018,0.013722121927986783
5459,62,AW19,culottes,0.0,0.01715265366408556
5459,2,AW19,culottes,0.0,0.022298451260415693
5459,49,AW19,culottes,0.0,0.013722121929521292
5454,62,AW19,culottes,0.0,0.017152653661365362
5500,121,AW19,culottes,0.0188679245283018,0.008576324328202618
5459,94,AW19,culottes,0.0,0.015437387798246141
5500,85,AW19,culottes,0.0377358490566037,0.013722121934007096
5459,43,AW19,culottes,0.0,0.01886791952941188
5500,83,AW19,culottes,0.0,0.029159514734300562
5500,61,AW19,culottes,0.0,0.015437387798793126
5459,47,AW19,culottes,0.0,0.0188679195290118
5452,59,AW19,long coat,0.0188679245283018,0.01543738779559326
5436,121,AW19,long sleeve,0.0,0.012006856066579086
5459,18,AW19,culottes,0.0,0.05660377330375161
5459,63,AW19,culottes,0.0,0.01886792685734405
5459,65,AW19,culottes,0.0188679245283018,0.02088787577685523
5492,20,AW19,solid color top,0.0,0.017152653662931932
5492,1,AW19,solid color top,0.0,0.004311604576672555
5451,85,AW19,medium coat,0.0,0.02058318539101525
4778,64,AW19,medium coat,0.0,0.012006856064605921
4778,41,AW19,medium coat,0.0,0.013722121929883226
5519,45,AW19,long coat,0.0,0.007490220259686271
5490,5,AW19,culottes,0.0,0.011975810016602587
5490,16,AW19,culottes,0.0,0.00030699199741442406
5490,89,AW19,culottes,0.0,0.02058318540148958
5519,43,AW19,long coat,0.0,0.02058318539277735
5490,1,AW19,culottes,0.0,0.0072936175633955954
5519,75,AW19,long coat,0.0188679245283018,0.004038458264155344
5519,19,AW19,long coat,0.0377358490566037,0.013722121926977835
5519,1,AW19,long coat,0.0,0.012006856062543168
5490,42,AW19,culottes,0.0,0.008485220933832612
5490,27,AW19,culottes,0.0,0.01715265365817556
5519,2,AW19,long coat,0.0,0.024013717121570573
5490,121,AW19,culottes,0.0,0.013722121929772117
5504,46,AW19,medium coat,0.0188679245283018,0.0754716978320535
5490,32,AW19,culottes,0.0,0.01715265366878933
5504,53,AW19,medium coat,0.0377358490566037,0.020583188992499106
5490,35,AW19,culottes,0.0,0.020583185392103957
5490,81,AW19,culottes,0.0,0.001046505360919539
5490,46,AW19,culottes,0.0,0.018867924247147814
5490,8,AW19,culottes,0.0,0.0017829670367948548
5519,10,AW19,long coat,0.0,0.017152653663613262
5490,63,AW19,culottes,0.0,0.018867919542349773
5490,43,AW19,culottes,0.0,0.007492988966525936
4778,57,AW19,medium coat,0.0,0.0011799372719070189
5497,64,AW19,long coat,0.0,0.01886792259379397
4778,74,AW19,medium coat,0.0,0.010291590199437397
5497,115,AW19,long coat,0.0,0.01886791952620639
5497,18,AW19,long coat,0.0,0.022298457166410067
5497,46,AW19,long coat,0.0,0.018867919532338562
5497,20,AW19,long coat,0.0188679245283018,0.02058318539573464
5497,76,AW19,long coat,0.0,0.02744425317985253
5497,45,AW19,long coat,0.0188679245283018,0.018867923384391926
5497,93,AW19,long coat,0.0,0.013722125620865944
5497,13,AW19,long coat,0.0,0.0020951062363101557
5490,75,AW19,culottes,0.0,0.004178587228823736
5497,3,AW19,long coat,0.0,0.014743656101511763
5497,43,AW19,long coat,0.0,0.02229845125779911
5497,75,AW19,long coat,0.0188679245283018,0.008920011693676514
5497,19,AW19,long coat,0.0,0.027444253943531286
5497,105,AW19,long coat,0.0188679245283018,0.018867919529602917
5431,29,AW19,kimono dress,0.0188679245283018,0.005197914114930791
5497,10,AW19,long coat,0.0,0.017152653662450088
5490,30,AW19,culottes,0.0,0.01886791952846904
5490,2,AW19,culottes,0.0,0.02058318539595087
5490,15,AW19,culottes,0.0,0.010811408601381621
5519,18,AW19,long coat,0.0,0.0003880884203680832
5497,73,AW19,long coat,0.0188679245283018,0.022298451289688694
5504,16,AW19,medium coat,0.0,0.0120068560587095
5504,56,AW19,medium coat,0.0377358490566037,0.01886791952760655
5490,21,AW19,culottes,0.0,0.006106415582781038
5492,80,AW19,solid color top,0.0,4.18952084764208e-18
5047,19,AW19,long sleeve,0.0,4.189520910070807e-18
5449,43,AW19,medium coat,0.0188679245283018,0.012006859391460458
5449,19,AW19,medium coat,0.0,0.018867919527048308
5061,5,AW19,long coat,0.0566037735849056,0.008576327648721222
5449,31,AW19,medium coat,0.0,0.012881949697254114
5061,73,AW19,long coat,0.0943396226415094,0.024013717104596165
5449,15,AW19,medium coat,0.0188679245283018,0.00986789066318718
5492,6,AW19,solid color top,0.0,0.015437387796469273
5492,99,AW19,solid color top,0.0,0.013722121923632159
5492,39,AW19,solid color top,0.0,0.005258606858797148
5449,10,AW19,medium coat,0.0377358490566037,0.003459549167555423
5061,12,AW19,long coat,0.0188679245283018,0.036020578173690525
5443,49,AW19,long coat,0.0188679245283018,0.004062893177723663
5492,56,AW19,solid color top,0.0,0.0029573130889881676
5451,29,AW19,medium coat,0.0,0.02572898299953883
5492,93,AW19,solid color top,0.0,0.003876135333583309
4969,53,AW19,long sleeve,0.0,0.015437387793357895
5492,52,AW19,solid color top,0.0,0.005700432327659516
5492,76,AW19,solid color top,0.0,0.01543738779725675
5492,77,AW19,solid color top,0.0,0.008685407336387455
5451,53,AW19,medium coat,0.0188679245283018,0.018867919526630153
5449,12,AW19,medium coat,0.0188679245283018,0.027444248857583557
5492,43,AW19,solid color top,0.0,0.0013317992610299963
5492,86,AW19,solid color top,0.0,0.013971509345369424
5449,16,AW19,medium coat,0.0,0.01543738778489676
5490,104,AW19,culottes,0.0,0.002505636710273778
5447,30,AW19,solid color top,0.0,5.91201201170016e-14
5504,91,AW19,medium coat,0.0377358490566037,0.010291590195767758
5504,12,AW19,medium coat,0.0,0.05639525274044462
5530,53,AW19,medium coat,0.0377358490566037,0.01886792423016245
5069,35,AW19,long sleeve,0.0,0.02306557850417007
5447,40,AW19,solid color top,0.0,0.013722121930467013
5045,12,AW19,solid color top,0.0,0.01886791948886646
5449,100,AW19,medium coat,0.0188679245283018,0.001971171780250834
5047,41,AW19,long sleeve,0.0,0.015437387797434804
4882,125,AW19,culottes,0.0,0.013722121931963241
4989,109,AW19,miniskirt,0.0,0.012006856065465754
5066,33,AW19,long coat,0.0188679245283018,0.012006859043430441
5492,96,AW19,solid color top,0.0,0.010884833916697706
5492,12,AW19,solid color top,0.0,0.04802743926372279
5047,53,AW19,long sleeve,0.0,0.015437387795238306
5492,7,AW19,solid color top,0.0188679245283018,0.020583185383893608
5492,66,AW19,solid color top,0.0,0.01543738779686611
5449,76,AW19,medium coat,0.0,0.010405074611662384
5492,19,AW19,solid color top,0.0,0.0011093356245487848
5492,79,AW19,solid color top,0.0188679245283018,0.012006856066113826
5061,21,AW19,long coat,0.0188679245283018,0.010291590197965368
5359,39,AW19,culottes,0.0,0.013722121927732311
5332,81,AW19,doll dress,0.0,0.012006856063639963
5502,14,AW19,long sleeve,0.0188679245283018,0.0011537288559856343
4970,7,AW19,long coat,0.0,0.015804516170018493
5398,10,AW19,medium coat,0.0,0.01200685606421769
5445,117,AW19,long dress,0.0188679245283018,0.012006856066069375
5445,93,AW19,long dress,0.0377358490566037,0.037735848775449714
5445,33,AW19,long dress,0.0,0.013722121928625387
5445,89,AW19,long dress,0.0,0.010291590197474491
5455,59,AW19,solid color top,0.0,0.024013717118334114
5455,63,AW19,solid color top,0.0943396226415094,0.02401372204481313
5445,46,AW19,long dress,0.0,0.007836761001889871
5445,0,AW19,long dress,0.0188679245283018,0.012006856063038694
5445,63,AW19,long dress,0.0,0.008265765888901313
5464,77,AW19,sheath dress,0.0188679245283018,0.013722121928900101
5464,64,AW19,sheath dress,0.0,0.020583185395403096
5441,12,AW19,long dress,0.0,0.0017785819154511342
5455,25,AW19,solid color top,0.0,0.02058318540182256
5441,65,AW19,long dress,0.0188679245283018,0.012006856061437325
5441,105,AW19,long dress,0.0,0.02229845128907184
5441,19,AW19,long dress,0.0566037735849056,0.022298451256240033
5515,35,AW19,long sleeve,0.0377358490566037,0.012006858762093696
5441,9,AW19,long dress,0.0,0.013722121931172903
5441,99,AW19,long dress,0.0,0.003954013480236749
5441,16,AW19,long dress,0.0188679245283018,0.022298451257212283
5445,29,AW19,long dress,0.0,4.189520785213355e-18
5464,76,AW19,sheath dress,0.0188679245283018,0.013722121929674766
5464,93,AW19,sheath dress,0.0188679245283018,0.018867919528477085
5464,28,AW19,sheath dress,0.0,0.025728982989953325
5426,68,AW19,long sleeve,0.0,0.002657186844864087
5426,31,AW19,long sleeve,0.0,0.002011588590328881
5391,29,AW19,long sleeve,0.0,6.396104269605858e-05
5483,30,AW19,sheath dress,0.0377358490566037,0.015437393377935484
5463,81,AW19,sheath dress,0.0377358490566037,0.020583185392794325
5483,43,AW19,sheath dress,0.0,0.0171526536575516
5463,26,AW19,sheath dress,0.0188679245283018,0.01372212577712686
5463,29,AW19,sheath dress,0.0,0.0035658470416945467
5483,40,AW19,sheath dress,0.0188679245283018,0.013722121932284703
5464,31,AW19,sheath dress,0.0,0.013722121925682588
5464,94,AW19,sheath dress,0.0,0.015437387797018233
5445,12,AW19,long dress,0.0,0.029159514724805463
5445,7,AW19,long dress,0.0188679245283018,0.02716683715529402
5391,91,AW19,long sleeve,0.0,9.30260501439868e-34
5445,65,AW19,long dress,0.0,0.015437392473453885
5445,94,AW19,long dress,0.0377358490566037,0.01200685606523368
5391,2,AW19,long sleeve,0.0,0.015437387799138093
5464,43,AW19,sheath dress,0.0,0.02058318540243335
5464,80,AW19,sheath dress,0.0188679245283018,0.02401371712912285
5464,5,AW19,sheath dress,0.0,0.012006856062315305
5464,99,AW19,sheath dress,0.0188679245283018,0.017152653662618637
5441,93,AW19,long dress,0.0,0.02401372148234008
5386,2,AW19,long sleeve,0.0,0.0
5515,81,AW19,long sleeve,0.0,0.017152653663881894
5455,41,AW19,solid color top,0.0,0.04288164163934431
5027,67,AW19,long coat,0.0,0.015437387797201961
4976,86,AW19,sleeveless,0.0,0.01886791952605073
5027,18,AW19,long coat,0.0188679245283018,0.04127604163348972
5495,51,AW19,solid color top,0.0377358490566037,0.013722121921455072
4992,56,AW19,long coat,0.0377358490566037,0.037735837257868214
5495,40,AW19,solid color top,0.0,0.015437387794480173
5495,69,AW19,solid color top,0.0,0.02058318537771549
5495,46,AW19,solid color top,0.0,0.015437387798532128
5494,15,AW19,long sleeve,0.0,0.017152657524003342
5495,80,AW19,solid color top,0.0188679245283018,0.01886791952902203
5511,80,AW19,long sleeve,0.0,0.054888502743998986
5494,65,AW19,long sleeve,0.0,0.013357707849837953
5444,54,AW19,long sleeve,0.0,0.012006856067279751
5444,49,AW19,long sleeve,0.0,0.02058318539692523
5444,15,AW19,long sleeve,0.0,0.015437387812936985
5494,84,AW19,long sleeve,0.0,0.0019357396080163982
5444,92,AW19,long sleeve,0.0,0.002940126517706153
5444,56,AW19,long sleeve,0.0,0.018867919526517958
5494,19,AW19,long sleeve,0.0,0.012006859612096523
5511,5,AW19,long sleeve,0.0,0.015437387796821236
5495,29,AW19,solid color top,0.0,0.017152653660648318
5495,105,AW19,solid color top,0.0,0.02744424886422315
5495,12,AW19,solid color top,0.0,6.242872454543942e-26
5442,45,AW19,solid color top,0.0,0.000732765798156363
5441,20,AW19,long dress,0.0566037735849056,0.015437387798312456
5441,83,AW19,long dress,0.0188679245283018,0.01715265368356542
5441,121,AW19,long dress,0.0,0.01886791952975533
5441,74,AW19,long dress,0.0,0.018867919535019644
5441,69,AW19,long dress,0.0188679245283018,0.015437387799094747
5525,12,AW19,long sleeve,0.0188679245283018,0.15094339482064514
5015,5,AW19,medium coat,0.0,1.9246202466593598e-07
5467,31,AW19,sleeveless,0.0188679245283018,0.05660377330375161
5033,104,AW19,medium coat,0.0,1.4513444362256213e-05
5467,56,AW19,sleeveless,0.0,0.012006856062789726
5051,77,AW19,trapeze dress,0.0,0.015437387801101102
5467,93,AW19,sleeveless,0.0,0.004340983292619571
5502,88,AW19,long sleeve,0.0,0.013722124347869716
5467,76,AW19,sleeveless,0.0,0.002589560618407432
5467,77,AW19,sleeveless,0.0188679245283018,0.013722121925564983
5467,83,AW19,sleeveless,0.0,0.017152653659450467
5525,51,AW19,long sleeve,0.0377358490566037,0.08847623929580409
5467,32,AW19,sleeveless,0.0,0.01029159019722232
5340,85,AW19,culottes,0.0188679245283018,0.03764154675102479
5511,12,AW19,long sleeve,0.0,0.04631217338123315
5442,22,AW19,solid color top,0.0,0.01543739244704257
5441,77,AW19,long dress,0.0,0.018867924463891295
5341,79,AW19,kimono dress,0.0,0.007417014426400763
5386,86,AW19,long sleeve,0.0188679245283018,0.010438458789466174
5386,43,AW19,long sleeve,0.0,0.000351815596136524
4907,88,AW19,culottes,0.0,0.00417092159606067
5455,24,AW19,solid color top,0.0188679245283018,0.04116637579708328
5455,89,AW19,solid color top,0.0,0.017152653661329592
5485,18,AW19,short sleeves,0.0,0.0600343001828792
5485,44,AW19,short sleeves,0.0188679245283018,0.0398619972336773
5485,115,AW19,short sleeves,0.0,0.024013717125668747
5515,5,AW19,long sleeve,0.0,0.010291590196134758
5510,96,AW19,short sleeves,0.0377358490566037,0.013722121929323119
5455,38,AW19,solid color top,0.0,0.01543738779725999
5485,76,AW19,short sleeves,0.0377358490566037,0.018867919540007945
5510,7,AW19,short sleeves,0.0,0.025728982996706767
5455,109,AW19,solid color top,0.0,0.027444248858404352
5510,105,AW19,short sleeves,0.0,0.01886791952170459
5510,19,AW19,short sleeves,0.0,0.030874780587281832
5510,43,AW19,short sleeves,0.0377358490566037,0.034305312313310236
5341,28,AW19,kimono dress,0.0,0.013722121925827334
5510,3,AW19,short sleeves,0.0,0.017152653663515868
5440,53,AW19,sleeveless,0.0,0.02058318539700862
5510,93,AW19,short sleeves,0.0,0.04288164166646667
5510,76,AW19,short sleeves,0.0377358490566037,0.022298451260694453
5455,106,AW19,solid color top,0.0,0.013722121937346453
5455,16,AW19,solid color top,0.0,0.02915951472581032
5455,56,AW19,solid color top,0.0,0.01715265365870168
5485,43,AW19,short sleeves,0.0377358490566037,0.034305312352357835
5341,64,AW19,kimono dress,0.0,0.017152660414395726
5455,79,AW19,solid color top,0.0,0.02229845125689942
5059,81,AW19,kimono dress,0.0377358490566037,0.012006856065587365
5059,26,AW19,kimono dress,0.0,0.006197605018823292
5059,46,AW19,kimono dress,0.0,0.02229845125523901
4904,105,AW19,long sleeve,0.0188679245283018,0.017152653666774376
5064,2,AW19,kimono dress,0.0,0.013722121929141169
5064,19,AW19,kimono dress,0.0,0.03430531232629249
5064,14,AW19,kimono dress,0.0188679245283018,0.004159245616357609
5064,46,AW19,kimono dress,0.0,0.03087478059571631
5446,15,AW19,long sleeve,0.0188679245283018,0.01715265366227306
5455,39,AW19,solid color top,0.0,0.029159514723333422
4947,83,AW19,culottes,0.0,0.012006856063007741
5485,96,AW19,short sleeves,0.0188679245283018,0.020583185396495313
5455,73,AW19,solid color top,0.0,0.022298451249682813
5455,110,AW19,solid color top,0.0,9.811237531941182e-06
5455,3,AW19,solid color top,0.0,0.02915951472242674
5485,105,AW19,short sleeves,0.0,0.04952101380186648
5485,19,AW19,short sleeves,0.0,0.03945110993931233
5485,75,AW19,short sleeves,0.1320754716981132,0.030874780595645517
5485,92,AW19,short sleeves,0.0188679245283018,0.013722121929141637
5440,8,AW19,sleeveless,0.0,0.012006856065226118
5510,1,AW19,short sleeves,0.0,0.03087478059111308
5439,18,AW19,solid color top,0.0,0.012006861237351136
5510,101,AW19,short sleeves,0.0,0.017152653655349175
5463,66,AW19,sheath dress,0.0,0.012006856065794014
5439,7,AW19,solid color top,0.0,0.013722121929855119
5439,49,AW19,solid color top,0.0,0.013722127138166264
5389,4,AW19,long sleeve,0.0,0.02572898299101827
5455,32,AW19,solid color top,0.0,0.05145797097996797
5389,67,AW19,long sleeve,0.0,0.012006856062846539
5389,51,AW19,long sleeve,0.0,0.039451109928163273
5389,89,AW19,long sleeve,0.0754716981132075,0.0377358440557896
5463,9,AW19,sheath dress,0.0188679245283018,0.015437387799771584
5389,13,AW19,long sleeve,0.0,0.04288164165395244
5389,3,AW19,long sleeve,0.0377358490566037,0.03430531232832757
5389,9,AW19,long sleeve,0.0,0.03430531232802968
5463,45,AW19,sheath dress,0.0188679245283018,0.008576324332005334
5386,63,AW19,long sleeve,0.0,0.017152653661152904
5463,76,AW19,sheath dress,0.0188679245283018,0.012006856063550246
5463,51,AW19,sheath dress,0.0,0.0
5386,107,AW19,long sleeve,0.0377358490566037,0.010291590200279484
5335,72,AW19,shirt dress,0.0,0.010291590203961922
4724,38,AW19,long coat,0.0,0.0029573130889881676
5335,33,AW19,shirt dress,0.0,0.015437387791327414
5463,53,AW19,sheath dress,0.0,0.017152653665013128
5389,125,AW19,long sleeve,0.0188679245283018,0.012006856057433126
5494,43,AW19,long sleeve,0.0,0.013722121931452181
5499,38,AW19,short cardigan,0.0,0.00655986723576776
5425,6,AW19,long sleeve,0.0,0.013722121929808765
5510,82,AW19,short sleeves,0.0188679245283018,0.0394511099053686
5439,81,AW19,solid color top,0.0,0.012006856061439005
5439,121,AW19,solid color top,0.0,0.01543738779609726
5463,2,AW19,sheath dress,0.0188679245283018,0.018867919527985083
5344,4,AW19,doll dress,0.0188679245283018,0.04477607065361637
5510,18,AW19,short sleeves,0.0,0.03945110991499757
5510,115,AW19,short sleeves,0.0,0.051457970938870126
5439,107,AW19,solid color top,0.0,0.02058318539603743
5463,7,AW19,sheath dress,0.0377358490566037,0.017152657192009268
5439,56,AW19,solid color top,0.0,0.004671832786182751
5417,24,AW19,long sleeve,0.0,0.015437387794018828
5417,74,AW19,long sleeve,0.0188679245283018,0.01173668537260706
5417,0,AW19,long sleeve,0.0188679245283018,0.0018846209178694712
5344,23,AW19,doll dress,0.0377358490566037,0.018867919528037628
5417,4,AW19,long sleeve,0.0,0.004038458264155344
5417,59,AW19,long sleeve,0.0,0.013722121926186633
5407,80,AW19,long sleeve,0.0,0.012006860426088097
5455,67,AW19,solid color top,0.0188679245283018,0.032590046457791455
5407,69,AW19,long sleeve,0.0,0.012006856061812314
5407,0,AW19,long sleeve,0.0,0.012006856066403513
5425,7,AW19,long sleeve,0.0,2.811539847895771e-10
5463,94,AW19,sheath dress,0.0,0.005632369360560789
5494,80,AW19,long sleeve,0.0,0.01715265366256918
5467,22,AW19,sleeveless,0.0,0.0022855783367000037
5474,85,AW19,long dress,0.0,0.024013721187170517
5498,36,AW19,doll dress,0.0,0.013722121932883767
5521,75,AW19,long coat,0.0,0.012006856060540826
5474,14,AW19,long dress,0.0,0.008231110279566732
5474,19,AW19,long dress,0.0,0.02572898298147408
5527,93,AW19,long coat,0.0,0.03602057819067042
5474,66,AW19,long dress,0.0188679245283018,0.0009446601328322597
5474,94,AW19,long dress,0.0,0.010681086806725497
5521,30,AW19,long coat,0.0,0.022298451251059573
5498,46,AW19,doll dress,0.0,0.013722121934031706
5521,19,AW19,long coat,0.0,0.027444248864623915
5501,77,AW19,long dress,0.0,0.015437391329366288
5474,15,AW19,long dress,0.0,0.018867919532282167
5474,10,AW19,long dress,0.0,0.022298451256494004
5474,12,AW19,long dress,0.0,0.01578320615014334
5498,81,AW19,doll dress,0.0188679245283018,0.025728982998049977
5474,2,AW19,long dress,0.0,0.029159514724905914
5498,95,AW19,doll dress,0.0,0.0188679195290539
5521,73,AW19,long coat,0.0188679245283018,0.027444248868594426
5521,3,AW19,long coat,0.0,0.018867925058646956
5498,100,AW19,doll dress,0.0,0.024013721882324642
5053,19,AW19,culottes,0.0188679245283018,0.010291590196194874
5520,101,AW19,doll dress,0.0188679245283018,0.008576324331926356
5501,80,AW19,long dress,0.0,0.01886791953161035
5521,93,AW19,long coat,0.0,5.63595733134428e-05
5501,85,AW19,long dress,0.0,0.023533416787632752
5527,26,AW19,long coat,0.0566037735849056,2.3247191616550427e-06
5409,53,AW19,culottes,0.0,0.0005415467559475967
5474,32,AW19,long dress,0.0,0.017152653660961033
5409,83,AW19,culottes,0.0188679245283018,0.00025699824343834016
5474,47,AW19,long dress,0.0,0.018867919521234882
5474,96,AW19,long dress,0.0,0.007022549031040704
5474,86,AW19,long dress,0.0,0.001576483172252874
4938,84,AW19,culottes,0.0,0.012006856062568556
5498,35,AW19,doll dress,0.0,0.018867919515998314
5529,80,AW19,culottes,0.0188679245283018,0.0720411613461827
5498,89,AW19,doll dress,0.0188679245283018,0.015437392481963182
5474,77,AW19,long dress,0.0,2.8115398060005626e-10
5474,51,AW19,long dress,0.0,0.02058318916205454
5474,89,AW19,long dress,0.0,0.01886791953890322
5498,68,AW19,doll dress,0.0,0.013663046215762253
5498,1,AW19,doll dress,0.0377358490566037,0.01372212193226975
5474,76,AW19,long dress,0.0188679245283018,0.00448451389833618
5521,43,AW19,long coat,0.0188679245283018,0.013722121943223876
5474,22,AW19,long dress,0.0,0.02401371995447752
5474,38,AW19,long dress,0.0,0.013722121931940303
5501,76,AW19,long dress,0.0,0.013722121928916541
5529,12,AW19,culottes,0.0188679245283018,0.04631217337318035
5474,20,AW19,long dress,0.0188679245283018,0.01715265365886236
5474,56,AW19,long dress,0.0188679245283018,0.010947789764782619
5474,99,AW19,long dress,0.0,0.01886792382487738
5474,5,AW19,long dress,0.0,0.0013162621667573056
5474,43,AW19,long dress,0.0,0.02229845125280296
5498,40,AW19,doll dress,0.0377358490566037,0.013722121933078738
5474,82,AW19,long dress,0.0,0.032590050708023344
5529,46,AW19,culottes,0.0188679245283018,0.01200685606407788
5474,80,AW19,long dress,0.0188679245283018,0.056603772741443646
5498,13,AW19,doll dress,0.0,0.015437387796835558
5501,36,AW19,long dress,0.0188679245283018,0.018867919545106
5498,93,AW19,doll dress,0.0,0.027444248860473336
5474,73,AW19,long dress,0.0,0.004298291440974343
5474,9,AW19,long dress,0.0,0.020583191144777576
5501,5,AW19,long dress,0.0188679245283018,0.010291590198419699
4931,49,AW19,culottes,0.0188679245283018,0.012006856059965682
5498,121,AW19,doll dress,0.0,0.02058318539913053
5501,24,AW19,long dress,0.0,0.013722121928899147
5498,33,AW19,doll dress,0.0,9.302605153018298e-34
5474,74,AW19,long dress,0.0,0.02572898299403096
5474,53,AW19,long dress,0.0,4.158588546579387e-41
5498,43,AW19,doll dress,0.0,1.9136740025738689e-07
5434,8,AW19,culottes,0.0,0.013722121929107708
5511,52,AW19,long sleeve,0.0188679245283018,0.012006856065395718
5511,51,AW19,long sleeve,0.0,0.03259004644679478
5502,69,AW19,long sleeve,0.0,0.013722121929184585
5511,1,AW19,long sleeve,0.0,0.022298451266135326
5527,18,AW19,long coat,0.0377358490566037,0.03087478059580354
5474,4,AW19,long dress,0.0,0.017152653667737387
5474,18,AW19,long dress,0.0,0.015437387797595604
5521,125,AW19,long coat,0.0188679245283018,0.010291590195643942
5474,41,AW19,long dress,0.0,0.006393102847221183
5502,100,AW19,long sleeve,0.0,0.0013643886484457676
5498,12,AW19,doll dress,0.0,0.013772151749805152
5409,68,AW19,culottes,0.0188679245283018,0.003593743246386111
5001,85,AW19,long sleeve,0.0,0.03259004645338058
5511,53,AW19,long sleeve,0.0188679245283018,0.01372212193289911
5527,19,AW19,long coat,0.0188679245283018,0.017152653657076054
5474,29,AW19,long dress,0.0,0.00395511367161089
5434,105,AW19,culottes,0.0566037735849056,0.023558014456575002
5398,105,AW19,medium coat,0.0,0.012006856063218826
5444,82,AW19,long sleeve,0.0,0.013722121926932482
5474,21,AW19,long dress,0.0,0.018867919533040765
5444,83,AW19,long sleeve,0.0,0.018867920403826535
5474,8,AW19,long dress,0.0,0.003777521601338736
5494,5,AW19,long sleeve,0.0,0.0018299954615557013
5434,53,AW19,culottes,0.0,0.01543738779223218
5444,121,AW19,long sleeve,0.0188679245283018,0.012006856061993686
5444,46,AW19,long sleeve,0.0,0.0031904041444139218
5494,74,AW19,long sleeve,0.0,0.004723766314808782
5494,35,AW19,long sleeve,0.0,0.0007486065272056
5494,29,AW19,long sleeve,0.0,0.01715265366087456
5474,115,AW19,long dress,0.0,0.00617891447852272
5502,53,AW19,long sleeve,0.0,0.00012808617466791026
5520,12,AW19,doll dress,0.0,0.020583185404926756
5521,8,AW19,long coat,0.0,0.012006856062176824
5511,46,AW19,long sleeve,0.0188679245283018,0.022298451262533745
5474,46,AW19,long dress,0.0,0.030874785970951432
5498,86,AW19,doll dress,0.0,0.027444248863217037
5409,117,AW19,culottes,0.0,0.012006856062693349
5409,80,AW19,culottes,0.0,0.01712741507823465
5409,105,AW19,culottes,0.0,0.01886791952663515
5520,64,AW19,doll dress,0.0,0.008576324330003776
4603,105,AW19,culottes,0.0188679245283018,0.015437387804388612
5501,12,AW19,long dress,0.0,0.0291595172365732
5521,20,AW19,long coat,0.0,0.024013717123431134
4662,24,AW19,culottes,0.0,0.024013717125282386
5521,12,AW19,long coat,0.0,0.034305312319672196
4975,105,AW19,culottes,0.0,0.018867919527370467
5498,15,AW19,doll dress,0.0,0.0050137473061514426
5474,35,AW19,long dress,0.0,0.0017723211517894932
4924,21,AW19,long coat,0.0,0.013722121929557594
5474,69,AW19,long dress,0.0,0.004513672645328336
5521,86,AW19,long coat,0.0,0.015437387796747918
5017,92,AW19,culottes,0.0188679245283018,0.003501319374292119
5521,46,AW19,long coat,0.0,0.037735844062379245
5521,18,AW19,long coat,0.0,0.007543678003011662
5501,30,AW19,long dress,0.0,0.018867919530929728
4922,5,AW19,long coat,0.0,0.013722126736014745
5474,36,AW19,long dress,0.1320754716981132,0.04288164165903197
5498,49,AW19,doll dress,0.0,0.01715265366040489
5521,36,AW19,long coat,0.0,0.015437387798010384
5527,3,AW19,long coat,0.0,0.017152653662920528
5393,18,AW19,kimono dress,0.0,9.302605153018295e-34
5473,49,AW19,culottes,0.0,0.012006856063647152
5475,32,AW19,culottes,0.0,0.015437387796931493
5443,108,AW19,long coat,0.0,0.012006859612096523
5475,83,AW19,culottes,0.0,0.02401371711726762
5475,82,AW19,culottes,0.0,0.024013717126320482
5475,108,AW19,culottes,0.0,0.025728982995781077
5517,43,AW19,long sleeve,0.0,0.015437387782406619
5501,1,AW19,long dress,0.0,0.013722121931041168
5475,73,AW19,culottes,0.0,0.018867919523225463
5070,105,AW19,long coat,0.0,0.01200685606547691
5501,46,AW19,long dress,0.0188679245283018,0.010291590197698881
5393,85,AW19,kimono dress,0.0188679245283018,0.01372212193012242
5517,91,AW19,long sleeve,0.0,0.01543738778156681
5473,10,AW19,culottes,0.0,0.012006856061273729
5475,3,AW19,culottes,0.1320754716981132,0.025728982993957338
5393,100,AW19,kimono dress,0.0,0.017152653661008994
5475,80,AW19,culottes,0.0,0.05145797096870175
5500,89,AW19,culottes,0.0,0.012293329151124589
5501,2,AW19,long dress,0.0188679245283018,0.010291590195886933
5500,22,AW19,culottes,0.0188679245283018,0.013722121927838938
5475,100,AW19,culottes,0.0,0.013722121933658566
5500,93,AW19,culottes,0.0,0.022298451262222657
5475,57,AW19,culottes,0.0377358490566037,0.030874780580664386
4939,108,AW19,culottes,0.0,0.017152653660528535
5500,13,AW19,culottes,0.0,0.012006856062315305
5452,86,AW19,long coat,0.0188679245283018,0.01029159019629585
5475,115,AW19,culottes,0.0,0.041166378871895996
5502,36,AW19,long sleeve,0.0,0.01543738779419188
5500,3,AW19,culottes,0.0188679245283018,0.012006856074021938
5517,101,AW19,long sleeve,0.0,0.01200685606425833
5517,82,AW19,long sleeve,0.0188679245283018,0.013722121922195914
5023,108,AW19,medium cardigan,0.0,0.02572898298879518
5475,41,AW19,culottes,0.0,0.027444248859827765
4697,79,AW19,short cardigan,0.0,0.01194310514240582
5517,95,AW19,long sleeve,0.0,0.0013340011487681057
5502,40,AW19,long sleeve,0.0,0.015437387799309038
5500,39,AW19,culottes,0.0,0.013722121930925616
5502,77,AW19,long sleeve,0.0,0.013722124383496955
5502,3,AW19,long sleeve,0.0,0.012006856060117449
5502,10,AW19,long sleeve,0.0,0.0019124275561783867
5500,1,AW19,culottes,0.0377358490566037,0.02401371712772014
5475,8,AW19,culottes,0.0,0.03173839212291346
5023,87,AW19,medium cardigan,0.0188679245283018,0.008576324331047899
4939,87,AW19,culottes,0.0,0.022298456524149336
5500,95,AW19,culottes,0.0,0.01886791952682581
5500,46,AW19,culottes,0.0,0.0171526536607122
5500,81,AW19,culottes,0.0,0.012006856062500815
5500,35,AW19,culottes,0.0188679245283018,0.015437387796876947
5475,81,AW19,culottes,0.0,0.013722121928703498
5501,9,AW19,long dress,0.0,0.006861058463945177
5515,50,AW19,long sleeve,0.0188679245283018,0.012006856063927759
5473,30,AW19,culottes,0.0,0.024013717126324777
5475,39,AW19,culottes,0.0,0.027444251547377334
5393,57,AW19,kimono dress,0.0,0.015437387796064843
5500,53,AW19,culottes,0.0,0.01372212192964136
5475,53,AW19,culottes,0.0,0.01715265365199124
5501,75,AW19,long dress,0.0,0.013722121928554949
5501,94,AW19,long dress,0.0,0.013985176554156107
5337,105,AW19,kimono dress,0.0188679245283018,0.03259004646512506
5475,26,AW19,culottes,0.0,0.015437387790933904
5515,73,AW19,long sleeve,0.0,0.022298458747207074
5515,12,AW19,long sleeve,0.0,0.007040790982845753
5501,7,AW19,long dress,0.0,0.020583188464458512
5500,20,AW19,culottes,0.0,0.015437387794962993
5337,48,AW19,kimono dress,0.0,0.05660376851499053
5475,0,AW19,culottes,0.0188679245283018,0.012006856065100123
5517,117,AW19,long sleeve,0.0,0.010291590197767802
5517,76,AW19,long sleeve,0.0,0.013722121927080513
5515,108,AW19,long sleeve,0.0566037735849056,0.07547169755089952
5473,19,AW19,culottes,0.0,0.013722121934329135
5522,9,AW19,solid color top,0.0188679245283018,0.02401372095873049
5473,39,AW19,culottes,0.0188679245283018,0.015437387793562882
5525,20,AW19,long sleeve,0.0188679245283018,0.012006856065033385
5522,85,AW19,solid color top,0.0,0.018867919530368905
4694,75,AW19,long sleeve,0.0377358490566037,0.012006856064629591
5475,47,AW19,culottes,0.0,0.034305312319508854
5351,42,AW19,kimono dress,0.0,0.012006856062562087
5535,41,AW19,kimono dress,0.0,0.016554500487721783
5525,52,AW19,long sleeve,0.0188679245283018,0.008576329303379338
5525,56,AW19,long sleeve,0.0,0.029159514721888595
5473,81,AW19,culottes,0.0,0.017152653664834438
5475,7,AW19,culottes,0.0188679245283018,2.069576469219379e-25
5525,108,AW19,long sleeve,0.0188679245283018,0.024013717115076424
5522,35,AW19,solid color top,0.0,0.018867924809455774
5475,68,AW19,culottes,0.0377358490566037,0.017152653670522558
5525,73,AW19,long sleeve,0.0,0.02229845125138529
5473,40,AW19,culottes,0.0,0.03087478059795475
5475,15,AW19,culottes,0.0,0.030874780580942934
5515,0,AW19,long sleeve,0.0377358490566037,0.01372212639283529
5520,36,AW19,doll dress,0.0,0.046881532303490944
5535,64,AW19,kimono dress,0.0188679245283018,0.030874780587368266
5473,53,AW19,culottes,0.0,0.013722121934299341
5535,29,AW19,kimono dress,0.0,0.06689536379321193
5522,46,AW19,solid color top,0.0188679245283018,0.04459690748788132
5069,29,AW19,long sleeve,0.0,0.01543738779586762
5522,90,AW19,solid color top,0.0377358490566037,0.018867919521527367
4926,19,AW19,long sleeve,0.0377358490566037,0.01629474942198882
5351,16,AW19,kimono dress,0.0,0.022298451259329184
5525,94,AW19,long sleeve,0.0,0.05124956233312868
5525,53,AW19,long sleeve,0.0188679245283018,0.022298458533981873
5387,10,AW19,kimono dress,0.0,0.018867919523071135
5511,30,AW19,long sleeve,0.0,0.022298451264684882
5522,80,AW19,solid color top,0.0377358490566037,0.029159518447698804
5393,65,AW19,kimono dress,0.0188679245283018,0.01886791952355727
5522,39,AW19,solid color top,0.0,4.515701809783496e-07
5522,43,AW19,solid color top,0.0,0.024013717139355014
5522,79,AW19,solid color top,0.0377358490566037,0.01372212193038347
5511,56,AW19,long sleeve,0.0,0.02401371713159018
5522,60,AW19,solid color top,0.0188679245283018,0.010291590197286229
5511,13,AW19,long sleeve,0.0377358490566037,0.02572898299617586
5393,105,AW19,kimono dress,0.0,0.0188679195268728
5522,47,AW19,solid color top,0.0188679245283018,0.018867924247147814
5522,31,AW19,solid color top,0.0,0.0033665114134631266
5511,20,AW19,long sleeve,0.0377358490566037,0.027444248854463216
5511,43,AW19,long sleeve,0.0,0.017152653672852312
5511,75,AW19,long sleeve,0.0188679245283018,0.013722121933013273
5475,93,AW19,culottes,0.0,0.029159514735865043
5522,15,AW19,solid color top,0.0188679245283018,0.03945110990608153
5473,29,AW19,culottes,0.0,0.018773633082280635
5511,35,AW19,long sleeve,0.0,0.01715265365930848
5387,75,AW19,kimono dress,0.0566037735849056,0.010291590197983086
5511,81,AW19,long sleeve,0.0,0.01715265366769191
5511,19,AW19,long sleeve,0.0,0.027444248842049733
5353,39,AW19,long sleeve,0.0,0.010291590197998652
5475,76,AW19,culottes,0.0,0.025728982997018
5387,91,AW19,kimono dress,0.0,0.01200685606289714
5511,15,AW19,long sleeve,0.0,0.02572898298775593
5073,103,AW19,medium coat,0.0377358490566037,0.013722121930009525
5511,7,AW19,long sleeve,0.0,0.015437387783909969
5428,80,AW19,sheath dress,0.0188679245283018,0.017152653661354503
5428,108,AW19,sheath dress,0.0,0.015437387794945289
5535,104,AW19,kimono dress,0.0,0.00013423259961314275
5535,125,AW19,kimono dress,0.0188679245283018,0.015194716573401379
5515,51,AW19,long sleeve,0.0188679245283018,0.018867919528751647
5535,69,AW19,kimono dress,0.0,0.03945110991086103
5473,76,AW19,culottes,0.0188679245283018,0.012006856060880174
5473,93,AW19,culottes,0.0188679245283018,0.005231833097385897
5535,40,AW19,kimono dress,0.0,0.018625137391522537
5522,5,AW19,solid color top,0.0,0.018867923936446897
5443,10,AW19,long coat,0.0,0.01200685606296702
5535,53,AW19,kimono dress,0.0,0.0188679238496904
5535,67,AW19,kimono dress,0.0,0.05317323701132441
5387,108,AW19,kimono dress,0.0,0.02401372026400198
5515,89,AW19,long sleeve,0.0,0.013722121930479197
5428,36,AW19,sheath dress,0.0,0.0038764658458028184
5520,15,AW19,doll dress,0.0,0.015142967421429135
5535,85,AW19,kimono dress,0.0,0.0025180130975603248
5428,18,AW19,sheath dress,0.0,0.010291590196611996
5535,72,AW19,kimono dress,0.0,0.003590950304095348
5473,13,AW19,culottes,0.0188679245283018,0.01886791952597968
5515,22,AW19,long sleeve,0.0377358490566037,0.012006856063367318
5535,106,AW19,kimono dress,0.0,0.04802744536517369
5535,101,AW19,kimono dress,0.0,0.032590046458623956
5473,108,AW19,culottes,0.0,0.027444248864252365
5473,3,AW19,culottes,0.0188679245283018,0.03087478060004468
5475,38,AW19,culottes,0.0,0.001636773963828029
5520,49,AW19,doll dress,0.0188679245283018,0.012006856062136266
4969,77,AW19,long sleeve,0.0,0.013722121933561104
5395,62,AW19,doll dress,0.0,0.012006856064526533
5473,73,AW19,culottes,0.0188679245283018,0.02744425406293829
5520,94,AW19,doll dress,0.0,0.013722128172760507
5393,107,AW19,kimono dress,0.0377358490566037,0.00027679807813922163
5520,75,AW19,doll dress,0.0377358490566037,0.02093378284039319
5535,35,AW19,kimono dress,0.0,0.0823327566508605
5535,115,AW19,kimono dress,0.0,0.01103182902685185
5473,121,AW19,culottes,0.0,0.022298451264394274
5520,56,AW19,doll dress,0.0188679245283018,0.002054469986169831
5393,108,AW19,kimono dress,0.0,0.017152653664568154
5535,21,AW19,kimono dress,0.0,0.0026856988803073876
5473,83,AW19,culottes,0.0,0.015437387795486259
5393,99,AW19,kimono dress,0.0,0.024013717118580864
5535,63,AW19,kimono dress,0.0,0.0025775154283124058
5515,20,AW19,long sleeve,0.0188679245283018,0.020583185394285892
5535,59,AW19,kimono dress,0.0,0.013722125554985927
5473,106,AW19,culottes,0.0,0.020583185402093983
5387,57,AW19,kimono dress,0.0566037735849056,0.01200685605793182
5535,4,AW19,kimono dress,0.0,0.018867919518525778
5520,108,AW19,doll dress,0.0377358490566037,0.0565825400827519
5387,59,AW19,kimono dress,0.0,0.015437387793702136
5535,95,AW19,kimono dress,0.0,0.05317323681356179
5351,105,AW19,kimono dress,0.0188679245283018,0.017152658363859687
5475,84,AW19,culottes,0.0,0.02401371712609648
5520,9,AW19,doll dress,0.0188679245283018,0.006861058464337636
5535,18,AW19,kimono dress,0.0,0.0010653482254645813
5535,36,AW19,kimono dress,0.0,0.06518009783820432
5428,101,AW19,sheath dress,0.0377358490566037,0.005145792596474837
5520,73,AW19,doll dress,0.0377358490566037,0.00410792774216347
5535,81,AW19,kimono dress,0.0377358490566037,0.002250668534314542
5428,82,AW19,sheath dress,0.0,0.012006856064354334
5515,47,AW19,long sleeve,0.0188679245283018,0.003528958356071597
5515,1,AW19,long sleeve,0.0,0.03644562322184103
5428,85,AW19,sheath dress,0.0,0.015437387800486582
5429,81,AW19,patterned top,0.0,0.024013717130807726
5547,12,AW19,kimono dress,0.0,4.7124596590882995e-06
5025,19,AW19,long sleeve,0.0,0.013722121929970684
5540,20,AW19,culottes,0.0188679245283018,0.03087478432642968
5540,27,AW19,culottes,0.0188679245283018,0.0085763243311204
5540,72,AW19,culottes,0.0188679245283018,0.017152653675822783
5540,53,AW19,culottes,0.0,0.017152653672456535
5540,40,AW19,culottes,0.0,0.027444248860148852
5540,81,AW19,culottes,0.0,0.022298451259438492
4435,45,AW19,patterned top,0.0188679245283018,0.00857632433036329
5540,36,AW19,culottes,0.0,0.02058318539736188
5540,46,AW19,culottes,0.0,0.018867923702219173
5540,68,AW19,culottes,0.0,0.015437387791034374
5540,18,AW19,culottes,0.0188679245283018,0.011180900560079143
5540,0,AW19,culottes,0.0,0.01543738779328061
5540,103,AW19,culottes,0.0,0.01372212192622733
5540,8,AW19,culottes,0.0,0.024013717125533532
5540,59,AW19,culottes,0.0,0.020583185402047437
5540,21,AW19,culottes,0.0377358490566037,0.0137221219297815
5540,115,AW19,culottes,0.0188679245283018,0.017152653668609175
5540,29,AW19,culottes,0.0,0.01886792383224912
5545,2,AW19,medium coat,0.0,0.010291590196965237
5545,12,AW19,medium coat,0.0188679245283018,0.018867924528301803
5540,95,AW19,culottes,0.0,0.01543738779627012
5545,10,AW19,medium coat,0.0188679245283018,0.01715265366210891
5540,77,AW19,culottes,0.0188679245283018,0.017152653666024094
5540,89,AW19,culottes,0.0,0.020583189844261857
5529,43,AW19,culottes,0.0,0.018867921795197612
5529,9,AW19,culottes,0.0,0.020583185339708085
5529,108,AW19,culottes,0.0188679245283018,0.04116637579737539
4977,87,AW19,doll dress,0.0,0.020583185398422243
4938,13,AW19,culottes,0.0,0.0137221219227518
5540,54,AW19,culottes,0.0188679245283018,0.018867919529134174
5540,12,AW19,culottes,0.0,0.02572898299203312
5540,7,AW19,culottes,0.0,0.013722121932240533
5540,15,AW19,culottes,0.0,0.029159514726015016
5540,51,AW19,culottes,0.0566037735849056,0.022298451266079235
5540,65,AW19,culottes,0.0,0.017152653661212613
5540,43,AW19,culottes,0.0188679245283018,0.02229845126093846
4977,108,AW19,doll dress,0.0,0.010291590197802264
5540,39,AW19,culottes,0.0,0.020583185397752574
5540,3,AW19,culottes,0.0377358490566037,0.02229845125938375
5540,5,AW19,culottes,0.0,0.013722121928880013
5540,99,AW19,culottes,0.0,0.020583185398529297
5540,16,AW19,culottes,0.0,0.017152653664122476
5540,13,AW19,culottes,0.0188679245283018,0.020583185402990343
5540,22,AW19,culottes,0.0377358490566037,0.001259343309300538
5540,75,AW19,culottes,0.0,0.02058318539733889
5545,7,AW19,medium coat,0.0,0.013722121927845258
5545,31,AW19,medium coat,0.0188679245283018,0.020583192889402233
5545,94,AW19,medium coat,0.0,0.037735848775449714
5536,2,AW19,medium coat,0.0377358490566037,0.018867919534670544
5381,32,AW19,long sleeve,0.0188679245283018,0.012006856063589075
5536,31,AW19,medium coat,0.0754716981132075,0.01200685607633806
5536,19,AW19,medium coat,0.0188679245283018,0.03536143257773605
5536,75,AW19,medium coat,0.0188679245283018,0.03628215129298412
5381,95,AW19,long sleeve,0.0188679245283018,0.008576324328921013
5536,80,AW19,medium coat,0.0,0.020583189021188053
5536,73,AW19,medium coat,0.0,0.041718427274900896
5536,3,AW19,medium coat,0.0188679245283018,0.017152659461049803
5536,30,AW19,medium coat,0.0188679245283018,0.020583185401171263
5536,108,AW19,medium coat,0.0566037735849056,0.025728983005035202
5536,51,AW19,medium coat,0.0,0.04770529627299495
5536,87,AW19,medium coat,0.0,0.05581922061702554
5536,20,AW19,medium coat,0.0,0.008576324331085456
5536,74,AW19,medium coat,0.0,0.044907652914210776
5536,57,AW19,medium coat,0.1320754716981132,0.015437391427506773
5536,115,AW19,medium coat,0.0566037735849056,0.020583185392980624
5448,108,AW19,medium coat,0.0,0.02744424887764733
5448,87,AW19,medium coat,0.0188679245283018,0.029159514725732503
4970,88,AW19,long coat,0.0,0.018867919532654057
5536,76,AW19,medium coat,0.0377358490566037,0.015437387808150469
5545,41,AW19,medium coat,0.0,0.0038844927421913472
5381,16,AW19,long sleeve,0.0,0.017152653653416627
5545,29,AW19,medium coat,0.0,0.020583185406423534
5545,19,AW19,medium coat,0.0188679245283018,0.018867919534389543
5545,75,AW19,medium coat,0.0,0.02058318540078386
5545,80,AW19,medium coat,0.0,0.030874780579010226
5545,73,AW19,medium coat,0.0,0.017152653663443502
5545,108,AW19,medium coat,0.0,0.027444248873791724
5545,5,AW19,medium coat,0.0,0.020583185390860324
5545,99,AW19,medium coat,0.0,0.015437387806780323
5545,56,AW19,medium coat,0.0188679245283018,0.01543739450204583
5545,93,AW19,medium coat,0.0188679245283018,0.00857632433685211
5545,33,AW19,medium coat,0.0377358490566037,0.010291590207952265
5545,24,AW19,medium coat,0.0188679245283018,0.0222984548468005
5545,77,AW19,medium coat,0.0188679245283018,0.020583185406687077
5545,107,AW19,medium coat,0.0188679245283018,0.020583185391981847
5545,67,AW19,medium coat,0.0,0.010291590196912597
5545,74,AW19,medium coat,0.0,0.020583185394418325
5545,69,AW19,medium coat,0.0188679245283018,0.012006856062799146
5545,95,AW19,medium coat,0.0,0.01543738779990501
5545,8,AW19,medium coat,0.0188679245283018,0.022298451258658144
5545,104,AW19,medium coat,0.0,0.020583185388957224
5381,88,AW19,long sleeve,0.0188679245283018,0.020583185447155133
5381,3,AW19,long sleeve,0.0,0.017152653667157836
5529,15,AW19,culottes,0.0,0.022298457269694972
5462,49,AW19,medium coat,0.0,0.02915951472109961
4900,108,AW19,culottes,0.0,0.0006269690690751114
4925,30,AW19,culottes,0.0188679245283018,0.01372212193299513
5441,102,AW19,long dress,0.0,0.015437387797186371
5441,125,AW19,long dress,0.0377358490566037,0.010291590196372694
5467,7,AW19,sleeveless,0.0,0.004374309636850255
5467,14,AW19,sleeveless,0.0,0.010291590197809723
5467,92,AW19,sleeveless,0.0188679245283018,0.01200685606405217
5467,80,AW19,sleeveless,0.0,0.020583185387734376
5467,9,AW19,sleeveless,0.0,0.013722121928779802
5467,117,AW19,sleeveless,0.0,0.008576324329800022
5467,106,AW19,sleeveless,0.0566037735849056,0.013963145723875548
5441,21,AW19,long dress,0.0,0.0171526536571854
5467,72,AW19,sleeveless,0.0,0.003736487230901032
5467,21,AW19,sleeveless,0.0,0.017152653665903957
5467,125,AW19,sleeveless,0.0,0.010291590196884878
5467,29,AW19,sleeveless,0.0,0.0028598011135710527
5340,108,AW19,culottes,0.0377358490566037,0.012006856063710509
5495,96,AW19,solid color top,0.0,0.013722121926051559
5495,19,AW19,solid color top,0.0,0.018867919528511023
5495,75,AW19,solid color top,0.0,0.013722126181412816
5495,3,AW19,solid color top,0.0,0.018867919527753622
5495,108,AW19,solid color top,0.0,0.020583185399313107
5467,103,AW19,sleeveless,0.0,0.012006856063394925
5495,93,AW19,solid color top,0.0,0.007097054409615137
5441,100,AW19,long dress,0.0,0.014252170138591196
5441,103,AW19,long dress,0.0,0.004838051192374051
5463,0,AW19,sheath dress,0.0188679245283018,0.01029159019782757
5463,8,AW19,sheath dress,0.0188679245283018,0.020583185392419077
5463,21,AW19,sheath dress,0.0,0.009460679761633253
5463,104,AW19,sheath dress,0.0,0.024013717081508998
5464,22,AW19,sheath dress,0.0,0.013481227619143702
5464,83,AW19,sheath dress,0.0,0.006861058475387574
5464,85,AW19,sheath dress,0.0,0.005039813798406851
5464,121,AW19,sheath dress,0.0188679245283018,0.003224489636704579
5464,35,AW19,sheath dress,0.0,0.015437387797658754
5441,63,AW19,long dress,0.0,0.012006856063785737
5464,36,AW19,sheath dress,0.0,0.02229845126579764
5441,7,AW19,long dress,0.0,0.00046178426172199376
5441,75,AW19,long dress,0.0,0.015437387801721103
5441,79,AW19,long dress,0.0,0.01543738779564618
5441,39,AW19,long dress,0.0,0.017152653657695905
5441,110,AW19,long dress,0.0,0.018867919518244212
5441,22,AW19,long dress,0.0,4.189520785213355e-18
5441,51,AW19,long dress,0.0,0.014221559798760348
5441,1,AW19,long dress,0.0377358490566037,0.017152653661912067
5441,36,AW19,long dress,0.0,0.030874780587736964
5464,29,AW19,sheath dress,0.0,0.02229845125624561
5495,76,AW19,solid color top,0.0566037735849056,0.010291590196672865
5495,77,AW19,solid color top,0.0188679245283018,0.00047250340557592266
5495,83,AW19,solid color top,0.0,0.008694961414023811
5549,5,AW19,short coat,0.0,0.013722121927254883
5549,28,AW19,short coat,0.0,0.010291590197330159
5549,16,AW19,short coat,0.0,0.010687865582962322
5549,22,AW19,short coat,0.0,0.015437391273885801
5549,89,AW19,short coat,0.0,0.01715265366070363
5549,87,AW19,short coat,0.0188679245283018,0.00433944745633093
5549,68,AW19,short coat,0.0,0.01372212192887887
5549,1,AW19,short coat,0.0,0.020583185395961646
5549,42,AW19,short coat,0.0,0.015437391542073164
5549,108,AW19,short coat,0.0188679245283018,0.017152653662387465
5549,83,AW19,short coat,0.0,0.005420181567713602
5549,36,AW19,short coat,0.0377358490566037,0.024013717128471345
5549,46,AW19,short coat,0.0,0.018867919528438543
5549,18,AW19,short coat,0.0,0.003870154226740159
5549,95,AW19,short coat,0.0,0.015437387795317576
5549,64,AW19,short coat,0.0,0.017152653669086092
5549,41,AW19,short coat,0.0,0.018867919530261054
4979,102,AW19,culottes,0.0,0.010291590197998652
5409,57,AW19,culottes,0.0,0.008576324328420084
5409,64,AW19,culottes,0.0,0.013722121926578842
5549,35,AW19,short coat,0.0188679245283018,0.008576324330907272
5549,73,AW19,short coat,0.0,0.017152653663293407
5549,80,AW19,short coat,0.0,0.013722121926293056
5549,43,AW19,short coat,0.0,0.015437392274130083
5495,81,AW19,solid color top,0.0188679245283018,0.02229845125911061
5495,95,AW19,solid color top,0.0188679245283018,0.015437387794579066
5495,104,AW19,solid color top,0.0377358490566037,0.01715265671884635
4845,13,AW19,sleeveless,0.0,0.013722121928846481
5444,31,AW19,long sleeve,0.0,0.012006856062844531
5444,93,AW19,long sleeve,0.0,0.01543738779653681
5444,33,AW19,long sleeve,0.0,0.01029159019597561
5444,77,AW19,long sleeve,0.0,0.012006856064907022
5444,87,AW19,long sleeve,0.0188679245283018,0.012006856060755584
5444,85,AW19,long sleeve,0.0188679245283018,0.008576324331160816
4980,83,AW19,long sleeve,0.0377358490566037,0.008576324331085048
4980,41,AW19,long sleeve,0.0,0.013722121928575111
5549,30,AW19,short coat,0.0188679245283018,0.015437387796927018
5549,12,AW19,short coat,0.0377358490566037,0.02744424886125514
5549,10,AW19,short coat,0.0,0.006821174068464908
5549,15,AW19,short coat,0.0,0.012006856062951203
5549,31,AW19,short coat,0.0,0.02058318539068032
5549,94,AW19,short coat,0.0,0.018867919536467808
5549,19,AW19,short coat,0.0,0.020583185391061
5549,48,AW19,short coat,0.0,0.012006856063311498
5549,86,AW19,short coat,0.0188679245283018,0.018867919530126145
4925,108,AW19,culottes,0.0,0.010291590196840766
5462,51,AW19,medium coat,0.0,0.015437387793796716
5462,68,AW19,medium coat,0.0,0.012006856061374768
5462,83,AW19,medium coat,0.0188679245283018,0.017152653666196248
5447,73,AW19,solid color top,0.0,0.012006856062646828
5447,29,AW19,solid color top,0.0,0.013722121931725473
5045,22,AW19,solid color top,0.0,0.008987013298870503
5057,15,AW19,solid color top,0.0,0.012006856063240024
5057,29,AW19,solid color top,0.0,0.01200685606106836
5449,103,AW19,medium coat,0.0,0.012006856065228907
5449,4,AW19,medium coat,0.0,0.010291590196672865
4591,89,AW19,patterned top,0.0188679245283018,0.010291590199193333
5492,49,AW19,solid color top,0.0188679245283018,0.01372212193013747
5447,75,AW19,solid color top,0.0,0.012006856063757843
5492,75,AW19,solid color top,0.0,0.015437387796684965
5449,39,AW19,medium coat,0.0,0.017152653663710354
5492,73,AW19,solid color top,0.0,0.013722126077082447
5449,94,AW19,medium coat,0.0188679245283018,0.013722121931769523
5451,23,AW19,medium coat,0.0,0.012006856062056183
5492,33,AW19,solid color top,0.0,0.0009347982133194782
5451,50,AW19,medium coat,0.0188679245283018,0.03324700086971169
5451,13,AW19,medium coat,0.0,0.018867923989516183
5451,3,AW19,medium coat,0.0566037735849056,0.015437387796300906
5451,9,AW19,medium coat,0.0,0.012006856063046202
5449,13,AW19,medium coat,0.0,0.00029045462773637107
5492,83,AW19,solid color top,0.0188679245283018,0.01886792452499395
5490,44,AW19,culottes,0.0,0.010291590197447749
5490,108,AW19,culottes,0.0,0.0004257448507529217
5542,14,AW19,kimono dress,0.0,0.0020546009552165163
5542,56,AW19,kimono dress,0.0,0.0006125387605377722
5542,51,AW19,kimono dress,0.0,0.020583185393449305
5542,77,AW19,kimono dress,0.0,0.02058318540036847
5542,68,AW19,kimono dress,0.0,0.02915951473193925
5542,81,AW19,kimono dress,0.0,0.004294774772807235
5542,36,AW19,kimono dress,0.0,0.0005660963262420797
5542,95,AW19,kimono dress,0.0,0.0005816040760805084
4985,87,AW19,doll dress,0.0,0.011339884740613287
5490,77,AW19,culottes,0.0,0.01372212190537984
5542,0,AW19,kimono dress,0.0,0.008776910551480333
5542,115,AW19,kimono dress,0.0188679245283018,0.012006856062604836
5542,64,AW19,kimono dress,0.0,0.013722121925216657
5542,41,AW19,kimono dress,0.0,0.01886791953459719
4987,65,AW19,long dress,0.0188679245283018,0.005145792598028101
4981,8,AW19,doll dress,0.0,0.010291590199211482
4985,108,AW19,doll dress,0.0188679245283018,0.03879740143969575
5490,7,AW19,culottes,0.0,0.003409222884086716
5490,94,AW19,culottes,0.0,0.012006856061439005
5490,88,AW19,culottes,0.0,0.007175623084770058
5542,8,AW19,kimono dress,0.0,0.01543738779298638
5451,15,AW19,medium coat,0.0,0.01715265365961062
4950,4,AW19,medium coat,0.0,0.006182729658978092
5492,104,AW19,solid color top,0.0,0.025728982996375514
5459,74,AW19,culottes,0.0,0.012006856065379684
4950,54,AW19,medium coat,0.0377358490566037,0.018867923996003427
5459,81,AW19,culottes,0.0188679245283018,0.023558014456575002
4733,19,AW19,drop sleeve,0.0,0.010291590195461116
5459,90,AW19,culottes,0.0188679245283018,0.017152653658101414
5454,2,AW19,culottes,0.0,0.013722121928624199
5454,14,AW19,culottes,0.0,0.01886791953399815
5454,108,AW19,culottes,0.0,0.022298451262270078
5454,22,AW19,culottes,0.0,0.013722121930501761
5459,13,AW19,culottes,0.0,0.01715265366045553
5454,83,AW19,culottes,0.0,0.017152653661438155
4839,74,AW19,culottes,0.0188679245283018,0.012006856062141845
4758,74,AW19,culottes,0.0188679245283018,2.8115399316861873e-10
5468,54,AW19,culottes,0.0,0.01372212192781073
5468,10,AW19,culottes,0.0,0.03773584905658729
5468,108,AW19,culottes,0.0,0.04669883846964262
5046,13,AW19,medium coat,0.0,0.07547169726974554
5046,26,AW19,medium coat,0.0,0.015205336439123291
5073,19,AW19,medium coat,0.0,0.07547169811320749
5073,22,AW19,medium coat,0.0188679245283018,0.015437387791908874
5454,41,AW19,culottes,0.0,0.017152657141168266
4950,48,AW19,medium coat,0.0,0.01372212193182887
5459,99,AW19,culottes,0.0,0.009947405212100259
5459,66,AW19,culottes,0.0,0.012006856062400364
5505,91,AW19,sleeveless,0.0188679245283018,0.012006856052202409
5505,105,AW19,sleeveless,0.0,0.00033303270199678886
5505,13,AW19,sleeveless,0.0,0.0006788963797312336
5505,83,AW19,sleeveless,0.0188679245283018,0.0031654006717725283
5505,40,AW19,sleeveless,0.0,0.006289428025779843
5493,7,AW19,sleeveless,0.0,0.020583188358321486
5493,105,AW19,sleeveless,0.0,0.013722125749347582
5493,80,AW19,sleeveless,0.0,0.02572898300938374
5493,3,AW19,sleeveless,0.0,0.017152653661226334
5493,93,AW19,sleeveless,0.0,0.004906679738580257
5493,76,AW19,sleeveless,0.0,0.018867919528398436
5408,90,AW19,long sleeve,0.0,0.012006856065443156
5493,109,AW19,sleeveless,0.0,0.013722121932773071
5493,83,AW19,sleeveless,0.0,0.01886791952621637
5408,23,AW19,long sleeve,0.0566037735849056,0.010291590197390748
4950,101,AW19,medium coat,0.0,0.012698092394589631
4844,21,AW19,doll dress,0.0,0.0057775543106720765
5060,65,AW19,culottes,0.0,0.01372212193269077
5459,96,AW19,culottes,0.0188679245283018,0.020583185394010654
5459,15,AW19,culottes,0.0,0.029159514733108575
4950,108,AW19,medium coat,0.0,0.017152653659614648
5542,65,AW19,kimono dress,0.0,0.0015973783679908628
5542,31,AW19,kimono dress,0.0,0.004459922669600131
5542,15,AW19,kimono dress,0.0,0.013722121930034414
5542,12,AW19,kimono dress,0.0,0.0003770271455743531
5524,7,AW19,sleeveless,0.0,0.025728986333371708
5524,108,AW19,sleeveless,0.0,0.024013717159749048
5524,35,AW19,sleeveless,0.0,0.004828191705137088
5482,12,AW19,sleeveless,0.0,0.025728982995352926
5482,10,AW19,sleeveless,0.0188679245283018,0.017152653661014896
5482,105,AW19,sleeveless,0.0188679245283018,0.022298451262442887
5482,19,AW19,sleeveless,0.0188679245283018,9.13741670677635e-12
5482,108,AW19,sleeveless,0.0,0.020583190779638733
5482,56,AW19,sleeveless,0.0188679245283018,0.008576324331849296
5524,10,AW19,sleeveless,0.0,0.01886791952672611
5482,13,AW19,sleeveless,0.0,0.01179738757410856
5482,26,AW19,sleeveless,0.0188679245283018,0.008576324331628709
5523,19,AW19,sleeveless,0.0188679245283018,0.010291590201553085
5523,43,AW19,sleeveless,0.0,0.00231166558652025
5523,89,AW19,sleeveless,0.0566037735849056,0.004450796644752601
5523,1,AW19,sleeveless,0.0188679245283018,0.03754726616456083
5523,53,AW19,sleeveless,0.0,0.005126908358711746
5523,40,AW19,sleeveless,0.0,0.013722121929540107
5334,50,AW19,long sleeve,0.0,0.014762727163542358
5334,87,AW19,long sleeve,0.0188679245283018,0.01372212193228791
5482,53,AW19,sleeveless,0.0188679245283018,0.01841758108785612
5524,12,AW19,sleeveless,0.0,0.024013717129054243
5419,47,AW19,sleeveless,0.0,0.01372212682714424
5419,87,AW19,sleeveless,0.0188679245283018,0.013722121946196987
5462,85,AW19,medium coat,0.0188679245283018,0.02229845671040144
5462,121,AW19,medium coat,0.0,0.013722121930321435
5471,94,AW19,medium coat,0.0,0.02401371712740758
5471,80,AW19,medium coat,0.0,0.025728982996492074
5471,108,AW19,medium coat,0.0,0.0377358493998903
5471,5,AW19,medium coat,0.0,0.025728982992875175
5471,22,AW19,medium coat,0.0,0.012006856062464395
5471,101,AW19,medium coat,0.0,0.008955227416931628
5471,26,AW19,medium coat,0.0377358490566037,0.012006856063182848
5471,103,AW19,medium coat,0.0188679245283018,0.03677087679106229
5471,8,AW19,medium coat,0.0,0.022298451268664924
5471,115,AW19,medium coat,0.0,0.012006856065162327
5471,125,AW19,medium coat,0.0,0.010291590197128572
5462,26,AW19,medium coat,0.0,0.01715265366346398
5462,90,AW19,medium coat,0.0,0.020583185393531454
5462,57,AW19,medium coat,0.0,0.02058318539927005
5450,54,AW19,medium coat,0.0,0.013722121928924849
5450,108,AW19,medium coat,0.0,0.0001633037022678127
5450,76,AW19,medium coat,0.0188679245283018,0.017152653669885252
5419,10,AW19,sleeveless,0.0188679245283018,0.01886791953175787
5419,108,AW19,sleeveless,0.0,0.11320754660750332
5334,8,AW19,long sleeve,0.0,0.017152653660993996
5335,88,AW19,shirt dress,0.0,0.010291590198237614
5334,23,AW19,long sleeve,0.0377358490566037,0.004015381653402219
5548,12,AW19,kimono dress,0.0,0.056603768590319306
5541,48,AW19,kimono dress,0.0,0.006912004031902733
5541,14,AW19,kimono dress,0.0,0.017152653664581536
5541,43,AW19,kimono dress,0.0,0.02915951472372357
5541,73,AW19,kimono dress,0.0188679245283018,0.000982997370335398
5541,3,AW19,kimono dress,0.0,0.02058318539243908
5541,108,AW19,kimono dress,0.0,0.0018023750220981219
5541,99,AW19,kimono dress,0.0,0.010291594898955403
5541,16,AW19,kimono dress,0.0,0.004776496019611743
5541,22,AW19,kimono dress,0.0,0.013722127149336825
5541,19,AW19,kimono dress,0.0,0.020583188299150016
5541,51,AW19,kimono dress,0.0,0.0034690271384562286
5541,82,AW19,kimono dress,0.0,0.01886792461673586
5541,26,AW19,kimono dress,0.0,0.015437387794167935
5541,46,AW19,kimono dress,0.0,0.02401371713013535
5541,18,AW19,kimono dress,0.0,0.03773584405150144
5541,0,AW19,kimono dress,0.0,0.010291590198052834
5541,4,AW19,kimono dress,0.0,0.012006856061794562
5541,8,AW19,kimono dress,0.0,0.005438376671667243
5541,41,AW19,kimono dress,0.0188679245283018,0.017152653652076893
5542,2,AW19,kimono dress,0.0,0.017152653662550487
5541,42,AW19,kimono dress,0.0377358490566037,0.02915951470819142
5541,31,AW19,kimono dress,0.0,0.0017378996513852333
5541,15,AW19,kimono dress,0.0188679245283018,0.010291590199174966
5541,7,AW19,kimono dress,0.0,0.015437387796640613
5548,7,AW19,kimono dress,0.0188679245283018,0.013924815960181313
5548,15,AW19,kimono dress,0.0,0.013722121928711918
5548,31,AW19,kimono dress,0.0,0.01200685606318183
5548,94,AW19,kimono dress,0.0,0.015437393864998218
5548,14,AW19,kimono dress,0.0,0.025728982991753756
5548,3,AW19,kimono dress,0.0566037735849056,0.04406205459798694
5548,108,AW19,kimono dress,0.0,0.013722127302773902
5548,28,AW19,kimono dress,0.0,0.007586289344813167
5548,13,AW19,kimono dress,0.0,0.024013717134977873
5548,93,AW19,kimono dress,0.0188679245283018,0.010291590194976163
5548,33,AW19,kimono dress,0.0,0.0008591230814420942
5548,24,AW19,kimono dress,0.0,0.01886791952862137
5548,20,AW19,kimono dress,0.0,0.005190850633297746
5548,67,AW19,kimono dress,0.0,0.02058318925062294
5548,36,AW19,kimono dress,0.0,0.01715265366213231
5548,26,AW19,kimono dress,0.0,0.013722121931551746
5548,18,AW19,kimono dress,0.0,0.024013717114112224
5548,95,AW19,kimono dress,0.0,0.01543738779933922
5548,104,AW19,kimono dress,0.0377358490566037,0.008576324330479326
5541,30,AW19,kimono dress,0.0,0.006009098757407038
5541,12,AW19,kimono dress,0.0188679245283018,0.06689536370596941
5548,2,AW19,kimono dress,0.0,0.015437387796697684
5463,35,AW19,sheath dress,0.0,0.02058318539031882
5463,69,AW19,sheath dress,0.0,0.013722121913116945
5463,32,AW19,sheath dress,0.0188679245283018,0.006861058464164078
5532,85,AW19,kimono dress,0.0,0.03945110990905542
5532,72,AW19,kimono dress,0.0,0.022298451262557396
5532,83,AW19,kimono dress,0.0,0.018867919524209555
5532,106,AW19,kimono dress,0.0377358490566037,0.036020584262722616
5532,61,AW19,kimono dress,0.0188679245283018,0.029159514751295402
5532,101,AW19,kimono dress,0.0,0.02229845125550215
5532,20,AW19,kimono dress,0.0,0.0019904051381300627
5532,1,AW19,kimono dress,0.0377358490566037,0.06518009790985105
5532,68,AW19,kimono dress,0.0,0.024013717124833456
5532,40,AW19,kimono dress,0.0,0.054888507805215515
5532,77,AW19,kimono dress,0.0,0.03602058380913803
5532,76,AW19,kimono dress,0.0,0.029159514734397835
5532,24,AW19,kimono dress,0.0188679245283018,0.015437387795900459
5532,45,AW19,kimono dress,0.0,0.007003427546953974
5532,52,AW19,kimono dress,0.0,4.189520910070807e-18
5532,22,AW19,kimono dress,0.0377358490566037,5.623079653896349e-10
5532,93,AW19,kimono dress,0.0,0.024013720355653925
5532,13,AW19,kimono dress,0.0,0.013767529893702241
5532,16,AW19,kimono dress,0.0,4.189520785213358e-18
5532,99,AW19,kimono dress,0.0,1.8897998669245804e-12
5532,51,AW19,kimono dress,0.0,0.053173236828269306
5532,108,AW19,kimono dress,0.0,0.07204116140597878
5532,35,AW19,kimono dress,0.0,0.023312675189768376
5532,36,AW19,kimono dress,0.0,0.02744424886096845
5533,15,AW19,kimono dress,0.0377358490566037,0.05145797412383258
5533,7,AW19,kimono dress,0.0,0.0360205781917814
5533,10,AW19,kimono dress,0.0,0.03773584405175728
5533,12,AW19,kimono dress,0.0188679245283018,0.06429278512909926
5533,2,AW19,kimono dress,0.0,0.07718698539030608
5533,62,AW19,kimono dress,0.0,0.017152653660548682
5533,30,AW19,kimono dress,0.0,0.075471699041555
5533,96,AW19,kimono dress,0.0,0.018867919537917815
5532,41,AW19,kimono dress,0.0,8.138950795861627e-07
5532,81,AW19,kimono dress,0.0,0.02229845127372781
5532,64,AW19,kimono dress,0.0754716981132075,0.02229845126574748
5532,125,AW19,kimono dress,0.0,0.04631217335857672
5532,115,AW19,kimono dress,0.0943396226415094,0.0531732366876997
5532,102,AW19,kimono dress,0.0377358490566037,0.008576324331570708
5532,63,AW19,kimono dress,0.0,0.04631217332639409
5532,59,AW19,kimono dress,0.0,0.00906142910077381
5532,4,AW19,kimono dress,0.0188679245283018,0.017152653660332622
5532,95,AW19,kimono dress,0.0,0.0005100393707879346
5532,18,AW19,kimono dress,0.0,0.03430531641534538
5532,46,AW19,kimono dress,0.0,0.01715265366201567
5532,29,AW19,kimono dress,0.0,0.005895911085818042
5532,3,AW19,kimono dress,0.0,0.036020578185656654
5532,110,AW19,kimono dress,0.0,1.3861962097343681e-41
5532,9,AW19,kimono dress,0.0,0.007533722939879026
5489,49,AW19,long sleeve,0.0,0.013722121929745857
5350,31,AW19,solid color top,0.0,0.013722125582513496
5350,46,AW19,solid color top,0.0,0.01715265366476882
5461,108,AW19,long coat,0.0,0.03800986349848112
5461,63,AW19,long coat,0.0,0.013722129428937638
5043,108,AW19,short sleeves,0.0,8.020278319115673e-07
4613,105,AW19,short sleeves,0.0188679245283018,0.025415281953599628
4593,51,AW19,sleeveless,0.0377358490566037,0.02915951472963538
4593,82,AW19,sleeveless,0.0377358490566037,0.008576324333692136
5489,94,AW19,long sleeve,0.0,0.018867919529838136
5458,30,AW19,sleeveless,0.0,2.766941438010473e-05
5458,65,AW19,sleeveless,0.0,0.01886791952838781
5458,14,AW19,sleeveless,0.0,0.00025334795345211984
5458,3,AW19,sleeveless,0.0,0.012006856061917983
5458,89,AW19,sleeveless,0.0188679245283018,0.010291590197008512
5458,69,AW19,sleeveless,0.0,0.013722121929354968
5458,81,AW19,sleeveless,0.0,0.007837562646172988
5458,36,AW19,sleeveless,0.0,0.013722121929249575
5458,100,AW19,sleeveless,0.0,0.012006856063360936
5457,41,AW19,long duster,0.0566037735849056,0.013722125295965915
5458,10,AW19,sleeveless,0.0,0.017152653662106252
5489,84,AW19,long sleeve,0.0,0.013722121930902366
5489,4,AW19,long sleeve,0.0,0.012006856064516845
5489,41,AW19,long sleeve,0.0,0.00016900429874839776
5532,80,AW19,kimono dress,0.0,0.07375642731434091
5532,39,AW19,kimono dress,0.0,0.044596907401930196
5532,86,AW19,kimono dress,0.0,0.07375643076791137
5532,14,AW19,kimono dress,0.0,0.030874780588855136
5532,60,AW19,kimono dress,0.0,0.017152653664019257
5532,75,AW19,kimono dress,0.0,0.017152653661052085
5532,19,AW19,kimono dress,0.0,0.058319034517027094
5532,105,AW19,kimono dress,0.0188679245283018,0.02810394993943723
5532,94,AW19,kimono dress,0.0,1.2485745560270272e-25
5532,65,AW19,kimono dress,0.0,0.03602057819270388
5532,31,AW19,kimono dress,0.0,4.1602241476396285e-06
5532,91,AW19,kimono dress,0.0188679245283018,0.03259004646789244
5532,15,AW19,kimono dress,0.0,0.034305312322492836
5532,7,AW19,kimono dress,0.0,6.242872919674196e-26
5532,10,AW19,kimono dress,0.0377358490566037,0.029159514719738995
5532,12,AW19,kimono dress,0.0,2.4971491027514516e-25
5532,2,AW19,kimono dress,0.0,0.08233275660921491
5532,62,AW19,kimono dress,0.0188679245283018,0.0010223431358666467
5532,54,AW19,kimono dress,0.0,0.03430531232439271
5532,30,AW19,kimono dress,0.0,0.00795064378939187
5532,96,AW19,kimono dress,0.0,0.025728987756219304
5533,31,AW19,kimono dress,0.0,0.018867919526017757
5533,65,AW19,kimono dress,0.0,0.008439178350649536
5533,94,AW19,kimono dress,0.0,0.0028294467220146588
5533,105,AW19,kimono dress,0.0188679245283018,0.051457970960816564
5535,39,AW19,kimono dress,0.0,0.0010981297987961611
5535,43,AW19,kimono dress,0.0,0.07204116125308048
5535,86,AW19,kimono dress,0.0,0.04288164165823099
5535,79,AW19,kimono dress,0.0,0.01886791952965271
5535,14,AW19,kimono dress,0.0,0.004437083113395033
5535,75,AW19,kimono dress,0.0,0.02401371713998268
5535,19,AW19,kimono dress,0.0,0.01514306231360021
5535,105,AW19,kimono dress,0.0,4.1895209100708095e-18
5535,94,AW19,kimono dress,0.0,0.0005986639087932771
5535,80,AW19,kimono dress,0.0,0.06003430046525833
5535,65,AW19,kimono dress,0.0,0.0066024815267601965
5535,91,AW19,kimono dress,0.0,0.03259004643999751
5535,15,AW19,kimono dress,0.0,0.06861062957078096
5535,7,AW19,kimono dress,0.0,0.046312173333783284
5535,49,AW19,kimono dress,0.0,0.05317323680461324
5535,10,AW19,kimono dress,0.0,0.004248254253064117
5535,12,AW19,kimono dress,0.0,2.811539806000569e-10
5535,2,AW19,kimono dress,0.0,0.07890222827774526
5535,30,AW19,kimono dress,0.0,0.12864493479156322
5535,96,AW19,kimono dress,0.0,0.04631217330687339
5535,31,AW19,kimono dress,0.0,0.08576328832210658
5535,9,AW19,kimono dress,0.0188679245283018,0.03773584400949898
5535,110,AW19,kimono dress,0.0,0.013722121929124797
5535,3,AW19,kimono dress,0.0,0.007126994257184528
4960,44,AW19,culottes,0.0377358490566037,0.012006856068370708
4928,13,AW19,medium coat,0.0188679245283018,0.012006856062275289
5395,102,AW19,doll dress,0.0,0.007119845915796466
5535,20,AW19,kimono dress,0.0,0.06689536373105913
5535,1,AW19,kimono dress,0.0,0.0028186288998403117
5535,68,AW19,kimono dress,0.0,1.8728617735736092e-25
5535,77,AW19,kimono dress,0.0,0.05317323686372952
5535,51,AW19,kimono dress,0.0,0.0053118119407911946
5535,89,AW19,kimono dress,0.0566037735849056,0.060034300243907913
5535,76,AW19,kimono dress,0.0,0.009633905903447235
5535,24,AW19,kimono dress,0.0188679245283018,0.020583185392468378
5535,45,AW19,kimono dress,0.0,0.002658375552269524
5535,52,AW19,kimono dress,0.0,0.04459690751836148
5535,22,AW19,kimono dress,0.0377358490566037,0.025728983000597727
5535,33,AW19,kimono dress,0.0,0.039451109908654775
5535,93,AW19,kimono dress,0.0,0.03945110993478173
5535,13,AW19,kimono dress,0.0,0.05831903450161911
5535,16,AW19,kimono dress,0.0,0.056603768421494456
5535,28,AW19,kimono dress,0.0,0.022298451261899593
5535,99,AW19,kimono dress,0.0,0.013453536685498787
5535,108,AW19,kimono dress,0.0,0.01277215374299324
5533,41,AW19,kimono dress,0.0,0.018867924528301796
5457,95,AW19,long duster,0.0188679245283018,0.008576324329610996
5533,29,AW19,kimono dress,0.0,0.03945110991064707
5533,125,AW19,kimono dress,0.0,0.02229845126112283
5533,24,AW19,kimono dress,0.0,0.020583185399078666
5533,45,AW19,kimono dress,0.0,0.006289035665731358
5533,52,AW19,kimono dress,0.0,0.024013717122122906
5533,22,AW19,kimono dress,0.0377358490566037,0.03945110989769078
5533,33,AW19,kimono dress,0.0,0.041166375799130496
5533,93,AW19,kimono dress,0.0,0.041166375766402634
5533,13,AW19,kimono dress,0.0,0.04631217340919172
5533,16,AW19,kimono dress,0.0,0.04459690751759647
5533,28,AW19,kimono dress,0.0,0.025728983008568997
5533,76,AW19,kimono dress,0.0,0.03259004645449595
5533,99,AW19,kimono dress,0.0,0.02058319029874672
5533,3,AW19,kimono dress,0.0188679245283018,0.04802743923599831
5533,9,AW19,kimono dress,0.0,0.03087478060401446
5533,80,AW19,kimono dress,0.0,0.04974270513521403
5533,39,AW19,kimono dress,0.0,0.061749569821913555
5533,43,AW19,kimono dress,0.0,4.787353900270971e-05
5533,79,AW19,kimono dress,0.0,0.029159517951702223
5533,14,AW19,kimono dress,0.0,0.027444248851915265
5533,75,AW19,kimono dress,0.0,0.02572898299416612
5533,19,AW19,kimono dress,0.0,0.06518009800185784
5533,108,AW19,kimono dress,0.0,0.04116637577776868
5533,89,AW19,kimono dress,0.0,0.02740943700672814
5533,51,AW19,kimono dress,0.0,0.05317323685506524
5533,77,AW19,kimono dress,0.0,0.04288164575429298
5533,115,AW19,kimono dress,0.0,0.0015991101972880944
5533,57,AW19,kimono dress,0.0,0.01372212192983607
5533,63,AW19,kimono dress,0.0,0.030874780593112435
5533,59,AW19,kimono dress,0.0,0.005820831451136255
5533,95,AW19,kimono dress,0.0,1.8728617735736094e-25
5533,18,AW19,kimono dress,0.0,0.036020578151837
5533,46,AW19,kimono dress,0.0,0.04116637579902132
5533,36,AW19,kimono dress,0.0,0.020583185389208315
5533,81,AW19,kimono dress,0.0188679245283018,0.015181478416102531
5533,35,AW19,kimono dress,0.0,0.03087478060267387
5533,69,AW19,kimono dress,0.0,0.029159514734263436
5533,40,AW19,kimono dress,0.0,0.06346483710355111
5533,53,AW19,kimono dress,0.0,0.027444248866116232
5533,85,AW19,kimono dress,0.0,1.2568562605355015e-17
5533,72,AW19,kimono dress,0.0,0.036020578162866135
5533,83,AW19,kimono dress,0.0,0.024013717138291278
5533,106,AW19,kimono dress,0.0188679245283018,0.029159514733892083
5533,61,AW19,kimono dress,0.0188679245283018,0.025728982991041833
5533,1,AW19,kimono dress,0.0188679245283018,0.03602057817861342
5533,68,AW19,kimono dress,0.0,0.020583185393952423
5533,87,AW19,kimono dress,0.0,0.0222984512582105
5533,104,AW19,kimono dress,0.0,0.018867919522906822
4697,87,AW19,short cardigan,0.0,0.012531968155183076
5440,108,AW19,sleeveless,0.0,0.018867919526514978
5457,3,AW19,long duster,0.0,0.0075519168644930315
5538,102,AW19,kimono dress,0.0188679245283018,0.0343053123302143
5538,21,AW19,kimono dress,0.0,0.048027439264098575
5538,4,AW19,kimono dress,0.0,2.811539847895771e-10
5538,18,AW19,kimono dress,0.0,2.4971490376332164e-25
5538,46,AW19,kimono dress,0.0,0.05317323685634718
5538,36,AW19,kimono dress,0.0,0.09777014932311326
5538,81,AW19,kimono dress,0.0,0.02301671898570647
5538,35,AW19,kimono dress,0.0,0.0035451888866064748
5538,69,AW19,kimono dress,0.0,0.06518009788729688
5538,115,AW19,kimono dress,0.0,0.027444248859294897
5538,40,AW19,kimono dress,0.0,0.05831903434783577
5538,67,AW19,kimono dress,0.0,0.05831903446436414
5538,85,AW19,kimono dress,0.0,6.242872621990856e-25
5538,72,AW19,kimono dress,0.0188679245283018,0.010291590196103309
5538,83,AW19,kimono dress,0.0,0.04459690751312316
5538,101,AW19,kimono dress,0.0,0.0240137171312931
5538,42,AW19,kimono dress,0.0,0.015437387795914798
5538,20,AW19,kimono dress,0.0,0.0411663758755167
5538,1,AW19,kimono dress,0.0,0.0566037685227637
5538,68,AW19,kimono dress,0.0,0.0037741607431920326
5538,53,AW19,kimono dress,0.0,2.8115399316861904e-10
5538,87,AW19,kimono dress,0.0,0.09262435174873282
5538,104,AW19,kimono dress,0.0,0.0018246889225379172
5538,64,AW19,kimono dress,0.0,0.025728982910277774
5544,80,AW19,kimono dress,0.0,0.00023221649795879577
5544,86,AW19,kimono dress,0.0,0.029159519384037443
5544,79,AW19,kimono dress,0.0377358490566037,0.046312173383009775
5544,14,AW19,kimono dress,0.0,0.053173241364576296
5544,60,AW19,kimono dress,0.0,0.015437387797945961
5544,75,AW19,kimono dress,0.0,0.05317323684126782
5544,19,AW19,kimono dress,0.0,0.04974270511625603
5544,105,AW19,kimono dress,0.0943396226415094,0.0686106296870686
5544,94,AW19,kimono dress,0.0,0.0012872441791995952
5538,29,AW19,kimono dress,0.0377358490566037,0.06689536383393899
5544,65,AW19,kimono dress,0.0188679245283018,0.05831903843307947
5544,91,AW19,kimono dress,0.0188679245283018,0.04288164165113969
5544,15,AW19,kimono dress,0.0,0.11663807352179877
5544,7,AW19,kimono dress,0.0,0.05317323689562694
5544,49,AW19,kimono dress,0.0,0.01715265366551373
5544,10,AW19,kimono dress,0.0,0.011773419870461481
5544,12,AW19,kimono dress,0.0,0.16295025578835107
5544,62,AW19,kimono dress,0.0188679245283018,0.06689536379071892
5544,30,AW19,kimono dress,0.0,0.0023379067876025915
5544,96,AW19,kimono dress,0.0188679245283018,0.022563117307908418
5544,31,AW19,kimono dress,0.0,0.03602057820081671
5538,77,AW19,kimono dress,0.0,0.0034649365207948695
5538,51,AW19,kimono dress,0.0566037735849056,0.05317323687886952
5538,89,AW19,kimono dress,0.0,0.012605012295624244
5538,91,AW19,kimono dress,0.0,0.027444248855867437
5538,15,AW19,kimono dress,0.0,0.07204116134158006
5538,7,AW19,kimono dress,0.0,2.811540057371818e-10
5538,49,AW19,kimono dress,0.0,0.01886791951300215
5538,10,AW19,kimono dress,0.0188679245283018,0.13550599841309857
5538,12,AW19,kimono dress,0.0,0.0016776764128456536
5538,2,AW19,kimono dress,0.0,0.009595803747993226
5538,62,AW19,kimono dress,0.0,0.04459690751498315
5538,54,AW19,kimono dress,0.0,0.03087478058604277
5538,31,AW19,kimono dress,0.0,0.030874784231075605
5538,30,AW19,kimono dress,0.0,0.06174956618420968
4860,29,AW19,sleeveless,0.0,0.013722121930008132
5440,40,AW19,sleeveless,0.0,0.01886791952612255
4860,96,AW19,sleeveless,0.0188679245283018,0.01029159019610816
5439,3,AW19,solid color top,0.0,0.01543738779369273
5463,65,AW19,sheath dress,0.0754716981132075,0.008576324328921013
5463,14,AW19,sheath dress,0.0,0.015437387795729994
5463,56,AW19,sheath dress,0.0,0.010562045770973883
5463,93,AW19,sheath dress,0.0,0.012835217874540063
5463,85,AW19,sheath dress,0.0,0.01715265367119006
5538,96,AW19,kimono dress,0.0,0.05145797095298998
5538,65,AW19,kimono dress,0.0377358490566037,0.06174957163455131
5538,94,AW19,kimono dress,0.0,0.09090908589981413
5538,105,AW19,kimono dress,0.0188679245283018,0.04288164161630255
5538,76,AW19,kimono dress,0.0,0.041166375803062406
5538,24,AW19,kimono dress,0.0,0.029159514719281954
5538,45,AW19,kimono dress,0.0188679245283018,0.027444248856221546
5538,52,AW19,kimono dress,0.0,0.013722121926868504
5538,22,AW19,kimono dress,0.0,0.0497427051460535
5538,33,AW19,kimono dress,0.0,0.054888502704244925
5538,93,AW19,kimono dress,0.0,0.00535575489166629
5538,13,AW19,kimono dress,0.0,0.0018960311382307637
5538,16,AW19,kimono dress,0.0188679245283018,0.09948541531957948
5538,99,AW19,kimono dress,0.0,0.006270628817564107
5538,108,AW19,kimono dress,0.0188679245283018,0.10806174460114305
5538,3,AW19,kimono dress,0.0,0.00037755422220271337
5538,9,AW19,kimono dress,0.0,0.07890222489206059
5538,80,AW19,kimono dress,0.0188679245283018,0.1457975963066341
5538,39,AW19,kimono dress,0.0,0.07890222454215756
5538,43,AW19,kimono dress,0.0,0.09948541526714047
5538,86,AW19,kimono dress,0.0,0.029159518272894775
5538,79,AW19,kimono dress,0.0188679245283018,0.02401372148239685
5538,14,AW19,kimono dress,0.0377358490566037,0.049742705148085334
5538,75,AW19,kimono dress,0.0188679245283018,0.06518009792249867
5538,19,AW19,kimono dress,0.0,0.049742705184236305
5544,9,AW19,kimono dress,0.0,0.0009372231777224096
5544,6,AW19,kimono dress,0.0,1.1763787163978397e-13
5544,3,AW19,kimono dress,0.0,0.08233276037569194
5544,108,AW19,kimono dress,0.0,4.370010783299014e-25
5547,68,AW19,kimono dress,0.0,0.03430531236226921
5547,87,AW19,kimono dress,0.0,0.034305312323976274
5547,77,AW19,kimono dress,0.0,0.04631217339187523
5547,51,AW19,kimono dress,0.0,0.037735844064281425
5547,89,AW19,kimono dress,0.0,0.02572898302182217
5547,76,AW19,kimono dress,0.0,0.022298451262534144
5547,22,AW19,kimono dress,0.0,0.025728982987135125
5547,33,AW19,kimono dress,0.0,0.011915437487564838
5547,93,AW19,kimono dress,0.0,0.001906493828021057
5547,1,AW19,kimono dress,0.0377358490566037,0.041166375794094726
5547,50,AW19,kimono dress,0.0188679245283018,0.012006856063439673
5547,16,AW19,kimono dress,0.0,0.03945110991923314
5547,28,AW19,kimono dress,0.0,0.018867919527480004
5547,108,AW19,kimono dress,0.0,0.042881641656365904
5547,9,AW19,kimono dress,0.0,0.037735849615712545
5547,80,AW19,kimono dress,0.0,0.10806174456321872
5547,43,AW19,kimono dress,0.0,0.032590046459580545
5547,86,AW19,kimono dress,0.0,0.034305317805019976
5547,14,AW19,kimono dress,0.0,0.02744424886116791
5547,19,AW19,kimono dress,0.0,0.05831903445266711
5547,13,AW19,kimono dress,0.0,0.03945110992829443
5547,20,AW19,kimono dress,0.0,0.009090717873078247
5547,106,AW19,kimono dress,0.0,0.029159519625383268
5547,83,AW19,kimono dress,0.0,0.030874780611013834
5440,93,AW19,sleeveless,0.0,0.010291590196332006
5440,76,AW19,sleeveless,0.0,0.024687977861513263
5457,7,AW19,long duster,0.0188679245283018,0.012006856058990014
5469,46,AW19,long duster,0.0,0.05660377302259763
5440,101,AW19,sleeveless,0.0,0.010291594567185742
5469,30,AW19,long duster,0.0,0.022298451257308775
5547,41,AW19,kimono dress,0.0,0.05488850613930045
5547,29,AW19,kimono dress,0.0,0.004748537055253806
5547,104,AW19,kimono dress,0.0,0.020583185401628085
5547,44,AW19,kimono dress,0.0,0.013722121930754602
5547,102,AW19,kimono dress,0.0,0.015437387792555182
5547,21,AW19,kimono dress,0.0,0.015437387795168194
5547,95,AW19,kimono dress,0.0,2.3294437942852202e-09
5547,46,AW19,kimono dress,0.0,0.04459690751290323
5547,36,AW19,kimono dress,0.0,0.07204116134360296
5547,81,AW19,kimono dress,0.0,0.010291590197537512
5547,35,AW19,kimono dress,0.0,0.034305317321102424
5547,69,AW19,kimono dress,0.0,0.02401371712352446
5547,40,AW19,kimono dress,0.0,0.0514579759308921
5547,67,AW19,kimono dress,0.0,0.037735844064827544
5547,85,AW19,kimono dress,0.0,0.025728982994093652
5547,94,AW19,kimono dress,0.0,0.0007606989742333845
5457,89,AW19,long duster,0.0,0.012006856067461224
5547,65,AW19,kimono dress,0.0,0.013231614083189956
5547,7,AW19,kimono dress,0.0,0.0806174904005628
5544,85,AW19,kimono dress,0.0,0.0004889327082780696
5544,72,AW19,kimono dress,0.0,0.022298451247472092
5544,83,AW19,kimono dress,0.0,0.037735844045543816
5544,106,AW19,kimono dress,0.0,0.018867922796209278
5544,61,AW19,kimono dress,0.0188679245283018,0.01372212192919541
5544,101,AW19,kimono dress,0.0,0.030874780604918446
5544,20,AW19,kimono dress,0.0,0.03945110993446721
5544,68,AW19,kimono dress,0.0,0.07890222462570362
5544,77,AW19,kimono dress,0.0,0.02114235197088826
5544,67,AW19,kimono dress,0.0377358490566037,0.07032589550842264
5544,89,AW19,kimono dress,0.0,0.06861062964470105
5544,24,AW19,kimono dress,0.0,0.03259004645577753
5544,45,AW19,kimono dress,0.0188679245283018,0.017782240748934162
5544,52,AW19,kimono dress,0.0377358490566037,0.05317323685100363
5544,22,AW19,kimono dress,0.0188679245283018,0.016054216236991492
5544,33,AW19,kimono dress,0.0,0.05488850271036781
5544,93,AW19,kimono dress,0.0,0.07547169322005508
5544,13,AW19,kimono dress,0.0,0.0075519553711232805
5544,16,AW19,kimono dress,0.0,0.0012838030773856645
5544,99,AW19,kimono dress,0.0,0.03259005125519305
5544,76,AW19,kimono dress,0.0,0.0651800980223235
5544,53,AW19,kimono dress,0.0,0.039451109942468775
5544,40,AW19,kimono dress,0.0,0.06861062965155325
5544,69,AW19,kimono dress,0.0,0.03945110993751721
5547,10,AW19,kimono dress,0.0,0.02401371712147099
5547,2,AW19,kimono dress,0.0,0.06174956616763992
5547,62,AW19,kimono dress,0.0,0.02572898300036384
5547,30,AW19,kimono dress,0.0,0.046312173380341944
5547,96,AW19,kimono dress,0.0,0.03259005230673433
5544,41,AW19,kimono dress,0.0,0.026638583271988692
5544,64,AW19,kimono dress,0.0754716981132075,0.02915952141791451
5544,29,AW19,kimono dress,0.0,0.008925270208352256
5544,104,AW19,kimono dress,0.0,0.04802744267444549
5544,125,AW19,kimono dress,0.0,0.002540428247270322
5544,115,AW19,kimono dress,0.0188679245283018,0.018867924528301803
5544,57,AW19,kimono dress,0.0,0.053173236825397874
5544,44,AW19,kimono dress,0.0,0.020583185396028894
5544,63,AW19,kimono dress,0.0,0.018867919529065726
5544,59,AW19,kimono dress,0.0,0.02915951469756432
5544,95,AW19,kimono dress,0.0,0.02915951472609818
5544,18,AW19,kimono dress,0.0,0.0003295175873669898
5544,46,AW19,kimono dress,0.0,0.0463121734047312
5544,36,AW19,kimono dress,0.0,0.07796944259167378
5544,81,AW19,kimono dress,0.0188679245283018,0.054888502734648695
5544,35,AW19,kimono dress,0.0,0.0006587796133129772
5547,91,AW19,kimono dress,0.0,0.030874780593762433
5500,43,AW19,culottes,0.0,0.015437387793607536
5521,108,AW19,long coat,0.0,0.018867920829655972
5452,45,AW19,long coat,0.0,0.013722121927293794
5382,10,AW19,long sleeve,0.0,0.012723328219467879
5382,15,AW19,long sleeve,0.0,0.013722121932323451
5037,125,AW19,solid color top,0.0188679245283018,0.010291590199211482
5382,22,AW19,long sleeve,0.0,0.006836545761504502
5382,83,AW19,long sleeve,0.0188679245283018,2.811539847895771e-10
4930,95,AW19,solid color top,0.0,0.012006856057023079
5382,46,AW19,long sleeve,0.0377358490566037,0.008576324330529983
5382,0,AW19,long sleeve,0.0188679245283018,0.00857632433138101
5416,14,AW19,long sleeve,0.0,0.017152653663992778
5358,14,AW19,long sleeve,0.0,0.017152653656277772
4908,88,AW19,solid color top,0.0,2.811539847895772e-10
5358,64,AW19,long sleeve,0.0,0.01200685890373811
5358,41,AW19,long sleeve,0.0377358490566037,0.015437389134987904
5374,108,AW19,long sleeve,0.0,0.0036010840473752422
5422,59,AW19,long sleeve,0.0,0.015437393134448672
5374,29,AW19,long sleeve,0.0,0.017152653661265803
5487,87,AW19,long sleeve,0.0,2.8115398478957706e-10
4946,6,AW19,short sleeves,0.0,0.01200685606463782
5345,95,AW19,long sleeve,0.0188679245283018,0.013722121947874812
5507,30,AW19,long sleeve,0.0,0.022298451257377606
5507,12,AW19,long sleeve,0.0,0.03773584405852328
5507,10,AW19,long sleeve,0.0,0.039451117362083246
5507,15,AW19,long sleeve,0.0377358490566037,0.020583185391999496
5507,43,AW19,long sleeve,0.0188679245283018,0.015437387796863603
5507,108,AW19,long sleeve,0.0,0.012006856064960096
5507,13,AW19,long sleeve,0.0,0.015437387800298479
5507,77,AW19,long sleeve,0.0,0.02572898299881151
5507,121,AW19,long sleeve,0.0,0.01715265365945233
5477,15,AW19,long sleeve,0.0,0.012006863498388743
5477,43,AW19,long sleeve,0.0377358490566037,0.012006856063811801
4908,87,AW19,solid color top,0.0188679245283018,0.029159514725738852
5422,42,AW19,long sleeve,0.0,6.174150381586406e-05
5422,47,AW19,long sleeve,0.0,0.022298451254147166
5422,5,AW19,long sleeve,0.0188679245283018,0.02809970463196628
5491,54,AW19,short cardigan,0.0,0.009711076553947663
4605,11,AW19,doll dress,0.0377358490566037,0.010291590200904782
4562,105,AW19,trapeze dress,0.0,0.018867924528301806
4628,103,AW19,sleeveless,0.0377358490566037,0.012006856079358426
5491,105,AW19,short cardigan,0.0,0.01372212193075201
5491,19,AW19,short cardigan,0.0,0.007461875167772517
4988,19,AW19,medium coat,0.0377358490566037,0.015437387795446436
5491,48,AW19,short cardigan,0.0,0.0008670427162093447
5491,73,AW19,short cardigan,0.0,0.022298451272358667
5491,3,AW19,short cardigan,0.0,0.0005922267960529481
5491,5,AW19,short cardigan,0.0,0.0015101984238787764
5491,52,AW19,short cardigan,0.0,0.007635550162987465
5491,51,AW19,short cardigan,0.0,0.034305312335156615
5491,68,AW19,short cardigan,0.0,0.013722121928571385
5491,1,AW19,short cardigan,0.0,0.018867919531416137
5491,38,AW19,short cardigan,0.0,0.027444248844456794
5491,121,AW19,short cardigan,0.0,0.0008852301094683555
5005,1,AW19,short sleeves,0.0,0.015437387797570912
5478,8,AW19,short cardigan,0.0,0.013722121930566098
5478,85,AW19,short cardigan,0.0,0.01886791952893858
5478,61,AW19,short cardigan,0.0,0.00924294302581782
5478,73,AW19,short cardigan,0.0,0.009947405212100259
5478,39,AW19,short cardigan,0.0,0.0038415048271516787
5477,121,AW19,long sleeve,0.0,0.013722121926321508
5478,75,AW19,short cardigan,0.0,7.742191437787205e-18
5491,4,AW19,short cardigan,0.0,0.012006856063798187
5491,18,AW19,short cardigan,0.0,4.158588505267522e-41
5491,26,AW19,short cardigan,0.0,6.242872640596042e-26
5491,81,AW19,short cardigan,0.0,0.021720103369686765
5491,53,AW19,short cardigan,0.0,0.017152653662470357
5491,32,AW19,short cardigan,0.0,0.056603767264886494
5491,8,AW19,short cardigan,0.0188679245283018,0.017152653666952237
5336,32,AW19,long sleeve,0.0,0.012006856062020479
5512,12,AW19,long sleeve,0.0,0.0011255739020727927
5512,75,AW19,long sleeve,0.0,0.013722124648492599
5485,7,AW19,short sleeves,0.0,0.024013717139640726
5485,80,AW19,short sleeves,0.0,0.037735844057070665
5485,9,AW19,short sleeves,0.0188679245283018,0.018867919524368282
5485,3,AW19,short sleeves,0.0,0.01372212192783565
5485,108,AW19,short sleeves,0.0,0.025728982987359626
5485,5,AW19,short sleeves,0.0377358490566037,0.017152653663616183
5485,13,AW19,short sleeves,0.0,0.029159514710792447
5485,89,AW19,short sleeves,0.0,0.05145797096882058
5485,51,AW19,short sleeves,0.0188679245283018,0.022298451248499693
5485,1,AW19,short sleeves,0.0,0.041166375792340136
5485,20,AW19,short sleeves,0.0,0.022298451260270077
5344,108,AW19,doll dress,0.0188679245283018,0.02229845125748989
5485,82,AW19,short sleeves,0.0,0.025728982995692814
5485,74,AW19,short sleeves,0.0,0.029159514707480575
5485,10,AW19,short sleeves,0.0188679245283018,0.015437387795763757
5485,35,AW19,short sleeves,0.0,0.02744424886031792
5485,64,AW19,short sleeves,0.0,0.02058318539840243
5485,41,AW19,short sleeves,0.0,0.034305312306177047
5510,10,AW19,short sleeves,0.0,0.013722121934642282
5344,87,AW19,doll dress,0.0566037735849056,0.01698197631244934
5510,75,AW19,short sleeves,0.0,0.02572898299774717
5510,80,AW19,short sleeves,0.0,0.034305312313915474
5510,73,AW19,short sleeves,0.0,0.02229845125683465
5510,99,AW19,short sleeves,0.0,0.015437387797661281
5510,13,AW19,short sleeves,0.0,0.03259004645608117
5510,45,AW19,short sleeves,0.0,0.029159514726889643
5510,51,AW19,short sleeves,0.0,0.0171526536632332
5510,106,AW19,short sleeves,0.0,0.020583185392710954
5510,81,AW19,short sleeves,0.0,0.025728982992031146
5510,26,AW19,short sleeves,0.0,0.027444248862952828
5485,103,AW19,short sleeves,0.0,0.01715265365957096
5485,62,AW19,short sleeves,0.0,0.0188679195234896
4861,54,AW19,long sleeve,0.0,0.0014271407245369995
4904,26,AW19,long sleeve,0.0,0.025773043491062127
5512,88,AW19,long sleeve,0.0188679245283018,0.09433962151689346
5512,93,AW19,long sleeve,0.0188679245283018,0.010291590193508084
5512,1,AW19,long sleeve,0.0,0.01886791952816999
5512,36,AW19,long sleeve,0.0,0.017152653659707112
5020,87,AW19,trapeze dress,0.0,0.012006856063636282
5513,15,AW19,sleeveless,0.0943396226415094,0.02058318539541426
5513,65,AW19,sleeveless,0.0188679245283018,0.010291590197507519
5513,19,AW19,sleeveless,0.1132075471698113,0.01715265366848112
5513,48,AW19,sleeveless,0.0,0.012006856061809233
5513,76,AW19,sleeveless,0.0754716981132075,0.017152653659132662
5513,51,AW19,sleeveless,0.0377358490566037,0.018867919529623158
5513,1,AW19,sleeveless,0.0188679245283018,0.015437387792145835
5513,121,AW19,sleeveless,0.0188679245283018,0.008576324330176856
5513,46,AW19,sleeveless,0.0,3.8521430644171776e-06
5020,21,AW19,trapeze dress,0.0,0.01886791953470842
5513,8,AW19,sleeveless,0.0,0.012006856062915228
5528,7,AW19,long sleeve,0.0,0.013722121929766814
5059,74,AW19,kimono dress,0.0188679245283018,0.015437311754594785
5059,39,AW19,kimono dress,0.0,0.024013717124678684
5059,15,AW19,kimono dress,0.0,0.01886792333449557
5503,25,AW19,long sleeve,0.0188679245283018,0.010291590196702678
5503,106,AW19,long sleeve,0.0,0.020583189371728774
4744,108,AW19,sheath dress,0.0188679245283018,0.02058318538347785
5512,19,AW19,long sleeve,0.0188679245283018,0.015437387788134768
5503,19,AW19,long sleeve,0.0188679245283018,0.025728982996997836
5528,36,AW19,long sleeve,0.0,0.02058318539707864
5050,40,AW19,solid color top,0.0566037735849056,0.013722121932678468
5528,3,AW19,long sleeve,0.0943396226415094,0.01372212192923225
5528,43,AW19,long sleeve,0.0,0.03773584469988642
5528,105,AW19,long sleeve,0.0188679245283018,3.818812393926555e-05
5050,105,AW19,solid color top,0.0,0.012006856064280877
5503,12,AW19,long sleeve,0.0,0.027444248857884476
5344,63,AW19,doll dress,0.0188679245283018,0.0154373930307256
5506,81,AW19,long sleeve,0.0,0.005099531660444298
5506,82,AW19,long sleeve,0.0,0.01886791952889888
5484,121,AW19,long sleeve,0.0188679245283018,0.01200685606298456
5484,77,AW19,long sleeve,0.0,0.013722121933424937
5484,89,AW19,long sleeve,0.0,0.006910792660064419
5484,13,AW19,long sleeve,0.0,0.02229845125933825
5484,99,AW19,long sleeve,0.0188679245283018,0.005250175394426596
5484,3,AW19,long sleeve,0.0,0.00756087834515369
5484,43,AW19,long sleeve,0.0,0.0028973481617966985
5484,10,AW19,long sleeve,0.0,0.012006856068794336
4790,108,AW19,doll dress,0.0188679245283018,0.02058318540304913
5368,104,AW19,long sleeve,0.0188679245283018,0.004010269616610734
5368,63,AW19,long sleeve,0.0,0.03430531233465256
5368,85,AW19,long sleeve,0.0377358490566037,0.010291590195599217
5368,76,AW19,long sleeve,0.0,0.01715265366307961
5368,14,AW19,long sleeve,0.0,0.02401371713142158
5470,36,AW19,medium coat,0.0,0.027444256129742974
5071,108,AW19,long coat,0.0,0.015437387805383163
5378,65,AW19,long sleeve,0.0,0.017152658639024376
5378,28,AW19,long sleeve,0.0,0.012006856062646759
5378,56,AW19,long sleeve,0.0377358490566037,9.302605153018298e-34
5378,25,AW19,long sleeve,0.0188679245283018,0.01824508000479529
5453,83,AW19,miniskirt,0.0,0.01715265366153939
5354,51,AW19,long sleeve,0.0,0.012006856063745696
5354,77,AW19,long sleeve,0.0188679245283018,0.015437387798106146
5354,20,AW19,long sleeve,0.0,0.012006856062082877
5361,3,AW19,long sleeve,0.0188679245283018,0.009391590284080055
5369,26,AW19,medium cardigan,0.0188679245283018,0.013722121935471837
5356,5,AW19,long sleeve,0.0188679245283018,0.008576324331987593
5356,13,AW19,long sleeve,0.0188679245283018,0.01372212193245378
5356,26,AW19,long sleeve,0.0,0.008576327999453199
5380,80,AW19,long sleeve,0.0566037735849056,0.013722121923668274
5368,94,AW19,long sleeve,0.0,0.020583185391422617
5470,45,AW19,medium coat,0.0,0.010291590196308629
5470,5,AW19,medium coat,0.0,0.013722121929894747
5470,43,AW19,medium coat,0.0,0.013722121934575128
5514,108,AW19,long sleeve,0.0,0.01886792285197468
5080,87,AW19,kimono dress,0.0,0.014138302054964361
5514,80,AW19,long sleeve,0.0,0.013722125390160407
5514,14,AW19,long sleeve,0.0,0.02058318539585478
5514,19,AW19,long sleeve,0.0,5.609526096385138e-38
5514,65,AW19,long sleeve,0.0,0.005520986762039153
5514,7,AW19,long sleeve,0.0,0.017152657905959205
5514,54,AW19,long sleeve,0.0,0.0007829442281586022
4834,24,AW19,long sleeve,0.0,0.012006856063243674
5508,29,AW19,long sleeve,0.0,0.022298455201411344
5508,36,AW19,long sleeve,0.0,0.004022839371272124
5508,35,AW19,long sleeve,0.0,0.01886791953015241
5508,20,AW19,long sleeve,0.0,0.022298451277916836
5508,3,AW19,long sleeve,0.0,0.01715265366637904
5508,80,AW19,long sleeve,0.0188679245283018,0.029159514723762967
5508,39,AW19,long sleeve,0.0,0.02572898299623436
5508,43,AW19,long sleeve,0.0,6.384387746872867e-29
5470,48,AW19,medium coat,0.0,0.02058318539527311
5470,31,AW19,medium coat,0.0,0.018867919528459207
5470,12,AW19,medium coat,0.0188679245283018,0.012006856061982242
5509,21,AW19,medium coat,0.0,0.013722121930180568
5509,8,AW19,medium coat,0.0377358490566037,0.0188679245283018
5509,83,AW19,medium coat,0.0377358490566037,0.010291590194332054
5380,121,AW19,long sleeve,0.0566037735849056,0.013722121930449572
5509,88,AW19,medium coat,0.0188679245283018,0.022298451257570674
5484,95,AW19,long sleeve,0.0,0.015437387794067075
5484,115,AW19,long sleeve,0.0,2.811539847895771e-10
5484,29,AW19,long sleeve,0.0,0.024013717126815954
5508,12,AW19,long sleeve,0.0,0.015437387791190194
5508,31,AW19,long sleeve,0.0,0.015437387798774507
5508,75,AW19,long sleeve,0.0566037735849056,0.013722121931753836
5509,49,AW19,medium coat,0.0,0.015437387795738574
5506,121,AW19,long sleeve,0.0,0.0013898391309420971
5380,40,AW19,long sleeve,0.0943396226415094,0.018867919531187032
5404,54,AW19,long sleeve,0.0,0.0001259012615910985
5481,75,AW19,long sleeve,0.0,0.015437387795364067
5481,39,AW19,long sleeve,0.0,0.039451109919396314
5481,73,AW19,long sleeve,0.0,0.01886791953038256
5481,108,AW19,long sleeve,0.0,0.015437387791090697
5481,51,AW19,long sleeve,0.0,0.0033010263206403553
5481,1,AW19,long sleeve,0.0,0.029159514724486527
5481,42,AW19,long sleeve,0.0,0.010291590196983984
5481,107,AW19,long sleeve,0.0,0.015437387793926073
5481,36,AW19,long sleeve,0.0,0.020583185395229905
5481,4,AW19,long sleeve,0.0377358490566037,0.012006856063537585
5481,100,AW19,long sleeve,0.0,0.012006856063742771
5481,41,AW19,long sleeve,0.0188679245283018,0.013722121931677564
5366,108,AW19,long sleeve,0.0,0.017152653661196622
5366,87,AW19,long sleeve,0.0,0.004038458264155344
5481,30,AW19,long sleeve,0.0,0.037735844023580926
5366,29,AW19,long sleeve,0.0,0.020583185395713785
5347,75,AW19,long sleeve,0.0,0.025728982989787923
5347,94,AW19,long sleeve,0.0377358490566037,0.015437387794110058
5347,15,AW19,long sleeve,0.0188679245283018,0.022298456526212235
5362,36,AW19,long sleeve,0.0,0.01715265365780452
5362,15,AW19,long sleeve,0.0188679245283018,0.005659498478446583
4453,24,AW19,long sleeve,0.0,0.01200685987583675
5370,16,AW19,long sleeve,0.0,0.012006856063135151
5375,49,AW19,long sleeve,0.0,0.020583185374950914
5375,105,AW19,long sleeve,0.0,0.01886791953491789
5375,75,AW19,long sleeve,0.0,0.00031526418541069905
5375,93,AW19,long sleeve,0.0,0.0006968353628316251
5375,81,AW19,long sleeve,0.0,4.465462937789324e-29
5375,36,AW19,long sleeve,0.0,0.000818437460281981
5506,75,AW19,long sleeve,0.0,0.016584319970475235
5347,14,AW19,long sleeve,0.0188679245283018,0.008576324330907272
5480,41,AW19,long sleeve,0.0,0.024013720439732045
5480,104,AW19,long sleeve,0.0,0.013722121928105502
5480,8,AW19,long sleeve,0.0,0.013722121937695108
5404,107,AW19,long sleeve,0.0,0.013722121929330967
5421,117,AW19,long sleeve,0.0,0.010291593681691791
5347,57,AW19,long sleeve,0.0,0.04008198398738195
5347,0,AW19,long sleeve,0.0,0.005883300985798317
5347,106,AW19,long sleeve,0.0,0.007624628718507487
5347,76,AW19,long sleeve,0.0188679245283018,0.007603150388106203
5437,12,AW19,long sleeve,0.0566037735849056,0.017152653659792575
5437,19,AW19,long sleeve,0.0943396226415094,0.0205831853926914
5437,80,AW19,long sleeve,0.0566037735849056,0.010291590196300972
5437,28,AW19,long sleeve,0.0566037735849056,0.022298451261479377
5437,76,AW19,long sleeve,0.0188679245283018,0.010291590195430434
5437,21,AW19,long sleeve,0.0,0.00857632432680013
5424,75,AW19,long sleeve,0.0188679245283018,0.013722121932850237
5424,108,AW19,long sleeve,0.0188679245283018,0.013722121930223413
4949,29,AW19,long cardigan,0.0377358490566037,0.01200685606294475
5000,88,AW19,long sleeve,0.0,0.01200685606214974
5480,7,AW19,long sleeve,0.0,0.009344023213713573
5480,36,AW19,long sleeve,0.0,0.017152653656882795
5480,69,AW19,long sleeve,0.0,0.0030462043129221216
5480,121,AW19,long sleeve,0.0,0.012006856062528937
5480,107,AW19,long sleeve,0.0,0.01372212192957794
5480,82,AW19,long sleeve,0.0,0.018867919530128518
5480,1,AW19,long sleeve,0.0,0.017152657182563473
5418,57,AW19,short cardigan,0.0,0.012006856062477624
5480,87,AW19,long sleeve,0.0,0.02229845125166426
5480,52,AW19,long sleeve,0.0,0.020583191540851194
5480,3,AW19,long sleeve,0.0188679245283018,0.0004714589618847689
5480,73,AW19,long sleeve,0.0,0.017152653664088077
5480,75,AW19,long sleeve,0.0,0.01996798730110367
5480,94,AW19,long sleeve,0.0,0.010291590196079607
5480,31,AW19,long sleeve,0.0,0.018867919528229447
5480,76,AW19,long sleeve,0.0,0.020583185389818247
5510,41,AW19,short sleeves,0.0,0.01920311342148804
5417,108,AW19,long sleeve,0.0188679245283018,0.013722121929782699
5407,93,AW19,long sleeve,0.0188679245283018,0.008576324329610996
5397,68,AW19,patterned top,0.0,0.08233275658302819
5397,87,AW19,patterned top,0.0,0.005706691322591571
5397,77,AW19,patterned top,0.0,0.044596907611911984
5061,1,AW19,long coat,0.0,0.01886791953299349
5397,51,AW19,patterned top,0.0,0.0032195302364330996
5061,56,AW19,long coat,0.0,0.02041717541255033
5397,89,AW19,patterned top,0.0,0.007001005129874897
5397,76,AW19,patterned top,0.0,0.0017215215130843336
5397,45,AW19,patterned top,0.0188679245283018,0.025728982981166215
5397,22,AW19,patterned top,0.0377358490566037,0.023154274286651875
5397,93,AW19,patterned top,0.0,0.03602057815809273
5397,13,AW19,patterned top,0.0,0.03602057814601548
5397,16,AW19,patterned top,0.0,0.029159514724604166
5397,56,AW19,patterned top,0.0,0.005287515159150202
5397,20,AW19,patterned top,0.0,0.013616730688517356
5397,28,AW19,patterned top,0.0,0.02744424886231344
5397,5,AW19,patterned top,0.0,0.02401371712765569
5397,108,AW19,patterned top,0.0,0.10806174458696392
5397,3,AW19,patterned top,0.0,0.0377358440787705
5397,9,AW19,patterned top,0.0,0.032590049781697286
5397,80,AW19,patterned top,0.0188679245283018,0.16466551869635598
5397,39,AW19,patterned top,0.0,0.06861062967888583
5397,43,AW19,patterned top,0.0,0.0823327567092597
5397,48,AW19,patterned top,0.0,0.013722121933158575
5397,75,AW19,patterned top,0.0,0.07718696336871873
5397,19,AW19,patterned top,0.0,0.01071503948236802
5397,94,AW19,patterned top,0.0,0.08404802224511275
5397,65,AW19,patterned top,0.0,0.009490103395779867
5397,31,AW19,patterned top,0.0,0.03375240071468223
5539,96,AW19,maxi,0.0188679245283018,0.0291595147239981
5397,99,AW19,patterned top,0.0188679245283018,0.06518009784516071
5061,100,AW19,long coat,0.0188679245283018,0.012006856059859558
5397,27,AW19,patterned top,0.0,0.01200685606780859
5397,61,AW19,patterned top,0.0,0.01886791953101772
5497,89,AW19,long coat,0.0,0.017152653659323544
5497,9,AW19,long coat,0.0188679245283018,0.0010467797080209527
5497,80,AW19,long coat,0.0,0.015437387802663785
5497,7,AW19,long coat,0.0,0.01715265366245997
5497,12,AW19,long coat,0.0,0.013722121929196604
5497,62,AW19,long coat,0.0,0.01543738780029428
5497,54,AW19,long coat,0.0,0.018867919529439923
5519,103,AW19,long coat,0.0,0.013722121929430897
5519,46,AW19,long coat,0.0,0.00803181330604393
5519,42,AW19,long coat,0.0,0.013722124534935869
5519,87,AW19,long coat,0.0188679245283018,0.02229845124287086
5519,51,AW19,long coat,0.0188679245283018,0.022298451269201713
5519,33,AW19,long coat,0.0,0.010291590198059355
5519,80,AW19,long coat,0.0,0.015437387789037603
5519,86,AW19,long coat,0.0,0.010291590197206364
5519,65,AW19,long coat,0.0,0.013722121925755051
5519,12,AW19,long coat,0.0,0.044596910784687874
5397,82,AW19,patterned top,0.0,0.054888502859743
5397,83,AW19,patterned top,0.0188679245283018,0.020583185391069566
5397,72,AW19,patterned top,0.0,0.029159514728090023
5397,121,AW19,patterned top,0.0,0.030874780592047266
5397,67,AW19,patterned top,0.0,0.03773584400775583
5530,86,AW19,medium coat,0.0377358490566037,0.017152658364106968
5539,30,AW19,maxi,0.0188679245283018,0.07547169867551545
5530,16,AW19,medium coat,0.0188679245283018,0.03758905683227255
5530,89,AW19,medium coat,0.0,0.0188679245283018
5504,19,AW19,medium coat,0.0,0.018867924247147817
5504,1,AW19,medium coat,0.0377358490566037,0.013722125563812304
5504,47,AW19,medium coat,0.0,0.010291590195395483
5504,35,AW19,medium coat,0.0,0.018867919520520155
5519,54,AW19,long coat,0.0,0.018867572171028846
5530,22,AW19,medium coat,0.0,0.036363008431400085
5497,51,AW19,long coat,0.0,0.012006856067149027
5539,54,AW19,maxi,0.0,0.02401371712471418
5539,10,AW19,maxi,0.0,0.03602057817004876
5539,53,AW19,maxi,0.0566037735849056,0.010645697850551193
5539,40,AW19,maxi,0.0377358490566037,0.06346483204051508
5539,69,AW19,maxi,0.0377358490566037,0.04974270511723577
5539,35,AW19,maxi,0.0,0.0009561927440791363
5539,81,AW19,maxi,0.0,0.08404802246852229
5539,36,AW19,maxi,0.0,8.379042132285268e-18
5539,46,AW19,maxi,0.0,0.08233275658049745
5539,90,AW19,maxi,0.0188679245283018,0.027444248862352676
5539,18,AW19,maxi,0.0943396226415094,0.024013717122442397
5539,95,AW19,maxi,0.0188679245283018,0.02203263295115508
5539,4,AW19,maxi,0.0,0.01886791953638801
5539,8,AW19,maxi,0.0,0.0840480261713804
5539,100,AW19,maxi,0.0,0.036020578191209636
5539,21,AW19,maxi,0.0566037735849056,0.05317323685358075
5539,67,AW19,maxi,0.0,0.060034300376647726
5539,57,AW19,maxi,0.0,0.03945110993244591
5539,29,AW19,maxi,0.0,0.04631217340820081
5539,64,AW19,maxi,0.0,0.01715265366493102
5539,41,AW19,maxi,0.0,0.03032470052338211
5397,15,AW19,patterned top,0.0,0.06861062950571645
5397,7,AW19,patterned top,0.0,6.242872826648141e-26
5429,105,AW19,patterned top,0.0,0.012006856063664636
5397,12,AW19,patterned top,0.0,0.14922812598481267
5429,108,AW19,patterned top,0.0,0.015437387795345514
5397,2,AW19,patterned top,0.0,0.0634648320463268
5397,54,AW19,patterned top,0.0,0.06003430033244722
5397,30,AW19,patterned top,0.0,0.042881641518535615
5397,96,AW19,patterned top,0.0,0.030874780644545085
5429,83,AW19,patterned top,0.0,0.03312185557384206
5429,121,AW19,patterned top,0.0188679245283018,0.010291590197182829
5539,115,AW19,maxi,0.0188679245283018,0.1457975931688808
5539,121,AW19,maxi,0.0,0.03773584405832347
5539,85,AW19,maxi,0.0566037735849056,0.06861062961552858
5539,72,AW19,maxi,0.0566037735849056,0.06003430035096734
5539,7,AW19,maxi,0.0,0.05831903451655802
5539,15,AW19,maxi,0.0377358490566037,0.09948541527211764
5539,91,AW19,maxi,0.0377358490566037,0.003437413156770027
5539,31,AW19,maxi,0.0943396226415094,0.09433961754590536
5539,94,AW19,maxi,0.0,0.09090908592855271
5539,105,AW19,maxi,0.0,2.85893325360003e-05
5539,19,AW19,maxi,0.0377358490566037,0.04802743922028241
5539,75,AW19,maxi,0.0377358490566037,0.02915951472083975
5539,14,AW19,maxi,0.0,0.04459690743672194
5539,86,AW19,maxi,0.0,0.04802743924329644
5539,43,AW19,maxi,0.0,0.06689536383652123
5539,39,AW19,maxi,0.0,0.018867924528301803
5539,80,AW19,maxi,0.0566037735849056,0.0377358490566037
5539,73,AW19,maxi,0.0,0.08404802238721625
5539,9,AW19,maxi,0.0566037735849056,0.0737564272287602
5539,3,AW19,maxi,0.1320754716981132,0.09433962236035541
5539,108,AW19,maxi,0.0188679245283018,0.0025130263470508883
5539,83,AW19,maxi,0.0188679245283018,0.07375642725450743
5539,82,AW19,maxi,0.0377358490566037,0.08576328837024759
5539,20,AW19,maxi,0.0188679245283018,0.02744424885478475
5539,1,AW19,maxi,0.0188679245283018,0.09262435179666624
5539,51,AW19,maxi,0.0,0.036020578156626286
5539,89,AW19,maxi,0.0,0.008435166960798917
5539,12,AW19,maxi,0.0,0.0
5539,76,AW19,maxi,0.0188679245283018,0.03430531232074733
5539,22,AW19,maxi,0.0377358490566037,0.056603768579722595
5539,93,AW19,maxi,0.0,0.06174956618104597
5539,16,AW19,maxi,0.0188679245283018,0.1286449349820809
5539,56,AW19,maxi,0.0188679245283018,0.004165297763988293
5539,99,AW19,maxi,0.0566037735849056,0.05145797099576314
5539,5,AW19,maxi,0.0,0.01120860999399352
5539,45,AW19,maxi,0.0566037735849056,0.04459690751895449
5497,59,AW19,long coat,0.0,0.013722121928876365
5497,41,AW19,long coat,0.0,0.01372212192991684
5397,53,AW19,patterned top,0.0,0.027444253664571153
5474,79,AW19,long dress,0.0,0.002032171141968722
5474,110,AW19,long dress,0.0,0.013722121927206522
5474,3,AW19,long dress,0.0,0.01926687844405399
5474,108,AW19,long dress,0.0,0.002983791125643391
5474,28,AW19,long dress,0.0,0.01543738778082977
5474,93,AW19,long dress,0.0,0.02572898299038903
5474,33,AW19,long dress,0.0,0.0028096992219556766
5474,87,AW19,long dress,0.0,0.017152657213044483
5474,68,AW19,long dress,0.0,0.002113083511728356
5474,27,AW19,long dress,0.0188679245283018,0.010291590197312786
5474,106,AW19,long dress,0.0,0.01886791952392235
5474,67,AW19,long dress,0.0,0.003910491066792281
5474,40,AW19,long dress,0.0754716981132075,0.013722121929619894
5474,81,AW19,long dress,0.0188679245283018,0.01715265798701427
5474,105,AW19,long dress,0.0,0.007283660104509021
5474,103,AW19,long dress,0.0,0.0104681920418185
5474,64,AW19,long dress,0.0,0.013722121932983911
5498,88,AW19,doll dress,0.0,9.901302568632408e-12
5498,73,AW19,doll dress,0.0,0.013722121929453362
5498,110,AW19,doll dress,0.0377358490566037,0.016495775222972398
5498,76,AW19,doll dress,0.0,0.015437387797474056
5498,85,AW19,doll dress,0.0,0.022298451259143048
5498,53,AW19,doll dress,0.0,0.015437387795679628
5498,104,AW19,doll dress,0.0,2.8115398478957706e-10
5332,87,AW19,doll dress,0.0,0.0102915901973608
5332,83,AW19,doll dress,0.0,0.015437387796785629
5543,46,AW19,long sleeve,0.0566037735849056,0.008576324335931248
5543,53,AW19,long sleeve,0.0,0.013722121925753646
5543,106,AW19,long sleeve,0.0,0.01543739057042458
5543,47,AW19,long sleeve,0.0,0.018867919528624738
5474,57,AW19,long dress,0.0,0.017152657088925164
5474,7,AW19,long dress,0.0,6.401654205699348e-05
5051,108,AW19,trapeze dress,0.0,0.015437387794366002
5056,32,AW19,sheath dress,0.0,0.006861058463409729
5389,100,AW19,long sleeve,0.0,0.0188679195302758
5389,87,AW19,long sleeve,0.0,0.024013717126780642
5389,93,AW19,long sleeve,0.0,0.01715265365934001
5389,56,AW19,long sleeve,0.0,0.02229845126643303
5389,108,AW19,long sleeve,0.0,0.025728983002241024
5389,14,AW19,long sleeve,0.0188679245283018,0.01886791953368283
5389,31,AW19,long sleeve,0.0,0.051457970979611294
5386,90,AW19,long sleeve,0.0,0.0007528120259107233
5386,67,AW19,long sleeve,0.0188679245283018,0.012006856064457724
5386,87,AW19,long sleeve,0.0,0.027444248865327165
5386,51,AW19,long sleeve,0.0,0.008262721084391297
5386,22,AW19,long sleeve,0.0,0.0027984686947488103
5386,50,AW19,long sleeve,0.0,0.01715265366182116
5386,117,AW19,long sleeve,0.0,0.016483735700374744
5386,13,AW19,long sleeve,0.0,0.013342588622601776
5386,28,AW19,long sleeve,0.0,0.022298451237592092
5386,14,AW19,long sleeve,0.0,0.009366542852111965
5445,57,AW19,long dress,0.0188679245283018,0.004143960367664943
5445,40,AW19,long dress,0.0,0.0
5445,28,AW19,long dress,0.0,0.008576324330853338
5445,108,AW19,long dress,0.0,0.0004059463989718234
5483,103,AW19,sheath dress,0.0,0.012006856066214175
5483,95,AW19,sheath dress,0.0,0.010291590197019074
5543,15,AW19,long sleeve,0.0,0.02572898299152402
5483,83,AW19,sheath dress,0.0,0.004889327534536845
5483,51,AW19,sheath dress,0.0,0.012006861402760666
5483,73,AW19,sheath dress,0.0188679245283018,0.010291593036036249
5500,92,AW19,culottes,0.0188679245283018,0.013722121937922159
5483,88,AW19,sheath dress,0.0188679245283018,0.015437387801211865
5483,86,AW19,sheath dress,0.0,0.00028836205264740164
5386,31,AW19,long sleeve,0.0,0.0010771406070478361
5483,106,AW19,sheath dress,0.0188679245283018,0.012006859888733097
5543,12,AW19,long sleeve,0.0,0.015437387795065932
5531,107,AW19,long sleeve,0.0188679245283018,0.008576324331201481
5531,39,AW19,long sleeve,0.0377358490566037,0.013722121927606329
5537,12,AW19,long sleeve,0.0188679245283018,0.018867919524693483
4934,88,AW19,long coat,0.0377358490566037,0.028658739816196804
4853,74,AW19,trapeze dress,0.0,0.001899684272006466
5376,40,AW19,long coat,0.0,0.013722121924187463
5376,31,AW19,long coat,0.0,0.01372212193138387
5062,77,AW19,medium coat,0.0188679245283018,0.0120068560652022
5394,18,AW19,maxi,0.0,0.013722121929686281
5394,67,AW19,maxi,0.0,0.02058318539823774
5394,107,AW19,maxi,0.0,0.011398465244689755
5394,108,AW19,maxi,0.0,0.01986048300928169
5394,79,AW19,maxi,0.0,0.022298451261383766
5397,41,AW19,patterned top,0.0,0.056603768586234414
5397,64,AW19,patterned top,0.0188679245283018,0.012006856066869716
5397,29,AW19,patterned top,0.0,0.013475211034889679
5397,104,AW19,patterned top,0.0,0.025728985895088714
5397,115,AW19,patterned top,0.0,0.04116638027868338
5397,57,AW19,patterned top,0.0,0.030874780570365162
5397,40,AW19,patterned top,0.0,0.04288164165669256
5397,69,AW19,patterned top,0.0,0.037735844055297715
5397,35,AW19,patterned top,0.0,0.027444248855029926
5072,84,AW19,medium coat,0.0377358490566037,0.008576324330396798
5397,81,AW19,patterned top,0.0,0.04459690752276708
5397,36,AW19,patterned top,0.0,0.09262435176896057
5537,15,AW19,long sleeve,0.0,0.01372212192829358
5397,46,AW19,patterned top,0.0,0.0428816457128195
5397,18,AW19,patterned top,0.0,0.041166375865526864
5397,0,AW19,patterned top,0.0,0.024013717129345784
5397,4,AW19,patterned top,0.0,0.02572898298922746
5397,100,AW19,patterned top,0.0188679245283018,0.014485723361552702
5397,21,AW19,patterned top,0.0,0.03430531230198736
5397,25,AW19,patterned top,0.0188679245283018,0.00047960695906396837
5397,90,AW19,patterned top,0.0,0.030874780597755894
4936,21,AW19,short sleeves,0.0,0.010291594371705572
5537,31,AW19,long sleeve,0.0,0.020583185394779765
5537,80,AW19,long sleeve,0.0,0.0205831853961043
5534,103,AW19,long sleeve,0.0,0.012006856065443156
5534,90,AW19,long sleeve,0.0188679245283018,0.013722121934740436
5534,53,AW19,long sleeve,0.0,0.015437387793871929
5534,83,AW19,long sleeve,0.0188679245283018,0.015437387797643504
5534,77,AW19,long sleeve,0.0,0.02572898299373048
5534,14,AW19,long sleeve,0.0377358490566037,0.008966813963878578
5534,15,AW19,long sleeve,0.0188679245283018,0.015437387797092366
5534,12,AW19,long sleeve,0.0,0.03567576267108493
5550,95,AW19,long sleeve,0.0,0.010291590196707124
5550,67,AW19,long sleeve,0.0,0.010291594004565557
5550,1,AW19,long sleeve,0.0,0.024013717122256372
5550,77,AW19,long sleeve,0.0,0.022298451266702417
5550,80,AW19,long sleeve,0.0,0.017152653669478476
5550,19,AW19,long sleeve,0.0188679245283018,0.017152653661683667
5550,31,AW19,long sleeve,0.0,0.012006856064863436
4850,87,AW19,trapeze dress,0.0,0.013722121937419153
5550,15,AW19,long sleeve,0.0188679245283018,0.020583185381097845
5537,76,AW19,long sleeve,0.0188679245283018,0.013722121925747417
5537,1,AW19,long sleeve,0.0,0.013722121930070087
5537,20,AW19,long sleeve,0.0,0.010291590197246786
5546,30,AW19,long sleeve,0.0,0.01200685606172431
5546,75,AW19,long sleeve,0.0,0.011493929941946309
5546,9,AW19,long sleeve,0.0,0.010291590196103463
5537,75,AW19,long sleeve,0.0,0.015437387797340628
5546,24,AW19,long sleeve,0.0,0.013722121930163207
5546,77,AW19,long sleeve,0.0,0.013722121932773071
5546,53,AW19,long sleeve,0.0188679245283018,0.01200685606280336
5546,69,AW19,long sleeve,0.0188679245283018,0.010291590196990212
5546,18,AW19,long sleeve,0.0,0.028780432327165015
5546,95,AW19,long sleeve,0.0,0.004365300581309208
5550,30,AW19,long sleeve,0.0,0.018867919530079345
5546,51,AW19,long sleeve,0.0188679245283018,0.014221749754803406
4936,90,AW19,short sleeves,0.0188679245283018,3.818812393926555e-05
5073,8,AW19,medium coat,0.0,0.0525102998906055
5365,108,AW19,culottes,0.0,0.000952684794170348
5516,3,AW19,long sleeve,0.0,0.009663162871052277
5516,13,AW19,long sleeve,0.0,0.000415966328667614
5516,93,AW19,long sleeve,0.0188679245283018,0.010291590197019074
5526,12,AW19,short cardigan,0.0,0.018867919528882116
5516,87,AW19,long sleeve,0.0,0.010291593737123938
5526,2,AW19,short cardigan,0.0,0.02058318539546611
5526,54,AW19,short cardigan,0.0188679245283018,0.012006856062426238
5514,115,AW19,long sleeve,0.0,0.006791165233277146
5435,33,AW19,kimono dress,0.0,0.004415072948947689
5514,8,AW19,long sleeve,0.0,0.015437387789276827
5435,93,AW19,kimono dress,0.0188679245283018,0.013722121928082958
5514,18,AW19,long sleeve,0.0,0.00010540394613827727
5516,68,AW19,long sleeve,0.0,0.004236387590523752
5516,72,AW19,long sleeve,0.0,0.0010556870177469983
5008,24,AW19,long sleeve,0.0,0.006861058465700557
5516,40,AW19,long sleeve,0.0377358490566037,0.022298451261157922
5435,110,AW19,kimono dress,0.0377358490566037,1.1778081363591761e-11
5516,39,AW19,long sleeve,0.0,2.356599291802669e-09
5516,115,AW19,long sleeve,0.0,0.00795163265400347
5486,21,AW19,long sleeve,0.0,0.017152653661116672
5401,96,AW19,kimono dress,0.0,0.015437392782181016
5486,75,AW19,long sleeve,0.0188679245283018,0.0017133372289686068
5486,56,AW19,long sleeve,0.0566037735849056,0.015437387794871096
5486,13,AW19,long sleeve,0.0,0.02744424886737956
5526,75,AW19,short cardigan,0.0,0.024013717117985382
5400,93,AW19,medium cardigan,0.0188679245283018,0.012006856070506
4686,105,AW19,doll dress,0.0,0.030874786112544503
5486,22,AW19,long sleeve,0.0188679245283018,0.022298453637799146
5486,52,AW19,long sleeve,0.0,0.01543738779581167
5486,68,AW19,long sleeve,0.0,0.010291590198127736
5486,1,AW19,long sleeve,0.0,0.010291590199686179
5401,82,AW19,kimono dress,0.0188679245283018,0.01886791953866096
5486,40,AW19,long sleeve,0.0188679245283018,0.010291590194529085
5486,69,AW19,long sleeve,0.0,0.01372212192413986
5486,35,AW19,long sleeve,0.0,0.01886791952918226
5401,16,AW19,kimono dress,0.0377358490566037,0.018867919536031307
5521,7,AW19,long coat,0.0188679245283018,0.018867919528851473
5486,0,AW19,long sleeve,0.0,0.022298454598759922
5486,63,AW19,long sleeve,0.0,0.010291590196262471
5526,60,AW19,short cardigan,0.0188679245283018,0.008576324331764631
4971,54,AW19,doll dress,0.0,0.017152653662532723
4971,85,AW19,doll dress,0.0188679245283018,0.01029159020221123
5399,29,AW19,long sleeve,0.0,0.01715265366022937
4684,88,AW19,culottes,0.0,0.017152657490718398
4684,73,AW19,culottes,0.0,0.017152653661632114
4684,3,AW19,culottes,0.0,0.017152653663343304
4684,99,AW19,culottes,0.0,0.013722121934576958
4684,28,AW19,culottes,0.0,0.017152653659920927
5009,102,AW19,long sleeve,0.0,0.017152653656741224
4684,16,AW19,culottes,0.0,0.017152653660343676
5476,43,AW19,solid color top,0.0,0.011608689844164194
5476,3,AW19,solid color top,0.0,1.6279874544360702e-14
5079,28,AW19,kimono dress,0.0188679245283018,0.015437387792960527
4684,22,AW19,culottes,0.0,0.024013717118814185
5032,95,AW19,long duster,0.0,0.012006856064257249
4684,51,AW19,culottes,0.0,0.012006856066458954
4684,1,AW19,culottes,0.0,0.013722121928846481
4684,38,AW19,culottes,0.0,0.017152653660244578
5079,33,AW19,kimono dress,0.0,0.01886791952778281
4684,48,AW19,culottes,0.0,0.015437387795714429
4971,105,AW19,doll dress,0.0,0.02058318541674523
4684,75,AW19,culottes,0.0188679245283018,0.027444248859052573
5079,88,AW19,kimono dress,0.0,0.01200685890373811
5399,10,AW19,long sleeve,0.0,0.01543738779333931
5527,125,AW19,long coat,0.0188679245283018,0.010291590197868444
4971,103,AW19,doll dress,0.0,0.015437387799788267
5438,83,AW19,long sleeve,0.0,0.0012961590651998148
5527,103,AW19,long coat,0.0188679245283018,0.01886791952926316
5476,12,AW19,solid color top,0.0,3.678439688478931e-05
5476,65,AW19,solid color top,0.0,0.017152653662111172
5527,46,AW19,long coat,0.0188679245283018,0.025728982986118823
5399,14,AW19,long sleeve,0.0,0.012006856063671429
5399,22,AW19,long sleeve,0.0188679245283018,0.012006856114640465
5476,60,AW19,solid color top,0.0188679245283018,0.0014154591873420585
5399,76,AW19,long sleeve,0.0,0.015437392627359967
4684,49,AW19,culottes,0.0,0.01886791952632295
5476,79,AW19,solid color top,0.0,0.0005961284678368768
5399,47,AW19,long sleeve,0.0,0.012006856063456398
4684,31,AW19,culottes,0.0,0.01715265366074032
5399,85,AW19,long sleeve,0.0,0.010291590196447608
4684,19,AW19,culottes,0.0,0.017152653664220016
5427,57,AW19,medium cardigan,0.0188679245283018,0.01372212192865297
5427,4,AW19,medium cardigan,0.0188679245283018,0.005145792603667881
5486,94,AW19,long sleeve,0.0188679245283018,0.01372212192873168
5465,13,AW19,long coat,0.0,0.012006856066346105
5460,105,AW19,kimono dress,0.0,0.017152653639420368
5526,29,AW19,short cardigan,0.0,0.015437387794787243
5460,75,AW19,kimono dress,0.0,0.013722121934365204
5460,68,AW19,kimono dress,0.0,0.009539150402775006
5465,72,AW19,long coat,0.0,0.010635455056928155
5460,82,AW19,kimono dress,0.0,0.018867919537804027
5001,108,AW19,long sleeve,0.0,0.04116637578940683
4781,105,AW19,culottes,0.0566037735849056,0.015437387793468722
5472,54,AW19,long sleeve,0.0,0.013722121926640792
4592,26,AW19,trapeze dress,0.0188679245283018,0.013722121927525383
5472,15,AW19,long sleeve,0.0,0.015257219746290305
5460,74,AW19,kimono dress,0.0,0.017152653663397327
5472,94,AW19,long sleeve,0.0,0.013722121928409808
5074,101,AW19,long sleeve,0.0,0.022298451249150857
5472,105,AW19,long sleeve,0.0,0.012006856066576551
5472,3,AW19,long sleeve,0.0,0.0011799372719070189
5488,4,AW19,long sleeve,0.0,0.011240171736835558
5472,13,AW19,long sleeve,0.0,0.0037740808076921393
5488,18,AW19,long sleeve,0.0,0.01311113461990137
5488,69,AW19,long sleeve,0.0,0.018867919530349907
5526,107,AW19,short cardigan,0.0,0.01200685606297707
5526,106,AW19,short cardigan,0.0,0.015437387795942083
5526,87,AW19,short cardigan,0.0,0.010291590195461116
5526,72,AW19,short cardigan,0.0,0.015437387796857355
5521,45,AW19,long coat,0.0,0.01886791952694854
5488,96,AW19,long sleeve,0.0377358490566037,0.000879973135177817
5488,52,AW19,long sleeve,0.0,0.015437387793143926
5521,76,AW19,long coat,0.0188679245283018,0.02058318538851028
5488,89,AW19,long sleeve,0.0,0.0006976466961610443
5001,26,AW19,long sleeve,0.0,0.022298451265827596
5488,87,AW19,long sleeve,0.0,0.017152653655239346
5488,61,AW19,long sleeve,0.0,0.0023153736695737353
5488,82,AW19,long sleeve,0.0,0.024013720997915308
5488,83,AW19,long sleeve,0.0,0.013722121932289583
5526,40,AW19,short cardigan,0.0754716981132075,0.02744424886102287
5521,115,AW19,long coat,0.0,0.01715265366260852
5488,40,AW19,long sleeve,0.0,0.010291590201224618
5526,18,AW19,short cardigan,0.0,0.017152653665269323
5074,121,AW19,long sleeve,0.0,0.013352745400023874
5466,15,AW19,kimono dress,0.0,0.012006859612096523
5472,52,AW19,long sleeve,0.0,0.002940126517706153
5518,121,AW19,long sleeve,0.0,0.012006856062341373
5518,53,AW19,long sleeve,0.0188679245283018,0.006861061019225746
5518,46,AW19,long sleeve,0.0,1.0735962650700344e-05
5413,3,AW19,long sleeve,0.0,0.020583190382364062
5486,96,AW19,long sleeve,0.0188679245283018,0.013722121929255435
5479,49,AW19,long sleeve,0.0,0.01200685606294475
5486,30,AW19,long sleeve,0.0,0.010291590197246786
5479,27,AW19,long sleeve,0.0,0.004890228988189051
5479,109,AW19,long sleeve,0.0,0.012006856064491474
5479,32,AW19,long sleeve,0.0,0.00021234690254490652
5413,46,AW19,long sleeve,0.0,0.015437387794380841
5486,7,AW19,long sleeve,0.0,0.01635730290345259
5486,65,AW19,long sleeve,0.0188679245283018,0.010291590197029766
5526,3,AW19,short cardigan,0.0754716981132075,0.01200685606311239
5427,106,AW19,medium cardigan,0.0,0.012006856065946746
5427,82,AW19,medium cardigan,0.0,0.01372212192704841
5526,39,AW19,short cardigan,0.0,0.018867919523866156
5518,82,AW19,long sleeve,0.0,0.020583185385427815
5518,3,AW19,long sleeve,0.0,0.008793294871481463
5388,27,AW19,long sleeve,0.0188679245283018,0.002099499289276759
5518,88,AW19,long sleeve,0.0,0.01372212539911973
5074,59,AW19,long sleeve,0.0,0.013722121931418347
5472,87,AW19,long sleeve,0.0377358490566037,0.013722121929758621
5466,108,AW19,kimono dress,0.0,0.0002956203353647841
5472,68,AW19,long sleeve,0.0,0.01029159019722232
5466,16,AW19,kimono dress,0.0377358490566037,0.010291590197035681
5058,10,AW19,long sleeve,0.0,0.010291590197343459
5058,15,AW19,long sleeve,0.0377358490566037,0.010291590196427721
5472,53,AW19,long sleeve,0.0188679245283018,0.013722121931636553
5430,40,AW19,kimono dress,0.0,0.0036467576589443596
5472,81,AW19,long sleeve,0.0,0.017152653661212176
5466,53,AW19,kimono dress,0.0188679245283018,0.020583185398407474
5466,90,AW19,kimono dress,0.0,0.012006861293829184
5472,57,AW19,long sleeve,0.0,0.012006856059483656
5518,15,AW19,long sleeve,0.0,0.022298451260372498
5388,15,AW19,long sleeve,0.0188679245283018,0.015437387793818954
5388,31,AW19,long sleeve,0.0,0.009507830269812651
5388,65,AW19,long sleeve,0.0,0.013722121930698486
5518,43,AW19,long sleeve,0.0,0.0032653238263668223
5466,47,AW19,kimono dress,0.0,0.01200685606378146
4684,53,AW19,culottes,0.0,0.017152653665671428
4881,105,AW19,trapeze dress,0.0,0.010291590197347609
5455,88,AW19,solid color top,0.0,0.018867919532590944
4771,59,AW19,medium coat,0.0,0.018867919531187605
4771,67,AW19,medium coat,0.0,0.029159514722155482
4771,101,AW19,medium coat,0.0188679245283018,0.01886791952120304
5455,93,AW19,solid color top,0.0,0.04459690751580292
4771,88,AW19,medium coat,0.0,0.022298451261517437
5009,108,AW19,long sleeve,0.0,0.002243853561459153
5514,68,AW19,long sleeve,0.0,0.010291590197710124
5079,103,AW19,kimono dress,0.0,0.0002754874386026678
5514,51,AW19,long sleeve,0.0,0.013722121927221166
5514,89,AW19,long sleeve,0.0,0.018867919535505054
5455,108,AW19,solid color top,0.0,0.044596907524831454
5338,13,AW19,kimono dress,0.0,0.013731250255085642
5341,46,AW19,kimono dress,0.0377358490566037,0.0001332663147850989
4806,81,AW19,culottes,0.0188679245283018,0.008576324331778238
4963,108,AW19,long cardigan,0.0,0.010291593993145767
5455,91,AW19,solid color top,0.0,0.017152653666067212
5436,88,AW19,long sleeve,0.0,0.015437387798815304
5038,82,AW19,long sleeve,0.0,0.01029159019688615
5430,88,AW19,kimono dress,0.0754716981132075,0.015437390932368419
5452,64,AW19,long coat,0.0188679245283018,0.018867924247147814
5436,24,AW19,long sleeve,0.0,0.01886791952899736
5430,3,AW19,kimono dress,0.0754716981132075,0.022298451257480884
5027,105,AW19,long coat,0.0,0.013722121928545791
5338,89,AW19,kimono dress,0.0,0.01200685606385634
5514,82,AW19,long sleeve,0.0,1.386196189078435e-41
4771,44,AW19,medium coat,0.0188679245283018,0.020583185392773314
4762,92,AW19,medium coat,0.0,0.000991018585411993
4778,26,AW19,medium coat,0.0,0.015437391789038506
5383,87,AW19,culottes,0.0,0.008576324330431838
4778,101,AW19,medium coat,0.0188679245283018,0.01029159019600515
4973,49,AW19,culottes,0.0,0.013722121930495188
5455,95,AW19,solid color top,0.0377358490566037,0.015437387797587106
5455,57,AW19,solid color top,0.0188679245283018,0.013722121933741354
5455,64,AW19,solid color top,0.0,0.022298451262060186
4778,10,AW19,medium coat,0.0754716981132075,0.013722125705579123
4973,22,AW19,culottes,0.0,0.000597077172085543
5455,35,AW19,solid color top,0.0,0.010589001818956332
5455,69,AW19,solid color top,0.0,0.020583185395583393
5359,94,AW19,culottes,0.0188679245283018,0.010291594004565557
5455,74,AW19,solid color top,0.0,4.189520910070809e-18
4779,85,AW19,medium coat,0.0188679245283018,0.02229845126588122
4597,53,AW19,solid color top,0.0,0.015437387797955426
5377,88,AW19,long sleeve,0.0188679245283018,0.01715265366186148
4779,108,AW19,medium coat,0.0377358490566037,0.015437387795286485
5015,87,AW19,medium coat,0.0188679245283018,0.012006856060126853
5455,68,AW19,solid color top,0.0,0.037735848681561365
5455,87,AW19,solid color top,0.0,0.017152653659443514
5015,41,AW19,medium coat,0.0,0.012006856063998554
4779,60,AW19,medium coat,0.0,0.001141259047588201
4779,7,AW19,medium coat,0.0377358490566037,0.027444248859396125
5338,20,AW19,kimono dress,0.0,0.015437387794963169
5436,46,AW19,long sleeve,0.0,0.01886791953600804
5455,100,AW19,solid color top,0.0,0.029159514721974245
5500,94,AW19,culottes,0.0188679245283018,0.018867924360604513
4684,95,AW19,culottes,0.0,0.01715265366181259
5514,72,AW19,long sleeve,0.0,0.0154373926073441
5514,69,AW19,long sleeve,0.0,0.018867919528561126
4872,96,AW19,culottes,0.0,0.0102915901965495
4684,64,AW19,culottes,0.0188679245283018,0.015126135222303907
5079,40,AW19,kimono dress,0.0,0.02744424886154465
5514,26,AW19,long sleeve,0.0,0.01372212192989318
5079,20,AW19,kimono dress,0.0,0.025728982991597295
4684,102,AW19,culottes,0.0188679245283018,0.01200685606298456
5514,36,AW19,long sleeve,0.0,0.017152653667670242
5500,12,AW19,culottes,0.0,0.015437387797847707
5500,15,AW19,culottes,0.0,0.01372212192971682
5476,85,AW19,solid color top,0.0,1.3861962097343674e-41
4684,29,AW19,culottes,0.0,0.03430531232217736
4684,4,AW19,culottes,0.0188679245283018,0.010291590197476696
5021,76,AW19,long sleeve,0.0188679245283018,0.013722121926850303
4854,21,AW19,doll dress,0.0,0.013722121931551746
5021,87,AW19,long sleeve,0.0,0.022298451258589327
5434,36,AW19,culottes,0.0,0.017152653661817195
5377,77,AW19,long sleeve,0.0,0.010291590197319888
4684,81,AW19,culottes,0.0188679245283018,0.0108741510187177
4763,44,AW19,medium coat,0.0377358490566037,0.015437387796714542
4684,74,AW19,culottes,0.0,0.02401371713019602
5377,45,AW19,long sleeve,0.0377358490566037,0.01324024091137314
4684,46,AW19,culottes,0.0,0.015437387800832177
5009,24,AW19,long sleeve,0.0,0.013722121930085962
5434,63,AW19,culottes,0.0377358490566037,0.008576324326954501
5452,74,AW19,long coat,0.0,0.012006856064092424
5476,26,AW19,solid color top,0.0,0.01365133004940616
5377,108,AW19,long sleeve,0.0,0.022298451259481062
5527,73,AW19,long coat,0.0,0.027444248872744235
5527,12,AW19,long coat,0.0188679245283018,0.020583188735574215
5079,85,AW19,kimono dress,0.0,0.007004517232776349
5494,48,AW19,long sleeve,0.0,0.0014271407245369995
5430,16,AW19,kimono dress,0.0188679245283018,0.014431737695541003
5027,16,AW19,long coat,0.0,0.01372212781340642
5452,77,AW19,long coat,0.0,0.013722121927803432
5455,30,AW19,solid color top,0.0,0.02229845126306703
4684,18,AW19,culottes,0.0,0.020583185394248422
5558,19,AW19,medium coat,0.0,0.020583189776466424
5558,43,AW19,medium coat,0.0,0.022298451263918675
5551,108,AW19,long sleeve,0.0188679245283018,0.022298451231320317
5558,31,AW19,medium coat,0.0,0.02229849579301098
5551,76,AW19,long sleeve,0.0188679245283018,0.013722121929379957
5558,75,AW19,medium coat,0.0377358490566037,0.0037313219066347158
5551,51,AW19,long sleeve,0.0,0.013722121929954503
5552,29,AW19,long sleeve,0.0,0.007496817150432094
5557,99,AW19,medium coat,0.0188679245283018,0.013722121932096714
5464,108,AW19,sheath dress,0.0,0.002141011214926686
5483,26,AW19,sheath dress,0.0188679245283018,0.010291590198646733
5536,64,AW19,medium coat,0.0188679245283018,0.015437387794616814
5556,69,AW19,long sleeve,0.0,0.013722121929542013
5556,8,AW19,long sleeve,0.0,0.01715265366390356
5464,15,AW19,sheath dress,0.0,0.002686500997330627
5556,102,AW19,long sleeve,0.0,0.012006856066778033
5556,29,AW19,long sleeve,0.0,0.01715265892176554
5551,80,AW19,long sleeve,0.0566037735849056,0.034305312343766214
5536,4,AW19,medium coat,0.0188679245283018,0.018867919520079407
5536,13,AW19,medium coat,0.0188679245283018,0.022298451267263753
5551,12,AW19,long sleeve,0.0188679245283018,0.018867919528539348
5536,101,AW19,medium coat,0.0566037735849056,0.012006856064332508
5551,31,AW19,long sleeve,0.0,0.010291590199352505
5558,39,AW19,medium coat,0.0,0.02058318539240225
5551,94,AW19,long sleeve,0.0,0.02229845125862679
5441,76,AW19,long dress,0.0,0.00030952613421546087
5381,90,AW19,long sleeve,0.0188679245283018,0.015437390399800775
5551,15,AW19,long sleeve,0.0,0.013722121927826425
5551,29,AW19,long sleeve,0.0,0.013722121929980149
5551,74,AW19,long sleeve,0.0,0.01886791952903367
5557,47,AW19,medium coat,0.0,0.01200686016892829
5552,56,AW19,long sleeve,0.0,0.017152653662793678
5552,13,AW19,long sleeve,0.0,0.024013717128513516
5557,1,AW19,medium coat,0.0188679245283018,0.018867919527114863
5557,87,AW19,medium coat,0.0188679245283018,0.013642579861953979
5557,51,AW19,medium coat,0.0188679245283018,0.02058319039616038
5557,15,AW19,medium coat,0.0,0.01886791953399815
5552,69,AW19,long sleeve,0.0,0.013722121919207029
5557,20,AW19,medium coat,0.0,0.013722121925013181
5557,89,AW19,medium coat,0.0377358490566037,0.024013717126174842
5552,22,AW19,long sleeve,0.0188679245283018,0.010291590196262471
5557,76,AW19,medium coat,0.0188679245283018,0.017152653663311167
5552,76,AW19,long sleeve,0.0377358490566037,0.008576324331570708
5557,93,AW19,medium coat,0.0,0.013117733389783861
5552,89,AW19,long sleeve,0.0,0.017152653658353903
5552,101,AW19,long sleeve,0.0,0.013722121930403775
5557,56,AW19,medium coat,0.0188679245283018,0.012006856062185345
5557,28,AW19,medium coat,0.0188679245283018,0.02058318539374249
5557,86,AW19,medium coat,0.0,0.015437387793143159
5551,1,AW19,long sleeve,0.0,0.017152653655048332
5556,51,AW19,long sleeve,0.0,0.0137221219271152
5552,80,AW19,long sleeve,0.0,0.01715265366634527
5551,69,AW19,long sleeve,0.0,0.01267636986055901
5551,36,AW19,long sleeve,0.0,0.013722121927387006
5551,26,AW19,long sleeve,0.0,0.03773584732361114
5551,18,AW19,long sleeve,0.0,0.022298451264541302
5558,12,AW19,medium coat,0.0377358490566037,0.029159514728941648
5551,8,AW19,long sleeve,0.0188679245283018,0.02401371711921641
5557,39,AW19,medium coat,0.0,0.025728982995565197
5536,22,AW19,medium coat,0.0377358490566037,0.018868425431874288
5511,26,AW19,long sleeve,0.0,4.189520847642081e-18
5552,43,AW19,long sleeve,0.0377358490566037,0.013722121929548104
5464,57,AW19,sheath dress,0.0,0.010291590196308629
5557,12,AW19,medium coat,0.0,0.020583190276212113
5557,103,AW19,medium coat,0.0,0.005276845385790119
5464,8,AW19,sheath dress,0.0,0.01715265365627591
5557,46,AW19,medium coat,0.0,0.016093633169925906
5557,81,AW19,medium coat,0.0,0.017152653665198293
5464,4,AW19,sheath dress,0.0566037735849056,0.015437387817703456
5557,85,AW19,medium coat,0.0566037735849056,0.008576324330857726
5557,8,AW19,medium coat,0.0,0.00596646665657828
5529,19,AW19,culottes,0.0188679245283018,0.020583185395400026
5553,43,AW19,long sleeve,0.0,0.01200685606407275
5556,56,AW19,long sleeve,0.0,0.01372212193461431
5549,103,AW19,short coat,0.0,0.018909148771261916
5549,4,AW19,short coat,0.0377358490566037,0.015437387784543882
5540,108,AW19,culottes,0.0,0.01329711574052654
5498,108,AW19,doll dress,0.0188679245283018,0.015437393853138824
5540,56,AW19,culottes,0.0188679245283018,0.006197011380296032
5498,109,AW19,doll dress,0.0188679245283018,0.01886791953033521
5540,45,AW19,culottes,0.0188679245283018,0.012006859688109509
5521,2,AW19,long coat,0.0,0.025728982990392085
5498,4,AW19,doll dress,0.0,0.013722121932282092
5540,1,AW19,culottes,0.0,0.025728982999167864
5498,8,AW19,doll dress,0.0,0.01886791952518345
5501,35,AW19,long dress,0.0,0.020583185387128212
5554,47,AW19,long sleeve,0.0,5.403264086728126e-19
5549,26,AW19,short coat,0.0,0.01200685606281232
5549,121,AW19,short coat,0.0,0.01715265366430322
5540,67,AW19,culottes,0.0188679245283018,0.010291590197244366
5554,13,AW19,long sleeve,0.0,0.03087478058897171
5549,51,AW19,short coat,0.0,0.012006856063485262
5549,3,AW19,short coat,0.0,0.0014359133505189468
5554,80,AW19,long sleeve,0.0,0.020583185398761965
5554,86,AW19,long sleeve,0.0188679245283018,0.01886792350576324
5549,105,AW19,short coat,0.0,0.010291590197246786
5554,14,AW19,long sleeve,0.0,0.020583185385044403
5549,59,AW19,short coat,0.0,0.013722125161136493
5549,54,AW19,short coat,0.0188679245283018,0.010291590192978296
4656,108,AW19,culottes,0.1132075471698113,0.0171526536650962
5567,54,AW19,long sleeve,0.0188679245283018,0.012006856063167195
5527,5,AW19,long coat,0.0,0.013722121931935153
5520,69,AW19,doll dress,0.0,0.015437387797105058
4931,74,AW19,culottes,0.0,0.013722121933343533
5527,22,AW19,long coat,0.0188679245283018,0.02058318539539055
4931,6,AW19,culottes,0.0188679245283018,0.017152653662916267
5529,87,AW19,culottes,0.0,0.02401371712839173
5474,109,AW19,long dress,0.0,0.012006856064599227
5474,72,AW19,long dress,0.0566037735849056,4.13118654117129e-49
5527,80,AW19,long coat,0.0188679245283018,0.012006856069371139
4938,88,AW19,culottes,0.0,0.01715265367003471
5527,1,AW19,long coat,0.0566037735849056,0.013722121932113193
5474,95,AW19,long dress,0.0188679245283018,0.013722121926766908
5540,2,AW19,culottes,0.0,0.0067801868795929416
5527,43,AW19,long coat,0.0,0.02401371714368588
4933,87,AW19,culottes,0.0,0.020583190353480916
5520,43,AW19,doll dress,0.0188679245283018,0.008576324330474665
5527,20,AW19,long coat,0.0,0.018867919526925542
5540,31,AW19,culottes,0.0,0.02058318538738639
4977,23,AW19,doll dress,0.0,0.012006856063090076
5498,39,AW19,doll dress,0.0,0.03754725555518629
5554,8,AW19,long sleeve,0.0,0.024013717129592074
5554,104,AW19,long sleeve,0.0188679245283018,0.012006856063749634
4970,75,AW19,long coat,0.0,0.01200685606602083
5540,80,AW19,culottes,0.0,0.018867919539368474
5556,22,AW19,long sleeve,0.0188679245283018,0.01200685606478307
5554,12,AW19,long sleeve,0.0,0.022298451262234214
5444,13,AW19,long sleeve,0.0,0.010291593593140755
5558,56,AW19,medium coat,0.0188679245283018,0.02572898298872281
5558,28,AW19,medium coat,0.0,0.020583185393074677
5567,121,AW19,long sleeve,0.0,0.018867919530089507
5558,108,AW19,medium coat,0.0,4.189520910070807e-18
5558,9,AW19,medium coat,0.0188679245283018,0.012006856058398019
5553,15,AW19,long sleeve,0.0,0.0171526536708511
5553,12,AW19,long sleeve,0.0,0.01543738779149919
5553,96,AW19,long sleeve,0.0188679245283018,0.010291590199545122
5521,105,AW19,long coat,0.0,0.015437387795059458
5567,74,AW19,long sleeve,0.0,0.013722121931187064
5556,15,AW19,long sleeve,0.0377358490566037,0.013722121928322183
5545,76,AW19,medium coat,0.0,0.015437387794818565
5001,29,AW19,long sleeve,0.0,0.0061786021142841525
5556,91,AW19,long sleeve,0.0188679245283018,0.008576324330916735
5545,40,AW19,medium coat,0.0188679245283018,0.010291590197065494
5545,35,AW19,medium coat,0.0188679245283018,0.018867919528253594
5545,81,AW19,medium coat,0.0,0.015437387792474945
5556,31,AW19,long sleeve,0.0,0.012006856063870457
5381,108,AW19,long sleeve,0.0,4.5782897847798923e-07
5556,86,AW19,long sleeve,0.0188679245283018,0.012006856063097543
5545,64,AW19,medium coat,0.0,0.015437387795924943
5536,12,AW19,medium coat,0.0188679245283018,0.03945111742448737
5536,7,AW19,medium coat,0.0,0.01886791952800454
5558,93,AW19,medium coat,0.0,0.011132493388406803
5553,104,AW19,long sleeve,0.0,0.010291590197553577
5558,89,AW19,medium coat,0.0377358490566037,0.015437387794794432
5558,20,AW19,medium coat,0.0,0.0325900464581868
4845,46,AW19,sleeveless,0.0566037735849056,0.020583185392105317
5553,115,AW19,long sleeve,0.0,0.011567834026182196
5495,8,AW19,solid color top,0.0,0.015437387793762717
5495,107,AW19,solid color top,0.0566037735849056,0.018867919441371162
5495,87,AW19,solid color top,0.0188679245283018,0.05571277984611796
5553,8,AW19,long sleeve,0.0188679245283018,0.022298451260413087
5545,30,AW19,medium coat,0.0,0.01886791953359051
4874,108,AW19,doll dress,0.0,0.015437391172014907
5553,101,AW19,long sleeve,0.0,0.012006856065196275
5553,47,AW19,long sleeve,0.0,0.06346483209223903
5553,89,AW19,long sleeve,0.0377358490566037,5.623079737686765e-10
5553,56,AW19,long sleeve,0.0,0.013722121928232234
5553,73,AW19,long sleeve,0.0377358490566037,0.013722121930493264
5558,115,AW19,medium coat,0.0,0.018867919529658096
5558,57,AW19,medium coat,0.0188679245283018,0.015437387792290681
5558,44,AW19,medium coat,0.0566037735849056,0.008762067556739094
5558,103,AW19,medium coat,0.0,0.017152653661352348
5558,46,AW19,medium coat,0.0,0.004599673221495282
5558,81,AW19,medium coat,0.0,0.012006856065933524
5558,53,AW19,medium coat,0.0566037735849056,0.01715265366125696
5567,19,AW19,long sleeve,0.0,0.015437387797748966
5567,80,AW19,long sleeve,0.0,0.030874780592535466
5558,27,AW19,medium coat,0.0188679245283018,0.012006856054322746
5558,1,AW19,medium coat,0.0,0.02401371712385531
5543,108,AW19,long sleeve,0.0,0.04122989692418964
5555,28,AW19,long sleeve,0.0,5.894287403493486e-14
5429,95,AW19,patterned top,0.0,0.013722121926620307
5522,76,AW19,solid color top,0.0188679245283018,0.010801481058651807
5061,108,AW19,long coat,0.0,0.012006856063417011
5061,3,AW19,long coat,0.0377358490566037,0.020583185398933324
5397,24,AW19,patterned top,0.0,0.02744424883888953
5061,10,AW19,long coat,0.0188679245283018,0.010291590200144994
5561,41,AW19,long coat,0.0188679245283018,0.017152653658265838
5561,104,AW19,long coat,0.0188679245283018,0.010291590197357621
5561,18,AW19,long coat,0.0,0.02401371711539927
5451,26,AW19,medium coat,0.0188679245283018,0.015136831683867865
5561,69,AW19,long coat,0.0,0.012006856060299305
5561,20,AW19,long coat,0.0,0.020583185396229633
5561,47,AW19,long coat,0.0,0.0024543145609008774
5561,24,AW19,long coat,0.0,0.01979217381425438
5492,101,AW19,solid color top,0.0,0.01200685993633441
5451,22,AW19,medium coat,0.0188679245283018,0.01029159019923825
5561,28,AW19,long coat,0.0,0.018867919529341894
5561,108,AW19,long coat,0.0,0.010291590197247735
5397,92,AW19,patterned top,0.0188679245283018,0.013722121932611324
5522,65,AW19,solid color top,0.0,0.02229845124731681
5397,73,AW19,patterned top,0.0,0.027444252180700828
5492,26,AW19,solid color top,0.0,0.0137221219299012
4771,108,AW19,medium coat,0.0,0.02915951473555718
5522,3,AW19,solid color top,0.0,0.0009611269607819143
5372,30,AW19,gitana skirt,0.0,0.00013469162702252154
5397,117,AW19,patterned top,0.0,0.0188679195375478
5522,56,AW19,solid color top,0.0,0.018867924528301796
5561,19,AW19,long coat,0.0,0.022298451254229197
5561,75,AW19,long coat,0.0,0.020583185390980915
5561,48,AW19,long coat,0.0,0.02915951474182963
5561,92,AW19,long coat,0.0,0.012006856061095103
5561,3,AW19,long coat,0.0188679245283018,0.022298451266738014
5522,108,AW19,solid color top,0.0,0.007626658286624596
5397,79,AW19,patterned top,0.0,0.022298458177968165
5397,106,AW19,patterned top,0.0566037735849056,0.037735844079178425
5397,109,AW19,patterned top,0.0,0.008144485211953597
5397,102,AW19,patterned top,0.0188679245283018,0.008576324335695615
5542,35,AW19,kimono dress,0.0,0.0013988978873342407
5397,59,AW19,patterned top,0.0377358490566037,0.003734669571582434
5072,108,AW19,medium coat,0.0,0.01543738779627342
5517,79,AW19,long sleeve,0.0,0.018867735293998444
4983,10,AW19,short sleeves,0.0,0.007175623084770058
4981,88,AW19,doll dress,0.0188679245283018,0.008576324331646736
4684,15,AW19,culottes,0.0,0.01886791952745793
5497,8,AW19,long coat,0.0,0.015437391081977087
5497,77,AW19,long coat,0.0,0.010291590200124011
5497,15,AW19,long coat,0.0,0.01715265366360374
5490,84,AW19,culottes,0.0,0.0031192715460429334
5519,107,AW19,long coat,0.0,0.012006856063849505
5428,110,AW19,sheath dress,0.0,0.013722121929990614
4684,93,AW19,culottes,0.0188679245283018,0.010291590195539654
5519,16,AW19,long coat,0.0,0.00686105846687511
5519,99,AW19,long coat,0.0,0.008576324331999534
5397,107,AW19,patterned top,0.0,0.0017645049472448443
5530,30,AW19,medium coat,0.0,0.020583185398161386
5530,12,AW19,medium coat,0.0188679245283018,0.032540512883983186
5530,94,AW19,medium coat,0.0,0.015437387793586829
5447,18,AW19,solid color top,0.0,0.013722121929950499
5351,24,AW19,kimono dress,0.0188679245283018,0.017152653674053477
5066,66,AW19,long coat,0.0,0.013722121934009542
5447,80,AW19,solid color top,0.0,0.024013721782458402
5504,2,AW19,medium coat,0.0188679245283018,0.013722121936163626
5504,31,AW19,medium coat,0.0188679245283018,0.01715265366641541
5504,22,AW19,medium coat,0.0,0.018867919521455914
4684,87,AW19,culottes,0.0188679245283018,6.150193378493714e-10
5351,108,AW19,kimono dress,0.0,0.01886791952626919
5428,48,AW19,sheath dress,0.0,0.013722126083275997
5530,87,AW19,medium coat,0.0188679245283018,0.015437387775693633
5541,115,AW19,kimono dress,0.0,0.015437392616809091
5397,14,AW19,patterned top,0.0,0.03773584406288232
4779,121,AW19,medium coat,0.0188679245283018,0.020583185392908238
5070,107,AW19,long coat,0.0,0.013722121928992477
5539,107,AW19,maxi,0.0,0.04974271070428116
5459,104,AW19,culottes,0.0,0.01372212193073003
5559,99,AW19,long sleeve,0.0,0.013722121927838938
5559,108,AW19,long sleeve,0.0,0.010488785618468586
5559,80,AW19,long sleeve,0.0,0.007519642462273301
5559,88,AW19,long sleeve,0.0,0.002896782694683346
5559,43,AW19,long sleeve,0.0,0.0012189163630778553
5539,32,AW19,maxi,0.0377358490566037,0.08404802239578367
5559,86,AW19,long sleeve,0.0,6.242872454543941e-26
5559,84,AW19,long sleeve,0.0,0.006208670891714037
5539,26,AW19,maxi,0.0,0.02915951474037464
5040,3,AW19,solid color top,0.0,0.022298451251097536
5500,69,AW19,culottes,0.0,0.010291590198052834
5436,80,AW19,long sleeve,0.0,0.020583185382067336
5436,22,AW19,long sleeve,0.0,0.012006856063213889
5436,87,AW19,long sleeve,0.0188679245283018,0.037735837257868214
5500,80,AW19,culottes,0.0188679245283018,0.013722121926362676
5500,79,AW19,culottes,0.0,0.013722121930019622
5073,87,AW19,medium coat,0.0,0.012006863498197193
5452,87,AW19,long coat,0.0,0.01200685606286442
5348,108,AW19,culottes,0.0,0.0030638526988146066
5500,108,AW19,culottes,0.0,0.029159514731305618
5459,59,AW19,culottes,0.0,0.013721696280996273
5397,62,AW19,patterned top,0.0,0.03430531231408886
5468,61,AW19,culottes,0.0188679245283018,0.01372212192973433
5397,10,AW19,patterned top,0.0,1.6089111642626094e-05
5046,88,AW19,medium coat,0.0,0.0205831853931397
5429,15,AW19,patterned top,0.0,0.010291590198406031
5539,23,AW19,maxi,0.0,0.017152653647577624
5500,87,AW19,culottes,0.0188679245283018,0.015437392769013302
5468,40,AW19,culottes,0.0,0.010291590197347357
5397,105,AW19,patterned top,0.0,0.0067309245216329696
5459,95,AW19,culottes,0.0188679245283018,0.012006856063209273
5539,27,AW19,maxi,0.0377358490566037,0.015437387802904615
4779,59,AW19,medium coat,0.0188679245283018,0.020583185392651467
5560,76,AW19,medium coat,0.0,0.0137221219295708
5560,66,AW19,medium coat,0.0,0.01715265717750044
5493,91,AW19,sleeveless,0.0,0.012006856062744709
4778,108,AW19,medium coat,0.0,0.004997557006633524
5493,87,AW19,sleeveless,0.0188679245283018,0.010291590200279484
5539,49,AW19,maxi,0.0377358490566037,0.01735510203922336
5408,104,AW19,long sleeve,0.0,2.811539973581396e-10
5029,10,AW19,culottes,0.0,0.012006856062557822
5493,104,AW19,sleeveless,0.0,0.010291593593140755
5539,79,AW19,maxi,0.0,0.002933240771220698
5539,92,AW19,maxi,0.0,0.030874780592608418
5047,89,AW19,long sleeve,0.0,0.010291590197343459
5359,99,AW19,culottes,0.0,0.013722121930754602
5047,79,AW19,long sleeve,0.0188679245283018,0.010291590196528906
5539,6,AW19,maxi,0.0,0.010291590196788939
4989,44,AW19,miniskirt,0.0188679245283018,0.008576324330791345
5539,101,AW19,maxi,0.0188679245283018,0.0102915901963673
5559,28,AW19,long sleeve,0.0,0.012006856061439005
5539,68,AW19,maxi,0.0377358490566037,0.017728098792062774
5559,16,AW19,long sleeve,0.0,0.015437391174396527
5559,76,AW19,long sleeve,0.0,0.003908667505365702
5459,27,AW19,culottes,0.0,0.01543738779784375
5539,106,AW19,maxi,0.0,0.036425660639841026
5559,95,AW19,long sleeve,0.0,0.0024952739102487836
5539,52,AW19,maxi,0.0188679245283018,0.037735844045689734
5559,103,AW19,long sleeve,0.0,0.003940076549594206
5539,33,AW19,maxi,0.0,0.029159520720041018
5559,63,AW19,long sleeve,0.0,0.01372212193175598
5539,117,AW19,maxi,0.0377358490566037,0.024013717127712615
5539,28,AW19,maxi,0.0188679245283018,0.012006856068146499
5539,24,AW19,maxi,0.0,0.0007308319809678242
5001,125,AW19,long sleeve,0.0,0.005813514161548428
5541,57,AW19,kimono dress,0.0,0.01715265365356987
5394,95,AW19,maxi,0.0,0.013722121931340654
5570,9,AW19,maxi,0.0,0.030874784333902255
5570,80,AW19,maxi,0.0,0.0019524972516443613
5570,43,AW19,maxi,0.0,2.8115399316861863e-10
5570,14,AW19,maxi,0.0,0.017152653660142906
5570,7,AW19,maxi,0.0,0.004123762757795512
5570,10,AW19,maxi,0.0,0.0006091615934621293
5527,30,AW19,long coat,0.0377358490566037,0.015437387795212143
5570,12,AW19,maxi,0.0,6.0499702717443843e-05
5569,41,AW19,maxi,0.0,0.0480274392773792
5569,100,AW19,maxi,0.0188679245283018,0.020583185384520978
5569,95,AW19,maxi,0.0188679245283018,0.02181982099445491
5569,36,AW19,maxi,0.0,8.37904175771291e-18
5569,69,AW19,maxi,0.0566037735849056,0.0067733734783598665
5419,5,AW19,sleeveless,0.0188679245283018,5.2023854585843874e-06
5419,16,AW19,sleeveless,0.0,0.013722121930494562
5569,22,AW19,maxi,0.0,0.02744424885422525
5569,56,AW19,maxi,0.0754716981132075,0.01508789411529467
5562,103,AW19,maxi,0.0,0.04459690752408977
5562,8,AW19,maxi,0.0,0.02915951472968997
5562,100,AW19,maxi,0.0,0.022298451285729458
5562,21,AW19,maxi,0.0754716981132075,0.03945110992174374
5562,57,AW19,maxi,0.0,0.04802743923541134
5482,46,AW19,sleeveless,0.0,0.010291590197320549
5570,5,AW19,maxi,0.0,0.04116637892751589
5562,115,AW19,maxi,0.0,0.024013717126436154
5562,64,AW19,maxi,0.0188679245283018,0.009705762719099367
5562,41,AW19,maxi,0.0,0.06518009789463164
5482,89,AW19,sleeveless,0.0,0.017152653663768953
5569,12,AW19,maxi,0.0188679245283018,0.032590046460075434
5569,14,AW19,maxi,0.0188679245283018,0.02401371711834806
5482,96,AW19,sleeveless,0.0,0.0006573435461418429
5562,29,AW19,maxi,0.0,0.03430531700531573
5562,4,AW19,maxi,0.0188679245283018,0.017152653663486228
5570,56,AW19,maxi,0.0,0.018061459049425518
5406,108,AW19,long coat,0.0,0.020583185399697664
5501,79,AW19,long dress,0.0,0.0058038868093017925
5531,19,AW19,long sleeve,0.0188679245283018,0.02147402952107469
5531,12,AW19,long sleeve,0.0377358490566037,0.029280068559010157
5001,18,AW19,long sleeve,0.0,0.02058318539928061
5501,10,AW19,long dress,0.0,0.01372212193361137
5534,101,AW19,long sleeve,0.0,0.022298455721406357
5534,93,AW19,long sleeve,0.0188679245283018,0.008576324332005334
5337,88,AW19,kimono dress,0.0,0.01715265366199658
5502,103,AW19,long sleeve,0.0,0.010291590198463317
5502,81,AW19,long sleeve,0.0,0.010291590197575895
5462,108,AW19,medium coat,0.0,0.008900432402501816
5337,108,AW19,kimono dress,0.0,0.0030475639451730233
5550,12,AW19,long sleeve,0.0,0.02140400040081783
5465,12,AW19,long coat,0.0,0.02818927264952508
5462,87,AW19,medium coat,0.0,0.022298451254676534
5465,43,AW19,long coat,0.0377358490566037,0.008576324329596123
5465,93,AW19,long coat,0.0188679245283018,0.008576324329359565
5433,23,AW19,long coat,0.0,0.010291590199733153
5450,94,AW19,medium coat,0.0,0.024013717123383425
5048,21,AW19,doll dress,0.0,0.012006856063152471
5462,4,AW19,medium coat,0.0,0.013722127018211306
5571,10,AW19,patterned top,0.0,0.0003316003311396721
5571,56,AW19,patterned top,0.0,0.0006278299244620455
5406,36,AW19,long coat,0.0188679245283018,0.024013717130931107
5471,106,AW19,medium coat,0.0,0.017152653666124566
5001,16,AW19,long sleeve,0.0,0.022298451259790755
5471,15,AW19,medium coat,0.0,0.002271942791772341
5471,2,AW19,medium coat,0.0,0.00764576819995958
5537,4,AW19,long sleeve,0.0,0.015437387791328848
5502,75,AW19,long sleeve,0.0,0.005015588248076073
5546,60,AW19,long sleeve,0.0,0.012006856063581524
5571,125,AW19,patterned top,0.0,1.3861962097343671e-41
5337,74,AW19,kimono dress,0.0,0.009950133110866597
5562,95,AW19,maxi,0.0,0.018867919526994226
5562,81,AW19,maxi,0.0377358490566037,0.05660376856799355
5566,75,AW19,short coat,0.0,0.05061280876380084
5566,14,AW19,short coat,0.0,4.189520910070805e-18
5566,3,AW19,short coat,0.0,0.030874786553909662
5566,5,AW19,short coat,0.0,0.015437391264711237
5566,53,AW19,short coat,0.0,0.015437387800603834
5566,46,AW19,short coat,0.0,0.02401372305964713
5564,49,AW19,short coat,0.0188679245283018,0.020583185390999518
5564,7,AW19,short coat,0.0,0.07214067579700194
5564,15,AW19,short coat,0.0,0.020583185391842045
5564,31,AW19,short coat,0.0377358490566037,0.029159514717837755
5564,105,AW19,short coat,0.0,0.015437387795891547
5564,14,AW19,short coat,0.0566037735849056,0.020583185398038807
5564,3,AW19,short coat,0.0188679245283018,0.04631217338515715
5564,56,AW19,short coat,0.0566037735849056,0.0038464558747620665
5564,93,AW19,short coat,0.0,0.029159522209925525
5564,76,AW19,short coat,0.0188679245283018,0.012006856062912684
5564,47,AW19,short coat,0.0,0.02712048594606723
5541,13,AW19,kimono dress,0.0,0.013722121927241466
5562,96,AW19,maxi,0.0188679245283018,0.01372212192941455
5562,30,AW19,maxi,0.0,0.05317323687920337
5562,2,AW19,maxi,0.0188679245283018,0.039451109918558144
5562,12,AW19,maxi,0.0,0.10806174503891573
5562,7,AW19,maxi,0.0,3.721042047345372e-33
5562,15,AW19,maxi,0.0566037735849056,0.03324441386920467
5564,64,AW19,short coat,0.0377358490566037,0.020583185394358886
5564,18,AW19,short coat,0.0,0.04116637579477868
5564,53,AW19,short coat,0.0188679245283018,0.01715265366756646
5564,32,AW19,short coat,0.0188679245283018,0.09433962179804745
5564,85,AW19,short coat,0.0188679245283018,0.008576324330929266
5564,61,AW19,short coat,0.0377358490566037,0.018867919529824494
5564,20,AW19,short coat,0.0,0.015437387796897196
5564,0,AW19,short coat,0.0,0.01715265366172963
5562,46,AW19,maxi,0.0,0.025728982979462776
5562,31,AW19,maxi,0.0,0.048027439235825024
5562,94,AW19,maxi,0.0,0.05488850271266636
5562,35,AW19,maxi,0.0,0.053173236868124855
5562,69,AW19,maxi,0.0,0.017152653665496734
5562,40,AW19,maxi,0.0377358490566037,0.029159514713229653
5334,60,AW19,long sleeve,0.0377358490566037,0.018867925618922615
5562,85,AW19,maxi,0.0377358490566037,0.03602057820064207
5334,108,AW19,long sleeve,0.0,0.03087478497640301
5562,87,AW19,maxi,0.0,0.017152653661033457
5562,51,AW19,maxi,0.0,0.022298451269212708
5562,89,AW19,maxi,0.0188679245283018,0.025728982981826208
5562,76,AW19,maxi,0.0,0.034305340387722184
5562,22,AW19,maxi,0.0377358490566037,0.03602057819301708
5562,93,AW19,maxi,0.0,0.04288164166583878
5334,44,AW19,long sleeve,0.0,0.017152653664627423
5562,16,AW19,maxi,0.0188679245283018,0.060034300367229315
5562,56,AW19,maxi,0.0566037735849056,0.05660377328988631
5562,99,AW19,maxi,0.0377358490566037,0.03773584871062044
5562,5,AW19,maxi,0.0,0.025728983002162323
5548,29,AW19,kimono dress,0.0,0.017152653663248193
5548,59,AW19,kimono dress,0.0,0.017152653663732816
5562,105,AW19,maxi,0.0188679245283018,0.04459690753789783
5379,10,AW19,long coat,0.0188679245283018,0.013722121930560726
5562,19,AW19,maxi,0.0,1.2485745188166068e-25
5548,101,AW19,kimono dress,0.0,0.012006856068900786
5562,65,AW19,maxi,0.0,6.242872640596042e-26
5562,48,AW19,maxi,0.0,0.013722121930721328
5562,86,AW19,maxi,0.0754716981132075,0.060034303781086804
5562,43,AW19,maxi,0.0,0.06518009799287444
5562,39,AW19,maxi,0.0566037735849056,0.03430531232033707
5562,80,AW19,maxi,0.0,0.06689536373767746
5562,73,AW19,maxi,0.0,0.06861062972667074
5562,108,AW19,maxi,0.0,0.041166375791958
5562,14,AW19,maxi,0.0,0.02744424884989704
5036,108,AW19,medium coat,0.0,0.009831017862465784
5554,85,AW19,long sleeve,0.0188679245283018,0.012006856063656644
5463,46,AW19,sheath dress,0.0,0.009094030895529542
5563,10,AW19,solid color top,0.0377358490566037,0.025728982992197835
5563,7,AW19,solid color top,0.0,0.02915951473249608
5368,108,AW19,long sleeve,0.0,0.005457034825784395
5535,47,AW19,kimono dress,0.0,0.03945110991813264
5538,56,AW19,kimono dress,0.0,0.00031021028347679694
5065,105,AW19,long coat,0.0188679245283018,0.013722121933545032
5399,1,AW19,long sleeve,0.0,0.0154373877970038
5532,56,AW19,kimono dress,0.0,0.015787961023159228
5544,103,AW19,kimono dress,0.0,1.8264377345208015e-05
5430,108,AW19,kimono dress,0.0,4.6247576118780035e-05
5538,5,AW19,kimono dress,0.0,0.07718695901731618
4966,75,AW19,long duster,0.0188679245283018,0.01200685606345098
5538,73,AW19,kimono dress,0.0,0.046312176919807525
5532,74,AW19,kimono dress,0.0,0.0008922058108482682
5485,93,AW19,short sleeves,0.0,0.03259004646426214
5544,100,AW19,kimono dress,0.0,0.051457970977243514
5532,109,AW19,kimono dress,0.0188679245283018,0.017152658481803456
5532,28,AW19,kimono dress,0.0,0.007356937695755491
5071,87,AW19,long coat,0.0188679245283018,0.017152658837982542
5532,5,AW19,kimono dress,0.0377358490566037,0.03773584418762128
5476,57,AW19,solid color top,0.0,0.005219382769154984
5371,108,AW19,long sleeve,0.0188679245283018,0.012006856061742812
4928,117,AW19,medium coat,0.0188679245283018,0.01543738779690096
4928,22,AW19,medium coat,0.0188679245283018,0.010291590192978296
5362,10,AW19,long sleeve,0.0,0.041803040449764045
5544,90,AW19,kimono dress,0.0,0.029159519753711317
5343,93,AW19,long sleeve,0.0377358490566037,0.008576324329738639
5006,87,AW19,short sleeves,0.0188679245283018,0.008576324331143283
5354,56,AW19,long sleeve,0.0377358490566037,0.003966303325895822
5466,94,AW19,kimono dress,0.0,0.013722121930911888
5563,54,AW19,solid color top,0.0,0.025728982993100842
5532,79,AW19,kimono dress,0.0,0.004899347718290801
5466,7,AW19,kimono dress,0.0,0.0018750230314154058
5563,62,AW19,solid color top,0.0,0.02572898299549804
5378,26,AW19,long sleeve,0.0,0.01200685987583675
5563,2,AW19,solid color top,0.0,0.024013717132348473
5563,12,AW19,solid color top,0.0188679245283018,0.04974270508071684
5532,69,AW19,kimono dress,0.0,0.022298451240586777
5079,108,AW19,kimono dress,0.0,0.020785294248176624
5484,72,AW19,long sleeve,0.0,0.018773622222923923
5484,40,AW19,long sleeve,0.0,0.024013717116319694
5547,75,AW19,kimono dress,0.0,0.011019612616460898
5508,15,AW19,long sleeve,0.0188679245283018,0.01372212193341265
5547,79,AW19,kimono dress,0.0188679245283018,0.02401371712537619
5526,21,AW19,short cardigan,0.0,0.017152653946965864
5547,39,AW19,kimono dress,0.0,2.77239239881281e-41
5526,36,AW19,short cardigan,0.0,0.012006856063768827
5533,56,AW19,kimono dress,0.0,0.06174956618967809
5526,81,AW19,short cardigan,0.0188679245283018,0.013722121929423391
5373,36,AW19,long cardigan,0.0,0.018867919524562533
5341,53,AW19,kimono dress,0.0,0.0048708370135871985
5508,50,AW19,long sleeve,0.0,0.007048876268632695
5547,3,AW19,kimono dress,0.0,0.05317323686875667
5373,3,AW19,long cardigan,0.0,0.010291590197438888
5508,89,AW19,long sleeve,0.0188679245283018,0.01886791952688565
5568,51,AW19,solid color top,0.0,0.017152653662164705
5568,33,AW19,solid color top,0.0,0.004249755235298764
5568,13,AW19,solid color top,0.0,0.017152658427128587
5535,92,AW19,kimono dress,0.0,0.0007308319809678242
5369,102,AW19,medium cardigan,0.0188679245283018,0.008576324330802007
5547,105,AW19,kimono dress,0.0,0.0257289829915715
5533,60,AW19,kimono dress,0.0,0.01200685606397881
5532,103,AW19,kimono dress,0.0,0.027444248903337465
5460,104,AW19,kimono dress,0.0,0.01715265366148768
5532,21,AW19,kimono dress,0.0377358490566037,0.03945110992716774
5535,103,AW19,kimono dress,0.0,0.013014034608868982
5535,56,AW19,kimono dress,0.0,0.005463092412945493
5079,22,AW19,kimono dress,0.0377358490566037,0.014826404405826417
5535,8,AW19,kimono dress,0.0,0.0008504297819375902
5544,23,AW19,kimono dress,0.0,0.032590046465695056
5358,69,AW19,long sleeve,0.0,0.015437387798233915
5538,92,AW19,kimono dress,0.0,1.1763787163978397e-13
5470,30,AW19,medium coat,0.0566037735849056,0.01200685606407788
5533,54,AW19,kimono dress,0.0,0.015437387794617218
5023,106,AW19,medium cardigan,0.0,0.017152653660867462
5509,56,AW19,medium coat,0.0,0.00699943848581927
5535,73,AW19,kimono dress,0.0,0.0043157910491729975
5350,93,AW19,solid color top,0.0,0.015437387786727652
4930,93,AW19,solid color top,0.0,0.010291590197247735
5547,66,AW19,kimono dress,0.0,0.011078550421481996
4906,20,AW19,long cardigan,0.0188679245283018,0.015437387800442862
5369,41,AW19,medium cardigan,0.0,0.0019016059859408609
5356,4,AW19,long sleeve,0.0,0.012006859688109509
5544,39,AW19,kimono dress,0.0,0.004850607135984957
5565,61,AW19,solid color top,0.0,0.005221796027422311
4949,121,AW19,long cardigan,0.0,0.013722121931447765
5544,92,AW19,kimono dress,0.0,0.04631217338020344
5513,3,AW19,sleeveless,0.0,0.01886791953320381
5565,87,AW19,solid color top,0.0188679245283018,0.010291590198223542
4697,108,AW19,short cardigan,0.0,0.00014980875763482356
5507,29,AW19,long sleeve,0.0,0.022298451259448016
5544,109,AW19,kimono dress,0.0377358490566037,0.022298451256201234
5565,89,AW19,solid color top,0.0188679245283018,0.00857632432959414
5020,57,AW19,trapeze dress,0.0,0.013722121929598879
5565,33,AW19,solid color top,0.0188679245283018,0.012006856064667448
5565,13,AW19,solid color top,0.0,0.015437387796452595
5565,28,AW19,solid color top,0.0188679245283018,0.013722121926265655
5544,107,AW19,kimono dress,0.0,0.000625828641423996
5427,108,AW19,medium cardigan,0.0,0.008576324328705967
5528,2,AW19,long sleeve,0.0,0.012006856063870457
5544,27,AW19,kimono dress,0.0,0.018867919529832054
5544,54,AW19,kimono dress,0.0,0.022298451268411103
5565,69,AW19,solid color top,0.0188679245283018,0.013722121928095911
4313,105,AW19,short sleeves,0.0,0.013722121932209131
5461,12,AW19,long coat,0.0377358490566037,0.015437387796692724
5477,108,AW19,long sleeve,0.0,0.021450077212991168
5544,87,AW19,kimono dress,0.0,0.008402468591560398
5526,31,AW19,short cardigan,0.0,0.01543738779703231
5544,56,AW19,kimono dress,0.0,0.0160903476566638
5544,28,AW19,kimono dress,0.0,0.01117294100331731
5526,10,AW19,short cardigan,0.0,0.012006856060913286
5565,57,AW19,solid color top,0.0,0.01886792517901458
5512,0,AW19,long sleeve,0.0188679245283018,0.0024439211557183878
5544,5,AW19,kimono dress,0.0188679245283018,0.002866363124048426
5020,108,AW19,trapeze dress,0.0,0.001097398377374553
4914,108,AW19,solid color top,0.0,0.002141011214926686
5486,26,AW19,long sleeve,0.0,0.013722126443598194
5544,1,AW19,kimono dress,0.0188679245283018,0.10806174395138568
5544,73,AW19,kimono dress,0.0,0.04189907704833689
5473,1,AW19,culottes,0.0,0.032590046451258854
5437,87,AW19,long sleeve,0.0566037735849056,0.015437387803502489
5565,103,AW19,solid color top,0.0,0.01715265366222348
5568,108,AW19,solid color top,0.0,0.01372212193080275
5538,23,AW19,kimono dress,0.0,0.02572898299859624
5565,19,AW19,solid color top,0.0,0.029159518023290094
5568,68,AW19,solid color top,0.0,0.012006859470915269
5538,74,AW19,kimono dress,0.0,0.056603768666203445
5544,74,AW19,kimono dress,0.0,1.8605210167417032e-33
5503,36,AW19,long sleeve,0.0,0.012006856063969356
5489,15,AW19,long sleeve,0.0,0.013722126967307248
5395,39,AW19,doll dress,0.0,0.0005485572695242186
5395,32,AW19,doll dress,0.0,0.015437387797277862
5538,107,AW19,kimono dress,0.0,0.06174957036920648
5538,82,AW19,kimono dress,0.0,0.0034170727855752587
5458,77,AW19,sleeveless,0.0,0.0030195381426831617
5538,109,AW19,kimono dress,0.0,0.018867919529476647
5538,106,AW19,kimono dress,0.0,0.049742704975410244
5380,1,AW19,long sleeve,0.0188679245283018,0.020583185396676525
5535,42,AW19,kimono dress,0.0,0.015437387797564674
5059,108,AW19,kimono dress,0.0,0.018867919528954988
5538,47,AW19,kimono dress,0.0,0.02401371712720009
5059,87,AW19,kimono dress,0.0,0.010291594165077378
5544,32,AW19,kimono dress,0.0,0.0377358496289651
5538,41,AW19,kimono dress,0.0,0.06518010157152249
5526,52,AW19,short cardigan,0.0,0.017152653664233766
5538,95,AW19,kimono dress,0.0,0.010676064475983914
5565,94,AW19,solid color top,0.0188679245283018,0.013722121926847419
5538,125,AW19,kimono dress,0.0,0.006055781654511111
5565,15,AW19,solid color top,0.0,0.01200686196840775
5538,44,AW19,kimono dress,0.0566037735849056,0.02572898299113401
5538,25,AW19,kimono dress,0.0,0.0171526536559632
5565,12,AW19,solid color top,0.0,0.02744424886054709
5565,30,AW19,solid color top,0.0,0.00115027920572574
5568,41,AW19,solid color top,0.0,0.020583190670364918
5050,21,AW19,solid color top,0.0,0.0005841234092298887
5568,57,AW19,solid color top,0.0,0.0009347982133194782
5538,63,AW19,kimono dress,0.0,0.02401371710441655
5526,5,AW19,short cardigan,0.0188679245283018,0.01715265366360359
5568,95,AW19,solid color top,0.0188679245283018,0.010291594859440248
5568,18,AW19,solid color top,0.0,1.3861962097343671e-41
5568,26,AW19,solid color top,0.0,0.012006856063581524
5538,103,AW19,kimono dress,0.0,0.007176200424683065
5538,0,AW19,kimono dress,0.0,0.02744424886067077
5503,108,AW19,long sleeve,0.0188679245283018,0.01882928031098618
5568,48,AW19,solid color top,0.0,0.00015965089755936432
5475,94,AW19,culottes,0.0188679245283018,0.020583185395619933
5485,106,AW19,short sleeves,0.0,0.012006856044022723
5547,103,AW19,kimono dress,0.0,0.06861062960947306
5563,14,AW19,solid color top,0.0188679245283018,0.02572898298626737
5563,48,AW19,solid color top,0.0,0.03087478060982009
5455,23,AW19,solid color top,0.0188679245283018,0.017152653666299072
5510,35,AW19,short sleeves,0.0,0.01715265366142929
5475,87,AW19,culottes,0.0,0.013722121930967418
5525,7,AW19,long sleeve,0.0,0.012006856065193347
5491,77,AW19,short cardigan,0.0,0.027444248858141805
5563,19,AW19,solid color top,0.0,0.0445969109440226
5439,76,AW19,solid color top,0.0,0.015107545891037284
5563,94,AW19,solid color top,0.0188679245283018,0.01886791951573622
5563,65,AW19,solid color top,0.0188679245283018,0.027444248854584935
5563,31,AW19,solid color top,0.0,0.032590046459129496
5547,90,AW19,kimono dress,0.0,0.01886791952815044
5463,15,AW19,sheath dress,0.0188679245283018,0.01886791953008998
5080,40,AW19,kimono dress,0.0188679245283018,0.02229845126212484
5463,12,AW19,sheath dress,0.0,0.02744424885309973
5440,21,AW19,sleeveless,0.0,0.006726714490323652
5563,79,AW19,solid color top,0.0377358490566037,0.039451109916902975
5510,89,AW19,short sleeves,0.0,0.02058318539014239
5563,89,AW19,solid color top,0.0,0.015437387795071991
4667,30,AW19,doll dress,0.0,0.04080168819711302
5563,52,AW19,solid color top,0.0,0.017152653662758144
5563,22,AW19,solid color top,0.0,0.048027439264263505
5563,93,AW19,solid color top,0.0,0.02744424886086636
5491,31,AW19,short cardigan,0.0,0.002631329496661398
5510,15,AW19,short sleeves,0.0,0.004702107200878209
5563,13,AW19,solid color top,0.0188679245283018,0.027444248867239004
5563,28,AW19,solid color top,0.0,0.03259004648362611
5510,9,AW19,short sleeves,0.0,0.015437387789854038
5563,99,AW19,solid color top,0.0,0.018867919528432076
5547,23,AW19,kimono dress,0.0,0.012006856062788668
5491,16,AW19,short cardigan,0.0,0.0020011594342472057
5568,75,AW19,solid color top,0.0,0.006651184233822875
5563,6,AW19,solid color top,0.0,0.029159519982240947
5563,9,AW19,solid color top,0.0943396226415094,0.02915951472181232
5563,80,AW19,solid color top,0.0188679245283018,0.034305312313671614
5533,11,AW19,kimono dress,0.0,0.01715265366134957
5463,105,AW19,sheath dress,0.0188679245283018,0.010291590197923677
5463,19,AW19,sheath dress,0.0,0.009676028189633527
4948,104,AW19,sheath dress,0.0,0.020583185395279507
5555,77,AW19,long sleeve,0.0,0.00045689059846132005
5555,51,AW19,long sleeve,0.0,0.003939186512109594
5533,21,AW19,kimono dress,0.0,6.242872547569992e-26
5027,29,AW19,long coat,0.0,0.018867919528697274
5547,45,AW19,kimono dress,0.0377358490566037,0.004768814418625238
5478,94,AW19,short cardigan,0.0,0.005020015831118534
5483,105,AW19,sheath dress,0.0,0.005569706327308401
4570,6,AW19,long sleeve,0.0377358490566037,0.006861058458812526
5555,76,AW19,long sleeve,0.0,1.9175840456692066e-12
5526,76,AW19,short cardigan,0.0,0.013722121938610348
5555,22,AW19,long sleeve,0.0,0.025728987207076514
5555,93,AW19,long sleeve,0.0,0.024013721621506636
5335,86,AW19,shirt dress,0.0,0.015437387795690037
5483,80,AW19,sheath dress,0.0,0.017152653659115127
5555,56,AW19,long sleeve,0.0,0.004890933135951943
5463,103,AW19,sheath dress,0.0,0.013722121926971408
5533,64,AW19,kimono dress,0.0,0.003191662681086966
5547,107,AW19,kimono dress,0.0,1.8605210583275882e-33
5563,51,AW19,solid color top,0.0188679245283018,0.0531732368396762
5555,35,AW19,long sleeve,0.0,0.009958324293729818
5386,77,AW19,long sleeve,0.0,0.017152653660190365
5475,89,AW19,culottes,0.0377358490566037,0.00893941601220679
5475,45,AW19,culottes,0.0,0.024013717119320443
5547,74,AW19,kimono dress,0.0,0.05145797482509503
5463,43,AW19,sheath dress,0.0,0.013722121926051925
5555,54,AW19,long sleeve,0.0,0.013722121930917965
5555,10,AW19,long sleeve,0.0,0.018215231640621995
5555,15,AW19,long sleeve,0.0,2.7723923575009454e-41
5555,75,AW19,long sleeve,0.0,0.0012581155772933418
4936,104,AW19,short sleeves,0.0188679245283018,0.015437387792813487
5389,50,AW19,long sleeve,0.0,0.024013720551812712
5555,39,AW19,long sleeve,0.0,0.022298451258733674
5555,99,AW19,long sleeve,0.0,0.03259004645762005
5555,104,AW19,long sleeve,0.0,0.005219824108159111
5463,33,AW19,sheath dress,0.0,0.015437387795446773
5555,115,AW19,long sleeve,0.0,0.002207115592567031
5555,57,AW19,long sleeve,0.0,0.0018750230314154058
5038,7,AW19,long sleeve,0.0,0.012006856062745255
5555,103,AW19,long sleeve,0.0,0.006376260870827561
5455,52,AW19,solid color top,0.0188679245283018,0.0205831900256668
5563,108,AW19,solid color top,0.0,0.0274442488713242
5437,30,AW19,long sleeve,0.0,0.015437391480755928
5563,61,AW19,solid color top,0.0,0.024013717126808422
5563,115,AW19,solid color top,0.0,0.02401371712930496
5563,57,AW19,solid color top,0.0,0.04116637578230668
5422,15,AW19,long sleeve,0.0,0.015437387792760238
5563,21,AW19,solid color top,0.0,0.032590046453223324
5563,100,AW19,solid color top,0.0,0.002015234322346863
5563,82,AW19,solid color top,0.0,0.018867919530240494
5563,103,AW19,solid color top,0.0,0.0030203705720500797
5563,95,AW19,solid color top,0.0,0.03259004645104883
5563,107,AW19,solid color top,0.0188679245283018,0.02401371712502992
5039,3,AW19,solid color top,0.0188679245283018,0.015437387792618329
5563,46,AW19,solid color top,0.0,0.034305312329812744
5563,83,AW19,solid color top,0.0,0.037735844055264194
5563,67,AW19,solid color top,0.0,0.04288164165870849
5563,36,AW19,solid color top,0.0,0.04116637577304945
5515,30,AW19,long sleeve,0.0,0.01715265366315042
5547,52,AW19,kimono dress,0.0,0.018867919528759776
5563,35,AW19,solid color top,0.0,0.04116637578495024
5563,74,AW19,solid color top,0.0,0.01715265366123296
5563,27,AW19,solid color top,0.0,0.02401371712385774
5455,117,AW19,solid color top,0.0,0.012006856063268378
5563,8,AW19,solid color top,0.0,0.037735844054148066
5563,41,AW19,solid color top,0.0,0.03602057814658768
5563,77,AW19,solid color top,0.0,1.860521016741703e-33
5039,64,AW19,solid color top,0.0,0.012006863436568217
5485,81,AW19,short sleeves,0.0,0.04794103642468593
5526,85,AW19,short cardigan,0.0,0.013722125578102555
5568,65,AW19,solid color top,0.0,0.017152653662334656
5563,68,AW19,solid color top,0.0566037735849056,0.00663456195436279
5568,15,AW19,solid color top,0.0188679245283018,0.003870249387189647
5563,40,AW19,solid color top,0.0,0.04116637576955885
5568,12,AW19,solid color top,0.0,0.03087478059118654
5568,30,AW19,solid color top,0.0,0.007944219745064913
5460,100,AW19,kimono dress,0.0,0.013722121930717757
5571,96,AW19,patterned top,0.0,0.030874780564546074
5571,13,AW19,patterned top,0.0,0.0020027452182440064
5570,95,AW19,maxi,0.0,0.012292547356853475
5570,18,AW19,maxi,0.0,2.9033084964002357e-28
5547,82,AW19,kimono dress,0.0,1.0552066384187579e-05
5571,31,AW19,patterned top,0.0,0.0002659256010898257
5543,96,AW19,long sleeve,0.0188679245283018,0.012006856061319626
5570,90,AW19,maxi,0.0,4.21014378867302e-05
5571,76,AW19,patterned top,0.0,0.039451109907989675
5534,79,AW19,long sleeve,0.0,0.01886791952151922
5039,105,AW19,solid color top,0.0,0.015437387791927852
5521,103,AW19,long coat,0.0,0.020583185391046296
5570,115,AW19,maxi,0.0,0.0017334639237324423
5569,108,AW19,maxi,0.0,0.016048217518556788
5570,125,AW19,maxi,0.0,0.0037215518315422045
5535,100,AW19,kimono dress,0.0,0.02572898298453848
5571,51,AW19,patterned top,0.0,0.00016208753718970035
5570,104,AW19,maxi,0.0,0.0062406715711187735
5433,63,AW19,long coat,0.0,0.012006856063562001
5475,21,AW19,culottes,0.0,0.015437387782905576
5547,32,AW19,kimono dress,0.0,0.01543738779727236
5569,3,AW19,maxi,0.0,0.02572898297367104
5535,102,AW19,kimono dress,0.0,0.013722121930009084
5571,14,AW19,patterned top,0.0,9.302605291637912e-34
5570,21,AW19,maxi,0.0,1.7543184106599807e-07
5570,57,AW19,maxi,0.0,0.004153470421329201
5570,100,AW19,maxi,0.0,0.008291345839424907
5570,26,AW19,maxi,0.0,0.005300363050578268
5437,108,AW19,long sleeve,0.0188679245283018,0.03575453286201058
5569,96,AW19,maxi,0.0,0.01886791952817166
5571,43,AW19,patterned top,0.0,4.189520785213355e-18
5547,121,AW19,kimono dress,0.0,0.020017707741998285
5571,80,AW19,patterned top,0.0,0.005269392897035208
5569,31,AW19,maxi,0.0,0.015437387800053654
5569,105,AW19,maxi,0.0,0.025728982994448604
5526,82,AW19,short cardigan,0.0,0.009199329052673934
5571,108,AW19,patterned top,0.0,0.009511938493758157
5570,8,AW19,maxi,0.0,0.006233168857027735
5571,30,AW19,patterned top,0.0,0.002114382063851155
5569,43,AW19,maxi,0.0,0.018867919529734007
5424,102,AW19,long sleeve,0.0,0.01029159019702238
5569,80,AW19,maxi,0.0,0.04459690752277733
5570,25,AW19,maxi,0.0,0.0012411405328467738
5534,121,AW19,long sleeve,0.0188679245283018,0.013722125514251858
5570,89,AW19,maxi,0.0,0.0004487640488388664
5569,13,AW19,maxi,0.0,0.0154373877964171
5570,84,AW19,maxi,0.0,0.004651182062291698
5570,75,AW19,maxi,0.0,0.0001103007385237874
5571,35,AW19,patterned top,0.0,0.0020205719403158197
5535,121,AW19,kimono dress,0.0,0.03602057818689605
5440,5,AW19,sleeveless,0.0,0.006849490811932847
5570,72,AW19,maxi,0.0,0.029159514723111186
5546,61,AW19,long sleeve,0.0,0.012006856063485161
5570,79,AW19,maxi,0.0,1.3861962510462323e-41
5571,36,AW19,patterned top,0.0,0.001568960008342357
5488,63,AW19,long sleeve,0.0,0.01372212681773737
5570,86,AW19,maxi,0.0,0.004515784588771129
5546,14,AW19,long sleeve,0.0,0.01372212192702099
5570,39,AW19,maxi,0.0,0.005220018334372821
5471,13,AW19,medium coat,0.0,0.02744424885692822
5457,21,AW19,long duster,0.0,0.012006856063288046
5462,40,AW19,medium coat,0.0,0.012006856064863436
5570,83,AW19,maxi,0.0,0.007779627127449078
5537,64,AW19,long sleeve,0.0,0.012006856062286825
5570,82,AW19,maxi,0.0,0.0006960460853845557
5074,87,AW19,long sleeve,0.0,0.01715265366564227
5570,16,AW19,maxi,0.0,8.071097753158438e-05
5571,26,AW19,patterned top,0.0,0.006845770444453611
5517,100,AW19,long sleeve,0.0,0.017152653667316727
5570,50,AW19,maxi,0.0,0.022298451255278594
5537,14,AW19,long sleeve,0.0,0.010291590196749452
5570,45,AW19,maxi,0.0,0.022298456192950684
5570,47,AW19,maxi,0.0,0.0012600106655434168
5535,0,AW19,kimono dress,0.0,0.009883770589242807
5570,24,AW19,maxi,0.0,0.02058318921844411
5571,8,AW19,patterned top,0.0,1.8605210306036648e-33
5502,19,AW19,long sleeve,0.0,0.01886791952864673
5547,18,AW19,kimono dress,0.0,0.00536258940812819
5450,8,AW19,medium coat,0.0,0.010291590196787662
5570,2,AW19,maxi,0.0,0.00013545793289079618
5550,51,AW19,long sleeve,0.0,0.013722121927173021
5570,1,AW19,maxi,0.0,0.0031508875693526004
5419,29,AW19,sleeveless,0.0,0.008118352973685846
5569,76,AW19,maxi,0.0,0.018868216632686986
5571,87,AW19,patterned top,0.0,0.006025441191684538
5570,40,AW19,maxi,0.0,0.025728986630819902
5569,87,AW19,maxi,0.0377358490566037,0.030874780586771986
5475,36,AW19,culottes,0.0,0.015437387796519169
5054,86,AW19,doll dress,0.0,1.3861961684225027e-41
5571,20,AW19,patterned top,0.0,0.022298451269555725
5571,83,AW19,patterned top,0.0,0.02229845125486148
5569,20,AW19,maxi,0.0,0.017152653660568284
5570,74,AW19,maxi,0.0,0.006353591611305372
5419,19,AW19,sleeveless,0.0,0.002896782694683346
5465,49,AW19,long coat,0.0,0.015437387796309298
5570,53,AW19,maxi,0.0,0.007456200714192429
5569,83,AW19,maxi,0.0,0.02229845125494645
5569,35,AW19,maxi,0.0,0.024013717127250648
5571,121,AW19,patterned top,0.0,0.030874780597035256
5569,46,AW19,maxi,0.0,0.01886791952769849
5462,16,AW19,medium coat,0.0,0.018867919528477085
5569,18,AW19,maxi,0.0,0.020583185374067715
5475,61,AW19,culottes,0.0,0.0137221259325117
5547,25,AW19,kimono dress,0.0,0.013722121933147225
5571,69,AW19,patterned top,0.0,0.00090383687809774
5547,115,AW19,kimono dress,0.0188679245283018,0.02229845126242498
5570,32,AW19,maxi,0.0,0.02229845522796229
5569,115,AW19,maxi,0.0,0.030874780585258842
5502,1,AW19,long sleeve,0.0,0.010291590197467188
5570,96,AW19,maxi,0.0,0.012054943094740901
5569,82,AW19,maxi,0.0,0.02572898298945879
5571,77,AW19,patterned top,0.0,2.1451003320829206e-05
5564,99,AW19,short coat,0.0,0.031232995521458383
5562,74,AW19,maxi,0.0,0.0343053123360193
5492,74,AW19,solid color top,0.0,0.022298451258616635
5563,102,AW19,solid color top,0.0377358490566037,0.0063771095204769946
5563,0,AW19,solid color top,0.0,0.01715265366723533
4895,108,AW19,long sleeve,0.0,0.01543738779967331
4950,103,AW19,medium coat,0.0188679245283018,0.012006856063953441
4895,74,AW19,long sleeve,0.0,0.0816432983079717
5397,6,AW19,patterned top,0.0,0.025728982985613456
5563,90,AW19,solid color top,0.0,0.004807964302963952
5397,52,AW19,patterned top,0.0,0.02229845128224867
5563,26,AW19,solid color top,0.0377358490566037,0.01886791951910052
5563,53,AW19,solid color top,0.0,0.02229845126069843
4779,61,AW19,medium coat,0.0188679245283018,0.008576324330571117
5563,32,AW19,solid color top,0.0377358490566037,0.01715265366451333
5560,102,AW19,medium coat,0.0,0.028162474161965163
5560,36,AW19,medium coat,0.0,0.018867919527696002
5560,51,AW19,medium coat,0.0188679245283018,0.010291590198390854
5560,108,AW19,medium coat,0.0,0.013722121930560705
5560,94,AW19,medium coat,0.0,0.01200685606403102
5563,69,AW19,solid color top,0.0,0.01715265366592659
5563,29,AW19,solid color top,0.0,0.010586691986462162
5451,19,AW19,medium coat,0.0188679245283018,0.013722121931293518
5563,23,AW19,solid color top,0.0188679245283018,0.010291590197401626
5066,32,AW19,long coat,0.0,0.015437395215847464
5508,30,AW19,long sleeve,0.0,0.015437387795936114
5066,50,AW19,long coat,0.0188679245283018,0.031758259917125706
5533,92,AW19,kimono dress,0.0,4.158588525923454e-41
5508,49,AW19,long sleeve,0.0188679245283018,0.0047181506691291696
5533,88,AW19,kimono dress,0.0566037735849056,0.030874780592010813
5533,73,AW19,kimono dress,0.0,0.004952874120987583
5522,107,AW19,solid color top,0.0,0.012006936296841325
5397,47,AW19,patterned top,0.0,1.860521086051511e-33
5533,5,AW19,kimono dress,0.0,0.006606103289219766
5009,87,AW19,long sleeve,0.0,0.017152653661440215
5373,108,AW19,long cardigan,0.0,0.029159514742472036
5561,103,AW19,long coat,0.0188679245283018,0.010291590198392056
5561,74,AW19,long coat,0.0,0.008576324329899755
5568,73,AW19,solid color top,0.0,0.013722121930017388
5568,43,AW19,solid color top,0.0,0.018867919528413626
5561,93,AW19,long coat,0.0,0.018867919529942948
5535,84,AW19,kimono dress,0.0188679245283018,9.09092221881482e-06
5568,10,AW19,solid color top,0.0,0.010291590197772385
5560,49,AW19,medium coat,0.0,0.012006856060504585
5066,104,AW19,long coat,0.0,0.015437387791768327
5563,1,AW19,solid color top,0.0,0.039451109931094214
5408,63,AW19,long sleeve,0.0,0.012107102472695832
5563,66,AW19,solid color top,0.0188679245283018,0.013722121927461962
5535,66,AW19,kimono dress,0.0,0.013722121926245548
5533,47,AW19,kimono dress,0.0,0.001050736943681064
5539,74,AW19,maxi,0.0377358490566037,0.027444248858820984
5436,62,AW19,long sleeve,0.0188679245283018,0.010291590198320036
5533,109,AW19,kimono dress,0.0,0.013722121932964675
5533,82,AW19,kimono dress,0.0,0.015702913992123094
5454,47,AW19,culottes,0.0,0.013722121927953905
5563,105,AW19,solid color top,0.0188679245283018,0.002310847098790878
5539,63,AW19,maxi,0.0,0.029159514731253226
5533,4,AW19,kimono dress,0.0377358490566037,5.872287981099066e-14
5533,8,AW19,kimono dress,0.0,0.01715265366227555
5073,31,AW19,medium coat,0.0,0.015437387798041043
5533,102,AW19,kimono dress,0.0,0.018867919514331113
5073,3,AW19,medium coat,0.0,0.022298451257400605
5073,89,AW19,medium coat,0.0188679245283018,0.012006856063657083
5073,47,AW19,medium coat,0.0,0.0188679245283018
5555,13,AW19,long sleeve,0.0,0.01543738779128776
5436,69,AW19,long sleeve,0.0,0.017152661054842044
5563,75,AW19,solid color top,0.0,0.03259004646246662
5563,60,AW19,solid color top,0.0188679245283018,0.01372212940753052
4784,13,AW19,culottes,0.0188679245283018,0.010291590194779359
5563,45,AW19,solid color top,0.0,0.017152653658992233
4844,108,AW19,doll dress,0.0,0.015437387800574083
5563,33,AW19,solid color top,0.0,0.048027439290430726
5047,46,AW19,long sleeve,0.0,0.012006856064639446
4989,107,AW19,miniskirt,0.0,0.013722121930560705
5563,50,AW19,solid color top,0.0,0.012006856061186262
5563,16,AW19,solid color top,0.0,0.01886791952728217
5563,56,AW19,solid color top,0.0188679245283018,0.025728983033255506
5359,91,AW19,culottes,0.0,0.012006856061794562
5359,12,AW19,culottes,0.0,0.024013717108864668
5359,30,AW19,culottes,0.0,0.020583185389483578
5563,5,AW19,solid color top,0.0566037735849056,0.022298451261216053
5539,50,AW19,maxi,0.0,0.012787743376869016
4969,5,AW19,long sleeve,0.0,0.012006856063573663
5563,73,AW19,solid color top,0.0,0.03087478065395331
5563,88,AW19,solid color top,0.0,0.020583185396919328
5563,39,AW19,solid color top,0.0,0.029159514714061713
5563,43,AW19,solid color top,0.0,0.03773584408355907
5539,47,AW19,maxi,0.0,0.0026275330507024544
5563,87,AW19,solid color top,0.0,0.015437387795507124
5025,46,AW19,long sleeve,0.0188679245283018,0.008576329155660681
5533,84,AW19,kimono dress,0.0377358490566037,0.004436803286364576
4684,69,AW19,culottes,0.0,0.010291590197772385
5562,91,AW19,maxi,0.0,0.010894497596474335
5568,121,AW19,solid color top,0.0188679245283018,0.008576324331694335
5566,15,AW19,short coat,0.0566037735849056,0.01715265366563343
5566,91,AW19,short coat,0.0,0.017152653662996842
5566,31,AW19,short coat,0.0,0.01543738779672952
5025,74,AW19,long sleeve,0.0,0.015437387793385313
5566,43,AW19,short coat,0.0,0.01886791623802114
5566,108,AW19,short coat,0.0188679245283018,0.013722126392693424
5568,103,AW19,solid color top,0.0,0.009878480419289133
5566,93,AW19,short coat,0.0,0.02915951472957494
5025,16,AW19,long sleeve,0.0,0.012006856062562087
5566,0,AW19,short coat,0.0,0.015437387792724487
5566,103,AW19,short coat,0.0,0.02744424884902569
5564,30,AW19,short coat,0.0188679245283018,0.018867919526405187
5564,12,AW19,short coat,0.0188679245283018,0.02744424886176426
5423,102,AW19,long sleeve,0.0,0.012006856063671174
5564,91,AW19,short coat,0.0,0.01200685606042525
5380,18,AW19,long sleeve,0.0,0.013722121928667778
5566,1,AW19,short coat,0.0,0.020583185388588804
5562,84,AW19,maxi,0.0188679245283018,0.008919643657125264
5562,92,AW19,maxi,0.0,0.0006622451159597138
5565,79,AW19,solid color top,0.0,0.017152653663835817
5562,67,AW19,maxi,0.0,0.008249559510598957
5562,83,AW19,maxi,0.0,0.017152653662599476
5562,106,AW19,maxi,0.0,0.022298455171765444
5562,38,AW19,maxi,0.0,0.002274392537941274
5562,47,AW19,maxi,0.0754716981132075,0.022298451268552212
5562,1,AW19,maxi,0.0,0.032590046442419
5562,24,AW19,maxi,0.0188679245283018,0.01543738779251448
5562,45,AW19,maxi,0.0,0.027444251699135967
5565,27,AW19,solid color top,0.0,0.010291590198463317
5562,50,AW19,maxi,0.0,0.013722121942247666
5562,117,AW19,maxi,0.0,0.025728982996439404
5562,13,AW19,maxi,0.0,0.03602057814729367
5565,22,AW19,solid color top,0.0188679245283018,0.0009718982775354107
5562,3,AW19,maxi,0.0,1.872861773573609e-25
5562,6,AW19,maxi,0.0188679245283018,0.020583185392102802
5548,19,AW19,kimono dress,0.0,0.01543685374262186
5562,9,AW19,maxi,0.0,0.010509373273909665
5548,43,AW19,kimono dress,0.0188679245283018,0.010291590193437202
5565,88,AW19,solid color top,0.0,0.010291590196858935
5564,19,AW19,short coat,0.0188679245283018,0.020583185395822875
5533,91,AW19,kimono dress,0.0,0.014759333588108612
5564,75,AW19,short coat,0.0,0.017152660329994424
5564,73,AW19,short coat,0.0,0.03602057818082605
4760,103,AW19,long cardigan,0.0,1.3861962097343681e-41
5532,27,AW19,kimono dress,0.0,0.003058498567506376
5532,82,AW19,kimono dress,0.0,0.0035679911263175445
5532,107,AW19,kimono dress,0.0,0.004496300461014788
5532,121,AW19,kimono dress,0.0,2.811539847895771e-10
5428,33,AW19,sheath dress,0.0,0.010291590198080253
5428,117,AW19,sheath dress,0.0188679245283018,0.008576324330089953
4760,108,AW19,long cardigan,0.0188679245283018,0.0003040019591156947
5497,100,AW19,long coat,0.0,0.00867418671230285
5470,103,AW19,medium coat,0.0,0.012006856062287092
5470,3,AW19,medium coat,0.0,0.010291590197869035
5490,4,AW19,culottes,0.0,0.010291593681691791
5504,89,AW19,medium coat,0.0,0.013722121939088793
5504,86,AW19,medium coat,0.0188679245283018,0.012006856063928237
5535,5,AW19,kimono dress,0.0,0.0024496897220023777
5532,23,AW19,kimono dress,0.0,0.008259053750314039
5530,46,AW19,medium coat,0.0,0.025728982992881004
5509,76,AW19,medium coat,0.0,0.013722127241014041
5532,8,AW19,kimono dress,0.0,0.025728982995097193
5072,66,AW19,medium coat,0.0188679245283018,0.012006856062020479
4987,88,AW19,long dress,0.0188679245283018,0.018867925090609767
5397,8,AW19,patterned top,0.0,0.06174956618407835
5543,105,AW19,long sleeve,0.0,0.015437387797843549
4928,108,AW19,medium coat,0.0,0.017029322737577075
5564,68,AW19,short coat,0.0,0.018867919519658567
5356,10,AW19,long sleeve,0.0,0.012006862006938564
5564,27,AW19,short coat,0.0,0.015437387796732895
5564,83,AW19,short coat,0.0188679245283018,0.012006856063167195
5564,46,AW19,short coat,0.0188679245283018,0.02572898299601571
5532,84,AW19,kimono dress,0.0377358490566037,0.022298455038693252
5564,103,AW19,short coat,0.0,0.02572898298912672
5563,96,AW19,solid color top,0.0377358490566037,0.018867919528397236
5562,49,AW19,maxi,0.0,0.01886791952712225
5563,30,AW19,solid color top,0.0,0.04974270507834885
5562,62,AW19,maxi,0.0,0.020583185404074597
5337,53,AW19,kimono dress,0.0,0.012006856063499948
5532,88,AW19,kimono dress,0.0,0.0325900464616315
5394,62,AW19,maxi,0.0188679245283018,0.008576324331987593
5397,23,AW19,patterned top,0.0,0.0006221151298207
5337,0,AW19,kimono dress,0.0188679245283018,0.03326432535015788
5076,64,AW19,sheath dress,0.0,0.010291590197251137
5564,43,AW19,short coat,0.0,0.017152653663719687
5543,79,AW19,long sleeve,0.0754716981132075,0.013722121929862004
5483,76,AW19,sheath dress,0.0,0.007119845915796466
5558,2,AW19,medium coat,0.0,6.105136855428644e-15
5063,15,AW19,kimono dress,0.0566037735849056,0.008576324325910666
5527,87,AW19,long coat,0.0,0.003344214575791765
5544,0,AW19,kimono dress,0.0,0.01886791952254513
4938,95,AW19,culottes,0.0,0.006861058465876265
5538,121,AW19,kimono dress,0.0,0.0036361142852977114
5473,41,AW19,culottes,0.0,2.9245188976791347e-36
5381,20,AW19,long sleeve,0.0,0.015437391838975571
5474,0,AW19,long dress,0.0,0.015437387795183015
5495,94,AW19,solid color top,0.0,0.017152653662089106
5503,82,AW19,long sleeve,0.0,0.01886791953070439
5485,45,AW19,short sleeves,0.0,0.018867919530739484
5495,110,AW19,solid color top,0.0,0.004257410990435754
5540,94,AW19,culottes,0.0,0.015437387793852298
5503,30,AW19,long sleeve,0.0,0.011429058295153935
5498,3,AW19,doll dress,0.0,0.010291590196081233
5507,94,AW19,long sleeve,0.0,0.018773622222923923
5538,8,AW19,kimono dress,0.0,0.032568680415785395
5538,59,AW19,kimono dress,0.0,0.00997657862343402
5538,66,AW19,kimono dress,0.0377358490566037,0.017152653693166008
5529,41,AW19,culottes,0.0,0.02915951473890567
5529,103,AW19,culottes,0.0,0.032590046444782264
5529,18,AW19,culottes,0.0188679245283018,0.013722121928755177
5544,4,AW19,kimono dress,0.0188679245283018,0.003780632041199601
5557,94,AW19,medium coat,0.0,0.015437387794181055
5526,121,AW19,short cardigan,0.0,0.01886792292967939
5557,22,AW19,medium coat,0.0,0.013722121925899866
5547,48,AW19,kimono dress,0.0,0.004338823385996922
4930,88,AW19,solid color top,0.0,0.02401371711777508
5557,67,AW19,medium coat,0.0188679245283018,0.018867924516527995
5358,15,AW19,long sleeve,0.0,0.01715265796513513
5059,73,AW19,kimono dress,0.0566037735849056,0.010291590198754932
5557,21,AW19,medium coat,0.0,0.012006856063722485
5501,18,AW19,long dress,0.0,0.013722121927940423
5557,115,AW19,medium coat,0.0,0.009177992096645599
5529,56,AW19,culottes,0.0,2.3533853089262938e-09
5529,22,AW19,culottes,0.0,0.020583185389057224
5558,94,AW19,medium coat,0.0,0.015437387794475418
5538,88,AW19,kimono dress,0.0,0.02058318539388566
5558,14,AW19,medium coat,0.0188679245283018,0.012006856063006959
5544,8,AW19,kimono dress,0.0,0.005893906554320737
5558,73,AW19,medium coat,0.0,0.007713386120354054
5529,106,AW19,culottes,0.0,0.041166375798063995
5529,82,AW19,culottes,0.0,0.01715265755719383
4908,108,AW19,solid color top,0.0,0.03430531765459426
5567,75,AW19,long sleeve,0.0,0.01543738779635003
5538,100,AW19,kimono dress,0.0,0.04802743925814895
5538,57,AW19,kimono dress,0.0,0.023180665591886956
5020,63,AW19,trapeze dress,0.0,0.010291590197621311
5444,51,AW19,long sleeve,0.0,1.6279874544360702e-14
5544,84,AW19,kimono dress,0.0377358490566037,0.00023516081916493618
5553,107,AW19,long sleeve,0.0188679245283018,0.012006856061269153
5553,20,AW19,long sleeve,0.0,0.022298451259157175
5558,117,AW19,medium coat,0.0,0.012006861135561184
5558,22,AW19,medium coat,0.0,0.01715265366088177
5545,15,AW19,medium coat,0.0188679245283018,0.012006856066983538
5544,88,AW19,kimono dress,0.0,3.039170976616151e-09
5558,45,AW19,medium coat,0.0188679245283018,0.015437391862327326
5477,3,AW19,long sleeve,0.0,0.015437387789216165
5521,15,AW19,long coat,0.0,0.017152653659901766
5477,77,AW19,long sleeve,0.0,0.013722121936674847
5473,32,AW19,culottes,0.0,0.012006856063849505
5558,36,AW19,medium coat,0.0188679245283018,0.0154373877938195
5558,26,AW19,medium coat,0.0,0.001082600467008032
5558,18,AW19,medium coat,0.0,0.0031410809049885963
5553,22,AW19,long sleeve,0.0,0.020583185394257
5545,14,AW19,medium coat,0.0,0.015437387798259273
5558,5,AW19,medium coat,0.0,0.018867919527704762
5553,59,AW19,long sleeve,0.0188679245283018,0.01200685606826196
5513,57,AW19,sleeveless,0.0,0.03773584849429573
5553,29,AW19,long sleeve,0.0,0.0004705761565631752
5540,83,AW19,culottes,0.0,0.01715265366698871
4886,108,AW19,long sleeve,0.0,0.01543738779577909
5544,121,AW19,kimono dress,0.0,0.0016104086548184209
5540,121,AW19,culottes,0.0,0.013722121928297184
5545,109,AW19,medium coat,0.0,0.015437387793620748
5554,51,AW19,long sleeve,0.0,0.017152653664723298
5554,108,AW19,long sleeve,0.0,0.015437387795725609
5545,47,AW19,medium coat,0.0,0.017152653665300922
5540,90,AW19,culottes,0.0188679245283018,0.013722121929914696
5521,10,AW19,long coat,0.0,0.003997915056177793
5486,3,AW19,long sleeve,0.0,0.013722121932135128
5545,22,AW19,medium coat,0.0188679245283018,0.015437387796925503
5554,15,AW19,long sleeve,0.0188679245283018,0.017152653661645024
5554,10,AW19,long sleeve,0.0,0.01896175265696571
5540,4,AW19,culottes,0.0,0.013722121924324399
5544,82,AW19,kimono dress,0.0,0.010598541622394717
5553,19,AW19,long sleeve,0.0,0.024013717128969575
5553,75,AW19,long sleeve,0.0,0.01886791952050218
5477,30,AW19,long sleeve,0.0,0.017152653655578456
5513,29,AW19,sleeveless,0.0,0.013722127228254832
5543,8,AW19,long sleeve,0.0,0.013722121908198652
5567,88,AW19,long sleeve,0.0188679245283018,0.027444248868560294
5553,13,AW19,long sleeve,0.0,0.020583185386817488
5554,74,AW19,long sleeve,0.0,0.015437392438386602
5338,33,AW19,kimono dress,0.0,0.05660377302259763
5551,49,AW19,long sleeve,0.0,0.013722121927593216
5441,85,AW19,long dress,0.0,0.03364044923057523
5510,20,AW19,short sleeves,0.0,0.024013717126522893
5556,57,AW19,long sleeve,0.0,0.020583185392164645
5389,79,AW19,long sleeve,0.0,0.015013165654704253
5464,104,AW19,sheath dress,0.0,0.018867919529476987
5554,83,AW19,long sleeve,0.0,0.012006856063396668
5552,3,AW19,long sleeve,0.0,0.015437387798314396
5533,23,AW19,kimono dress,0.0,0.003736487230901032
5510,22,AW19,short sleeves,0.0,0.015437387801467242
5389,82,AW19,long sleeve,0.0,0.005051630517638654
5554,46,AW19,long sleeve,0.0,0.027444253547581413
5441,25,AW19,long dress,0.0188679245283018,0.01029159019685754
5053,4,AW19,culottes,0.0188679245283018,0.0007950523621877397
4977,44,AW19,doll dress,0.0188679245283018,0.010291590197020358
5525,93,AW19,long sleeve,0.0,0.02401371713924691
5551,14,AW19,long sleeve,0.0,0.020583185398736745
5389,74,AW19,long sleeve,0.0,0.009236514102203074
5554,101,AW19,long sleeve,0.0,0.018867919527291565
5552,12,AW19,long sleeve,0.0,0.034305312302664905
5551,46,AW19,long sleeve,0.0,0.018874596943156127
5485,15,AW19,short sleeves,0.0,0.018867919528006857
5389,44,AW19,long sleeve,0.0,0.013722121944136073
5551,75,AW19,long sleeve,0.0,0.01715265365650814
5552,19,AW19,long sleeve,0.0,0.01715265365598142
5551,82,AW19,long sleeve,0.0,0.017152653662089408
5527,94,AW19,long coat,0.0188679245283018,0.03259004645108681
5551,56,AW19,long sleeve,0.0,2.8115398897909787e-10
5536,77,AW19,medium coat,0.0,0.018867925415697307
5551,73,AW19,long sleeve,0.0,0.01886791952827712
5554,20,AW19,long sleeve,0.0,0.02058318539650959
5552,75,AW19,long sleeve,0.0,0.012006856057735453
5485,65,AW19,short sleeves,0.0,0.01715265822546262
5554,61,AW19,long sleeve,0.0,0.013722121927468819
5554,44,AW19,long sleeve,0.0,0.01200685606479829
5567,69,AW19,long sleeve,0.0,0.0377358490566037
5556,30,AW19,long sleeve,0.0,0.029159514725540552
5455,83,AW19,solid color top,0.0,0.015437387783252939
5463,83,AW19,sheath dress,0.0,0.018165985008847144
5455,62,AW19,solid color top,0.0,0.020583185394756596
5463,4,AW19,sheath dress,0.0,0.018867919526283857
5536,85,AW19,medium coat,0.0,0.015437387795555205
5538,28,AW19,kimono dress,0.0,0.011076587905459099
5341,105,AW19,kimono dress,0.0,0.020583185381482693
5467,51,AW19,sleeveless,0.0,0.0154373877873419
5556,105,AW19,long sleeve,0.0,0.018867919527244717
4992,10,AW19,long coat,0.0,0.017152653662824514
5536,53,AW19,medium coat,0.0188679245283018,0.02342940700512896
4931,117,AW19,culottes,0.0,0.005781989334207809
5552,61,AW19,long sleeve,0.0,0.003498710787183378
5467,19,AW19,sleeveless,0.0,0.020583185392582196
5538,50,AW19,kimono dress,0.0,0.010291590196262471
5567,72,AW19,long sleeve,0.0188679245283018,0.012006856062528937
5529,49,AW19,culottes,0.0566037735849056,0.018867919526380714
5543,77,AW19,long sleeve,0.0,0.046270588415387545
5556,73,AW19,long sleeve,0.0,0.01886791952761048
5038,102,AW19,long sleeve,0.0,0.010291590197448939
5464,87,AW19,sheath dress,0.0,0.02058318539226157
5554,57,AW19,long sleeve,0.0,0.025728982976800763
5556,13,AW19,long sleeve,0.0,0.017152653658039627
5483,46,AW19,sheath dress,0.0,0.007268356388803808
5447,35,AW19,solid color top,0.0,0.0035874825088896417
5572,80,AW19,doll dress,0.0,0.0
5575,40,AW19,trapeze dress,0.0566037735849056,0.024013717129218768
5575,106,AW19,trapeze dress,0.0,0.006460863839139726
5530,3,AW19,medium coat,0.0,0.032590046457116786
5577,8,AW19,trapeze dress,0.0,0.010709952085733807
5577,74,AW19,trapeze dress,0.0,0.010172211376153387
5575,32,AW19,trapeze dress,0.0,2.354087634935188e-09
5577,103,AW19,trapeze dress,0.0377358490566037,0.020583188352801384
4940,89,AW19,sheath dress,0.0188679245283018,0.01372212192493233
5577,40,AW19,trapeze dress,0.0,0.018867919528852424
5577,95,AW19,trapeze dress,0.0,0.017152653663575275
5563,49,AW19,solid color top,0.0,0.02401371712845204
5577,90,AW19,trapeze dress,0.0,0.018867919527558612
5577,81,AW19,trapeze dress,0.0,0.02058319047704299
5572,88,AW19,doll dress,0.0,0.010291590197521211
5575,67,AW19,trapeze dress,0.0,0.007041941215632734
5575,85,AW19,trapeze dress,0.0,0.00429874581013654
5577,13,AW19,trapeze dress,0.0,0.002130527277048168
5572,45,AW19,doll dress,0.0,0.015437387796015764
5572,13,AW19,doll dress,0.0,0.01715265366046506
5577,47,AW19,trapeze dress,0.0,0.017152653665244023
5577,1,AW19,trapeze dress,0.0,0.004340983292619571
5577,86,AW19,trapeze dress,0.0,0.02744424885921869
5572,4,AW19,doll dress,0.0,0.02058318539328439
5532,90,AW19,kimono dress,0.0,0.02058318539597927
5572,21,AW19,doll dress,0.0,0.017152653666641395
5572,125,AW19,doll dress,0.0,0.005120382060493005
5577,77,AW19,trapeze dress,0.0,0.00028659001917247527
5577,39,AW19,trapeze dress,0.0,0.00920427004153527
5577,89,AW19,trapeze dress,0.0,0.02058318539274385
5577,76,AW19,trapeze dress,0.0188679245283018,0.0003723831514313711
5057,43,AW19,solid color top,0.0,0.008534277245642237
5577,88,AW19,trapeze dress,0.0188679245283018,0.020583188970266977
4966,30,AW19,long duster,0.0,0.0240137171319831
5577,108,AW19,trapeze dress,0.0,0.017152653664742702
5577,52,AW19,trapeze dress,0.0,0.018867924770444067
5532,32,AW19,kimono dress,0.0,0.0006898992854841691
5577,56,AW19,trapeze dress,0.0,0.01886791953004129
5577,33,AW19,trapeze dress,0.0,0.015437387792069253
5577,105,AW19,trapeze dress,0.0,0.003678147104567696
5530,50,AW19,medium coat,0.0,0.0120068560604372
5490,87,AW19,culottes,0.0,0.012006856063722485
5572,81,AW19,doll dress,0.0,0.0011255739020727927
5575,90,AW19,trapeze dress,0.0,0.019230379682144486
5509,36,AW19,medium coat,0.0,0.022298456167541794
5575,8,AW19,trapeze dress,0.0,0.00039676427598225454
5575,59,AW19,trapeze dress,0.0,0.0008845672042160441
5575,115,AW19,trapeze dress,0.0,0.036020578205557284
5575,104,AW19,trapeze dress,0.0,0.008648785321664194
5337,44,AW19,kimono dress,0.0,0.013722121928897857
5575,29,AW19,trapeze dress,0.0,0.008400329783840144
5575,41,AW19,trapeze dress,0.0,0.03773584849429573
5504,3,AW19,medium coat,0.0,0.02401371712419431
5577,30,AW19,trapeze dress,0.0,0.0023228688033689183
5572,76,AW19,doll dress,0.0,0.013722121929183671
5577,12,AW19,trapeze dress,0.0,0.022298451267118605
5577,61,AW19,trapeze dress,0.0,5.623079737686765e-10
5532,25,AW19,kimono dress,0.0,0.012006856063138203
5577,31,AW19,trapeze dress,0.0,0.0007941572145190298
5572,51,AW19,doll dress,0.0,0.013722124534236787
5360,45,AW19,long sleeve,0.0,0.012006856061482532
5577,84,AW19,trapeze dress,0.0,0.0188679245283018
5428,19,AW19,sheath dress,0.0188679245283018,0.01200685606502878
5543,56,AW19,long sleeve,0.0,0.013722121928962163
5575,15,AW19,trapeze dress,0.0,0.004393392199983374
5575,61,AW19,trapeze dress,0.0188679245283018,0.010478391840349684
5563,3,AW19,solid color top,0.0,0.03087478060145865
4860,1,AW19,sleeveless,0.0,0.012006856064653855
5556,108,AW19,long sleeve,0.0,0.012006856061867565
5556,39,AW19,long sleeve,0.0188679245283018,0.01715265365148315
5359,15,AW19,culottes,0.0,0.017152653663719843
5556,60,AW19,long sleeve,0.0,0.012006856060447286
5556,75,AW19,long sleeve,0.0,0.01886791952599971
5511,57,AW19,long sleeve,0.0,0.015437387794927912
5510,49,AW19,short sleeves,0.0,0.01200685606469203
5556,12,AW19,long sleeve,0.0,0.015437387794534825
4844,25,AW19,doll dress,0.0377358490566037,0.010291590197746158
5510,2,AW19,short sleeves,0.0,0.005083944766248633
4389,110,AW19,culottes,0.0,0.0006398132631542705
5441,57,AW19,long dress,0.0,0.012006856057974576
5563,76,AW19,solid color top,0.0,0.017075851034964003
5567,22,AW19,long sleeve,0.0,0.012006856068860403
5574,2,AW19,trapeze dress,0.0,0.0007042291175272377
5574,49,AW19,trapeze dress,0.0,0.013722121932375804
5574,7,AW19,trapeze dress,0.0,0.003107851647921789
5574,15,AW19,trapeze dress,0.0188679245283018,0.02401371712041073
5574,31,AW19,trapeze dress,0.0,0.0021516752996363006
4895,64,AW19,long sleeve,0.0,0.02044303044848928
5560,31,AW19,medium coat,0.0,0.017152653663940136
5563,106,AW19,solid color top,0.0,0.0023590260422923404
5560,105,AW19,medium coat,0.0,0.010291590197398311
5574,86,AW19,trapeze dress,0.0,0.027444248858432083
5560,16,AW19,medium coat,0.0,0.013722121930189655
5574,92,AW19,trapeze dress,0.0,0.0075778968344658035
5567,89,AW19,long sleeve,0.0566037735849056,0.013722121925429825
5459,76,AW19,culottes,0.0,0.018867919523026563
5556,82,AW19,long sleeve,0.0,0.013722121926579582
5441,4,AW19,long dress,0.0,0.01886792480945579
5463,25,AW19,sheath dress,0.0188679245283018,0.012006856065584944
5527,62,AW19,long coat,0.0,0.025728982991871742
5511,74,AW19,long sleeve,0.0,0.0014271407245369995
5511,40,AW19,long sleeve,0.0,0.025728982980500567
5533,44,AW19,kimono dress,0.0188679245283018,0.0037486033676316977
5552,107,AW19,long sleeve,0.0,0.01200685606289625
5527,65,AW19,long coat,0.0,0.015437387796344742
5046,46,AW19,medium coat,0.0,0.013722121930118344
5552,1,AW19,long sleeve,0.0188679245283018,0.013722121931315319
5468,87,AW19,culottes,0.0188679245283018,0.012006856063199234
5500,30,AW19,culottes,0.0,0.004838850782370083
5525,81,AW19,long sleeve,0.0188679245283018,0.010291590197008512
5468,76,AW19,culottes,0.0,0.013722121930569984
5046,19,AW19,medium coat,0.0,0.01543738779074031
5468,93,AW19,culottes,0.0,2.354373824625236e-11
5468,16,AW19,culottes,0.0188679245283018,0.008576324334304993
4806,107,AW19,culottes,0.0,0.010291590197737515
4899,87,AW19,culottes,0.0188679245283018,0.010291590196833966
5539,102,AW19,maxi,0.0,0.02401372074236155
5552,94,AW19,long sleeve,0.0,0.012006856066466592
5533,107,AW19,kimono dress,0.0,1.1772985278085575e-11
5436,10,AW19,long sleeve,0.0,0.01372212192974312
5533,27,AW19,kimono dress,0.0188679245283018,0.010291590198056767
5551,40,AW19,long sleeve,0.0,0.00835335368859036
5425,1,AW19,long sleeve,0.0,0.017152653659421348
5525,43,AW19,long sleeve,0.0188679245283018,0.018867922136325703
5563,84,AW19,solid color top,0.0,0.015437387793697957
5515,57,AW19,long sleeve,0.0,0.012006856065475356
5441,0,AW19,long dress,0.0,0.012006856062766502
5574,88,AW19,trapeze dress,0.0,0.010896197661588714
5574,110,AW19,trapeze dress,0.0188679245283018,0.012006856061357119
5574,6,AW19,trapeze dress,0.0,0.0034667724278277766
5563,85,AW19,solid color top,0.0,0.022298451292466166
4764,47,AW19,sleeveless,0.0,0.022298451280441618
4892,105,AW19,long sleeve,0.0,0.013722121928894838
5575,12,AW19,trapeze dress,0.0,0.02662831076611749
5575,10,AW19,trapeze dress,0.0,0.009039949212067896
5577,29,AW19,trapeze dress,0.0,0.01715265698083566
5575,31,AW19,trapeze dress,0.0,0.013374439459812985
5575,94,AW19,trapeze dress,0.0188679245283018,0.018773657208015843
5561,21,AW19,long coat,0.0188679245283018,1.1778081363591761e-11
5575,105,AW19,trapeze dress,0.0754716981132075,0.01715265716853721
5561,64,AW19,long coat,0.0,0.013722121923734367
5508,87,AW19,long sleeve,0.0,0.013722121930292016
5575,86,AW19,trapeze dress,0.0,0.0016000332094999916
5575,92,AW19,trapeze dress,0.0,0.02915951472755733
5575,39,AW19,trapeze dress,0.0,0.006804499539308444
5373,82,AW19,long cardigan,0.0,0.01200685606312775
4763,108,AW19,medium coat,0.0188679245283018,0.02572898300091177
5575,80,AW19,trapeze dress,0.0,0.01332503648704739
5575,3,AW19,trapeze dress,0.0,0.025728986096232292
5575,108,AW19,trapeze dress,0.0,0.02572898299033845
5575,99,AW19,trapeze dress,0.0,0.013722121928313244
5535,48,AW19,kimono dress,0.0,0.012006856063302436
5575,13,AW19,trapeze dress,0.0,0.02083762960510165
5575,22,AW19,trapeze dress,0.0,0.008441489345061509
5575,52,AW19,trapeze dress,0.0,0.020583185396343802
5575,24,AW19,trapeze dress,0.0,0.03945110997096484
5575,76,AW19,trapeze dress,0.0188679245283018,0.032590046433519905
5575,89,AW19,trapeze dress,0.0188679245283018,0.08623023802226981
5575,77,AW19,trapeze dress,0.0,0.0013036619857955966
5575,20,AW19,trapeze dress,0.0188679245283018,0.032590046464682075
5575,30,AW19,trapeze dress,0.0,0.024846560894017794
5057,108,AW19,solid color top,0.0188679245283018,0.022298451256219858
5574,23,AW19,trapeze dress,0.0,0.013722121923688615
5561,5,AW19,long coat,0.0,0.01200685606181397
5574,99,AW19,trapeze dress,0.0,0.01877360570896078
5574,56,AW19,trapeze dress,0.0,0.006329017571584276
5574,13,AW19,trapeze dress,0.0,0.006589929457765527
5397,60,AW19,patterned top,0.0,0.01715265366510846
5574,33,AW19,trapeze dress,0.0,0.004091878439285494
5574,22,AW19,trapeze dress,0.0,0.008573709737522618
5574,24,AW19,trapeze dress,0.0,0.01372212193021502
5397,88,AW19,patterned top,0.0,0.012006856067194661
5495,62,AW19,solid color top,0.0,0.010291590196272828
5397,110,AW19,patterned top,0.0,0.013722121930783905
5574,47,AW19,trapeze dress,0.0188679245283018,0.006281837733802951
5574,20,AW19,trapeze dress,0.0,0.029159514724948876
5574,106,AW19,trapeze dress,0.0,0.007786652786776781
5574,82,AW19,trapeze dress,0.0,6.242872454543942e-26
5574,72,AW19,trapeze dress,0.0,0.01886791954474934
5574,32,AW19,trapeze dress,0.0,7.767392750112949e-05
5574,53,AW19,trapeze dress,0.0188679245283018,0.012006856064196667
5495,13,AW19,solid color top,0.0,0.012006856063672692
5574,74,AW19,trapeze dress,0.0,0.010520444402623104
5563,25,AW19,solid color top,0.0,0.020583185398719287
5574,81,AW19,trapeze dress,0.0,0.003820188986370745
5563,125,AW19,solid color top,0.0,0.01886791952439417
4771,60,AW19,medium coat,0.0188679245283018,0.013722121926717604
5574,0,AW19,trapeze dress,0.0,0.012006856063160059
5561,12,AW19,long coat,0.0,0.002974226106510143
5574,63,AW19,trapeze dress,0.0,0.00920746774866406
5574,100,AW19,trapeze dress,0.0,0.012006856063214767
5574,29,AW19,trapeze dress,0.0,0.0035546801191940103
5574,64,AW19,trapeze dress,0.0,0.017152653663167323
5574,41,AW19,trapeze dress,0.0,0.01304504434059129
5577,41,AW19,trapeze dress,0.0188679245283018,0.025728983018052362
5453,43,AW19,miniskirt,0.0188679245283018,0.01029159019719725
4853,88,AW19,trapeze dress,0.0,0.010291590197621311
5558,16,AW19,medium coat,0.0,0.013722121929954503
5573,41,AW19,trapeze dress,0.0,0.0325900504815421
5562,59,AW19,maxi,0.0,4.189520910070806e-18
5573,64,AW19,trapeze dress,0.0,0.0034687693525832027
5562,102,AW19,maxi,0.0,0.01324024091137314
5405,16,AW19,sleeveless,0.0,0.010291590196858935
5573,115,AW19,trapeze dress,0.0,0.025728983004790318
5573,59,AW19,trapeze dress,0.0,0.01115211396278824
5571,93,AW19,patterned top,0.0,4.08281696172564e-05
5536,18,AW19,medium coat,0.0,0.013722121929124797
5536,35,AW19,medium coat,0.0,0.01029159019775166
5573,90,AW19,trapeze dress,0.0,0.015437387796641645
5569,10,AW19,maxi,0.0,0.015437387801190233
5569,75,AW19,maxi,0.0,0.022298451247699858
5521,39,AW19,long coat,0.0,0.015437387793662105
5482,31,AW19,sleeveless,0.0,0.013722121929677115
5573,81,AW19,trapeze dress,0.0,0.002324298911450683
5576,30,AW19,trapeze dress,0.0566037735849056,0.029159519779997017
5545,87,AW19,medium coat,0.0,0.008442985475688817
5576,54,AW19,trapeze dress,0.0,0.017152653663513234
5576,12,AW19,trapeze dress,0.0377358490566037,0.044596907519024856
5050,80,AW19,solid color top,0.0,0.01715265366283918
5554,19,AW19,long sleeve,0.0,1.1830556971388274e-11
5565,106,AW19,solid color top,0.0,5.884061706839848e-14
5573,5,AW19,trapeze dress,0.0,0.0005950258156772217
5565,95,AW19,solid color top,0.0,0.018867924247147814
5576,105,AW19,trapeze dress,0.0188679245283018,0.020583185395054736
5553,93,AW19,long sleeve,0.0,0.00403632212287429
5558,64,AW19,medium coat,0.0,0.015437387792261647
5562,101,AW19,maxi,0.0,0.017152653662352225
5576,94,AW19,trapeze dress,0.0,0.015437387812936985
5576,65,AW19,trapeze dress,0.0,0.01886791953116415
5576,31,AW19,trapeze dress,0.0,0.017152653661310215
5512,57,AW19,long sleeve,0.0,0.013722121933587858
5558,87,AW19,medium coat,0.0,0.01372212193276958
5350,104,AW19,solid color top,0.0,0.015437391664928966
5025,23,AW19,long sleeve,0.0188679245283018,0.008576329155660681
5562,0,AW19,maxi,0.0,0.01715265851701985
5571,53,AW19,patterned top,0.0,0.002538504433136696
5545,68,AW19,medium coat,0.0,0.01372212192802261
5524,57,AW19,sleeveless,0.0188679245283018,0.008576324331437884
5055,103,AW19,culottes,0.0,0.013722129428937638
5536,93,AW19,medium coat,0.0188679245283018,0.020583185392508883
5570,20,AW19,maxi,0.0,0.027444248856103366
5573,106,AW19,trapeze dress,0.0,2.2240678785667646e-09
5535,107,AW19,kimono dress,0.0,0.00410792774216347
5573,76,AW19,trapeze dress,0.0,0.022298455760642644
5573,92,AW19,trapeze dress,0.0,0.03773584850290455
5570,68,AW19,maxi,0.0,0.022298451278576784
5573,43,AW19,trapeze dress,0.0,0.005260288323027905
5570,48,AW19,maxi,0.0,0.0014154591873420585
5573,88,AW19,trapeze dress,0.0,0.018867924227183405
5573,24,AW19,trapeze dress,0.0,2.772392357500945e-41
5573,52,AW19,trapeze dress,0.0,0.015437387790340686
5573,22,AW19,trapeze dress,0.0,0.024377782128906626
5570,33,AW19,maxi,0.0,0.004741580787898717
5573,80,AW19,trapeze dress,0.0,0.025728983001950277
5573,6,AW19,trapeze dress,0.0188679245283018,0.015437387796114924
5573,108,AW19,trapeze dress,0.0,0.01783672710801862
5458,104,AW19,sleeveless,0.0,0.01543738779672952
5507,91,AW19,long sleeve,0.0,6.242872454543941e-26
5573,86,AW19,trapeze dress,0.0,0.02401371712842703
5573,60,AW19,trapeze dress,0.0,0.02915951472502506
5573,32,AW19,trapeze dress,0.0,0.020583185402208867
5573,85,AW19,trapeze dress,0.0,0.024013722679897088
5545,53,AW19,medium coat,0.0188679245283018,0.01715265366788662
5573,54,AW19,trapeze dress,0.0,0.0037313219066347158
5422,117,AW19,long sleeve,0.0188679245283018,0.010291590199490901
5573,12,AW19,trapeze dress,0.0,0.008589851324900899
5507,86,AW19,long sleeve,0.0,0.0014154591873420585
5557,75,AW19,medium coat,0.0188679245283018,0.013722121929914902
5565,3,AW19,solid color top,0.0,0.012006856064491474
5545,26,AW19,medium coat,0.0,0.012006856058003428
5545,46,AW19,medium coat,0.0,0.013722127530139301
5573,7,AW19,trapeze dress,0.0,0.0007669777861301669
5557,26,AW19,medium coat,0.0,0.015437390346848419
5573,31,AW19,trapeze dress,0.0,0.022298451262383442
5358,63,AW19,long sleeve,0.0,0.018867919529616164
5573,94,AW19,trapeze dress,0.0,0.0005199160314521528
5406,79,AW19,long coat,0.0,0.012006856063870015
4945,109,AW19,short sleeves,0.0,0.008576324333244381
5573,10,AW19,trapeze dress,0.0,0.0047990961965881235
5540,87,AW19,culottes,0.0188679245283018,0.013722121927839365
5573,99,AW19,trapeze dress,0.0,0.015829745320458537
5576,1,AW19,trapeze dress,0.0,0.0240137171207702
5402,102,AW19,short cardigan,0.0,0.008175285712732986
5562,10,AW19,maxi,0.0,0.022298451269431117
5576,100,AW19,trapeze dress,0.0188679245283018,0.008576324330802007
5576,8,AW19,trapeze dress,0.0,0.02058318539597624
5576,22,AW19,trapeze dress,0.0,0.013722121929950499
5576,52,AW19,trapeze dress,0.0,0.012006856064076567
5354,1,AW19,long sleeve,0.0,0.015437387792388358
5529,79,AW19,culottes,0.0,0.02915951472570822
5576,24,AW19,trapeze dress,0.0188679245283018,0.01543738779773857
5527,108,AW19,long coat,0.0,0.017152653663139592
5564,80,AW19,short coat,0.0,0.017152653665658754
5380,105,AW19,long sleeve,0.0,0.010291590196976397
5564,104,AW19,short coat,0.0,0.012006856061668776
5576,103,AW19,trapeze dress,0.0,0.02229845126948893
5564,108,AW19,short coat,0.0,0.020583185390374858
5562,75,AW19,maxi,0.0,0.015437387789836176
5576,47,AW19,trapeze dress,0.0188679245283018,0.020583185395333436
5564,28,AW19,short coat,0.0,0.020583185395111014
4392,88,AW19,long sleeve,0.0188679245283018,0.015437387795001901
5564,35,AW19,short coat,0.0,0.013350906987348572
5547,0,AW19,kimono dress,0.0,0.01200685606296674
5564,40,AW19,short coat,0.0,0.007739055973823631
5502,26,AW19,long sleeve,0.0,0.012006856064651137
5511,29,AW19,long sleeve,0.0,0.005051630517638654
5564,67,AW19,short coat,0.0,0.025728982992382923
5521,44,AW19,long coat,0.0,0.010291590197182829
5564,1,AW19,short coat,0.0,0.020583185396211394
5521,32,AW19,long coat,0.0,0.012006856065622136
5485,49,AW19,short sleeves,0.0,0.00015150995761260304
5446,1,AW19,long sleeve,0.0,0.013722121927281282
5576,21,AW19,trapeze dress,0.0377358490566037,0.03430531231531449
5564,62,AW19,short coat,0.0188679245283018,0.022298451264357817
5527,76,AW19,long coat,0.0,0.013722121929423245
5521,80,AW19,long coat,0.0,0.01372212193070978
5379,15,AW19,long coat,0.0,0.025728986125993336
5498,32,AW19,doll dress,0.0,0.02058318539627741
5568,104,AW19,solid color top,0.0,0.012006856069467243
5526,83,AW19,short cardigan,0.0,0.013722121926293056
5576,29,AW19,trapeze dress,0.0,0.020583185403701767
5498,107,AW19,doll dress,0.0,0.0011838419466549531
5531,28,AW19,long sleeve,0.0,0.037677840311276724
4988,10,AW19,medium coat,0.0188679245283018,0.005357235396022943
5576,86,AW19,trapeze dress,0.0,0.030874780592813515
5503,76,AW19,long sleeve,0.0,0.010291590198084082
5576,110,AW19,trapeze dress,0.0,0.008576324328420084
5566,62,AW19,short coat,0.0,0.02058318539443673
5576,43,AW19,trapeze dress,0.0,0.005613494047149633
5071,41,AW19,long coat,0.0,0.012006856064277765
5527,74,AW19,long coat,0.0,0.017152658613276694
5394,59,AW19,maxi,0.0,0.018867919527056326
5566,89,AW19,short coat,0.0,6.24287282664814e-26
5538,32,AW19,kimono dress,0.0,0.017152657685186378
5576,115,AW19,trapeze dress,0.0,0.03430531233360362
5576,9,AW19,trapeze dress,0.0,0.008576324333001338
5566,73,AW19,short coat,0.0,0.015437387797914547
5498,75,AW19,doll dress,0.0,0.01715265366407843
5521,87,AW19,long coat,0.0,0.017152658234302055
5576,104,AW19,trapeze dress,0.0,0.015437387795332139
5503,51,AW19,long sleeve,0.0188679245283018,0.013722121929560543
5576,80,AW19,trapeze dress,0.0566037735849056,0.010837519290835257
5521,50,AW19,long coat,0.0,0.020583185397260045
5576,73,AW19,trapeze dress,0.0,0.030874780595919523
5574,48,AW19,trapeze dress,0.0,0.0023732753605830606
4973,69,AW19,culottes,0.0,0.01543739260328578
5576,18,AW19,trapeze dress,0.0,0.053173236851280586
5576,0,AW19,trapeze dress,0.0,0.02058318539942986
5574,65,AW19,trapeze dress,0.0,0.018867924247147814
5576,25,AW19,trapeze dress,0.0,0.01886791953090777
5574,9,AW19,trapeze dress,0.0,0.012006856063768827
5439,104,AW19,solid color top,0.0,0.02229845126061049
4778,88,AW19,medium coat,0.0,0.013722121931914818
5563,86,AW19,solid color top,0.0,0.003343834320697666
5465,53,AW19,long coat,0.0,0.010291590197045968
5576,75,AW19,trapeze dress,0.0,0.00632353313738985
5511,8,AW19,long sleeve,0.0,0.03773584849429573
5434,115,AW19,culottes,0.0,0.012006856062955124
5535,44,AW19,kimono dress,0.0,0.02229845126477305
5441,28,AW19,long dress,0.0,0.005293297711495042
4988,117,AW19,medium coat,0.0,0.012006856064871932
5576,15,AW19,trapeze dress,0.0,0.0020497118593966177
5535,25,AW19,kimono dress,0.0,0.012006856064482093
5502,16,AW19,long sleeve,0.0,0.001097398377374553
5563,117,AW19,solid color top,0.0,0.01715265366151927
5502,22,AW19,long sleeve,0.0,0.002965177853126805
5511,10,AW19,long sleeve,0.0,0.00030269111447806646
5536,29,AW19,medium coat,0.0,0.018867919527713956
5040,13,AW19,solid color top,0.0,0.015437387791728052
5536,36,AW19,medium coat,0.0,0.03087478059271168
5502,74,AW19,long sleeve,0.0,0.0037486033676316977
5069,69,AW19,long sleeve,0.0,0.017152653665647662
5573,40,AW19,trapeze dress,0.0,0.0176400907454446
5521,41,AW19,long coat,0.0,0.012006856065669291
5576,121,AW19,trapeze dress,0.0,0.018867926872262294
5436,32,AW19,long sleeve,0.0,0.013722129036046587
5054,108,AW19,doll dress,0.0,0.006055781654511111
5576,69,AW19,trapeze dress,0.0,0.013722121931538411
5576,36,AW19,trapeze dress,0.0,0.025728983010824092
5576,46,AW19,trapeze dress,0.0,0.027444248855368322
5557,35,AW19,medium coat,0.0,0.013722121933043483
4974,108,AW19,long cardigan,0.0,0.017152653656816598
4860,19,AW19,sleeveless,0.0,0.015437387792971458
5577,64,AW19,trapeze dress,0.0,0.007237647138550917
5574,89,AW19,trapeze dress,0.0,0.024013717142338166
5504,7,AW19,medium coat,0.0,0.012006856062633046
5573,16,AW19,trapeze dress,0.0,0.027444248870278264
5528,108,AW19,long sleeve,0.0,0.01886791953245304
5565,73,AW19,solid color top,0.0,0.020583185390778205
5540,25,AW19,culottes,0.0,0.01886791953251611
4905,108,AW19,doll dress,0.0,0.018867919535682582
5484,0,AW19,long sleeve,0.0,0.010291590197286203
5575,11,AW19,trapeze dress,0.0,0.01489162700754819
5376,108,AW19,long coat,0.0,0.018867924247147817
5565,8,AW19,solid color top,0.0,0.012006856063687553
5575,56,AW19,trapeze dress,0.0,0.012006856066576551
5061,103,AW19,long coat,0.0,0.020583185401565195
4990,46,AW19,long sleeve,0.0,0.008576324331848838
4803,32,AW19,sleeveless,0.0,0.018867919526088073
5373,27,AW19,long cardigan,0.0,0.013722121926316938
5078,2,AW19,medium coat,0.0,0.010291590198375345
5061,80,AW19,long coat,0.0,0.015437387793761349
5470,91,AW19,medium coat,0.0,0.013722121930341091
5577,15,AW19,trapeze dress,0.0,0.0033488365559452373
5577,21,AW19,trapeze dress,0.0,0.010291590196103463
5567,12,AW19,long sleeve,0.0,0.0021694349106295423
5567,30,AW19,long sleeve,0.0,0.0015070675245613951
5577,18,AW19,trapeze dress,0.0,0.006065336535195431
5336,22,AW19,long sleeve,0.0,0.00010847346048411245
5564,41,AW19,short coat,0.0,0.02401371712922818
5532,117,AW19,kimono dress,0.0,0.01543738780017546
5564,89,AW19,short coat,0.0,0.013722121933658566
5577,68,AW19,trapeze dress,0.0,0.0055233233826364105
4911,87,AW19,medium coat,0.0,0.010291590190828342
5497,60,AW19,long coat,0.0,0.010291590197795724
5577,22,AW19,trapeze dress,0.0,0.007063846481063164
5380,51,AW19,long sleeve,0.0,0.02058318539182955
5577,73,AW19,trapeze dress,0.0,0.012006856063506988
5566,59,AW19,short coat,0.0,0.025728982990125347
5577,49,AW19,trapeze dress,0.0,0.002284788203995522
5347,110,AW19,long sleeve,0.0,0.0009332134680919786
5447,105,AW19,solid color top,0.0,0.01886791953111688
5573,66,AW19,trapeze dress,0.0,0.010291590196805532
5573,96,AW19,trapeze dress,0.0,0.0002863199817646864
5573,62,AW19,trapeze dress,0.0,0.005015588248076073
5574,8,AW19,trapeze dress,0.0,0.004355428222488187
5573,15,AW19,trapeze dress,0.0,0.0018578454871509685
5475,64,AW19,culottes,0.0,0.01736320174543746
5573,105,AW19,trapeze dress,0.0,0.010512066864747632
5574,40,AW19,trapeze dress,0.0,0.025728982986149083
5466,104,AW19,kimono dress,0.0,0.01715265366506915
5394,48,AW19,maxi,0.0,0.010291590197737515
5381,76,AW19,long sleeve,0.0,0.018867919526659036
5574,83,AW19,trapeze dress,0.0,0.0029166160199890776
5367,50,AW19,long sleeve,0.0,0.010291590196308629
5574,1,AW19,trapeze dress,0.0,0.0027922191540596876
4813,47,AW19,long coat,0.0,0.017152653662496287
5536,10,AW19,medium coat,0.0,0.015437387791033241
5543,42,AW19,long sleeve,0.0,0.013722121929041141
5524,31,AW19,sleeveless,0.0,0.01200686016892829
5469,51,AW19,long duster,0.0,0.010291590195783231
5575,84,AW19,trapeze dress,0.0,0.00678333773837479
5575,19,AW19,trapeze dress,0.0,0.020583185402932552
5061,2,AW19,long coat,0.0,0.013722121921741241
4572,105,AW19,doll dress,0.0,0.0012027035554287527
4538,90,AW19,culottes,0.0,0.012006856062063573
4931,110,AW19,culottes,0.0,0.015437387796097298
5064,79,AW19,kimono dress,0.0,0.01029159019548484
4409,105,AW19,printed shirt,0.0,0.018867919529094748
4790,56,AW19,doll dress,0.0,0.010291593737123938
5497,125,AW19,long coat,0.0,0.010291590196661324
5576,74,AW19,trapeze dress,0.0,0.018867919525220073
5576,32,AW19,trapeze dress,0.0,0.003854853070143851
5577,87,AW19,trapeze dress,0.0,0.015437387797293894
5552,39,AW19,long sleeve,0.0,0.01029159019605728
5484,75,AW19,long sleeve,0.0,0.004038458264155344
5564,45,AW19,short coat,0.0,0.020583185395299686
5549,57,AW19,short coat,0.0,0.010291590197575895
5576,82,AW19,trapeze dress,0.0,6.24287254756999e-26
5576,27,AW19,trapeze dress,0.0,0.01372212192959545
5575,28,AW19,trapeze dress,0.0,0.003609220555729858
5046,108,AW19,medium coat,0.0,6.242872733622091e-26
4721,88,AW19,long sleeve,0.0,0.01372212192910988
5433,16,AW19,long coat,0.0,5.919022149335999e-14
5564,8,AW19,short coat,0.0,0.02058318837625761
5567,31,AW19,long sleeve,0.0,2.3556849192574903e-09
4978,4,AW19,culottes,0.0,0.018867919526503577
5576,41,AW19,trapeze dress,0.0,0.018867919530328008
4813,7,AW19,long coat,0.0,0.013722121927111123
4698,66,AW19,culottes,0.0,0.010291590199733153
4867,108,AW19,sheath dress,0.0,0.00932910252948214
4878,26,AW19,long sleeve,0.0,0.002989938211611972
4884,40,AW19,long sleeve,0.0,0.02229845126251573
5016,15,AW19,printed shirt,0.0,0.005516249677864751
4884,121,AW19,long sleeve,0.0,0.010291590196840766
5076,16,AW19,sheath dress,0.0,0.012006859734706903
5069,80,AW19,long sleeve,0.0,0.0002976460098136189
5073,15,AW19,medium coat,0.0,0.022298451244005466
5576,102,AW19,trapeze dress,0.0,0.010291593486954189
4791,108,AW19,sleeveless,0.0,0.005850149798510519
5046,115,AW19,medium coat,0.0,0.012006856062261826
5545,23,AW19,medium coat,0.0,0.013722124956096619
5576,63,AW19,trapeze dress,0.0,0.01200685606351676
5069,31,AW19,long sleeve,0.0,0.02572898632222033
5577,53,AW19,trapeze dress,0.0,0.01543738779349986
4279,105,AW19,sleeveless,0.0,0.020583185381273895
5556,19,AW19,long sleeve,0.0,0.02229845125796979
5576,2,AW19,trapeze dress,0.0,0.017152653662179627
5475,85,AW19,culottes,0.0,2.5877303070042674e-34
5465,83,AW19,long coat,0.0,6.174150381586406e-05
4812,103,AW19,long sleeve,0.0,0.015437387800700475
5576,14,AW19,trapeze dress,0.0,0.015437387796427305
5576,48,AW19,trapeze dress,0.0,0.02058318539494893
4645,115,AW19,short sleeves,0.0,0.011235736061890308
4397,105,AW19,long sleeve,0.0,0.015437387794875352
5576,79,AW19,trapeze dress,0.0,0.020583185395991584
5459,60,AW19,culottes,0.0,0.012006859612096523
5576,19,AW19,trapeze dress,0.0,0.02915951472550551
5469,104,AW19,long duster,0.0,0.010291590196731464
4559,0,AW19,culottes,0.0,0.017152653662560444
5556,93,AW19,long sleeve,0.0,0.01715265689157331
4523,115,AW19,doll dress,0.0,0.018867924381880095
5451,63,AW19,medium coat,0.0,0.015437387794570538
4623,103,AW19,sleeveless,0.0,0.003368968472389612
4768,10,AW19,short cardigan,0.0,0.0031194494618300254
5530,19,AW19,medium coat,0.0,0.018867919531790144
5574,46,AW19,trapeze dress,0.0,0.0009530008697888745
5504,108,AW19,medium coat,0.0,0.017152653666257085
5469,108,AW19,long duster,0.0,0.015437387800639937
5574,19,AW19,trapeze dress,0.0,0.001473614613836662
4409,31,AW19,printed shirt,0.0,0.013722121926783914
5527,13,AW19,long coat,0.0,0.01715265365927867
5418,105,AW19,short cardigan,0.0,0.015437387791409053
5040,76,AW19,solid color top,0.0,0.010291590199497927
4966,13,AW19,long duster,0.0,7.202978361833288e-16
5576,28,AW19,trapeze dress,0.0,0.01200685605429759
5461,3,AW19,long coat,0.0,0.029159514738396602
5011,90,AW19,long sleeve,0.0,0.013722126618703014
5011,69,AW19,long sleeve,0.0,0.0005485572695242186
5470,76,AW19,medium coat,0.0,0.015437387793863661
5566,83,AW19,short coat,0.0,1.386196189078435e-41
5025,20,AW19,long sleeve,0.0,0.01543738779328099
4991,36,AW19,long cardigan,0.0,0.0002602370161711347
5566,80,AW19,short coat,0.0,0.013722121928105502
5417,104,AW19,long sleeve,0.0,0.012006859417216796
5504,51,AW19,medium coat,0.0,1.3861962097343674e-41
5558,10,AW19,medium coat,0.0,0.015437387797025446
4988,108,AW19,medium coat,0.0,1.2485745374218165e-25
4280,105,AW19,culottes,0.0,0.003170356684115452
4791,28,AW19,sleeveless,0.0,0.010291590197044174
