external_code,retail,season,category,actual,prediction
5198,100,SS19,culottes,0.0188679245283018,0.0029352373
5180,74,SS19,long dress,0.0,0.08019566
5159,43,SS19,culottes,0.0,0.006292791
5207,30,SS19,doll dress,0.0,0.037613478
5172,2,SS19,jumpsuit,0.0,0.010058114
5166,22,SS19,long dress,0.0,0.0045341933
5159,3,SS19,culottes,0.0,0.013389391
5172,12,SS19,jumpsuit,0.0188679245283018,0.00734276
5148,66,SS19,sleeveless,0.0943396226415094,0.01161085
5113,14,SS19,culottes,0.0,0.03833424
5198,29,SS19,culottes,0.0188679245283018,0.009760841
5172,10,SS19,jumpsuit,0.0,0.003894735
5148,84,SS19,sleeveless,0.0377358490566037,0.013768319
5180,81,SS19,long dress,0.0566037735849056,0.06437144
5207,90,SS19,doll dress,0.0188679245283018,0.027733827
5207,46,SS19,doll dress,0.0,0.019801756
5207,36,SS19,doll dress,0.0,0.012598484
5148,75,SS19,sleeveless,0.0377358490566037,0.0094750235
5180,46,SS19,long dress,0.0188679245283018,0.07004306
5166,101,SS19,long dress,0.0,0.002836294
5166,20,SS19,long dress,0.0,0.006945128
5207,69,SS19,doll dress,0.0,0.011349166
5166,38,SS19,long dress,0.0,0.006810933
5147,57,SS19,capris,0.0188679245283018,0.0023681382
5166,61,SS19,long dress,0.0,0.0040694117
5180,67,SS19,long dress,0.0188679245283018,0.086585596
5166,109,SS19,long dress,0.0,0.009597103
4204,20,SS19,culottes,0.0,0.0074640103
5127,75,SS19,sleeveless,0.0188679245283018,0.009041003
5166,85,SS19,long dress,0.0,0.0050638556
5159,2,SS19,culottes,0.0,0.00396814
5145,94,SS19,doll dress,0.0188679245283018,0.012854984
4204,24,SS19,culottes,0.0,0.003720931
5127,79,SS19,sleeveless,0.0,0.0069120578
5125,42,SS19,culottes,0.0,0.018778846
5148,99,SS19,sleeveless,0.0188679245283018,0.018007178
5127,86,SS19,sleeveless,0.0,0.0
5166,72,SS19,long dress,0.0,0.0036898036
5136,15,SS19,jumpsuit,0.0,0.0027230948
5148,5,SS19,sleeveless,0.0188679245283018,0.021539789
5166,83,SS19,long dress,0.0,0.0041943872
5122,59,SS19,solid color top,0.0377358490566037,0.0066564674
5180,44,SS19,long dress,0.1132075471698113,0.03513407
4204,43,SS19,culottes,0.0,0.011877201
5207,40,SS19,doll dress,0.0,0.010062703
5166,33,SS19,long dress,0.0,0.0042145546
5124,25,SS19,drop sleeve,0.0188679245283018,0.02493463
5159,65,SS19,culottes,0.0188679245283018,0.023810472
5124,21,SS19,drop sleeve,0.0,0.0026109985
5166,82,SS19,long dress,0.0,0.0046948
5127,99,SS19,sleeveless,0.0,0.006550573
5148,3,SS19,sleeveless,0.0188679245283018,0.02308295
5159,4,SS19,culottes,0.0,0.008201463
5124,6,SS19,drop sleeve,0.0,0.0076408847
5143,54,SS19,capris,0.0188679245283018,0.006176428
5124,32,SS19,drop sleeve,0.0,0.0018572486
5207,35,SS19,doll dress,0.0,0.028801061
5113,6,SS19,culottes,0.0377358490566037,0.013951587
5148,86,SS19,sleeveless,0.0188679245283018,0.01618351
5125,22,SS19,culottes,0.0377358490566037,0.005819773
5180,8,SS19,long dress,0.0943396226415094,0.05928253
5180,59,SS19,long dress,0.0566037735849056,0.10296179
5180,104,SS19,long dress,0.0,0.05206484
5130,9,SS19,culottes,0.0,0.0038928755
5127,61,SS19,sleeveless,0.0188679245283018,0.009472945
5150,104,SS19,doll dress,0.0188679245283018,0.014447916
5124,67,SS19,drop sleeve,0.0,0.013921601
5127,20,SS19,sleeveless,0.0,0.0034880347
5180,63,SS19,long dress,0.0943396226415094,0.079391874
5180,100,SS19,long dress,0.0,0.0699013
5180,21,SS19,long dress,0.0377358490566037,0.035211783
5127,93,SS19,sleeveless,0.0,0.0048945895
4236,104,SS19,culottes,0.0188679245283018,0.006081478
5180,102,SS19,long dress,0.0566037735849056,0.037871946
5124,0,SS19,drop sleeve,0.0377358490566037,0.021525817
5143,16,SS19,capris,0.0,0.0055468585
5127,45,SS19,sleeveless,0.0,0.0035304057
5130,83,SS19,culottes,0.0188679245283018,0.0043458757
5130,53,SS19,culottes,0.0,0.0046134316
5124,46,SS19,drop sleeve,0.0,0.005762031
5147,4,SS19,capris,0.0,0.0051284763
5122,57,SS19,solid color top,0.0566037735849056,0.009592377
5130,18,SS19,culottes,0.0,0.010662502
5166,47,SS19,long dress,0.0,0.0066618333
5130,10,SS19,culottes,0.0,0.012121648
5136,75,SS19,jumpsuit,0.0,0.004121295
5127,16,SS19,sleeveless,0.0188679245283018,0.0024713953
5124,99,SS19,drop sleeve,0.0754716981132075,0.011955406
5125,76,SS19,culottes,0.0188679245283018,0.014631864
5166,51,SS19,long dress,0.0,0.0094611915
4222,109,SS19,printed shirt,0.0,0.020525953
5124,24,SS19,drop sleeve,0.0188679245283018,0.019993998
5113,5,SS19,culottes,0.0188679245283018,0.013741134
5136,101,SS19,jumpsuit,0.0,0.0026578929
5127,117,SS19,sleeveless,0.0,0.00820931
5180,18,SS19,long dress,0.0,0.06718998
5125,16,SS19,culottes,0.0,0.017963815
5124,109,SS19,drop sleeve,0.0,0.0041144197
5136,104,SS19,jumpsuit,0.0377358490566037,0.011370221
5143,15,SS19,capris,0.0,0.0033579934
5180,0,SS19,long dress,0.0566037735849056,0.037154496
5207,2,SS19,doll dress,0.0,0.016631043
5180,41,SS19,long dress,0.0377358490566037,0.045687128
5180,64,SS19,long dress,0.1320754716981132,0.056797825
5093,84,SS19,culottes,0.0,0.022422833
5130,4,SS19,culottes,0.0,0.0055795317
4161,80,SS19,long sleeve,0.0943396226415094,0.0055276183
5124,1,SS19,drop sleeve,0.0,0.004701911
4204,101,SS19,culottes,0.0,0.0016274649
5147,44,SS19,capris,0.0,0.0034671205
4204,61,SS19,culottes,0.0,0.0029115314
5125,5,SS19,culottes,0.0377358490566037,0.017496716
4179,117,SS19,culottes,0.0188679245283018,0.018765518
5222,81,SS19,culottes,0.0,0.0044268947
4222,5,SS19,printed shirt,0.0,0.019327674
5180,110,SS19,long dress,0.0377358490566037,0.08876866
4222,117,SS19,printed shirt,0.0188679245283018,0.027607372
5180,47,SS19,long dress,0.0566037735849056,0.09695502
5125,19,SS19,culottes,0.0377358490566037,0.022788718
5147,20,SS19,capris,0.0,0.0054628826
5147,82,SS19,capris,0.0,0.0038099326
4220,9,SS19,culottes,0.0188679245283018,0.02402945
5212,36,SS19,culottes,0.0188679245283018,0.05947527
5147,107,SS19,capris,0.0,0.006892568
5166,81,SS19,long dress,0.0,0.0038167066
5198,40,SS19,culottes,0.0188679245283018,0.013189106
5180,99,SS19,long dress,0.0377358490566037,0.05206473
5180,73,SS19,long dress,0.0377358490566037,0.06856695
5207,8,SS19,doll dress,0.0188679245283018,0.015366122
4186,68,SS19,sheath dress,0.0,0.0062247217
5125,75,SS19,culottes,0.0188679245283018,0.016308747
4204,18,SS19,culottes,0.0,0.0046213144
5147,45,SS19,capris,0.0,0.0058494993
5180,24,SS19,long dress,0.1320754716981132,0.058100738
5125,48,SS19,culottes,0.0,0.0047514606
5147,75,SS19,capris,0.0,0.00922583
5147,16,SS19,capris,0.0,0.0045508347
5125,79,SS19,culottes,0.0566037735849056,0.02986453
5233,16,SS19,long sleeve,0.0,0.017897679
5147,13,SS19,capris,0.0188679245283018,0.004040312
5143,18,SS19,capris,0.0,0.0029721027
5180,117,SS19,long dress,0.0188679245283018,0.058638807
5212,40,SS19,culottes,0.0188679245283018,0.033682685
5180,50,SS19,long dress,0.0754716981132075,0.06611716
5212,69,SS19,culottes,0.0566037735849056,0.027154256
5147,19,SS19,capris,0.0,0.0028689094
5147,79,SS19,capris,0.0188679245283018,0.023148896
5143,46,SS19,capris,0.0,0.005621137
5180,33,SS19,long dress,0.0188679245283018,0.057462633
4228,49,SS19,short sleeves,0.0,0.007242931
4222,16,SS19,printed shirt,0.0,0.030614633
5180,45,SS19,long dress,0.0943396226415094,0.08138627
4220,26,SS19,culottes,0.0,0.0058609038
5212,35,SS19,culottes,0.0188679245283018,0.046751954
5125,46,SS19,culottes,0.0188679245283018,0.02112025
5180,20,SS19,long dress,0.0,0.05607001
5180,101,SS19,long dress,0.0566037735849056,0.071733125
5180,61,SS19,long dress,0.0754716981132075,0.045502253
4204,83,SS19,culottes,0.0,0.0010621218
5113,99,SS19,culottes,0.0,0.0144392
4222,6,SS19,printed shirt,0.0754716981132075,0.047334902
5148,54,SS19,sleeveless,0.0,0.021730987
5180,109,SS19,long dress,0.0188679245283018,0.036013376
5180,72,SS19,long dress,0.0566037735849056,0.07708869
5180,86,SS19,long dress,0.1132075471698113,0.11344173
4219,1,SS19,short sleeves,0.0,0.014175845
4183,99,SS19,trapeze dress,0.0188679245283018,0.025726924
5148,7,SS19,sleeveless,0.0,0.029775076
5125,107,SS19,culottes,0.0,0.0066311713
5147,46,SS19,capris,0.0188679245283018,0.0081665795
5143,51,SS19,capris,0.0,0.0040305494
5180,82,SS19,long dress,0.0188679245283018,0.071322635
5166,53,SS19,long dress,0.0188679245283018,0.004076602
5166,32,SS19,long dress,0.0377358490566037,0.008385522
5229,36,SS19,short sleeves,0.0188679245283018,0.019282069
5125,66,SS19,culottes,0.0188679245283018,0.02202783
5166,69,SS19,long dress,0.0,0.0056867986
5147,40,SS19,capris,0.0,0.003389898
4220,2,SS19,culottes,0.0188679245283018,0.014874603
5166,40,SS19,long dress,0.0,0.0032029299
5212,53,SS19,culottes,0.0,0.039377335
5226,49,SS19,culottes,0.0,0.011619568
5211,40,SS19,culottes,0.0188679245283018,0.019774681
5166,67,SS19,long dress,0.0,0.0070771524
5147,0,SS19,capris,0.0188679245283018,0.0050383625
5207,59,SS19,doll dress,0.0188679245283018,0.0169795
5180,27,SS19,long dress,0.0377358490566037,0.0312236
5211,53,SS19,culottes,0.0,0.0044380887
5125,57,SS19,culottes,0.0,0.012491066
5224,1,SS19,long sleeve,0.0,0.0023580303
5209,12,SS19,patterned top,0.0,0.0082315495
5209,14,SS19,patterned top,0.0188679245283018,0.024068888
5209,7,SS19,patterned top,0.0188679245283018,0.009402018
5143,79,SS19,capris,0.0,0.0048391656
5209,75,SS19,patterned top,0.0,0.009410751
5231,12,SS19,short sleeves,0.0377358490566037,0.017023658
5231,65,SS19,short sleeves,0.0188679245283018,0.024239166
5170,32,SS19,jumpsuit,0.0188679245283018,0.004310689
5284,86,SS19,long dress,0.0,0.01097481
5224,47,SS19,long sleeve,0.0,0.004877234
5170,39,SS19,jumpsuit,0.0,0.0060761487
5125,21,SS19,culottes,0.0377358490566037,0.009411
5147,80,SS19,capris,0.0,0.007657035
5209,19,SS19,patterned top,0.0,0.013859457
5284,94,SS19,long dress,0.0,0.0169465
5155,24,SS19,culottes,0.0,0.0072812275
5224,20,SS19,long sleeve,0.0,0.008168736
5209,65,SS19,patterned top,0.0188679245283018,0.006943598
5275,67,SS19,gitana skirt,0.0377358490566037,0.010941257
5209,31,SS19,patterned top,0.0,0.006634971
5125,63,SS19,culottes,0.0377358490566037,0.015297106
5147,6,SS19,capris,0.0,0.006234589
5143,73,SS19,capris,0.0,0.0036554916
5266,36,SS19,sleeveless,0.0377358490566037,0.023747107
5209,2,SS19,patterned top,0.0,0.007947345
5213,12,SS19,long dress,0.0,0.012096496
5152,29,SS19,capris,0.0,0.004742875
5200,66,SS19,drop sleeve,0.0,0.01468485
5200,65,SS19,drop sleeve,0.0188679245283018,0.01615062
5200,31,SS19,drop sleeve,0.0188679245283018,0.013536205
5250,35,SS19,long dress,0.0,0.01479895
5169,22,SS19,jumpsuit,0.0,0.004700495
5213,35,SS19,long dress,0.0,0.010544029
5200,12,SS19,drop sleeve,0.0566037735849056,0.042636447
5200,2,SS19,drop sleeve,0.0,0.022138951
5125,53,SS19,culottes,0.0188679245283018,0.007553297
5169,9,SS19,jumpsuit,0.0,0.004514585
5200,19,SS19,drop sleeve,0.0943396226415094,0.03315468
5147,25,SS19,capris,0.0,0.004952487
4203,104,SS19,printed shirt,0.0188679245283018,0.013534446
5213,72,SS19,long dress,0.0,0.0038404437
5224,41,SS19,long sleeve,0.0,0.0069638165
5224,57,SS19,long sleeve,0.0,0.0062496015
5224,69,SS19,long sleeve,0.0,0.0078058043
5224,35,SS19,long sleeve,0.0,0.0045902412
5175,20,SS19,jumpsuit,0.0,0.008632702
5268,30,SS19,printed shirt,0.0566037735849056,0.046079542
5279,100,SS19,doll dress,0.0,0.024995293
5224,18,SS19,long sleeve,0.0,0.012664594
5200,54,SS19,drop sleeve,0.0,0.012548244
5125,52,SS19,culottes,0.0,0.010389246
5279,36,SS19,doll dress,0.0188679245283018,0.0240172
5279,35,SS19,doll dress,0.0,0.006159401
5250,8,SS19,long dress,0.0188679245283018,0.021198755
5200,28,SS19,drop sleeve,0.0,0.010884688
5200,99,SS19,drop sleeve,0.0,0.012776575
5200,5,SS19,drop sleeve,0.0,0.0103781065
5200,3,SS19,drop sleeve,0.0188679245283018,0.029933883
5200,110,SS19,drop sleeve,0.0,0.022902641
5200,9,SS19,drop sleeve,0.0188679245283018,0.026331114
5148,53,SS19,sleeveless,0.0,0.015458061
5162,0,SS19,long sleeve,0.0,0.009235274
5224,4,SS19,long sleeve,0.0,0.00398625
5147,74,SS19,capris,0.0,0.0053899093
5200,43,SS19,drop sleeve,0.0,0.0111644
5147,51,SS19,capris,0.0,0.01467487
5213,18,SS19,long dress,0.0,0.004842641
5147,47,SS19,capris,0.0,0.0028172124
5174,109,SS19,miniskirt,0.0188679245283018,0.01693937
5279,67,SS19,doll dress,0.0,0.010822817
5213,19,SS19,long dress,0.0,0.008786622
5200,48,SS19,drop sleeve,0.0,0.0066864127
5200,75,SS19,drop sleeve,0.0,0.008435595
5279,69,SS19,doll dress,0.0188679245283018,0.02074418
5224,85,SS19,long sleeve,0.0,0.006526468
5213,66,SS19,long dress,0.0,0.004182669
5209,79,SS19,patterned top,0.0,0.0058871103
5203,51,SS19,sleeveless,0.0,0.0057300115
5209,6,SS19,patterned top,0.0,0.010310079
5143,77,SS19,capris,0.0377358490566037,0.03146161
5209,21,SS19,patterned top,0.0,0.0048772814
5149,21,SS19,capris,0.0377358490566037,0.0057011405
5106,40,SS19,short sleeves,0.0188679245283018,0.02415139
5209,57,SS19,patterned top,0.0,0.004628044
5106,18,SS19,short sleeves,0.0,0.003911356
5284,41,SS19,long dress,0.0377358490566037,0.015219204
5209,104,SS19,patterned top,0.0943396226415094,0.009737942
5209,64,SS19,patterned top,0.0,0.0042964206
5148,104,SS19,sleeveless,0.0188679245283018,0.018300151
5143,68,SS19,capris,0.0,0.0068900385
5209,41,SS19,patterned top,0.0,0.005617651
5149,41,SS19,capris,0.0,0.0047130827
5208,30,SS19,patterned top,0.0,0.010980824
5209,29,SS19,patterned top,0.0188679245283018,0.0070724613
5209,4,SS19,patterned top,0.0188679245283018,0.004980221
5209,90,SS19,patterned top,0.0,0.004176037
5275,100,SS19,gitana skirt,0.0,0.008714578
5209,93,SS19,patterned top,0.0188679245283018,0.01170825
5276,36,SS19,sleeveless,0.0,0.0032143728
5209,24,SS19,patterned top,0.0188679245283018,0.017167496
5146,7,SS19,culottes,0.0,0.0048536826
5107,15,SS19,long dress,0.0188679245283018,0.0121027995
5209,51,SS19,patterned top,0.0,0.005296129
5209,77,SS19,patterned top,0.0,0.0068495497
5209,68,SS19,patterned top,0.0,0.0050269417
5209,47,SS19,patterned top,0.0754716981132075,0.013899243
5209,82,SS19,patterned top,0.0,0.005863244
5209,85,SS19,patterned top,0.0377358490566037,0.0072086537
5209,67,SS19,patterned top,0.0188679245283018,0.014227218
5209,74,SS19,patterned top,0.0188679245283018,0.006189487
5209,35,SS19,patterned top,0.0,0.0051144315
5209,36,SS19,patterned top,0.0188679245283018,0.012214027
5143,83,SS19,capris,0.0,0.010953896
5284,36,SS19,long dress,0.0,0.010467615
5143,85,SS19,capris,0.0,0.009854983
5232,46,SS19,sleeveless,0.0,0.0027007035
5203,26,SS19,sleeveless,0.0,0.0042634
5126,101,SS19,culottes,0.0377358490566037,0.011276942
5217,54,SS19,sleeveless,0.0,0.004029235
5203,69,SS19,sleeveless,0.0,0.0028884762
5217,2,SS19,sleeveless,0.0,0.0050863065
5217,12,SS19,sleeveless,0.0,0.0059516537
5201,53,SS19,long dress,0.0566037735849056,0.0102204345
5203,74,SS19,sleeveless,0.0,0.0045500807
5201,29,SS19,long dress,0.0,0.0123451315
5217,80,SS19,sleeveless,0.0,0.009803878
5217,9,SS19,sleeveless,0.0377358490566037,0.02804414
5143,41,SS19,capris,0.0,0.002296691
5203,31,SS19,sleeveless,0.0,0.0032883824
5203,85,SS19,sleeveless,0.0188679245283018,0.0036083458
5217,43,SS19,sleeveless,0.0,0.006462624
5203,63,SS19,sleeveless,0.0,0.00313326
5208,65,SS19,patterned top,0.0,0.016587155
5208,31,SS19,patterned top,0.0,0.0072633876
5232,36,SS19,sleeveless,0.0,0.0034111592
5268,86,SS19,printed shirt,0.0566037735849056,0.04877249
5258,7,SS19,culottes,0.0188679245283018,0.0068944963
5232,69,SS19,sleeveless,0.0,0.0039360914
5232,83,SS19,sleeveless,0.0,0.002119026
5143,35,SS19,capris,0.0,0.0040680403
5232,47,SS19,sleeveless,0.0,0.008210339
5232,45,SS19,sleeveless,0.0377358490566037,0.008235357
5232,13,SS19,sleeveless,0.0,0.0037531918
5143,26,SS19,capris,0.0,0.0044417745
5232,80,SS19,sleeveless,0.0,0.0037510172
5175,110,SS19,jumpsuit,0.0,0.0052015567
5143,95,SS19,capris,0.0188679245283018,0.0061285077
5232,43,SS19,sleeveless,0.0,0.006229113
4226,48,SS19,short sleeves,0.0,0.0067472546
5175,14,SS19,jumpsuit,0.0,0.0023714616
5284,77,SS19,long dress,0.0,0.018219072
5192,12,SS19,sleeveless,0.0,0.0032940893
5148,21,SS19,sleeveless,0.0188679245283018,0.018228669
5200,101,SS19,drop sleeve,0.0,0.011963207
4009,117,SS19,culottes,0.0188679245283018,0.023448527
5200,61,SS19,drop sleeve,0.0,0.007943534
5200,109,SS19,drop sleeve,0.0188679245283018,0.025808591
5200,82,SS19,drop sleeve,0.0,0.0135669615
5200,72,SS19,drop sleeve,0.0,0.021275176
5200,42,SS19,drop sleeve,0.0188679245283018,0.008496932
5200,85,SS19,drop sleeve,0.0,0.009566516
5203,14,SS19,sleeveless,0.0,0.0039850194
5148,4,SS19,sleeveless,0.0,0.011774091
5152,68,SS19,capris,0.0,0.003157087
5279,94,SS19,doll dress,0.0377358490566037,0.015905837
5152,99,SS19,capris,0.0,0.003636717
5200,26,SS19,drop sleeve,0.0188679245283018,0.0106012905
5234,51,SS19,short sleeves,0.0,0.012933852
5279,80,SS19,doll dress,0.0566037735849056,0.011653378
5200,20,SS19,drop sleeve,0.0377358490566037,0.01490031
5200,38,SS19,drop sleeve,0.0188679245283018,0.01896842
5209,3,SS19,patterned top,0.0,0.011659276
5209,16,SS19,patterned top,0.0377358490566037,0.005742903
5209,13,SS19,patterned top,0.0188679245283018,0.026457874
5209,50,SS19,patterned top,0.0377358490566037,0.008440618
5200,50,SS19,drop sleeve,0.0,0.0040784795
5279,77,SS19,doll dress,0.0188679245283018,0.014364643
5200,22,SS19,drop sleeve,0.0566037735849056,0.015774732
5200,76,SS19,drop sleeve,0.0,0.006219766
5200,51,SS19,drop sleeve,0.0,0.01365503
5275,69,SS19,gitana skirt,0.0188679245283018,0.008731846
5279,56,SS19,doll dress,0.0,0.0058419434
5173,30,SS19,kimono dress,0.0,0.009970111
5268,39,SS19,printed shirt,0.0188679245283018,0.022209397
5268,43,SS19,printed shirt,0.0377358490566037,0.057822663
5200,47,SS19,drop sleeve,0.0566037735849056,0.019695425
5200,46,SS19,drop sleeve,0.0566037735849056,0.03643177
5145,22,SS19,doll dress,0.0188679245283018,0.024073334
5200,18,SS19,drop sleeve,0.0,0.012865929
5200,4,SS19,drop sleeve,0.0188679245283018,0.01130526
5284,35,SS19,long dress,0.0,0.004020681
4226,54,SS19,short sleeves,0.0,0.01506939
5276,30,SS19,sleeveless,0.0,0.010368075
5126,24,SS19,culottes,0.0754716981132075,0.022333885
5276,94,SS19,sleeveless,0.0,0.005204419
5192,18,SS19,sleeveless,0.0,0.002461744
5284,40,SS19,long dress,0.0566037735849056,0.014286153
5276,80,SS19,sleeveless,0.0,0.013200717
5176,104,SS19,jumpsuit,0.0188679245283018,0.008858237
5192,69,SS19,sleeveless,0.0,0.004282711
5192,20,SS19,sleeveless,0.0,0.0039032733
5192,45,SS19,sleeveless,0.0,0.008416808
5192,56,SS19,sleeveless,0.0,0.008455847
5106,20,SS19,short sleeves,0.0,0.004195108
5192,35,SS19,sleeveless,0.0,0.0050189598
5146,5,SS19,culottes,0.0,0.00844814
5094,50,SS19,long sleeve,0.0188679245283018,0.009011395
5146,117,SS19,culottes,0.0188679245283018,0.0067703775
5125,54,SS19,culottes,0.0188679245283018,0.015926018
5200,59,SS19,drop sleeve,0.0,0.007548637
5252,52,SS19,culottes,0.0,0.012370696
5200,63,SS19,drop sleeve,0.0,0.033060137
5200,100,SS19,drop sleeve,0.0188679245283018,0.0049779424
5258,100,SS19,culottes,0.0,0.013540977
5200,102,SS19,drop sleeve,0.0377358490566037,0.008239408
5200,104,SS19,drop sleeve,0.0188679245283018,0.0077746655
5200,64,SS19,drop sleeve,0.0188679245283018,0.016619854
5258,36,SS19,culottes,0.0,0.0051942253
5200,41,SS19,drop sleeve,0.0188679245283018,0.012889109
5176,0,SS19,jumpsuit,0.0188679245283018,0.02273364
5258,69,SS19,culottes,0.0,0.0052375193
5258,67,SS19,culottes,0.0188679245283018,0.014483719
5252,53,SS19,culottes,0.0188679245283018,0.006305239
5258,29,SS19,culottes,0.0,0.005972927
5231,19,SS19,short sleeves,0.0188679245283018,0.0117192315
5230,6,SS19,short sleeves,0.0,0.004071154
5224,77,SS19,long sleeve,0.0,0.0041615586
5198,61,SS19,culottes,0.0188679245283018,0.023411736
5215,45,SS19,jumpsuit,0.0,0.008660553
5274,30,SS19,sleeveless,0.0,0.012420682
5274,43,SS19,sleeveless,0.0,0.004735356
5274,80,SS19,sleeveless,0.0,0.0046004173
5227,117,SS19,sleeveless,0.0,0.0061014122
5227,107,SS19,sleeveless,0.0,0.00872838
5274,56,SS19,sleeveless,0.0,0.0052632606
4220,83,SS19,culottes,0.0,0.005531018
5274,52,SS19,sleeveless,0.0,0.006058634
5227,81,SS19,sleeveless,0.0,0.007028671
5198,20,SS19,culottes,0.0,0.010985033
5198,47,SS19,culottes,0.0,0.008588607
4220,31,SS19,culottes,0.0,0.007580085
5227,36,SS19,sleeveless,0.0188679245283018,0.003906549
5198,1,SS19,culottes,0.0,0.008156491
5114,62,SS19,long dress,0.0377358490566037,0.02826489
5215,77,SS19,jumpsuit,0.0377358490566037,0.007673848
4227,49,SS19,short sleeves,0.0,0.0066789673
5198,51,SS19,culottes,0.0188679245283018,0.010509814
5215,82,SS19,jumpsuit,0.0188679245283018,0.010134202
5227,3,SS19,sleeveless,0.0188679245283018,0.008763444
5114,49,SS19,long dress,0.0566037735849056,0.049012393
5265,80,SS19,sleeveless,0.0,0.0053159334
5271,13,SS19,long sleeve,0.0188679245283018,0.01119515
5215,62,SS19,jumpsuit,0.0188679245283018,0.026091548
5122,45,SS19,solid color top,0.0,0.009608474
5255,69,SS19,gitana skirt,0.0377358490566037,0.019878158
5198,8,SS19,culottes,0.0,0.004444869
5255,100,SS19,gitana skirt,0.0,0.0052308803
5198,90,SS19,culottes,0.0188679245283018,0.0091955
5198,69,SS19,culottes,0.0,0.004410881
5122,117,SS19,solid color top,0.0377358490566037,0.005561796
5271,41,SS19,long sleeve,0.0,0.01141736
5198,32,SS19,culottes,0.0,0.00535471
5122,13,SS19,solid color top,0.0,0.013622845
5215,79,SS19,jumpsuit,0.0188679245283018,0.025882045
4230,59,SS19,culottes,0.0,0.0014603641
5198,83,SS19,culottes,0.0,0.0073244814
4184,54,SS19,short sleeves,0.0,0.0038462467
5227,12,SS19,sleeveless,0.0377358490566037,0.01861569
5240,94,SS19,long sleeve,0.0,0.006247828
5271,77,SS19,long sleeve,0.0,0.024287397
5265,43,SS19,sleeveless,0.0,0.005840468
5227,84,SS19,sleeveless,0.0,0.005155225
5227,14,SS19,sleeveless,0.0188679245283018,0.024597783
5227,80,SS19,sleeveless,0.0,0.011099596
5132,77,SS19,maxi,0.0188679245283018,0.006426134
5198,93,SS19,culottes,0.0188679245283018,0.007414573
5215,69,SS19,jumpsuit,0.0,0.017953232
5191,4,SS19,solid color top,0.0188679245283018,0.024062585
5156,110,SS19,solid color top,0.0,0.003504974
5198,84,SS19,culottes,0.0,0.0115455
5156,25,SS19,solid color top,0.0188679245283018,0.024979955
5149,39,SS19,capris,0.0,0.011520559
5198,66,SS19,culottes,0.0,0.015650703
5191,85,SS19,solid color top,0.0,0.005119215
5151,4,SS19,solid color top,0.0,0.004416586
5085,57,SS19,doll dress,0.0,0.0062145037
5221,65,SS19,sleeveless,0.0,0.0036908884
5191,48,SS19,solid color top,0.0,0.0050271475
5191,60,SS19,solid color top,0.0377358490566037,0.007762004
5198,94,SS19,culottes,0.0,0.010904563
5168,12,SS19,short sleeves,0.0377358490566037,0.009908157
5198,31,SS19,culottes,0.0377358490566037,0.009026971
5167,31,SS19,long sleeve,0.0,0.008040209
5207,63,SS19,doll dress,0.0,0.012581189
5256,81,SS19,long sleeve,0.0,0.0065672994
5256,80,SS19,long sleeve,0.0,0.0030790947
5256,86,SS19,long sleeve,0.0377358490566037,0.02263485
5256,94,SS19,long sleeve,0.0,0.0049738334
4173,94,SS19,short sleeves,0.0,0.003063647
5191,63,SS19,solid color top,0.0188679245283018,0.02209435
5191,64,SS19,solid color top,0.0,0.0046831653
5191,41,SS19,solid color top,0.0,0.0032756722
5198,16,SS19,culottes,0.0,0.0038452863
5132,46,SS19,maxi,0.0,0.0060374066
5227,8,SS19,sleeveless,0.0,0.006139433
5271,80,SS19,long sleeve,0.0,0.0038109107
5228,49,SS19,sleeveless,0.0,0.0059697186
5271,30,SS19,long sleeve,0.0188679245283018,0.007584471
5228,8,SS19,sleeveless,0.0,0.005148001
5198,99,SS19,culottes,0.0377358490566037,0.011248093
5207,53,SS19,doll dress,0.0,0.015778974
5198,5,SS19,culottes,0.0,0.0054449784
5223,54,SS19,gitana skirt,0.0188679245283018,0.00718818
5179,93,SS19,doll dress,0.0,0.010563539
5198,6,SS19,culottes,0.0,0.0059409686
5179,76,SS19,doll dress,0.0,0.0097722355
5198,9,SS19,culottes,0.0,0.012215129
5179,47,SS19,doll dress,0.0188679245283018,0.01646218
5179,85,SS19,doll dress,0.0,0.01136494
5179,74,SS19,doll dress,0.0,0.0055716713
5281,43,SS19,sleeveless,0.0,0.004024442
5239,13,SS19,sleeveless,0.0,0.0033847834
5239,69,SS19,sleeveless,0.0,0.0049270885
5190,22,SS19,solid color top,0.0,0.003405793
5198,3,SS19,culottes,0.0,0.0039492846
5256,49,SS19,long sleeve,0.0,0.004716618
5223,12,SS19,gitana skirt,0.0,0.01320166
5223,65,SS19,gitana skirt,0.0,0.011832423
5226,3,SS19,culottes,0.0,0.006695552
5226,5,SS19,culottes,0.0,0.008442951
5226,56,SS19,culottes,0.0,0.008060481
5226,13,SS19,culottes,0.0,0.0059844228
5226,33,SS19,culottes,0.0377358490566037,0.013117323
5127,43,SS19,sleeveless,0.0,0.004759003
5122,8,SS19,solid color top,0.0188679245283018,0.0150044095
5226,45,SS19,culottes,0.0188679245283018,0.021304663
5127,28,SS19,sleeveless,0.0,0.0062383018
4200,94,SS19,jumpsuit,0.0,0.009473438
5117,48,SS19,sleeveless,0.0,0.0044760583
5226,1,SS19,culottes,0.0,0.0033935728
5122,95,SS19,solid color top,0.0,0.0055490793
5226,83,SS19,culottes,0.0,0.0046025594
5226,32,SS19,culottes,0.0188679245283018,0.009835625
5124,59,SS19,drop sleeve,0.0,0.008481646
5226,74,SS19,culottes,0.0,0.004642631
5226,40,SS19,culottes,0.0,0.007005976
5226,69,SS19,culottes,0.0188679245283018,0.027402392
5226,46,SS19,culottes,0.0188679245283018,0.012019989
5270,14,SS19,long dress,0.0943396226415094,0.029375749
5226,2,SS19,culottes,0.0,0.010710398
5270,86,SS19,long dress,0.0,0.014056918
5229,57,SS19,short sleeves,0.0188679245283018,0.021269923
5229,46,SS19,short sleeves,0.0,0.0040976144
5230,66,SS19,short sleeves,0.0188679245283018,0.02392492
5230,4,SS19,short sleeves,0.0,0.0054931934
5226,10,SS19,culottes,0.0,0.011265022
5230,12,SS19,short sleeves,0.0,0.0075396616
5197,100,SS19,short sleeves,0.0,0.003926195
5226,15,SS19,culottes,0.0566037735849056,0.027540227
5197,85,SS19,short sleeves,0.0188679245283018,0.02278685
5197,82,SS19,short sleeves,0.0,0.00641956
5229,12,SS19,short sleeves,0.0,0.0072830226
5197,43,SS19,short sleeves,0.0,0.0069338595
5197,19,SS19,short sleeves,0.0,0.0050721867
5197,7,SS19,short sleeves,0.0,0.010061044
5226,65,SS19,culottes,0.0,0.008536685
5226,66,SS19,culottes,0.0754716981132075,0.020994447
5226,75,SS19,culottes,0.0188679245283018,0.015130015
5226,14,SS19,culottes,0.0188679245283018,0.02832161
5229,3,SS19,short sleeves,0.0,0.0039077345
5226,43,SS19,culottes,0.0377358490566037,0.014390847
5226,9,SS19,culottes,0.0,0.014744697
5226,110,SS19,culottes,0.0188679245283018,0.012183518
5229,85,SS19,short sleeves,0.0,0.01151903
5117,74,SS19,sleeveless,0.0,0.009721365
5270,39,SS19,long dress,0.0,0.02158771
5270,80,SS19,long dress,0.0188679245283018,0.011724708
5153,57,SS19,sleeveless,0.0,0.0032756901
5270,40,SS19,long dress,0.0188679245283018,0.020334
5198,25,SS19,culottes,0.0188679245283018,0.008358569
5270,81,SS19,long dress,0.0,0.015679028
5205,12,SS19,short sleeves,0.0566037735849056,0.011377882
5205,66,SS19,short sleeves,0.0188679245283018,0.025986474
5205,48,SS19,short sleeves,0.0,0.008274358
5205,43,SS19,short sleeves,0.0,0.009410988
5205,99,SS19,short sleeves,0.0,0.011307833
5205,50,SS19,short sleeves,0.0,0.005554732
5205,24,SS19,short sleeves,0.0188679245283018,0.008822598
5205,101,SS19,short sleeves,0.0188679245283018,0.022914821
5205,74,SS19,short sleeves,0.0,0.005997857
5205,90,SS19,short sleeves,0.0,0.005026312
5255,10,SS19,gitana skirt,0.0377358490566037,0.017644642
5205,8,SS19,short sleeves,0.0,0.004176735
5122,77,SS19,solid color top,0.0377358490566037,0.013304841
5223,16,SS19,gitana skirt,0.0,0.004341138
5223,28,SS19,gitana skirt,0.0,0.0030148288
5223,5,SS19,gitana skirt,0.0566037735849056,0.0072515276
5223,3,SS19,gitana skirt,0.0188679245283018,0.006200188
5223,14,SS19,gitana skirt,0.0,0.012055278
5144,13,SS19,maxi,0.0,0.0063234684
5144,3,SS19,maxi,0.0188679245283018,0.002590827
5198,41,SS19,culottes,0.0,0.01408688
5207,95,SS19,doll dress,0.0,0.007929157
5124,8,SS19,drop sleeve,0.0188679245283018,0.007140802
5153,102,SS19,sleeveless,0.0,0.0035972279
5226,63,SS19,culottes,0.0,0.016376099
5226,25,SS19,culottes,0.0188679245283018,0.011852428
5127,51,SS19,sleeveless,0.0,0.005446882
5226,104,SS19,culottes,0.0188679245283018,0.017099423
5226,29,SS19,culottes,0.0,0.016092997
5124,26,SS19,drop sleeve,0.0566037735849056,0.02833216
5153,47,SS19,sleeveless,0.0,0.0054142503
5124,35,SS19,drop sleeve,0.0,0.005456821
5223,31,SS19,gitana skirt,0.0,0.011518362
5153,51,SS19,sleeveless,0.0,0.003004778
5153,117,SS19,sleeveless,0.0,0.006256758
4145,27,SS19,culottes,0.0,0.0064886864
5153,5,SS19,sleeveless,0.0,0.0030315437
5124,61,SS19,drop sleeve,0.0,0.0048718187
5136,109,SS19,jumpsuit,0.0188679245283018,0.007641758
5134,32,SS19,drop sleeve,0.0,0.0052514905
4152,80,SS19,drop sleeve,0.0,0.007635022
5207,81,SS19,doll dress,0.0377358490566037,0.0063303434
5122,61,SS19,solid color top,0.0188679245283018,0.010063223
5207,18,SS19,doll dress,0.0188679245283018,0.0064352625
5124,83,SS19,drop sleeve,0.0,0.0048661004
5231,80,SS19,short sleeves,0.0,0.0070751086
5248,41,SS19,long sleeve,0.0,0.009387324
5167,54,SS19,long sleeve,0.0188679245283018,0.006840361
5246,79,SS19,long sleeve,0.0188679245283018,0.023206571
5219,33,SS19,culottes,0.0377358490566037,0.02289228
5175,41,SS19,jumpsuit,0.0,0.0036695227
5246,56,SS19,long sleeve,0.0,0.028129175
5246,69,SS19,long sleeve,0.0,0.013665341
5246,36,SS19,long sleeve,0.1509433962264151,0.062542856
5219,36,SS19,culottes,0.0,0.003360199
5246,8,SS19,long sleeve,0.0754716981132075,0.01696211
5243,100,SS19,shorts,0.0,0.0040208884
5175,57,SS19,jumpsuit,0.0188679245283018,0.008370542
5246,100,SS19,long sleeve,0.0,0.025715124
5199,2,SS19,long sleeve,0.0,0.013442588
5199,12,SS19,long sleeve,0.0,0.021371257
5175,59,SS19,jumpsuit,0.0,0.0044959
5199,7,SS19,long sleeve,0.0,0.018385177
5199,65,SS19,long sleeve,0.0377358490566037,0.016284365
5199,66,SS19,long sleeve,0.0,0.008101759
5199,48,SS19,long sleeve,0.0188679245283018,0.0071788477
5252,10,SS19,culottes,0.0188679245283018,0.011987707
5199,43,SS19,long sleeve,0.0,0.013152694
5199,9,SS19,long sleeve,0.0,0.0038477113
5246,94,SS19,long sleeve,0.0377358490566037,0.015260455
5082,93,SS19,culottes,0.0188679245283018,0.016111188
5246,7,SS19,long sleeve,0.0,0.014573067
5246,62,SS19,long sleeve,0.0,0.0143208485
5112,65,SS19,doll dress,0.0188679245283018,0.011327983
5112,60,SS19,doll dress,0.0,0.008491796
5269,29,SS19,culottes,0.0,0.01140715
5269,41,SS19,culottes,0.0,0.006774763
5220,25,SS19,culottes,0.0,0.009352579
5220,57,SS19,culottes,0.0377358490566037,0.017291294
5220,29,SS19,culottes,0.0377358490566037,0.016102768
5220,41,SS19,culottes,0.0,0.009325711
5219,12,SS19,culottes,0.0,0.006666914
5194,2,SS19,long sleeve,0.0188679245283018,0.019883543
5194,12,SS19,long sleeve,0.0,0.010001061
5219,19,SS19,culottes,0.0,0.0066107605
5194,15,SS19,long sleeve,0.0,0.0028124657
5194,94,SS19,long sleeve,0.0,0.008014954
5194,99,SS19,long sleeve,0.0,0.0039508683
5194,56,SS19,long sleeve,0.0,0.00505908
5194,117,SS19,long sleeve,0.0377358490566037,0.019969927
5194,22,SS19,long sleeve,0.0,0.0052732145
5194,101,SS19,long sleeve,0.0,0.0050234105
5194,72,SS19,long sleeve,0.0188679245283018,0.02168936
5194,53,SS19,long sleeve,0.0,0.007110299
5246,10,SS19,long sleeve,0.0943396226415094,0.026570482
5199,3,SS19,long sleeve,0.0,0.01722748
5155,22,SS19,culottes,0.0,0.0043954747
5199,99,SS19,long sleeve,0.0,0.009013773
5199,63,SS19,long sleeve,0.0,0.010269393
5199,21,SS19,long sleeve,0.0566037735849056,0.020254754
5199,102,SS19,long sleeve,0.0188679245283018,0.016489359
5199,25,SS19,long sleeve,0.0,0.009146766
5199,57,SS19,long sleeve,0.0,0.004510533
5199,41,SS19,long sleeve,0.0,0.0069434466
5224,30,SS19,long sleeve,0.0188679245283018,0.015144536
5224,2,SS19,long sleeve,0.0,0.0058314796
5224,10,SS19,long sleeve,0.0,0.004647228
5224,31,SS19,long sleeve,0.0,0.007930775
5224,66,SS19,long sleeve,0.0188679245283018,0.009545836
5224,84,SS19,long sleeve,0.0,0.009264191
5224,86,SS19,long sleeve,0.0377358490566037,0.009526192
5224,5,SS19,long sleeve,0.0,0.0098369215
5224,16,SS19,long sleeve,0.0188679245283018,0.019060634
5224,117,SS19,long sleeve,0.0188679245283018,0.00629292
5231,13,SS19,short sleeves,0.0,0.004026648
5224,50,SS19,long sleeve,0.0,0.0042960127
5224,33,SS19,long sleeve,0.0,0.008330379
5224,22,SS19,long sleeve,0.0,0.008806537
5224,51,SS19,long sleeve,0.0,0.0048319846
3973,94,SS19,culottes,0.0188679245283018,0.024590021
5199,59,SS19,long sleeve,0.0188679245283018,0.024269497
5199,8,SS19,long sleeve,0.0377358490566037,0.019697353
5199,4,SS19,long sleeve,0.0,0.014208459
5231,100,SS19,short sleeves,0.0,0.0038968856
5175,72,SS19,jumpsuit,0.0,0.004451933
5199,16,SS19,long sleeve,0.0,0.007917844
5199,13,SS19,long sleeve,0.0377358490566037,0.0254651
5199,117,SS19,long sleeve,0.0188679245283018,0.013371017
5199,93,SS19,long sleeve,0.0188679245283018,0.025944958
5199,22,SS19,long sleeve,0.0,0.011494332
5199,45,SS19,long sleeve,0.0,0.009448799
5199,51,SS19,long sleeve,0.0,0.014060008
5199,77,SS19,long sleeve,0.0,0.007297014
4228,102,SS19,short sleeves,0.0188679245283018,0.019030873
5231,18,SS19,short sleeves,0.0188679245283018,0.011062827
5199,1,SS19,long sleeve,0.0,0.007678405
5199,47,SS19,long sleeve,0.0188679245283018,0.019814081
5199,20,SS19,long sleeve,0.0,0.0036688587
5199,42,SS19,long sleeve,0.0377358490566037,0.012403754
5199,85,SS19,long sleeve,0.0,0.009617408
5231,46,SS19,short sleeves,0.0,0.00555074
5199,74,SS19,long sleeve,0.0188679245283018,0.012047477
5199,35,SS19,long sleeve,0.0188679245283018,0.020912904
5231,26,SS19,short sleeves,0.0,0.004991769
5199,46,SS19,long sleeve,0.0188679245283018,0.01780459
5199,68,SS19,long sleeve,0.0188679245283018,0.019029235
5167,12,SS19,long sleeve,0.0,0.006656891
5230,80,SS19,short sleeves,0.0,0.0056867255
5245,100,SS19,culottes,0.0,0.022831667
5241,69,SS19,long sleeve,0.0566037735849056,0.0148001285
5119,77,SS19,solid color top,0.0,0.006639998
5207,57,SS19,doll dress,0.0,0.004095883
5207,101,SS19,doll dress,0.0188679245283018,0.018136943
5138,12,SS19,culottes,0.0566037735849056,0.02968484
5138,80,SS19,culottes,0.0188679245283018,0.014571862
5207,47,SS19,doll dress,0.0,0.0053641987
5207,1,SS19,doll dress,0.0,0.009901997
5221,67,SS19,sleeveless,0.0,0.0028163823
5221,69,SS19,sleeveless,0.0,0.0038591977
5131,74,SS19,doll dress,0.0377358490566037,0.0076140906
5221,26,SS19,sleeveless,0.0,0.004205253
5221,46,SS19,sleeveless,0.0,0.0047750357
5245,30,SS19,culottes,0.0943396226415094,0.060814526
5146,68,SS19,culottes,0.0,0.0085253995
5272,80,SS19,shorts,0.0,0.007208444
5220,2,SS19,culottes,0.0,0.00780942
5220,10,SS19,culottes,0.0188679245283018,0.011962121
5114,63,SS19,long dress,0.0188679245283018,0.0057105133
5220,15,SS19,culottes,0.0188679245283018,0.014723952
5292,43,SS19,drop sleeve,0.0,0.0050195404
5289,13,SS19,short sleeves,0.0,0.006867902
5220,31,SS19,culottes,0.0,0.018398182
5119,74,SS19,solid color top,0.0,0.009942099
5207,44,SS19,doll dress,0.0,0.011013108
5181,21,SS19,long sleeve,0.0188679245283018,0.022047386
5181,46,SS19,long sleeve,0.0,0.006855985
5198,2,SS19,culottes,0.0,0.010935408
5181,36,SS19,long sleeve,0.0,0.010777546
5207,100,SS19,doll dress,0.0,0.021269139
5248,36,SS19,long sleeve,0.0188679245283018,0.012221046
5146,23,SS19,culottes,0.0,0.004774599
5181,3,SS19,long sleeve,0.0,0.0071946657
5181,12,SS19,long sleeve,0.0377358490566037,0.022816326
5248,35,SS19,long sleeve,0.0188679245283018,0.005454995
5248,69,SS19,long sleeve,0.0,0.0062880167
5248,67,SS19,long sleeve,0.0188679245283018,0.009768582
5248,13,SS19,long sleeve,0.0188679245283018,0.006141546
5248,80,SS19,long sleeve,0.0,0.0062156003
5248,49,SS19,long sleeve,0.0188679245283018,0.007567642
5221,16,SS19,sleeveless,0.0,0.003497248
5221,13,SS19,sleeveless,0.0188679245283018,0.022316704
5221,50,SS19,sleeveless,0.0188679245283018,0.022957042
5221,93,SS19,sleeveless,0.0,0.0040913653
5146,21,SS19,culottes,0.0188679245283018,0.009946273
5207,107,SS19,doll dress,0.0943396226415094,0.019421112
5272,30,SS19,shorts,0.0,0.007189788
5220,94,SS19,culottes,0.0188679245283018,0.010457195
5220,9,SS19,culottes,0.0188679245283018,0.011035325
5115,52,SS19,culottes,0.0,0.00696778
5149,72,SS19,capris,0.0188679245283018,0.008931792
5207,110,SS19,doll dress,0.0,0.014223911
5220,47,SS19,culottes,0.0188679245283018,0.0146470275
5140,109,SS19,patterned top,0.0377358490566037,0.025629869
4227,50,SS19,short sleeves,0.0377358490566037,0.0065228534
5220,109,SS19,culottes,0.0377358490566037,0.024672976
5220,82,SS19,culottes,0.0,0.009647192
5269,30,SS19,culottes,0.0,0.01732275
5269,86,SS19,culottes,0.0,0.013496741
5269,43,SS19,culottes,0.0566037735849056,0.016401052
5269,80,SS19,culottes,0.0377358490566037,0.0144525925
5179,21,SS19,doll dress,0.0,0.005275832
5245,69,SS19,culottes,0.0754716981132075,0.019609366
5245,35,SS19,culottes,0.0566037735849056,0.022910308
5245,36,SS19,culottes,0.0566037735849056,0.02945544
5103,28,SS19,sleeveless,0.0,0.0056206086
5090,24,SS19,long dress,0.0,0.0061076316
5269,35,SS19,culottes,0.0188679245283018,0.019786866
5245,8,SS19,culottes,0.0377358490566037,0.024998013
5220,26,SS19,culottes,0.0377358490566037,0.027519677
5220,4,SS19,culottes,0.0,0.002731344
5149,82,SS19,capris,0.0,0.006942779
5220,77,SS19,culottes,0.0566037735849056,0.01263002
5220,45,SS19,culottes,0.0,0.008254959
5207,56,SS19,doll dress,0.0,0.018627528
5220,6,SS19,culottes,0.0,0.0074918116
5182,69,SS19,long sleeve,0.0,0.0045466633
5220,3,SS19,culottes,0.0377358490566037,0.0136104785
5091,45,SS19,long dress,0.0188679245283018,0.025592357
5182,74,SS19,long sleeve,0.0188679245283018,0.02411145
5220,56,SS19,culottes,0.0566037735849056,0.011362833
5207,50,SS19,doll dress,0.0,0.0033410757
5207,117,SS19,doll dress,0.0188679245283018,0.026402997
5182,22,SS19,long sleeve,0.0,0.00587269
3823,94,SS19,culottes,0.0188679245283018,0.024013594
5245,41,SS19,culottes,0.0377358490566037,0.018025659
5220,93,SS19,culottes,0.0,0.012736016
5243,80,SS19,shorts,0.0,0.0035655613
5165,3,SS19,long sleeve,0.0188679245283018,0.023309633
5165,12,SS19,long sleeve,0.0943396226415094,0.008255008
5243,13,SS19,shorts,0.0188679245283018,0.0056045176
5245,86,SS19,culottes,0.0377358490566037,0.02860955
5245,39,SS19,culottes,0.0377358490566037,0.026143588
5245,80,SS19,culottes,0.0754716981132075,0.031753216
5220,52,SS19,culottes,0.0188679245283018,0.010155794
5245,56,SS19,culottes,0.0377358490566037,0.048830822
5245,13,SS19,culottes,0.0754716981132075,0.056695603
5165,74,SS19,long sleeve,0.0377358490566037,0.02448315
4184,8,SS19,short sleeves,0.0,0.0025501805
5234,76,SS19,short sleeves,0.1132075471698113,0.030107899
5162,56,SS19,long sleeve,0.0188679245283018,0.015433129
5212,75,SS19,culottes,0.0,0.042018667
5212,48,SS19,culottes,0.0188679245283018,0.01739695
5204,2,SS19,culottes,0.0,0.0053887325
5253,41,SS19,long dress,0.0,0.007748278
5253,29,SS19,long dress,0.0,0.023400946
5253,100,SS19,long dress,0.0,0.019085255
5196,29,SS19,culottes,0.0188679245283018,0.0078136455
5196,57,SS19,culottes,0.0,0.014008504
5196,100,SS19,culottes,0.0,0.004197259
5196,63,SS19,culottes,0.0,0.009788244
5204,94,SS19,culottes,0.0566037735849056,0.009387168
5196,59,SS19,culottes,0.0188679245283018,0.0077305804
5196,35,SS19,culottes,0.0,0.007216141
5196,107,SS19,culottes,0.0,0.007127854
5196,101,SS19,culottes,0.0188679245283018,0.011338272
5253,35,SS19,long dress,0.0,0.03252342
5196,47,SS19,culottes,0.0,0.0117657315
5196,1,SS19,culottes,0.0,0.006126056
5196,51,SS19,culottes,0.0754716981132075,0.026388582
5196,24,SS19,culottes,0.0377358490566037,0.008883416
5196,22,SS19,culottes,0.0,0.015660213
5196,93,SS19,culottes,0.0,0.013679756
5253,36,SS19,long dress,0.0,0.03467306
5204,43,SS19,culottes,0.0,0.011705529
5204,9,SS19,culottes,0.0,0.006188275
5204,13,SS19,culottes,0.0,0.006541015
5161,30,SS19,patterned top,0.0377358490566037,0.0038693591
5148,117,SS19,sleeveless,0.0188679245283018,0.010369942
5207,79,SS19,doll dress,0.0188679245283018,0.017212411
5160,110,SS19,printed shirt,0.0,0.0036715323
5160,94,SS19,printed shirt,0.0188679245283018,0.024292283
5088,83,SS19,long dress,0.0,0.0029579478
5207,75,SS19,doll dress,0.0,0.010064418
5207,19,SS19,doll dress,0.0,0.01678486
5163,22,SS19,culottes,0.0377358490566037,0.020866767
5212,54,SS19,culottes,0.0,0.0226728
5212,2,SS19,culottes,0.0,0.047958385
5212,12,SS19,culottes,0.0566037735849056,0.08128207
5207,31,SS19,doll dress,0.0,0.005809966
5212,49,SS19,culottes,0.0,0.023582753
5212,15,SS19,culottes,0.0188679245283018,0.06414333
5212,31,SS19,culottes,0.0188679245283018,0.0349661
5212,66,SS19,culottes,0.0,0.026202235
4194,107,SS19,solid color top,0.0,0.001671425
5207,15,SS19,doll dress,0.0,0.011606507
5207,7,SS19,doll dress,0.0,0.0094974665
5212,19,SS19,culottes,0.0943396226415094,0.05132087
5204,69,SS19,culottes,0.0,0.004460372
5204,82,SS19,culottes,0.0,0.0030070578
5253,40,SS19,long dress,0.0,0.009766182
5196,117,SS19,culottes,0.0188679245283018,0.015301104
5196,16,SS19,culottes,0.0,0.01583454
5196,56,SS19,culottes,0.0,0.013301167
5212,99,SS19,culottes,0.0566037735849056,0.030351873
5113,82,SS19,culottes,0.0188679245283018,0.010584461
5212,16,SS19,culottes,0.0943396226415094,0.040714942
5212,117,SS19,culottes,0.0377358490566037,0.018171156
5212,50,SS19,culottes,0.0188679245283018,0.023499493
5212,93,SS19,culottes,0.0566037735849056,0.024805835
5113,33,SS19,culottes,0.0188679245283018,0.01648415
5253,62,SS19,long dress,0.0377358490566037,0.012986127
5212,22,SS19,culottes,0.0188679245283018,0.038881104
5253,30,SS19,long dress,0.0566037735849056,0.0389029
5212,45,SS19,culottes,0.0188679245283018,0.028519154
5212,76,SS19,culottes,0.0188679245283018,0.035970137
5212,68,SS19,culottes,0.0754716981132075,0.0436313
5212,1,SS19,culottes,0.0,0.03131879
5212,47,SS19,culottes,0.0566037735849056,0.089876935
5212,20,SS19,culottes,0.0566037735849056,0.05227769
5212,42,SS19,culottes,0.1132075471698113,0.025820933
5212,27,SS19,culottes,0.0188679245283018,0.02051189
5212,82,SS19,culottes,0.0377358490566037,0.037945356
4082,64,SS19,long dress,0.0,0.0019403433
5212,107,SS19,culottes,0.0,0.025335936
5212,83,SS19,culottes,0.0377358490566037,0.028382441
5212,72,SS19,culottes,0.0188679245283018,0.02115352
5212,5,SS19,culottes,0.0188679245283018,0.03491837
5161,86,SS19,patterned top,0.0566037735849056,0.01685343
5212,3,SS19,culottes,0.0,0.046095386
5113,46,SS19,culottes,0.0,0.0014699077
5196,9,SS19,culottes,0.0,0.005038982
5196,73,SS19,culottes,0.0377358490566037,0.012397585
5196,80,SS19,culottes,0.0,0.005975531
5196,43,SS19,culottes,0.0188679245283018,0.018497912
5253,51,SS19,long dress,0.0566037735849056,0.015631882
5253,52,SS19,long dress,0.0,0.005416009
5253,56,SS19,long dress,0.0943396226415094,0.033553235
5253,73,SS19,long dress,0.0566037735849056,0.022423502
5253,80,SS19,long dress,0.0,0.035529323
5253,39,SS19,long dress,0.0188679245283018,0.016174011
5253,86,SS19,long dress,0.0377358490566037,0.053547624
5253,14,SS19,long dress,0.0566037735849056,0.034824852
5253,7,SS19,long dress,0.0,0.012154827
5196,31,SS19,culottes,0.0,0.004733295
5196,15,SS19,culottes,0.0,0.0024841093
5196,10,SS19,culottes,0.0377358490566037,0.008850814
5196,12,SS19,culottes,0.0377358490566037,0.029728206
5196,2,SS19,culottes,0.0188679245283018,0.009514205
5212,43,SS19,culottes,0.0377358490566037,0.031480737
5113,44,SS19,culottes,0.0,0.0053144493
5212,9,SS19,culottes,0.0377358490566037,0.031054124
5212,110,SS19,culottes,0.0,0.026565814
5113,18,SS19,culottes,0.0188679245283018,0.008738887
5212,6,SS19,culottes,0.0,0.015061917
5212,85,SS19,culottes,0.0566037735849056,0.029627135
5161,80,SS19,patterned top,0.0,0.0077087064
5204,46,SS19,culottes,0.0,0.00269213
5216,30,SS19,doll dress,0.0,0.004299752
5216,12,SS19,doll dress,0.0377358490566037,0.018671276
5216,7,SS19,doll dress,0.0188679245283018,0.026283644
5216,31,SS19,doll dress,0.0,0.0068041175
5216,19,SS19,doll dress,0.0,0.0058014225
5216,75,SS19,doll dress,0.0188679245283018,0.0075557027
5216,14,SS19,doll dress,0.0377358490566037,0.011306099
5216,43,SS19,doll dress,0.0,0.0036106668
5216,110,SS19,doll dress,0.0,0.012282499
5216,56,SS19,doll dress,0.0377358490566037,0.016083986
5261,30,SS19,solid color top,0.1320754716981132,0.033829793
5216,117,SS19,doll dress,0.0188679245283018,0.009069805
5216,93,SS19,doll dress,0.0,0.010453698
5216,45,SS19,doll dress,0.0,0.004046712
5216,77,SS19,doll dress,0.0,0.004338206
5216,82,SS19,doll dress,0.0,0.0027712814
5267,15,SS19,solid color top,0.0566037735849056,0.025458563
5216,72,SS19,doll dress,0.0,0.0075849798
5216,69,SS19,doll dress,0.0188679245283018,0.020591654
5216,18,SS19,doll dress,0.0,0.0031907582
5216,95,SS19,doll dress,0.0188679245283018,0.021671314
5267,80,SS19,solid color top,0.0,0.005700425
5216,50,SS19,doll dress,0.0,0.005205413
5257,36,SS19,solid color top,0.0188679245283018,0.026985414
5105,15,SS19,doll dress,0.0,0.002466065
5282,30,SS19,long sleeve,0.0,0.006244292
5244,43,SS19,long sleeve,0.0754716981132075,0.04566433
5244,86,SS19,long sleeve,0.0377358490566037,0.037691385
5244,94,SS19,long sleeve,0.1132075471698113,0.03838974
5244,10,SS19,long sleeve,0.0,0.08558898
5244,30,SS19,long sleeve,0.0943396226415094,0.08047999
5193,12,SS19,long dress,0.0,0.008827908
5193,65,SS19,long dress,0.0,0.0073769377
5193,94,SS19,long dress,0.0,0.0084481025
5193,75,SS19,long dress,0.0,0.0044272156
5193,14,SS19,long dress,0.0188679245283018,0.00341692
5193,43,SS19,long dress,0.0,0.008574238
5193,39,SS19,long dress,0.0,0.0052734064
5193,73,SS19,long dress,0.0188679245283018,0.014143631
5193,9,SS19,long dress,0.0,0.008483862
5193,28,SS19,long dress,0.0188679245283018,0.022249533
5193,22,SS19,long dress,0.0188679245283018,0.008831336
5193,24,SS19,long dress,0.0,0.004133112
5193,82,SS19,long dress,0.0,0.003457987
5193,53,SS19,long dress,0.0,0.00421296
5193,95,SS19,long dress,0.0,0.003556638
5193,104,SS19,long dress,0.0,0.016618177
5282,35,SS19,long sleeve,0.0188679245283018,0.013315813
5282,94,SS19,long sleeve,0.0188679245283018,0.007860317
5267,35,SS19,solid color top,0.0,0.01049582
5267,41,SS19,solid color top,0.0,0.0067912033
5105,4,SS19,doll dress,0.0,0.005282941
5268,29,SS19,printed shirt,0.0,0.035984125
5277,41,SS19,culottes,0.0188679245283018,0.009584703
5166,13,SS19,long dress,0.0,0.0046578976
5247,36,SS19,long sleeve,0.0377358490566037,0.022663629
5247,69,SS19,long sleeve,0.0,0.011702847
5247,40,SS19,long sleeve,0.0566037735849056,0.012115138
5249,8,SS19,culottes,0.0,0.0065818606
5249,36,SS19,culottes,0.0,0.012501138
5249,51,SS19,culottes,0.0377358490566037,0.021998897
5247,77,SS19,long sleeve,0.0,0.011684626
5249,49,SS19,culottes,0.0188679245283018,0.022967597
5247,13,SS19,long sleeve,0.0188679245283018,0.028532295
5251,81,SS19,culottes,0.0188679245283018,0.026198324
5251,69,SS19,culottes,0.0188679245283018,0.025693655
5247,56,SS19,long sleeve,0.0566037735849056,0.026573235
5251,73,SS19,culottes,0.0188679245283018,0.01800116
5176,86,SS19,jumpsuit,0.0,0.0077951294
5247,80,SS19,long sleeve,0.0,0.020330295
5178,20,SS19,culottes,0.0188679245283018,0.004650019
5247,15,SS19,long sleeve,0.0188679245283018,0.014036534
5247,7,SS19,long sleeve,0.0,0.016736358
5247,62,SS19,long sleeve,0.0,0.015258315
5290,77,SS19,long sleeve,0.0566037735849056,0.032067917
5254,30,SS19,long dress,0.0,0.0049229953
4219,0,SS19,short sleeves,0.0188679245283018,0.02226149
5088,57,SS19,long dress,0.0,0.0060427613
5148,45,SS19,sleeveless,0.0188679245283018,0.017610209
5277,36,SS19,culottes,0.0943396226415094,0.060649093
5268,41,SS19,printed shirt,0.0,0.023926541
5277,30,SS19,culottes,0.0188679245283018,0.07625681
5277,49,SS19,culottes,0.0,0.016725065
5277,7,SS19,culottes,0.0754716981132075,0.06546663
5102,10,SS19,doll dress,0.0,0.0037837573
5262,90,SS19,culottes,0.0,0.004098563
5262,1,SS19,culottes,0.0,0.0088986205
5262,22,SS19,culottes,0.0188679245283018,0.010719245
5262,3,SS19,culottes,0.0,0.004813587
5262,12,SS19,culottes,0.0188679245283018,0.008141362
5278,35,SS19,long sleeve,0.0188679245283018,0.0072373245
5277,79,SS19,culottes,0.0377358490566037,0.031104177
5277,86,SS19,culottes,0.0377358490566037,0.028827919
5277,43,SS19,culottes,0.0188679245283018,0.027527371
5277,80,SS19,culottes,0.0,0.025775861
5278,13,SS19,long sleeve,0.0,0.008576494
5095,64,SS19,patterned top,0.0,0.007227835
5277,56,SS19,culottes,0.0188679245283018,0.026809158
5277,13,SS19,culottes,0.0754716981132075,0.047651764
5148,77,SS19,sleeveless,0.0,0.008773223
5166,84,SS19,long dress,0.0377358490566037,0.024125667
5277,40,SS19,culottes,0.0188679245283018,0.034060776
5277,35,SS19,culottes,0.0,0.012579395
5277,8,SS19,culottes,0.0377358490566037,0.01581679
4171,22,SS19,sheath dress,0.0566037735849056,0.032051954
5212,67,SS19,culottes,0.0377358490566037,0.046897337
5212,32,SS19,culottes,0.0566037735849056,0.019599406
5225,19,SS19,capris,0.0377358490566037,0.028253999
5225,75,SS19,capris,0.0,0.036650363
5225,48,SS19,capris,0.0188679245283018,0.019763764
5225,79,SS19,capris,0.0566037735849056,0.01832879
5225,43,SS19,capris,0.0,0.02320428
5210,100,SS19,long dress,0.0188679245283018,0.008165017
5225,6,SS19,capris,0.0,0.007288656
5225,3,SS19,capris,0.0377358490566037,0.048818864
5225,5,SS19,capris,0.0,0.009897015
5225,99,SS19,capris,0.0188679245283018,0.008683465
5210,53,SS19,long dress,0.0188679245283018,0.006801414
5225,28,SS19,capris,0.0566037735849056,0.015030291
5225,13,SS19,capris,0.0188679245283018,0.008792305
5210,102,SS19,long dress,0.0754716981132075,0.03214883
5225,22,SS19,capris,0.0,0.018703379
5225,24,SS19,capris,0.0188679245283018,0.018828277
5121,64,SS19,sleeveless,0.0,0.0105548
5225,1,SS19,capris,0.0,0.023846338
5225,47,SS19,capris,0.0377358490566037,0.02888649
5259,41,SS19,patterned top,0.0,0.014181416
5259,29,SS19,patterned top,0.0,0.0038017605
5225,20,SS19,capris,0.0,0.0111608235
5225,16,SS19,capris,0.0,0.013881118
5225,31,SS19,capris,0.0188679245283018,0.014951813
5225,15,SS19,capris,0.0566037735849056,0.0076349904
5225,7,SS19,capris,0.0,0.009903761
4241,104,SS19,short sleeves,0.0377358490566037,0.02543053
4209,13,SS19,culottes,0.0,0.014843061
4209,16,SS19,culottes,0.0,0.009185945
4209,99,SS19,culottes,0.0188679245283018,0.012832122
5234,18,SS19,short sleeves,0.0,0.0048789447
5286,35,SS19,shorts,0.0,0.0046488624
4178,101,SS19,printed shirt,0.0,0.004236143
5178,3,SS19,culottes,0.0188679245283018,0.0207578
5178,12,SS19,culottes,0.0188679245283018,0.030623661
5178,30,SS19,culottes,0.0,0.009948716
5234,46,SS19,short sleeves,0.0188679245283018,0.01520538
4191,86,SS19,culottes,0.0377358490566037,0.02510119
5234,36,SS19,short sleeves,0.0188679245283018,0.016362833
5185,3,SS19,culottes,0.0,0.0072307284
5185,51,SS19,culottes,0.0188679245283018,0.019774845
5185,46,SS19,culottes,0.0,0.006091615
5185,63,SS19,culottes,0.0,0.008034925
5189,31,SS19,culottes,0.0188679245283018,0.011356884
5210,60,SS19,long dress,0.0188679245283018,0.020816665
5189,26,SS19,culottes,0.0188679245283018,0.021111581
5189,41,SS19,culottes,0.0,0.004650581
5225,2,SS19,capris,0.0,0.0040857205
5225,12,SS19,capris,0.0188679245283018,0.08050699
5225,42,SS19,capris,0.0188679245283018,0.0069321236
5234,35,SS19,short sleeves,0.0,0.017328814
5225,53,SS19,capris,0.0754716981132075,0.0102534285
5225,35,SS19,capris,0.0377358490566037,0.018280696
5234,20,SS19,short sleeves,0.0377358490566037,0.020122986
5286,86,SS19,shorts,0.0,0.007329257
5234,47,SS19,short sleeves,0.0,0.013757863
5234,68,SS19,short sleeves,0.0,0.01267451
5234,30,SS19,short sleeves,0.0566037735849056,0.026327845
5234,2,SS19,short sleeves,0.0566037735849056,0.016470455
5234,12,SS19,short sleeves,0.0,0.00561235
5234,10,SS19,short sleeves,0.0,0.0057445625
5234,7,SS19,short sleeves,0.0,0.013682251
5234,15,SS19,short sleeves,0.0188679245283018,0.03012751
5234,65,SS19,short sleeves,0.0,0.010591896
5234,94,SS19,short sleeves,0.0377358490566037,0.0233207
5234,19,SS19,short sleeves,0.0,0.01606785
5234,75,SS19,short sleeves,0.0188679245283018,0.014204348
5234,48,SS19,short sleeves,0.0,0.013889596
5234,79,SS19,short sleeves,0.0188679245283018,0.02013624
5234,43,SS19,short sleeves,0.0377358490566037,0.024997631
5234,80,SS19,short sleeves,0.0566037735849056,0.032292645
5234,3,SS19,short sleeves,0.0188679245283018,0.005299957
5234,99,SS19,short sleeves,0.0,0.01890593
5234,16,SS19,short sleeves,0.0,0.0074228235
5234,13,SS19,short sleeves,0.0377358490566037,0.016103389
5234,93,SS19,short sleeves,0.0188679245283018,0.012174716
5234,82,SS19,short sleeves,0.0,0.017553398
5285,80,SS19,solid color top,0.0,0.015522193
5234,107,SS19,short sleeves,0.0,0.019537503
5234,85,SS19,short sleeves,0.0188679245283018,0.017662328
5225,81,SS19,capris,0.0,0.009651772
5225,46,SS19,capris,0.0188679245283018,0.04339135
5225,90,SS19,capris,0.0188679245283018,0.019161304
5180,6,SS19,long dress,0.0188679245283018,0.027284628
5225,95,SS19,capris,0.0566037735849056,0.012965798
5225,0,SS19,capris,0.0188679245283018,0.020977214
5180,28,SS19,long dress,0.0188679245283018,0.017723845
5225,4,SS19,capris,0.0,0.011376967
5225,59,SS19,capris,0.0377358490566037,0.0102836015
5225,21,SS19,capris,0.0188679245283018,0.0
5225,25,SS19,capris,0.0377358490566037,0.025767399
5180,52,SS19,long dress,0.0566037735849056,0.035868067
5225,57,SS19,capris,0.0377358490566037,0.018977823
5225,104,SS19,capris,0.0754716981132075,0.015772177
5225,29,SS19,capris,0.0754716981132075,0.018678693
5225,41,SS19,capris,0.0188679245283018,0.011793542
5234,69,SS19,short sleeves,0.0,0.004351008
5148,49,SS19,sleeveless,0.0188679245283018,0.017670436
5180,42,SS19,long dress,0.0377358490566037,0.022283982
5180,83,SS19,long dress,0.0188679245283018,0.04124737
5234,74,SS19,short sleeves,0.0,0.008930439
5180,32,SS19,long dress,0.0377358490566037,0.0659767
5234,53,SS19,short sleeves,0.0,0.012307274
5234,83,SS19,short sleeves,0.0188679245283018,0.023857022
4209,47,SS19,culottes,0.0188679245283018,0.008038624
5242,30,SS19,printed shirt,0.0566037735849056,0.025557144
5234,59,SS19,short sleeves,0.0377358490566037,0.015956944
4161,20,SS19,long sleeve,0.0,0.004984453
5207,54,SS19,doll dress,0.0188679245283018,0.025919557
5166,24,SS19,long dress,0.0,0.005042398
5159,107,SS19,culottes,0.0,0.004288364
5288,29,SS19,solid color top,0.0,0.0059712944
5159,14,SS19,culottes,0.0188679245283018,0.006502823
5113,66,SS19,culottes,0.0377358490566037,0.03378798
5288,39,SS19,solid color top,0.0,0.004933476
5234,64,SS19,short sleeves,0.0377358490566037,0.013495877
5242,41,SS19,printed shirt,0.0,0.010446429
5222,24,SS19,culottes,0.0,0.002916591
5222,50,SS19,culottes,0.0,0.005184872
5222,13,SS19,culottes,0.0,0.0073341853
5222,75,SS19,culottes,0.0188679245283018,0.021786628
5222,94,SS19,culottes,0.0,0.004535768
5222,10,SS19,culottes,0.0,0.010424554
5222,2,SS19,culottes,0.0188679245283018,0.0038557444
5211,57,SS19,culottes,0.0,0.004243381
4217,57,SS19,culottes,0.0,0.007767943
5211,8,SS19,culottes,0.0377358490566037,0.026326172
5211,36,SS19,culottes,0.0,0.0046467273
5242,81,SS19,printed shirt,0.0188679245283018,0.009751519
5242,35,SS19,printed shirt,0.0,0.0045692446
5207,12,SS19,doll dress,0.0,0.035634346
5259,35,SS19,patterned top,0.0188679245283018,0.008946121
5212,41,SS19,culottes,0.0,0.023103947
5212,104,SS19,culottes,0.0,0.011239767
4204,29,SS19,culottes,0.0,0.004100418
5212,46,SS19,culottes,0.1132075471698113,0.06342456
4204,81,SS19,culottes,0.0188679245283018,0.008412384
5212,90,SS19,culottes,0.0188679245283018,0.026940376
5212,18,SS19,culottes,0.0188679245283018,0.03600146
4204,82,SS19,culottes,0.0188679245283018,0.004246335
4204,77,SS19,culottes,0.0188679245283018,0.018527677
5212,95,SS19,culottes,0.0377358490566037,0.033749964
5212,0,SS19,culottes,0.0377358490566037,0.02058617
5212,4,SS19,culottes,0.0,0.024406988
5212,8,SS19,culottes,0.0,0.028874287
5212,59,SS19,culottes,0.0188679245283018,0.032723956
5212,63,SS19,culottes,0.0377358490566037,0.022095399
5212,100,SS19,culottes,0.0,0.027128829
5212,102,SS19,culottes,0.0188679245283018,0.026003713
5207,10,SS19,doll dress,0.0,0.006318231
5259,86,SS19,patterned top,0.0,0.0053993035
5259,80,SS19,patterned top,0.0188679245283018,0.01031429
5130,74,SS19,culottes,0.0,0.017989133
4236,64,SS19,culottes,0.0,0.013512662
5130,82,SS19,culottes,0.0188679245283018,0.018196223
5130,5,SS19,culottes,0.0,0.006534333
5212,57,SS19,culottes,0.0377358490566037,0.042802032
5212,29,SS19,culottes,0.0188679245283018,0.03095935
5244,13,SS19,long sleeve,0.1320754716981132,0.07816127
5166,21,SS19,long dress,0.0,0.010009331
5259,36,SS19,patterned top,0.0188679245283018,0.01706492
5237,43,SS19,gitana skirt,0.0188679245283018,0.013140396
5237,75,SS19,gitana skirt,0.0377358490566037,0.009740346
5237,19,SS19,gitana skirt,0.0,0.005494874
5237,30,SS19,gitana skirt,0.0,0.012944869
5211,2,SS19,culottes,0.0,0.00782429
5211,54,SS19,culottes,0.0188679245283018,0.0066946116
4222,64,SS19,printed shirt,0.0566037735849056,0.024152016
5202,12,SS19,long sleeve,0.0,0.0098942695
5202,62,SS19,long sleeve,0.0188679245283018,0.009019541
5280,80,SS19,solid color top,0.0188679245283018,0.005219029
5234,44,SS19,short sleeves,0.0188679245283018,0.016801225
5280,86,SS19,solid color top,0.0188679245283018,0.009990322
5264,29,SS19,solid color top,0.0,0.0059065083
4210,68,SS19,culottes,0.0188679245283018,0.026776582
5264,36,SS19,solid color top,0.0188679245283018,0.004621532
5264,43,SS19,solid color top,0.0,0.0060132868
5264,86,SS19,solid color top,0.0,0.011147973
5093,73,SS19,culottes,0.0377358490566037,0.024164926
5242,80,SS19,printed shirt,0.0,0.016947167
5291,15,SS19,solid color top,0.0188679245283018,0.031208267
5242,39,SS19,printed shirt,0.0188679245283018,0.01529978
5242,43,SS19,printed shirt,0.0188679245283018,0.008111335
5234,63,SS19,short sleeves,0.0566037735849056,0.015088206
5237,39,SS19,gitana skirt,0.0,0.0049471334
5234,29,SS19,short sleeves,0.0,0.010231915
5211,12,SS19,culottes,0.0377358490566037,0.008887987
5237,5,SS19,gitana skirt,0.0,0.008914426
5236,75,SS19,gitana skirt,0.0188679245283018,0.025295136
5236,10,SS19,gitana skirt,0.0,0.014271713
5235,36,SS19,gitana skirt,0.0188679245283018,0.024081925
5235,35,SS19,gitana skirt,0.0,0.010557468
5234,104,SS19,short sleeves,0.0188679245283018,0.015189882
5234,57,SS19,short sleeves,0.0,0.008692637
5235,73,SS19,gitana skirt,0.0188679245283018,0.022026816
5211,68,SS19,culottes,0.0,0.0040535335
5211,24,SS19,culottes,0.0,0.005125793
5235,66,SS19,gitana skirt,0.0188679245283018,0.013866459
5235,12,SS19,gitana skirt,0.0188679245283018,0.034550477
5237,18,SS19,gitana skirt,0.0,0.0027119813
5237,36,SS19,gitana skirt,0.0,0.004092968
5237,72,SS19,gitana skirt,0.0,0.004293759
5237,47,SS19,gitana skirt,0.0,0.006114861
5211,60,SS19,culottes,0.0188679245283018,0.007973292
4217,10,SS19,culottes,0.0,0.012516982
5211,19,SS19,culottes,0.0,0.015003951
4217,54,SS19,culottes,0.0,0.011413084
5211,7,SS19,culottes,0.0,0.007454499
5237,22,SS19,gitana skirt,0.0,0.0035854194
5237,13,SS19,gitana skirt,0.0377358490566037,0.023494368
5237,56,SS19,gitana skirt,0.0,0.0054129567
5237,73,SS19,gitana skirt,0.0,0.005955203
5244,52,SS19,long sleeve,0.0943396226415094,0.02948166
5278,94,SS19,long sleeve,0.0566037735849056,0.010716509
5200,67,SS19,drop sleeve,0.0377358490566037,0.022960695
5218,9,SS19,long sleeve,0.0377358490566037,0.017372666
5148,107,SS19,sleeveless,0.0,0.015066304
5195,23,SS19,long sleeve,0.0188679245283018,0.0066714357
5195,41,SS19,long sleeve,0.0,0.009376972
5218,6,SS19,long sleeve,0.0,0.0062708943
5218,3,SS19,long sleeve,0.0,0.024590736
5195,64,SS19,long sleeve,0.0377358490566037,0.010979375
5195,57,SS19,long sleeve,0.0,0.0070958138
5195,25,SS19,long sleeve,0.0,0.008348207
5218,5,SS19,long sleeve,0.0377358490566037,0.01578821
5208,29,SS19,patterned top,0.0,0.0075830272
5195,8,SS19,long sleeve,0.0,0.003910621
5195,4,SS19,long sleeve,0.0,0.005743984
5218,99,SS19,long sleeve,0.0,0.0104733
5195,18,SS19,long sleeve,0.0,0.01178318
5195,26,SS19,long sleeve,0.0,0.007942266
5195,40,SS19,long sleeve,0.0,0.01007056
5283,80,SS19,shorts,0.0,0.0045080227
5195,83,SS19,long sleeve,0.0,0.007212891
5195,42,SS19,long sleeve,0.0,0.01292879
5195,20,SS19,long sleeve,0.0,0.010503303
5195,47,SS19,long sleeve,0.0,0.00311213
5218,16,SS19,long sleeve,0.0,0.0073068384
5112,64,SS19,doll dress,0.0,0.008006503
5218,80,SS19,long sleeve,0.0,0.020886065
5268,36,SS19,printed shirt,0.0566037735849056,0.023853336
5268,81,SS19,printed shirt,0.0566037735849056,0.018982723
5208,99,SS19,patterned top,0.0,0.004473047
5208,33,SS19,patterned top,0.0,0.005478085
5208,76,SS19,patterned top,0.0188679245283018,0.004626575
5218,10,SS19,long sleeve,0.0,0.02388515
5218,15,SS19,long sleeve,0.0,0.012937185
5218,31,SS19,long sleeve,0.0188679245283018,0.016675653
5208,83,SS19,patterned top,0.0,0.005058528
5208,32,SS19,patterned top,0.0,0.0041349255
5208,53,SS19,patterned top,0.0,0.0065609077
5218,65,SS19,long sleeve,0.0377358490566037,0.02903095
5208,35,SS19,patterned top,0.0,0.0044067255
5195,1,SS19,long sleeve,0.0,0.010286307
5218,66,SS19,long sleeve,0.0188679245283018,0.010335368
5208,46,SS19,patterned top,0.0,0.0069262334
5218,75,SS19,long sleeve,0.0566037735849056,0.012527082
5218,48,SS19,long sleeve,0.0,0.0070126136
5287,41,SS19,shorts,0.0188679245283018,0.012131061
5218,14,SS19,long sleeve,0.0,0.0083889235
5238,12,SS19,kimono dress,0.0188679245283018,0.031472195
5238,10,SS19,kimono dress,0.0188679245283018,0.023211766
5238,3,SS19,kimono dress,0.0377358490566037,0.006062063
5268,69,SS19,printed shirt,0.0566037735849056,0.012653858
5238,18,SS19,kimono dress,0.0,0.008156333
5268,35,SS19,printed shirt,0.0,0.015341308
5218,84,SS19,long sleeve,0.0188679245283018,0.017108181
5195,68,SS19,long sleeve,0.0188679245283018,0.02001807
5195,24,SS19,long sleeve,0.0188679245283018,0.009601173
5195,16,SS19,long sleeve,0.0188679245283018,0.008687762
5218,95,SS19,long sleeve,0.0188679245283018,0.015286058
5218,18,SS19,long sleeve,0.0,0.014887036
5218,90,SS19,long sleeve,0.0188679245283018,0.013533545
5218,46,SS19,long sleeve,0.0,0.013816053
5218,26,SS19,long sleeve,0.0566037735849056,0.013992445
5218,45,SS19,long sleeve,0.0188679245283018,0.02354743
5218,74,SS19,long sleeve,0.0188679245283018,0.007963204
5218,32,SS19,long sleeve,0.0,0.010048389
5218,67,SS19,long sleeve,0.0,0.009362244
5218,85,SS19,long sleeve,0.0377358490566037,0.022222215
5218,76,SS19,long sleeve,0.0,0.007053551
5208,104,SS19,patterned top,0.0,0.010307306
5208,63,SS19,patterned top,0.0188679245283018,0.01893234
5218,68,SS19,long sleeve,0.0188679245283018,0.017165719
5218,82,SS19,long sleeve,0.0,0.018209783
5218,1,SS19,long sleeve,0.0,0.02639401
5218,47,SS19,long sleeve,0.0,0.007556704
5218,27,SS19,long sleeve,0.0,0.0037730404
5208,18,SS19,patterned top,0.0,0.0060777287
5287,80,SS19,shorts,0.0,0.017542234
5218,38,SS19,long sleeve,0.0,0.012750673
5218,101,SS19,long sleeve,0.0188679245283018,0.016083367
5218,42,SS19,long sleeve,0.0188679245283018,0.010361555
5218,20,SS19,long sleeve,0.0754716981132075,0.032186233
5208,8,SS19,patterned top,0.0,0.0055752196
5218,12,SS19,long sleeve,0.0,0.017925013
5283,41,SS19,shorts,0.0566037735849056,0.013137879
5218,0,SS19,long sleeve,0.0188679245283018,0.012938171
5195,28,SS19,long sleeve,0.0,0.004441986
5195,99,SS19,long sleeve,0.0,0.009435404
5218,50,SS19,long sleeve,0.0188679245283018,0.009803989
5218,93,SS19,long sleeve,0.0377358490566037,0.012608265
5195,3,SS19,long sleeve,0.0,0.007302975
5195,110,SS19,long sleeve,0.0566037735849056,0.014767341
5195,9,SS19,long sleeve,0.0,0.0064279283
5195,79,SS19,long sleeve,0.0188679245283018,0.0055754567
5195,75,SS19,long sleeve,0.0188679245283018,0.01575246
5195,19,SS19,long sleeve,0.0,0.009098858
5195,66,SS19,long sleeve,0.0188679245283018,0.02404172
5218,22,SS19,long sleeve,0.0,0.025280451
5195,31,SS19,long sleeve,0.0,0.014269835
5218,33,SS19,long sleeve,0.0,0.019340107
5195,10,SS19,long sleeve,0.0,0.006855407
5195,12,SS19,long sleeve,0.0,0.009950297
5218,41,SS19,long sleeve,0.0188679245283018,0.029932268
5218,64,SS19,long sleeve,0.0188679245283018,0.017428592
5218,104,SS19,long sleeve,0.0,0.008851704
5218,21,SS19,long sleeve,0.0377358490566037,0.015193878
5218,100,SS19,long sleeve,0.0377358490566037,0.03549138
5218,63,SS19,long sleeve,0.0188679245283018,0.015661024
5218,8,SS19,long sleeve,0.0377358490566037,0.03295699
5218,4,SS19,long sleeve,0.0943396226415094,0.03705231
5195,15,SS19,long sleeve,0.0188679245283018,0.015252425
5218,2,SS19,long sleeve,0.0377358490566037,0.02341987
5195,85,SS19,long sleeve,0.0,0.007250194
5266,43,SS19,sleeveless,0.0188679245283018,0.031930346
5208,48,SS19,patterned top,0.0188679245283018,0.005774999
5162,19,SS19,long sleeve,0.0,0.011509246
5244,8,SS19,long sleeve,0.0188679245283018,0.047440544
5244,100,SS19,long sleeve,0.0,0.03702321
5208,6,SS19,patterned top,0.0188679245283018,0.022021167
5208,3,SS19,patterned top,0.0,0.00898645
5244,40,SS19,long sleeve,0.0377358490566037,0.040915906
5268,80,SS19,printed shirt,0.0188679245283018,0.07836792
5162,14,SS19,long sleeve,0.0,0.016612504
5208,94,SS19,patterned top,0.0,0.008639213
5208,9,SS19,patterned top,0.0377358490566037,0.026554588
5112,59,SS19,doll dress,0.0377358490566037,0.01593471
5208,19,SS19,patterned top,0.0377358490566037,0.012627304
5266,80,SS19,sleeveless,0.0,0.03636466
5208,110,SS19,patterned top,0.0,0.0056211567
5244,41,SS19,long sleeve,0.0566037735849056,0.034630354
5218,54,SS19,long sleeve,0.0,0.006125859
5297,73,SS19,long dress,0.0566037735849056,0.021106137
5297,79,SS19,long dress,0.0188679245283018,0.016291887
5253,2,SS19,long dress,0.0,0.009389314
4208,28,SS19,short sleeves,0.0188679245283018,0.008559503
5253,12,SS19,long dress,0.0,0.047991484
5295,69,SS19,jumpsuit,0.0,0.0070526954
5295,35,SS19,jumpsuit,0.0,0.006438394
5113,68,SS19,culottes,0.0,0.0067259558
5232,4,SS19,sleeveless,0.0754716981132075,0.024607219
5143,31,SS19,capris,0.0,0.0041451557
5226,86,SS19,culottes,0.0,0.0062162024
5113,24,SS19,culottes,0.0,0.005046944
5117,46,SS19,sleeveless,0.0,0.0037191303
5226,39,SS19,culottes,0.0,0.016319586
5297,80,SS19,long dress,0.0566037735849056,0.03858383
5212,74,SS19,culottes,0.0566037735849056,0.028957186
5311,40,SS19,jumpsuit,0.0188679245283018,0.014868373
5259,19,SS19,patterned top,0.0,0.005403606
5297,14,SS19,long dress,0.0566037735849056,0.02768546
5195,86,SS19,long sleeve,0.0188679245283018,0.008544629
5297,49,SS19,long dress,0.0,0.014343957
5311,69,SS19,jumpsuit,0.1132075471698113,0.027828075
5298,53,SS19,long cardigan,0.0566037735849056,0.00645564
5212,61,SS19,culottes,0.0566037735849056,0.023637047
5297,94,SS19,long dress,0.0,0.014446338
5188,41,SS19,sleeveless,0.0,0.0063068843
5197,83,SS19,short sleeves,0.0,0.0065860962
5312,12,SS19,sleeveless,0.0,0.018819982
5197,47,SS19,short sleeves,0.0,0.0043135844
5297,12,SS19,long dress,0.0,0.034438584
5268,3,SS19,printed shirt,0.0188679245283018,0.033663165
5125,45,SS19,culottes,0.0188679245283018,0.010327118
5207,49,SS19,doll dress,0.0,0.0057178414
5232,28,SS19,sleeveless,0.0188679245283018,0.020053027
5197,65,SS19,short sleeves,0.0,0.0052234274
5311,81,SS19,jumpsuit,0.0,0.014120171
5298,69,SS19,long cardigan,0.0,0.009400588
5197,12,SS19,short sleeves,0.0,0.011834561
5226,94,SS19,culottes,0.0,0.0075469874
5297,30,SS19,long dress,0.0,0.016716246
5212,28,SS19,culottes,0.0943396226415094,0.036443662
5195,2,SS19,long sleeve,0.0,0.010643388
5226,101,SS19,culottes,0.0754716981132075,0.017328694
5226,27,SS19,culottes,0.0377358490566037,0.011707475
5272,18,SS19,shorts,0.0,0.007065732
5196,94,SS19,culottes,0.0,0.016449576
5226,85,SS19,culottes,0.0754716981132075,0.013394943
5196,19,SS19,culottes,0.0377358490566037,0.024772814
5226,53,SS19,culottes,0.0,0.004093931
5147,8,SS19,capris,0.0188679245283018,0.0030687924
5253,31,SS19,long dress,0.0188679245283018,0.020028155
5272,29,SS19,shorts,0.0,0.00462681
5253,65,SS19,long dress,0.0,0.01811174
5270,2,SS19,long dress,0.0,0.006411062
5270,12,SS19,long dress,0.0,0.008359547
5253,66,SS19,long dress,0.0,0.014075302
5270,7,SS19,long dress,0.0,0.015335567
5270,15,SS19,long dress,0.0566037735849056,0.013895531
5270,31,SS19,long dress,0.0,0.022160333
5270,66,SS19,long dress,0.0188679245283018,0.012116645
5196,75,SS19,culottes,0.0188679245283018,0.0075291716
5234,54,SS19,short sleeves,0.0188679245283018,0.025389433
5253,94,SS19,long dress,0.0,0.010985455
5298,35,SS19,long cardigan,0.0,0.007882534
5226,20,SS19,culottes,0.0566037735849056,0.024463449
5304,67,SS19,long dress,0.0377358490566037,0.03255999
5195,73,SS19,long sleeve,0.0,0.0058820606
5195,54,SS19,long sleeve,0.0188679245283018,0.004501043
5209,44,SS19,patterned top,0.0188679245283018,0.008783672
5117,20,SS19,sleeveless,0.0,0.004064342
5117,38,SS19,sleeveless,0.0,0.0038683654
5226,28,SS19,culottes,0.0,0.004053474
5266,19,SS19,sleeveless,0.0188679245283018,0.03015234
5145,66,SS19,doll dress,0.0,0.007461369
5253,10,SS19,long dress,0.0188679245283018,0.025330702
5304,69,SS19,long dress,0.0188679245283018,0.02171853
5226,93,SS19,culottes,0.0754716981132075,0.0140747465
5226,22,SS19,culottes,0.0188679245283018,0.009144767
5209,59,SS19,patterned top,0.0188679245283018,0.012275301
5209,8,SS19,patterned top,0.0,0.003678997
5226,24,SS19,culottes,0.0188679245283018,0.0053893193
5218,44,SS19,long sleeve,0.0377358490566037,0.007765378
5218,25,SS19,long sleeve,0.0,0.0070242537
5196,54,SS19,culottes,0.0,0.0058128946
5162,2,SS19,long sleeve,0.0,0.007088324
5286,15,SS19,shorts,0.0,0.005874371
5298,36,SS19,long cardigan,0.0,0.013223228
5226,12,SS19,culottes,0.0,0.013342956
5260,12,SS19,culottes,0.0188679245283018,0.008953089
5125,50,SS19,culottes,0.0188679245283018,0.012409855
5207,0,SS19,doll dress,0.0,0.00892008
5288,18,SS19,solid color top,0.0,0.0051900255
5288,100,SS19,solid color top,0.0188679245283018,0.017689697
5307,7,SS19,jumpsuit,0.0,0.009894233
5321,54,SS19,solid color top,0.0,0.011427701
5321,19,SS19,solid color top,0.0377358490566037,0.012892959
5321,14,SS19,solid color top,0.0,0.0041497787
5298,15,SS19,long cardigan,0.0,0.015508115
5321,69,SS19,solid color top,0.0,0.0056766937
5288,46,SS19,solid color top,0.0,0.007401354
5321,29,SS19,solid color top,0.0188679245283018,0.005300473
5272,53,SS19,shorts,0.0,0.0028817845
5298,49,SS19,long cardigan,0.0,0.0122638
5097,38,SS19,doll dress,0.0188679245283018,0.020957561
5130,19,SS19,culottes,0.0,0.0038000727
5124,50,SS19,drop sleeve,0.0,0.006783272
5298,12,SS19,long cardigan,0.0,0.027925622
5315,12,SS19,solid color top,0.0754716981132075,0.0213565
5312,41,SS19,sleeveless,0.0,0.010196334
4222,27,SS19,printed shirt,0.0,0.013266623
5306,43,SS19,solid color top,0.0,0.022841977
5250,85,SS19,long dress,0.0566037735849056,0.017077103
5288,36,SS19,solid color top,0.0,0.006998808
5288,35,SS19,solid color top,0.0188679245283018,0.0049961195
5198,53,SS19,culottes,0.0,0.008585674
5242,29,SS19,printed shirt,0.0,0.008645784
5176,107,SS19,jumpsuit,0.0188679245283018,0.022160346
5198,36,SS19,culottes,0.0,0.009722193
5258,101,SS19,culottes,0.0,0.005528401
5198,26,SS19,culottes,0.0,0.00628225
5215,48,SS19,jumpsuit,0.0188679245283018,0.024711601
5307,12,SS19,jumpsuit,0.0,0.0059208632
5198,18,SS19,culottes,0.0,0.00856077
5207,4,SS19,doll dress,0.0188679245283018,0.006615051
5215,10,SS19,jumpsuit,0.0188679245283018,0.011124116
5198,4,SS19,culottes,0.0,0.0026129656
5288,3,SS19,solid color top,0.0,0.0069967704
5318,15,SS19,jumpsuit,0.0,0.012613352
5198,63,SS19,culottes,0.0,0.0051132618
5288,82,SS19,solid color top,0.0,0.003715812
5198,21,SS19,culottes,0.0188679245283018,0.005195315
5217,3,SS19,sleeveless,0.0,0.0037290268
5288,83,SS19,solid color top,0.0188679245283018,0.0176466
5198,57,SS19,culottes,0.0,0.005556956
5113,48,SS19,culottes,0.0566037735849056,0.015200268
4222,101,SS19,printed shirt,0.0,0.022560062
5250,77,SS19,long dress,0.0188679245283018,0.020752845
5298,62,SS19,long cardigan,0.0188679245283018,0.01475648
5318,12,SS19,jumpsuit,0.0,0.028458783
5148,19,SS19,sleeveless,0.0377358490566037,0.016793171
5295,56,SS19,jumpsuit,0.0,0.006751786
5201,102,SS19,long dress,0.0,0.036786307
5166,45,SS19,long dress,0.0,0.0053742514
5212,21,SS19,culottes,0.0188679245283018,0.02851527
5195,33,SS19,long sleeve,0.0,0.0048091016
5195,50,SS19,long sleeve,0.0,0.011188308
4204,19,SS19,culottes,0.0188679245283018,0.004572557
5311,100,SS19,jumpsuit,0.0943396226415094,0.018306807
5259,39,SS19,patterned top,0.0566037735849056,0.015135833
5180,90,SS19,long dress,0.0754716981132075,0.041508213
4204,110,SS19,culottes,0.0,0.009088816
5143,33,SS19,capris,0.0377358490566037,0.023169246
5226,30,SS19,culottes,0.0,0.009815284
5143,117,SS19,capris,0.0188679245283018,0.024492374
5232,54,SS19,sleeveless,0.0,0.0025777672
5180,25,SS19,long dress,0.0377358490566037,0.0139411865
5226,54,SS19,culottes,0.0,0.007887637
5253,19,SS19,long dress,0.0188679245283018,0.014971481
5229,29,SS19,short sleeves,0.0,0.0041177347
5234,67,SS19,short sleeves,0.0188679245283018,0.009207235
5130,35,SS19,culottes,0.0,0.005172058
5311,29,SS19,jumpsuit,0.0566037735849056,0.030364616
5311,41,SS19,jumpsuit,0.0188679245283018,0.013781462
5124,20,SS19,drop sleeve,0.0,0.003316513
5315,3,SS19,solid color top,0.0377358490566037,0.025706388
5307,86,SS19,jumpsuit,0.0377358490566037,0.006159754
4236,50,SS19,culottes,0.0,0.00729275
5272,83,SS19,shorts,0.0,0.005720535
5307,39,SS19,jumpsuit,0.0,0.005814718
5259,3,SS19,patterned top,0.0,0.009208837
5212,23,SS19,culottes,0.0754716981132075,0.014014312
5217,90,SS19,sleeveless,0.0,0.004615964
5212,64,SS19,culottes,0.0,0.026299963
5295,94,SS19,jumpsuit,0.0,0.00633166
5258,74,SS19,culottes,0.0377358490566037,0.022756552
5188,12,SS19,sleeveless,0.0,0.014039935
5130,73,SS19,culottes,0.0188679245283018,0.021102754
5318,30,SS19,jumpsuit,0.0566037735849056,0.012746066
5125,28,SS19,culottes,0.0,0.0035447162
5212,44,SS19,culottes,0.0,0.011175539
5212,25,SS19,culottes,0.0,0.010332972
5203,9,SS19,sleeveless,0.0,0.005686905
5295,80,SS19,jumpsuit,0.0188679245283018,0.014782088
5203,56,SS19,sleeveless,0.0,0.0030420949
5298,30,SS19,long cardigan,0.0188679245283018,0.018898202
5125,117,SS19,culottes,0.0188679245283018,0.016440142
5253,48,SS19,long dress,0.0188679245283018,0.021694671
5253,75,SS19,long dress,0.0188679245283018,0.0118853785
5255,12,SS19,gitana skirt,0.0188679245283018,0.006040187
5311,10,SS19,jumpsuit,0.0754716981132075,0.016006656
5255,15,SS19,gitana skirt,0.0188679245283018,0.020279825
5205,18,SS19,short sleeves,0.0,0.0030106432
5253,64,SS19,long dress,0.0,0.0074578994
5125,4,SS19,culottes,0.0566037735849056,0.0066996682
5205,59,SS19,short sleeves,0.0188679245283018,0.02092292
5255,48,SS19,gitana skirt,0.0377358490566037,0.008705883
5255,86,SS19,gitana skirt,0.0,0.009561148
5255,54,SS19,gitana skirt,0.0,0.011846414
5244,74,SS19,long sleeve,0.0566037735849056,0.0666219
5302,36,SS19,sleeveless,0.0,0.0075528156
5302,53,SS19,sleeveless,0.0,0.0033003783
5218,107,SS19,long sleeve,0.0188679245283018,0.005867548
5223,21,SS19,gitana skirt,0.0,0.0068441452
5223,20,SS19,gitana skirt,0.0,0.0041821734
5223,51,SS19,gitana skirt,0.0,0.008034459
5223,45,SS19,gitana skirt,0.0377358490566037,0.007557047
5192,59,SS19,sleeveless,0.0,0.0037323132
5212,60,SS19,culottes,0.0377358490566037,0.025255911
5311,12,SS19,jumpsuit,0.0,0.07151996
5125,59,SS19,culottes,0.0188679245283018,0.013239662
5255,30,SS19,gitana skirt,0.0,0.0032806846
5253,44,SS19,long dress,0.0,0.015641684
5253,8,SS19,long dress,0.0566037735849056,0.02144537
5319,12,SS19,sleeveless,0.0377358490566037,0.011916377
5196,4,SS19,culottes,0.0,0.004906172
5268,94,SS19,printed shirt,0.0188679245283018,0.039270762
5316,94,SS19,culottes,0.0566037735849056,0.027188543
5266,29,SS19,sleeveless,0.0,0.012866678
5192,68,SS19,sleeveless,0.0,0.006942837
5314,30,SS19,gitana skirt,0.0,0.0030186095
5218,72,SS19,long sleeve,0.0566037735849056,0.015905008
5253,104,SS19,long dress,0.0,0.009960986
5314,12,SS19,gitana skirt,0.0188679245283018,0.010129133
5311,15,SS19,jumpsuit,0.0566037735849056,0.020129947
5196,41,SS19,culottes,0.0,0.0035493628
5253,63,SS19,long dress,0.0,0.017039182
5218,83,SS19,long sleeve,0.0,0.015223658
5205,93,SS19,short sleeves,0.0188679245283018,0.017920285
5205,33,SS19,short sleeves,0.0,0.0033914705
5253,21,SS19,long dress,0.0,0.018317115
5253,102,SS19,long dress,0.0188679245283018,0.010043259
5253,25,SS19,long dress,0.0188679245283018,0.01706604
5147,76,SS19,capris,0.0,0.0026215538
5204,12,SS19,culottes,0.0,0.011458241
5223,73,SS19,gitana skirt,0.0,0.004842984
5223,80,SS19,gitana skirt,0.0,0.013222415
5255,35,SS19,gitana skirt,0.0188679245283018,0.00876394
5204,61,SS19,culottes,0.0,0.003973792
5132,2,SS19,maxi,0.0,0.009162612
5255,18,SS19,gitana skirt,0.0188679245283018,0.0034456041
5126,117,SS19,culottes,0.0188679245283018,0.013836265
5316,56,SS19,culottes,0.0188679245283018,0.038057975
5207,86,SS19,doll dress,0.0,0.014498241
5255,29,SS19,gitana skirt,0.0,0.0025640752
5255,41,SS19,gitana skirt,0.0,0.0051401234
5204,20,SS19,culottes,0.0377358490566037,0.02555419
5268,31,SS19,printed shirt,0.0,0.01752932
5125,25,SS19,culottes,0.0377358490566037,0.0068605444
5234,33,SS19,short sleeves,0.0188679245283018,0.01117624
5259,2,SS19,patterned top,0.0377358490566037,0.020818887
5234,22,SS19,short sleeves,0.0,0.006815996
5271,29,SS19,long sleeve,0.0,0.006286966
5302,80,SS19,sleeveless,0.0,0.004064178
5271,36,SS19,long sleeve,0.0,0.0048604324
5302,7,SS19,sleeveless,0.0,0.008946642
5302,12,SS19,sleeveless,0.0188679245283018,0.009849733
5268,15,SS19,printed shirt,0.0,0.028333252
5255,53,SS19,gitana skirt,0.0,0.003443055
5145,10,SS19,doll dress,0.0188679245283018,0.004838568
5255,83,SS19,gitana skirt,0.0188679245283018,0.0067764246
5223,48,SS19,gitana skirt,0.0,0.0039595994
5316,14,SS19,culottes,0.0566037735849056,0.035678346
4197,74,SS19,printed shirt,0.0,0.0052941497
5309,80,SS19,sleeveless,0.0943396226415094,0.018960785
5309,73,SS19,sleeveless,0.0188679245283018,0.017553862
5223,15,SS19,gitana skirt,0.0188679245283018,0.021405986
5266,46,SS19,sleeveless,0.0,0.02302575
5204,80,SS19,culottes,0.0,0.0049986495
5141,26,SS19,short sleeves,0.0188679245283018,0.021833088
5316,39,SS19,culottes,0.0377358490566037,0.037263185
5122,24,SS19,solid color top,0.0,0.007470194
5255,13,SS19,gitana skirt,0.0188679245283018,0.012326159
5255,33,SS19,gitana skirt,0.0188679245283018,0.0051736585
5316,80,SS19,culottes,0.0188679245283018,0.035592403
5316,73,SS19,culottes,0.0566037735849056,0.015838511
5157,18,SS19,short sleeves,0.0,0.007593024
5255,51,SS19,gitana skirt,0.0,0.0044589266
5144,46,SS19,maxi,0.0,0.0029337842
5157,83,SS19,short sleeves,0.0,0.0034327672
5255,20,SS19,gitana skirt,0.0,0.004318742
5204,99,SS19,culottes,0.0,0.0062965555
5270,46,SS19,long dress,0.0188679245283018,0.01583771
5226,26,SS19,culottes,0.0,0.009221933
5270,36,SS19,long dress,0.0188679245283018,0.01940129
5253,95,SS19,long dress,0.0,0.0075756945
5226,21,SS19,culottes,0.0377358490566037,0.015995625
5253,99,SS19,long dress,0.0,0.018498821
5226,44,SS19,culottes,0.0,0.013677978
5226,57,SS19,culottes,0.0566037735849056,0.016202336
5253,28,SS19,long dress,0.0,0.010585746
5209,20,SS19,patterned top,0.0,0.010516007
5253,16,SS19,long dress,0.0377358490566037,0.016529946
5253,13,SS19,long dress,0.0,0.007347318
5253,117,SS19,long dress,0.0188679245283018,0.012540033
5270,77,SS19,long dress,0.0566037735849056,0.026670866
5226,41,SS19,culottes,0.0,0.020859372
5253,33,SS19,long dress,0.0,0.009487247
5209,38,SS19,patterned top,0.0754716981132075,0.020647584
5253,45,SS19,long dress,0.0,0.005787155
5253,24,SS19,long dress,0.0,0.008609626
5253,76,SS19,long dress,0.0,0.04724344
5209,11,SS19,patterned top,0.0188679245283018,0.022714676
5253,77,SS19,long dress,0.0,0.016411074
4173,44,SS19,short sleeves,0.0377358490566037,0.003914077
5253,68,SS19,long dress,0.0,0.009673865
5253,93,SS19,long dress,0.0,0.0066236453
5253,1,SS19,long dress,0.0,0.010022302
5253,5,SS19,long dress,0.0,0.011895366
5253,3,SS19,long dress,0.0,0.036428336
5253,60,SS19,long dress,0.0,0.006848307
5122,90,SS19,solid color top,0.0,0.006768232
5098,19,SS19,culottes,0.0188679245283018,0.0105178105
5209,83,SS19,patterned top,0.0188679245283018,0.021376776
5253,79,SS19,long dress,0.0,0.004489179
5266,3,SS19,sleeveless,0.0188679245283018,0.02017948
5253,43,SS19,long dress,0.0188679245283018,0.020813053
5268,14,SS19,printed shirt,0.0,0.021379594
5270,110,SS19,long dress,0.0943396226415094,0.024437374
5270,76,SS19,long dress,0.0188679245283018,0.012062886
5270,3,SS19,long dress,0.0377358490566037,0.01571447
5270,99,SS19,long dress,0.0377358490566037,0.026547836
5226,95,SS19,culottes,0.0377358490566037,0.0121640265
5270,13,SS19,long dress,0.0377358490566037,0.019475585
5253,9,SS19,long dress,0.0,0.017981794
5226,0,SS19,culottes,0.0377358490566037,0.027264725
5226,4,SS19,culottes,0.0,0.014517753
5253,110,SS19,long dress,0.0754716981132075,0.045169428
5253,6,SS19,long dress,0.0188679245283018,0.008809029
5226,59,SS19,culottes,0.0377358490566037,0.007695562
5270,5,SS19,long dress,0.0,0.012405535
5253,47,SS19,long dress,0.0188679245283018,0.009873653
5253,38,SS19,long dress,0.0566037735849056,0.023166742
5196,79,SS19,culottes,0.0,0.005350412
5218,69,SS19,long sleeve,0.0754716981132075,0.012028614
5268,75,SS19,printed shirt,0.0,0.022795651
5250,10,SS19,long dress,0.0754716981132075,0.03519859
5298,29,SS19,long cardigan,0.0754716981132075,0.013395822
5268,19,SS19,printed shirt,0.0,0.036798645
5196,68,SS19,culottes,0.0,0.0132138645
5266,40,SS19,sleeveless,0.0188679245283018,0.01936515
5253,69,SS19,long dress,0.0,0.038553026
5192,86,SS19,sleeveless,0.0,0.00528015
5253,74,SS19,long dress,0.0,0.00977448
5297,56,SS19,long dress,0.0566037735849056,0.032871637
5122,42,SS19,solid color top,0.0,0.012243484
5253,81,SS19,long dress,0.0377358490566037,0.023296466
5270,107,SS19,long dress,0.0188679245283018,0.027622225
5311,94,SS19,jumpsuit,0.0,0.03179903
5270,85,SS19,long dress,0.0188679245283018,0.021152394
4208,59,SS19,short sleeves,0.0188679245283018,0.028812466
5147,1,SS19,capris,0.0,0.0046400325
5253,26,SS19,long dress,0.0,0.0058398694
5253,46,SS19,long dress,0.0,0.020709883
5270,68,SS19,long dress,0.0,0.008316772
5253,53,SS19,long dress,0.0188679245283018,0.0237246
5253,32,SS19,long dress,0.0188679245283018,0.0074812653
5253,67,SS19,long dress,0.0,0.017927995
5298,8,SS19,long cardigan,0.0188679245283018,0.011413904
5253,101,SS19,long dress,0.0,0.0054323035
5162,109,SS19,long sleeve,0.0566037735849056,0.017554024
5232,25,SS19,sleeveless,0.0188679245283018,0.024908276
5253,107,SS19,long dress,0.0,0.013500947
5253,83,SS19,long dress,0.0188679245283018,0.020813853
5316,30,SS19,culottes,0.0754716981132075,0.057434242
5250,31,SS19,long dress,0.0188679245283018,0.024663644
5188,10,SS19,sleeveless,0.0,0.0059692995
5250,15,SS19,long dress,0.0,0.020958036
5311,80,SS19,jumpsuit,0.0943396226415094,0.06272617
5134,77,SS19,drop sleeve,0.0,0.006236561
5311,79,SS19,jumpsuit,0.0,0.006325091
5316,12,SS19,culottes,0.1320754716981132,0.068320066
5196,50,SS19,culottes,0.0,0.0079214815
5122,67,SS19,solid color top,0.0,0.011629473
5316,49,SS19,culottes,0.0566037735849056,0.02337911
5316,7,SS19,culottes,0.0754716981132075,0.02982837
5122,85,SS19,solid color top,0.0,0.006152821
5316,15,SS19,culottes,0.0188679245283018,0.061752766
5253,85,SS19,long dress,0.0,0.010032414
5270,35,SS19,long dress,0.0,0.01582725
5288,19,SS19,solid color top,0.0,0.007818458
5222,33,SS19,culottes,0.0,0.0059058866
5222,109,SS19,culottes,0.0,0.003916904
5269,79,SS19,culottes,0.0,0.006363555
5269,12,SS19,culottes,0.0,0.005441646
5285,43,SS19,solid color top,0.0188679245283018,0.0119590815
5308,29,SS19,culottes,0.0188679245283018,0.022170952
5285,15,SS19,solid color top,0.0377358490566037,0.013107377
5145,110,SS19,doll dress,0.0188679245283018,0.0047792215
5285,12,SS19,solid color top,0.0377358490566037,0.04070892
5220,27,SS19,culottes,0.0,0.013087355
5234,8,SS19,short sleeves,0.0188679245283018,0.026107011
5234,4,SS19,short sleeves,0.0,0.009435861
5276,54,SS19,sleeveless,0.0188679245283018,0.004567032
5299,51,SS19,short sleeves,0.0,0.0036051366
5242,12,SS19,printed shirt,0.0,0.021698022
5242,15,SS19,printed shirt,0.0,0.008478008
5191,10,SS19,solid color top,0.0188679245283018,0.01389534
5125,31,SS19,culottes,0.0,0.008562719
5242,31,SS19,printed shirt,0.0,0.018021448
5220,51,SS19,culottes,0.0,0.0065546194
5147,31,SS19,capris,0.0,0.008071627
5298,73,SS19,long cardigan,0.0,0.005819192
5220,68,SS19,culottes,0.0,0.0036331012
5242,19,SS19,printed shirt,0.0188679245283018,0.033703543
5269,3,SS19,culottes,0.0,0.010205487
5269,45,SS19,culottes,0.0,0.0076808245
5286,29,SS19,shorts,0.0,0.0036595187
5243,26,SS19,shorts,0.0,0.003210124
5234,90,SS19,short sleeves,0.0377358490566037,0.021407994
5243,36,SS19,shorts,0.0,0.0031179267
5220,21,SS19,culottes,0.0377358490566037,0.012381545
5173,57,SS19,kimono dress,0.0377358490566037,0.017958058
5284,31,SS19,long dress,0.0,0.011579939
5176,57,SS19,jumpsuit,0.0,0.006139736
5269,46,SS19,culottes,0.0566037735849056,0.011603008
5269,5,SS19,culottes,0.0,0.009153363
5312,35,SS19,sleeveless,0.0,0.0047835815
5269,69,SS19,culottes,0.0188679245283018,0.008246192
5285,69,SS19,solid color top,0.0188679245283018,0.016050648
5225,36,SS19,capris,0.0,0.0167285
5243,85,SS19,shorts,0.0,0.008004149
5243,47,SS19,shorts,0.0,0.00393435
5285,20,SS19,solid color top,0.0377358490566037,0.008789512
4209,24,SS19,culottes,0.0,0.009393766
5220,69,SS19,culottes,0.0,0.011114335
5269,82,SS19,culottes,0.0,0.005378287
5284,69,SS19,long dress,0.0,0.010952059
5242,75,SS19,printed shirt,0.0,0.016684208
5276,66,SS19,sleeveless,0.0,0.0064753415
5276,60,SS19,sleeveless,0.0188679245283018,0.0073072356
5276,83,SS19,sleeveless,0.0188679245283018,0.0058338293
5264,46,SS19,solid color top,0.0,0.0055067614
5264,18,SS19,solid color top,0.0,0.005343581
5272,56,SS19,shorts,0.0,0.0035283358
5287,82,SS19,shorts,0.0,0.0068837516
5264,41,SS19,solid color top,0.0,0.0035023703
5220,12,SS19,culottes,0.0188679245283018,0.0127965305
5280,30,SS19,solid color top,0.0,0.015039643
5280,12,SS19,solid color top,0.0,0.004029629
5308,18,SS19,culottes,0.0,0.0069424636
5220,54,SS19,culottes,0.0,0.011741313
4143,32,SS19,culottes,0.0377358490566037,0.023151549
5312,36,SS19,sleeveless,0.0377358490566037,0.0069612777
5268,46,SS19,printed shirt,0.0,0.019545026
5275,46,SS19,gitana skirt,0.0188679245283018,0.0077496106
5298,14,SS19,long cardigan,0.0943396226415094,0.020713383
5280,45,SS19,solid color top,0.0,0.004721665
5280,69,SS19,solid color top,0.0,0.008045417
5268,18,SS19,printed shirt,0.0,0.027377019
5280,81,SS19,solid color top,0.0188679245283018,0.028259087
5280,75,SS19,solid color top,0.0,0.0083616115
5264,69,SS19,solid color top,0.0,0.0038245404
5264,53,SS19,solid color top,0.0,0.0034486316
5264,83,SS19,solid color top,0.0,0.0045534587
5220,22,SS19,culottes,0.0377358490566037,0.014034408
5298,80,SS19,long cardigan,0.0,0.04081459
5276,14,SS19,sleeveless,0.0566037735849056,0.026712455
5284,15,SS19,long dress,0.0,0.010998486
5243,110,SS19,shorts,0.0,0.0040225363
5234,21,SS19,short sleeves,0.0188679245283018,0.008617024
5243,43,SS19,shorts,0.0,0.003021622
5242,13,SS19,printed shirt,0.0,0.0081486525
5272,36,SS19,shorts,0.0,0.0051109004
5259,63,SS19,patterned top,0.0,0.0059643257
5259,18,SS19,patterned top,0.0,0.0045324895
5220,13,SS19,culottes,0.0,0.008796327
5298,39,SS19,long cardigan,0.0754716981132075,0.016069155
5276,28,SS19,sleeveless,0.0188679245283018,0.02187147
5308,57,SS19,culottes,0.0,0.0047076065
5264,12,SS19,solid color top,0.0,0.0075682458
5264,19,SS19,solid color top,0.0,0.013526872
5091,22,SS19,long dress,0.0,0.0049969736
5272,22,SS19,shorts,0.0,0.003124621
5276,77,SS19,sleeveless,0.0,0.004068028
5276,20,SS19,sleeveless,0.0,0.0068556555
5286,63,SS19,shorts,0.0,0.0061182873
5207,41,SS19,doll dress,0.0,0.008814831
4232,27,SS19,culottes,0.0188679245283018,0.02135388
5269,63,SS19,culottes,0.0188679245283018,0.010440013
5312,13,SS19,sleeveless,0.0,0.007038839
5284,9,SS19,long dress,0.1320754716981132,0.015807105
5284,80,SS19,long dress,0.0,0.020701112
5268,20,SS19,printed shirt,0.0,0.025667517
5225,14,SS19,capris,0.0188679245283018,0.020841049
5152,81,SS19,capris,0.0,0.004669746
5284,85,SS19,long dress,0.0,0.0072874334
5225,38,SS19,capris,0.0,0.010811999
5210,69,SS19,long dress,0.0188679245283018,0.0083611645
5225,9,SS19,capris,0.0,0.0062053152
5284,43,SS19,long dress,0.0,0.014268018
5110,53,SS19,short sleeves,0.0,0.004092276
5268,82,SS19,printed shirt,0.0,0.017819848
5208,67,SS19,patterned top,0.0188679245283018,0.020367533
5225,49,SS19,capris,0.0,0.007286738
5313,30,SS19,shorts,0.0,0.0058987746
5313,12,SS19,shorts,0.0188679245283018,0.0069015175
5284,14,SS19,long dress,0.0,0.01257225
5313,49,SS19,shorts,0.0377358490566037,0.009670167
5268,83,SS19,printed shirt,0.0188679245283018,0.018509032
5275,35,SS19,gitana skirt,0.0188679245283018,0.012868463
5210,50,SS19,long dress,0.0,0.006704515
5275,40,SS19,gitana skirt,0.0377358490566037,0.009514858
5268,47,SS19,printed shirt,0.0377358490566037,0.058955017
5252,104,SS19,culottes,0.0188679245283018,0.021598792
5225,76,SS19,capris,0.0377358490566037,0.014638343
5252,4,SS19,culottes,0.0188679245283018,0.00568663
5252,90,SS19,culottes,0.0188679245283018,0.024840306
5225,77,SS19,capris,0.0188679245283018,0.011675194
5225,45,SS19,capris,0.0188679245283018,0.008816123
5268,50,SS19,printed shirt,0.0,0.01405125
5210,104,SS19,long dress,0.0188679245283018,0.012162286
5268,22,SS19,printed shirt,0.0188679245283018,0.032763045
5252,43,SS19,culottes,0.0188679245283018,0.009373006
5252,20,SS19,culottes,0.0377358490566037,0.01068322
5284,22,SS19,long dress,0.0,0.008545127
5252,110,SS19,culottes,0.0,0.004015709
5252,73,SS19,culottes,0.0188679245283018,0.0048753535
5312,15,SS19,sleeveless,0.0,0.008436058
5268,51,SS19,printed shirt,0.0,0.011578633
5284,3,SS19,long dress,0.0188679245283018,0.011100203
5152,77,SS19,capris,0.0,0.0065225107
5309,56,SS19,sleeveless,0.0,0.014807933
5252,80,SS19,culottes,0.0,0.0040398603
5252,51,SS19,culottes,0.0,0.004626342
5313,56,SS19,shorts,0.0,0.004092703
5208,74,SS19,patterned top,0.0,0.005360056
5189,74,SS19,culottes,0.0188679245283018,0.016308544
5081,38,SS19,short sleeves,0.0,0.0046536853
5263,36,SS19,culottes,0.0377358490566037,0.022390665
5312,77,SS19,sleeveless,0.0,0.006717155
5263,53,SS19,culottes,0.0188679245283018,0.021901194
5298,56,SS19,long cardigan,0.0188679245283018,0.023053732
5310,49,SS19,short sleeves,0.0188679245283018,0.013668062
5263,73,SS19,culottes,0.0188679245283018,0.010126641
5263,12,SS19,culottes,0.0754716981132075,0.012782091
5310,15,SS19,short sleeves,0.0188679245283018,0.013451291
5225,74,SS19,capris,0.0,0.007860021
5310,94,SS19,short sleeves,0.0188679245283018,0.005472344
5310,77,SS19,short sleeves,0.0,0.0045175683
5310,29,SS19,short sleeves,0.0,0.009269893
5286,50,SS19,shorts,0.0188679245283018,0.008393084
5286,22,SS19,shorts,0.0,0.0024234522
4209,73,SS19,culottes,0.0188679245283018,0.008819605
5286,45,SS19,shorts,0.0,0.008836534
5220,44,SS19,culottes,0.0188679245283018,0.008070158
5286,51,SS19,shorts,0.0,0.006363173
5286,53,SS19,shorts,0.0,0.0030665942
5310,80,SS19,short sleeves,0.0,0.0061087315
5298,13,SS19,long cardigan,0.0,0.012901959
5252,12,SS19,culottes,0.0,0.018960424
5310,10,SS19,short sleeves,0.0,0.008070757
5189,32,SS19,culottes,0.0377358490566037,0.024582354
5323,12,SS19,drop sleeve,0.0188679245283018,0.017484529
5284,19,SS19,long dress,0.0,0.012662721
5189,30,SS19,culottes,0.0188679245283018,0.0251866
5268,53,SS19,printed shirt,0.0,0.010162781
5231,75,SS19,short sleeves,0.0,0.0044773733
5185,36,SS19,culottes,0.0188679245283018,0.0119766
5225,83,SS19,capris,0.0377358490566037,0.00434581
5225,85,SS19,capris,0.0566037735849056,0.010887639
5231,5,SS19,short sleeves,0.0188679245283018,0.0065920656
5185,74,SS19,culottes,0.0,0.008523552
5231,40,SS19,short sleeves,0.0188679245283018,0.022482583
5225,67,SS19,capris,0.0,0.018583026
5234,26,SS19,short sleeves,0.0,0.004566688
5301,94,SS19,short sleeves,0.0188679245283018,0.023562215
5149,57,SS19,capris,0.0,0.0042136903
5301,7,SS19,short sleeves,0.0188679245283018,0.022996327
5298,52,SS19,long cardigan,0.0188679245283018,0.014393089
5275,107,SS19,gitana skirt,0.0,0.013988595
5310,12,SS19,short sleeves,0.0,0.0068039238
5252,15,SS19,culottes,0.0188679245283018,0.011408193
5269,18,SS19,culottes,0.0188679245283018,0.0044967043
5198,85,SS19,culottes,0.0,0.018808655
5284,7,SS19,long dress,0.0,0.0042294716
5276,0,SS19,sleeveless,0.0377358490566037,0.024294795
5274,90,SS19,sleeveless,0.0,0.006149826
5274,35,SS19,sleeveless,0.0188679245283018,0.0118507175
5288,12,SS19,solid color top,0.0,0.009791882
4220,101,SS19,culottes,0.0,0.0032984375
5195,69,SS19,long sleeve,0.0,0.0057206303
5222,12,SS19,culottes,0.0377358490566037,0.010032601
5268,13,SS19,printed shirt,0.0,0.023994138
5234,40,SS19,short sleeves,0.0188679245283018,0.007940877
5195,74,SS19,long sleeve,0.0188679245283018,0.009756634
5274,18,SS19,sleeveless,0.0,0.0036501403
5215,76,SS19,jumpsuit,0.0188679245283018,0.021252947
5274,48,SS19,sleeveless,0.0,0.0022318754
5274,65,SS19,sleeveless,0.0,0.0039268574
5274,12,SS19,sleeveless,0.0,0.012916755
5274,62,SS19,sleeveless,0.0188679245283018,0.007023135
5265,29,SS19,sleeveless,0.0,0.008397246
5265,100,SS19,sleeveless,0.0,0.0065194024
5265,63,SS19,sleeveless,0.0,0.0064159585
5265,59,SS19,sleeveless,0.0188679245283018,0.0047517093
5198,101,SS19,culottes,0.0,0.0067848237
5302,30,SS19,sleeveless,0.0,0.00431021
5265,8,SS19,sleeveless,0.0,0.0039599827
5298,67,SS19,long cardigan,0.0,0.0057694167
5242,18,SS19,printed shirt,0.0,0.032470252
5236,36,SS19,gitana skirt,0.0377358490566037,0.018567402
5272,35,SS19,shorts,0.0,0.004069342
5198,28,SS19,culottes,0.0,0.011543903
5195,0,SS19,long sleeve,0.0377358490566037,0.012273543
5242,47,SS19,printed shirt,0.0188679245283018,0.011152222
5242,20,SS19,printed shirt,0.0,0.01512287
5198,13,SS19,culottes,0.0,0.012123268
5242,82,SS19,printed shirt,0.0,0.0068070805
5242,83,SS19,printed shirt,0.0,0.010321104
5276,63,SS19,sleeveless,0.0188679245283018,0.020275222
5198,33,SS19,culottes,0.0188679245283018,0.002993744
5201,51,SS19,long dress,0.0188679245283018,0.032671165
5201,107,SS19,long dress,0.0,0.005456074
5242,36,SS19,printed shirt,0.0,0.018510556
5250,95,SS19,long dress,0.0377358490566037,0.021529581
5198,68,SS19,culottes,0.0,0.0053151455
5242,46,SS19,printed shirt,0.0188679245283018,0.018190105
5274,100,SS19,sleeveless,0.0,0.0053163506
5296,18,SS19,culottes,0.0,0.0068567037
5296,90,SS19,culottes,0.0188679245283018,0.00577711
5242,69,SS19,printed shirt,0.0188679245283018,0.018169217
5222,14,SS19,culottes,0.0,0.013978323
5296,46,SS19,culottes,0.0,0.00834735
5222,73,SS19,culottes,0.0,0.0050079953
5296,3,SS19,culottes,0.0,0.008462217
5296,6,SS19,culottes,0.0,0.0060321204
5240,22,SS19,long sleeve,0.0,0.0037625837
5296,43,SS19,culottes,0.0,0.0044056764
5240,3,SS19,long sleeve,0.0,0.0070800353
5195,82,SS19,long sleeve,0.0,0.0032271487
5296,79,SS19,culottes,0.0188679245283018,0.00728319
5240,12,SS19,long sleeve,0.0,0.008639946
5296,48,SS19,culottes,0.0188679245283018,0.02306412
5240,36,SS19,long sleeve,0.0,0.003677679
5296,19,SS19,culottes,0.0,0.0048331465
5296,31,SS19,culottes,0.0,0.0043835435
5296,15,SS19,culottes,0.0,0.008561313
5215,93,SS19,jumpsuit,0.0,0.00800549
5296,12,SS19,culottes,0.0188679245283018,0.015988037
4230,101,SS19,culottes,0.0,0.0018334568
5146,9,SS19,culottes,0.0,0.011727456
5296,54,SS19,culottes,0.0,0.0038517602
5296,30,SS19,culottes,0.0,0.005941709
5258,14,SS19,culottes,0.0,0.0035716442
5296,66,SS19,culottes,0.0188679245283018,0.009166271
5240,46,SS19,long sleeve,0.0,0.0044752704
5240,21,SS19,long sleeve,0.0,0.0043602465
5198,82,SS19,culottes,0.0,0.0101398425
5296,26,SS19,culottes,0.0188679245283018,0.014447044
5265,46,SS19,sleeveless,0.0,0.0052396976
5296,81,SS19,culottes,0.0,0.0036773358
5265,50,SS19,sleeveless,0.0,0.0039046241
5265,16,SS19,sleeveless,0.0,0.008574641
5265,56,SS19,sleeveless,0.0,0.005368022
5296,72,SS19,culottes,0.0,0.0092481915
5268,56,SS19,printed shirt,0.0,0.009957251
5296,83,SS19,culottes,0.0,0.005908589
5265,60,SS19,sleeveless,0.0,0.005883218
5265,19,SS19,sleeveless,0.0,0.009393592
5265,10,SS19,sleeveless,0.0,0.0051327534
5265,12,SS19,sleeveless,0.0,0.006199802
5296,107,SS19,culottes,0.0,0.0065058493
5296,68,SS19,culottes,0.0,0.0048387744
5296,77,SS19,culottes,0.0,0.008251128
5296,45,SS19,culottes,0.0,0.0044388673
5296,52,SS19,culottes,0.0,0.009541671
5296,28,SS19,culottes,0.0,0.0036529945
5296,99,SS19,culottes,0.0,0.005905046
5296,5,SS19,culottes,0.0,0.00778081
5236,69,SS19,gitana skirt,0.0754716981132075,0.010686476
5280,18,SS19,solid color top,0.0,0.004328525
5198,110,SS19,culottes,0.0188679245283018,0.016215824
4217,42,SS19,culottes,0.0188679245283018,0.0073642316
5308,40,SS19,culottes,0.0,0.0051736212
5308,42,SS19,culottes,0.0,0.00844912
5191,94,SS19,solid color top,0.0,0.008081768
5211,31,SS19,culottes,0.0,0.0034117168
5284,10,SS19,long dress,0.0188679245283018,0.011684009
5318,36,SS19,jumpsuit,0.0,0.0070176697
5137,3,SS19,shorts,0.0188679245283018,0.0018530024
5237,51,SS19,gitana skirt,0.0,0.0040781754
5237,77,SS19,gitana skirt,0.0,0.01378522
5308,26,SS19,culottes,0.0377358490566037,0.007919422
5318,35,SS19,jumpsuit,0.0,0.0066736485
5237,46,SS19,gitana skirt,0.0,0.0027257237
5148,101,SS19,sleeveless,0.0188679245283018,0.011339166
5237,100,SS19,gitana skirt,0.0,0.0033935292
5237,29,SS19,gitana skirt,0.0,0.005213082
5211,93,SS19,culottes,0.0188679245283018,0.022239394
5235,94,SS19,gitana skirt,0.0188679245283018,0.00875067
5284,12,SS19,long dress,0.0188679245283018,0.018180503
5211,22,SS19,culottes,0.0,0.004427522
5235,14,SS19,gitana skirt,0.0188679245283018,0.008761171
5318,69,SS19,jumpsuit,0.0,0.004300616
5225,8,SS19,capris,0.0,0.007704983
5308,46,SS19,culottes,0.0,0.006600856
5208,43,SS19,patterned top,0.0188679245283018,0.02267837
5272,10,SS19,shorts,0.0188679245283018,0.006501823
5242,45,SS19,printed shirt,0.0,0.017745584
5272,2,SS19,shorts,0.0,0.0038679119
5276,8,SS19,sleeveless,0.0,0.0035120512
5237,12,SS19,gitana skirt,0.0,0.0068383673
5284,46,SS19,long dress,0.0,0.005194644
5284,8,SS19,long dress,0.0188679245283018,0.015384419
5284,29,SS19,long dress,0.0,0.008583718
5273,63,SS19,sleeveless,0.0377358490566037,0.02623346
5275,68,SS19,gitana skirt,0.0377358490566037,0.0070685926
5237,3,SS19,gitana skirt,0.0,0.0069669466
5198,30,SS19,culottes,0.0,0.009313574
5273,18,SS19,sleeveless,0.0377358490566037,0.027837826
5198,12,SS19,culottes,0.0,0.016235575
5242,51,SS19,printed shirt,0.0,0.017202891
5114,117,SS19,long dress,0.0,0.013886192
4210,23,SS19,culottes,0.0188679245283018,0.028499698
5148,25,SS19,sleeveless,0.0,0.0081397975
5273,69,SS19,sleeveless,0.0566037735849056,0.03228088
5273,85,SS19,sleeveless,0.0188679245283018,0.028231554
5309,77,SS19,sleeveless,0.0188679245283018,0.02136829
5149,84,SS19,capris,0.0188679245283018,0.0060960036
5215,46,SS19,jumpsuit,0.0188679245283018,0.025036957
5149,65,SS19,capris,0.0,0.011592492
5239,50,SS19,sleeveless,0.0,0.003673372
5239,99,SS19,sleeveless,0.0,0.0047034454
5239,3,SS19,sleeveless,0.0,0.004942105
5239,6,SS19,sleeveless,0.0377358490566037,0.024894204
5239,48,SS19,sleeveless,0.0188679245283018,0.017813066
5239,75,SS19,sleeveless,0.0188679245283018,0.007157345
5239,12,SS19,sleeveless,0.0,0.009462103
5281,59,SS19,sleeveless,0.0,0.007220699
5281,99,SS19,sleeveless,0.0,0.005150528
5239,93,SS19,sleeveless,0.0,0.009646605
5235,100,SS19,gitana skirt,0.0188679245283018,0.00915193
5308,12,SS19,culottes,0.0,0.015485552
5308,54,SS19,culottes,0.0188679245283018,0.006118388
5308,30,SS19,culottes,0.0,0.0061981725
5296,21,SS19,culottes,0.0,0.00486451
5148,64,SS19,sleeveless,0.0,0.0037137668
5114,6,SS19,long dress,0.0188679245283018,0.010611136
5259,46,SS19,patterned top,0.0,0.008976566
5250,29,SS19,long dress,0.0188679245283018,0.025045339
5260,90,SS19,culottes,0.0377358490566037,0.026734995
5281,14,SS19,sleeveless,0.0377358490566037,0.02695698
5239,45,SS19,sleeveless,0.0,0.0049645756
5239,76,SS19,sleeveless,0.0188679245283018,0.02155595
5308,86,SS19,culottes,0.0,0.009460989
5312,10,SS19,sleeveless,0.0,0.01464971
5149,31,SS19,capris,0.0,0.0050682095
5149,15,SS19,capris,0.0,0.0036628742
5149,2,SS19,capris,0.0,0.005202152
5191,95,SS19,solid color top,0.0566037735849056,0.009556349
4128,26,SS19,kimono dress,0.0188679245283018,0.023376238
4217,16,SS19,culottes,0.0,0.006457106
5211,38,SS19,culottes,0.0188679245283018,0.020993328
5260,33,SS19,culottes,0.0377358490566037,0.007917939
5284,2,SS19,long dress,0.0,0.00607854
5235,3,SS19,gitana skirt,0.0,0.014820151
5260,47,SS19,culottes,0.0377358490566037,0.013206404
5235,56,SS19,gitana skirt,0.0188679245283018,0.028038194
5195,102,SS19,long sleeve,0.0,0.016148562
5235,72,SS19,gitana skirt,0.0188679245283018,0.011781148
5125,39,SS19,culottes,0.0,0.008327225
5235,69,SS19,gitana skirt,0.0,0.010853983
5308,93,SS19,culottes,0.0566037735849056,0.00731787
5308,6,SS19,culottes,0.0,0.005325978
5308,73,SS19,culottes,0.0,0.008422379
5308,43,SS19,culottes,0.0,0.005037827
5236,82,SS19,gitana skirt,0.0377358490566037,0.020997368
5259,30,SS19,patterned top,0.0754716981132075,0.01954871
5244,53,SS19,long sleeve,0.0,0.0258918
5309,40,SS19,sleeveless,0.0377358490566037,0.04325957
5245,74,SS19,culottes,0.0,0.010559774
5275,79,SS19,gitana skirt,0.0754716981132075,0.015348404
5275,73,SS19,gitana skirt,0.0,0.0095036905
5245,81,SS19,culottes,0.0188679245283018,0.016758563
5283,2,SS19,shorts,0.0,0.00835754
5245,26,SS19,culottes,0.0566037735849056,0.022539822
5245,46,SS19,culottes,0.0,0.018386902
5279,9,SS19,doll dress,0.0,0.0054014227
5275,56,SS19,gitana skirt,0.0377358490566037,0.024270905
5245,18,SS19,culottes,0.0188679245283018,0.011534169
5262,99,SS19,culottes,0.0,0.0067181378
5262,20,SS19,culottes,0.0,0.0059436774
5262,26,SS19,culottes,0.0188679245283018,0.009920582
5279,110,SS19,doll dress,0.0566037735849056,0.039541293
5277,84,SS19,culottes,0.0188679245283018,0.025827602
5277,66,SS19,culottes,0.0377358490566037,0.046170358
5245,59,SS19,culottes,0.0566037735849056,0.015931424
5245,63,SS19,culottes,0.0188679245283018,0.012397551
5277,94,SS19,culottes,0.0188679245283018,0.034769453
5277,65,SS19,culottes,0.0566037735849056,0.021254016
5277,15,SS19,culottes,0.1886792452830188,0.049236458
5245,21,SS19,culottes,0.0188679245283018,0.019763365
5262,40,SS19,culottes,0.0,0.0035369208
5208,64,SS19,patterned top,0.0,0.0048017963
5283,12,SS19,shorts,0.0,0.008910668
5275,15,SS19,gitana skirt,0.0188679245283018,0.020323364
5245,32,SS19,culottes,0.0566037735849056,0.010220016
5245,53,SS19,culottes,0.0,0.014346061
5277,14,SS19,culottes,0.0188679245283018,0.020423526
5278,82,SS19,long sleeve,0.0,0.008765909
5277,60,SS19,culottes,0.0566037735849056,0.01955026
5277,75,SS19,culottes,0.1132075471698113,0.039395534
5207,6,SS19,doll dress,0.0377358490566037,0.015076267
5283,43,SS19,shorts,0.0,0.004676928
5294,2,SS19,shorts,0.0,0.0042161485
5278,26,SS19,long sleeve,0.0,0.00450017
5262,110,SS19,culottes,0.0,0.0076093636
5188,7,SS19,sleeveless,0.0,0.010886853
5278,18,SS19,long sleeve,0.0,0.0035373631
5278,100,SS19,long sleeve,0.0188679245283018,0.0051450795
5188,39,SS19,sleeveless,0.0,0.008849536
5278,29,SS19,long sleeve,0.0188679245283018,0.008281805
5278,64,SS19,long sleeve,0.0377358490566037,0.010799157
5188,73,SS19,sleeveless,0.0,0.0053219297
5262,43,SS19,culottes,0.0,0.0030010545
5275,12,SS19,gitana skirt,0.0,0.0053869993
5262,80,SS19,culottes,0.0,0.008111133
5275,7,SS19,gitana skirt,0.0,0.0083017275
5278,46,SS19,long sleeve,0.0,0.007950281
5245,57,SS19,culottes,0.0,0.010907863
5245,29,SS19,culottes,0.0377358490566037,0.019978998
5245,64,SS19,culottes,0.0,0.03144961
5194,73,SS19,long sleeve,0.0,0.004415756
5267,20,SS19,solid color top,0.0,0.005016794
5267,51,SS19,solid color top,0.0754716981132075,0.024967777
5267,50,SS19,solid color top,0.0943396226415094,0.018617032
5267,5,SS19,solid color top,0.0566037735849056,0.01890853
5316,67,SS19,culottes,0.0,0.045172855
5194,90,SS19,long sleeve,0.0,0.004635094
5316,40,SS19,culottes,0.0754716981132075,0.01919591
5246,30,SS19,long sleeve,0.0754716981132075,0.024024375
5246,54,SS19,long sleeve,0.0188679245283018,0.010300259
5194,80,SS19,long sleeve,0.0,0.0038368185
5246,2,SS19,long sleeve,0.0377358490566037,0.042119384
5246,12,SS19,long sleeve,0.0377358490566037,0.028842758
5246,49,SS19,long sleeve,0.0188679245283018,0.015795052
5267,43,SS19,solid color top,0.0,0.0054832418
5246,15,SS19,long sleeve,0.0566037735849056,0.053635746
5246,65,SS19,long sleeve,0.0188679245283018,0.018066358
5246,84,SS19,long sleeve,0.0566037735849056,0.017864177
5246,60,SS19,long sleeve,0.0566037735849056,0.015691727
5246,14,SS19,long sleeve,0.0754716981132075,0.037109703
5246,43,SS19,long sleeve,0.0377358490566037,0.011436459
5216,63,SS19,doll dress,0.0,0.014281268
5188,33,SS19,sleeveless,0.0,0.005085233
5267,83,SS19,solid color top,0.0377358490566037,0.012925426
5279,93,SS19,doll dress,0.0,0.012475198
5275,16,SS19,gitana skirt,0.0377358490566037,0.026431112
5277,10,SS19,culottes,0.0377358490566037,0.030864522
5277,12,SS19,culottes,0.0566037735849056,0.08078693
5277,2,SS19,culottes,0.0188679245283018,0.041012246
5277,54,SS19,culottes,0.0,0.0331087
5279,99,SS19,doll dress,0.0377358490566037,0.024689397
5218,110,SS19,long sleeve,0.0566037735849056,0.012506535
5268,100,SS19,printed shirt,0.0,0.016045209
5112,38,SS19,doll dress,0.0188679245283018,0.007461818
5309,41,SS19,sleeveless,0.0188679245283018,0.0077023553
5309,29,SS19,sleeveless,0.0188679245283018,0.032207713
5316,77,SS19,culottes,0.0188679245283018,0.026069703
5268,63,SS19,printed shirt,0.0,0.016990682
5112,0,SS19,doll dress,0.0,0.0068775592
5279,29,SS19,doll dress,0.0,0.011315479
5317,69,SS19,short sleeves,0.0566037735849056,0.016041989
5322,53,SS19,long dress,0.0,0.0055647613
5322,40,SS19,long dress,0.0,0.007265692
5322,69,SS19,long dress,0.0188679245283018,0.0296816
5322,35,SS19,long dress,0.0188679245283018,0.021057125
5322,36,SS19,long dress,0.0,0.022054328
5317,100,SS19,short sleeves,0.0,0.009622053
5194,10,SS19,long sleeve,0.0,0.0033800867
5322,100,SS19,long dress,0.0,0.012388376
5245,85,SS19,culottes,0.0188679245283018,0.018578999
5216,8,SS19,doll dress,0.0,0.0067769694
5278,20,SS19,long sleeve,0.0188679245283018,0.016136428
5245,82,SS19,culottes,0.0377358490566037,0.022883665
5292,19,SS19,drop sleeve,0.0,0.009393629
5292,66,SS19,drop sleeve,0.0,0.027382018
5277,83,SS19,culottes,0.0377358490566037,0.017259667
5120,77,SS19,solid color top,0.0,0.0043260707
5292,31,SS19,drop sleeve,0.0,0.011465453
5277,107,SS19,culottes,0.0188679245283018,0.018971039
5277,82,SS19,culottes,0.0,0.01691162
5294,22,SS19,shorts,0.0,0.0033090157
5120,110,SS19,solid color top,0.0,0.007156948
5245,2,SS19,culottes,0.0188679245283018,0.029836435
5292,60,SS19,drop sleeve,0.0,0.018908503
5245,12,SS19,culottes,0.0566037735849056,0.07692174
5300,100,SS19,culottes,0.0,0.008244202
5245,31,SS19,culottes,0.0,0.017862698
5277,20,SS19,culottes,0.0566037735849056,0.036687523
5245,65,SS19,culottes,0.0188679245283018,0.018648503
5245,94,SS19,culottes,0.0377358490566037,0.022575459
5300,29,SS19,culottes,0.0188679245283018,0.007362328
5245,66,SS19,culottes,0.0,0.021816738
5277,47,SS19,culottes,0.0,0.059061628
5300,41,SS19,culottes,0.0188679245283018,0.0070274356
5207,45,SS19,doll dress,0.0,0.015458911
5245,15,SS19,culottes,0.1320754716981132,0.03400785
5245,48,SS19,culottes,0.0,0.015325741
5292,48,SS19,drop sleeve,0.0377358490566037,0.03029146
5303,7,SS19,long dress,0.0,0.01732143
5292,27,SS19,drop sleeve,0.0188679245283018,0.008287991
5292,101,SS19,drop sleeve,0.0,0.0049557323
5292,42,SS19,drop sleeve,0.0,0.004819856
5292,20,SS19,drop sleeve,0.0,0.010520576
5292,38,SS19,drop sleeve,0.0377358490566037,0.029291943
5292,68,SS19,drop sleeve,0.0188679245283018,0.024809068
5292,45,SS19,drop sleeve,0.0,0.0023389042
5292,22,SS19,drop sleeve,0.0566037735849056,0.013129559
5303,80,SS19,long dress,0.0,0.0052523115
5277,69,SS19,culottes,0.0,0.024316808
5087,10,SS19,solid color top,0.0188679245283018,0.019943178
5292,93,SS19,drop sleeve,0.0377358490566037,0.019155681
5120,25,SS19,solid color top,0.0,0.003666293
5292,28,SS19,drop sleeve,0.0,0.014897504
5292,99,SS19,drop sleeve,0.1132075471698113,0.017759694
5292,5,SS19,drop sleeve,0.0377358490566037,0.02178972
5292,3,SS19,drop sleeve,0.0377358490566037,0.031822342
5292,6,SS19,drop sleeve,0.0188679245283018,0.021627758
5292,9,SS19,drop sleeve,0.0,0.010395362
5277,32,SS19,culottes,0.0943396226415094,0.00630409
5283,5,SS19,shorts,0.0,0.0042316155
5277,85,SS19,culottes,0.0188679245283018,0.02052561
5292,16,SS19,drop sleeve,0.0188679245283018,0.018737743
5277,1,SS19,culottes,0.0,0.018776968
5245,14,SS19,culottes,0.0188679245283018,0.035264272
5277,68,SS19,culottes,0.0943396226415094,0.020851014
5277,9,SS19,culottes,0.0754716981132075,0.040103786
5245,16,SS19,culottes,0.1132075471698113,0.01686484
5278,45,SS19,long sleeve,0.0377358490566037,0.0223178
5277,73,SS19,culottes,0.0188679245283018,0.021841124
5279,79,SS19,doll dress,0.0188679245283018,0.012108972
5245,22,SS19,culottes,0.0566037735849056,0.029067224
5245,52,SS19,culottes,0.0377358490566037,0.02423408
5245,45,SS19,culottes,0.0566037735849056,0.018444132
5245,24,SS19,culottes,0.0566037735849056,0.03470065
5279,86,SS19,doll dress,0.0,0.0038434917
5245,28,SS19,culottes,0.0377358490566037,0.029845124
5142,24,SS19,patterned top,0.0,0.0061010304
5245,68,SS19,culottes,0.0188679245283018,0.011168439
5245,1,SS19,culottes,0.0,0.007868202
5245,47,SS19,culottes,0.0943396226415094,0.050184425
5245,38,SS19,culottes,0.0,0.014527172
5245,20,SS19,culottes,0.0754716981132075,0.022486662
5245,42,SS19,culottes,0.0377358490566037,0.026724186
5245,101,SS19,culottes,0.0,0.0133530665
5245,27,SS19,culottes,0.0377358490566037,0.019527504
5283,39,SS19,shorts,0.0,0.004578557
5245,109,SS19,culottes,0.0,0.015637768
5188,29,SS19,sleeveless,0.0,0.00795623
5277,3,SS19,culottes,0.1509433962264151,0.04722814
5245,5,SS19,culottes,0.0377358490566037,0.026916075
5245,3,SS19,culottes,0.1132075471698113,0.05747097
5277,51,SS19,culottes,0.0566037735849056,0.03215322
5277,76,SS19,culottes,0.0188679245283018,0.038351182
5277,45,SS19,culottes,0.1132075471698113,0.038250003
5277,22,SS19,culottes,0.0754716981132075,0.017723795
5277,93,SS19,culottes,0.0566037735849056,0.025580509
5294,80,SS19,shorts,0.0,0.01519751
5292,12,SS19,drop sleeve,0.0,0.017203495
5277,50,SS19,culottes,0.0,0.010334564
5292,2,SS19,drop sleeve,0.0,0.00792585
5303,12,SS19,long dress,0.0,0.006047348
4218,90,SS19,short sleeves,0.0,0.0074387817
5277,16,SS19,culottes,0.1509433962264151,0.026748952
5283,3,SS19,shorts,0.0,0.00596422
5278,14,SS19,long sleeve,0.0188679245283018,0.013767954
5292,54,SS19,drop sleeve,0.0,0.020552656
5277,99,SS19,culottes,0.0754716981132075,0.020372808
5278,73,SS19,long sleeve,0.0,0.014545943
5278,3,SS19,long sleeve,0.0188679245283018,0.0041613104
5305,29,SS19,long dress,0.0,0.006750936
5279,48,SS19,doll dress,0.0,0.008074265
5277,5,SS19,culottes,0.1132075471698113,0.0367863
5245,73,SS19,culottes,0.0,0.014453385
5245,6,SS19,culottes,0.0377358490566037,0.0207426
5245,107,SS19,culottes,0.0188679245283018,0.023818297
5246,73,SS19,long sleeve,0.0188679245283018,0.024897985
5246,9,SS19,long sleeve,0.0,0.0121617485
5246,110,SS19,long sleeve,0.0188679245283018,0.034501202
5244,26,SS19,long sleeve,0.1320754716981132,0.040968537
5193,30,SS19,long dress,0.0,0.0069205714
5282,102,SS19,long sleeve,0.0,0.013638561
5244,36,SS19,long sleeve,0.0943396226415094,0.064666376
5244,54,SS19,long sleeve,0.0188679245283018,0.03102743
5224,83,SS19,long sleeve,0.0,0.003981035
5244,2,SS19,long sleeve,0.0566037735849056,0.09422874
5244,12,SS19,long sleeve,0.5660377358490566,0.15116385
5279,27,SS19,doll dress,0.0,0.008157187
5244,49,SS19,long sleeve,0.0377358490566037,0.040176433
5282,0,SS19,long sleeve,0.0,0.007384389
5244,15,SS19,long sleeve,0.0754716981132075,0.07597263
5244,65,SS19,long sleeve,0.0377358490566037,0.023935491
5244,35,SS19,long sleeve,0.0943396226415094,0.0796029
4221,32,SS19,culottes,0.0188679245283018,0.017508851
5244,66,SS19,long sleeve,0.0188679245283018,0.056209773
5244,84,SS19,long sleeve,0.2075471698113207,0.038608417
5244,75,SS19,long sleeve,0.0754716981132075,0.070568964
5244,60,SS19,long sleeve,0.1132075471698113,0.02512788
5244,48,SS19,long sleeve,0.0,0.031842344
5224,67,SS19,long sleeve,0.0,0.00568358
5244,14,SS19,long sleeve,0.0377358490566037,0.052035645
5244,31,SS19,long sleeve,0.0754716981132075,0.021761512
5244,79,SS19,long sleeve,0.0377358490566037,0.029242795
5224,107,SS19,long sleeve,0.0188679245283018,0.006630338
5193,66,SS19,long dress,0.0,0.006280424
5282,33,SS19,long sleeve,0.0,0.007607194
5224,7,SS19,long sleeve,0.0,0.012729533
5282,22,SS19,long sleeve,0.0,0.003656462
5282,77,SS19,long sleeve,0.0,0.006712898
5282,68,SS19,long sleeve,0.0188679245283018,0.011175762
5224,19,SS19,long sleeve,0.0377358490566037,0.011118741
5224,14,SS19,long sleeve,0.0,0.005772486
5282,53,SS19,long sleeve,0.0188679245283018,0.009698463
5224,43,SS19,long sleeve,0.0,0.0049170684
5282,69,SS19,long sleeve,0.0,0.0043777027
5244,18,SS19,long sleeve,0.0377358490566037,0.023751099
5305,52,SS19,long dress,0.0566037735849056,0.012065315
5244,29,SS19,long sleeve,0.0566037735849056,0.029163133
5244,104,SS19,long sleeve,0.0566037735849056,0.020242855
5244,25,SS19,long sleeve,0.0566037735849056,0.019300314
5244,21,SS19,long sleeve,0.1698113207547169,0.027434958
5193,110,SS19,long dress,0.0,0.0036276765
5209,30,SS19,patterned top,0.0,0.005990627
5188,69,SS19,sleeveless,0.0,0.0061104735
5244,63,SS19,long sleeve,0.0566037735849056,0.020811515
5170,45,SS19,jumpsuit,0.0188679245283018,0.021291198
5244,4,SS19,long sleeve,0.0188679245283018,0.030299434
5282,26,SS19,long sleeve,0.0566037735849056,0.012681954
5279,82,SS19,doll dress,0.0,0.012374087
5244,69,SS19,long sleeve,0.0188679245283018,0.042284
5224,74,SS19,long sleeve,0.0188679245283018,0.006676219
5244,68,SS19,long sleeve,0.0377358490566037,0.027159296
5305,40,SS19,long dress,0.0,0.0062185354
5305,69,SS19,long dress,0.0,0.009821101
5305,35,SS19,long dress,0.0,0.008346257
5305,81,SS19,long dress,0.0,0.010295071
5244,47,SS19,long sleeve,0.0943396226415094,0.034622017
5244,20,SS19,long sleeve,0.1320754716981132,0.07338858
5244,42,SS19,long sleeve,0.0754716981132075,0.051575992
5279,8,SS19,doll dress,0.0,0.0074479566
5244,101,SS19,long sleeve,0.0188679245283018,0.017932037
5244,77,SS19,long sleeve,0.0943396226415094,0.04566475
5244,109,SS19,long sleeve,0.0754716981132075,0.021320878
5279,90,SS19,doll dress,0.0377358490566037,0.023429543
5279,26,SS19,doll dress,0.0,0.004510353
5244,82,SS19,long sleeve,0.1132075471698113,0.06898672
5279,81,SS19,doll dress,0.0,0.010371999
5244,107,SS19,long sleeve,0.0377358490566037,0.02747503
5244,83,SS19,long sleeve,0.0377358490566037,0.025460105
5244,72,SS19,long sleeve,0.0188679245283018,0.019650882
5200,60,SS19,drop sleeve,0.0,0.014676089
5279,53,SS19,doll dress,0.0,0.0097829485
5244,32,SS19,long sleeve,0.0,0.025761873
5305,100,SS19,long dress,0.0,0.0031618667
5244,51,SS19,long sleeve,0.1320754716981132,0.07476607
5244,76,SS19,long sleeve,0.0377358490566037,0.033921566
5244,24,SS19,long sleeve,0.0754716981132075,0.02018716
5244,80,SS19,long sleeve,0.0566037735849056,0.123741284
5244,73,SS19,long sleeve,0.0377358490566037,0.026395943
5188,36,SS19,sleeveless,0.0,0.0062448257
5244,9,SS19,long sleeve,0.0566037735849056,0.030995153
5244,110,SS19,long sleeve,0.0377358490566037,0.027010277
5169,54,SS19,jumpsuit,0.0,0.0035980004
5244,3,SS19,long sleeve,0.2452830188679245,0.08376032
5244,5,SS19,long sleeve,0.1132075471698113,0.050254226
5244,99,SS19,long sleeve,0.0566037735849056,0.036504865
5244,28,SS19,long sleeve,0.0943396226415094,0.05696427
5244,56,SS19,long sleeve,0.0,0.035080656
5224,8,SS19,long sleeve,0.0,0.005572001
5279,57,SS19,doll dress,0.0188679245283018,0.006747826
5279,25,SS19,doll dress,0.0,0.005778446
5244,16,SS19,long sleeve,0.0377358490566037,0.0302681
5279,21,SS19,doll dress,0.0943396226415094,0.03021347
5279,63,SS19,doll dress,0.0,0.01219678
5279,59,SS19,doll dress,0.0,0.0047324635
5244,117,SS19,long sleeve,0.0377358490566037,0.016538294
5244,50,SS19,long sleeve,0.0943396226415094,0.03321169
5244,93,SS19,long sleeve,0.0377358490566037,0.031758294
5244,33,SS19,long sleeve,0.0,0.027185094
5279,85,SS19,doll dress,0.0,0.021679144
5224,12,SS19,long sleeve,0.0,0.004857786
5282,13,SS19,long sleeve,0.0,0.0074346303
5282,99,SS19,long sleeve,0.0188679245283018,0.029158942
5199,23,SS19,long sleeve,0.0,0.00536271
5216,74,SS19,doll dress,0.0,0.00528226
5246,21,SS19,long sleeve,0.0754716981132075,0.026654398
5246,25,SS19,long sleeve,0.0377358490566037,0.012134378
5246,57,SS19,long sleeve,0.0,0.0034104334
5246,104,SS19,long sleeve,0.0566037735849056,0.009882901
5246,29,SS19,long sleeve,0.0566037735849056,0.016206147
5246,41,SS19,long sleeve,0.0188679245283018,0.012869883
5279,76,SS19,doll dress,0.0,0.039877392
5175,63,SS19,jumpsuit,0.0,0.004841465
5279,51,SS19,doll dress,0.0,0.011880769
5216,40,SS19,doll dress,0.0,0.01229313
5267,12,SS19,solid color top,0.0377358490566037,0.005771921
5216,76,SS19,doll dress,0.0188679245283018,0.007935374
5322,29,SS19,long dress,0.0,0.024716206
5322,41,SS19,long dress,0.0,0.008912299
5199,15,SS19,long sleeve,0.0,0.017725157
5305,12,SS19,long dress,0.0,0.029416557
5267,30,SS19,solid color top,0.0,0.008309959
5268,10,SS19,printed shirt,0.0,0.009052663
5305,15,SS19,long dress,0.0,0.0044712746
5279,20,SS19,doll dress,0.0,0.009810475
5218,43,SS19,long sleeve,0.0377358490566037,0.024852507
5279,68,SS19,doll dress,0.0,0.008797461
5279,24,SS19,doll dress,0.0188679245283018,0.0038883581
5246,18,SS19,long sleeve,0.0377358490566037,0.024939282
5246,46,SS19,long sleeve,0.0,0.02159473
5246,3,SS19,long sleeve,0.0188679245283018,0.03424223
5246,5,SS19,long sleeve,0.0188679245283018,0.011497841
5279,22,SS19,doll dress,0.0377358490566037,0.00646348
5246,16,SS19,long sleeve,0.0,0.0055475375
5246,13,SS19,long sleeve,0.0,0.0099499365
5246,50,SS19,long sleeve,0.0,0.01036501
5246,93,SS19,long sleeve,0.0566037735849056,0.034343604
5246,33,SS19,long sleeve,0.0188679245283018,0.01625096
5246,22,SS19,long sleeve,0.0,0.0043003256
5246,24,SS19,long sleeve,0.0188679245283018,0.023165548
5246,76,SS19,long sleeve,0.0,0.010646779
5246,51,SS19,long sleeve,0.0566037735849056,0.015906787
5246,68,SS19,long sleeve,0.0377358490566037,0.021046154
5246,1,SS19,long sleeve,0.0,0.009470651
5246,47,SS19,long sleeve,0.0188679245283018,0.03713637
5246,20,SS19,long sleeve,0.0,0.006299516
5246,101,SS19,long sleeve,0.0754716981132075,0.022167705
5246,61,SS19,long sleeve,0.0188679245283018,0.018922394
5246,107,SS19,long sleeve,0.0188679245283018,0.024269212
5246,83,SS19,long sleeve,0.0566037735849056,0.029113596
5246,81,SS19,long sleeve,0.0,0.010164601
5267,19,SS19,solid color top,0.0,0.01573723
5246,26,SS19,long sleeve,0.0566037735849056,0.010151784
5199,19,SS19,long sleeve,0.0,0.0067255045
5292,109,SS19,drop sleeve,0.0,0.0050605917
5216,5,SS19,doll dress,0.0,0.00786805
5199,86,SS19,long sleeve,0.0566037735849056,0.014272715
5261,12,SS19,solid color top,0.0,0.014197772
5268,12,SS19,printed shirt,0.0,0.042381596
5257,41,SS19,solid color top,0.0,0.011840359
5257,18,SS19,solid color top,0.0188679245283018,0.030460082
5257,47,SS19,solid color top,0.0566037735849056,0.01464002
5257,45,SS19,solid color top,0.0188679245283018,0.016956275
5199,26,SS19,long sleeve,0.0377358490566037,0.0094794715
5199,90,SS19,long sleeve,0.0566037735849056,0.020028329
5199,0,SS19,long sleeve,0.0377358490566037,0.011270621
5257,43,SS19,solid color top,0.0,0.01955874
5199,83,SS19,long sleeve,0.0377358490566037,0.018045243
5305,86,SS19,long dress,0.0,0.0051667057
5282,12,SS19,long sleeve,0.0,0.0032070526
5282,7,SS19,long sleeve,0.0188679245283018,0.015335087
5282,15,SS19,long sleeve,0.0188679245283018,0.009212284
5282,19,SS19,long sleeve,0.0,0.009588295
5316,29,SS19,culottes,0.0566037735849056,0.030393986
5199,44,SS19,long sleeve,0.0,0.0059415014
5282,43,SS19,long sleeve,0.0,0.008325575
5199,104,SS19,long sleeve,0.0188679245283018,0.011242175
5282,73,SS19,long sleeve,0.0188679245283018,0.0067644087
5282,3,SS19,long sleeve,0.0,0.008586711
5305,80,SS19,long dress,0.0,0.02129195
5199,82,SS19,long sleeve,0.0377358490566037,0.00482879
5261,15,SS19,solid color top,0.0,0.0125102205
5316,36,SS19,culottes,0.0566037735849056,0.048198674
5188,77,SS19,sleeveless,0.0,0.0059727724
5199,73,SS19,long sleeve,0.0,0.008092343
5261,46,SS19,solid color top,0.0566037735849056,0.012859567
5261,36,SS19,solid color top,0.0754716981132075,0.01861948
5261,69,SS19,solid color top,0.0566037735849056,0.02821739
5175,32,SS19,jumpsuit,0.0,0.0039262283
5261,22,SS19,solid color top,0.0566037735849056,0.015795583
5261,50,SS19,solid color top,0.0377358490566037,0.030254433
5209,28,SS19,patterned top,0.0188679245283018,0.025590142
5261,80,SS19,solid color top,0.0,0.012373993
5309,100,SS19,sleeveless,0.0188679245283018,0.043674257
5188,53,SS19,sleeveless,0.0,0.00797497
5188,40,SS19,sleeveless,0.0,0.0061517837
4221,6,SS19,culottes,0.0188679245283018,0.008854459
4170,25,SS19,short sleeves,0.0188679245283018,0.0052606724
5199,33,SS19,long sleeve,0.0188679245283018,0.0055105346
5216,66,SS19,doll dress,0.0,0.003399326
5216,65,SS19,doll dress,0.0188679245283018,0.020750849
5199,76,SS19,long sleeve,0.0,0.00530176
5218,94,SS19,long sleeve,0.0377358490566037,0.018502545
5216,2,SS19,doll dress,0.0,0.005839224
5209,43,SS19,patterned top,0.0,0.005092956
5199,38,SS19,long sleeve,0.0,0.011667147
5218,86,SS19,long sleeve,0.0,0.010781513
5292,82,SS19,drop sleeve,0.0566037735849056,0.015986245
5278,77,SS19,long sleeve,0.0377358490566037,0.0070522637
5271,14,SS19,long sleeve,0.0,0.007209322
5279,12,SS19,doll dress,0.0,0.057381675
5151,59,SS19,solid color top,0.0377358490566037,0.022855638
5248,50,SS19,long sleeve,0.0,0.007179918
5309,49,SS19,sleeveless,0.0754716981132075,0.03361159
5158,74,SS19,solid color top,0.0,0.014672545
5248,52,SS19,long sleeve,0.0188679245283018,0.012064434
5248,45,SS19,long sleeve,0.0377358490566037,0.01769376
5179,32,SS19,doll dress,0.0,0.00579178
5303,36,SS19,long dress,0.0,0.005160511
5322,33,SS19,long dress,0.0377358490566037,0.051369075
5248,24,SS19,long sleeve,0.0,0.010974421
5248,51,SS19,long sleeve,0.0,0.006868001
5161,69,SS19,patterned top,0.0377358490566037,0.014963283
5218,24,SS19,long sleeve,0.0188679245283018,0.0078050816
5208,21,SS19,patterned top,0.0,0.0036779675
5248,101,SS19,long sleeve,0.0,0.0070029907
5168,41,SS19,short sleeves,0.0188679245283018,0.021074522
5251,46,SS19,culottes,0.0188679245283018,0.027125306
5251,18,SS19,culottes,0.0,0.005533897
5168,81,SS19,short sleeves,0.0,0.003179209
5247,10,SS19,long sleeve,0.0,0.008100554
5247,59,SS19,long sleeve,0.0,0.016771918
5248,32,SS19,long sleeve,0.0377358490566037,0.004343765
5207,32,SS19,doll dress,0.0188679245283018,0.0049735876
5247,93,SS19,long sleeve,0.0188679245283018,0.009479687
5119,59,SS19,solid color top,0.0377358490566037,0.021667195
5292,107,SS19,drop sleeve,0.0,0.010114882
5322,80,SS19,long dress,0.0,0.03497119
5247,8,SS19,long sleeve,0.0188679245283018,0.015346936
5248,56,SS19,long sleeve,0.0188679245283018,0.008587912
5247,30,SS19,long sleeve,0.0188679245283018,0.021819515
5251,74,SS19,culottes,0.0,0.020041974
5228,53,SS19,sleeveless,0.0377358490566037,0.023932667
5161,31,SS19,patterned top,0.0188679245283018,0.0029753444
5247,99,SS19,long sleeve,0.0188679245283018,0.02525863
5309,12,SS19,sleeveless,0.0,0.012481288
5247,29,SS19,long sleeve,0.0,0.012156824
5279,2,SS19,doll dress,0.0188679245283018,0.009765754
5161,75,SS19,patterned top,0.0,0.014492024
5251,56,SS19,culottes,0.0566037735849056,0.02388851
5227,21,SS19,sleeveless,0.0,0.004892935
5279,31,SS19,doll dress,0.0,0.020908043
5151,13,SS19,solid color top,0.0,0.0043214057
5300,12,SS19,culottes,0.0,0.017734293
5248,30,SS19,long sleeve,0.0,0.0050970446
5248,2,SS19,long sleeve,0.0,0.009096613
5271,10,SS19,long sleeve,0.0,0.007951734
5161,3,SS19,patterned top,0.0,0.005871645
5251,20,SS19,culottes,0.0188679245283018,0.02394114
5228,16,SS19,sleeveless,0.0,0.0027017244
5228,13,SS19,sleeveless,0.0,0.009823966
5248,15,SS19,long sleeve,0.0,0.007907718
5248,65,SS19,long sleeve,0.0,0.01178431
5248,94,SS19,long sleeve,0.0,0.006621881
5248,14,SS19,long sleeve,0.0,0.0044881003
5271,54,SS19,long sleeve,0.0,0.0057406565
5248,86,SS19,long sleeve,0.0,0.004761656
5161,5,SS19,patterned top,0.0,0.012593358
5256,57,SS19,long sleeve,0.0377358490566037,0.025267472
5248,43,SS19,long sleeve,0.0,0.0046132677
5247,57,SS19,long sleeve,0.0,0.0048445645
5248,73,SS19,long sleeve,0.0,0.008549995
5248,5,SS19,long sleeve,0.0,0.0026849941
5287,30,SS19,shorts,0.0,0.007928245
5322,86,SS19,long dress,0.0,0.02030116
5248,81,SS19,long sleeve,0.0,0.0042431923
5249,72,SS19,culottes,0.0,0.0061156494
5249,16,SS19,culottes,0.0188679245283018,0.0060308813
5254,13,SS19,long dress,0.0,0.0021580597
5256,46,SS19,long sleeve,0.0,0.0032403802
5256,43,SS19,long sleeve,0.0,0.005535304
5247,82,SS19,long sleeve,0.0,0.015538225
5254,110,SS19,long dress,0.0,0.0038983857
5256,110,SS19,long sleeve,0.0,0.009003826
5322,94,SS19,long dress,0.0,0.017428901
5254,9,SS19,long dress,0.0,0.00630455
5204,23,SS19,culottes,0.0188679245283018,0.02309279
5247,42,SS19,long sleeve,0.0377358490566037,0.0121302055
5256,50,SS19,long sleeve,0.0188679245283018,0.0066278377
5256,45,SS19,long sleeve,0.0188679245283018,0.0039701113
5254,80,SS19,long dress,0.0,0.003543718
5221,56,SS19,sleeveless,0.0,0.004017966
5290,31,SS19,long sleeve,0.0188679245283018,0.023107927
5256,47,SS19,long sleeve,0.0,0.0045426926
5256,38,SS19,long sleeve,0.0,0.0058153626
5290,94,SS19,long sleeve,0.0188679245283018,0.026474962
5256,32,SS19,long sleeve,0.0188679245283018,0.022972196
5322,7,SS19,long dress,0.0188679245283018,0.01046761
5256,53,SS19,long sleeve,0.0,0.0026766388
5322,10,SS19,long dress,0.0,0.007662146
5256,36,SS19,long sleeve,0.0,0.0066942326
5322,12,SS19,long dress,0.0,0.027834253
5254,75,SS19,long dress,0.0188679245283018,0.022900082
5254,31,SS19,long dress,0.0,0.0033481098
5322,62,SS19,long dress,0.0188679245283018,0.0037227203
5290,73,SS19,long sleeve,0.0,0.011338496
5322,79,SS19,long dress,0.0,0.013312143
5279,15,SS19,doll dress,0.0,0.011550325
5249,85,SS19,culottes,0.0188679245283018,0.019794544
5247,95,SS19,long sleeve,0.0188679245283018,0.014959714
5181,31,SS19,long sleeve,0.0,0.008408636
5247,46,SS19,long sleeve,0.0,0.005562028
5247,26,SS19,long sleeve,0.0,0.0038264063
5309,7,SS19,sleeveless,0.0754716981132075,0.04141859
5251,29,SS19,culottes,0.0,0.006229405
5168,40,SS19,short sleeves,0.0188679245283018,0.012603439
5279,19,SS19,doll dress,0.0,0.005270647
5283,29,SS19,shorts,0.0,0.0069231247
5249,30,SS19,culottes,0.0,0.0064926464
5249,29,SS19,culottes,0.0,0.008844633
5247,53,SS19,long sleeve,0.0377358490566037,0.022608941
5249,18,SS19,culottes,0.0188679245283018,0.009589652
5249,90,SS19,culottes,0.0377358490566037,0.010505849
5248,59,SS19,long sleeve,0.0,0.0033526188
5200,25,SS19,drop sleeve,0.0,0.011263236
5247,24,SS19,long sleeve,0.0188679245283018,0.013824927
5249,2,SS19,culottes,0.0188679245283018,0.013792993
5208,44,SS19,patterned top,0.0,0.006365372
5168,31,SS19,short sleeves,0.0,0.0046203337
5249,66,SS19,culottes,0.0377358490566037,0.025115548
5249,69,SS19,culottes,0.0377358490566037,0.009528771
5256,30,SS19,long sleeve,0.0,0.0071864296
5254,41,SS19,long dress,0.0,0.004032872
5249,19,SS19,culottes,0.0188679245283018,0.004723588
5247,51,SS19,long sleeve,0.0,0.0059297187
5256,12,SS19,long sleeve,0.0,0.0049778516
5256,65,SS19,long sleeve,0.0,0.018636327
5249,80,SS19,culottes,0.0,0.008043068
5254,29,SS19,long dress,0.0,0.011992675
5161,46,SS19,patterned top,0.0377358490566037,0.008578579
5254,94,SS19,long dress,0.0188679245283018,0.0040950347
5221,33,SS19,sleeveless,0.0,0.0043323296
5300,13,SS19,culottes,0.0,0.0023868456
5277,44,SS19,culottes,0.0188679245283018,0.009895763
5247,48,SS19,long sleeve,0.0566037735849056,0.01800705
5272,51,SS19,shorts,0.0,0.006329779
5271,68,SS19,long sleeve,0.0188679245283018,0.02501672
5309,69,SS19,sleeveless,0.0188679245283018,0.023750376
5300,56,SS19,culottes,0.0,0.0047531826
5277,57,SS19,culottes,0.0188679245283018,0.021866955
5278,2,SS19,long sleeve,0.0,0.010212256
5207,27,SS19,doll dress,0.0,0.0097544305
5292,104,SS19,drop sleeve,0.0188679245283018,0.0063735433
5247,75,SS19,long sleeve,0.0377358490566037,0.027384147
5271,61,SS19,long sleeve,0.0,0.0039284728
5277,104,SS19,culottes,0.0188679245283018,0.012405891
5292,57,SS19,drop sleeve,0.0188679245283018,0.024211602
5278,19,SS19,long sleeve,0.0,0.006438003
5247,86,SS19,long sleeve,0.0,0.012992873
5292,44,SS19,drop sleeve,0.0566037735849056,0.011137503
5247,9,SS19,long sleeve,0.0188679245283018,0.014108477
5292,25,SS19,drop sleeve,0.0,0.0043878704
5247,66,SS19,long sleeve,0.0566037735849056,0.018585593
5251,49,SS19,culottes,0.0377358490566037,0.01179186
5148,76,SS19,sleeveless,0.0377358490566037,0.020491399
5251,66,SS19,culottes,0.0,0.0061309515
5251,19,SS19,culottes,0.0188679245283018,0.021502078
5309,15,SS19,sleeveless,0.1132075471698113,0.044475723
5227,9,SS19,sleeveless,0.0,0.0033651607
5279,30,SS19,doll dress,0.0,0.012523977
5320,12,SS19,long sleeve,0.0188679245283018,0.014171945
5277,95,SS19,culottes,0.0188679245283018,0.013893676
5247,14,SS19,long sleeve,0.0188679245283018,0.008659628
4170,117,SS19,short sleeves,0.0377358490566037,0.027615914
5300,81,SS19,culottes,0.0188679245283018,0.0050687925
5300,35,SS19,culottes,0.0,0.0036597128
5277,18,SS19,culottes,0.0,0.046928983
5271,22,SS19,long sleeve,0.0,0.0030728274
5309,94,SS19,sleeveless,0.0566037735849056,0.020610241
5300,40,SS19,culottes,0.0,0.0075070346
5309,35,SS19,sleeveless,0.0377358490566037,0.018148305
5227,19,SS19,sleeveless,0.0,0.0076920497
5245,54,SS19,culottes,0.0,0.028690575
5148,24,SS19,sleeveless,0.0188679245283018,0.009500677
5287,19,SS19,shorts,0.0,0.0067167976
5317,86,SS19,short sleeves,0.0188679245283018,0.019431503
5277,4,SS19,culottes,0.0943396226415094,0.014297701
5272,82,SS19,shorts,0.0,0.008657342
3804,99,SS19,culottes,0.0188679245283018,0.02324791
5278,15,SS19,long sleeve,0.0188679245283018,0.021837732
5283,22,SS19,shorts,0.0,0.0035225856
5277,59,SS19,culottes,0.0943396226415094,0.021844467
5278,12,SS19,long sleeve,0.0,0.0068093864
5277,63,SS19,culottes,0.0,0.011881856
5277,100,SS19,culottes,0.0,0.010620768
5292,64,SS19,drop sleeve,0.0,0.011365895
5277,25,SS19,culottes,0.0188679245283018,0.009008573
5271,82,SS19,long sleeve,0.0,0.0069020777
5278,30,SS19,long sleeve,0.0754716981132075,0.032882497
5227,13,SS19,sleeveless,0.0,0.0055045635
5188,8,SS19,sleeveless,0.0,0.0028619987
5271,56,SS19,long sleeve,0.0,0.0048543434
5160,30,SS19,printed shirt,0.0,0.009807537
5292,18,SS19,drop sleeve,0.0377358490566037,0.016169492
5207,60,SS19,doll dress,0.0,0.011761561
5088,32,SS19,long dress,0.0188679245283018,0.0017061852
5292,90,SS19,drop sleeve,0.0754716981132075,0.014742923
5292,46,SS19,drop sleeve,0.0188679245283018,0.028922744
5277,90,SS19,culottes,0.0377358490566037,0.015602572
4219,67,SS19,short sleeves,0.0,0.0035096733
5271,107,SS19,long sleeve,0.0188679245283018,0.014166149
5277,46,SS19,culottes,0.0377358490566037,0.051210187
5289,7,SS19,short sleeves,0.0,0.007633802
5292,32,SS19,drop sleeve,0.0188679245283018,0.005367616
5303,81,SS19,long dress,0.0,0.007987845
5300,94,SS19,culottes,0.0,0.013396788
5292,85,SS19,drop sleeve,0.0188679245283018,0.021801399
5287,12,SS19,shorts,0.0,0.00786085
5303,69,SS19,long dress,0.0,0.005867756
5161,63,SS19,patterned top,0.0,0.0056208344
5277,26,SS19,culottes,0.0377358490566037,0.017460559
5247,5,SS19,long sleeve,0.0377358490566037,0.022640904
5161,18,SS19,patterned top,0.0,0.0067904973
5287,2,SS19,shorts,0.0,0.0037052517
5292,83,SS19,drop sleeve,0.0188679245283018,0.02088128
5279,54,SS19,doll dress,0.0,0.008076799
5283,50,SS19,shorts,0.0,0.009512934
5227,110,SS19,sleeveless,0.0,0.0035197998
5294,51,SS19,shorts,0.0188679245283018,0.01780101
5292,4,SS19,drop sleeve,0.0377358490566037,0.014763056
5277,29,SS19,culottes,0.0,0.014278755
5207,66,SS19,doll dress,0.0,0.010285608
5247,3,SS19,long sleeve,0.0,0.013200261
5317,62,SS19,short sleeves,0.0188679245283018,0.009906831
5247,94,SS19,long sleeve,0.0,0.01835083
5188,100,SS19,sleeveless,0.0,0.0060543595
5292,63,SS19,drop sleeve,0.0,0.010822403
5227,22,SS19,sleeveless,0.0377358490566037,0.015339305
5292,21,SS19,drop sleeve,0.0,0.005911824
5300,80,SS19,culottes,0.0,0.0060440265
5300,79,SS19,culottes,0.0,0.006020845
5292,59,SS19,drop sleeve,0.1132075471698113,0.018532086
5156,29,SS19,solid color top,0.0,0.0032986372
5227,82,SS19,sleeveless,0.0,0.006846982
5309,36,SS19,sleeveless,0.0,0.0110673485
5317,94,SS19,short sleeves,0.0566037735849056,0.01852504
5207,109,SS19,doll dress,0.0188679245283018,0.0097814975
5289,69,SS19,short sleeves,0.0,0.008438566
5163,20,SS19,culottes,0.0,0.0031160174
5320,36,SS19,long sleeve,0.0,0.006123387
5287,15,SS19,shorts,0.0,0.003207232
5300,73,SS19,culottes,0.0,0.01735061
5300,86,SS19,culottes,0.0,0.013974266
5268,101,SS19,printed shirt,0.0,0.011174103
5261,26,SS19,solid color top,0.0,0.006529093
5199,18,SS19,long sleeve,0.0188679245283018,0.008406725
5290,13,SS19,long sleeve,0.0,0.014136701
5247,43,SS19,long sleeve,0.0,0.006174806
5148,26,SS19,sleeveless,0.0,0.0075978995
5312,33,SS19,sleeveless,0.0,0.0039030511
5290,19,SS19,long sleeve,0.0,0.006117041
5257,31,SS19,solid color top,0.0188679245283018,0.021287283
5312,22,SS19,sleeveless,0.0,0.0069268267
5257,99,SS19,solid color top,0.0,0.0050271926
5247,12,SS19,long sleeve,0.0,0.007927042
5290,4,SS19,long sleeve,0.0,0.009276167
5261,19,SS19,solid color top,0.0,0.013911246
5247,65,SS19,long sleeve,0.0,0.020482378
5231,39,SS19,short sleeves,0.0377358490566037,0.022125542
5205,54,SS19,short sleeves,0.0,0.0038063212
5312,51,SS19,sleeveless,0.0,0.002378771
5247,31,SS19,long sleeve,0.0,0.0021100992
5312,76,SS19,sleeveless,0.0,0.004611151
5319,8,SS19,sleeveless,0.0188679245283018,0.024617974
5319,36,SS19,sleeveless,0.0,0.003935968
5231,32,SS19,short sleeves,0.0188679245283018,0.0088868365
5261,31,SS19,solid color top,0.0,0.00873054
5319,74,SS19,sleeveless,0.0,0.0068448675
5268,74,SS19,printed shirt,0.0,0.010909006
5319,56,SS19,sleeveless,0.0,0.006193014
5319,3,SS19,sleeveless,0.0,0.004609024
5199,50,SS19,long sleeve,0.0188679245283018,0.009844129
5319,110,SS19,sleeveless,0.0188679245283018,0.0050120805
5121,10,SS19,sleeveless,0.0377358490566037,0.011948973
5247,84,SS19,long sleeve,0.0,0.0092990855
5290,57,SS19,long sleeve,0.0,0.0068284
5257,101,SS19,solid color top,0.0188679245283018,0.024478972
5188,47,SS19,sleeveless,0.0188679245283018,0.009351469
5257,26,SS19,solid color top,0.0,0.011870746
5199,6,SS19,long sleeve,0.0,0.0055589885
5247,54,SS19,long sleeve,0.0188679245283018,0.024911903
5312,20,SS19,sleeveless,0.0,0.0057469388
5188,85,SS19,sleeveless,0.0,0.0033971504
5261,20,SS19,solid color top,0.0,0.011904367
5179,61,SS19,doll dress,0.0,0.014134112
5210,13,SS19,long dress,0.0188679245283018,0.03258069
5121,50,SS19,sleeveless,0.0188679245283018,0.027653828
5268,67,SS19,printed shirt,0.0,0.002348324
5192,47,SS19,sleeveless,0.0,0.004085702
5213,44,SS19,long dress,0.0,0.0037649039
5121,60,SS19,sleeveless,0.0188679245283018,0.01509123
5196,26,SS19,culottes,0.0,0.0051422394
5196,90,SS19,culottes,0.0,0.004879165
5312,29,SS19,sleeveless,0.0188679245283018,0.0032822643
5224,68,SS19,long sleeve,0.0188679245283018,0.0078096706
5312,19,SS19,sleeveless,0.0,0.0048874
5244,22,SS19,long sleeve,0.1320754716981132,0.050026424
5271,16,SS19,long sleeve,0.0,0.0037685048
5234,109,SS19,short sleeves,0.0188679245283018,0.0063568065
5176,20,SS19,jumpsuit,0.0,0.0018937865
5268,9,SS19,printed shirt,0.0,0.005917205
5188,18,SS19,sleeveless,0.0,0.0032424373
5188,26,SS19,sleeveless,0.0,0.006429601
5143,22,SS19,capris,0.0,0.0029504464
5148,50,SS19,sleeveless,0.0,0.0051800692
5234,32,SS19,short sleeves,0.0,0.0043801293
5268,5,SS19,printed shirt,0.0,0.020495439
5268,99,SS19,printed shirt,0.0,0.004133976
5268,65,SS19,printed shirt,0.0,0.011156612
5312,30,SS19,sleeveless,0.0,0.0055920095
5244,39,SS19,long sleeve,0.0188679245283018,0.031647313
5143,107,SS19,capris,0.0188679245283018,0.0025513484
5223,49,SS19,gitana skirt,0.0,0.008096085
5271,110,SS19,long sleeve,0.0,0.0051079947
5268,16,SS19,printed shirt,0.0,0.005745808
5268,117,SS19,printed shirt,0.0188679245283018,0.009580489
5223,66,SS19,gitana skirt,0.0,0.0058486913
5271,7,SS19,long sleeve,0.0,0.00250646
5218,109,SS19,long sleeve,0.0377358490566037,0.0044272626
5271,12,SS19,long sleeve,0.0,0.0023032227
5244,7,SS19,long sleeve,0.0754716981132075,0.07500773
5223,68,SS19,gitana skirt,0.0,0.005425197
5223,69,SS19,gitana skirt,0.0,0.002501959
5256,25,SS19,long sleeve,0.0,0.0033886041
5268,28,SS19,printed shirt,0.0,0.014441023
5244,62,SS19,long sleeve,0.0,0.022235058
5244,45,SS19,long sleeve,0.0,0.026594544
5176,16,SS19,jumpsuit,0.0,0.0047568
5234,52,SS19,short sleeves,0.0188679245283018,0.025429921
5244,67,SS19,long sleeve,0.0,0.032636397
5244,85,SS19,long sleeve,0.0754716981132075,0.032883372
5162,6,SS19,long sleeve,0.0,0.005621004
5271,35,SS19,long sleeve,0.0188679245283018,0.004730835
5268,7,SS19,printed shirt,0.0,0.0035623973
5147,50,SS19,capris,0.0,0.004561211
5271,64,SS19,long sleeve,0.0,0.0035394887
5234,39,SS19,short sleeves,0.0,0.009703748
5234,86,SS19,short sleeves,0.0188679245283018,0.014103912
5268,2,SS19,printed shirt,0.0,0.011367382
5234,60,SS19,short sleeves,0.0,0.009735133
5268,54,SS19,printed shirt,0.0,0.009148269
5204,74,SS19,culottes,0.0,0.013787203
5176,110,SS19,jumpsuit,0.0,0.008336086
5147,83,SS19,capris,0.0,0.0048420383
5329,69,SS19,sleeveless,0.0566037735849056,0.021646911
5329,74,SS19,sleeveless,0.0,0.0037121898
5244,38,SS19,long sleeve,0.0,0.01200713
5329,32,SS19,sleeveless,0.0188679245283018,0.013411401
5329,67,SS19,sleeveless,0.0188679245283018,0.016909653
5329,85,SS19,sleeveless,0.0,0.01157073
5329,107,SS19,sleeveless,0.0,0.009710828
5325,30,SS19,sleeveless,0.0188679245283018,0.0062833726
5188,104,SS19,sleeveless,0.0,0.009357378
5329,36,SS19,sleeveless,0.0,0.015650941
5312,80,SS19,sleeveless,0.0,0.008620006
5325,26,SS19,sleeveless,0.0566037735849056,0.008035856
5329,61,SS19,sleeveless,0.0188679245283018,0.0062976675
5329,43,SS19,sleeveless,0.0377358490566037,0.0073974123
5329,14,SS19,sleeveless,0.0377358490566037,0.014813869
5330,80,SS19,short sleeves,0.0566037735849056,0.019765083
5330,110,SS19,short sleeves,0.0188679245283018,0.023042556
5330,3,SS19,short sleeves,0.1132075471698113,0.009917767
5329,60,SS19,sleeveless,0.0754716981132075,0.019997332
5329,75,SS19,sleeveless,0.0,0.015089774
5329,19,SS19,sleeveless,0.0,0.011467704
5282,82,SS19,long sleeve,0.0,0.012199214
5329,66,SS19,sleeveless,0.0,0.009935059
5329,94,SS19,sleeveless,0.0188679245283018,0.012396485
5152,80,SS19,capris,0.0,0.013679909
5329,65,SS19,sleeveless,0.0188679245283018,0.020916501
5121,25,SS19,sleeveless,0.0,0.0065796464
5329,31,SS19,sleeveless,0.0377358490566037,0.018503563
5330,76,SS19,short sleeves,0.0,0.0038185832
5268,45,SS19,printed shirt,0.0,0.012418822
5330,77,SS19,short sleeves,0.0,0.01434785
5330,47,SS19,short sleeves,0.0,0.0052974066
5329,15,SS19,sleeveless,0.0566037735849056,0.02029983
5329,7,SS19,sleeveless,0.0,0.012195302
5224,62,SS19,long sleeve,0.0,0.0030767713
5152,56,SS19,capris,0.0188679245283018,0.018941604
5268,1,SS19,printed shirt,0.0,0.011955274
5290,30,SS19,long sleeve,0.0188679245283018,0.008699773
5329,12,SS19,sleeveless,0.0,0.023938322
5199,64,SS19,long sleeve,0.0,0.0053060683
5290,12,SS19,long sleeve,0.0566037735849056,0.01552906
5330,28,SS19,short sleeves,0.0188679245283018,0.013542556
5325,46,SS19,sleeveless,0.0,0.0049824635
5224,110,SS19,long sleeve,0.0,0.005218401
5256,95,SS19,long sleeve,0.0,0.004174127
5329,101,SS19,sleeveless,0.0,0.0046372437
5329,20,SS19,sleeveless,0.0,0.0050401706
5325,8,SS19,sleeveless,0.0,0.0056691673
5244,90,SS19,long sleeve,0.0566037735849056,0.035390437
5180,84,SS19,long dress,0.0188679245283018,0.013931399
5329,68,SS19,sleeveless,0.0,0.01664178
5329,76,SS19,sleeveless,0.0188679245283018,0.017108591
5329,45,SS19,sleeveless,0.0188679245283018,0.019161412
5329,33,SS19,sleeveless,0.0188679245283018,0.009601403
5188,81,SS19,sleeveless,0.0,0.0031926015
5312,7,SS19,sleeveless,0.0,0.0071520046
5325,59,SS19,sleeveless,0.0,0.0062697646
5244,59,SS19,long sleeve,0.0188679245283018,0.011563682
5201,12,SS19,long dress,0.0,0.040546957
5330,2,SS19,short sleeves,0.0188679245283018,0.022190347
5329,56,SS19,sleeveless,0.0,0.0075632636
5329,99,SS19,sleeveless,0.0,0.0032941776
5329,5,SS19,sleeveless,0.0,0.022547666
5329,3,SS19,sleeveless,0.0,0.0040731174
5261,18,SS19,solid color top,0.0,0.0066517508
5329,110,SS19,sleeveless,0.0566037735849056,0.013576597
5329,9,SS19,sleeveless,0.0,0.008952051
5282,90,SS19,long sleeve,0.0,0.0047053513
5329,80,SS19,sleeveless,0.0,0.0061676265
5330,10,SS19,short sleeves,0.0,0.0062872306
5330,31,SS19,short sleeves,0.0188679245283018,0.029435106
5282,46,SS19,long sleeve,0.0188679245283018,0.0042401166
5330,94,SS19,short sleeves,0.0377358490566037,0.013392801
5329,50,SS19,sleeveless,0.0188679245283018,0.024570543
5247,22,SS19,long sleeve,0.0,0.007028722
4209,48,SS19,culottes,0.0,0.0075501376
5195,62,SS19,long sleeve,0.0,0.0027956674
5113,32,SS19,culottes,0.0,0.0028342346
5248,10,SS19,long sleeve,0.0,0.0029281296
5248,54,SS19,long sleeve,0.0,0.003805823
5329,18,SS19,sleeveless,0.0,0.008437186
5296,100,SS19,culottes,0.0,0.006841913
5296,8,SS19,culottes,0.0,0.0019812128
5296,4,SS19,culottes,0.0,0.0039654896
5329,0,SS19,sleeveless,0.0,0.0092093395
5329,59,SS19,sleeveless,0.0,0.010880375
5117,26,SS19,sleeveless,0.0,0.0021806657
5195,46,SS19,long sleeve,0.0,0.003926907
5329,63,SS19,sleeveless,0.0,0.010478588
5215,40,SS19,jumpsuit,0.0377358490566037,0.011618938
5211,59,SS19,culottes,0.0188679245283018,0.019790355
5329,21,SS19,sleeveless,0.0,0.006155614
5329,57,SS19,sleeveless,0.0,0.005465639
5329,104,SS19,sleeveless,0.0188679245283018,0.0050386917
5329,64,SS19,sleeveless,0.0,0.00666263
5222,30,SS19,culottes,0.0,0.010428516
5329,41,SS19,sleeveless,0.0377358490566037,0.0069066607
5247,64,SS19,long sleeve,0.0,0.015901119
5232,18,SS19,sleeveless,0.0,0.002162449
5247,41,SS19,long sleeve,0.0,0.007123404
5206,22,SS19,shorts,0.0,0.0031728528
5233,29,SS19,long sleeve,0.0,0.0048613064
5233,57,SS19,long sleeve,0.0,0.0027550557
5233,63,SS19,long sleeve,0.0,0.004547706
5329,100,SS19,sleeveless,0.0,0.005917636
5222,60,SS19,culottes,0.0,0.0052184975
5247,104,SS19,long sleeve,0.0,0.006390458
5188,66,SS19,sleeveless,0.0,0.004095013
5308,9,SS19,culottes,0.0,0.011948886
5172,72,SS19,jumpsuit,0.0,0.0047140755
5248,61,SS19,long sleeve,0.0,0.00718826
5308,19,SS19,culottes,0.0188679245283018,0.016197776
5195,21,SS19,long sleeve,0.0,0.003247441
5172,61,SS19,jumpsuit,0.0,0.0028808091
5329,26,SS19,sleeveless,0.0,0.013553843
5262,69,SS19,culottes,0.0,0.0050172927
5329,46,SS19,sleeveless,0.0,0.0041976334
5195,100,SS19,long sleeve,0.0,0.0020691392
5262,53,SS19,culottes,0.0,0.0027103021
5329,90,SS19,sleeveless,0.0,0.0067612757
5248,42,SS19,long sleeve,0.0,0.0032222841
5188,15,SS19,sleeveless,0.0,0.0046027172
5196,7,SS19,culottes,0.0188679245283018,0.011846955
5196,49,SS19,culottes,0.0188679245283018,0.009247275
5308,84,SS19,culottes,0.0188679245283018,0.0034672327
5308,65,SS19,culottes,0.0,0.00496054
5308,49,SS19,culottes,0.0188679245283018,0.016095188
5248,22,SS19,long sleeve,0.0,0.0022982007
5248,33,SS19,long sleeve,0.0188679245283018,0.016465342
5113,63,SS19,culottes,0.0566037735849056,0.02068634
5247,102,SS19,long sleeve,0.0377358490566037,0.0065790988
5148,23,SS19,sleeveless,0.0,0.0037915427
5248,9,SS19,long sleeve,0.0377358490566037,0.022740657
5262,14,SS19,culottes,0.0,0.0035275768
5117,76,SS19,sleeveless,0.0,0.0039455337
5201,50,SS19,long dress,0.0377358490566037,0.007070694
5248,68,SS19,long sleeve,0.0,0.0036349143
5308,3,SS19,culottes,0.0,0.0065913396
5289,45,SS19,short sleeves,0.0,0.0065402235
5233,36,SS19,long sleeve,0.0,0.0060852645
5232,19,SS19,sleeveless,0.0,0.0022732345
5206,31,SS19,shorts,0.0188679245283018,0.0039836825
5232,31,SS19,sleeveless,0.0,0.0018334336
5207,42,SS19,doll dress,0.0,0.0046237526
5247,23,SS19,long sleeve,0.0188679245283018,0.008053111
5203,8,SS19,sleeveless,0.0377358490566037,0.019645883
5317,19,SS19,short sleeves,0.0,0.024382874
5317,75,SS19,short sleeves,0.0188679245283018,0.013854958
5317,14,SS19,short sleeves,0.0,0.0115957605
5195,22,SS19,long sleeve,0.0,0.0047829426
5317,43,SS19,short sleeves,0.0188679245283018,0.009587688
5317,39,SS19,short sleeves,0.0188679245283018,0.01660311
5317,73,SS19,short sleeves,0.0,0.007881315
5317,66,SS19,short sleeves,0.0,0.013732242
5222,8,SS19,culottes,0.0,0.002545946
5317,3,SS19,short sleeves,0.0188679245283018,0.013433645
5317,33,SS19,short sleeves,0.0,0.012064064
5317,22,SS19,short sleeves,0.0188679245283018,0.02554815
5215,75,SS19,jumpsuit,0.0,0.0031546575
5120,85,SS19,solid color top,0.0,0.004808298
5217,18,SS19,sleeveless,0.0,0.0022617106
5317,51,SS19,short sleeves,0.0566037735849056,0.022255717
5317,77,SS19,short sleeves,0.0,0.033873957
5217,36,SS19,sleeveless,0.0,0.0014263134
5188,2,SS19,sleeveless,0.0,0.0056511415
5317,47,SS19,short sleeves,0.0,0.0067831706
5207,26,SS19,doll dress,0.0,0.004151729
5217,45,SS19,sleeveless,0.0754716981132075,0.025693823
5317,110,SS19,short sleeves,0.0377358490566037,0.013737702
5233,46,SS19,long sleeve,0.0188679245283018,0.040825445
5296,1,SS19,culottes,0.0,0.008171865
5233,12,SS19,long sleeve,0.0,0.0034010413
5233,35,SS19,long sleeve,0.0188679245283018,0.0069102235
5233,69,SS19,long sleeve,0.0,0.013720392
5233,85,SS19,long sleeve,0.0377358490566037,0.011114921
5233,20,SS19,long sleeve,0.0,0.026390096
5233,51,SS19,long sleeve,0.0,0.008433883
5233,22,SS19,long sleeve,0.0188679245283018,0.013427038
5206,39,SS19,shorts,0.0,0.006015359
5233,13,SS19,long sleeve,0.0188679245283018,0.014652843
5289,36,SS19,short sleeves,0.0,0.00910003
5195,60,SS19,long sleeve,0.0,0.0092267115
5326,18,SS19,shorts,0.0,0.0027148726
5222,3,SS19,culottes,0.0,0.0026189266
5233,56,SS19,long sleeve,0.0,0.0030304631
5233,2,SS19,long sleeve,0.0188679245283018,0.014684577
5326,41,SS19,shorts,0.0,0.0051152734
5222,16,SS19,culottes,0.0,0.0045891786
5317,12,SS19,short sleeves,0.0,0.008295053
5317,65,SS19,short sleeves,0.0,0.023174718
5233,5,SS19,long sleeve,0.0188679245283018,0.010389556
5233,3,SS19,long sleeve,0.0,0.007983544
5233,80,SS19,long sleeve,0.0,0.01484661
5233,39,SS19,long sleeve,0.0,0.0045949267
5233,43,SS19,long sleeve,0.0,0.013356256
5233,94,SS19,long sleeve,0.0188679245283018,0.015312423
5233,31,SS19,long sleeve,0.0,0.0067765657
5233,7,SS19,long sleeve,0.0188679245283018,0.02752496
5233,10,SS19,long sleeve,0.0,0.0062766424
5317,2,SS19,short sleeves,0.0188679245283018,0.013116132
5308,99,SS19,culottes,0.0377358490566037,0.013957806
5308,56,SS19,culottes,0.0,0.009552078
5308,50,SS19,culottes,0.0188679245283018,0.023753306
5246,59,SS19,long sleeve,0.0,0.013715928
5247,16,SS19,long sleeve,0.0,0.009074305
5188,22,SS19,sleeveless,0.0,0.0033384368
5267,31,SS19,solid color top,0.0,0.016044592
5246,90,SS19,long sleeve,0.0,0.020572959
5276,12,SS19,sleeveless,0.0,0.004396602
5246,40,SS19,long sleeve,0.0,0.014196159
5246,74,SS19,long sleeve,0.0,0.012068909
5246,53,SS19,long sleeve,0.0377358490566037,0.018291825
5246,67,SS19,long sleeve,0.0,0.005113961
5158,36,SS19,solid color top,0.0188679245283018,0.023751905
5246,82,SS19,long sleeve,0.0377358490566037,0.019464456
5246,42,SS19,long sleeve,0.0377358490566037,0.008179921
5246,63,SS19,long sleeve,0.0,0.006210807
5196,6,SS19,culottes,0.0188679245283018,0.012870034
5246,77,SS19,long sleeve,0.0,0.012955773
5247,50,SS19,long sleeve,0.0188679245283018,0.005986499
5153,28,SS19,sleeveless,0.0,0.006858929
5246,45,SS19,long sleeve,0.0377358490566037,0.015707536
5246,117,SS19,long sleeve,0.0,0.013642167
5308,100,SS19,culottes,0.0,0.005055998
5330,69,SS19,short sleeves,0.0,0.012757642
5308,63,SS19,culottes,0.0,0.0029232197
5308,59,SS19,culottes,0.0,0.01205869
5246,28,SS19,long sleeve,0.0,0.01212503
5330,46,SS19,short sleeves,0.0,0.004605445
5131,50,SS19,doll dress,0.0,0.008799064
5246,80,SS19,long sleeve,0.0,0.010953011
5188,49,SS19,sleeveless,0.0,0.0036853123
5269,15,SS19,culottes,0.0188679245283018,0.022845982
5261,63,SS19,solid color top,0.0,0.0058709057
5261,41,SS19,solid color top,0.0188679245283018,0.0102724545
5199,75,SS19,long sleeve,0.0,0.00994838
5175,26,SS19,jumpsuit,0.0,0.0023115196
5268,66,SS19,printed shirt,0.0,0.022893459
5269,90,SS19,culottes,0.0,0.006699958
5196,61,SS19,culottes,0.0,0.0105154505
5196,27,SS19,culottes,0.0188679245283018,0.022630885
5192,80,SS19,sleeveless,0.0,0.0027650034
5247,73,SS19,long sleeve,0.0,0.008995745
5199,31,SS19,long sleeve,0.0,0.0051185917
5196,20,SS19,culottes,0.0188679245283018,0.038571376
5269,2,SS19,culottes,0.0,0.011589772
5312,40,SS19,sleeveless,0.0,0.008790985
5267,2,SS19,solid color top,0.0188679245283018,0.019282823
5247,110,SS19,long sleeve,0.0188679245283018,0.01602991
5188,51,SS19,sleeveless,0.0,0.002583304
5246,23,SS19,long sleeve,0.0,0.0064276955
5269,20,SS19,culottes,0.0,0.010988894
5269,38,SS19,culottes,0.0188679245283018,0.021499142
5246,64,SS19,long sleeve,0.0,0.00938299
5269,93,SS19,culottes,0.0,0.005387244
4209,76,SS19,culottes,0.0,0.0042318
5269,39,SS19,culottes,0.0188679245283018,0.00655742
5156,24,SS19,solid color top,0.0,0.004118019
5330,59,SS19,short sleeves,0.0,0.0076899976
5276,53,SS19,sleeveless,0.0188679245283018,0.021353597
5246,86,SS19,long sleeve,0.0,0.017964562
5308,36,SS19,culottes,0.0,0.00535884
5317,8,SS19,short sleeves,0.0188679245283018,0.008931384
5308,72,SS19,culottes,0.0,0.007216757
5317,0,SS19,short sleeves,0.0,0.010673748
5308,45,SS19,culottes,0.0188679245283018,0.018255945
5308,52,SS19,culottes,0.0,0.004440372
5317,18,SS19,short sleeves,0.0,0.0074898247
5247,67,SS19,long sleeve,0.0,0.006901761
5211,80,SS19,culottes,0.0,0.006545916
5211,3,SS19,culottes,0.0188679245283018,0.005048503
5317,81,SS19,short sleeves,0.0,0.00882598
5256,54,SS19,long sleeve,0.0,0.012228449
5112,23,SS19,doll dress,0.0,0.003553848
5317,29,SS19,short sleeves,0.0,0.0063049006
5326,66,SS19,shorts,0.0566037735849056,0.024884308
5317,72,SS19,short sleeves,0.0377358490566037,0.012988665
5317,83,SS19,short sleeves,0.0188679245283018,0.014388965
5215,4,SS19,jumpsuit,0.0377358490566037,0.025076192
5248,21,SS19,long sleeve,0.0188679245283018,0.024296543
5105,10,SS19,doll dress,0.0188679245283018,0.017514301
5248,95,SS19,long sleeve,0.0,0.0047680405
5188,56,SS19,sleeveless,0.0,0.0023676155
4231,46,SS19,sleeveless,0.0566037735849056,0.026710905
4231,16,SS19,sleeveless,0.0188679245283018,0.022282718
4231,65,SS19,sleeveless,0.0188679245283018,0.008931759
5247,4,SS19,long sleeve,0.0,0.019019715
5248,40,SS19,long sleeve,0.0188679245283018,0.008458063
5248,74,SS19,long sleeve,0.0,0.005528826
5317,67,SS19,short sleeves,0.0188679245283018,0.021026026
5267,18,SS19,solid color top,0.0,0.01560238
5215,59,SS19,jumpsuit,0.0,0.0059699253
5268,48,SS19,printed shirt,0.0,0.009656089
5267,48,SS19,solid color top,0.0,0.0030490293
5246,48,SS19,long sleeve,0.0,0.009718015
5247,68,SS19,long sleeve,0.0,0.0033004652
5246,19,SS19,long sleeve,0.0,0.01788083
5246,66,SS19,long sleeve,0.0,0.0073707346
5268,26,SS19,printed shirt,0.0,0.007824996
5330,104,SS19,short sleeves,0.0377358490566037,0.010598413
5267,86,SS19,solid color top,0.0,0.012719717
5196,60,SS19,culottes,0.0377358490566037,0.007860222
5246,31,SS19,long sleeve,0.0,0.0050446694
5268,90,SS19,printed shirt,0.0,0.005578325
5312,18,SS19,sleeveless,0.0,0.0058328756
5267,39,SS19,solid color top,0.0188679245283018,0.012479072
5312,57,SS19,sleeveless,0.0,0.006427263
5256,40,SS19,long sleeve,0.0188679245283018,0.0069523263
5202,0,SS19,long sleeve,0.0188679245283018,0.02290789
5276,46,SS19,sleeveless,0.0,0.00597659
5267,3,SS19,solid color top,0.0,0.008147198
5267,22,SS19,solid color top,0.0,0.0034314229
5194,93,SS19,long sleeve,0.0,0.0053986725
5268,0,SS19,printed shirt,0.0,0.0056878123
5268,8,SS19,printed shirt,0.0,0.006299646
5207,21,SS19,doll dress,0.0,0.0035078283
5267,82,SS19,solid color top,0.0188679245283018,0.007725309
4210,64,SS19,culottes,0.0377358490566037,0.024833778
5256,9,SS19,long sleeve,0.0,0.0031140796
5194,60,SS19,long sleeve,0.0188679245283018,0.018451558
5267,36,SS19,solid color top,0.0,0.005816858
5232,100,SS19,sleeveless,0.0,0.0020205406
4209,60,SS19,culottes,0.0,0.0036223065
5329,49,SS19,sleeveless,0.0,0.012656229
5310,7,SS19,short sleeves,0.0,0.005684418
5288,30,SS19,solid color top,0.0,0.0042226654
5277,67,SS19,culottes,0.0566037735849056,0.01693372
5277,0,SS19,culottes,0.0,0.013997037
5302,13,SS19,sleeveless,0.0188679245283018,0.003987193
5302,117,SS19,sleeveless,0.0,0.0028033282
5302,33,SS19,sleeveless,0.0,0.0038396919
5277,102,SS19,culottes,0.0377358490566037,0.023981629
5277,64,SS19,culottes,0.0377358490566037,0.02824112
5161,26,SS19,patterned top,0.0,0.003505132
5161,36,SS19,patterned top,0.0,0.005183766
5161,83,SS19,patterned top,0.0,0.00658266
5161,107,SS19,patterned top,0.0,0.0029714666
5302,26,SS19,sleeveless,0.0,0.00384564
5161,20,SS19,patterned top,0.0,0.005990985
5277,61,SS19,culottes,0.0,0.015439638
5161,45,SS19,patterned top,0.0,0.006886936
5254,18,SS19,long dress,0.0,0.00413804
5161,19,SS19,patterned top,0.0188679245283018,0.014692778
5161,15,SS19,patterned top,0.0,0.0066146157
5161,12,SS19,patterned top,0.0,0.009313996
5161,2,SS19,patterned top,0.0,0.00557686
5254,47,SS19,long dress,0.0,0.0029861783
5254,12,SS19,long dress,0.0,0.0024758482
5305,77,SS19,long dress,0.0,0.004821778
5316,117,SS19,culottes,0.0,0.017806489
5316,13,SS19,culottes,0.0,0.009038533
5305,47,SS19,long dress,0.0,0.0040454683
5316,3,SS19,culottes,0.0,0.01511803
5316,43,SS19,culottes,0.0,0.03582652
5161,22,SS19,patterned top,0.0,0.0044241557
5316,86,SS19,culottes,0.0,0.012209632
5277,101,SS19,culottes,0.0188679245283018,0.0059782295
5305,76,SS19,long dress,0.0,0.0023867677
5293,22,SS19,solid color top,0.0,0.017974595
4197,109,SS19,printed shirt,0.0,0.0032568688
5266,51,SS19,sleeveless,0.0566037735849056,0.016905345
5122,104,SS19,solid color top,0.0,0.004180632
5122,21,SS19,solid color top,0.0,0.0027898443
5266,10,SS19,sleeveless,0.0754716981132075,0.019946963
5273,22,SS19,sleeveless,0.0754716981132075,0.03281355
5122,53,SS19,solid color top,0.0,0.00403454
5273,19,SS19,sleeveless,0.0,0.028062519
5122,38,SS19,solid color top,0.0,0.0063033295
5324,40,SS19,long sleeve,0.0188679245283018,0.0043018814
5324,47,SS19,long sleeve,0.0,0.011578048
5324,22,SS19,long sleeve,0.0,0.003595341
5277,24,SS19,culottes,0.0,0.023561327
5324,33,SS19,long sleeve,0.0,0.0031067259
5305,33,SS19,long dress,0.0,0.0071021514
5305,22,SS19,long dress,0.0,0.008218055
5324,110,SS19,long sleeve,0.0,0.0024478715
5324,80,SS19,long sleeve,0.0,0.004776307
5324,65,SS19,long sleeve,0.0188679245283018,0.026617303
5293,3,SS19,solid color top,0.0,0.024244813
5277,62,SS19,culottes,0.0,0.007937674
5277,31,SS19,culottes,0.0754716981132075,0.018930444
5324,7,SS19,long sleeve,0.0,0.004277451
5324,12,SS19,long sleeve,0.0,0.0025301739
5293,15,SS19,solid color top,0.0188679245283018,0.023860265
5277,39,SS19,culottes,0.0566037735849056,0.019440247
5277,28,SS19,culottes,0.0566037735849056,0.028278358
5305,93,SS19,long dress,0.0,0.0036834723
5316,79,SS19,culottes,0.0377358490566037,0.01645924
5309,8,SS19,sleeveless,0.0377358490566037,0.019243946
5293,2,SS19,solid color top,0.0,0.016345246
5309,33,SS19,sleeveless,0.0377358490566037,0.031193608
5275,26,SS19,gitana skirt,0.0,0.005944274
5255,19,SS19,gitana skirt,0.0,0.0077582817
5255,94,SS19,gitana skirt,0.0,0.012276118
5314,36,SS19,gitana skirt,0.0,0.0028582283
5316,2,SS19,culottes,0.0,0.011337231
5314,82,SS19,gitana skirt,0.0,0.004438384
5316,62,SS19,culottes,0.0,0.013282659
5314,3,SS19,gitana skirt,0.0188679245283018,0.009453167
5314,73,SS19,gitana skirt,0.0,0.0023341652
5314,80,SS19,gitana skirt,0.0,0.0027814724
5314,66,SS19,gitana skirt,0.0188679245283018,0.020779485
5314,2,SS19,gitana skirt,0.0188679245283018,0.02236413
5309,22,SS19,sleeveless,0.0,0.019045252
5270,41,SS19,long dress,0.0,0.01020056
5253,82,SS19,long dress,0.0188679245283018,0.036303025
5309,117,SS19,sleeveless,0.0,0.007283026
5309,13,SS19,sleeveless,0.0,0.0012354585
5309,3,SS19,sleeveless,0.0,0.028541917
5309,43,SS19,sleeveless,0.0188679245283018,0.011067172
5309,86,SS19,sleeveless,0.0377358490566037,0.0154830925
5309,14,SS19,sleeveless,0.1132075471698113,0.028258795
5253,50,SS19,long dress,0.0,0.0071679223
5253,84,SS19,long dress,0.0188679245283018,0.010226216
5253,49,SS19,long dress,0.0,0.0076942826
5309,19,SS19,sleeveless,0.0,0.018434783
5309,66,SS19,sleeveless,0.0,0.023287809
5309,65,SS19,sleeveless,0.0377358490566037,0.02912508
5270,64,SS19,long dress,0.0,0.0073563443
5309,52,SS19,sleeveless,0.0,0.012798595
5309,76,SS19,sleeveless,0.0,0.032024954
5316,10,SS19,culottes,0.0377358490566037,0.020339137
5275,85,SS19,gitana skirt,0.0377358490566037,0.010101253
5255,14,SS19,gitana skirt,0.0,0.005465148
5253,57,SS19,long dress,0.0,0.0041332575
5253,59,SS19,long dress,0.0,0.002774359
5309,18,SS19,sleeveless,0.0,0.0084827095
5274,83,SS19,sleeveless,0.0188679245283018,0.015933894
5274,76,SS19,sleeveless,0.0,0.004293957
5309,46,SS19,sleeveless,0.0,0.010326929
5309,26,SS19,sleeveless,0.0,0.005631076
5309,81,SS19,sleeveless,0.0188679245283018,0.02012929
5274,39,SS19,sleeveless,0.0,0.003269792
5316,19,SS19,culottes,0.0,0.012762598
5274,60,SS19,sleeveless,0.0377358490566037,0.019933134
5274,19,SS19,sleeveless,0.0,0.0031834007
5274,15,SS19,sleeveless,0.0,0.0025130953
5309,74,SS19,sleeveless,0.0,0.011062957
5309,53,SS19,sleeveless,0.0,0.024981823
5309,32,SS19,sleeveless,0.0188679245283018,0.024731325
5309,67,SS19,sleeveless,0.0,0.012264039
5309,85,SS19,sleeveless,0.0,0.0047717937
5316,66,SS19,culottes,0.0,0.013659625
5316,65,SS19,culottes,0.0,0.026830513
5253,4,SS19,long dress,0.0,0.0075649424
5275,36,SS19,gitana skirt,0.0,0.0048738657
5253,0,SS19,long dress,0.0188679245283018,0.030016383
5291,24,SS19,solid color top,0.0566037735849056,0.016667489
5309,20,SS19,sleeveless,0.0,0.01430521
5169,0,SS19,jumpsuit,0.0188679245283018,0.003800881
3929,11,SS19,printed shirt,0.0,0.0044340305
5298,2,SS19,long cardigan,0.0,0.013467657
5305,20,SS19,long dress,0.0,0.004869613
5324,29,SS19,long sleeve,0.0188679245283018,0.005467587
5298,10,SS19,long cardigan,0.0,0.018921841
5275,75,SS19,gitana skirt,0.0,0.005063034
5275,19,SS19,gitana skirt,0.0,0.005895847
5322,15,SS19,long dress,0.0,0.0066232644
5275,2,SS19,gitana skirt,0.0566037735849056,0.02432534
5322,2,SS19,long dress,0.0,0.010786034
5322,54,SS19,long dress,0.0188679245283018,0.013849176
5278,36,SS19,long sleeve,0.0,0.0030421522
5322,30,SS19,long dress,0.0,0.020676497
5323,36,SS19,drop sleeve,0.0,0.010996361
5278,67,SS19,long sleeve,0.0,0.010746963
5278,109,SS19,long sleeve,0.0,0.0060353167
5323,26,SS19,drop sleeve,0.0,0.012419908
5278,51,SS19,long sleeve,0.0188679245283018,0.023695812
5322,31,SS19,long dress,0.0,0.023092674
5323,46,SS19,drop sleeve,0.0377358490566037,0.024124691
5278,76,SS19,long sleeve,0.0,0.008935344
5323,8,SS19,drop sleeve,0.0,0.006531582
5278,22,SS19,long sleeve,0.0,0.0027904355
5278,33,SS19,long sleeve,0.0188679245283018,0.0076036896
5323,57,SS19,drop sleeve,0.0,0.006917478
5285,100,SS19,solid color top,0.0188679245283018,0.0062040812
5228,7,SS19,sleeveless,0.0,0.005687582
5228,30,SS19,sleeveless,0.0,0.015316834
5285,18,SS19,solid color top,0.0188679245283018,0.033724297
5285,90,SS19,solid color top,0.0,0.006929529
5227,10,SS19,sleeveless,0.0,0.004148635
5227,30,SS19,sleeveless,0.0,0.005772606
5285,82,SS19,solid color top,0.0,0.006893323
5228,36,SS19,sleeveless,0.0,0.013746174
5298,40,SS19,long cardigan,0.0188679245283018,0.0076176687
5305,110,SS19,long dress,0.0,0.0039022618
5322,66,SS19,long dress,0.0,0.007056091
5322,3,SS19,long dress,0.0,0.011360925
4233,41,SS19,solid color top,0.0,0.0036531568
5322,110,SS19,long dress,0.0188679245283018,0.011238265
5316,76,SS19,culottes,0.0,0.010908081
5322,9,SS19,long dress,0.0,0.010632684
5149,46,SS19,capris,0.0,0.0041069477
5322,73,SS19,long dress,0.0,0.013062187
5243,50,SS19,shorts,0.0,0.005861991
5243,19,SS19,shorts,0.0,0.0022130618
5243,12,SS19,shorts,0.0,0.0066120946
5322,43,SS19,long dress,0.0,0.022784369
5322,14,SS19,long dress,0.0377358490566037,0.0057508615
5322,75,SS19,long dress,0.0,0.008229115
5323,35,SS19,drop sleeve,0.0188679245283018,0.02542865
5305,48,SS19,long dress,0.0,0.0066535803
5305,43,SS19,long dress,0.0,0.0037931635
5245,90,SS19,culottes,0.0377358490566037,0.014175115
5305,39,SS19,long dress,0.0188679245283018,0.011646395
5245,0,SS19,culottes,0.0,0.0068285256
5298,100,SS19,long cardigan,0.0,0.013347725
5245,44,SS19,culottes,0.0,0.016191479
5305,73,SS19,long dress,0.0,0.0042944774
5316,22,SS19,culottes,0.0,0.028541865
5305,9,SS19,long dress,0.0,0.009248119
5149,13,SS19,capris,0.0,0.004092846
5298,0,SS19,long cardigan,0.0188679245283018,0.008324517
5316,33,SS19,culottes,0.0188679245283018,0.013849729
5322,19,SS19,long dress,0.0,0.014569434
5208,24,SS19,patterned top,0.0,0.009387498
5302,65,SS19,sleeveless,0.0,0.008033397
5302,43,SS19,sleeveless,0.0,0.003079615
5302,3,SS19,sleeveless,0.0188679245283018,0.006706946
5249,75,SS19,culottes,0.0188679245283018,0.023395715
5249,54,SS19,culottes,0.0188679245283018,0.027380245
5305,16,SS19,long dress,0.0,0.0032302346
5251,59,SS19,culottes,0.0188679245283018,0.021184552
5298,79,SS19,long cardigan,0.0377358490566037,0.010119866
5284,20,SS19,long dress,0.0,0.013019607
5284,13,SS19,long dress,0.0,0.0077751228
5284,16,SS19,long dress,0.0,0.011611666
5298,75,SS19,long cardigan,0.0188679245283018,0.014075913
5298,19,SS19,long cardigan,0.0188679245283018,0.0075895814
5250,36,SS19,long dress,0.0188679245283018,0.014656718
5250,40,SS19,long dress,0.0188679245283018,0.028427357
5298,66,SS19,long cardigan,0.0,0.012370773
5249,73,SS19,culottes,0.0,0.0024798752
5251,36,SS19,culottes,0.0377358490566037,0.011528414
5250,14,SS19,long dress,0.0,0.014818182
5250,19,SS19,long dress,0.0188679245283018,0.01615892
5266,63,SS19,sleeveless,0.0,0.01999595
5266,95,SS19,sleeveless,0.0,0.014604826
5305,13,SS19,long dress,0.0,0.0021149472
5298,94,SS19,long cardigan,0.0,0.005829016
5266,18,SS19,sleeveless,0.0188679245283018,0.015349732
5298,65,SS19,long cardigan,0.0,0.016757857
5251,9,SS19,culottes,0.0,0.008493423
5251,80,SS19,culottes,0.0,0.0068910387
5251,43,SS19,culottes,0.0188679245283018,0.019983642
5298,31,SS19,long cardigan,0.0,0.011229223
5298,7,SS19,long cardigan,0.0,0.020119095
5250,3,SS19,long dress,0.0188679245283018,0.030756703
5298,110,SS19,long cardigan,0.0943396226415094,0.02071287
5298,3,SS19,long cardigan,0.0,0.012494663
5274,104,SS19,sleeveless,0.0,0.008761531
5298,83,SS19,long cardigan,0.0377358490566037,0.013149085
5285,48,SS19,solid color top,0.0,0.003994749
5286,69,SS19,shorts,0.0,0.0033540677
5298,1,SS19,long cardigan,0.0,0.00997981
5298,68,SS19,long cardigan,0.0188679245283018,0.01137557
5298,51,SS19,long cardigan,0.0,0.006750403
5275,22,SS19,gitana skirt,0.0188679245283018,0.0065356507
5275,76,SS19,gitana skirt,0.0188679245283018,0.023499958
5255,95,SS19,gitana skirt,0.0188679245283018,0.022677371
5255,46,SS19,gitana skirt,0.0,0.004045344
5275,82,SS19,gitana skirt,0.0,0.004650905
5298,24,SS19,long cardigan,0.0,0.0031472272
5255,26,SS19,gitana skirt,0.0,0.0012170097
4221,27,SS19,culottes,0.0,0.010041273
4203,95,SS19,printed shirt,0.0188679245283018,0.0021592155
5255,68,SS19,gitana skirt,0.0,0.002958616
5255,76,SS19,gitana skirt,0.0,0.0069610197
5255,45,SS19,gitana skirt,0.0,0.005933298
5126,48,SS19,culottes,0.0,0.023710722
5298,45,SS19,long cardigan,0.0188679245283018,0.0035054195
5126,32,SS19,culottes,0.0377358490566037,0.008318889
5298,22,SS19,long cardigan,0.0,0.00550447
5298,33,SS19,long cardigan,0.0,0.014966868
5249,0,SS19,culottes,0.0,0.005501622
5249,40,SS19,culottes,0.0188679245283018,0.02394883
5298,16,SS19,long cardigan,0.0,0.0062148715
5249,101,SS19,culottes,0.0,0.005372075
5298,5,SS19,long cardigan,0.0,0.0025756324
5249,22,SS19,culottes,0.0,0.002162497
5278,66,SS19,long sleeve,0.0377358490566037,0.024044512
5245,72,SS19,culottes,0.0188679245283018,0.01399679
5309,10,SS19,sleeveless,0.0377358490566037,0.005786426
5309,2,SS19,sleeveless,0.0,0.006054743
5295,8,SS19,jumpsuit,0.0,0.005084461
5297,51,SS19,long dress,0.0,0.012734928
5295,104,SS19,jumpsuit,0.0377358490566037,0.019340655
5295,64,SS19,jumpsuit,0.0,0.014109783
5295,41,SS19,jumpsuit,0.0188679245283018,0.014681129
5280,28,SS19,solid color top,0.0,0.0026661518
5304,2,SS19,long dress,0.0377358490566037,0.031506613
5279,45,SS19,doll dress,0.0,0.004383124
5280,31,SS19,solid color top,0.0,0.0037453661
5264,20,SS19,solid color top,0.0,0.007968842
5264,45,SS19,solid color top,0.0,0.0041942084
5264,22,SS19,solid color top,0.0,0.003229841
5235,22,SS19,gitana skirt,0.0188679245283018,0.011929597
5264,31,SS19,solid color top,0.0,0.005563797
5304,10,SS19,long dress,0.0,0.019400379
5304,7,SS19,long dress,0.0188679245283018,0.039969027
5279,16,SS19,doll dress,0.0,0.009692843
5235,110,SS19,gitana skirt,0.0,0.0016784001
5279,3,SS19,doll dress,0.0,0.024631843
5297,67,SS19,long dress,0.0,0.0071676625
5279,73,SS19,doll dress,0.0,0.008189216
5297,69,SS19,long dress,0.0377358490566037,0.019858966
5264,9,SS19,solid color top,0.0,0.0026119566
5304,94,SS19,long dress,0.0,0.01549955
5297,76,SS19,long dress,0.0566037735849056,0.017040648
5295,36,SS19,jumpsuit,0.0,0.0065720496
5295,28,SS19,jumpsuit,0.0,0.012201302
5295,16,SS19,jumpsuit,0.0,0.008490613
5295,13,SS19,jumpsuit,0.0188679245283018,0.0040008915
5235,51,SS19,gitana skirt,0.0,0.0044808295
5295,33,SS19,jumpsuit,0.0,0.008483267
5280,36,SS19,solid color top,0.0,0.0036366123
5295,24,SS19,jumpsuit,0.0,0.0067904093
5280,35,SS19,solid color top,0.0,0.0044125984
5295,77,SS19,jumpsuit,0.0188679245283018,0.010604797
5295,1,SS19,jumpsuit,0.0,0.0042726207
5295,47,SS19,jumpsuit,0.0,0.006840795
5235,39,SS19,gitana skirt,0.0188679245283018,0.014381003
5295,26,SS19,jumpsuit,0.0,0.009809399
5280,53,SS19,solid color top,0.0,0.003244866
5297,33,SS19,long dress,0.0,0.017115662
5280,101,SS19,solid color top,0.0,0.0023575122
5280,50,SS19,solid color top,0.0,0.0029199333
5197,95,SS19,short sleeves,0.0,0.0031924404
5297,22,SS19,long dress,0.0,0.0030588056
5197,80,SS19,short sleeves,0.0,0.003534728
5295,82,SS19,jumpsuit,0.0,0.0040680873
5297,52,SS19,long dress,0.0188679245283018,0.006867317
5295,67,SS19,jumpsuit,0.0,0.0043865135
5295,53,SS19,jumpsuit,0.0188679245283018,0.008818052
5295,81,SS19,jumpsuit,0.0,0.009650682
5279,47,SS19,doll dress,0.0,0.010122769
5297,35,SS19,long dress,0.0,0.0064421226
5297,81,SS19,long dress,0.0188679245283018,0.013482652
5297,36,SS19,long dress,0.0,0.0063348995
5303,93,SS19,long dress,0.0,0.0029680005
5270,30,SS19,long dress,0.0188679245283018,0.024021003
5297,41,SS19,long dress,0.0,0.011887075
5093,101,SS19,culottes,0.0,0.0030575593
5242,54,SS19,printed shirt,0.0,0.0040927515
5270,19,SS19,long dress,0.0,0.010530557
5303,18,SS19,long dress,0.0,0.0074808667
5303,45,SS19,long dress,0.0,0.0016162946
5270,75,SS19,long dress,0.0377358490566037,0.009787365
5303,26,SS19,long dress,0.0,0.0030418844
5279,10,SS19,doll dress,0.0,0.0041582133
5279,49,SS19,doll dress,0.0188679245283018,0.013248731
5270,73,SS19,long dress,0.0,0.008168133
5304,29,SS19,long dress,0.0,0.0136748655
5270,9,SS19,long dress,0.0,0.0079300525
5270,56,SS19,long dress,0.0188679245283018,0.007308008
5270,16,SS19,long dress,0.0,0.009735317
5270,117,SS19,long dress,0.0,0.002471682
5270,50,SS19,long dress,0.0188679245283018,0.010480837
5310,36,SS19,short sleeves,0.0,0.0025896677
5270,22,SS19,long dress,0.0,0.004601462
5310,18,SS19,short sleeves,0.0,0.002436249
5303,24,SS19,long dress,0.0,0.0025382687
5270,51,SS19,long dress,0.0188679245283018,0.006394454
5279,65,SS19,doll dress,0.0,0.0054081273
5279,66,SS19,doll dress,0.0188679245283018,0.02182328
5286,80,SS19,shorts,0.0,0.0029814828
5286,81,SS19,shorts,0.0,0.0031685892
5279,7,SS19,doll dress,0.0,0.007768429
5310,67,SS19,short sleeves,0.0,0.008363647
5297,29,SS19,long dress,0.0,0.0061318898
5310,85,SS19,short sleeves,0.0,0.0049846605
5279,39,SS19,doll dress,0.0,0.009484237
5297,26,SS19,long dress,0.0,0.015791377
5297,46,SS19,long dress,0.0,0.0032022279
5279,43,SS19,doll dress,0.0,0.009534047
5310,2,SS19,short sleeves,0.0,0.003073821
5310,65,SS19,short sleeves,0.0188679245283018,0.009835045
5310,66,SS19,short sleeves,0.0,0.0041594477
5242,117,SS19,printed shirt,0.0,0.010756432
5242,5,SS19,printed shirt,0.0,0.015029062
5297,8,SS19,long dress,0.0,0.010665361
5242,3,SS19,printed shirt,0.0,0.008798497
5242,14,SS19,printed shirt,0.0,0.007912834
5305,41,SS19,long dress,0.0,0.0030871425
5297,100,SS19,long dress,0.0188679245283018,0.022629926
5310,14,SS19,short sleeves,0.0,0.00084656064
5304,35,SS19,long dress,0.0,0.02235502
5310,43,SS19,short sleeves,0.0,0.0073376806
5310,73,SS19,short sleeves,0.0,0.0032854965
5310,3,SS19,short sleeves,0.0188679245283018,0.0033087675
5303,66,SS19,long dress,0.0,0.0035132165
5304,46,SS19,long dress,0.0,0.017210878
5304,18,SS19,long dress,0.0,0.018184034
5242,48,SS19,printed shirt,0.0,0.0037488735
5310,33,SS19,short sleeves,0.0,0.0040396405
5242,66,SS19,printed shirt,0.0,0.0043208743
5303,39,SS19,long dress,0.0,0.005177847
5242,65,SS19,printed shirt,0.0,0.009059318
5295,3,SS19,jumpsuit,0.0,0.009058755
4204,35,SS19,culottes,0.0,0.004798267
5295,73,SS19,jumpsuit,0.0,0.005573195
5295,43,SS19,jumpsuit,0.0,0.0034504859
5307,77,SS19,jumpsuit,0.0,0.0036704545
5225,82,SS19,capris,0.0,0.0037073959
5307,20,SS19,jumpsuit,0.0,0.0021929832
5307,85,SS19,jumpsuit,0.0,0.004628964
5225,50,SS19,capris,0.0377358490566037,0.004674922
5307,36,SS19,jumpsuit,0.0,0.0029723688
5225,117,SS19,capris,0.0,0.0029443793
5236,110,SS19,gitana skirt,0.0,0.0059516774
5315,0,SS19,solid color top,0.0,0.009169675
5225,110,SS19,capris,0.0188679245283018,0.01795509
5225,65,SS19,capris,0.0,0.011464711
5307,26,SS19,jumpsuit,0.0188679245283018,0.003255344
5270,100,SS19,long dress,0.0,0.002940479
5237,80,SS19,gitana skirt,0.0,0.00085327047
5315,18,SS19,solid color top,0.0188679245283018,0.003944256
5307,18,SS19,jumpsuit,0.0,0.003746848
5307,8,SS19,jumpsuit,0.0,0.0046331803
5270,63,SS19,long dress,0.0,0.0066771093
5307,57,SS19,jumpsuit,0.0,0.0030022704
5270,59,SS19,long dress,0.0,0.0038487948
5270,4,SS19,long dress,0.0,0.0072241775
5297,2,SS19,long dress,0.0188679245283018,0.01621268
5315,42,SS19,solid color top,0.0188679245283018,0.016361892
5315,20,SS19,solid color top,0.0,0.0037927118
5315,75,SS19,solid color top,0.0,0.01023667
5315,19,SS19,solid color top,0.0,0.019794675
5297,10,SS19,long dress,0.0,0.015228492
5225,54,SS19,capris,0.0,0.0071455115
5315,69,SS19,solid color top,0.0188679245283018,0.008941899
5297,7,SS19,long dress,0.0188679245283018,0.016153682
5225,107,SS19,capris,0.0,0.0039255186
5240,10,SS19,long sleeve,0.0,0.0027254822
5272,69,SS19,shorts,0.0,0.0021229503
5130,43,SS19,culottes,0.0,0.0069851032
5272,90,SS19,shorts,0.0,0.0022145575
5159,35,SS19,culottes,0.0377358490566037,0.007111461
5286,12,SS19,shorts,0.0,0.0050345217
5275,29,SS19,gitana skirt,0.0,0.0
5275,41,SS19,gitana skirt,0.0,0.003377011
5159,69,SS19,culottes,0.0,0.011280484
5286,10,SS19,shorts,0.0,0.0039037943
5159,45,SS19,culottes,0.0188679245283018,0.021354105
5286,31,SS19,shorts,0.0,0.006673079
5286,14,SS19,shorts,0.0,0.002458453
5286,43,SS19,shorts,0.0,0.0041836314
5240,2,SS19,long sleeve,0.0188679245283018,0.012373049
5159,56,SS19,culottes,0.0,0.0040626754
5159,66,SS19,culottes,0.0566037735849056,0.0033278526
5307,30,SS19,jumpsuit,0.0,0.0066582616
5307,2,SS19,jumpsuit,0.0,0.0030573958
5307,10,SS19,jumpsuit,0.0377358490566037,0.011734874
5307,49,SS19,jumpsuit,0.0,0.003061187
5307,15,SS19,jumpsuit,0.0,0.0021230853
5307,14,SS19,jumpsuit,0.0,0.0030239832
5307,43,SS19,jumpsuit,0.0,0.0035357603
5307,80,SS19,jumpsuit,0.0,0.0037720536
5307,3,SS19,jumpsuit,0.0,0.0033406718
5240,67,SS19,long sleeve,0.0,0.0052976864
5225,26,SS19,capris,0.0,0.0005006426
5240,56,SS19,long sleeve,0.0188679245283018,0.023163602
5286,39,SS19,shorts,0.0,0.0036994887
5305,82,SS19,long dress,0.0188679245283018,0.003436643
5297,15,SS19,long dress,0.0,0.022147043
5306,26,SS19,solid color top,0.0377358490566037,0.031100737
5305,18,SS19,long dress,0.0,0.0086494405
5305,59,SS19,long dress,0.0,0.0047589215
5279,4,SS19,doll dress,0.0,0.0169538
5270,72,SS19,long dress,0.0,0.012072039
5270,82,SS19,long dress,0.0,0.009622291
5136,4,SS19,jumpsuit,0.0,0.0043163127
5295,30,SS19,jumpsuit,0.0188679245283018,0.0040516825
5295,2,SS19,jumpsuit,0.0377358490566037,0.009641172
5305,63,SS19,long dress,0.0,0.0037520365
5279,40,SS19,doll dress,0.0,0.006855356
5297,16,SS19,long dress,0.0,0.011099349
5279,74,SS19,doll dress,0.0,0.0070295623
5297,13,SS19,long dress,0.0,0.004912022
5235,29,SS19,gitana skirt,0.0,0.009455712
5242,68,SS19,printed shirt,0.0,0.004572059
5242,22,SS19,printed shirt,0.0,0.0035296688
5242,93,SS19,printed shirt,0.0,0.005228554
5242,50,SS19,printed shirt,0.0377358490566037,0.012181314
5280,46,SS19,solid color top,0.0,0.0065119253
5305,104,SS19,long dress,0.0,0.0030724162
5295,49,SS19,jumpsuit,0.0188679245283018,0.021307409
5279,107,SS19,doll dress,0.0,0.010142466
5295,66,SS19,jumpsuit,0.0188679245283018,0.00974332
5235,30,SS19,gitana skirt,0.0377358490566037,0.0153933
5295,75,SS19,jumpsuit,0.0,0.0039566737
5280,26,SS19,solid color top,0.0,0.0022283436
5295,14,SS19,jumpsuit,0.0,0.0045783464
5185,24,SS19,culottes,0.0,0.003063581
5242,24,SS19,printed shirt,0.0,0.004061614
5209,42,SS19,patterned top,0.0,0.006563803
5209,101,SS19,patterned top,0.0,0.0043557156
5185,83,SS19,culottes,0.0188679245283018,0.0076556862
5297,65,SS19,long dress,0.0,0.007902739
5321,100,SS19,solid color top,0.0,0.006162669
5321,18,SS19,solid color top,0.0,0.0042416723
5270,18,SS19,long dress,0.0,0.0023865676
5305,72,SS19,long dress,0.0,0.0022817543
5321,93,SS19,solid color top,0.0,0.006401453
5321,66,SS19,solid color top,0.0,0.0024932676
5288,107,SS19,solid color top,0.0188679245283018,0.0034869255
5305,67,SS19,long dress,0.0,0.004697309
5189,24,SS19,culottes,0.0,0.0042293575
5288,50,SS19,solid color top,0.0,0.0050189444
5288,5,SS19,solid color top,0.0,0.006367867
5288,86,SS19,solid color top,0.0,0.0037484802
5242,100,SS19,printed shirt,0.0,0.005448857
5288,75,SS19,solid color top,0.0,0.003188287
5242,63,SS19,printed shirt,0.0,0.0135207325
5242,8,SS19,printed shirt,0.0,0.004805181
5242,0,SS19,printed shirt,0.0,0.009281735
5242,26,SS19,printed shirt,0.0,0.0060526743
5242,53,SS19,printed shirt,0.0,0.0069693713
5242,67,SS19,printed shirt,0.0,0.003975462
5242,101,SS19,printed shirt,0.0,0.0047207214
5185,104,SS19,culottes,0.0,0.0035432812
5297,66,SS19,long dress,0.0188679245283018,0.019054327
5185,59,SS19,culottes,0.0,0.0075131226
5297,19,SS19,long dress,0.0,0.0098406635
5270,53,SS19,long dress,0.0188679245283018,0.0085468255
5236,12,SS19,gitana skirt,0.0,0.024124524
5097,48,SS19,doll dress,0.0,0.0033156394
5295,39,SS19,jumpsuit,0.0,0.010956035
5322,99,SS19,long dress,0.0,0.0032057967
5285,10,SS19,solid color top,0.0188679245283018,0.0074303662
5286,5,SS19,shorts,0.0,0.002129617
5147,2,SS19,capris,0.0,0.006854401
5305,94,SS19,long dress,0.0,0.0081656985
5111,46,SS19,short sleeves,0.0188679245283018,0.021352824
5147,10,SS19,capris,0.0,0.0040269755
5316,100,SS19,culottes,0.0,0.0057128104
5147,65,SS19,capris,0.0,0.009105893
5294,81,SS19,shorts,0.0,0.0027067938
5147,60,SS19,capris,0.0,0.0073287715
5208,95,SS19,patterned top,0.0377358490566037,0.022143882
5287,75,SS19,shorts,0.0,0.008521388
5226,67,SS19,culottes,0.0377358490566037,0.013780368
5316,8,SS19,culottes,0.0,0.0042746053
5300,20,SS19,culottes,0.0,0.006985797
5294,26,SS19,shorts,0.0,0.0023690797
5300,47,SS19,culottes,0.0,0.009485085
5300,68,SS19,culottes,0.0,0.00371476
5294,46,SS19,shorts,0.0,0.008837586
5327,18,SS19,patterned top,0.0,0.004950465
5300,77,SS19,culottes,0.0188679245283018,0.019296808
5327,74,SS19,patterned top,0.0,0.0038945684
5300,42,SS19,culottes,0.0188679245283018,0.0028845286
5300,51,SS19,culottes,0.0188679245283018,0.009084472
5316,41,SS19,culottes,0.0,0.010391952
5305,31,SS19,long dress,0.0,0.011962202
5252,22,SS19,culottes,0.0377358490566037,0.0044587674
5300,95,SS19,culottes,0.0,0.0071372474
5252,68,SS19,culottes,0.0,0.003214174
5294,74,SS19,shorts,0.0,0.0024183749
5300,18,SS19,culottes,0.0,0.010269255
5300,46,SS19,culottes,0.0,0.0063568023
5300,26,SS19,culottes,0.0,0.0036887433
5300,36,SS19,culottes,0.0,0.0037841995
5300,74,SS19,culottes,0.0,0.0036111714
5226,90,SS19,culottes,0.0188679245283018,0.0131810615
5300,32,SS19,culottes,0.0,0.009359114
5252,46,SS19,culottes,0.0,0.010138432
5294,69,SS19,shorts,0.0566037735849056,0.019715337
5287,50,SS19,shorts,0.0,0.00495019
5305,30,SS19,long dress,0.0,0.0069632153
5305,2,SS19,long dress,0.0,0.014629796
5260,15,SS19,culottes,0.0,0.003734751
5305,10,SS19,long dress,0.0,0.0054719676
5260,94,SS19,culottes,0.0377358490566037,0.0074884053
5287,43,SS19,shorts,0.0,0.007586567
5252,83,SS19,culottes,0.0188679245283018,0.0072983853
5327,67,SS19,patterned top,0.0,0.0052839457
5300,76,SS19,culottes,0.0,0.005808722
5294,18,SS19,shorts,0.0,0.0017914306
5328,101,SS19,patterned top,0.0,0.0039541377
5328,1,SS19,patterned top,0.0,0.0037747296
5328,68,SS19,patterned top,0.0,0.0023138344
5258,73,SS19,culottes,0.0,0.0022738148
5328,3,SS19,patterned top,0.0,0.010191096
5328,80,SS19,patterned top,0.0,0.002959019
5328,43,SS19,patterned top,0.0,0.0059071714
5300,5,SS19,culottes,0.0,0.005177517
5258,110,SS19,culottes,0.0188679245283018,0.029366655
5258,94,SS19,culottes,0.0,0.00501215
5226,82,SS19,culottes,0.0,0.007021998
5316,46,SS19,culottes,0.0,0.012957851
5316,26,SS19,culottes,0.0,0.014865965
5300,6,SS19,culottes,0.0,0.004269453
5300,110,SS19,culottes,0.0188679245283018,0.020396186
5258,83,SS19,culottes,0.0,0.0022256414
5300,9,SS19,culottes,0.0,0.003059262
5300,39,SS19,culottes,0.0,0.0062421835
5294,100,SS19,shorts,0.0,0.0040805894
5226,68,SS19,culottes,0.0,0.0058569796
5300,3,SS19,culottes,0.0,0.0035943312
5316,18,SS19,culottes,0.0,0.008778781
5328,69,SS19,patterned top,0.0,0.0034770125
5258,31,SS19,culottes,0.0188679245283018,0.021335127
5260,101,SS19,culottes,0.0188679245283018,0.0072087417
5327,51,SS19,patterned top,0.0,0.0038329596
5327,22,SS19,patterned top,0.0,0.003987266
5327,13,SS19,patterned top,0.0,0.0031115476
5300,22,SS19,culottes,0.0,0.009459901
5327,80,SS19,patterned top,0.0,0.0042117448
5313,66,SS19,shorts,0.0188679245283018,0.006007357
5300,33,SS19,culottes,0.0,0.0057093133
5300,50,SS19,culottes,0.0188679245283018,0.008592883
5260,36,SS19,culottes,0.0188679245283018,0.0034508067
5226,107,SS19,culottes,0.0188679245283018,0.007578893
5258,54,SS19,culottes,0.0,0.0027879707
5208,4,SS19,patterned top,0.0,0.005212355
5300,16,SS19,culottes,0.0,0.015915498
5327,19,SS19,patterned top,0.0,0.0017751432
5258,10,SS19,culottes,0.0,0.005156556
5328,104,SS19,patterned top,0.0188679245283018,0.0036674754
5328,21,SS19,patterned top,0.0,0.0026060943
5328,4,SS19,patterned top,0.0,0.0045942445
5300,28,SS19,culottes,0.0188679245283018,0.01331324
5328,26,SS19,patterned top,0.0,0.0041332166
5252,3,SS19,culottes,0.0188679245283018,0.005487626
5311,30,SS19,jumpsuit,0.0,0.011017435
5301,59,SS19,short sleeves,0.0188679245283018,0.023675304
5301,51,SS19,short sleeves,0.0,0.006196294
5311,27,SS19,jumpsuit,0.0,0.00918804
5300,44,SS19,culottes,0.0,0.0077751027
5300,64,SS19,culottes,0.0,0.009616783
5311,47,SS19,jumpsuit,0.0,0.0055937963
5318,5,SS19,jumpsuit,0.0,0.004045932
5318,99,SS19,jumpsuit,0.0,0.002501575
5300,23,SS19,culottes,0.0377358490566037,0.004789453
5318,16,SS19,jumpsuit,0.0,0.0041672345
5115,4,SS19,culottes,0.0,0.004211059
5300,25,SS19,culottes,0.0188679245283018,0.009935199
5318,117,SS19,jumpsuit,0.0188679245283018,0.013681585
5318,76,SS19,jumpsuit,0.0188679245283018,0.0075480775
5318,68,SS19,jumpsuit,0.0,0.004312374
5294,65,SS19,shorts,0.0,0.0060387105
5318,47,SS19,jumpsuit,0.0,0.004123413
5259,12,SS19,patterned top,0.0,0.008978264
5294,66,SS19,shorts,0.0,0.00296688
5311,22,SS19,jumpsuit,0.0377358490566037,0.046920158
5259,5,SS19,patterned top,0.0188679245283018,0.008818625
5318,50,SS19,jumpsuit,0.0,0.003483908
5318,80,SS19,jumpsuit,0.0,0.026504304
5318,43,SS19,jumpsuit,0.0,0.0056023677
5318,86,SS19,jumpsuit,0.0,0.010751739
5294,12,SS19,shorts,0.0,0.0021444068
5311,4,SS19,jumpsuit,0.0,0.011728061
5311,8,SS19,jumpsuit,0.0188679245283018,0.012959293
5311,36,SS19,jumpsuit,0.0,0.008053533
5311,59,SS19,jumpsuit,0.0377358490566037,0.00779287
4173,48,SS19,short sleeves,0.0188679245283018,0.0055253436
5311,21,SS19,jumpsuit,0.0,0.01096573
5300,4,SS19,culottes,0.0,0.0071513304
5311,44,SS19,jumpsuit,0.0,0.007408383
5311,57,SS19,jumpsuit,0.0,0.014975393
5311,53,SS19,jumpsuit,0.0,0.0049710064
5318,54,SS19,jumpsuit,0.0,0.009256201
5318,31,SS19,jumpsuit,0.0188679245283018,0.007146538
5318,65,SS19,jumpsuit,0.0,0.0069076857
5311,32,SS19,jumpsuit,0.0188679245283018,0.015032626
5318,84,SS19,jumpsuit,0.0,0.0038449315
5318,19,SS19,jumpsuit,0.0,0.0035875714
5300,59,SS19,culottes,0.0,0.0050859414
4226,68,SS19,short sleeves,0.0,0.006548073
5311,107,SS19,jumpsuit,0.0566037735849056,0.012703789
5311,82,SS19,jumpsuit,0.0,0.002842384
5318,85,SS19,jumpsuit,0.0,0.0062082224
5258,23,SS19,culottes,0.0,0.005870992
5318,81,SS19,jumpsuit,0.0,0.007539233
5132,26,SS19,maxi,0.0,0.013372236
5299,93,SS19,short sleeves,0.0,0.005085541
5299,40,SS19,short sleeves,0.0,0.0024706011
5287,83,SS19,shorts,0.0,0.0041765966
5299,69,SS19,short sleeves,0.0,0.00326199
5294,13,SS19,shorts,0.0,0.0029506343
5311,43,SS19,jumpsuit,0.0566037735849056,0.029524278
5311,86,SS19,jumpsuit,0.0,0.023294006
5311,14,SS19,jumpsuit,0.0,0.01880801
5299,14,SS19,short sleeves,0.0,0.0043799123
5311,75,SS19,jumpsuit,0.0188679245283018,0.015305063
5226,8,SS19,culottes,0.0,0.0028587722
5311,84,SS19,jumpsuit,0.0,0.008560591
5226,18,SS19,culottes,0.0,0.008412804
5301,10,SS19,short sleeves,0.0,0.0043272665
5311,65,SS19,jumpsuit,0.0,0.010081192
5193,8,SS19,long dress,0.0,0.0041599465
5301,14,SS19,short sleeves,0.0188679245283018,0.0058937036
5311,31,SS19,jumpsuit,0.0754716981132075,0.01822622
5311,19,SS19,jumpsuit,0.0,0.015775451
5245,77,SS19,culottes,0.0,0.02381709
5259,82,SS19,patterned top,0.0188679245283018,0.024537228
5132,50,SS19,maxi,0.0,0.002752955
5318,0,SS19,jumpsuit,0.0,0.010525099
5318,4,SS19,jumpsuit,0.0188679245283018,0.007788624
5311,93,SS19,jumpsuit,0.0566037735849056,0.011201093
5318,8,SS19,jumpsuit,0.0,0.0021685166
5318,100,SS19,jumpsuit,0.0188679245283018,0.005238722
5318,21,SS19,jumpsuit,0.0188679245283018,0.0126718115
5294,43,SS19,shorts,0.0,0.0030087933
5311,13,SS19,jumpsuit,0.0188679245283018,0.011169497
5144,102,SS19,maxi,0.0,0.0036091248
5294,5,SS19,shorts,0.0,0.011955427
5318,57,SS19,jumpsuit,0.0,0.006273882
5311,28,SS19,jumpsuit,0.0,0.013788555
5318,29,SS19,jumpsuit,0.0,0.0046479525
5311,99,SS19,jumpsuit,0.0188679245283018,0.022712013
5318,41,SS19,jumpsuit,0.0,0.002809897
5311,3,SS19,jumpsuit,0.0,0.02284503
5259,51,SS19,patterned top,0.0,0.009540019
5311,6,SS19,jumpsuit,0.0,0.008705427
5259,20,SS19,patterned top,0.0,0.0031191993
5287,45,SS19,shorts,0.0,0.0020959154
5318,46,SS19,jumpsuit,0.0,0.0122427335
5226,51,SS19,culottes,0.0566037735849056,0.013905106
5328,90,SS19,patterned top,0.0,0.0048542665
5311,18,SS19,jumpsuit,0.0,0.0037547334
5146,19,SS19,culottes,0.0,0.0037643812
5146,75,SS19,culottes,0.0377358490566037,0.011287468
5283,35,SS19,shorts,0.0,0.003634066
5198,27,SS19,culottes,0.0188679245283018,0.00418508
5198,42,SS19,culottes,0.0,0.005160568
5272,3,SS19,shorts,0.0,0.0029751158
5313,36,SS19,shorts,0.0,0.006247729
5272,5,SS19,shorts,0.0,0.0067283087
5300,31,SS19,culottes,0.0,0.012193258
5316,51,SS19,culottes,0.0,0.01459807
5322,38,SS19,long dress,0.0377358490566037,0.010723936
5198,43,SS19,culottes,0.0,0.005047431
5313,100,SS19,shorts,0.0,0.007281798
5322,25,SS19,long dress,0.0,0.008604327
5283,69,SS19,shorts,0.0188679245283018,0.0099569345
5300,15,SS19,culottes,0.0,0.024335735
5322,77,SS19,long dress,0.0,0.007220053
5313,69,SS19,shorts,0.0,0.0025674729
5292,15,SS19,drop sleeve,0.0,0.0044752927
5292,7,SS19,drop sleeve,0.0,0.0057001086
5322,26,SS19,long dress,0.0,0.0081912475
5322,81,SS19,long dress,0.0,0.0069345394
5245,62,SS19,culottes,0.0188679245283018,0.025141006
5245,10,SS19,culottes,0.0188679245283018,0.0066654724
5245,60,SS19,culottes,0.0754716981132075,0.01664749
5322,32,SS19,long dress,0.0188679245283018,0.01482609
5272,14,SS19,shorts,0.0,0.0029675327
5245,79,SS19,culottes,0.0943396226415094,0.010861719
5243,67,SS19,shorts,0.0,0.001822513
5300,65,SS19,culottes,0.0,0.0058077546
5198,72,SS19,culottes,0.0188679245283018,0.008141581
5322,76,SS19,long dress,0.0,0.00699192
5313,40,SS19,shorts,0.0,0.004362729
5322,74,SS19,long dress,0.0,0.005894971
5322,59,SS19,long dress,0.0,0.009667156
5216,46,SS19,doll dress,0.0,0.0029620605
5300,7,SS19,culottes,0.0,0.0064104134
5322,101,SS19,long dress,0.0,0.008953843
5323,56,SS19,drop sleeve,0.0,0.013612065
5220,84,SS19,culottes,0.0,0.007630544
5300,30,SS19,culottes,0.0,0.011350471
5300,54,SS19,culottes,0.0,0.007297888
5300,2,SS19,culottes,0.0,0.028686076
5322,21,SS19,long dress,0.0,0.007930032
5220,49,SS19,culottes,0.0188679245283018,0.008165982
5220,43,SS19,culottes,0.0,0.007311123
5220,35,SS19,culottes,0.0,0.004881411
5322,63,SS19,long dress,0.0,0.0031358015
5220,5,SS19,culottes,0.0,0.0035783332
5220,99,SS19,culottes,0.0,0.0050307526
5322,8,SS19,long dress,0.0,0.004679039
5220,20,SS19,culottes,0.0377358490566037,0.027246991
5220,46,SS19,culottes,0.0188679245283018,0.008279558
5220,90,SS19,culottes,0.0,0.0063544274
5146,52,SS19,culottes,0.0,0.0074598733
5322,102,SS19,long dress,0.0,0.008066635
5300,10,SS19,culottes,0.0,0.009628951
5283,75,SS19,shorts,0.0566037735849056,0.02106707
5322,61,SS19,long dress,0.0,0.0025006789
5323,7,SS19,drop sleeve,0.0188679245283018,0.02538306
5323,15,SS19,drop sleeve,0.0,0.012168721
5198,49,SS19,culottes,0.0,0.0085847145
5305,66,SS19,long dress,0.0,0.0048098653
5323,80,SS19,drop sleeve,0.0,0.029501554
5322,82,SS19,long dress,0.0,0.0060489494
5283,15,SS19,shorts,0.0,0.0063434597
5322,83,SS19,long dress,0.0,0.010323977
5146,27,SS19,culottes,0.0,0.009690991
5146,77,SS19,culottes,0.0,0.010916414
5322,72,SS19,long dress,0.0,0.009453267
5322,67,SS19,long dress,0.0,0.008847412
5292,94,SS19,drop sleeve,0.0,0.0043076477
5125,68,SS19,culottes,0.0,0.014995853
5322,45,SS19,long dress,0.0,0.008564363
5221,107,SS19,sleeveless,0.0,0.0024170184
5320,49,SS19,long sleeve,0.0566037735849056,0.025342593
5320,10,SS19,long sleeve,0.0,0.015237333
5221,27,SS19,sleeveless,0.0377358490566037,0.0053525902
5292,10,SS19,drop sleeve,0.0,0.008028829
5322,13,SS19,long dress,0.0,0.0034004077
5292,29,SS19,drop sleeve,0.0,0.003215819
5272,12,SS19,shorts,0.0,0.008828562
5252,48,SS19,culottes,0.0377358490566037,0.005964848
5245,117,SS19,culottes,0.0,0.004791827
5125,102,SS19,culottes,0.0,0.002240197
5292,100,SS19,drop sleeve,0.0,0.0027673428
5300,43,SS19,culottes,0.0,0.011374674
5328,12,SS19,patterned top,0.0,0.0061138314
5292,8,SS19,drop sleeve,0.0,0.008011928
5300,14,SS19,culottes,0.0,0.0047497903
5300,19,SS19,culottes,0.0,0.0049393056
5252,94,SS19,culottes,0.0,0.003984589
5245,50,SS19,culottes,0.0188679245283018,0.012320364
5263,94,SS19,culottes,0.0188679245283018,0.008691541
5245,76,SS19,culottes,0.0,0.021790506
5226,99,SS19,culottes,0.0,0.016763298
4227,65,SS19,short sleeves,0.0188679245283018,0.017506711
5316,69,SS19,culottes,0.0188679245283018,0.013246877
5316,35,SS19,culottes,0.0,0.018510144
5320,66,SS19,long sleeve,0.0,0.0055518174
5226,48,SS19,culottes,0.0,0.007950349
5226,31,SS19,culottes,0.0,0.013417811
5263,69,SS19,culottes,0.0188679245283018,0.017073192
5300,48,SS19,culottes,0.0188679245283018,0.015456663
5300,66,SS19,culottes,0.0,0.011801245
5316,81,SS19,culottes,0.0,0.016502427
5320,33,SS19,long sleeve,0.0,0.0067694895
5322,16,SS19,long dress,0.0,0.004830656
5328,15,SS19,patterned top,0.0,0.0032110475
5226,7,SS19,culottes,0.0,0.0038199516
5292,26,SS19,drop sleeve,0.0,0.016263183
5328,14,SS19,patterned top,0.0,0.005649271
5322,93,SS19,long dress,0.0,0.0063966247
5245,51,SS19,culottes,0.0377358490566037,0.009374063
5292,73,SS19,drop sleeve,0.0,0.003158763
5292,80,SS19,drop sleeve,0.0,0.024592234
5292,30,SS19,drop sleeve,0.0,0.0071610333
5292,56,SS19,drop sleeve,0.0,0.013340818
5294,29,SS19,shorts,0.0,0.003505757
5292,62,SS19,drop sleeve,0.0,0.0031814617
5292,39,SS19,drop sleeve,0.0188679245283018,0.009655474
5313,22,SS19,shorts,0.0188679245283018,0.027025899
5292,14,SS19,drop sleeve,0.0377358490566037,0.0059503755
5322,90,SS19,long dress,0.0,0.005396353
5292,75,SS19,drop sleeve,0.0188679245283018,0.0073368554
5322,22,SS19,long dress,0.0,0.0059825373
5292,13,SS19,drop sleeve,0.0188679245283018,0.0019619493
5305,19,SS19,long dress,0.0,0.007634168
5272,19,SS19,shorts,0.0,0.0038903684
5292,36,SS19,drop sleeve,0.0,0.005541027
5198,23,SS19,culottes,0.0,0.002987958
5245,43,SS19,culottes,0.0188679245283018,0.016115358
5298,104,SS19,long cardigan,0.0,0.00719332
5292,69,SS19,drop sleeve,0.0,0.0022361055
5272,75,SS19,shorts,0.0,0.0036784231
5292,74,SS19,drop sleeve,0.0,0.007796887
5216,102,SS19,doll dress,0.0,0.0030342534
5292,53,SS19,drop sleeve,0.0,0.0022598542
5292,51,SS19,drop sleeve,0.0,0.003348006
5216,21,SS19,doll dress,0.0,0.0017395804
5292,33,SS19,drop sleeve,0.0188679245283018,0.027103508
5272,31,SS19,shorts,0.0,0.0020519444
5226,117,SS19,culottes,0.0377358490566037,0.012473569
5189,3,SS19,culottes,0.0377358490566037,0.014083545
5322,18,SS19,long dress,0.0,0.0
5317,25,SS19,short sleeves,0.0,0.0070843897
5330,18,SS19,short sleeves,0.0,0.0025129933
5279,75,SS19,doll dress,0.0,0.014170237
5300,63,SS19,culottes,0.0,0.004050875
5305,61,SS19,long dress,0.0,0.000926633
5310,46,SS19,short sleeves,0.0,0.0014506282
5303,109,SS19,long dress,0.0,0.000550741
5326,12,SS19,shorts,0.0,0.01302416
5300,104,SS19,culottes,0.0,0.0026159137
5317,64,SS19,short sleeves,0.0,0.0021492026
5326,50,SS19,shorts,0.0,0.0010669271
5182,3,SS19,long sleeve,0.0,0.0025017082
5319,30,SS19,sleeveless,0.0188679245283018,0.02226959
5319,109,SS19,sleeveless,0.0188679245283018,0.002263701
5322,4,SS19,long dress,0.0,0.0019042185
5294,15,SS19,shorts,0.0,0.0046064043
5294,31,SS19,shorts,0.0,0.0012339742
5330,95,SS19,short sleeves,0.0,0.0029647085
5294,75,SS19,shorts,0.0,0.006016082
5330,21,SS19,short sleeves,0.0,0.005974633
5305,32,SS19,long dress,0.0,0.0014302877
5294,36,SS19,shorts,0.0188679245283018,0.009292473
5207,61,SS19,doll dress,0.0188679245283018,0.008746037
5272,43,SS19,shorts,0.0,0.0023730213
4217,28,SS19,culottes,0.0,0.005783436
4166,64,SS19,sheath dress,0.0,0.0017242535
5270,20,SS19,long dress,0.0,0.007951721
5246,75,SS19,long sleeve,0.0,0.004792782
5185,60,SS19,culottes,0.0,0.0039141667
5279,50,SS19,doll dress,0.0,0.005342271
5279,33,SS19,doll dress,0.0188679245283018,0.0018484768
5279,1,SS19,doll dress,0.0,0.0011323862
5294,63,SS19,shorts,0.0,0.0014605758
5279,5,SS19,doll dress,0.0,0.006078252
5272,50,SS19,shorts,0.0,0.002770499
5294,0,SS19,shorts,0.0,0.0022893366
5305,26,SS19,long dress,0.0,0.0037079544
5270,32,SS19,long dress,0.0188679245283018,0.001678705
5294,93,SS19,shorts,0.0,0.0
5310,52,SS19,short sleeves,0.0,0.0019436815
5210,10,SS19,long dress,0.0188679245283018,0.021151882
5305,36,SS19,long dress,0.0,0.003012206
5310,53,SS19,short sleeves,0.0,0.0024074437
5330,57,SS19,short sleeves,0.0,0.004907744
5279,0,SS19,doll dress,0.0,0.0022211578
5235,10,SS19,gitana skirt,0.0,0.0015508417
5310,31,SS19,short sleeves,0.0188679245283018,0.007286708
5246,39,SS19,long sleeve,0.0,0.00973809
5279,83,SS19,doll dress,0.0,0.004780764
5294,20,SS19,shorts,0.0,0.0010178279
5310,84,SS19,short sleeves,0.0,0.0030637016
5279,32,SS19,doll dress,0.0,0.0
5305,102,SS19,long dress,0.0,0.0009823861
5279,18,SS19,doll dress,0.0,0.007231558
5270,109,SS19,long dress,0.0,0.0009474435
5294,45,SS19,shorts,0.0,0.0015301115
5322,28,SS19,long dress,0.0,0.0022200497
5225,66,SS19,capris,0.0377358490566037,0.01886566
5313,16,SS19,shorts,0.0188679245283018,0.0067095836
5312,8,SS19,sleeveless,0.0188679245283018,0.003335541
5298,43,SS19,long cardigan,0.0,0.00896956
5298,9,SS19,long cardigan,0.0,0.009708681
5325,28,SS19,sleeveless,0.0,0.008152706
5223,94,SS19,gitana skirt,0.0,0.0037037896
5312,85,SS19,sleeveless,0.0,0.0013127136
5298,99,SS19,long cardigan,0.0,0.0030110104
5298,28,SS19,long cardigan,0.0188679245283018,0.004966188
5298,50,SS19,long cardigan,0.0,0.007062402
5298,93,SS19,long cardigan,0.0,0.0022474525
5255,56,SS19,gitana skirt,0.0,0.00033264133
5255,52,SS19,gitana skirt,0.0,0.0034867006
5313,5,SS19,shorts,0.0188679245283018,0.0020520755
5255,38,SS19,gitana skirt,0.0377358490566037,0.0023581642
5255,32,SS19,gitana skirt,0.0,0.0012524537
5313,77,SS19,shorts,0.0,0.003613374
5313,68,SS19,shorts,0.0,0.0018046899
5313,53,SS19,shorts,0.0,0.001445127
5313,74,SS19,shorts,0.0,0.004637877
5255,104,SS19,gitana skirt,0.0188679245283018,0.008362103
5305,28,SS19,long dress,0.0,0.0053114262
5305,99,SS19,long dress,0.0,0.0023496777
5325,12,SS19,sleeveless,0.0,0.0029072168
5313,90,SS19,shorts,0.0,0.0
5305,5,SS19,long dress,0.0,0.00085559994
5329,83,SS19,sleeveless,0.0,0.012972225
5313,95,SS19,shorts,0.0,0.0053739827
5255,101,SS19,gitana skirt,0.0,0.0030759617
5199,52,SS19,long sleeve,0.0188679245283018,0.021790303
5289,12,SS19,short sleeves,0.0,0.00026362116
5300,84,SS19,culottes,0.0,0.0020843798
5302,45,SS19,sleeveless,0.0,0.0024594527
5302,22,SS19,sleeveless,0.0,0.0014030401
5329,6,SS19,sleeveless,0.0188679245283018,0.0042405105
5199,5,SS19,long sleeve,0.0,0.007728548
5329,28,SS19,sleeveless,0.0,0.004634927
5305,24,SS19,long dress,0.0,0.0007049064
5325,104,SS19,sleeveless,0.0188679245283018,0.020807272
5305,45,SS19,long dress,0.0,0.0018964473
5329,51,SS19,sleeveless,0.0,0.0022561788
5289,14,SS19,short sleeves,0.0,0.0052460544
5325,4,SS19,sleeveless,0.0,0.0039843805
5317,15,SS19,short sleeves,0.0,0.0062545016
5317,7,SS19,short sleeves,0.0,0.020629464
5329,109,SS19,sleeveless,0.0188679245283018,0.0056898207
5329,82,SS19,sleeveless,0.0,0.0037262875
5317,49,SS19,short sleeves,0.0,0.004875115
5122,109,SS19,solid color top,0.0,0.0074430928
5317,10,SS19,short sleeves,0.0,0.0123568745
5300,60,SS19,culottes,0.0,0.007011885
5298,41,SS19,long cardigan,0.0,0.00601239
5313,75,SS19,shorts,0.0,0.0
5289,47,SS19,short sleeves,0.0188679245283018,0.019594302
5329,73,SS19,sleeveless,0.0,0.0059682433
5329,53,SS19,sleeveless,0.0377358490566037,0.005126725
5285,3,SS19,solid color top,0.0,0.01737281
5329,95,SS19,sleeveless,0.0377358490566037,0.010732377
5305,3,SS19,long dress,0.0,0.009011503
5248,66,SS19,long sleeve,0.0,0.0013930884
5248,79,SS19,long sleeve,0.0,0.0037558603
5322,27,SS19,long dress,0.0,0.00079654116
5322,47,SS19,long dress,0.0,0.0038746048
5248,110,SS19,long sleeve,0.0,0.0011398791
5256,90,SS19,long sleeve,0.0,0.0025172364
5322,68,SS19,long dress,0.0,0.00353076
5322,51,SS19,long dress,0.0,0.0027532794
5322,24,SS19,long dress,0.0,0.002910447
5305,79,SS19,long dress,0.0,0.004775211
5248,64,SS19,long sleeve,0.0,0.00018551484
5305,84,SS19,long dress,0.0,0.0017342302
5248,0,SS19,long sleeve,0.0,0.0044997917
5322,39,SS19,long dress,0.0,0.0061777453
5322,6,SS19,long dress,0.0,0.006910185
5248,82,SS19,long sleeve,0.0,0.0028283482
5322,56,SS19,long dress,0.0,0.0013647361
5322,5,SS19,long dress,0.0,0.00055381993
5298,20,SS19,long cardigan,0.0,0.009054493
5329,4,SS19,sleeveless,0.0188679245283018,0.00642942
5178,5,SS19,culottes,0.0,0.0016999297
5298,107,SS19,long cardigan,0.0,0.0020690178
5298,32,SS19,long cardigan,0.0188679245283018,0.0054977327
5298,74,SS19,long cardigan,0.0,0.003272971
5302,56,SS19,sleeveless,0.0,0.0034396101
5271,57,SS19,long sleeve,0.0,0.0025421844
5285,47,SS19,solid color top,0.0,0.0037356985
5271,72,SS19,long sleeve,0.0188679245283018,0.01914394
5323,66,SS19,drop sleeve,0.0,0.008191954
5199,101,SS19,long sleeve,0.0,0.005754346
5323,99,SS19,drop sleeve,0.0,0.0045944205
5285,0,SS19,solid color top,0.0754716981132075,0.019335536
5227,27,SS19,sleeveless,0.0,0.0028883922
5227,95,SS19,sleeveless,0.0,0.004941735
5329,8,SS19,sleeveless,0.0,0.006450009
5227,29,SS19,sleeveless,0.0,0.0014764065
5298,90,SS19,long cardigan,0.0188679245283018,0.01334127
5298,18,SS19,long cardigan,0.0,0.0022764122
5228,73,SS19,sleeveless,0.0,0.0027310082
5199,32,SS19,long sleeve,0.0188679245283018,0.0017402656
5323,45,SS19,drop sleeve,0.0,0.00055785826
5329,44,SS19,sleeveless,0.0,0.0026671763
5323,47,SS19,drop sleeve,0.0188679245283018,0.00890664
5293,12,SS19,solid color top,0.0188679245283018,0.037667226
5329,39,SS19,sleeveless,0.0,0.0037053332
5305,51,SS19,long dress,0.0,0.0026041141
5148,22,SS19,sleeveless,0.0,0.009015056
5309,75,SS19,sleeveless,0.0,0.005002424
5309,60,SS19,sleeveless,0.0,0.008563867
5279,102,SS19,doll dress,0.0,0.00097010285
5224,63,SS19,long sleeve,0.0,0.004567082
5309,39,SS19,sleeveless,0.0,0.013968431
5309,9,SS19,sleeveless,0.0,0.009411448
5309,110,SS19,sleeveless,0.0377358490566037,0.00932088
5309,6,SS19,sleeveless,0.0188679245283018,0.020136235
5246,4,SS19,long sleeve,0.0377358490566037,0.0038363584
5279,104,SS19,doll dress,0.0188679245283018,0.0034647372
5259,75,SS19,patterned top,0.0188679245283018,0.0053793523
5309,99,SS19,sleeveless,0.0,0.017311517
5309,16,SS19,sleeveless,0.0,0.003680441
5259,50,SS19,patterned top,0.0188679245283018,0.020685636
5309,50,SS19,sleeveless,0.0188679245283018,0.013474857
5148,46,SS19,sleeveless,0.0,0.0040219245
5270,57,SS19,long dress,0.0188679245283018,0.0043646684
5270,29,SS19,long dress,0.0,0.0009360097
5259,45,SS19,patterned top,0.0,0.0040858444
5314,65,SS19,gitana skirt,0.0,0.0071968227
5314,86,SS19,gitana skirt,0.0,0.001624101
5314,110,SS19,gitana skirt,0.0,0.0040148483
5314,22,SS19,gitana skirt,0.0188679245283018,0.023424812
5314,69,SS19,gitana skirt,0.0,0.0044290633
5299,77,SS19,short sleeves,0.0,0.0047509028
5309,28,SS19,sleeveless,0.0,0.012549831
5259,15,SS19,patterned top,0.0,0.0077542695
5272,47,SS19,shorts,0.0,0.00014417211
5330,20,SS19,short sleeves,0.0,0.0010853263
5246,38,SS19,long sleeve,0.0377358490566037,0.013595925
5237,28,SS19,gitana skirt,0.0,0.002690761
5294,54,SS19,shorts,0.0,0.0010440679
5330,50,SS19,short sleeves,0.0188679245283018,0.009306243
5330,75,SS19,short sleeves,0.0,0.0036788504
5330,19,SS19,short sleeves,0.0,0.002054957
5330,66,SS19,short sleeves,0.0,0.0014793786
5148,48,SS19,sleeveless,0.0,0.0056412695
5246,109,SS19,long sleeve,0.0,0.0037058813
5272,45,SS19,shorts,0.0,0.0047740587
5207,84,SS19,doll dress,0.0,0.008359644
5246,72,SS19,long sleeve,0.0566037735849056,0.023447298
5246,85,SS19,long sleeve,0.0,0.00030526097
5246,32,SS19,long sleeve,0.0377358490566037,0.0068641175
5237,66,SS19,gitana skirt,0.0,0.00447974
5224,23,SS19,long sleeve,0.0,0.0015920184
5272,41,SS19,shorts,0.0,0.00077102135
5148,28,SS19,sleeveless,0.0,0.0047262874
5246,35,SS19,long sleeve,0.0,0.012982766
4210,32,SS19,culottes,0.0377358490566037,0.0061550685
5234,0,SS19,short sleeves,0.0,0.0043553542
5148,95,SS19,sleeveless,0.0,0.0035966774
5300,27,SS19,culottes,0.0188679245283018,0.011187447
5199,54,SS19,long sleeve,0.0,0.0044658943
5322,23,SS19,long dress,0.0,0.0006235417
5309,90,SS19,sleeveless,0.1132075471698113,0.014331544
4209,23,SS19,culottes,0.0,0.006173703
5329,30,SS19,sleeveless,0.0,0.007582805
5305,49,SS19,long dress,0.0,0.0060704537
5329,2,SS19,sleeveless,0.0,0.011146574
5329,10,SS19,sleeveless,0.0377358490566037,0.010433727
5309,95,SS19,sleeveless,0.0,0.0035100803
5305,65,SS19,long dress,0.0188679245283018,0.0024964444
5309,4,SS19,sleeveless,0.0,0.0049304063
5110,42,SS19,short sleeves,0.0,0.0030587914
5300,61,SS19,culottes,0.0188679245283018,0.0056634974
5309,59,SS19,sleeveless,0.0,0.0022377528
5170,64,SS19,jumpsuit,0.0,0.004449875
5309,102,SS19,sleeveless,0.0,0.011503125
5309,25,SS19,sleeveless,0.0,0.009225113
5110,29,SS19,short sleeves,0.0,0.0039171446
5313,2,SS19,shorts,0.0,0.005259576
5188,45,SS19,sleeveless,0.0,0.0010253317
5309,57,SS19,sleeveless,0.0,0.0024368342
5309,104,SS19,sleeveless,0.0188679245283018,0.009218497
5224,24,SS19,long sleeve,0.0,0.0037852135
5188,3,SS19,sleeveless,0.0,0.0033522106
5329,48,SS19,sleeveless,0.0377358490566037,0.006311937
5302,104,SS19,sleeveless,0.0,0.0018006435
5313,10,SS19,shorts,0.0377358490566037,0.0022398375
5309,21,SS19,sleeveless,0.0,0.005623057
5300,82,SS19,culottes,0.0,0.0021796536
5300,83,SS19,culottes,0.0,0.001129496
5300,72,SS19,culottes,0.0,0.0026094085
5234,95,SS19,short sleeves,0.0377358490566037,0.0020243248
5301,12,SS19,short sleeves,0.0188679245283018,0.027527446
5309,24,SS19,sleeveless,0.0,0.009498811
5317,76,SS19,short sleeves,0.0188679245283018,0.006900452
5309,51,SS19,sleeveless,0.0,0.012707714
5309,68,SS19,sleeveless,0.0,0.004361937
5309,1,SS19,sleeveless,0.0,0.005011121
5305,38,SS19,long dress,0.0,0.005505258
4210,28,SS19,culottes,0.0188679245283018,0.014434671
5317,52,SS19,short sleeves,0.0,0.009613376
4210,60,SS19,culottes,0.0,0.0060076993
5291,30,SS19,solid color top,0.0188679245283018,0.014140409
5201,24,SS19,long dress,0.0377358490566037,0.014113991
5201,77,SS19,long dress,0.0188679245283018,0.025019873
5309,47,SS19,sleeveless,0.0,0.0043447656
5291,80,SS19,solid color top,0.0377358490566037,0.017274948
5246,44,SS19,long sleeve,0.0,0.0027086828
5309,42,SS19,sleeveless,0.0,0.002700409
5309,101,SS19,sleeveless,0.0,0.00820923
5309,27,SS19,sleeveless,0.0188679245283018,0.0062884716
5224,82,SS19,long sleeve,0.0,0.0015205588
5309,109,SS19,sleeveless,0.0,0.0027236927
5309,82,SS19,sleeveless,0.0,0.01026966
5309,107,SS19,sleeveless,0.0188679245283018,0.011057295
5309,83,SS19,sleeveless,0.0566037735849056,0.023606708
5234,42,SS19,short sleeves,0.0,0.003894985
5309,72,SS19,sleeveless,0.0,0.006465544
5300,69,SS19,culottes,0.0,0.0031726698
5330,40,SS19,short sleeves,0.0,0.005341163
5251,75,SS19,culottes,0.0377358490566037,0.02097314
5286,36,SS19,shorts,0.0,0.0067624897
5316,68,SS19,culottes,0.0,0.002431024
5287,69,SS19,shorts,0.0,0.0018013482
5287,46,SS19,shorts,0.0,0.0024800499
3867,104,SS19,short sleeves,0.0,0.0033973707
5287,63,SS19,shorts,0.0,0.0009944426
5269,51,SS19,culottes,0.0,0.0019613001
5269,50,SS19,culottes,0.0,0.001403894
5269,56,SS19,culottes,0.0188679245283018,0.0036805274
5269,110,SS19,culottes,0.0,0.0022695009
5269,31,SS19,culottes,0.0,0.0036490925
5245,61,SS19,culottes,0.0,0.010177643
5316,1,SS19,culottes,0.0,0.009764956
5267,63,SS19,solid color top,0.0,0.005325011
5267,0,SS19,solid color top,0.0188679245283018,0.020905273
5316,47,SS19,culottes,0.0,0.0050125094
5328,95,SS19,patterned top,0.0,0.0061857933
5257,29,SS19,solid color top,0.0188679245283018,0.023980971
5316,90,SS19,culottes,0.0,0.0022989535
5216,60,SS19,doll dress,0.0188679245283018,0.008043785
5261,3,SS19,solid color top,0.0,0.00585594
5261,5,SS19,solid color top,0.0566037735849056,0.02486601
5216,51,SS19,doll dress,0.0,0.0008672069
5216,83,SS19,doll dress,0.0,0.004170864
5216,35,SS19,doll dress,0.0,0.0011731728
5267,75,SS19,solid color top,0.0188679245283018,0.01489243
5328,62,SS19,patterned top,0.0,0.0036400529
5328,30,SS19,patterned top,0.0,0.0010843681
5263,18,SS19,culottes,0.0,0.0017020345
5263,110,SS19,culottes,0.0,0.0041328664
5263,9,SS19,culottes,0.0,0.0009761849
5316,83,SS19,culottes,0.0,0.0060736197
5221,30,SS19,sleeveless,0.0,0.0045533935
5316,107,SS19,culottes,0.0188679245283018,0.0035084519
5221,80,SS19,sleeveless,0.0,0.004830779
5267,45,SS19,solid color top,0.0,0.0037860689
5320,7,SS19,long sleeve,0.0,0.0020658846
5316,82,SS19,culottes,0.0,0.0061157895
5292,35,SS19,drop sleeve,0.0,0.006121515
5120,74,SS19,solid color top,0.0,0.0047561205
5267,47,SS19,solid color top,0.0,0.0028032009
5316,61,SS19,culottes,0.0,0.0036034712
5316,27,SS19,culottes,0.0188679245283018,0.010933561
5316,101,SS19,culottes,0.0,0.004540258
5267,46,SS19,solid color top,0.0,0.00011870724
5316,85,SS19,culottes,0.0,0.0031291405
5327,75,SS19,patterned top,0.0,0.0007944171
5247,90,SS19,long sleeve,0.0754716981132075,0.01578443
5247,35,SS19,long sleeve,0.0,0.0020270753
5247,61,SS19,long sleeve,0.0,0.00278112
5247,27,SS19,long sleeve,0.0,0.004674622
5247,20,SS19,long sleeve,0.0,0.0062284186
5247,47,SS19,long sleeve,0.0,0.006719112
5247,52,SS19,long sleeve,0.0188679245283018,0.006536487
5173,26,SS19,kimono dress,0.0188679245283018,0.0037405842
5284,83,SS19,long dress,0.0377358490566037,0.010152809
5251,4,SS19,culottes,0.0,0.0034133135
5250,18,SS19,long dress,0.0943396226415094,0.021444272
5251,0,SS19,culottes,0.0188679245283018,0.004134881
5247,39,SS19,long sleeve,0.0566037735849056,0.013607064
5324,59,SS19,long sleeve,0.0,0.0070759966
5324,69,SS19,long sleeve,0.0377358490566037,0.0037551355
5273,31,SS19,sleeveless,0.0188679245283018,0.010175678
3869,69,SS19,long dress,0.0,0.00070717366
5247,19,SS19,long sleeve,0.0,0.0032736121
5324,51,SS19,long sleeve,0.0,0.0015045665
5324,28,SS19,long sleeve,0.0,0.0027548263
5247,49,SS19,long sleeve,0.0,0.0049054115
5247,2,SS19,long sleeve,0.0,0.007769408
5296,59,SS19,culottes,0.0,0.000364814
5277,33,SS19,culottes,0.0188679245283018,0.019587124
5277,52,SS19,culottes,0.0188679245283018,0.012552355
5290,69,SS19,long sleeve,0.0,0.00048131173
5190,82,SS19,solid color top,0.0,0.0030834647
5247,21,SS19,long sleeve,0.0188679245283018,0.012652493
5149,77,SS19,capris,0.0,0.004963581
5316,45,SS19,culottes,0.0188679245283018,0.00526246
5316,52,SS19,culottes,0.0,0.0038099806
5268,38,SS19,printed shirt,0.0,0.0058940696
5268,24,SS19,printed shirt,0.0,0.0023275665
5245,95,SS19,culottes,0.0188679245283018,0.004135852
5245,4,SS19,culottes,0.0188679245283018,0.009309763
5245,25,SS19,culottes,0.0,0.005927973
5268,93,SS19,printed shirt,0.0,0.0025075818
5286,47,SS19,shorts,0.0,0.005030019
5275,65,SS19,gitana skirt,0.0,0.0014872998
5275,10,SS19,gitana skirt,0.0,0.0029778779
5278,21,SS19,long sleeve,0.0,0.0055787778
5262,75,SS19,culottes,0.0,0.004282022
5206,67,SS19,shorts,0.0,0.004690572
5278,38,SS19,long sleeve,0.0188679245283018,0.018742548
5278,48,SS19,long sleeve,0.0,0.0012864966
5275,3,SS19,gitana skirt,0.0566037735849056,0.005739195
5327,48,SS19,patterned top,0.0,0.0021713828
5316,0,SS19,culottes,0.0,0.0049062576
5257,51,SS19,solid color top,0.0188679245283018,0.019959869
5215,94,SS19,jumpsuit,0.0,0.005670435
5143,5,SS19,capris,0.0,0.0014016869
5198,59,SS19,culottes,0.0,0.0010161349
5198,104,SS19,culottes,0.0377358490566037,0.018395927
5226,76,SS19,culottes,0.0,0.0029104697
5226,47,SS19,culottes,0.0,0.0012301616
5226,42,SS19,culottes,0.0188679245283018,0.00449479
5143,74,SS19,capris,0.0,0.0015548124
5260,4,SS19,culottes,0.0,0.0
5260,76,SS19,culottes,0.0,0.0017314986
5260,3,SS19,culottes,0.0188679245283018,0.0021139018
5260,110,SS19,culottes,0.0188679245283018,0.02023473
5260,80,SS19,culottes,0.0,0.0018016689
5143,0,SS19,capris,0.0188679245283018,0.0004984115
5226,35,SS19,culottes,0.0,0.0026161526
5147,66,SS19,capris,0.0,0.00043369405
5287,31,SS19,shorts,0.0,0.00018559989
5260,10,SS19,culottes,0.0,0.0030195997
5107,95,SS19,long dress,0.0,0.0023068672
5252,59,SS19,culottes,0.0188679245283018,0.019590823
5252,69,SS19,culottes,0.0188679245283018,0.0074963784
5287,22,SS19,shorts,0.0,0.004065211
5311,66,SS19,jumpsuit,0.0,0.010302616
5226,100,SS19,culottes,0.0,0.0021984393
5283,18,SS19,shorts,0.0,0.0022424005
5198,46,SS19,culottes,0.0,0.002237751
5283,81,SS19,shorts,0.0,0.0028795565
5198,107,SS19,culottes,0.0377358490566037,0.004482256
5125,44,SS19,culottes,0.0188679245283018,0.00301237
5125,100,SS19,culottes,0.0,0.0022564894
5125,27,SS19,culottes,0.0,0.004169432
5125,15,SS19,culottes,0.0,0.007236652
5125,23,SS19,culottes,0.0,0.004534154
5146,31,SS19,culottes,0.0,0.007172147
5145,76,SS19,doll dress,0.0,0.0011754257
5146,48,SS19,culottes,0.0,0.0040867915
5155,56,SS19,culottes,0.0,0.0
5219,46,SS19,culottes,0.0,0.0016117773
5220,32,SS19,culottes,0.0188679245283018,0.02135847
5220,107,SS19,culottes,0.0,0.0016260148
5311,73,SS19,jumpsuit,0.0188679245283018,0.021723745
5220,33,SS19,culottes,0.0,0.0043315166
5220,73,SS19,culottes,0.0,0.0051476886
5220,14,SS19,culottes,0.0,0.0030601032
5146,24,SS19,culottes,0.0377358490566037,0.0027068567
5146,72,SS19,culottes,0.0,0.0023489518
5146,0,SS19,culottes,0.0188679245283018,0.0038953216
5198,54,SS19,culottes,0.0,0.0028889985
5215,23,SS19,jumpsuit,0.0188679245283018,0.0034636818
5198,48,SS19,culottes,0.0,0.0043360614
5283,51,SS19,shorts,0.0188679245283018,0.004037457
5198,50,SS19,culottes,0.0,0.0043121562
5198,52,SS19,culottes,0.0,0.0025711132
5215,32,SS19,jumpsuit,0.0188679245283018,0.0033755316
5215,107,SS19,jumpsuit,0.0188679245283018,0.007728724
5198,77,SS19,culottes,0.0,0.0042129913
5220,16,SS19,culottes,0.0,0.000287769
5311,9,SS19,jumpsuit,0.0,0.022904383
5311,110,SS19,jumpsuit,0.0188679245283018,0.0095611615
5134,75,SS19,drop sleeve,0.0,0.00215241
5318,38,SS19,jumpsuit,0.0,0.008640964
5318,83,SS19,jumpsuit,0.0,0.0011533378
5318,32,SS19,jumpsuit,0.0,0.0045066606
5318,102,SS19,jumpsuit,0.0,0.0017797296
5318,104,SS19,jumpsuit,0.0,0.0
5193,59,SS19,long dress,0.0,0.0009965452
5156,22,SS19,solid color top,0.0,0.001240342
5282,74,SS19,long sleeve,0.0,0.002797394
5158,9,SS19,solid color top,0.0,0.0020277307
5318,22,SS19,jumpsuit,0.0,0.0016087536
5158,24,SS19,solid color top,0.0188679245283018,0.004540909
5316,104,SS19,culottes,0.0,0.0022066473
5316,102,SS19,culottes,0.0,0.005431611
5257,7,SS19,solid color top,0.0,0.009128653
5316,59,SS19,culottes,0.0,0.0032421753
5257,16,SS19,solid color top,0.0,0.005320761
5257,22,SS19,solid color top,0.0,0.009361459
5327,46,SS19,patterned top,0.0,0.004115419
5327,32,SS19,patterned top,0.0,0.008287301
5327,83,SS19,patterned top,0.0,0.0015486013
5327,42,SS19,patterned top,0.0,0.0013965653
5327,3,SS19,patterned top,0.0,0.0035432605
5290,40,SS19,long sleeve,0.0188679245283018,0.026137784
5318,3,SS19,jumpsuit,0.0,0.00649189
5318,79,SS19,jumpsuit,0.0,0.0061895545
4152,38,SS19,drop sleeve,0.0,0.0012205146
5311,5,SS19,jumpsuit,0.0,0.008631576
5218,59,SS19,long sleeve,0.0,0.0027319952
5311,56,SS19,jumpsuit,0.0754716981132075,0.006221789
5144,42,SS19,maxi,0.0,0.003965585
5132,62,SS19,maxi,0.0,0.00067525456
5218,57,SS19,long sleeve,0.0,0.0030937104
5244,23,SS19,long sleeve,0.0188679245283018,0.024409622
5132,64,SS19,maxi,0.0,0.0030725177
5311,45,SS19,jumpsuit,0.0566037735849056,0.013076125
5218,23,SS19,long sleeve,0.0,0.0024157094
5318,73,SS19,jumpsuit,0.0,0.016951948
5179,117,SS19,doll dress,0.0188679245283018,0.0065073557
5311,68,SS19,jumpsuit,0.0,0.004910704
5311,38,SS19,jumpsuit,0.0377358490566037,0.007267801
5179,72,SS19,doll dress,0.0,0.0045433417
5311,74,SS19,jumpsuit,0.0,0.0075309686
5311,35,SS19,jumpsuit,0.0377358490566037,0.019765232
5311,46,SS19,jumpsuit,0.0,0.0070873885
5311,95,SS19,jumpsuit,0.0,0.0017328635
5311,63,SS19,jumpsuit,0.0,0.0072992505
5311,23,SS19,jumpsuit,0.0,0.0022885543
5318,94,SS19,jumpsuit,0.0,0.00016859084
5195,72,SS19,long sleeve,0.0188679245283018,0.010913261
5318,48,SS19,jumpsuit,0.0,0.0051067686
5290,101,SS19,long sleeve,0.0,0.013650437
5307,24,SS19,jumpsuit,0.0,0.0014838229
5240,29,SS19,long sleeve,0.0,0.0029976063
5222,32,SS19,culottes,0.0,0.005959935
5222,21,SS19,culottes,0.0188679245283018,0.02053281
4206,8,SS19,solid color top,0.0,0.002220945
5275,102,SS19,gitana skirt,0.0,0.005051041
5290,51,SS19,long sleeve,0.0,0.010662704
5275,90,SS19,gitana skirt,0.0,0.0022974804
5233,15,SS19,long sleeve,0.0,0.000760239
5276,42,SS19,sleeveless,0.0,0.00411795
5276,3,SS19,sleeveless,0.0,0.008311687
5222,110,SS19,culottes,0.0,0.0032604171
5236,13,SS19,gitana skirt,0.0188679245283018,0.012499751
5288,24,SS19,solid color top,0.0,0.0017074461
5288,101,SS19,solid color top,0.0,0.0017361935
5321,47,SS19,solid color top,0.0,0.0027932602
5321,20,SS19,solid color top,0.0,0.002247252
5306,75,SS19,solid color top,0.0188679245283018,0.03072332
5306,0,SS19,solid color top,0.0377358490566037,0.014965021
5315,65,SS19,solid color top,0.0188679245283018,0.008614901
5307,104,SS19,jumpsuit,0.0,0.0018807114
5315,67,SS19,solid color top,0.0,0.009500162
5236,48,SS19,gitana skirt,0.0,0.011973057
5236,80,SS19,gitana skirt,0.0188679245283018,0.0047322945
5196,66,SS19,culottes,0.0377358490566037,0.009511826
5196,84,SS19,culottes,0.0,0.0015565071
5316,54,SS19,culottes,0.0,0.0036067876
5265,48,SS19,sleeveless,0.0,0.0006849157
5253,72,SS19,long dress,0.0,0.0028823686
5276,65,SS19,sleeveless,0.0377358490566037,0.022621848
5253,20,SS19,long dress,0.0,0.0078037446
5253,42,SS19,long dress,0.0754716981132075,0.004971929
5253,27,SS19,long dress,0.0,0.003800858
5211,25,SS19,culottes,0.0,0.0018631028
5196,110,SS19,culottes,0.0188679245283018,0.008177282
5265,39,SS19,sleeveless,0.0,0.0020052188
5242,38,SS19,printed shirt,0.0,0.0015554324
5297,75,SS19,long dress,0.0,0.0036043723
5297,0,SS19,long dress,0.0188679245283018,0.00888683
5297,18,SS19,long dress,0.0,0.0
5297,90,SS19,long dress,0.0754716981132075,0.005996228
5304,80,SS19,long dress,0.0188679245283018,0.02518923
5304,75,SS19,long dress,0.0754716981132075,0.016623523
5297,40,SS19,long dress,0.0188679245283018,0.01362557
5297,53,SS19,long dress,0.0,0.0069061397
5297,85,SS19,long dress,0.0,0.0065715737
5297,82,SS19,long dress,0.0566037735849056,0.011337101
5297,101,SS19,long dress,0.0,0.0017256716
5304,12,SS19,long dress,0.0188679245283018,0.079015814
5297,42,SS19,long dress,0.0,0.0028033487
5304,22,SS19,long dress,0.0,0.011085731
5264,2,SS19,solid color top,0.0,0.0026950147
5304,40,SS19,long dress,0.0377358490566037,0.029080734
5270,45,SS19,long dress,0.0377358490566037,0.013289365
5270,52,SS19,long dress,0.0188679245283018,0.0040841135
5270,33,SS19,long dress,0.0,0.00665282
5270,93,SS19,long dress,0.0377358490566037,0.004782692
5304,57,SS19,long dress,0.0377358490566037,0.019905914
5304,21,SS19,long dress,0.0188679245283018,0.01658892
5297,104,SS19,long dress,0.0,0.0023225872
5304,4,SS19,long dress,0.0,0.007768995
5297,25,SS19,long dress,0.0566037735849056,0.008969331
5304,36,SS19,long dress,0.1320754716981132,0.01140746
4217,56,SS19,culottes,0.0,0.0015788284
5297,59,SS19,long dress,0.0,0.004153378
5264,75,SS19,solid color top,0.0,0.0033807305
5264,3,SS19,solid color top,0.0,0.0016843987
5264,50,SS19,solid color top,0.0,0.002207266
5295,15,SS19,jumpsuit,0.0,0.00042866898
5297,117,SS19,long dress,0.0188679245283018,0.013392178
5295,12,SS19,jumpsuit,0.0,0.004869985
5211,117,SS19,culottes,0.0,0.0030955414
5297,5,SS19,long dress,0.0,0.009371298
5192,66,SS19,sleeveless,0.0,0.0031320003
5297,3,SS19,long dress,0.0,0.0053509623
5127,25,SS19,sleeveless,0.0377358490566037,0.0007815552
5297,110,SS19,long dress,0.0,0.0025304328
5297,9,SS19,long dress,0.0,0.0032172753
5236,30,SS19,gitana skirt,0.0,0.018995428
5297,43,SS19,long dress,0.0,0.0049790484
5295,19,SS19,jumpsuit,0.0,0.0031867684
5297,50,SS19,long dress,0.0,0.004204331
5295,86,SS19,jumpsuit,0.0,0.0013759659
5295,110,SS19,jumpsuit,0.0188679245283018,0.0049856775
5297,1,SS19,long dress,0.0,0.0005769979
5264,51,SS19,solid color top,0.0,0.00064632366
5264,81,SS19,solid color top,0.0,0.010078071
5297,68,SS19,long dress,0.0,0.0029910654
5297,77,SS19,long dress,0.0,0.0010674585
5280,39,SS19,solid color top,0.0,0.0024021047
5295,29,SS19,jumpsuit,0.0188679245283018,0.0063788546
5317,57,SS19,short sleeves,0.0,0.0057649007
5295,83,SS19,jumpsuit,0.0188679245283018,0.0077663236
5229,30,SS19,short sleeves,0.0377358490566037,0.0068075787
5295,27,SS19,jumpsuit,0.0188679245283018,0.0061602253
5295,42,SS19,jumpsuit,0.0,0.00559592
5295,20,SS19,jumpsuit,0.0,0.0015922254
5295,76,SS19,jumpsuit,0.0,0.006020194
5295,45,SS19,jumpsuit,0.0,0.0075531728
5295,5,SS19,jumpsuit,0.0,0.005090285
5197,30,SS19,short sleeves,0.0,0.0047414997
5317,104,SS19,short sleeves,0.0188679245283018,0.012929929
5316,9,SS19,culottes,0.0,0.003922954
5316,28,SS19,culottes,0.0,0.002477822
5316,60,SS19,culottes,0.0,0.009466657
5233,77,SS19,long sleeve,0.0188679245283018,0.0049152453
5275,83,SS19,gitana skirt,0.0188679245283018,0.0032304015
5204,32,SS19,culottes,0.0,0.0027294203
5316,99,SS19,culottes,0.0,0.015384518
5274,16,SS19,sleeveless,0.0,0.002460996
5316,75,SS19,culottes,0.0,0.006237678
5196,18,SS19,culottes,0.0188679245283018,0.0033888144
5316,31,SS19,culottes,0.0,0.009306096
5204,73,SS19,culottes,0.0,0.0038457997
5196,44,SS19,culottes,0.0,0.006188058
5253,23,SS19,long dress,0.0188679245283018,0.013232065
5204,90,SS19,culottes,0.0,0.0015982171
5204,31,SS19,culottes,0.0188679245283018,0.009666318
5290,5,SS19,long sleeve,0.0188679245283018,0.00575829
5316,50,SS19,culottes,0.0,0.003422527
5290,10,SS19,long sleeve,0.0,0.006330512
5196,64,SS19,culottes,0.0,0.015589858
5161,68,SS19,patterned top,0.0,0.0061204443
5290,3,SS19,long sleeve,0.0,0.0065422193
5290,14,SS19,long sleeve,0.0,0.003555427
5161,82,SS19,patterned top,0.0,0.0010466193
5316,93,SS19,culottes,0.0,0.004339749
5297,93,SS19,long dress,0.0,0.01370426
5297,28,SS19,long dress,0.0,0.0
5297,99,SS19,long dress,0.0,0.0021789598
5235,48,SS19,gitana skirt,0.0188679245283018,0.021692617
5311,51,SS19,jumpsuit,0.0,0.0030451217
5192,6,SS19,sleeveless,0.0188679245283018,0.022046464
5246,52,SS19,long sleeve,0.0188679245283018,0.0071173264
5244,64,SS19,long sleeve,0.0,0.014415189
5294,28,SS19,shorts,0.0,0.0017407703
5311,16,SS19,jumpsuit,0.0,0.0015981414
5294,39,SS19,shorts,0.0,0.001365973
5196,104,SS19,culottes,0.0,0.002951979
5247,83,SS19,long sleeve,0.0,0.004704696
5247,25,SS19,long sleeve,0.0,0.000806226
5305,75,SS19,long dress,0.0,0.005978371
5318,110,SS19,jumpsuit,0.0188679245283018,0.0061072665
5318,56,SS19,jumpsuit,0.0,0.0015993237
5244,11,SS19,long sleeve,0.0,0.0052073644
5318,51,SS19,jumpsuit,0.0,0.001811839
5318,1,SS19,jumpsuit,0.0,0.0032395145
5318,42,SS19,jumpsuit,0.0,0.010141483
5318,107,SS19,jumpsuit,0.0188679245283018,0.012641456
5318,90,SS19,jumpsuit,0.0,0.006813427
5311,20,SS19,jumpsuit,0.0188679245283018,0.0
5275,93,SS19,gitana skirt,0.0188679245283018,0.011201691
5297,84,SS19,long dress,0.0,0.0022321225
5244,27,SS19,long sleeve,0.0,0.0052923816
5297,6,SS19,long dress,0.0,0.0062766885
5311,25,SS19,jumpsuit,0.0,0.0021453956
5311,104,SS19,jumpsuit,0.0,0.0011080317
5297,60,SS19,long dress,0.0,0.0008967206
5236,7,SS19,gitana skirt,0.0188679245283018,0.009976703
4217,6,SS19,culottes,0.0,0.002239481
5324,50,SS19,long sleeve,0.0,0.001850235
5316,5,SS19,culottes,0.0,0.0024020027
5316,110,SS19,culottes,0.0,0.0033446087
5204,28,SS19,culottes,0.0,0.0040691476
5297,32,SS19,long dress,0.0,0.003450754
5324,4,SS19,long sleeve,0.0,0.0011957113
5283,28,SS19,shorts,0.0,0.001903379
5297,4,SS19,long dress,0.0,0.0065817004
5224,6,SS19,long sleeve,0.0,0.002583956
5279,84,SS19,doll dress,0.0377358490566037,0.010297484
5297,64,SS19,long dress,0.0,0.0011631103
5297,44,SS19,long dress,0.0188679245283018,0.014129785
4102,23,SS19,sleeveless,0.0,0.0024662078
5235,80,SS19,gitana skirt,0.0,0.0067931623
5297,83,SS19,long dress,0.0,0.010502693
5251,3,SS19,culottes,0.0566037735849056,0.0071278573
5224,101,SS19,long sleeve,0.0,0.0012711863
5297,24,SS19,long dress,0.0,0.0061085606
5294,83,SS19,shorts,0.0,0.0014072629
5294,107,SS19,shorts,0.0,0.0043512853
5311,7,SS19,jumpsuit,0.0,0.011406976
5311,48,SS19,jumpsuit,0.0,0.005303478
5247,38,SS19,long sleeve,0.0,0.005329007
5279,13,SS19,doll dress,0.0,0.0064574
5251,30,SS19,culottes,0.0,0.0012601091
5297,107,SS19,long dress,0.0,0.0028401506
5207,25,SS19,doll dress,0.0,0.0023900266
5297,109,SS19,long dress,0.0,0.00036044716
5316,48,SS19,culottes,0.0,0.0028253545
5297,38,SS19,long dress,0.0,0.0051306766
5305,109,SS19,long dress,0.0,0.0009929914
5313,21,SS19,shorts,0.0,0.0019226416
5313,29,SS19,shorts,0.0,0.002626508
5313,64,SS19,shorts,0.0,0.0023484682
5323,73,SS19,drop sleeve,0.0188679245283018,0.022184197
5323,13,SS19,drop sleeve,0.0,0.0011819215
5323,22,SS19,drop sleeve,0.0,0.002342067
5121,6,SS19,sleeveless,0.0,0.005173713
5206,20,SS19,shorts,0.0,0.0023026767
5313,13,SS19,shorts,0.0,0.0016970149
5276,2,SS19,sleeveless,0.0,0.0018988146
5316,109,SS19,culottes,0.0,0.0046380684
5313,101,SS19,shorts,0.0,0.0048554917
5316,42,SS19,culottes,0.0,0.005457556
5106,48,SS19,short sleeves,0.0,0.002418849
5253,109,SS19,long dress,0.0,0.0
4210,95,SS19,culottes,0.0188679245283018,0.007451629
5278,40,SS19,long sleeve,0.0,0.003981914
5313,59,SS19,shorts,0.0,0.004101316
5196,39,SS19,culottes,0.0188679245283018,0.003115049
5275,9,SS19,gitana skirt,0.0,0.0025832087
5291,19,SS19,solid color top,0.0188679245283018,0.021372307
5323,20,SS19,drop sleeve,0.0,0.011648708
4225,63,SS19,sleeveless,0.0,0.003871375
5262,4,SS19,culottes,0.0,0.004474231
4210,24,SS19,culottes,0.0,0.012154864
5196,81,SS19,culottes,0.0,0.007872952
4242,56,SS19,sleeveless,0.0,0.004156192
4231,3,SS19,sleeveless,0.0,0.0067460462
5287,18,SS19,shorts,0.0,0.0048597506
5293,20,SS19,solid color top,0.0,0.004995272
5322,44,SS19,long dress,0.0,0.0011903074
5234,5,SS19,short sleeves,0.0,0.0062809642
5287,20,SS19,shorts,0.0,0.0013704065
5224,26,SS19,long sleeve,0.0,0.001675736
5293,45,SS19,solid color top,0.0,0.00882857
5232,3,SS19,sleeveless,0.0,0.0023867937
5193,49,SS19,long dress,0.0,0.0029610256
5193,27,SS19,long dress,0.0,0.0033647704
5316,23,SS19,culottes,0.0,0.0034222745
5159,109,SS19,culottes,0.0,0.0016720056
5276,21,SS19,sleeveless,0.0377358490566037,0.019795502
5261,75,SS19,solid color top,0.0,0.012458056
5305,101,SS19,long dress,0.0,0.0051259077
5316,95,SS19,culottes,0.0,0.0046005654
5130,46,SS19,culottes,0.0,0.002473231
5224,104,SS19,long sleeve,0.0,0.003748656
5178,4,SS19,culottes,0.0,0.009413245
5316,72,SS19,culottes,0.0,0.004904253
5313,110,SS19,shorts,0.0,0.0032536355
5276,67,SS19,sleeveless,0.0,0.0019216624
5222,102,SS19,culottes,0.0,0.0015495014
5316,57,SS19,culottes,0.0,0.0010601855
5316,25,SS19,culottes,0.0,0.0017812549
5113,60,SS19,culottes,0.0,0.005080758
5257,50,SS19,solid color top,0.0,0.011309153
5307,52,SS19,jumpsuit,0.0188679245283018,0.020651666
5307,33,SS19,jumpsuit,0.0,0.0011326749
5222,27,SS19,culottes,0.0188679245283018,0.0045245118
4102,74,SS19,sleeveless,0.0,0.0034756293
5228,29,SS19,sleeveless,0.0,0.0038593875
5279,41,SS19,doll dress,0.0188679245283018,0.0038445627
5273,3,SS19,sleeveless,0.0188679245283018,0.02218733
5273,9,SS19,sleeveless,0.0188679245283018,0.025277799
5317,59,SS19,short sleeves,0.0188679245283018,0.0044007036
4220,42,SS19,culottes,0.0,0.002725756
4220,75,SS19,culottes,0.0,0.0014337244
5161,39,SS19,patterned top,0.0,0.00038964028
5304,14,SS19,long dress,0.0,0.016305564
5264,30,SS19,solid color top,0.0,0.0014400051
5264,0,SS19,solid color top,0.0,0.0036857324
5295,21,SS19,jumpsuit,0.0,0.0027671426
5295,4,SS19,jumpsuit,0.0188679245283018,0.004500624
5295,18,SS19,jumpsuit,0.0,0.0043003056
5304,9,SS19,long dress,0.0,0.008148062
5295,32,SS19,jumpsuit,0.0188679245283018,0.0006340227
5197,69,SS19,short sleeves,0.0,0.0014632455
5295,109,SS19,jumpsuit,0.0,0.0053518615
5295,117,SS19,jumpsuit,0.0188679245283018,0.0033464949
5295,99,SS19,jumpsuit,0.0,0.005887348
5295,48,SS19,jumpsuit,0.0,0.004272682
5295,10,SS19,jumpsuit,0.0188679245283018,0.0068142177
5295,85,SS19,jumpsuit,0.0,0.004532927
5304,13,SS19,long dress,0.0,0.03366086
5310,101,SS19,short sleeves,0.0,0.002944828
5310,74,SS19,short sleeves,0.0,0.0018119027
5310,40,SS19,short sleeves,0.0,0.001698332
5310,104,SS19,short sleeves,0.0,0.0018779606
5286,46,SS19,shorts,0.0,0.00056790793
5270,79,SS19,long dress,0.0,0.0032397283
5242,2,SS19,printed shirt,0.0,0.0020332178
5304,64,SS19,long dress,0.0,0.020287627
5304,8,SS19,long dress,0.0,0.009429845
5304,95,SS19,long dress,0.0188679245283018,0.014472159
5304,81,SS19,long dress,0.0377358490566037,0.013272087
5304,53,SS19,long dress,0.0188679245283018,0.017449213
5304,51,SS19,long dress,0.0188679245283018,0.022842815
5098,3,SS19,culottes,0.0,0.004233127
5306,46,SS19,solid color top,0.0,0.022291388
5315,7,SS19,solid color top,0.0188679245283018,0.006227658
5315,4,SS19,solid color top,0.0,0.004801733
5240,74,SS19,long sleeve,0.0,0.004077721
5310,28,SS19,short sleeves,0.0,0.0007556942
3961,75,SS19,culottes,0.0,0.00295369
5132,102,SS19,maxi,0.0,0.0010474608
5132,20,SS19,maxi,0.0188679245283018,0.018780153
5132,60,SS19,maxi,0.0,0.001049795
5132,10,SS19,maxi,0.0,0.003975348
5158,109,SS19,solid color top,0.0188679245283018,0.02305557
5198,44,SS19,culottes,0.0188679245283018,0.0035888804
5198,0,SS19,culottes,0.0,0.0008044551
5198,95,SS19,culottes,0.0,0.0024377457
5215,80,SS19,jumpsuit,0.0,0.002904311
5215,9,SS19,jumpsuit,0.0,0.0034092795
5215,83,SS19,jumpsuit,0.0,0.0022383442
5147,64,SS19,capris,0.0188679245283018,0.01143751
5215,25,SS19,jumpsuit,0.0377358490566037,0.026433263
5146,61,SS19,culottes,0.0,0.002227143
5220,7,SS19,culottes,0.0,0.0006980412
5220,19,SS19,culottes,0.0,0.0005302948
5220,60,SS19,culottes,0.0,0.0011788879
5146,28,SS19,culottes,0.0188679245283018,0.017363638
5125,84,SS19,culottes,0.0,0.003218643
5125,24,SS19,culottes,0.0188679245283018,0.0045623765
5125,32,SS19,culottes,0.0,0.0020921212
5198,75,SS19,culottes,0.0,0.0023577772
5258,39,SS19,culottes,0.0188679245283018,0.019138606
5258,12,SS19,culottes,0.0,0.0027670285
5143,8,SS19,capris,0.0,0.0005811941
5252,82,SS19,culottes,0.0,0.010734507
5107,74,SS19,long dress,0.0,6.555378e-05
5260,75,SS19,culottes,0.0188679245283018,0.0020514969
5149,8,SS19,capris,0.0,0.0051095793
5143,104,SS19,capris,0.0,0.0010577317
3804,35,SS19,culottes,0.0,0.00046306985
5112,43,SS19,doll dress,0.0,0.0029508423
5308,51,SS19,culottes,0.0,0.0038871996
3954,76,SS19,sleeveless,0.0,0.0030811876
5149,30,SS19,capris,0.0,0.00961732
5292,41,SS19,drop sleeve,0.0,0.0009340574
5241,80,SS19,long sleeve,0.0,0.0
5168,65,SS19,short sleeves,0.0,0.002591025
5231,33,SS19,short sleeves,0.0,0.0022620806
5231,30,SS19,short sleeves,0.0,0.0022103062
5149,117,SS19,capris,0.0,0.002685899
5142,27,SS19,patterned top,0.0377358490566037,0.0014942605
5269,22,SS19,culottes,0.0,0.0061033447
5310,75,SS19,short sleeves,0.0,0.0006812077
5274,3,SS19,sleeveless,0.0,0.0016532821
5298,26,SS19,long cardigan,0.0,0.0025390596
5227,94,SS19,sleeveless,0.0,0.001586233
5322,49,SS19,long dress,0.0,0.009060569
5322,65,SS19,long dress,0.0,0.00235996
5271,32,SS19,long sleeve,0.0,0.0025930644
5181,16,SS19,long sleeve,0.0,0.0020107736
5322,50,SS19,long dress,0.0,0.0028854958
5322,52,SS19,long dress,0.0,0.003656913
5248,28,SS19,long sleeve,0.0,0.001603543
5322,109,SS19,long dress,0.0,0.0024292744
5322,107,SS19,long dress,0.0,0.0006045116
5298,21,SS19,long cardigan,0.0,0.0018686177
5298,27,SS19,long cardigan,0.0,0.0053844117
5298,42,SS19,long cardigan,0.0188679245283018,0.011662075
5309,61,SS19,sleeveless,0.0,0.0073949867
5201,64,SS19,long dress,0.0,0.006542349
5309,0,SS19,sleeveless,0.0,0.0010734113
5188,38,SS19,sleeveless,0.0188679245283018,0.019332858
5309,64,SS19,sleeveless,0.0,0.0022146278
5309,23,SS19,sleeveless,0.0,0.004470694
5302,77,SS19,sleeveless,0.0,0.004926272
5298,101,SS19,long cardigan,0.0,0.004420155
5325,21,SS19,sleeveless,0.0,0.0008912313
5329,38,SS19,sleeveless,0.0,0.0036562781
5329,42,SS19,sleeveless,0.0,0.0056530638
5122,64,SS19,solid color top,0.0,8.199281e-05
5255,110,SS19,gitana skirt,0.0,0.0016483193
5223,79,SS19,gitana skirt,0.0,0.0
5298,76,SS19,long cardigan,0.0,0.0009435667
5325,65,SS19,sleeveless,0.0188679245283018,0.0047067446
5312,43,SS19,sleeveless,0.0,0.0017971843
5329,40,SS19,sleeveless,0.0,0.0019384314
5329,22,SS19,sleeveless,0.0,0.002807964
5317,42,SS19,short sleeves,0.0,0.0007246509
5300,38,SS19,culottes,0.0,0.0040671765
5330,65,SS19,short sleeves,0.0188679245283018,0.011525154
5330,26,SS19,short sleeves,0.0,0.0017520742
5330,74,SS19,short sleeves,0.0,0.0012340769
5330,33,SS19,short sleeves,0.0,0.002709009
5330,82,SS19,short sleeves,0.0188679245283018,0.020681854
5330,51,SS19,short sleeves,0.0,0.0027926383
5330,102,SS19,short sleeves,0.0,0.0034054895
5317,6,SS19,short sleeves,0.0,0.00041869795
5300,109,SS19,culottes,0.0,0.0
5298,38,SS19,long cardigan,0.0,0.0033968557
5201,30,SS19,long dress,0.0,0.0025201126
5270,8,SS19,long dress,0.0188679245283018,0.008011206
5319,83,SS19,sleeveless,0.0,0.003859226
5201,79,SS19,long dress,0.0188679245283018,0.02349021
5317,56,SS19,short sleeves,0.0,0.0008804722
5286,2,SS19,shorts,0.0,0.0070123523
4000,109,SS19,short sleeves,0.0,0.010543964
5309,54,SS19,sleeveless,0.0,0.004252155
5319,43,SS19,sleeveless,0.0,0.0007610632
5319,48,SS19,sleeveless,0.0188679245283018,0.019361919
5270,101,SS19,long dress,0.0,0.000100527424
5270,69,SS19,long dress,0.0,0.006207275
5309,48,SS19,sleeveless,0.0,0.006911317
5326,22,SS19,shorts,0.0,0.0018557626
5309,31,SS19,sleeveless,0.0,0.020403134
5309,38,SS19,sleeveless,0.0,0.00086004275
5148,38,SS19,sleeveless,0.0,0.010890246
5148,32,SS19,sleeveless,0.0,0.007015785
5309,5,SS19,sleeveless,0.0,0.0021085497
5309,93,SS19,sleeveless,0.0,0.01026679
5301,30,SS19,short sleeves,0.0,0.0007795175
5294,30,SS19,shorts,0.0,0.006263996
5257,80,SS19,solid color top,0.0,0.011779293
5216,27,SS19,doll dress,0.0,0.000618754
5245,67,SS19,culottes,0.0,0.011709099
4242,4,SS19,sleeveless,0.0188679245283018,0.01754451
5259,22,SS19,patterned top,0.0,0.0053469953
5132,66,SS19,maxi,0.0,0.0011231073
5145,4,SS19,doll dress,0.0,0.0034902908
5219,67,SS19,culottes,0.0,0.0011394703
5125,99,SS19,culottes,0.0,0.004153903
5226,64,SS19,culottes,0.0,0.004978341
5316,21,SS19,culottes,0.0,0.0016841646
5316,44,SS19,culottes,0.0754716981132075,0.005100963
5294,24,SS19,shorts,0.0,0.0017910046
5294,3,SS19,shorts,0.0,0.0016841223
5294,50,SS19,shorts,0.0,0.003392338
5323,6,SS19,drop sleeve,0.0188679245283018,0.0015418322
5316,84,SS19,culottes,0.0,0.0
5201,74,SS19,long dress,0.0,0.0119287325
5159,19,SS19,culottes,0.0,0.0033651285
5188,4,SS19,sleeveless,0.0,0.0018203964
5291,82,SS19,solid color top,0.0,0.0070624375
5309,44,SS19,sleeveless,0.0,0.008544159
5253,54,SS19,long dress,0.0,0.007932876
5293,46,SS19,solid color top,0.0188679245283018,0.013174662
5196,23,SS19,culottes,0.0188679245283018,0.0019936862
5254,104,SS19,long dress,0.0377358490566037,0.022066865
5313,3,SS19,shorts,0.0,0.0014268467
5184,4,SS19,long sleeve,0.0377358490566037,0.010498599
5310,59,SS19,short sleeves,0.0,0.0025957858
5310,25,SS19,short sleeves,0.0,0.0045431894
4234,36,SS19,solid color top,0.0,0.0069844336
5315,53,SS19,solid color top,0.0188679245283018,0.007969583
4217,32,SS19,culottes,0.0,0.004696746
5201,13,SS19,long dress,0.0,0.014784728
5315,44,SS19,solid color top,0.0,0.003625571
5236,94,SS19,gitana skirt,0.0188679245283018,0.005305499
5201,67,SS19,long dress,0.0,0.0030455047
5291,3,SS19,solid color top,0.0377358490566037,0.01356226
5315,109,SS19,solid color top,0.0,0.0006763237
5315,66,SS19,solid color top,0.0,0.007333376
5185,42,SS19,culottes,0.0,0.0023342553
5210,49,SS19,long dress,0.0,0.002646556
5210,75,SS19,long dress,0.0,0.0030637127
5189,53,SS19,culottes,0.0,0.0046104407
5210,24,SS19,long dress,0.0,0.00470131
5148,110,SS19,sleeveless,0.0,0.008069243
5166,25,SS19,long dress,0.0,0.0048843995
5313,31,SS19,shorts,0.0,0.0031612278
5278,24,SS19,long sleeve,0.0188679245283018,0.0030617015
5245,23,SS19,culottes,0.0,0.004532888
5250,51,SS19,long dress,0.0566037735849056,0.0124877645
5284,39,SS19,long dress,0.0754716981132075,0.010186333
5249,3,SS19,culottes,0.0377358490566037,0.0019724849
4104,109,SS19,long dress,0.0188679245283018,0.0031554769
5266,15,SS19,sleeveless,0.0188679245283018,0.011079163
5266,22,SS19,sleeveless,0.0377358490566037,0.007823249
5324,44,SS19,long sleeve,0.0188679245283018,0.019816933
5231,31,SS19,short sleeves,0.0,0.0015622972
5233,18,SS19,long sleeve,0.0,0.0018043936
5308,28,SS19,culottes,0.0,0.003626595
5295,60,SS19,jumpsuit,0.0,0.0021429497
5295,22,SS19,jumpsuit,0.0,0.0043797907
5295,51,SS19,jumpsuit,0.0377358490566037,0.005025968
5304,15,SS19,long dress,0.0,0.0074669016
5304,31,SS19,long dress,0.0188679245283018,0.015094647
5263,47,SS19,culottes,0.0,0.0070720077
5263,28,SS19,culottes,0.0,0.0041384436
5279,109,SS19,doll dress,0.0,0.001449306
5300,52,SS19,culottes,0.0,0.0027221232
5318,23,SS19,jumpsuit,0.0,0.0035977594
5318,77,SS19,jumpsuit,0.0,0.0032005014
5318,13,SS19,jumpsuit,0.0,0.0028688714
5318,14,SS19,jumpsuit,0.0,0.003908705
5311,67,SS19,jumpsuit,0.0,0.0023226065
5311,77,SS19,jumpsuit,0.0,0.009316252
5311,76,SS19,jumpsuit,0.0,0.0029463035
5149,95,SS19,capris,0.0,0.0024125872
5258,35,SS19,culottes,0.0,0.0034272375
4182,22,SS19,short sleeves,0.0,0.0
5228,75,SS19,sleeveless,0.0,0.0067121335
5271,15,SS19,long sleeve,0.0,0.002182264
5224,39,SS19,long sleeve,0.0188679245283018,0.020742625
5227,7,SS19,sleeveless,0.0,0.005605915
5270,44,SS19,long dress,0.0,0.0046917135
5255,75,SS19,gitana skirt,0.0,0.0016307986
5325,14,SS19,sleeveless,0.0,0.0020077499
5141,49,SS19,short sleeves,0.0,0.00517989
5223,7,SS19,gitana skirt,0.0,0.0017549419
5223,110,SS19,gitana skirt,0.0,0.0017760702
5325,24,SS19,sleeveless,0.0,0.0034751089
5329,79,SS19,sleeveless,0.0,0.002300585
5270,67,SS19,long dress,0.0,0.01134289
5270,74,SS19,long dress,0.0,0.0025604244
5308,4,SS19,culottes,0.0,0.0042289547
5311,50,SS19,jumpsuit,0.0,0.001412615
4068,104,SS19,sleeveless,0.0,0.0020359987
5224,32,SS19,long sleeve,0.0,0.0020016888
5228,4,SS19,sleeveless,0.0377358490566037,0.016879546
5228,77,SS19,sleeveless,0.0,0.0040031387
5143,44,SS19,capris,0.0188679245283018,0.00082609325
5304,38,SS19,long dress,0.0566037735849056,0.015739972
5304,100,SS19,long dress,0.0188679245283018,0.021263253
5270,84,SS19,long dress,0.0,0.007371585
5297,54,SS19,long dress,0.0,0.005404182
5270,60,SS19,long dress,0.0,0.0036091346
5232,67,SS19,sleeveless,0.0,0.0056523005
5317,13,SS19,short sleeves,0.0,0.004564091
5297,86,SS19,long dress,0.0,0.002004802
5297,27,SS19,long dress,0.0,0.004159695
5118,25,SS19,short sleeves,0.0,0.0018372426
5297,21,SS19,long dress,0.0,0.0030830833
5194,110,SS19,long sleeve,0.0,0.0038323037
5285,26,SS19,solid color top,0.0,0.0010966317
5243,89,SS19,shorts,0.0,0.0
5250,2,SS19,long dress,0.0,0.002990547
4103,104,SS19,sleeveless,0.0,0.0017828022
5313,63,SS19,shorts,0.0,0.0067710434
5121,11,SS19,sleeveless,0.0,0.0018752747
3954,10,SS19,sleeveless,0.0,0.0011675769
5308,7,SS19,culottes,0.0,0.0046020877
5128,10,SS19,short sleeves,0.0,0.0036743546
4211,89,SS19,culottes,0.0,0.001698199
4211,88,SS19,culottes,0.0188679245283018,0.012197936
5330,56,SS19,short sleeves,0.0,0.0027953421
5270,38,SS19,long dress,0.0,0.0024119408
5289,107,SS19,short sleeves,0.0,0.001543962
5330,27,SS19,short sleeves,0.0,0.0012576113
5304,28,SS19,long dress,0.0,0.0077095237
5304,50,SS19,long dress,0.0,0.0018803043
5194,89,SS19,long sleeve,0.0,0.00047774203
5270,28,SS19,long dress,0.0,0.0017996395
5326,89,SS19,shorts,0.0,0.0
5270,49,SS19,long dress,0.0,0.0026175126
5304,77,SS19,long dress,0.0188679245283018,0.01594693
5304,68,SS19,long dress,0.0,0.005308024
5309,88,SS19,sleeveless,0.0,0.0012793362
5228,88,SS19,sleeveless,0.0566037735849056,0.0031736423
5255,3,SS19,gitana skirt,0.0,0.00039103962
4165,38,SS19,doll dress,0.0,0.0
5201,89,SS19,long dress,0.0,0.0009936136
5270,102,SS19,long dress,0.0,0.0009807149
5227,88,SS19,sleeveless,0.0566037735849056,0.005596716
5298,88,SS19,long cardigan,0.0,0.0036196401
5304,73,SS19,long dress,0.0,0.014447815
5201,88,SS19,long dress,0.0188679245283018,0.0018151173
5225,89,SS19,capris,0.0,0.0
5329,25,SS19,sleeveless,0.0,0.0031388244
5270,21,SS19,long dress,0.0,0.0015554709
5270,95,SS19,long dress,0.0,0.0028588441
5277,88,SS19,culottes,0.0566037735849056,0.0
5277,89,SS19,culottes,0.0,0.0017858761
5246,89,SS19,long sleeve,0.0,0.0031273959
5104,109,SS19,patterned top,0.0188679245283018,0.0063697975
5246,88,SS19,long sleeve,0.0,0.0017292019
5294,89,SS19,shorts,0.0,4.9137e-05
4223,109,SS19,patterned top,0.0,0.0030030843
5301,13,SS19,short sleeves,0.0,0.0028165262
5273,51,SS19,sleeveless,0.0188679245283018,0.007021895
5273,77,SS19,sleeveless,0.0188679245283018,0.008029314
5315,59,SS19,solid color top,0.0,0.006939595
4215,89,SS19,long sleeve,0.0,0.0
5280,5,SS19,solid color top,0.0,0.0018682996
5304,30,SS19,long dress,0.0,0.010717856
5202,89,SS19,long sleeve,0.0,0.0009645082
5212,89,SS19,culottes,0.0,0.0036779677
5265,89,SS19,sleeveless,0.0,0.0013535339
5329,89,SS19,sleeveless,0.0,0.0005380414
5196,89,SS19,culottes,0.0,0.0
5276,10,SS19,sleeveless,0.0,0.0006604433
3891,94,SS19,long sleeve,0.0,0.00419866
5130,21,SS19,culottes,0.0,0.003520192
5159,16,SS19,culottes,0.0,0.0018739009
5263,29,SS19,culottes,0.0,0.0042231325
5204,89,SS19,culottes,0.0,0.004327297
5247,72,SS19,long sleeve,0.0,0.010152064
4218,89,SS19,short sleeves,0.0,0.0
5247,109,SS19,long sleeve,0.0188679245283018,0.0058768094
5262,83,SS19,culottes,0.0,0.0019144681
5208,89,SS19,patterned top,0.0,0.004543134
4231,56,SS19,sleeveless,0.0,0.0
5316,89,SS19,culottes,0.0,0.005890251
5278,88,SS19,long sleeve,0.0,0.0059011215
5324,88,SS19,long sleeve,0.0,0.0037371463
5262,65,SS19,culottes,0.0,0.0015525833
5198,89,SS19,culottes,0.0,0.0031840773
5311,39,SS19,jumpsuit,0.0,0.00024312806
5291,89,SS19,solid color top,0.0,0.004967187
5316,4,SS19,culottes,0.0,0.0013517152
5287,86,SS19,shorts,0.0,0.0018845997
5291,53,SS19,solid color top,0.0188679245283018,0.0048352047
5218,89,SS19,long sleeve,0.0,0.0011178176
5131,57,SS19,doll dress,0.0,0.0001648501
5245,88,SS19,culottes,0.0,0.03193369
5279,88,SS19,doll dress,0.0,0.00036005868
5297,89,SS19,long dress,0.0,0.00079879723
5192,89,SS19,sleeveless,0.0,0.0013632756
5209,89,SS19,patterned top,0.0,0.0063955053
5209,109,SS19,patterned top,0.0,0.0018968409
5311,24,SS19,jumpsuit,0.0,0.00492313
5311,52,SS19,jumpsuit,0.0,0.008833588
5237,89,SS19,gitana skirt,0.0,0.002438343
5236,40,SS19,gitana skirt,0.0,0.012379658
5235,43,SS19,gitana skirt,0.0,0.0025082526
5219,89,SS19,culottes,0.0,0.00037937035
5320,4,SS19,long sleeve,0.0,0.0050917407
5311,89,SS19,jumpsuit,0.0,0.014033916
5147,77,SS19,capris,0.0,0.006743472
5217,89,SS19,sleeveless,0.0,0.00020201219
5244,89,SS19,long sleeve,0.0,0.007144003
5267,89,SS19,solid color top,0.0,0.0038043084
5311,101,SS19,jumpsuit,0.0,0.0008153039
5226,89,SS19,culottes,0.0,0.0015663914
4217,64,SS19,culottes,0.0377358490566037,0.021377014
5245,89,SS19,culottes,0.0,0.0012664383
5261,89,SS19,solid color top,0.0,0.0
5198,64,SS19,culottes,0.0188679245283018,0.0032476233
5221,89,SS19,sleeveless,0.0,0.0033197273
5220,89,SS19,culottes,0.0,0.0041538943
5320,101,SS19,long sleeve,0.0,0.0022717798
5307,27,SS19,jumpsuit,0.0,0.0008023007
5132,51,SS19,maxi,0.0,0.00062939216
5293,24,SS19,solid color top,0.0,0.00080385176
5216,22,SS19,doll dress,0.0,0.0014124088
5210,22,SS19,long dress,0.0,0.00041040414
4054,11,SS19,solid color top,0.0,0.0
5161,51,SS19,patterned top,0.0,0.0005951391
5201,80,SS19,long dress,0.0,0.0062799742
5325,88,SS19,sleeveless,0.0,0.0010533505
5255,92,SS19,gitana skirt,0.0,0.0
5255,88,SS19,gitana skirt,0.0,0.0
5223,89,SS19,gitana skirt,0.0,0.0
5309,63,SS19,sleeveless,0.0,0.007937361
5298,60,SS19,long cardigan,0.0,0.0
5228,89,SS19,sleeveless,0.0,0.0
5206,89,SS19,shorts,0.0,0.0
5311,33,SS19,jumpsuit,0.0,0.0051510343
4215,92,SS19,long sleeve,0.0,0.0
5210,64,SS19,long dress,0.0,0.0
4223,38,SS19,patterned top,0.0,0.0011000171
5311,54,SS19,jumpsuit,0.0,0.0028284264
5148,89,SS19,sleeveless,0.0,0.0
5256,88,SS19,long sleeve,0.0,0.00073118176
5311,90,SS19,jumpsuit,0.0,0.0
5282,88,SS19,long sleeve,0.0,0.0023558936
5230,89,SS19,short sleeves,0.0,0.00085571385
4233,3,SS19,solid color top,0.0,0.0
4154,83,SS19,long sleeve,0.0,0.0
5306,80,SS19,solid color top,0.0,0.0017263087
5315,24,SS19,solid color top,0.0,0.002890775
5257,46,SS19,solid color top,0.0,0.0019666029
3978,3,SS19,long sleeve,0.0,0.0
5304,24,SS19,long dress,0.0,0.0
5304,88,SS19,long dress,0.0,0.018496508
5304,79,SS19,long dress,0.0,0.0
5260,95,SS19,culottes,0.0,0.0
5317,88,SS19,short sleeves,0.0,0.0023558761
4231,43,SS19,sleeveless,0.0,0.0003442822
4192,84,SS19,doll dress,0.0,0.0
5135,25,SS19,culottes,0.0,0.0032440564
5260,88,SS19,culottes,0.0188679245283018,0.0004775229
5304,59,SS19,long dress,0.0,0.0
5270,88,SS19,long dress,0.0,0.0071917125
3949,117,SS19,long sleeve,0.0,0.00069860823
4166,38,SS19,sheath dress,0.0,0.0014015625
5285,51,SS19,solid color top,0.0,0.021080524
3838,23,SS19,trapeze dress,0.0188679245283018,0.0
5250,13,SS19,long dress,0.0188679245283018,0.0013815498
5091,51,SS19,long dress,0.0,0.0
5266,14,SS19,sleeveless,0.0,0.008701715
5266,35,SS19,sleeveless,0.0,0.0
5327,92,SS19,patterned top,0.0,0.0
5217,92,SS19,sleeveless,0.0,0.0
4211,92,SS19,culottes,0.0,0.0
4202,75,SS19,doll dress,0.0,0.0
3778,117,SS19,trapeze dress,0.0,0.0
4094,69,SS19,doll dress,0.0,0.0
5191,89,SS19,solid color top,0.0,0.0
3778,32,SS19,trapeze dress,0.0,0.0
4204,0,SS19,culottes,0.0,0.000694985
5320,89,SS19,long sleeve,0.0,0.0
5236,5,SS19,gitana skirt,0.0,0.00598603
5251,22,SS19,culottes,0.0,0.0
5301,88,SS19,short sleeves,0.0,0.0007811308
5324,13,SS19,long sleeve,0.0,0.0054947073
5324,3,SS19,long sleeve,0.0,0.0
4218,92,SS19,short sleeves,0.0,0.0
5294,67,SS19,shorts,0.0,0.002178649
5110,74,SS19,short sleeves,0.0188679245283018,0.0096635455
5328,92,SS19,patterned top,0.0,0.0
5293,19,SS19,solid color top,0.0,0.012930595
3833,12,SS19,patterned top,0.0,0.0041848547
3833,94,SS19,patterned top,0.0,0.0
5145,93,SS19,doll dress,0.0,0.0
5189,64,SS19,culottes,0.0,0.0044061765
5319,92,SS19,sleeveless,0.0,0.0
5250,88,SS19,long dress,0.0,0.0
5150,10,SS19,doll dress,0.0,0.0
5150,33,SS19,doll dress,0.0,0.0011286003
5306,48,SS19,solid color top,0.0,0.004032116
3718,80,SS19,culottes,0.0,0.0
5273,14,SS19,sleeveless,0.0,0.006799794
5136,56,SS19,jumpsuit,0.0,0.001908254
5229,89,SS19,short sleeves,0.0,0.0039165677
5308,92,SS19,culottes,0.0,0.002451279
4202,11,SS19,doll dress,0.0,0.00053965044
5292,88,SS19,drop sleeve,0.0,0.0
5304,89,SS19,long dress,0.0,0.0012842905
3884,53,SS19,doll dress,0.0,0.0
5257,35,SS19,solid color top,0.0,0.0035197504
5282,92,SS19,long sleeve,0.0,9.992572e-05
3781,117,SS19,doll dress,0.0,0.0
3838,104,SS19,trapeze dress,0.0,0.0010896161
5324,25,SS19,long sleeve,0.0,0.00061947916
4242,30,SS19,sleeveless,0.0,0.0
5323,88,SS19,drop sleeve,0.0,0.0028861996
5298,92,SS19,long cardigan,0.0,0.0025128399
5285,22,SS19,solid color top,0.0,0.0
5323,40,SS19,drop sleeve,0.0,0.0035449476
5209,92,SS19,patterned top,0.0,0.002841809
5285,30,SS19,solid color top,0.0,0.003320447
5285,19,SS19,solid color top,0.0,0.01267822
3983,21,SS19,doll dress,0.0,0.0
5256,52,SS19,long sleeve,0.0,0.0008268707
5228,18,SS19,sleeveless,0.0,0.00061953714
5323,25,SS19,drop sleeve,0.0,0.0014370098
5315,48,SS19,solid color top,0.0,0.0012566344
5306,22,SS19,solid color top,0.0,0.0018253006
4094,109,SS19,doll dress,0.0,0.0
4083,4,SS19,long sleeve,0.0,0.00011182727
4083,66,SS19,long sleeve,0.0,0.0
4219,91,SS19,short sleeves,0.0,0.0
5269,91,SS19,culottes,0.0,0.0012570409
4027,117,SS19,long sleeve,0.0,0.0
4058,66,SS19,long sleeve,0.0188679245283018,0.0032563917
4221,91,SS19,culottes,0.0,0.0038222412
4103,10,SS19,sleeveless,0.0,0.0044602538
5292,91,SS19,drop sleeve,0.0,0.0004127863
3977,11,SS19,culottes,0.0,0.0
5159,88,SS19,culottes,0.0,0.0082985405
5244,88,SS19,long sleeve,0.0,0.002640268
3978,46,SS19,long sleeve,0.0,0.00018927277
3900,107,SS19,long sleeve,0.0,0.00035824493
5228,67,SS19,sleeveless,0.0,0.004094379
4225,4,SS19,sleeveless,0.0,0.0
5252,88,SS19,culottes,0.0,0.0007457987
5183,74,SS19,sleeveless,0.0,0.020831715
5267,91,SS19,solid color top,0.0,0.0033888165
5165,25,SS19,long sleeve,0.0,0.0013755566
5272,91,SS19,shorts,0.0,0.001230043
5241,0,SS19,long sleeve,0.0,0.0017986314
5241,89,SS19,long sleeve,0.0,0.00042080253
3983,88,SS19,doll dress,0.0,0.0
5320,88,SS19,long sleeve,0.0,0.0034021265
3791,88,SS19,doll dress,0.0,0.0
4143,66,SS19,culottes,0.0,0.0
4058,76,SS19,long sleeve,0.0,0.0
5277,91,SS19,culottes,0.0,0.0014037009
5323,92,SS19,drop sleeve,0.0,0.003976936
4103,92,SS19,sleeveless,0.0,0.0
4103,88,SS19,sleeveless,0.0,0.0
4229,74,SS19,drop sleeve,0.0,0.0
5315,91,SS19,solid color top,0.0,0.0039389976
3838,95,SS19,trapeze dress,0.0,0.0
4010,3,SS19,long sleeve,0.0,0.0
3816,109,SS19,culottes,0.0,0.00074013846
5154,95,SS19,long sleeve,0.0,0.0012681579
4242,95,SS19,sleeveless,0.0,0.0
5304,0,SS19,long dress,0.0,0.0
3731,74,SS19,long sleeve,0.0,0.0
5259,91,SS19,patterned top,0.0,0.0004135639
4126,88,SS19,short sleeves,0.0188679245283018,0.020584509
3731,0,SS19,long sleeve,0.0,0.0
5444,76,AW19,long sleeve,0.0,0.0004712275
5434,57,AW19,culottes,0.0,0.01292465
5005,31,AW19,short sleeves,0.0754716981132075,0.020472027
5005,12,AW19,short sleeves,0.0188679245283018,0.008297738
5336,6,AW19,long sleeve,0.0188679245283018,0.023910841
5434,22,AW19,culottes,0.0,0.0025390796
5434,75,AW19,culottes,0.0188679245283018,0.022575062
5434,94,AW19,culottes,0.0,0.0019660923
5434,65,AW19,culottes,0.0,0.004000959
5434,12,AW19,culottes,0.0377358490566037,0.006513368
5434,30,AW19,culottes,0.0377358490566037,0.0097546
5444,74,AW19,long sleeve,0.0188679245283018,0.0038078276
5444,35,AW19,long sleeve,0.0,0.006920784
5444,36,AW19,long sleeve,0.0,0.0035644295
4980,79,AW19,long sleeve,0.0,0.0029941155
5444,41,AW19,long sleeve,0.0,0.0049173245
5444,48,AW19,long sleeve,0.0,0.0060007474
5015,40,AW19,medium coat,0.0,0.007347816
4972,105,AW19,culottes,0.0,0.0032746485
5444,75,AW19,long sleeve,0.0,0.0023307707
5409,81,AW19,culottes,0.0188679245283018,0.007098649
5409,35,AW19,culottes,0.0,0.0049792295
5422,28,AW19,long sleeve,0.0188679245283018,0.018888058
5409,109,AW19,culottes,0.0,0.006318866
5409,101,AW19,culottes,0.0188679245283018,0.00737991
5409,1,AW19,culottes,0.0,0.0056614573
4992,109,AW19,long coat,0.0377358490566037,0.012641097
5409,22,AW19,culottes,0.0,0.0017960438
5409,33,AW19,culottes,0.0,0.0028755914
5409,93,AW19,culottes,0.0377358490566037,0.023238791
5409,16,AW19,culottes,0.0377358490566037,0.013714385
5409,56,AW19,culottes,0.0188679245283018,0.009012538
5409,28,AW19,culottes,0.0188679245283018,0.004008581
5409,43,AW19,culottes,0.0,0.0043599997
5409,92,AW19,culottes,0.0,0.0050634462
5409,14,AW19,culottes,0.0,0.0010803625
5422,86,AW19,long sleeve,0.0,0.0048914137
5409,31,AW19,culottes,0.0,0.0020682786
5409,15,AW19,culottes,0.0,0.0047162487
5409,30,AW19,culottes,0.0,0.004333148
5422,65,AW19,long sleeve,0.0188679245283018,0.009098648
5422,7,AW19,long sleeve,0.0,0.0039624344
5444,105,AW19,long sleeve,0.0188679245283018,0.008823587
4975,100,AW19,culottes,0.0,0.0036770923
5386,30,AW19,long sleeve,0.0,0.010117257
5382,61,AW19,long sleeve,0.0,0.0040324344
5441,35,AW19,long dress,0.0,0.003890217
5458,52,AW19,sleeveless,0.0,0.0027253472
5396,19,AW19,long sleeve,0.0,0.0026217222
5455,4,AW19,solid color top,0.0,0.02347523
5396,7,AW19,long sleeve,0.0,0.006240948
5458,76,AW19,sleeveless,0.0188679245283018,0.010539113
5396,96,AW19,long sleeve,0.0,0.0035417508
5374,41,AW19,long sleeve,0.0188679245283018,0.02373858
5458,38,AW19,sleeveless,0.0188679245283018,0.021019733
4905,102,AW19,doll dress,0.0188679245283018,0.02704067
5374,35,AW19,long sleeve,0.0188679245283018,0.008340363
5458,22,AW19,sleeveless,0.0,0.0031630495
4905,105,AW19,doll dress,0.0377358490566037,0.013702321
5464,20,AW19,sheath dress,0.0,0.007005161
5385,117,AW19,doll dress,0.0,0.0041469964
5385,88,AW19,doll dress,0.0,0.0037101721
5464,82,AW19,sheath dress,0.0,0.0020112826
5455,103,AW19,solid color top,0.0188679245283018,0.033888374
5455,8,AW19,solid color top,0.0,0.010987588
5464,67,AW19,sheath dress,0.0,0.00880573
5055,30,AW19,culottes,0.0,0.0077291788
5458,53,AW19,sleeveless,0.0,0.0012567028
5464,18,AW19,sheath dress,0.0188679245283018,0.0063824193
5390,88,AW19,miniskirt,0.0,0.003348693
5458,13,AW19,sleeveless,0.0,0.0072405376
5458,56,AW19,sleeveless,0.0,0.0027199786
5396,39,AW19,long sleeve,0.0,0.0023249092
5448,9,AW19,medium coat,0.0,0.0037544516
5448,73,AW19,medium coat,0.0,0.0018827188
5448,80,AW19,medium coat,0.0,0.009356974
5448,39,AW19,medium coat,0.0188679245283018,0.010312375
5448,48,AW19,medium coat,0.0188679245283018,0.009618842
5448,75,AW19,medium coat,0.0,0.0
5458,80,AW19,sleeveless,0.0,0.008736975
5448,105,AW19,medium coat,0.0,0.0013425677
5448,84,AW19,medium coat,0.0,0.0023388206
5448,66,AW19,medium coat,0.0,0.0052015265
5448,94,AW19,medium coat,0.0188679245283018,0.0053915437
5448,31,AW19,medium coat,0.0,0.011257504
5448,7,AW19,medium coat,0.0,0.00046050787
5448,49,AW19,medium coat,0.0188679245283018,0.0037311951
5448,10,AW19,medium coat,0.0,0.0022655264
5448,2,AW19,medium coat,0.0,0.0031222743
5448,30,AW19,medium coat,0.0,0.0060217534
5458,9,AW19,sleeveless,0.0,0.0038853553
5063,103,AW19,kimono dress,0.0,0.0045398665
5076,6,AW19,sheath dress,0.0,0.002901482
5464,39,AW19,sheath dress,0.0188679245283018,0.009473234
5396,56,AW19,long sleeve,0.0188679245283018,0.015350429
5396,28,AW19,long sleeve,0.0,0.0036892928
5464,115,AW19,sheath dress,0.0,0.005206469
5358,8,AW19,long sleeve,0.0,0.0034582885
5455,21,AW19,solid color top,0.0377358490566037,0.02260995
5458,8,AW19,sleeveless,0.0,0.003956175
5441,86,AW19,long dress,0.0,0.0036055555
5455,125,AW19,solid color top,0.0188679245283018,0.016181536
5343,41,AW19,long sleeve,0.0,0.007484336
5343,46,AW19,long sleeve,0.0,0.00080735615
5343,106,AW19,long sleeve,0.0,0.0029951422
5441,80,AW19,long dress,0.0377358490566037,0.006483665
5416,63,AW19,long sleeve,0.0188679245283018,0.018831326
5343,9,AW19,long sleeve,0.0188679245283018,0.005729977
5006,3,AW19,short sleeves,0.0188679245283018,0.0063932245
5440,48,AW19,sleeveless,0.0,0.0021217198
5455,104,AW19,solid color top,0.0188679245283018,0.015530083
5441,3,AW19,long dress,0.0,0.005628219
5441,5,AW19,long dress,0.0377358490566037,0.007417014
5416,90,AW19,long sleeve,0.0188679245283018,0.0028430498
5441,56,AW19,long dress,0.0188679245283018,0.021278538
5416,40,AW19,long sleeve,0.0,0.0015929557
5416,76,AW19,long sleeve,0.0,0.002427935
5440,73,AW19,sleeveless,0.0,0.0029192576
5455,29,AW19,solid color top,0.0377358490566037,0.013831488
5416,31,AW19,long sleeve,0.0,0.0037479613
5416,54,AW19,long sleeve,0.0,0.010059743
5441,106,AW19,long dress,0.0,0.0036908993
5382,26,AW19,long sleeve,0.0188679245283018,0.023026902
5440,31,AW19,sleeveless,0.0,0.0039953603
5382,35,AW19,long sleeve,0.0,0.002711897
5455,115,AW19,solid color top,0.0,0.026015133
5362,82,AW19,long sleeve,0.0,0.000554404
5358,107,AW19,long sleeve,0.0,0.008967356
5366,68,AW19,long sleeve,0.0188679245283018,0.020133251
5441,2,AW19,long dress,0.0188679245283018,0.0025016987
5366,26,AW19,long sleeve,0.0188679245283018,0.02357589
5465,73,AW19,long coat,0.0188679245283018,0.020991871
5366,103,AW19,long sleeve,0.0,0.0049725524
5358,89,AW19,long sleeve,0.0,0.0031779613
5458,29,AW19,sleeveless,0.0,0.0012670939
5367,73,AW19,long sleeve,0.0377358490566037,0.016524956
5367,5,AW19,long sleeve,0.0,0.0022006906
5441,15,AW19,long dress,0.0,0.006259191
5441,31,AW19,long dress,0.0566037735849056,0.014580162
5367,46,AW19,long sleeve,0.0,0.0028511407
5364,68,AW19,long sleeve,0.0,0.0048081535
5392,36,AW19,long sleeve,0.0188679245283018,0.011142228
5458,41,AW19,sleeveless,0.0,0.00199247
5440,30,AW19,sleeveless,0.0,0.0008113548
5440,12,AW19,sleeveless,0.0,0.0012055289
5362,64,AW19,long sleeve,0.0,0.0012597493
5392,43,AW19,long sleeve,0.0,0.0060309614
5392,10,AW19,long sleeve,0.0188679245283018,0.018668544
5362,74,AW19,long sleeve,0.0,0.00218035
5362,67,AW19,long sleeve,0.0,0.003556189
5362,56,AW19,long sleeve,0.0,0.0043019676
4946,15,AW19,short sleeves,0.0754716981132075,0.01992475
5428,65,AW19,sheath dress,0.0,0.007445264
5444,95,AW19,long sleeve,0.0188679245283018,0.02162275
5447,82,AW19,solid color top,0.0188679245283018,0.0029558716
5447,20,AW19,solid color top,0.0,0.0031208252
5447,1,AW19,solid color top,0.0,0.0050752037
5455,28,AW19,solid color top,0.0,0.0073209233
5399,36,AW19,long sleeve,0.0566037735849056,0.00927351
5447,86,AW19,solid color top,0.0,0.0004725515
5455,15,AW19,solid color top,0.0566037735849056,0.021642096
5407,40,AW19,long sleeve,0.0188679245283018,0.012173053
4587,125,AW19,drop sleeve,0.0,0.0
5460,41,AW19,kimono dress,0.0377358490566037,0.013923725
5064,60,AW19,kimono dress,0.0377358490566037,0.011485
5447,49,AW19,solid color top,0.0188679245283018,0.011403567
5407,4,AW19,long sleeve,0.0,0.011922129
5447,12,AW19,solid color top,0.0,0.029100027
5425,12,AW19,long sleeve,0.0,0.0069707
5460,29,AW19,kimono dress,0.0,0.005134119
5447,19,AW19,solid color top,0.0,0.0033614421
5447,100,AW19,solid color top,0.0,0.0050111227
5069,67,AW19,long sleeve,0.0,0.0013533772
5466,12,AW19,kimono dress,0.0188679245283018,0.011687973
5454,43,AW19,culottes,0.0,0.004571938
5047,13,AW19,long sleeve,0.0188679245283018,0.02279926
5454,39,AW19,culottes,0.0188679245283018,0.0061887726
5386,7,AW19,long sleeve,0.0,0.002321901
5455,121,AW19,solid color top,0.0,0.0077348202
5407,30,AW19,long sleeve,0.0,0.003964867
5454,3,AW19,culottes,0.0,0.009881247
5399,100,AW19,long sleeve,0.0,0.004334733
5407,76,AW19,long sleeve,0.0188679245283018,0.007449841
5407,68,AW19,long sleeve,0.0188679245283018,0.021545684
5407,42,AW19,long sleeve,0.0,0.003370175
5407,61,AW19,long sleeve,0.0,0.0018505412
5407,83,AW19,long sleeve,0.0,0.0036882104
5454,5,AW19,culottes,0.0188679245283018,0.0031830831
5383,117,AW19,culottes,0.0,0.0028873521
5383,49,AW19,culottes,0.0,0.0019289437
5383,30,AW19,culottes,0.0,0.003086325
4587,105,AW19,drop sleeve,0.0,0.0
5454,51,AW19,culottes,0.0188679245283018,0.011521525
4989,115,AW19,miniskirt,0.0377358490566037,0.0037499438
5425,13,AW19,long sleeve,0.0,0.0041197944
5460,22,AW19,kimono dress,0.0,0.00598036
5455,6,AW19,solid color top,0.0188679245283018,0.024453118
5460,93,AW19,kimono dress,0.0188679245283018,0.005433088
5455,31,AW19,solid color top,0.0188679245283018,0.024862813
5460,50,AW19,kimono dress,0.0,0.0039160526
5389,0,AW19,long sleeve,0.0377358490566037,0.007912847
5460,80,AW19,kimono dress,0.0,0.003951034
5389,18,AW19,long sleeve,0.0,0.002792538
5389,46,AW19,long sleeve,0.0,0.016136868
5460,43,AW19,kimono dress,0.0,0.007478766
5460,14,AW19,kimono dress,0.0,0.005766433
5389,36,AW19,long sleeve,0.0188679245283018,0.012800583
5389,40,AW19,long sleeve,0.0,0.007414031
5455,65,AW19,solid color top,0.0188679245283018,0.031492107
5460,65,AW19,kimono dress,0.0,0.006671723
5377,35,AW19,long sleeve,0.0,0.00403024
5455,33,AW19,solid color top,0.0,0.0037455165
5460,51,AW19,kimono dress,0.0188679245283018,0.012220762
5455,86,AW19,solid color top,0.0,0.01418459
5460,77,AW19,kimono dress,0.0,0.0043039946
5069,103,AW19,long sleeve,0.0377358490566037,0.0052127712
5425,93,AW19,long sleeve,0.0377358490566037,0.020182088
5460,57,AW19,kimono dress,0.0,0.0023791017
5425,89,AW19,long sleeve,0.0,0.002335301
5454,106,AW19,culottes,0.0,0.0052518845
5460,36,AW19,kimono dress,0.0,0.006163704
5460,81,AW19,kimono dress,0.0188679245283018,0.0017477785
5425,109,AW19,long sleeve,0.0,0.00313779
5425,74,AW19,long sleeve,0.0,0.0018691233
5425,100,AW19,long sleeve,0.0,0.003032327
5436,64,AW19,long sleeve,0.0,0.010714897
5455,80,AW19,solid color top,0.0188679245283018,0.0090129785
5389,115,AW19,long sleeve,0.0188679245283018,0.015551137
5377,83,AW19,long sleeve,0.0,0.0032781595
5389,21,AW19,long sleeve,0.0,0.007581591
5454,53,AW19,culottes,0.0188679245283018,0.005239511
5455,99,AW19,solid color top,0.0,0.01081557
5389,63,AW19,long sleeve,0.0,0.008507553
5455,5,AW19,solid color top,0.0,0.009527774
5431,115,AW19,kimono dress,0.0377358490566037,0.010889531
5417,18,AW19,long sleeve,0.0,0.0019962275
5417,67,AW19,long sleeve,0.0188679245283018,0.01737516
5455,42,AW19,solid color top,0.0,0.010448097
5455,61,AW19,solid color top,0.0,0.006809445
5455,49,AW19,solid color top,0.0,0.021656986
5459,14,AW19,culottes,0.0,0.0050662355
5377,86,AW19,long sleeve,0.0,0.001987401
5456,56,AW19,long sleeve,0.0,0.0065856515
5459,73,AW19,culottes,0.0566037735849056,0.011243046
5436,13,AW19,long sleeve,0.0,0.005013675
5377,66,AW19,long sleeve,0.0188679245283018,0.019232364
4969,19,AW19,long sleeve,0.0,0.0036671478
5446,94,AW19,long sleeve,0.0,0.0063148886
5455,107,AW19,solid color top,0.0188679245283018,0.00954522
5436,89,AW19,long sleeve,0.0188679245283018,0.007935826
5459,50,AW19,culottes,0.0188679245283018,0.023146838
5459,22,AW19,culottes,0.0,0.01167409
5459,51,AW19,culottes,0.0377358490566037,0.012378749
5455,82,AW19,solid color top,0.0,0.009010154
5377,3,AW19,long sleeve,0.0188679245283018,0.0016362335
4936,100,AW19,short sleeves,0.0188679245283018,0.007761655
5455,47,AW19,solid color top,0.0188679245283018,0.01811626
5455,22,AW19,solid color top,0.0188679245283018,0.015445509
5455,54,AW19,solid color top,0.0188679245283018,0.012781395
5455,45,AW19,solid color top,0.0188679245283018,0.007786919
4891,88,AW19,trapeze dress,0.0377358490566037,0.01010436
5455,76,AW19,solid color top,0.0566037735849056,0.01573292
5456,19,AW19,long sleeve,0.0188679245283018,0.021532893
5455,51,AW19,solid color top,0.0,0.0046946956
5455,96,AW19,solid color top,0.0377358490566037,0.011362256
5070,39,AW19,long coat,0.0188679245283018,0.0013234933
5455,13,AW19,solid color top,0.0,0.0027437154
5377,52,AW19,long sleeve,0.0,0.002074648
5331,21,AW19,solid color top,0.0,0.002496374
5331,32,AW19,solid color top,0.0188679245283018,0.008963028
5459,31,AW19,culottes,0.0188679245283018,0.008618078
5456,12,AW19,long sleeve,0.0188679245283018,0.009052755
5070,89,AW19,long coat,0.0,0.0019957868
4936,86,AW19,short sleeves,0.0,0.0049982592
5455,72,AW19,solid color top,0.0,0.011256935
5455,7,AW19,solid color top,0.0188679245283018,0.011414705
5459,20,AW19,culottes,0.0188679245283018,0.0034670294
5455,85,AW19,solid color top,0.0,0.0029763232
5064,89,AW19,kimono dress,0.0,0.0066544716
5454,54,AW19,culottes,0.0188679245283018,0.013717183
5466,51,AW19,kimono dress,0.0,0.0023857781
5466,22,AW19,kimono dress,0.0188679245283018,0.011727408
5466,93,AW19,kimono dress,0.0188679245283018,0.023242734
5466,50,AW19,kimono dress,0.0,0.009178861
5466,13,AW19,kimono dress,0.0,0.0061725313
5455,43,AW19,solid color top,0.0377358490566037,0.012735187
4921,105,AW19,culottes,0.0188679245283018,0.01946577
5047,49,AW19,long sleeve,0.0,0.007939444
5417,43,AW19,long sleeve,0.0188679245283018,0.022108188
5417,88,AW19,long sleeve,0.0,0.006103689
4966,15,AW19,long duster,0.1698113207547169,0.019694354
5417,6,AW19,long sleeve,0.0,0.005976292
5064,39,AW19,kimono dress,0.0,0.009026259
5454,31,AW19,culottes,0.0188679245283018,0.008919272
5417,51,AW19,long sleeve,0.0188679245283018,0.01860875
5459,64,AW19,culottes,0.0377358490566037,0.030890454
5454,84,AW19,culottes,0.0,0.0062945206
5466,1,AW19,kimono dress,0.0,0.008901046
5466,83,AW19,kimono dress,0.0188679245283018,0.006931898
5440,36,AW19,sleeveless,0.0,0.007822445
5459,106,AW19,culottes,0.0188679245283018,0.022699447
5459,53,AW19,culottes,0.0188679245283018,0.015819002
5446,30,AW19,long sleeve,0.0377358490566037,0.0072903372
5440,18,AW19,sleeveless,0.0,0.0030959097
5436,77,AW19,long sleeve,0.0377358490566037,0.007978596
5459,40,AW19,culottes,0.0377358490566037,0.0073315855
5064,29,AW19,kimono dress,0.0,0.0064467466
5355,33,AW19,long sleeve,0.0,0.0016897718
5355,65,AW19,long sleeve,0.0,0.005716924
5436,83,AW19,long sleeve,0.0188679245283018,0.024382211
5463,30,AW19,sheath dress,0.0,0.00096710364
5466,36,AW19,kimono dress,0.0,0.0063547427
4965,19,AW19,long duster,0.0377358490566037,0.00432597
5466,40,AW19,kimono dress,0.0,0.0055761733
5459,30,AW19,culottes,0.0,0.018521417
5064,35,AW19,kimono dress,0.0,0.0037861003
5459,21,AW19,culottes,0.0566037735849056,0.01004496
5455,66,AW19,solid color top,0.0,0.01627556
5460,12,AW19,kimono dress,0.0,0.0063790767
5460,62,AW19,kimono dress,0.0,0.0018457
5371,104,AW19,long sleeve,0.0,0.003040819
5369,65,AW19,medium cardigan,0.0,0.0037929583
4771,42,AW19,medium coat,0.0754716981132075,0.015266452
5369,68,AW19,medium cardigan,0.0,0.004817897
4771,13,AW19,medium coat,0.0188679245283018,0.01657299
4771,28,AW19,medium coat,0.0188679245283018,0.015958786
5455,75,AW19,solid color top,0.0754716981132075,0.017309003
5386,36,AW19,long sleeve,0.0,0.0024332013
5386,81,AW19,long sleeve,0.0,0.006107191
5386,53,AW19,long sleeve,0.0,0.0026218218
4771,73,AW19,medium coat,0.1132075471698113,0.011417026
5436,7,AW19,long sleeve,0.0188679245283018,0.008372426
4990,110,AW19,long sleeve,0.0377358490566037,0.019436756
5386,47,AW19,long sleeve,0.0,0.0027727718
5386,68,AW19,long sleeve,0.0,0.009240575
5463,1,AW19,sheath dress,0.0188679245283018,0.0054214904
4771,75,AW19,medium coat,0.0377358490566037,0.016045848
5371,21,AW19,long sleeve,0.0188679245283018,0.023108875
5455,105,AW19,solid color top,0.0,0.013306492
5371,67,AW19,long sleeve,0.0,0.003852557
4805,30,AW19,short sleeves,0.0188679245283018,0.0120472675
5368,115,AW19,long sleeve,0.0188679245283018,0.0045552156
5354,35,AW19,long sleeve,0.0188679245283018,0.010253503
5394,4,AW19,maxi,0.0188679245283018,0.0161315
5394,8,AW19,maxi,0.0,0.008137476
5354,18,AW19,long sleeve,0.0,0.013338019
5361,105,AW19,long sleeve,0.0,0.0027969994
5386,64,AW19,long sleeve,0.0188679245283018,0.01426947
5386,115,AW19,long sleeve,0.0188679245283018,0.0073442063
5386,21,AW19,long sleeve,0.0,0.0056475187
5361,115,AW19,long sleeve,0.0,0.011476597
5371,96,AW19,long sleeve,0.0,0.0041279006
4762,88,AW19,medium coat,0.0377358490566037,0.004534267
5371,10,AW19,long sleeve,0.0,0.0016897194
5371,39,AW19,long sleeve,0.0377358490566037,0.020735344
4762,30,AW19,medium coat,0.0,0.010076261
4771,64,AW19,medium coat,0.0566037735849056,0.010775504
5025,69,AW19,long sleeve,0.0188679245283018,0.0099060815
5371,22,AW19,long sleeve,0.0,0.0022303087
5394,35,AW19,maxi,0.0,0.012587434
4763,57,AW19,medium coat,0.0,0.016102938
5386,76,AW19,long sleeve,0.0188679245283018,0.0071588554
5418,12,AW19,short cardigan,0.0377358490566037,0.015408213
5334,38,AW19,long sleeve,0.0,0.005263752
5348,50,AW19,culottes,0.0,0.0042239996
5418,19,AW19,short cardigan,0.0,0.0025389732
5418,80,AW19,short cardigan,0.0,0.0068391687
5334,117,AW19,long sleeve,0.0377358490566037,0.02546441
5334,16,AW19,long sleeve,0.0,0.016212411
5455,19,AW19,solid color top,0.0188679245283018,0.001393382
5334,3,AW19,long sleeve,0.0,0.010037625
5334,14,AW19,long sleeve,0.0,0.010657532
5418,107,AW19,short cardigan,0.0188679245283018,0.0041340664
5334,75,AW19,long sleeve,0.0188679245283018,0.011736226
5334,19,AW19,long sleeve,0.0,0.007699692
5334,31,AW19,long sleeve,0.0188679245283018,0.017648395
5429,64,AW19,patterned top,0.0,0.006044415
5334,96,AW19,long sleeve,0.0,0.009137369
5418,40,AW19,short cardigan,0.0377358490566037,0.0067925747
5334,53,AW19,long sleeve,0.0,0.009734237
5468,103,AW19,culottes,0.0188679245283018,0.023241833
5334,40,AW19,long sleeve,0.0,0.009304857
5334,18,AW19,long sleeve,0.0377358490566037,0.015773825
4763,74,AW19,medium coat,0.0,0.03928974
5386,45,AW19,long sleeve,0.0,0.006152683
5455,40,AW19,solid color top,0.0188679245283018,0.014763822
5463,121,AW19,sheath dress,0.0,0.0022817575
4990,107,AW19,long sleeve,0.0188679245283018,0.025512543
5380,85,AW19,long sleeve,0.0188679245283018,0.021365112
5455,9,AW19,solid color top,0.0,0.01052994
5059,14,AW19,kimono dress,0.0377358490566037,0.018978272
4947,105,AW19,culottes,0.0,0.003142027
5342,33,AW19,short cardigan,0.0,0.0033182304
5386,9,AW19,long sleeve,0.0,0.006478108
5334,104,AW19,long sleeve,0.0188679245283018,0.0068524894
5334,125,AW19,long sleeve,0.0,0.0042570764
5334,100,AW19,long sleeve,0.0188679245283018,0.0015414904
4810,105,AW19,trapeze dress,0.0,0.0053061396
5334,103,AW19,long sleeve,0.0,0.021021536
5368,54,AW19,long sleeve,0.0,0.010197214
5334,69,AW19,long sleeve,0.0,0.0064307204
5394,74,AW19,maxi,0.0,0.0060790945
4779,79,AW19,medium coat,0.0377358490566037,0.03036284
5394,121,AW19,maxi,0.0377358490566037,0.0056180223
4820,30,AW19,short sleeves,0.0566037735849056,0.02609253
4820,18,AW19,short sleeves,0.0,0.0019892864
5018,109,AW19,long sleeve,0.0188679245283018,0.02266205
5432,80,AW19,kimono dress,0.0,0.0023717652
4778,67,AW19,medium coat,0.0,0.023231218
4981,0,AW19,doll dress,0.0188679245283018,0.019263176
4981,68,AW19,doll dress,0.0188679245283018,0.0048913597
5018,13,AW19,long sleeve,0.0188679245283018,0.005706477
4981,117,AW19,doll dress,0.0,0.0074534914
4987,83,AW19,long dress,0.0188679245283018,0.020406866
4778,121,AW19,medium coat,0.0,0.0077329576
5468,51,AW19,culottes,0.0377358490566037,0.029295277
5389,45,AW19,long sleeve,0.0377358490566037,0.008675928
5059,89,AW19,kimono dress,0.0,0.011341565
5069,41,AW19,long sleeve,0.0566037735849056,0.0044928323
4778,20,AW19,medium coat,0.0,0.0032554006
5368,75,AW19,long sleeve,0.0,0.0074846796
5432,106,AW19,kimono dress,0.0188679245283018,0.010304379
5432,69,AW19,kimono dress,0.0,0.0034400318
5431,88,AW19,kimono dress,0.0,0.0035094449
5368,33,AW19,long sleeve,0.0,0.0055796164
5377,81,AW19,long sleeve,0.0,0.00238668
5431,21,AW19,kimono dress,0.0188679245283018,0.018675605
5389,72,AW19,long sleeve,0.0188679245283018,0.01678189
5431,40,AW19,kimono dress,0.0,0.0046513854
5463,86,AW19,sheath dress,0.0,0.007751584
5431,83,AW19,kimono dress,0.0,0.0022012063
5377,63,AW19,long sleeve,0.0188679245283018,0.019844776
5368,21,AW19,long sleeve,0.0188679245283018,0.0024511416
5354,85,AW19,long sleeve,0.0,0.008760526
5460,96,AW19,kimono dress,0.0,0.0039780303
5389,47,AW19,long sleeve,0.0,0.020423373
5468,49,AW19,culottes,0.0188679245283018,0.020460973
5368,107,AW19,long sleeve,0.0188679245283018,0.007706078
5431,51,AW19,kimono dress,0.0566037735849056,0.004242543
5431,89,AW19,kimono dress,0.0,0.0026709952
5431,56,AW19,kimono dress,0.0377358490566037,0.014543386
5368,82,AW19,long sleeve,0.0,0.0026295977
5463,80,AW19,sheath dress,0.0188679245283018,0.0035346868
5389,42,AW19,long sleeve,0.0188679245283018,0.022526512
5463,99,AW19,sheath dress,0.0377358490566037,0.0066583455
4778,5,AW19,medium coat,0.0,0.002807081
5368,31,AW19,long sleeve,0.0,0.0056485008
5389,65,AW19,long sleeve,0.0188679245283018,0.021116365
5394,31,AW19,maxi,0.0188679245283018,0.0019952757
5455,48,AW19,solid color top,0.0,0.006936886
5394,105,AW19,maxi,0.0,0.0
5389,15,AW19,long sleeve,0.0,0.010038703
5389,7,AW19,long sleeve,0.0,0.0026843615
5394,86,AW19,maxi,0.0,0.0039607985
5389,49,AW19,long sleeve,0.0,0.00832439
5394,39,AW19,maxi,0.0,0.0054313224
5394,3,AW19,maxi,0.0566037735849056,0.016573807
5389,62,AW19,long sleeve,0.0,0.0049332846
5394,33,AW19,maxi,0.0,0.005436436
5389,30,AW19,long sleeve,0.0377358490566037,0.0167005
5394,77,AW19,maxi,0.0,0.00227755
5059,80,AW19,kimono dress,0.0377358490566037,0.005714499
5394,68,AW19,maxi,0.0188679245283018,0.0060070762
5386,41,AW19,long sleeve,0.0188679245283018,0.0074526886
4928,19,AW19,medium coat,0.0188679245283018,0.0040756087
5389,75,AW19,long sleeve,0.0,0.006044992
5389,19,AW19,long sleeve,0.0,0.0048839482
5389,48,AW19,long sleeve,0.0377358490566037,0.017569007
5389,16,AW19,long sleeve,0.0,0.00062952103
5455,53,AW19,solid color top,0.0188679245283018,0.009238951
5378,14,AW19,long sleeve,0.0188679245283018,0.018403945
5389,99,AW19,long sleeve,0.0,0.021775492
5463,13,AW19,sheath dress,0.0,0.0035595996
4911,19,AW19,medium coat,0.0,0.010190665
5394,96,AW19,maxi,0.0,0.013064413
5378,1,AW19,long sleeve,0.0,0.005663383
5455,14,AW19,solid color top,0.0188679245283018,0.020957684
4779,74,AW19,medium coat,0.0188679245283018,0.015712151
5354,43,AW19,long sleeve,0.0,0.002140548
5463,22,AW19,sheath dress,0.0,0.0033944265
4911,31,AW19,medium coat,0.0188679245283018,0.022326935
5459,12,AW19,culottes,0.0,0.01367382
5473,36,AW19,culottes,0.0,0.016785234
5503,96,AW19,long sleeve,0.0,0.018594159
4939,105,AW19,culottes,0.0,0.008271627
5382,94,AW19,long sleeve,0.0,0.0051001855
5382,31,AW19,long sleeve,0.0,0.0018313532
5393,43,AW19,kimono dress,0.0,0.0137665905
5382,105,AW19,long sleeve,0.0188679245283018,0.005320244
5528,8,AW19,long sleeve,0.0377358490566037,0.034439884
5503,20,AW19,long sleeve,0.0,0.017477252
5382,49,AW19,long sleeve,0.0,0.007532635
5063,3,AW19,kimono dress,0.0377358490566037,0.02174158
5475,54,AW19,culottes,0.0,0.002490848
5478,41,AW19,short cardigan,0.0,0.003173087
5472,115,AW19,long sleeve,0.0,0.0026080885
5475,30,AW19,culottes,0.0188679245283018,0.019063469
5422,2,AW19,long sleeve,0.0,0.00662483
5455,84,AW19,solid color top,0.0188679245283018,0.024026422
5503,8,AW19,long sleeve,0.0,0.009859022
5455,94,AW19,solid color top,0.0,0.015375636
5486,12,AW19,long sleeve,0.0188679245283018,0.008718237
5422,31,AW19,long sleeve,0.0188679245283018,0.00923555
5422,75,AW19,long sleeve,0.0188679245283018,0.0065369224
5473,18,AW19,culottes,0.0,0.013139847
5422,14,AW19,long sleeve,0.0,0.007022259
5422,3,AW19,long sleeve,0.0,0.0039532846
5422,99,AW19,long sleeve,0.0188679245283018,0.0238889
5486,31,AW19,long sleeve,0.0,0.0069183223
5422,16,AW19,long sleeve,0.0188679245283018,0.009900443
5022,125,AW19,long cardigan,0.0,0.002738267
5422,77,AW19,long sleeve,0.0,0.0055394378
4947,74,AW19,culottes,0.0,0.0040835217
5473,115,AW19,culottes,0.0188679245283018,0.003180581
5422,107,AW19,long sleeve,0.0,0.0038685487
5422,36,AW19,long sleeve,0.0188679245283018,0.006002439
5486,105,AW19,long sleeve,0.0,0.004564167
5486,19,AW19,long sleeve,0.0,0.0027665838
5503,1,AW19,long sleeve,0.0377358490566037,0.038263436
5528,18,AW19,long sleeve,0.0188679245283018,0.023152074
5473,51,AW19,culottes,0.0,0.016411688
5528,106,AW19,long sleeve,0.0188679245283018,0.023144696
5393,109,AW19,kimono dress,0.0377358490566037,0.02267268
5487,12,AW19,long sleeve,0.0,0.007528232
5477,19,AW19,long sleeve,0.0377358490566037,0.009155933
5487,96,AW19,long sleeve,0.0,0.004910697
5473,43,AW19,culottes,0.0,0.018592937
5516,36,AW19,long sleeve,0.0,0.012097497
5516,63,AW19,long sleeve,0.0,0.00318304
5477,29,AW19,long sleeve,0.0188679245283018,0.013691815
5516,57,AW19,long sleeve,0.0,0.0044657043
5512,31,AW19,long sleeve,0.0188679245283018,0.021943253
5473,31,AW19,culottes,0.0188679245283018,0.007840641
5516,104,AW19,long sleeve,0.0,0.0033744655
5487,39,AW19,long sleeve,0.0,0.002389491
5412,13,AW19,long sleeve,0.0,0.0018278065
5486,18,AW19,long sleeve,0.0,0.003960901
5516,29,AW19,long sleeve,0.0,0.006004981
5396,103,AW19,long sleeve,0.0,0.0036308276
5512,80,AW19,long sleeve,0.0,0.021430477
5020,19,AW19,trapeze dress,0.0188679245283018,0.0054293233
5435,15,AW19,kimono dress,0.0,0.0035547218
5020,79,AW19,trapeze dress,0.0,0.005090354
5396,20,AW19,long sleeve,0.0,0.0039567365
5512,40,AW19,long sleeve,0.0,0.004348203
5512,46,AW19,long sleeve,0.0377358490566037,0.014618778
5476,105,AW19,solid color top,0.0,0.004132076
5473,12,AW19,culottes,0.0,0.007121297
5512,14,AW19,long sleeve,0.0566037735849056,0.0079784775
5487,93,AW19,long sleeve,0.0,0.001068095
4908,23,AW19,solid color top,0.0377358490566037,0.004941777
5473,68,AW19,culottes,0.0,0.007970626
5486,115,AW19,long sleeve,0.0377358490566037,0.00868824
5486,41,AW19,long sleeve,0.0188679245283018,0.004418466
5507,7,AW19,long sleeve,0.0188679245283018,0.0016560628
5435,103,AW19,kimono dress,0.0,0.0063497187
5516,2,AW19,long sleeve,0.0,0.012352216
5486,8,AW19,long sleeve,0.0,0.0038260731
5435,67,AW19,kimono dress,0.0,0.003925322
5507,19,AW19,long sleeve,0.0566037735849056,0.011686486
5516,10,AW19,long sleeve,0.0,0.0019987123
5516,65,AW19,long sleeve,0.0,0.0041090525
5507,80,AW19,long sleeve,0.0,0.01385221
5507,73,AW19,long sleeve,0.0566037735849056,0.023184322
5507,3,AW19,long sleeve,0.0188679245283018,0.019470163
5487,100,AW19,long sleeve,0.0,0.0065478594
5487,36,AW19,long sleeve,0.0,0.005726843
5507,5,AW19,long sleeve,0.0188679245283018,0.01993018
5507,56,AW19,long sleeve,0.0188679245283018,0.024096014
5473,56,AW19,culottes,0.0377358490566037,0.012030963
5507,76,AW19,long sleeve,0.0,0.008951893
5507,35,AW19,long sleeve,0.0188679245283018,0.010877765
5507,36,AW19,long sleeve,0.0,0.011210429
5507,46,AW19,long sleeve,0.0,0.007515363
5487,35,AW19,long sleeve,0.0,0.004518832
5487,32,AW19,long sleeve,0.0188679245283018,0.0065830816
5507,18,AW19,long sleeve,0.0,0.0038199187
5487,82,AW19,long sleeve,0.0,0.0038756405
4908,109,AW19,solid color top,0.0,0.0061448156
5396,43,AW19,long sleeve,0.0,0.0067749955
5486,93,AW19,long sleeve,0.0188679245283018,0.0037711267
5512,21,AW19,long sleeve,0.0188679245283018,0.005983881
5476,14,AW19,solid color top,0.0,0.011348359
5430,27,AW19,kimono dress,0.0,0.005370771
5020,64,AW19,trapeze dress,0.0,0.004746075
5476,46,AW19,solid color top,0.0,0.0048077554
5528,30,AW19,long sleeve,0.0188679245283018,0.022083929
4891,44,AW19,trapeze dress,0.0,0.0020409757
5528,12,AW19,long sleeve,0.0188679245283018,0.03736186
5476,29,AW19,solid color top,0.0,0.009088924
5050,79,AW19,solid color top,0.0,0.0019906678
5528,19,AW19,long sleeve,0.0,0.019198881
5050,93,AW19,solid color top,0.0,0.004829785
5050,45,AW19,solid color top,0.0,0.0033834076
4891,62,AW19,trapeze dress,0.0,0.0029870232
5476,35,AW19,solid color top,0.0,0.003412482
5452,99,AW19,long coat,0.0188679245283018,0.024186451
5528,73,AW19,long sleeve,0.0,0.008481372
5401,57,AW19,kimono dress,0.0188679245283018,0.021715118
5382,90,AW19,long sleeve,0.0,0.0024863542
5382,36,AW19,long sleeve,0.0,0.004506986
5382,53,AW19,long sleeve,0.0,0.0039086137
5473,69,AW19,culottes,0.0,0.008475979
5430,28,AW19,kimono dress,0.0,0.0014133346
5528,93,AW19,long sleeve,0.0,0.011706153
5528,76,AW19,long sleeve,0.0188679245283018,0.03073905
5455,2,AW19,solid color top,0.0188679245283018,0.012275877
5528,1,AW19,long sleeve,0.0,0.018723374
5455,12,AW19,solid color top,0.0188679245283018,0.021822974
5382,4,AW19,long sleeve,0.0,0.004720053
5476,47,AW19,solid color top,0.0,0.0020932623
5430,74,AW19,kimono dress,0.0,0.0019010116
5486,20,AW19,long sleeve,0.0,0.0075731208
5486,46,AW19,long sleeve,0.0,0.0047439253
5393,90,AW19,kimono dress,0.0,0.0049061365
5476,86,AW19,solid color top,0.0,0.0047247508
5473,47,AW19,culottes,0.0,0.011243392
5513,31,AW19,sleeveless,0.0,0.007856156
5020,20,AW19,trapeze dress,0.0188679245283018,0.0047942507
5513,66,AW19,sleeveless,0.0188679245283018,0.0055639986
5486,36,AW19,long sleeve,0.0,0.005780742
5476,80,AW19,solid color top,0.0,0.008076733
5473,82,AW19,culottes,0.0,0.0015138105
5358,29,AW19,long sleeve,0.0,0.008358642
5393,4,AW19,kimono dress,0.0,0.007394076
5513,43,AW19,sleeveless,0.0188679245283018,0.021257414
5513,80,AW19,sleeveless,0.0754716981132075,0.006706505
5358,21,AW19,long sleeve,0.0,0.0058815377
5476,5,AW19,solid color top,0.0,0.0032808639
5513,16,AW19,sleeveless,0.0188679245283018,0.006397632
5358,67,AW19,long sleeve,0.0377358490566037,0.023071006
5358,85,AW19,long sleeve,0.0566037735849056,0.020049844
5513,22,AW19,sleeveless,0.0,0.0064305663
4908,14,AW19,solid color top,0.0188679245283018,0.023052266
5476,13,AW19,solid color top,0.0,0.0040178434
5476,76,AW19,solid color top,0.0,0.0047350326
5476,51,AW19,solid color top,0.0,0.005442105
5513,82,AW19,sleeveless,0.0,0.002914071
5513,83,AW19,sleeveless,0.0,0.0074929176
5513,26,AW19,sleeveless,0.0188679245283018,0.0059595862
5020,22,AW19,trapeze dress,0.0,0.004412336
5512,89,AW19,long sleeve,0.0,0.0049841856
5463,20,AW19,sheath dress,0.0,0.004868233
5472,100,AW19,long sleeve,0.0,0.0024854757
5470,94,AW19,medium coat,0.0188679245283018,0.021918511
5470,19,AW19,medium coat,0.0,0.005937901
5470,75,AW19,medium coat,0.0,0.0050939233
5470,88,AW19,medium coat,0.0,0.0036286125
5470,80,AW19,medium coat,0.0,0.007070527
5470,77,AW19,medium coat,0.0,0.0073225503
5470,47,AW19,medium coat,0.0,0.006868372
5470,35,AW19,medium coat,0.0,0.0067968983
5470,26,AW19,medium coat,0.0,0.0067093237
5470,18,AW19,medium coat,0.0,0.0043752478
5460,53,AW19,kimono dress,0.0,0.007215239
5470,8,AW19,medium coat,0.0188679245283018,0.019607859
5484,18,AW19,long sleeve,0.0,0.001228535
5484,46,AW19,long sleeve,0.0,0.0028854264
5484,36,AW19,long sleeve,0.0,0.0032241517
5484,35,AW19,long sleeve,0.0,0.0035909272
5484,76,AW19,long sleeve,0.0,0.004497356
5460,13,AW19,kimono dress,0.0,0.0071973093
4760,69,AW19,long cardigan,0.0188679245283018,0.006734529
5484,60,AW19,long sleeve,0.0,0.0063179596
4760,57,AW19,long cardigan,0.0,0.013139375
5484,31,AW19,long sleeve,0.0,0.006140774
5484,30,AW19,long sleeve,0.0,0.0034592256
5470,65,AW19,medium coat,0.0,0.002223309
5368,57,AW19,long sleeve,0.0188679245283018,0.008848506
5470,7,AW19,medium coat,0.0,0.0036970077
5466,30,AW19,kimono dress,0.0,0.014970966
5509,30,AW19,medium coat,0.0377358490566037,0.0054529696
5509,54,AW19,medium coat,0.0,0.0041993125
5509,12,AW19,medium coat,0.0,0.0029743654
5509,10,AW19,medium coat,0.0,0.0021536688
5466,3,AW19,kimono dress,0.0188679245283018,0.01922696
5509,65,AW19,medium coat,0.0188679245283018,0.0024452417
5509,75,AW19,medium coat,0.0,0.0022392494
5509,14,AW19,medium coat,0.0,0.004125285
5509,86,AW19,medium coat,0.0188679245283018,0.020900834
5509,80,AW19,medium coat,0.0,0.0066464404
5509,5,AW19,medium coat,0.0,0.007602909
5509,28,AW19,medium coat,0.0566037735849056,0.014904717
5466,43,AW19,kimono dress,0.0,0.00873052
5509,22,AW19,medium coat,0.0188679245283018,0.019248854
5509,89,AW19,medium coat,0.0,0.0066653304
5509,51,AW19,medium coat,0.0188679245283018,0.004614767
5509,38,AW19,medium coat,0.0,0.0060266503
5509,106,AW19,medium coat,0.0,0.0023109461
5509,107,AW19,medium coat,0.0188679245283018,0.013483445
5509,72,AW19,medium coat,0.0,0.0034927903
5509,46,AW19,medium coat,0.0,0.002666809
5074,74,AW19,long sleeve,0.0,0.005126702
5509,41,AW19,medium coat,0.0188679245283018,0.009566885
5470,10,AW19,medium coat,0.0,0.0046122535
5065,80,AW19,long coat,0.0,0.010893955
5065,13,AW19,long coat,0.0188679245283018,0.021153588
5368,46,AW19,long sleeve,0.0,0.0027082236
5488,3,AW19,long sleeve,0.0,0.0060546147
5361,26,AW19,long sleeve,0.0188679245283018,0.016596545
5488,6,AW19,long sleeve,0.0188679245283018,0.0054879566
5488,80,AW19,long sleeve,0.0,0.006111438
5488,39,AW19,long sleeve,0.0,0.0034408337
5488,43,AW19,long sleeve,0.0,0.005099266
5488,75,AW19,long sleeve,0.0,0.0035524576
5488,19,AW19,long sleeve,0.0,0.0061842324
5488,105,AW19,long sleeve,0.0,0.009758693
5356,22,AW19,long sleeve,0.0188679245283018,0.0048943735
5488,65,AW19,long sleeve,0.0,0.009452797
5488,15,AW19,long sleeve,0.0,0.003007215
5356,64,AW19,long sleeve,0.0,0.0024802173
5488,10,AW19,long sleeve,0.0188679245283018,0.021180633
5380,39,AW19,long sleeve,0.0377358490566037,0.022973161
5488,12,AW19,long sleeve,0.0,0.003357621
5380,99,AW19,long sleeve,0.0377358490566037,0.024944887
5489,29,AW19,long sleeve,0.0188679245283018,0.0030670483
5488,2,AW19,long sleeve,0.0188679245283018,0.022771224
5489,18,AW19,long sleeve,0.0,0.0025693374
5489,46,AW19,long sleeve,0.0,0.0034957097
5489,40,AW19,long sleeve,0.0,0.0047117504
5489,22,AW19,long sleeve,0.0188679245283018,0.012554231
5361,43,AW19,long sleeve,0.0,0.003394717
4721,61,AW19,long sleeve,0.0188679245283018,0.019398738
5488,5,AW19,long sleeve,0.0,0.00857538
5488,56,AW19,long sleeve,0.0,0.004506183
5488,115,AW19,long sleeve,0.0,0.002146349
5488,57,AW19,long sleeve,0.0,0.002036276
5368,56,AW19,long sleeve,0.0188679245283018,0.0062844073
5074,10,AW19,long sleeve,0.0754716981132075,0.027037162
5368,43,AW19,long sleeve,0.0,0.0033964317
5071,88,AW19,long coat,0.0754716981132075,0.021422459
5475,1,AW19,culottes,0.0,0.015496579
5071,13,AW19,long coat,0.0,0.0038883165
5368,91,AW19,long sleeve,0.0188679245283018,0.023294501
5378,15,AW19,long sleeve,0.0188679245283018,0.002263794
5075,18,AW19,long sleeve,0.0188679245283018,0.0075323894
5074,64,AW19,long sleeve,0.0,0.006666386
5488,72,AW19,long sleeve,0.0,0.0060468405
5475,51,AW19,culottes,0.1132075471698113,0.059155334
5354,19,AW19,long sleeve,0.0,0.0046926714
5488,1,AW19,long sleeve,0.0377358490566037,0.0034649586
5453,80,AW19,miniskirt,0.0,0.004552367
5453,68,AW19,miniskirt,0.0,0.008655452
5453,1,AW19,miniskirt,0.0188679245283018,0.0183055
5354,3,AW19,long sleeve,0.0377358490566037,0.025345223
5453,29,AW19,miniskirt,0.0,0.0029333262
5475,22,AW19,culottes,0.0,0.020505114
5488,13,AW19,long sleeve,0.0,0.008708911
5488,16,AW19,long sleeve,0.0,0.0066210777
5378,16,AW19,long sleeve,0.0188679245283018,0.021980133
5418,1,AW19,short cardigan,0.0,0.004013543
4559,51,AW19,culottes,0.0,0.0021980705
5508,66,AW19,long sleeve,0.0188679245283018,0.021873306
5479,83,AW19,long sleeve,0.0,0.0025338442
5475,46,AW19,culottes,0.0,0.015878227
5479,42,AW19,long sleeve,0.0,0.0043536844
5479,56,AW19,long sleeve,0.0,0.0027992798
5479,88,AW19,long sleeve,0.0,0.0027267453
5479,105,AW19,long sleeve,0.0,0.007515005
5479,31,AW19,long sleeve,0.0,0.003450874
5079,42,AW19,kimono dress,0.0188679245283018,0.0064115976
5395,88,AW19,doll dress,0.0,0.0040076133
5479,2,AW19,long sleeve,0.0,0.005476492
5479,30,AW19,long sleeve,0.0,0.005204426
5479,96,AW19,long sleeve,0.0,0.0038591316
5413,13,AW19,long sleeve,0.0,0.0070921197
5518,41,AW19,long sleeve,0.0,0.002523351
5514,53,AW19,long sleeve,0.0,0.0046267486
5514,121,AW19,long sleeve,0.0377358490566037,0.0026086841
5514,83,AW19,long sleeve,0.0,0.002036642
5518,29,AW19,long sleeve,0.0,0.0033458897
5514,47,AW19,long sleeve,0.0,0.0034389067
5518,104,AW19,long sleeve,0.0,0.0061393175
5518,95,AW19,long sleeve,0.0,0.0044285236
5518,18,AW19,long sleeve,0.0,0.004491296
5475,69,AW19,culottes,0.0,0.011959795
5475,18,AW19,culottes,0.0188679245283018,0.027287938
5518,36,AW19,long sleeve,0.0,0.0019017634
5032,93,AW19,long duster,0.0188679245283018,0.022834772
5479,26,AW19,long sleeve,0.0,0.00442276
5427,125,AW19,medium cardigan,0.0188679245283018,0.025325786
5400,12,AW19,medium cardigan,0.0377358490566037,0.027548166
4724,101,AW19,long coat,0.0,0.010640711
5526,19,AW19,short cardigan,0.0,0.014270284
5411,69,AW19,culottes,0.0188679245283018,0.0068131075
5025,2,AW19,long sleeve,0.0,0.006082547
5526,30,AW19,short cardigan,0.0,0.020030802
5400,29,AW19,medium cardigan,0.0,0.0035052728
5514,46,AW19,long sleeve,0.0,0.004074676
5526,80,AW19,short cardigan,0.0,0.02288685
5427,51,AW19,medium cardigan,0.0,0.006423645
5399,16,AW19,long sleeve,0.0,0.01886853
5395,117,AW19,doll dress,0.0,0.007862826
5079,84,AW19,kimono dress,0.0,0.002796843
5079,19,AW19,kimono dress,0.0,0.008506068
5079,75,AW19,kimono dress,0.0,0.008389467
5079,60,AW19,kimono dress,0.0,0.0046492466
5526,16,AW19,short cardigan,0.0,0.0042494424
5526,13,AW19,short cardigan,0.0,0.008289373
5526,22,AW19,short cardigan,0.0,0.0060642133
5479,104,AW19,long sleeve,0.0,0.00510378
5479,57,AW19,long sleeve,0.0,0.008215259
5479,8,AW19,long sleeve,0.0,0.0037458187
5032,30,AW19,long duster,0.0,0.007954193
5079,21,AW19,kimono dress,0.0,0.004105099
5518,69,AW19,long sleeve,0.0,0.002343407
5475,40,AW19,culottes,0.0,0.008425808
5514,105,AW19,long sleeve,0.0,0.0032314912
5518,14,AW19,long sleeve,0.0,0.006237425
5518,84,AW19,long sleeve,0.0,0.0028911151
5514,10,AW19,long sleeve,0.0,0.0045166835
5518,65,AW19,long sleeve,0.0,0.004557706
5514,12,AW19,long sleeve,0.0,0.002776244
5518,31,AW19,long sleeve,0.0,0.0024344076
5514,30,AW19,long sleeve,0.0188679245283018,0.0032357206
5475,42,AW19,culottes,0.0188679245283018,0.019522272
5508,41,AW19,long sleeve,0.0,0.003884685
5508,115,AW19,long sleeve,0.0188679245283018,0.0025953
5475,20,AW19,culottes,0.0,0.018631645
4984,102,AW19,long sleeve,0.0,0.0024609345
5508,106,AW19,long sleeve,0.0,0.017322829
5508,47,AW19,long sleeve,0.0,0.007602857
5518,30,AW19,long sleeve,0.0,0.002568333
5508,76,AW19,long sleeve,0.0188679245283018,0.0085058035
5466,21,AW19,kimono dress,0.0377358490566037,0.00425579
5466,69,AW19,kimono dress,0.0,0.0033900728
5508,56,AW19,long sleeve,0.0,0.004326555
5466,121,AW19,kimono dress,0.0,0.005223466
5058,39,AW19,long sleeve,0.0377358490566037,0.021377727
5508,84,AW19,long sleeve,0.0,0.0069332276
5518,79,AW19,long sleeve,0.0,0.00564906
5080,107,AW19,kimono dress,0.0,0.011122461
5514,75,AW19,long sleeve,0.0,0.0027586373
5518,86,AW19,long sleeve,0.0,0.005755605
5518,72,AW19,long sleeve,0.0,0.005519956
5518,107,AW19,long sleeve,0.0188679245283018,0.005396534
5518,20,AW19,long sleeve,0.0,0.0054631797
5518,1,AW19,long sleeve,0.0,0.0029379195
5518,77,AW19,long sleeve,0.0,0.0068577873
5518,89,AW19,long sleeve,0.0,0.004377482
5518,24,AW19,long sleeve,0.0,0.005731388
5388,0,AW19,long sleeve,0.0188679245283018,0.0063461103
5388,18,AW19,long sleeve,0.0,0.00281717
5518,52,AW19,long sleeve,0.0188679245283018,0.021900998
5518,56,AW19,long sleeve,0.0,0.0038466693
5484,21,AW19,long sleeve,0.0,0.0055039823
5518,28,AW19,long sleeve,0.0,0.006453243
5518,9,AW19,long sleeve,0.0,0.00397629
5080,88,AW19,kimono dress,0.0,0.010445668
5518,73,AW19,long sleeve,0.0,0.003604985
4955,20,AW19,long duster,0.0,0.007698002
5518,80,AW19,long sleeve,0.0,0.0073876325
5388,20,AW19,long sleeve,0.0,0.0018790064
5514,13,AW19,long sleeve,0.0,0.0033872174
5514,56,AW19,long sleeve,0.0,0.0039938195
5475,106,AW19,culottes,0.0,0.008118379
5518,39,AW19,long sleeve,0.0,0.0041071954
5475,27,AW19,culottes,0.0,0.006629205
5518,99,AW19,long sleeve,0.0,0.0062379525
5418,83,AW19,short cardigan,0.0188679245283018,0.017493436
5418,69,AW19,short cardigan,0.0,0.005985796
5418,8,AW19,short cardigan,0.0,0.0042154538
5506,5,AW19,long sleeve,0.0,0.007445772
5506,93,AW19,long sleeve,0.0,0.0015018517
5506,1,AW19,long sleeve,0.0,0.0029292174
5506,47,AW19,long sleeve,0.0,0.0045018676
5506,38,AW19,long sleeve,0.0,0.004588619
5506,106,AW19,long sleeve,0.0,0.006245789
5457,56,AW19,long duster,0.0,0.0045439214
5506,83,AW19,long sleeve,0.0,0.0023715722
5506,72,AW19,long sleeve,0.0,0.008245723
5457,5,AW19,long duster,0.0,0.008468201
5506,40,AW19,long sleeve,0.0,0.0052983956
5506,69,AW19,long sleeve,0.0188679245283018,0.00607606
5506,35,AW19,long sleeve,0.0,0.0036907888
5472,12,AW19,long sleeve,0.0,0.004231183
5506,4,AW19,long sleeve,0.0,0.006051015
5506,41,AW19,long sleeve,0.0,0.008502512
5496,80,AW19,long sleeve,0.0,0.008589369
5496,9,AW19,long sleeve,0.0,0.0023254703
5496,76,AW19,long sleeve,0.0,0.0048283776
5496,38,AW19,long sleeve,0.0,0.0022816916
5496,107,AW19,long sleeve,0.0,0.0045963926
5496,32,AW19,long sleeve,0.0,0.0023742532
5472,49,AW19,long sleeve,0.0,0.004668723
5506,80,AW19,long sleeve,0.0,0.0050640292
5491,30,AW19,short cardigan,0.0,0.0037282996
5506,39,AW19,long sleeve,0.0,0.004720959
5506,14,AW19,long sleeve,0.0188679245283018,0.02044768
5375,9,AW19,long sleeve,0.0,0.003675797
5375,5,AW19,long sleeve,0.0,0.0034416243
5472,30,AW19,long sleeve,0.0,0.0022297848
5375,52,AW19,long sleeve,0.0,0.0029736967
5375,76,AW19,long sleeve,0.0,0.0043395977
5375,89,AW19,long sleeve,0.0,0.0035186484
5375,83,AW19,long sleeve,0.0,0.0023985906
5375,72,AW19,long sleeve,0.0,0.0035832198
5375,85,AW19,long sleeve,0.0188679245283018,0.0068264348
5375,69,AW19,long sleeve,0.0,0.0028038307
5475,19,AW19,culottes,0.0,0.003563425
5440,117,AW19,sleeveless,0.0,0.00512596
5375,115,AW19,long sleeve,0.0,0.004666842
5375,29,AW19,long sleeve,0.0,0.0061216326
5375,64,AW19,long sleeve,0.0,0.0028069194
5506,96,AW19,long sleeve,0.0,0.002521669
5506,7,AW19,long sleeve,0.0,0.0039080493
5506,15,AW19,long sleeve,0.0,0.0014579333
5506,31,AW19,long sleeve,0.0,0.0011749414
5506,65,AW19,long sleeve,0.0,0.0042920676
5506,105,AW19,long sleeve,0.0,0.004180282
5506,19,AW19,long sleeve,0.0,0.006986041
5457,16,AW19,long duster,0.0,0.0067115077
5506,43,AW19,long sleeve,0.0,0.0028181374
5440,68,AW19,sleeveless,0.0,0.004329546
5457,86,AW19,long duster,0.0,0.0039217267
5457,14,AW19,long duster,0.0,0.015291675
5491,72,AW19,short cardigan,0.0,0.005169832
5491,85,AW19,short cardigan,0.0,0.0037368406
5472,1,AW19,long sleeve,0.0,0.004662362
5472,20,AW19,long sleeve,0.0,0.0043435763
5472,42,AW19,long sleeve,0.0,0.0047293315
5491,35,AW19,short cardigan,0.0,0.009252566
5472,109,AW19,long sleeve,0.0,0.00317341
5472,72,AW19,long sleeve,0.0,0.0057992134
5491,46,AW19,short cardigan,0.0,0.0055852695
5472,85,AW19,long sleeve,0.0,0.0047717243
5472,121,AW19,long sleeve,0.0,0.003037764
5475,10,AW19,culottes,0.0188679245283018,0.026898034
5491,104,AW19,short cardigan,0.0566037735849056,0.01909228
5478,54,AW19,short cardigan,0.0,0.005431493
5472,40,AW19,long sleeve,0.0,0.00625886
5472,69,AW19,long sleeve,0.0188679245283018,0.021487914
5478,14,AW19,short cardigan,0.0,0.005481306
5475,12,AW19,culottes,0.0,0.015229455
5472,26,AW19,long sleeve,0.0,0.008414734
5478,89,AW19,short cardigan,0.0,0.00539112
5475,2,AW19,culottes,0.0,0.026507601
5472,4,AW19,long sleeve,0.0188679245283018,0.024004225
5478,53,AW19,short cardigan,0.0,0.00759767
5491,83,AW19,short cardigan,0.0,0.0031581933
5491,107,AW19,short cardigan,0.0,0.006089561
5491,82,AW19,short cardigan,0.0,0.003542881
5491,20,AW19,short cardigan,0.0,0.0049682795
5457,31,AW19,long duster,0.0,0.0070900633
5469,29,AW19,long duster,0.0,0.012570109
5491,12,AW19,short cardigan,0.0,0.0136303725
5491,7,AW19,short cardigan,0.0188679245283018,0.01048204
5469,36,AW19,long duster,0.0754716981132075,0.010504327
5472,19,AW19,long sleeve,0.0,0.007324144
5491,75,AW19,short cardigan,0.0,0.0026566985
5469,80,AW19,long duster,0.0377358490566037,0.0056826673
5469,94,AW19,long duster,0.0,0.0049668835
5469,15,AW19,long duster,0.0,0.008106739
5440,83,AW19,sleeveless,0.0188679245283018,0.0108343065
5375,73,AW19,long sleeve,0.0,0.0022742962
5491,43,AW19,short cardigan,0.0,0.0025994093
5472,75,AW19,long sleeve,0.0,0.004683269
5440,32,AW19,sleeveless,0.0,0.0051904656
5472,43,AW19,long sleeve,0.0,0.0033921993
5472,73,AW19,long sleeve,0.0188679245283018,0.011929287
5491,22,AW19,short cardigan,0.0,0.0036229342
5475,65,AW19,culottes,0.0377358490566037,0.013544037
5491,76,AW19,short cardigan,0.0,0.010956128
5491,89,AW19,short cardigan,0.0,0.0071100877
5475,31,AW19,culottes,0.0,0.009398633
5472,51,AW19,long sleeve,0.0188679245283018,0.019689264
5475,49,AW19,culottes,0.0377358490566037,0.010753177
5491,80,AW19,short cardigan,0.0,0.005392597
5375,39,AW19,long sleeve,0.0,0.0068028434
5375,14,AW19,long sleeve,0.0,0.0018181945
5375,48,AW19,long sleeve,0.0,0.0034393829
5461,62,AW19,long coat,0.0188679245283018,0.021622118
5461,15,AW19,long coat,0.0188679245283018,0.03425152
5461,50,AW19,long coat,0.0188679245283018,0.018353527
5526,1,AW19,short cardigan,0.0377358490566037,0.019707702
5461,29,AW19,long coat,0.0,0.012834284
5424,36,AW19,long sleeve,0.0188679245283018,0.008626286
5526,20,AW19,short cardigan,0.0,0.0058764033
5424,41,AW19,long sleeve,0.0377358490566037,0.0144564975
5475,56,AW19,culottes,0.0377358490566037,0.02583301
5000,121,AW19,long sleeve,0.0,0.0056182817
5347,99,AW19,long sleeve,0.0377358490566037,0.003954871
5347,6,AW19,long sleeve,0.0,0.0037370645
5480,2,AW19,long sleeve,0.0,0.005858339
5480,12,AW19,long sleeve,0.0,0.004937028
5480,10,AW19,long sleeve,0.0,0.005715125
5480,65,AW19,long sleeve,0.0,0.00359608
5387,1,AW19,kimono dress,0.0188679245283018,0.0054578045
5480,19,AW19,long sleeve,0.0,0.0073718172
5480,48,AW19,long sleeve,0.0,0.0023262952
5480,5,AW19,long sleeve,0.0,0.004570751
5480,93,AW19,long sleeve,0.0,0.009227766
5458,105,AW19,sleeveless,0.0188679245283018,0.008378844
5475,88,AW19,culottes,0.0188679245283018,0.025677359
5526,51,AW19,short cardigan,0.0,0.009038991
5415,107,AW19,long sleeve,0.0,0.0051351404
5415,15,AW19,long sleeve,0.0,0.0053369505
5415,49,AW19,long sleeve,0.0,0.0059934743
5418,59,AW19,short cardigan,0.0,0.0053937826
5489,13,AW19,long sleeve,0.0,0.0055524865
5418,104,AW19,short cardigan,0.0,0.006718315
5489,80,AW19,long sleeve,0.0,0.003157558
5423,86,AW19,long sleeve,0.0,0.0024268369
5423,83,AW19,long sleeve,0.0,0.002913058
5423,69,AW19,long sleeve,0.0188679245283018,0.008045575
5489,86,AW19,long sleeve,0.0,0.0022364082
5488,30,AW19,long sleeve,0.0,0.004786555
5475,13,AW19,culottes,0.0377358490566037,0.008951067
5404,102,AW19,long sleeve,0.0,0.0032527568
5458,43,AW19,sleeveless,0.0,0.0023668525
5421,7,AW19,long sleeve,0.0,0.00499656
5421,68,AW19,long sleeve,0.0,0.0044173794
5475,16,AW19,culottes,0.0188679245283018,0.02654807
5347,63,AW19,long sleeve,0.0,0.0048039416
5347,4,AW19,long sleeve,0.0188679245283018,0.020487074
5489,12,AW19,long sleeve,0.0,0.005019935
5347,67,AW19,long sleeve,0.0,0.0029752974
5347,82,AW19,long sleeve,0.0377358490566037,0.0072714584
5526,89,AW19,short cardigan,0.0,0.009829617
5347,27,AW19,long sleeve,0.0188679245283018,0.005423815
5350,75,AW19,solid color top,0.0188679245283018,0.015469965
5414,69,AW19,long sleeve,0.0,0.003996685
5489,31,AW19,long sleeve,0.0,0.0052318526
5478,104,AW19,short cardigan,0.0,0.005351174
5458,39,AW19,sleeveless,0.0,0.0021267538
5480,106,AW19,long sleeve,0.0,0.0030508358
5475,14,AW19,culottes,0.0566037735849056,0.01092818
5458,21,AW19,sleeveless,0.0,0.0077445903
5366,83,AW19,long sleeve,0.0,0.0028637783
5366,35,AW19,long sleeve,0.0,0.0023579851
5366,21,AW19,long sleeve,0.0377358490566037,0.022597365
5475,48,AW19,culottes,0.0188679245283018,0.0066647334
5367,83,AW19,long sleeve,0.0377358490566037,0.013064503
5367,103,AW19,long sleeve,0.0,0.0037200921
5458,64,AW19,sleeveless,0.0,0.004736943
5475,75,AW19,culottes,0.0566037735849056,0.03383573
5362,40,AW19,long sleeve,0.0,0.003010435
5362,31,AW19,long sleeve,0.0,0.0075840545
5457,36,AW19,long duster,0.0,0.005778674
5440,65,AW19,sleeveless,0.0188679245283018,0.0042971284
5343,27,AW19,long sleeve,0.0,0.004344832
5440,105,AW19,sleeveless,0.0188679245283018,0.004870923
5440,14,AW19,sleeveless,0.0,0.005228698
5375,96,AW19,long sleeve,0.0,0.006024048
5375,12,AW19,long sleeve,0.0,0.0032327715
5375,10,AW19,long sleeve,0.0,0.0039179297
5440,86,AW19,sleeveless,0.0,0.002870362
5375,7,AW19,long sleeve,0.0,0.0020707294
5440,80,AW19,sleeveless,0.0,0.002921062
5366,54,AW19,long sleeve,0.0,0.0063277856
5481,29,AW19,long sleeve,0.0,0.003114063
5526,46,AW19,short cardigan,0.0,0.007596261
5387,67,AW19,kimono dress,0.0,0.0075087645
5458,73,AW19,sleeveless,0.0,0.002197525
5480,53,AW19,long sleeve,0.0,0.0018703274
5480,35,AW19,long sleeve,0.0,0.0026980536
5458,99,AW19,sleeveless,0.0,0.0054405574
5480,18,AW19,long sleeve,0.0,0.002759642
5480,115,AW19,long sleeve,0.0,0.0041950257
5481,7,AW19,long sleeve,0.0,0.0041438723
5481,105,AW19,long sleeve,0.0,0.0037249054
5481,19,AW19,long sleeve,0.0188679245283018,0.021622946
5526,35,AW19,short cardigan,0.0,0.008838982
5481,80,AW19,long sleeve,0.0,0.02533315
5480,47,AW19,long sleeve,0.0,0.004619539
5481,3,AW19,long sleeve,0.0,0.012070174
5481,5,AW19,long sleeve,0.0,0.0054562953
5481,93,AW19,long sleeve,0.0,0.004263356
5481,22,AW19,long sleeve,0.0,0.0021180538
5481,52,AW19,long sleeve,0.0,0.0034800498
5481,76,AW19,long sleeve,0.0,0.008796991
5458,72,AW19,sleeveless,0.0,0.003428259
5458,121,AW19,sleeveless,0.0377358490566037,0.005845568
4869,74,AW19,medium coat,0.0188679245283018,0.0172082
5481,27,AW19,long sleeve,0.0566037735849056,0.015305977
5481,53,AW19,long sleeve,0.0,0.007706018
5475,43,AW19,culottes,0.0,0.01577085
5458,82,AW19,sleeveless,0.0,0.0035468084
5480,32,AW19,long sleeve,0.0,0.0034206107
5526,43,AW19,short cardigan,0.0,0.008583643
5059,43,AW19,kimono dress,0.0,0.0038996285
5482,106,AW19,sleeveless,0.0188679245283018,0.010027351
5482,82,AW19,sleeveless,0.0,0.008466725
5009,67,AW19,long sleeve,0.0,0.004290471
5522,67,AW19,solid color top,0.0,0.009162116
5482,8,AW19,sleeveless,0.0188679245283018,0.009569181
5523,105,AW19,sleeveless,0.0,0.004591019
5523,56,AW19,sleeveless,0.0,0.004160966
5523,22,AW19,sleeveless,0.0,0.0114435125
5351,109,AW19,kimono dress,0.0,0.007807373
5523,51,AW19,sleeveless,0.0566037735849056,0.0057531227
5482,1,AW19,sleeveless,0.0,0.003508433
5523,20,AW19,sleeveless,0.0,0.0060037877
5522,83,AW19,solid color top,0.0,0.01462716
5522,20,AW19,solid color top,0.0,0.0055147912
5523,8,AW19,sleeveless,0.0,0.006005449
5334,2,AW19,long sleeve,0.0188679245283018,0.016250966
5334,48,AW19,long sleeve,0.0188679245283018,0.009094527
5376,13,AW19,long coat,0.0,0.004320441
5522,77,AW19,solid color top,0.0,0.002817425
5376,94,AW19,long coat,0.0188679245283018,0.011090574
5334,20,AW19,long sleeve,0.0,0.002034697
5334,95,AW19,long sleeve,0.0,0.0071272333
5376,41,AW19,long coat,0.0,0.0019344302
4763,88,AW19,medium coat,0.0377358490566037,0.013991211
5482,22,AW19,sleeveless,0.0188679245283018,0.01746782
5522,36,AW19,solid color top,0.0188679245283018,0.015033188
5406,39,AW19,long coat,0.0377358490566037,0.0067130593
5450,56,AW19,medium coat,0.0188679245283018,0.007819106
5450,52,AW19,medium coat,0.0,0.0061859135
5428,16,AW19,sheath dress,0.0,0.005726543
5450,89,AW19,medium coat,0.0188679245283018,0.023536764
5450,42,AW19,medium coat,0.0188679245283018,0.022956278
5450,83,AW19,medium coat,0.0,0.009896247
5450,85,AW19,medium coat,0.0188679245283018,0.0029495915
5450,32,AW19,medium coat,0.0,0.0052611073
5450,26,AW19,medium coat,0.0,0.0027329589
5009,74,AW19,long sleeve,0.0,0.0032742305
5450,4,AW19,medium coat,0.0,0.0023697112
5450,21,AW19,medium coat,0.0,0.0052209552
4853,3,AW19,trapeze dress,0.0,0.01094252
5036,117,AW19,medium coat,0.0377358490566037,0.02037244
5410,82,AW19,sleeveless,0.0,0.0048315804
5419,30,AW19,sleeveless,0.0566037735849056,0.02322809
5428,99,AW19,sheath dress,0.0,0.004056683
5522,29,AW19,solid color top,0.0,0.007158227
5522,18,AW19,solid color top,0.0,0.007504061
5522,26,AW19,solid color top,0.0188679245283018,0.0063623814
5482,80,AW19,sleeveless,0.0,0.01078785
5450,100,AW19,medium coat,0.0,0.0046752505
5406,30,AW19,long coat,0.0188679245283018,0.019578245
5522,51,AW19,solid color top,0.0188679245283018,0.011736019
4763,38,AW19,medium coat,0.0,0.012434117
4779,92,AW19,medium coat,0.0188679245283018,0.019767396
5394,22,AW19,maxi,0.0,0.0075191865
4779,33,AW19,medium coat,0.0188679245283018,0.016226344
5394,92,AW19,maxi,0.0,0.0035624397
4973,29,AW19,culottes,0.0,0.009229104
5394,84,AW19,maxi,0.0,0.0026805021
5394,91,AW19,maxi,0.0,0.004403885
5394,10,AW19,maxi,0.0,0.007619338
5522,7,AW19,solid color top,0.0,0.0065175947
5072,69,AW19,medium coat,0.0,0.010161453
4779,14,AW19,medium coat,0.0,0.025471544
5522,49,AW19,solid color top,0.0566037735849056,0.020092022
4779,8,AW19,medium coat,0.0188679245283018,0.023907803
5522,12,AW19,solid color top,0.0,0.00681275
5072,77,AW19,medium coat,0.0188679245283018,0.00641822
5522,2,AW19,solid color top,0.0,0.010758123
4973,3,AW19,culottes,0.0188679245283018,0.012965566
5353,3,AW19,long sleeve,0.0,0.009462712
4778,48,AW19,medium coat,0.0188679245283018,0.024457589
4778,14,AW19,medium coat,0.0188679245283018,0.0040536406
5522,30,AW19,solid color top,0.0,0.011947598
4973,105,AW19,culottes,0.0,0.009050232
4779,26,AW19,medium coat,0.0188679245283018,0.016614044
5522,22,AW19,solid color top,0.0188679245283018,0.011494987
5522,105,AW19,solid color top,0.0,0.0022442166
4779,105,AW19,medium coat,0.0566037735849056,0.018281283
5379,121,AW19,long coat,0.0188679245283018,0.018453283
4763,101,AW19,medium coat,0.0,0.016618844
4763,109,AW19,medium coat,0.0,0.019776266
5522,13,AW19,solid color top,0.0,0.009270364
4763,4,AW19,medium coat,0.0,0.010193677
5522,16,AW19,solid color top,0.0,0.004779465
4771,19,AW19,medium coat,0.0188679245283018,0.0068726516
5379,22,AW19,long coat,0.0,0.0061542364
5379,9,AW19,long coat,0.0,0.008551022
4771,9,AW19,medium coat,0.0,0.014747342
5394,100,AW19,maxi,0.0188679245283018,0.008474638
5379,105,AW19,long coat,0.0,0.008673504
4771,24,AW19,medium coat,0.0377358490566037,0.01068895
5078,26,AW19,medium coat,0.0188679245283018,0.020881241
4771,121,AW19,medium coat,0.0,0.007994857
5522,86,AW19,solid color top,0.0,0.010510054
4771,26,AW19,medium coat,0.0,0.01277106
5522,14,AW19,solid color top,0.0,0.016452031
4762,43,AW19,medium coat,0.0,0.0040813675
4762,109,AW19,medium coat,0.0,0.0049224724
5394,104,AW19,maxi,0.0,0.0074010077
5394,21,AW19,maxi,0.0188679245283018,0.012963187
5379,49,AW19,long coat,0.0,0.009130399
4778,1,AW19,medium coat,0.0188679245283018,0.020990528
5450,19,AW19,medium coat,0.0,0.008096125
5433,21,AW19,long coat,0.0377358490566037,0.02089364
5517,6,AW19,long sleeve,0.0,0.0072519733
5517,110,AW19,long sleeve,0.0188679245283018,0.025677897
5438,18,AW19,long sleeve,0.0,0.004784597
5517,9,AW19,long sleeve,0.0,0.0088956
5337,103,AW19,kimono dress,0.0,0.0150662465
5076,69,AW19,sheath dress,0.0188679245283018,0.020329053
5448,96,AW19,medium coat,0.0,0.004278183
5448,19,AW19,medium coat,0.0,0.0065555368
5448,86,AW19,medium coat,0.0,0.00623751
5448,28,AW19,medium coat,0.0,0.0045748237
5381,104,AW19,long sleeve,0.0566037735849056,0.015862389
5448,33,AW19,medium coat,0.0188679245283018,0.008176293
5517,80,AW19,long sleeve,0.0,0.005409108
5448,82,AW19,medium coat,0.0,0.0051392694
4970,80,AW19,long coat,0.0,0.005534884
4970,15,AW19,long coat,0.0,0.003648503
5059,60,AW19,kimono dress,0.0,0.007259843
5448,63,AW19,medium coat,0.0,0.00271377
5448,21,AW19,medium coat,0.0,0.0029361271
5448,64,AW19,medium coat,0.0,0.0051060407
5531,80,AW19,long sleeve,0.0377358490566037,0.01911548
5054,21,AW19,doll dress,0.0188679245283018,0.0019281629
5448,22,AW19,medium coat,0.0,0.013130134
5462,12,AW19,medium coat,0.0188679245283018,0.011735255
5517,99,AW19,long sleeve,0.0188679245283018,0.010062043
5517,28,AW19,long sleeve,0.0,0.0021131558
5517,104,AW19,long sleeve,0.0,0.0030757845
5517,102,AW19,long sleeve,0.0,0.0036927147
5517,103,AW19,long sleeve,0.0,0.0023985906
5465,35,AW19,long coat,0.0188679245283018,0.025405383
5384,93,AW19,long dress,0.0,0.0044484143
5517,20,AW19,long sleeve,0.0,0.0022416222
5384,69,AW19,long dress,0.0377358490566037,0.025465118
5517,1,AW19,long sleeve,0.0,0.002444318
5517,51,AW19,long sleeve,0.0,0.0029048992
5381,31,AW19,long sleeve,0.0,0.007066907
4971,121,AW19,doll dress,0.0,0.004445674
5381,75,AW19,long sleeve,0.0188679245283018,0.0077538006
5385,23,AW19,doll dress,0.0,0.0055710557
5390,92,AW19,miniskirt,0.0,0.0052566295
5381,13,AW19,long sleeve,0.0377358490566037,0.022653872
5517,89,AW19,long sleeve,0.0,0.0076333517
4867,15,AW19,sheath dress,0.0188679245283018,0.016007144
5517,13,AW19,long sleeve,0.0,0.0013145765
5381,46,AW19,long sleeve,0.0,0.005923351
4971,86,AW19,doll dress,0.0,0.0024906637
4971,99,AW19,doll dress,0.0,0.0050321477
4971,52,AW19,doll dress,0.0,0.0034712292
4817,0,AW19,doll dress,0.0188679245283018,0.016074758
5433,29,AW19,long coat,0.0,0.010010612
5462,10,AW19,medium coat,0.0,0.005131205
5054,32,AW19,doll dress,0.0188679245283018,0.016406408
5471,76,AW19,medium coat,0.0188679245283018,0.009081611
5403,56,AW19,long coat,0.0377358490566037,0.02425372
5351,62,AW19,kimono dress,0.0188679245283018,0.0233394
5471,82,AW19,medium coat,0.0188679245283018,0.011559288
5403,69,AW19,long coat,0.0566037735849056,0.030760784
5471,36,AW19,medium coat,0.0,0.008357778
5471,46,AW19,medium coat,0.0,0.0034453264
5471,18,AW19,medium coat,0.0,0.004678048
5471,102,AW19,medium coat,0.0566037735849056,0.0078349
5471,57,AW19,medium coat,0.0,0.0034894117
5471,45,AW19,medium coat,0.0,0.004007399
5433,79,AW19,long coat,0.0566037735849056,0.022418045
5433,73,AW19,long coat,0.0,0.011025682
5433,9,AW19,long coat,0.0,0.005302976
5471,23,AW19,medium coat,0.0188679245283018,0.007647418
5428,27,AW19,sheath dress,0.0188679245283018,0.02316235
5433,76,AW19,long coat,0.0754716981132075,0.010200681
5462,103,AW19,medium coat,0.0188679245283018,0.005394768
5433,68,AW19,long coat,0.0188679245283018,0.022537952
5462,8,AW19,medium coat,0.0,0.0033404666
5462,21,AW19,medium coat,0.0,0.0063690967
5433,103,AW19,long coat,0.0188679245283018,0.021945307
5471,64,AW19,medium coat,0.0188679245283018,0.0043333424
5517,88,AW19,long sleeve,0.0,0.0046214033
5471,93,AW19,medium coat,0.0,0.012647553
5428,4,AW19,sheath dress,0.0,0.0043136994
5462,43,AW19,medium coat,0.0188679245283018,0.013960921
5462,39,AW19,medium coat,0.0188679245283018,0.008467417
5462,9,AW19,medium coat,0.0,0.0078790905
5462,3,AW19,medium coat,0.0,0.002984916
5462,93,AW19,medium coat,0.0,0.013543224
5462,33,AW19,medium coat,0.0,0.009370693
5462,76,AW19,medium coat,0.0,0.0032235356
5517,86,AW19,long sleeve,0.0188679245283018,0.0074373875
5462,72,AW19,medium coat,0.0377358490566037,0.006950732
5517,49,AW19,long sleeve,0.0377358490566037,0.020699888
5471,99,AW19,medium coat,0.0,0.0060337977
5438,73,AW19,long sleeve,0.0,0.002328633
5462,35,AW19,medium coat,0.0,0.0069054742
5471,30,AW19,medium coat,0.0188679245283018,0.005275966
5471,12,AW19,medium coat,0.0,0.004458397
5471,7,AW19,medium coat,0.0,0.0035017524
5428,64,AW19,sheath dress,0.0188679245283018,0.021166272
5471,19,AW19,medium coat,0.0188679245283018,0.009074444
5471,43,AW19,medium coat,0.0188679245283018,0.031351715
5471,73,AW19,medium coat,0.0188679245283018,0.007863229
5471,110,AW19,medium coat,0.0188679245283018,0.007872476
5471,3,AW19,medium coat,0.0,0.006846027
5462,74,AW19,medium coat,0.0,0.010997582
5069,64,AW19,long sleeve,0.0,0.0061523914
4778,106,AW19,medium coat,0.0,0.00813433
4964,76,AW19,gitana skirt,0.0377358490566037,0.0068184445
5505,79,AW19,sleeveless,0.0,0.0015531688
5505,86,AW19,sleeveless,0.0,0.0015715066
5505,80,AW19,sleeveless,0.0,0.003918
5505,56,AW19,sleeveless,0.0,0.0033206637
5505,76,AW19,sleeveless,0.0188679245283018,0.009161838
5505,89,AW19,sleeveless,0.0188679245283018,0.005670576
5408,86,AW19,long sleeve,0.0,0.004908786
5408,92,AW19,long sleeve,0.0,0.0015462944
5408,88,AW19,long sleeve,0.0188679245283018,0.013882108
5505,51,AW19,sleeveless,0.0,0.003339785
5505,12,AW19,sleeveless,0.0188679245283018,0.0059137526
5505,47,AW19,sleeveless,0.0,0.0039234567
5505,74,AW19,sleeveless,0.0,0.002411555
5500,64,AW19,culottes,0.0,0.011228452
5505,35,AW19,sleeveless,0.0,0.0040740776
5493,30,AW19,sleeveless,0.0,0.0046317405
5493,12,AW19,sleeveless,0.0,0.004090132
5493,75,AW19,sleeveless,0.0,0.0037406527
5493,110,AW19,sleeveless,0.0,0.005645944
5408,74,AW19,long sleeve,0.0,0.0030923411
5500,36,AW19,culottes,0.0,0.003373548
5493,77,AW19,sleeveless,0.0,0.0025595974
5443,117,AW19,long coat,0.0,0.0035182966
5408,95,AW19,long sleeve,0.0,0.010759508
5331,110,AW19,solid color top,0.0,0.004642184
4969,10,AW19,long sleeve,0.0188679245283018,0.004222463
5443,105,AW19,long coat,0.0,0.0044483
4969,13,AW19,long sleeve,0.0188679245283018,0.022140348
5443,48,AW19,long coat,0.0188679245283018,0.02287819
5451,73,AW19,medium coat,0.0,0.005936168
5443,92,AW19,long coat,0.0,0.0043348763
5451,43,AW19,medium coat,0.0,0.008343258
5451,86,AW19,medium coat,0.0188679245283018,0.014525656
5492,85,AW19,solid color top,0.0188679245283018,0.008752756
5492,67,AW19,solid color top,0.0,0.002027057
5451,91,AW19,medium coat,0.0,0.0059083835
5492,64,AW19,solid color top,0.0,0.0060333284
5492,53,AW19,solid color top,0.0188679245283018,0.004475688
5451,10,AW19,medium coat,0.0,0.0077997646
5451,12,AW19,medium coat,0.0566037735849056,0.023988212
5492,35,AW19,solid color top,0.0,0.0037256097
5492,81,AW19,solid color top,0.0,0.0026454711
5492,46,AW19,solid color top,0.0,0.003910143
5492,103,AW19,solid color top,0.0,0.0037858484
5492,8,AW19,solid color top,0.0,0.0031390546
4895,105,AW19,long sleeve,0.0,0.010647998
5492,59,AW19,solid color top,0.0,0.003604982
5492,63,AW19,solid color top,0.0,0.0040054726
5451,49,AW19,medium coat,0.0,0.0071156095
5492,107,AW19,solid color top,0.0188679245283018,0.007682698
5493,47,AW19,sleeveless,0.0,0.007664511
5408,102,AW19,long sleeve,0.0,0.009810796
5454,13,AW19,culottes,0.0,0.003193563
5454,93,AW19,culottes,0.0,0.0049928394
5454,77,AW19,culottes,0.0,0.0038248408
5454,36,AW19,culottes,0.0,0.004324165
4899,6,AW19,culottes,0.0188679245283018,0.022247277
5500,2,AW19,culottes,0.0,0.0066424264
5500,56,AW19,culottes,0.0,0.0077050924
5500,5,AW19,culottes,0.0,0.0068246406
5468,13,AW19,culottes,0.0566037735849056,0.01452821
5468,77,AW19,culottes,0.0,0.008673565
5454,49,AW19,culottes,0.0,0.0079919705
5046,53,AW19,medium coat,0.0377358490566037,0.0075697256
5073,12,AW19,medium coat,0.0943396226415094,0.01915006
5429,13,AW19,patterned top,0.0,0.004377665
5429,117,AW19,patterned top,0.0377358490566037,0.020811033
5429,93,AW19,patterned top,0.0,0.005073026
5429,89,AW19,patterned top,0.0,0.0049070218
5429,77,AW19,patterned top,0.0,0.0038649447
5452,117,AW19,long coat,0.0188679245283018,0.007178485
5429,101,AW19,patterned top,0.0,0.006298063
5073,69,AW19,medium coat,0.0188679245283018,0.022738745
5348,57,AW19,culottes,0.0,0.006265822
5452,39,AW19,long coat,0.0,0.0057000807
5436,19,AW19,long sleeve,0.0,0.003917657
5500,47,AW19,culottes,0.0,0.005114681
5454,96,AW19,culottes,0.0188679245283018,0.009186641
5436,14,AW19,long sleeve,0.0,0.0062351474
5443,107,AW19,long coat,0.0,0.007809657
5493,8,AW19,sleeveless,0.0,0.0036523775
4844,105,AW19,doll dress,0.0,0.0013455357
5443,83,AW19,long coat,0.0,0.0025259973
5443,32,AW19,long coat,0.0,0.0049011637
5040,79,AW19,solid color top,0.0188679245283018,0.018969404
5459,62,AW19,culottes,0.0,0.01176867
5459,2,AW19,culottes,0.0,0.004920452
5459,49,AW19,culottes,0.0,0.013577353
5454,62,AW19,culottes,0.0,0.003842979
5500,121,AW19,culottes,0.0188679245283018,0.025356289
5459,94,AW19,culottes,0.0,0.010365914
5500,85,AW19,culottes,0.0377358490566037,0.007556129
5459,43,AW19,culottes,0.0,0.010119107
5500,83,AW19,culottes,0.0,0.004680073
5500,61,AW19,culottes,0.0,0.003790042
5459,47,AW19,culottes,0.0,0.004640408
5452,59,AW19,long coat,0.0188679245283018,0.0041111335
5436,121,AW19,long sleeve,0.0,0.0073097344
5459,18,AW19,culottes,0.0,0.00761132
5459,63,AW19,culottes,0.0,0.0054933866
5459,65,AW19,culottes,0.0188679245283018,0.008617688
5492,20,AW19,solid color top,0.0,0.0065007224
5492,1,AW19,solid color top,0.0,0.0058454024
5451,85,AW19,medium coat,0.0,0.0030682327
4778,64,AW19,medium coat,0.0,0.009260147
4778,41,AW19,medium coat,0.0,0.010105707
5519,45,AW19,long coat,0.0,0.003999244
5490,5,AW19,culottes,0.0,0.0040442995
5490,16,AW19,culottes,0.0,0.0021232585
5490,89,AW19,culottes,0.0,0.0031391506
5519,43,AW19,long coat,0.0,0.0076395334
5490,1,AW19,culottes,0.0,0.0029462897
5519,75,AW19,long coat,0.0188679245283018,0.010643144
5519,19,AW19,long coat,0.0377358490566037,0.015569822
5519,1,AW19,long coat,0.0,0.003934443
5490,42,AW19,culottes,0.0,0.006042123
5490,27,AW19,culottes,0.0,0.0049883183
5519,2,AW19,long coat,0.0,0.0028094552
5490,121,AW19,culottes,0.0,0.0037937388
5504,46,AW19,medium coat,0.0188679245283018,0.01107682
5490,32,AW19,culottes,0.0,0.0027560478
5504,53,AW19,medium coat,0.0377358490566037,0.027748423
5490,35,AW19,culottes,0.0,0.0061868667
5490,81,AW19,culottes,0.0,0.0016922696
5490,46,AW19,culottes,0.0,0.0062231566
5490,8,AW19,culottes,0.0,0.0035035373
5519,10,AW19,long coat,0.0,0.0047721765
5490,63,AW19,culottes,0.0,0.010154331
5490,43,AW19,culottes,0.0,0.0044182483
4778,57,AW19,medium coat,0.0,0.0060740835
5497,64,AW19,long coat,0.0,0.011642475
4778,74,AW19,medium coat,0.0,0.0194552
5497,115,AW19,long coat,0.0,0.0063365283
5497,18,AW19,long coat,0.0,0.009765552
5497,46,AW19,long coat,0.0,0.0032647124
5497,20,AW19,long coat,0.0188679245283018,0.0047533517
5497,76,AW19,long coat,0.0,0.003877901
5497,45,AW19,long coat,0.0188679245283018,0.009814649
5497,93,AW19,long coat,0.0,0.004550935
5497,13,AW19,long coat,0.0,0.0028069885
5490,75,AW19,culottes,0.0,0.0063197343
5497,3,AW19,long coat,0.0,0.01408114
5497,43,AW19,long coat,0.0,0.0060591507
5497,75,AW19,long coat,0.0188679245283018,0.009938821
5497,19,AW19,long coat,0.0,0.0057784943
5497,105,AW19,long coat,0.0188679245283018,0.0040852404
5431,29,AW19,kimono dress,0.0188679245283018,0.010998464
5497,10,AW19,long coat,0.0,0.0036844222
5490,30,AW19,culottes,0.0,0.003502725
5490,2,AW19,culottes,0.0,0.006780937
5490,15,AW19,culottes,0.0,0.0029581708
5519,18,AW19,long coat,0.0,0.0031497818
5497,73,AW19,long coat,0.0188679245283018,0.0041291057
5504,16,AW19,medium coat,0.0,0.017267808
5504,56,AW19,medium coat,0.0377358490566037,0.009381081
5490,21,AW19,culottes,0.0,0.004159193
5492,80,AW19,solid color top,0.0,0.007870063
5047,19,AW19,long sleeve,0.0,0.004377703
5449,43,AW19,medium coat,0.0188679245283018,0.019641805
5449,19,AW19,medium coat,0.0,0.0029031222
5061,5,AW19,long coat,0.0566037735849056,0.026520448
5449,31,AW19,medium coat,0.0,0.004637258
5061,73,AW19,long coat,0.0943396226415094,0.028234435
5449,15,AW19,medium coat,0.0188679245283018,0.010185514
5492,6,AW19,solid color top,0.0,0.0067734844
5492,99,AW19,solid color top,0.0,0.0054215365
5492,39,AW19,solid color top,0.0,0.0022292566
5449,10,AW19,medium coat,0.0377358490566037,0.011391823
5061,12,AW19,long coat,0.0188679245283018,0.016012281
5443,49,AW19,long coat,0.0188679245283018,0.0032664475
5492,56,AW19,solid color top,0.0,0.003269918
5451,29,AW19,medium coat,0.0,0.006624511
5492,93,AW19,solid color top,0.0,0.0062537137
4969,53,AW19,long sleeve,0.0,0.005288517
5492,52,AW19,solid color top,0.0,0.002876662
5492,76,AW19,solid color top,0.0,0.0071476167
5492,77,AW19,solid color top,0.0,0.0026048706
5451,53,AW19,medium coat,0.0188679245283018,0.005626199
5449,12,AW19,medium coat,0.0188679245283018,0.012772634
5492,43,AW19,solid color top,0.0,0.0041364157
5492,86,AW19,solid color top,0.0,0.006073218
5449,16,AW19,medium coat,0.0,0.006937764
5490,104,AW19,culottes,0.0,0.0034787382
5447,30,AW19,solid color top,0.0,0.0031183057
5504,91,AW19,medium coat,0.0377358490566037,0.026559234
5504,12,AW19,medium coat,0.0,0.018027768
5530,53,AW19,medium coat,0.0377358490566037,0.010489599
5069,35,AW19,long sleeve,0.0,0.00634153
5447,40,AW19,solid color top,0.0,0.0052209552
5045,12,AW19,solid color top,0.0,0.0031521737
5449,100,AW19,medium coat,0.0188679245283018,0.0054624393
5047,41,AW19,long sleeve,0.0,0.003749545
4882,125,AW19,culottes,0.0,0.002491225
4989,109,AW19,miniskirt,0.0,0.0033830446
5066,33,AW19,long coat,0.0188679245283018,0.030052956
5492,96,AW19,solid color top,0.0,0.010316642
5492,12,AW19,solid color top,0.0,0.004177974
5047,53,AW19,long sleeve,0.0,0.0031323277
5492,7,AW19,solid color top,0.0188679245283018,0.00788343
5492,66,AW19,solid color top,0.0,0.006639858
5449,76,AW19,medium coat,0.0,0.004389914
5492,19,AW19,solid color top,0.0,0.0063754837
5492,79,AW19,solid color top,0.0188679245283018,0.018802011
5061,21,AW19,long coat,0.0188679245283018,0.022921072
5359,39,AW19,culottes,0.0,0.0037475766
5332,81,AW19,doll dress,0.0,0.0059634075
5502,14,AW19,long sleeve,0.0188679245283018,0.021677202
4970,7,AW19,long coat,0.0,0.007446274
5398,10,AW19,medium coat,0.0,0.0073716864
5445,117,AW19,long dress,0.0188679245283018,0.01874869
5445,93,AW19,long dress,0.0377358490566037,0.011303767
5445,33,AW19,long dress,0.0,0.003387655
5445,89,AW19,long dress,0.0,0.00923924
5455,59,AW19,solid color top,0.0,0.005062659
5455,63,AW19,solid color top,0.0943396226415094,0.013290795
5445,46,AW19,long dress,0.0,0.00620803
5445,0,AW19,long dress,0.0188679245283018,0.0053606504
5445,63,AW19,long dress,0.0,0.0038068017
5464,77,AW19,sheath dress,0.0188679245283018,0.017974528
5464,64,AW19,sheath dress,0.0,0.0034857818
5441,12,AW19,long dress,0.0,0.0045910766
5455,25,AW19,solid color top,0.0,0.006251065
5441,65,AW19,long dress,0.0188679245283018,0.022485023
5441,105,AW19,long dress,0.0,0.0023057675
5441,19,AW19,long dress,0.0566037735849056,0.004718084
5515,35,AW19,long sleeve,0.0377358490566037,0.024502441
5441,9,AW19,long dress,0.0,0.0093948
5441,99,AW19,long dress,0.0,0.0018785697
5441,16,AW19,long dress,0.0188679245283018,0.006896581
5445,29,AW19,long dress,0.0,0.009951056
5464,76,AW19,sheath dress,0.0188679245283018,0.007940002
5464,93,AW19,sheath dress,0.0188679245283018,0.005284083
5464,28,AW19,sheath dress,0.0,0.00080092764
5426,68,AW19,long sleeve,0.0,0.00532911
5426,31,AW19,long sleeve,0.0,0.0060984967
5391,29,AW19,long sleeve,0.0,0.0031180934
5483,30,AW19,sheath dress,0.0377358490566037,0.017533114
5463,81,AW19,sheath dress,0.0377358490566037,0.007585705
5483,43,AW19,sheath dress,0.0,0.007232457
5463,26,AW19,sheath dress,0.0188679245283018,0.019646697
5463,29,AW19,sheath dress,0.0,0.0033713283
5483,40,AW19,sheath dress,0.0188679245283018,0.00472354
5464,31,AW19,sheath dress,0.0,0.005537604
5464,94,AW19,sheath dress,0.0,0.003512073
5445,12,AW19,long dress,0.0,0.007895236
5445,7,AW19,long dress,0.0188679245283018,0.02795256
5391,91,AW19,long sleeve,0.0,0.0035092256
5445,65,AW19,long dress,0.0,0.0029846998
5445,94,AW19,long dress,0.0377358490566037,0.023271127
5391,2,AW19,long sleeve,0.0,0.0034482856
5464,43,AW19,sheath dress,0.0,0.0067373486
5464,80,AW19,sheath dress,0.0188679245283018,0.0053283023
5464,5,AW19,sheath dress,0.0,0.007128179
5464,99,AW19,sheath dress,0.0188679245283018,0.0043472094
5441,93,AW19,long dress,0.0,0.008691014
5386,2,AW19,long sleeve,0.0,0.004361362
5515,81,AW19,long sleeve,0.0,0.005975788
5455,41,AW19,solid color top,0.0,0.013986694
5027,67,AW19,long coat,0.0,0.0101902215
4976,86,AW19,sleeveless,0.0,0.0040528704
5027,18,AW19,long coat,0.0188679245283018,0.006237739
5495,51,AW19,solid color top,0.0377358490566037,0.009303041
4992,56,AW19,long coat,0.0377358490566037,0.028723622
5495,40,AW19,solid color top,0.0,0.0030548677
5495,69,AW19,solid color top,0.0,0.0050230026
5495,46,AW19,solid color top,0.0,0.012166343
5494,15,AW19,long sleeve,0.0,0.004019268
5495,80,AW19,solid color top,0.0188679245283018,0.0056902943
5511,80,AW19,long sleeve,0.0,0.009725759
5494,65,AW19,long sleeve,0.0,0.0057298043
5444,54,AW19,long sleeve,0.0,0.003590271
5444,49,AW19,long sleeve,0.0,0.0044016824
5444,15,AW19,long sleeve,0.0,0.0023087398
5494,84,AW19,long sleeve,0.0,0.0027682425
5444,92,AW19,long sleeve,0.0,0.002796969
5444,56,AW19,long sleeve,0.0,0.0046044714
5494,19,AW19,long sleeve,0.0,0.0026244926
5511,5,AW19,long sleeve,0.0,0.011059174
5495,29,AW19,solid color top,0.0,0.002560958
5495,105,AW19,solid color top,0.0,0.00539269
5495,12,AW19,solid color top,0.0,0.0018926404
5442,45,AW19,solid color top,0.0,0.0032570658
5441,20,AW19,long dress,0.0566037735849056,0.0043084472
5441,83,AW19,long dress,0.0188679245283018,0.01139955
5441,121,AW19,long dress,0.0,0.0047776373
5441,74,AW19,long dress,0.0,0.0038119673
5441,69,AW19,long dress,0.0188679245283018,0.0067463885
5525,12,AW19,long sleeve,0.0188679245283018,0.03700594
5015,5,AW19,medium coat,0.0,0.0035673904
5467,31,AW19,sleeveless,0.0188679245283018,0.009123188
5033,104,AW19,medium coat,0.0,0.0032403697
5467,56,AW19,sleeveless,0.0,0.004563046
5051,77,AW19,trapeze dress,0.0,0.004683808
5467,93,AW19,sleeveless,0.0,0.0028835891
5502,88,AW19,long sleeve,0.0,0.005678171
5467,76,AW19,sleeveless,0.0,0.0024012576
5467,77,AW19,sleeveless,0.0188679245283018,0.0024446214
5467,83,AW19,sleeveless,0.0,0.004189344
5525,51,AW19,long sleeve,0.0377358490566037,0.03172427
5467,32,AW19,sleeveless,0.0,0.0040349104
5340,85,AW19,culottes,0.0188679245283018,0.0065821037
5511,12,AW19,long sleeve,0.0,0.011954545
5442,22,AW19,solid color top,0.0,0.00235951
5441,77,AW19,long dress,0.0,0.0020550862
5341,79,AW19,kimono dress,0.0,0.0048965923
5386,86,AW19,long sleeve,0.0188679245283018,0.0049408125
5386,43,AW19,long sleeve,0.0,0.00494055
4907,88,AW19,culottes,0.0,0.0011060293
5455,24,AW19,solid color top,0.0188679245283018,0.0115476325
5455,89,AW19,solid color top,0.0,0.00925129
5485,18,AW19,short sleeves,0.0,0.0033030126
5485,44,AW19,short sleeves,0.0188679245283018,0.018118065
5485,115,AW19,short sleeves,0.0,0.011945267
5515,5,AW19,long sleeve,0.0,0.017045753
5510,96,AW19,short sleeves,0.0377358490566037,0.011582776
5455,38,AW19,solid color top,0.0,0.0058445125
5485,76,AW19,short sleeves,0.0377358490566037,0.009123908
5510,7,AW19,short sleeves,0.0,0.008861828
5455,109,AW19,solid color top,0.0,0.009291983
5510,105,AW19,short sleeves,0.0,0.006448468
5510,19,AW19,short sleeves,0.0,0.0106286155
5510,43,AW19,short sleeves,0.0377358490566037,0.019317867
5341,28,AW19,kimono dress,0.0,0.0101758065
5510,3,AW19,short sleeves,0.0,0.013423569
5440,53,AW19,sleeveless,0.0,0.0015462462
5510,93,AW19,short sleeves,0.0,0.010124219
5510,76,AW19,short sleeves,0.0377358490566037,0.007110756
5455,106,AW19,solid color top,0.0,0.014397089
5455,16,AW19,solid color top,0.0,0.0036130804
5455,56,AW19,solid color top,0.0,0.0036991371
5485,43,AW19,short sleeves,0.0377358490566037,0.020977419
5341,64,AW19,kimono dress,0.0,0.006588529
5455,79,AW19,solid color top,0.0,0.011218775
5059,81,AW19,kimono dress,0.0377358490566037,0.020921681
5059,26,AW19,kimono dress,0.0,0.0072585116
5059,46,AW19,kimono dress,0.0,0.0069740233
4904,105,AW19,long sleeve,0.0188679245283018,0.0051386743
5064,2,AW19,kimono dress,0.0,0.0074197045
5064,19,AW19,kimono dress,0.0,0.008890444
5064,14,AW19,kimono dress,0.0188679245283018,0.023941034
5064,46,AW19,kimono dress,0.0,0.002432828
5446,15,AW19,long sleeve,0.0188679245283018,0.005331848
5455,39,AW19,solid color top,0.0,0.0174861
4947,83,AW19,culottes,0.0,0.0040072086
5485,96,AW19,short sleeves,0.0188679245283018,0.006402269
5455,73,AW19,solid color top,0.0,0.0051072715
5455,110,AW19,solid color top,0.0,0.018218642
5455,3,AW19,solid color top,0.0,0.008872217
5485,105,AW19,short sleeves,0.0,0.01192048
5485,19,AW19,short sleeves,0.0,0.009963412
5485,75,AW19,short sleeves,0.1320754716981132,0.027780047
5485,92,AW19,short sleeves,0.0188679245283018,0.01182567
5440,8,AW19,sleeveless,0.0,0.0027359053
5510,1,AW19,short sleeves,0.0,0.006183382
5439,18,AW19,solid color top,0.0,0.003797638
5510,101,AW19,short sleeves,0.0,0.0060936925
5463,66,AW19,sheath dress,0.0,0.0037920065
5439,7,AW19,solid color top,0.0,0.011181932
5439,49,AW19,solid color top,0.0,0.0032352724
5389,4,AW19,long sleeve,0.0,0.0035042295
5455,32,AW19,solid color top,0.0,0.0111183645
5389,67,AW19,long sleeve,0.0,0.004529484
5389,51,AW19,long sleeve,0.0,0.016147507
5389,89,AW19,long sleeve,0.0754716981132075,0.014773864
5463,9,AW19,sheath dress,0.0188679245283018,0.0040284977
5389,13,AW19,long sleeve,0.0,0.01093477
5389,3,AW19,long sleeve,0.0377358490566037,0.024110975
5389,9,AW19,long sleeve,0.0,0.013809297
5463,45,AW19,sheath dress,0.0188679245283018,0.023386283
5386,63,AW19,long sleeve,0.0,0.0049877423
5463,76,AW19,sheath dress,0.0188679245283018,0.008732286
5463,51,AW19,sheath dress,0.0,0.0012214382
5386,107,AW19,long sleeve,0.0377358490566037,0.02332998
5335,72,AW19,shirt dress,0.0,0.00942242
4724,38,AW19,long coat,0.0,0.003728438
5335,33,AW19,shirt dress,0.0,0.0026923297
5463,53,AW19,sheath dress,0.0,0.003766196
5389,125,AW19,long sleeve,0.0188679245283018,0.026035527
5494,43,AW19,long sleeve,0.0,0.0010831957
5499,38,AW19,short cardigan,0.0,0.0032779614
5425,6,AW19,long sleeve,0.0,0.005295041
5510,82,AW19,short sleeves,0.0188679245283018,0.0100313155
5439,81,AW19,solid color top,0.0,0.010848837
5439,121,AW19,solid color top,0.0,0.0070930775
5463,2,AW19,sheath dress,0.0188679245283018,0.0051867557
5344,4,AW19,doll dress,0.0188679245283018,0.01209026
5510,18,AW19,short sleeves,0.0,0.0021498534
5510,115,AW19,short sleeves,0.0,0.02410279
5439,107,AW19,solid color top,0.0,0.0073397476
5463,7,AW19,sheath dress,0.0377358490566037,0.0116795935
5439,56,AW19,solid color top,0.0,0.0029910647
5417,24,AW19,long sleeve,0.0,0.004709564
5417,74,AW19,long sleeve,0.0188679245283018,0.003367871
5417,0,AW19,long sleeve,0.0188679245283018,0.025130277
5344,23,AW19,doll dress,0.0377358490566037,0.014829534
5417,4,AW19,long sleeve,0.0,0.0026960175
5417,59,AW19,long sleeve,0.0,0.0053686714
5407,80,AW19,long sleeve,0.0,0.0054704095
5455,67,AW19,solid color top,0.0188679245283018,0.0127043575
5407,69,AW19,long sleeve,0.0,0.008579087
5407,0,AW19,long sleeve,0.0,0.003198461
5425,7,AW19,long sleeve,0.0,0.0037261152
5463,94,AW19,sheath dress,0.0,0.0029882242
5494,80,AW19,long sleeve,0.0,0.003353507
5467,22,AW19,sleeveless,0.0,0.004087245
5474,85,AW19,long dress,0.0,0.010742645
5498,36,AW19,doll dress,0.0,0.005807592
5521,75,AW19,long coat,0.0,0.008431002
5474,14,AW19,long dress,0.0,0.0026390483
5474,19,AW19,long dress,0.0,0.006896486
5527,93,AW19,long coat,0.0,0.012052551
5474,66,AW19,long dress,0.0188679245283018,0.0058049057
5474,94,AW19,long dress,0.0,0.007145592
5521,30,AW19,long coat,0.0,0.01025513
5498,46,AW19,doll dress,0.0,0.007542227
5521,19,AW19,long coat,0.0,0.0050585032
5501,77,AW19,long dress,0.0,0.0057332846
5474,15,AW19,long dress,0.0,0.0036471696
5474,10,AW19,long dress,0.0,0.005012535
5474,12,AW19,long dress,0.0,0.009034722
5498,81,AW19,doll dress,0.0188679245283018,0.006984999
5474,2,AW19,long dress,0.0,0.004255722
5498,95,AW19,doll dress,0.0,0.012810211
5521,73,AW19,long coat,0.0188679245283018,0.011071467
5521,3,AW19,long coat,0.0,0.007959984
5498,100,AW19,doll dress,0.0,0.003732488
5053,19,AW19,culottes,0.0188679245283018,0.021740276
5520,101,AW19,doll dress,0.0188679245283018,0.022079904
5501,80,AW19,long dress,0.0,0.0048940782
5521,93,AW19,long coat,0.0,0.0103248935
5501,85,AW19,long dress,0.0,0.006445974
5527,26,AW19,long coat,0.0566037735849056,0.025779232
5409,53,AW19,culottes,0.0,0.00874764
5474,32,AW19,long dress,0.0,0.009356838
5409,83,AW19,culottes,0.0188679245283018,0.012000102
5474,47,AW19,long dress,0.0,0.006322362
5474,96,AW19,long dress,0.0,0.0033036796
5474,86,AW19,long dress,0.0,0.007614182
4938,84,AW19,culottes,0.0,0.0060351244
5498,35,AW19,doll dress,0.0,0.002867383
5529,80,AW19,culottes,0.0188679245283018,0.042757746
5498,89,AW19,doll dress,0.0188679245283018,0.0059164222
5474,77,AW19,long dress,0.0,0.006126696
5474,51,AW19,long dress,0.0,0.0066318633
5474,89,AW19,long dress,0.0,0.0074028573
5498,68,AW19,doll dress,0.0,0.005228416
5498,1,AW19,doll dress,0.0377358490566037,0.016928421
5474,76,AW19,long dress,0.0188679245283018,0.0031346346
5521,43,AW19,long coat,0.0188679245283018,0.008293198
5474,22,AW19,long dress,0.0,0.0029487468
5474,38,AW19,long dress,0.0,0.008819967
5501,76,AW19,long dress,0.0,0.0036943622
5529,12,AW19,culottes,0.0188679245283018,0.011163716
5474,20,AW19,long dress,0.0188679245283018,0.002275124
5474,56,AW19,long dress,0.0188679245283018,0.009101809
5474,99,AW19,long dress,0.0,0.004639969
5474,5,AW19,long dress,0.0,0.0031763725
5474,43,AW19,long dress,0.0,0.0054409467
5498,40,AW19,doll dress,0.0377358490566037,0.0035724042
5474,82,AW19,long dress,0.0,0.0035242243
5529,46,AW19,culottes,0.0188679245283018,0.015627818
5474,80,AW19,long dress,0.0188679245283018,0.014099123
5498,13,AW19,doll dress,0.0,0.006089384
5501,36,AW19,long dress,0.0188679245283018,0.008874187
5498,93,AW19,doll dress,0.0,0.005180587
5474,73,AW19,long dress,0.0,0.0047753216
5474,9,AW19,long dress,0.0,0.008830201
5501,5,AW19,long dress,0.0188679245283018,0.021223834
4931,49,AW19,culottes,0.0188679245283018,0.004850562
5498,121,AW19,doll dress,0.0,0.0038012106
5501,24,AW19,long dress,0.0,0.004551787
5498,33,AW19,doll dress,0.0,0.0036546788
5474,74,AW19,long dress,0.0,0.0014712699
5474,53,AW19,long dress,0.0,0.00300509
5498,43,AW19,doll dress,0.0,0.0035954725
5434,8,AW19,culottes,0.0,0.0036738976
5511,52,AW19,long sleeve,0.0188679245283018,0.020949056
5511,51,AW19,long sleeve,0.0,0.0065578106
5502,69,AW19,long sleeve,0.0,0.0056127966
5511,1,AW19,long sleeve,0.0,0.006077425
5527,18,AW19,long coat,0.0377358490566037,0.010405837
5474,4,AW19,long dress,0.0,0.004315961
5474,18,AW19,long dress,0.0,0.0070723086
5521,125,AW19,long coat,0.0188679245283018,0.025089046
5474,41,AW19,long dress,0.0,0.0039943955
5502,100,AW19,long sleeve,0.0,0.0021793405
5498,12,AW19,doll dress,0.0,0.0038937896
5409,68,AW19,culottes,0.0188679245283018,0.011148419
5001,85,AW19,long sleeve,0.0,0.007878627
5511,53,AW19,long sleeve,0.0188679245283018,0.007975198
5527,19,AW19,long coat,0.0188679245283018,0.0112013845
5474,29,AW19,long dress,0.0,0.004958216
5434,105,AW19,culottes,0.0566037735849056,0.0071928315
5398,105,AW19,medium coat,0.0,0.0028439264
5444,82,AW19,long sleeve,0.0,0.0056309476
5474,21,AW19,long dress,0.0,0.004979729
5444,83,AW19,long sleeve,0.0,0.008803307
5474,8,AW19,long dress,0.0,0.0021428543
5494,5,AW19,long sleeve,0.0,0.004940592
5434,53,AW19,culottes,0.0,0.0030028017
5444,121,AW19,long sleeve,0.0188679245283018,0.01645174
5444,46,AW19,long sleeve,0.0,0.0022929907
5494,74,AW19,long sleeve,0.0,0.0030857585
5494,35,AW19,long sleeve,0.0,0.00271741
5494,29,AW19,long sleeve,0.0,0.0036106673
5474,115,AW19,long dress,0.0,0.0024165446
5502,53,AW19,long sleeve,0.0,0.005520319
5520,12,AW19,doll dress,0.0,0.008421241
5521,8,AW19,long coat,0.0,0.00968063
5511,46,AW19,long sleeve,0.0188679245283018,0.011886774
5474,46,AW19,long dress,0.0,0.00349209
5498,86,AW19,doll dress,0.0,0.0032376545
5409,117,AW19,culottes,0.0,0.0038819946
5409,80,AW19,culottes,0.0,0.0039600274
5409,105,AW19,culottes,0.0,0.0050923335
5520,64,AW19,doll dress,0.0,0.011344073
4603,105,AW19,culottes,0.0188679245283018,0.003205183
5501,12,AW19,long dress,0.0,0.0074670278
5521,20,AW19,long coat,0.0,0.005792876
4662,24,AW19,culottes,0.0,0.005995828
5521,12,AW19,long coat,0.0,0.009506628
4975,105,AW19,culottes,0.0,0.0
5498,15,AW19,doll dress,0.0,0.0034375729
5474,35,AW19,long dress,0.0,0.0043568774
4924,21,AW19,long coat,0.0,0.004775701
5474,69,AW19,long dress,0.0,0.002580289
5521,86,AW19,long coat,0.0,0.005836565
5017,92,AW19,culottes,0.0188679245283018,0.024598503
5521,46,AW19,long coat,0.0,0.0016492312
5521,18,AW19,long coat,0.0,0.0033868917
5501,30,AW19,long dress,0.0,0.0061417217
4922,5,AW19,long coat,0.0,0.004779353
5474,36,AW19,long dress,0.1320754716981132,0.0027670502
5498,49,AW19,doll dress,0.0,0.005823535
5521,36,AW19,long coat,0.0,0.007829893
5527,3,AW19,long coat,0.0,0.012421033
5393,18,AW19,kimono dress,0.0,0.004332955
5473,49,AW19,culottes,0.0,0.0051669916
5475,32,AW19,culottes,0.0,0.0032163481
5443,108,AW19,long coat,0.0,0.0035469425
5475,83,AW19,culottes,0.0,0.002399904
5475,82,AW19,culottes,0.0,0.0033854446
5475,108,AW19,culottes,0.0,0.0033717933
5517,43,AW19,long sleeve,0.0,0.0045506842
5501,1,AW19,long dress,0.0,0.0046610786
5475,73,AW19,culottes,0.0,0.0073352745
5070,105,AW19,long coat,0.0,0.0029253662
5501,46,AW19,long dress,0.0188679245283018,0.014175982
5393,85,AW19,kimono dress,0.0188679245283018,0.0110988235
5517,91,AW19,long sleeve,0.0,0.00582189
5473,10,AW19,culottes,0.0,0.0047422173
5475,3,AW19,culottes,0.1320754716981132,0.022898844
5393,100,AW19,kimono dress,0.0,0.0031102966
5475,80,AW19,culottes,0.0,0.010425461
5500,89,AW19,culottes,0.0,0.005305025
5501,2,AW19,long dress,0.0188679245283018,0.021471495
5500,22,AW19,culottes,0.0188679245283018,0.0035740326
5475,100,AW19,culottes,0.0,0.011975941
5500,93,AW19,culottes,0.0,0.00346028
5475,57,AW19,culottes,0.0377358490566037,0.009051332
4939,108,AW19,culottes,0.0,0.011297585
5500,13,AW19,culottes,0.0,0.0050477036
5452,86,AW19,long coat,0.0188679245283018,0.023181278
5475,115,AW19,culottes,0.0,0.020446083
5502,36,AW19,long sleeve,0.0,0.0018045797
5500,3,AW19,culottes,0.0188679245283018,0.015923133
5517,101,AW19,long sleeve,0.0,0.00274119
5517,82,AW19,long sleeve,0.0188679245283018,0.0067601395
5023,108,AW19,medium cardigan,0.0,0.0038934683
5475,41,AW19,culottes,0.0,0.008554284
4697,79,AW19,short cardigan,0.0,0.0033692415
5517,95,AW19,long sleeve,0.0,0.0042479755
5502,40,AW19,long sleeve,0.0,0.0020868035
5500,39,AW19,culottes,0.0,0.0028348546
5502,77,AW19,long sleeve,0.0,0.005688563
5502,3,AW19,long sleeve,0.0,0.0050482545
5502,10,AW19,long sleeve,0.0,0.0015219941
5500,1,AW19,culottes,0.0377358490566037,0.008856283
5475,8,AW19,culottes,0.0,0.0066082356
5023,87,AW19,medium cardigan,0.0188679245283018,0.02081762
4939,87,AW19,culottes,0.0,0.004512367
5500,95,AW19,culottes,0.0,0.025484992
5500,46,AW19,culottes,0.0,0.008126576
5500,81,AW19,culottes,0.0,0.007846721
5500,35,AW19,culottes,0.0188679245283018,0.0053490708
5475,81,AW19,culottes,0.0,0.0058818236
5501,9,AW19,long dress,0.0,0.007033466
5515,50,AW19,long sleeve,0.0188679245283018,0.008584374
5473,30,AW19,culottes,0.0,0.0066269585
5475,39,AW19,culottes,0.0,0.025773313
5393,57,AW19,kimono dress,0.0,0.003752803
5500,53,AW19,culottes,0.0,0.0034326091
5475,53,AW19,culottes,0.0,0.006961633
5501,75,AW19,long dress,0.0,0.006059984
5501,94,AW19,long dress,0.0,0.0072450503
5337,105,AW19,kimono dress,0.0188679245283018,0.0154716885
5475,26,AW19,culottes,0.0,0.0071022776
5515,73,AW19,long sleeve,0.0,0.005234796
5515,12,AW19,long sleeve,0.0,0.007869193
5501,7,AW19,long dress,0.0,0.008630529
5500,20,AW19,culottes,0.0,0.0036864914
5337,48,AW19,kimono dress,0.0,0.015276809
5475,0,AW19,culottes,0.0188679245283018,0.022667225
5517,117,AW19,long sleeve,0.0,0.006316798
5517,76,AW19,long sleeve,0.0,0.0029638861
5515,108,AW19,long sleeve,0.0566037735849056,0.013738094
5473,19,AW19,culottes,0.0,0.0068244375
5522,9,AW19,solid color top,0.0188679245283018,0.0051181326
5473,39,AW19,culottes,0.0188679245283018,0.008267905
5525,20,AW19,long sleeve,0.0188679245283018,0.024405703
5522,85,AW19,solid color top,0.0,0.003344333
4694,75,AW19,long sleeve,0.0377358490566037,0.02148338
5475,47,AW19,culottes,0.0,0.017893435
5351,42,AW19,kimono dress,0.0,0.0069647776
5535,41,AW19,kimono dress,0.0,0.006525282
5525,52,AW19,long sleeve,0.0188679245283018,0.021878567
5525,56,AW19,long sleeve,0.0,0.007897224
5473,81,AW19,culottes,0.0,0.007373755
5475,7,AW19,culottes,0.0188679245283018,0.005285567
5525,108,AW19,long sleeve,0.0188679245283018,0.011198761
5522,35,AW19,solid color top,0.0,0.007637585
5475,68,AW19,culottes,0.0377358490566037,0.013292024
5525,73,AW19,long sleeve,0.0,0.0106545715
5473,40,AW19,culottes,0.0,0.0054990104
5475,15,AW19,culottes,0.0,0.01641238
5515,0,AW19,long sleeve,0.0377358490566037,0.020584652
5520,36,AW19,doll dress,0.0,0.0059054475
5535,64,AW19,kimono dress,0.0188679245283018,0.012573211
5473,53,AW19,culottes,0.0,0.0029549294
5535,29,AW19,kimono dress,0.0,0.024155354
5522,46,AW19,solid color top,0.0188679245283018,0.010294901
5069,29,AW19,long sleeve,0.0,0.0036512348
5522,90,AW19,solid color top,0.0377358490566037,0.014176206
4926,19,AW19,long sleeve,0.0377358490566037,0.0071593006
5351,16,AW19,kimono dress,0.0,0.014437804
5525,94,AW19,long sleeve,0.0,0.009168024
5525,53,AW19,long sleeve,0.0188679245283018,0.010661943
5387,10,AW19,kimono dress,0.0,0.008293479
5511,30,AW19,long sleeve,0.0,0.003963191
5522,80,AW19,solid color top,0.0377358490566037,0.011768516
5393,65,AW19,kimono dress,0.0188679245283018,0.0036530176
5522,39,AW19,solid color top,0.0,0.002786702
5522,43,AW19,solid color top,0.0,0.0058393264
5522,79,AW19,solid color top,0.0377358490566037,0.007218955
5511,56,AW19,long sleeve,0.0,0.0035366453
5522,60,AW19,solid color top,0.0188679245283018,0.020891698
5511,13,AW19,long sleeve,0.0377358490566037,0.010568659
5393,105,AW19,kimono dress,0.0,0.0036513484
5522,47,AW19,solid color top,0.0188679245283018,0.0071667023
5522,31,AW19,solid color top,0.0,0.0030522707
5511,20,AW19,long sleeve,0.0377358490566037,0.0039039243
5511,43,AW19,long sleeve,0.0,0.0055419886
5511,75,AW19,long sleeve,0.0188679245283018,0.007594859
5475,93,AW19,culottes,0.0,0.005454421
5522,15,AW19,solid color top,0.0188679245283018,0.0047752177
5473,29,AW19,culottes,0.0,0.013634796
5511,35,AW19,long sleeve,0.0,0.004648288
5387,75,AW19,kimono dress,0.0566037735849056,0.023532983
5511,81,AW19,long sleeve,0.0,0.008181833
5511,19,AW19,long sleeve,0.0,0.0041859825
5353,39,AW19,long sleeve,0.0,0.0049070204
5475,76,AW19,culottes,0.0,0.0045574773
5387,91,AW19,kimono dress,0.0,0.004602021
5511,15,AW19,long sleeve,0.0,0.006071176
5073,103,AW19,medium coat,0.0377358490566037,0.005757425
5511,7,AW19,long sleeve,0.0,0.012454365
5428,80,AW19,sheath dress,0.0188679245283018,0.006950986
5428,108,AW19,sheath dress,0.0,0.0031451578
5535,104,AW19,kimono dress,0.0,0.0050002406
5535,125,AW19,kimono dress,0.0188679245283018,0.029632762
5515,51,AW19,long sleeve,0.0188679245283018,0.008383994
5535,69,AW19,kimono dress,0.0,0.010258078
5473,76,AW19,culottes,0.0188679245283018,0.019366628
5473,93,AW19,culottes,0.0188679245283018,0.002737568
5535,40,AW19,kimono dress,0.0,0.004850805
5522,5,AW19,solid color top,0.0,0.007288257
5443,10,AW19,long coat,0.0,0.005983503
5535,53,AW19,kimono dress,0.0,0.004682343
5535,67,AW19,kimono dress,0.0,0.010302338
5387,108,AW19,kimono dress,0.0,0.0029098704
5515,89,AW19,long sleeve,0.0,0.01255056
5428,36,AW19,sheath dress,0.0,0.0022928189
5520,15,AW19,doll dress,0.0,0.0030877965
5535,85,AW19,kimono dress,0.0,0.011585723
5428,18,AW19,sheath dress,0.0,0.0073179374
5535,72,AW19,kimono dress,0.0,0.010487897
5473,13,AW19,culottes,0.0188679245283018,0.01566384
5515,22,AW19,long sleeve,0.0377358490566037,0.006633732
5535,106,AW19,kimono dress,0.0,0.0220459
5535,101,AW19,kimono dress,0.0,0.011691789
5473,108,AW19,culottes,0.0,0.008905574
5473,3,AW19,culottes,0.0188679245283018,0.0083963
5475,38,AW19,culottes,0.0,0.0038198645
5520,49,AW19,doll dress,0.0188679245283018,0.020963725
4969,77,AW19,long sleeve,0.0,0.0034922922
5395,62,AW19,doll dress,0.0,0.0049109943
5473,73,AW19,culottes,0.0188679245283018,0.004684292
5520,94,AW19,doll dress,0.0,0.0043683723
5393,107,AW19,kimono dress,0.0377358490566037,0.005085225
5520,75,AW19,doll dress,0.0377358490566037,0.010388328
5535,35,AW19,kimono dress,0.0,0.031624246
5535,115,AW19,kimono dress,0.0,0.0055806804
5473,121,AW19,culottes,0.0,0.005575368
5520,56,AW19,doll dress,0.0188679245283018,0.008091674
5393,108,AW19,kimono dress,0.0,0.007357097
5535,21,AW19,kimono dress,0.0,0.00549235
5473,83,AW19,culottes,0.0,0.0057794848
5393,99,AW19,kimono dress,0.0,0.008800373
5535,63,AW19,kimono dress,0.0,0.007153482
5515,20,AW19,long sleeve,0.0188679245283018,0.008910787
5535,59,AW19,kimono dress,0.0,0.005422162
5473,106,AW19,culottes,0.0,0.004871491
5387,57,AW19,kimono dress,0.0566037735849056,0.02206798
5535,4,AW19,kimono dress,0.0,0.011378238
5520,108,AW19,doll dress,0.0377358490566037,0.00828472
5387,59,AW19,kimono dress,0.0,0.003066106
5535,95,AW19,kimono dress,0.0,0.01195627
5351,105,AW19,kimono dress,0.0188679245283018,0.013950285
5475,84,AW19,culottes,0.0,0.0041159578
5520,9,AW19,doll dress,0.0188679245283018,0.017229863
5535,18,AW19,kimono dress,0.0,0.007458612
5535,36,AW19,kimono dress,0.0,0.011208567
5428,101,AW19,sheath dress,0.0377358490566037,0.01969321
5520,73,AW19,doll dress,0.0377358490566037,0.0068583353
5535,81,AW19,kimono dress,0.0377358490566037,0.006138907
5428,82,AW19,sheath dress,0.0,0.003952659
5515,47,AW19,long sleeve,0.0188679245283018,0.022523457
5515,1,AW19,long sleeve,0.0,0.011722019
5428,85,AW19,sheath dress,0.0,0.009037586
5429,81,AW19,patterned top,0.0,0.002051888
5547,12,AW19,kimono dress,0.0,0.01580804
5025,19,AW19,long sleeve,0.0,0.0035104472
5540,20,AW19,culottes,0.0188679245283018,0.010699052
5540,27,AW19,culottes,0.0188679245283018,0.023607265
5540,72,AW19,culottes,0.0188679245283018,0.0043489104
5540,53,AW19,culottes,0.0,0.011385741
5540,40,AW19,culottes,0.0,0.0050911694
5540,81,AW19,culottes,0.0,0.0023059754
4435,45,AW19,patterned top,0.0188679245283018,0.0195325
5540,36,AW19,culottes,0.0,0.009429709
5540,46,AW19,culottes,0.0,0.0060288366
5540,68,AW19,culottes,0.0,0.007865131
5540,18,AW19,culottes,0.0188679245283018,0.002592346
5540,0,AW19,culottes,0.0,0.0054225554
5540,103,AW19,culottes,0.0,0.0059518935
5540,8,AW19,culottes,0.0,0.0032121227
5540,59,AW19,culottes,0.0,0.0058525195
5540,21,AW19,culottes,0.0377358490566037,0.004484471
5540,115,AW19,culottes,0.0188679245283018,0.0029456234
5540,29,AW19,culottes,0.0,0.004979937
5545,2,AW19,medium coat,0.0,0.004779172
5545,12,AW19,medium coat,0.0188679245283018,0.0019043675
5540,95,AW19,culottes,0.0,0.0078565935
5545,10,AW19,medium coat,0.0188679245283018,0.010802324
5540,77,AW19,culottes,0.0188679245283018,0.010753691
5540,89,AW19,culottes,0.0,0.002145962
5529,43,AW19,culottes,0.0,0.003881762
5529,9,AW19,culottes,0.0,0.009497108
5529,108,AW19,culottes,0.0188679245283018,0.0063588726
4977,87,AW19,doll dress,0.0,0.005654123
4938,13,AW19,culottes,0.0,0.00513744
5540,54,AW19,culottes,0.0188679245283018,0.009328986
5540,12,AW19,culottes,0.0,0.008224018
5540,7,AW19,culottes,0.0,0.009858099
5540,15,AW19,culottes,0.0,0.00202546
5540,51,AW19,culottes,0.0566037735849056,0.004374765
5540,65,AW19,culottes,0.0,0.008419415
5540,43,AW19,culottes,0.0188679245283018,0.0025667201
4977,108,AW19,doll dress,0.0,0.0064166877
5540,39,AW19,culottes,0.0,0.0035827819
5540,3,AW19,culottes,0.0377358490566037,0.004955964
5540,5,AW19,culottes,0.0,0.008522865
5540,99,AW19,culottes,0.0,0.007825034
5540,16,AW19,culottes,0.0,0.0039987667
5540,13,AW19,culottes,0.0188679245283018,0.0074375337
5540,22,AW19,culottes,0.0377358490566037,0.00587567
5540,75,AW19,culottes,0.0,0.004575309
5545,7,AW19,medium coat,0.0,0.010386047
5545,31,AW19,medium coat,0.0188679245283018,0.012268512
5545,94,AW19,medium coat,0.0,0.0069823666
5536,2,AW19,medium coat,0.0377358490566037,0.04316
5381,32,AW19,long sleeve,0.0188679245283018,0.005282849
5536,31,AW19,medium coat,0.0754716981132075,0.035605025
5536,19,AW19,medium coat,0.0188679245283018,0.011435924
5536,75,AW19,medium coat,0.0188679245283018,0.01807986
5381,95,AW19,long sleeve,0.0188679245283018,0.027186764
5536,80,AW19,medium coat,0.0,0.007800837
5536,73,AW19,medium coat,0.0,0.024328522
5536,3,AW19,medium coat,0.0188679245283018,0.012246183
5536,30,AW19,medium coat,0.0188679245283018,0.017202504
5536,108,AW19,medium coat,0.0566037735849056,0.021139817
5536,51,AW19,medium coat,0.0,0.010045561
5536,87,AW19,medium coat,0.0,0.03791424
5536,20,AW19,medium coat,0.0,0.012157972
5536,74,AW19,medium coat,0.0,0.014643164
5536,57,AW19,medium coat,0.1320754716981132,0.019104324
5536,115,AW19,medium coat,0.0566037735849056,0.014048427
5448,108,AW19,medium coat,0.0,0.007014362
5448,87,AW19,medium coat,0.0188679245283018,0.0075062155
4970,88,AW19,long coat,0.0,0.0040012184
5536,76,AW19,medium coat,0.0377358490566037,0.022240581
5545,41,AW19,medium coat,0.0,0.0076942425
5381,16,AW19,long sleeve,0.0,0.0028848897
5545,29,AW19,medium coat,0.0,0.009075408
5545,19,AW19,medium coat,0.0188679245283018,0.0070354496
5545,75,AW19,medium coat,0.0,0.0051969388
5545,80,AW19,medium coat,0.0,0.005556259
5545,73,AW19,medium coat,0.0,0.003009719
5545,108,AW19,medium coat,0.0,0.007264888
5545,5,AW19,medium coat,0.0,0.008612734
5545,99,AW19,medium coat,0.0,0.005581224
5545,56,AW19,medium coat,0.0188679245283018,0.01060901
5545,93,AW19,medium coat,0.0188679245283018,0.010597446
5545,33,AW19,medium coat,0.0377358490566037,0.03165946
5545,24,AW19,medium coat,0.0188679245283018,0.014165938
5545,77,AW19,medium coat,0.0188679245283018,0.009781885
5545,107,AW19,medium coat,0.0188679245283018,0.009691428
5545,67,AW19,medium coat,0.0,0.006824119
5545,74,AW19,medium coat,0.0,0.011611311
5545,69,AW19,medium coat,0.0188679245283018,0.01737882
5545,95,AW19,medium coat,0.0,0.0067640496
5545,8,AW19,medium coat,0.0188679245283018,0.014753049
5545,104,AW19,medium coat,0.0,0.013223153
5381,88,AW19,long sleeve,0.0188679245283018,0.006092383
5381,3,AW19,long sleeve,0.0,0.0041692206
5529,15,AW19,culottes,0.0,0.009929666
5462,49,AW19,medium coat,0.0,0.009595831
4900,108,AW19,culottes,0.0,0.0020190799
4925,30,AW19,culottes,0.0188679245283018,0.01895532
5441,102,AW19,long dress,0.0,0.004227201
5441,125,AW19,long dress,0.0377358490566037,0.020339737
5467,7,AW19,sleeveless,0.0,0.002628249
5467,14,AW19,sleeveless,0.0,0.0072866376
5467,92,AW19,sleeveless,0.0188679245283018,0.016232457
5467,80,AW19,sleeveless,0.0,0.009663898
5467,9,AW19,sleeveless,0.0,0.0062848693
5467,117,AW19,sleeveless,0.0,0.0040835133
5467,106,AW19,sleeveless,0.0566037735849056,0.017994821
5441,21,AW19,long dress,0.0,0.0006634891
5467,72,AW19,sleeveless,0.0,0.0014195536
5467,21,AW19,sleeveless,0.0,0.0014438035
5467,125,AW19,sleeveless,0.0,0.0064661657
5467,29,AW19,sleeveless,0.0,0.0017597626
5340,108,AW19,culottes,0.0377358490566037,0.024700578
5495,96,AW19,solid color top,0.0,0.0022115735
5495,19,AW19,solid color top,0.0,0.004784241
5495,75,AW19,solid color top,0.0,0.003938753
5495,3,AW19,solid color top,0.0,0.005381223
5495,108,AW19,solid color top,0.0,0.0022972906
5467,103,AW19,sleeveless,0.0,0.0028850432
5495,93,AW19,solid color top,0.0,0.005000763
5441,100,AW19,long dress,0.0,0.0045731263
5441,103,AW19,long dress,0.0,0.0027871851
5463,0,AW19,sheath dress,0.0188679245283018,0.023026573
5463,8,AW19,sheath dress,0.0188679245283018,0.0050729406
5463,21,AW19,sheath dress,0.0,0.0024627144
5463,104,AW19,sheath dress,0.0,0.006580201
5464,22,AW19,sheath dress,0.0,0.00092771545
5464,83,AW19,sheath dress,0.0,0.0066116652
5464,85,AW19,sheath dress,0.0,0.005646667
5464,121,AW19,sheath dress,0.0188679245283018,0.0014291605
5464,35,AW19,sheath dress,0.0,0.0037515564
5441,63,AW19,long dress,0.0,0.0050802105
5464,36,AW19,sheath dress,0.0,0.0078588035
5441,7,AW19,long dress,0.0,0.0077259783
5441,75,AW19,long dress,0.0,0.009134118
5441,79,AW19,long dress,0.0,0.004370254
5441,39,AW19,long dress,0.0,0.003710139
5441,110,AW19,long dress,0.0,0.00751079
5441,22,AW19,long dress,0.0,0.0022370655
5441,51,AW19,long dress,0.0,0.0038466246
5441,1,AW19,long dress,0.0377358490566037,0.0065343394
5441,36,AW19,long dress,0.0,0.0018041575
5464,29,AW19,sheath dress,0.0,0.004016046
5495,76,AW19,solid color top,0.0566037735849056,0.009266581
5495,77,AW19,solid color top,0.0188679245283018,0.0235152
5495,83,AW19,solid color top,0.0,0.007376683
5549,5,AW19,short coat,0.0,0.0055079805
5549,28,AW19,short coat,0.0,0.008303068
5549,16,AW19,short coat,0.0,0.0037466672
5549,22,AW19,short coat,0.0,0.0037198856
5549,89,AW19,short coat,0.0,0.008722048
5549,87,AW19,short coat,0.0188679245283018,0.01992145
5549,68,AW19,short coat,0.0,0.0030775368
5549,1,AW19,short coat,0.0,0.0041026413
5549,42,AW19,short coat,0.0,0.0029258602
5549,108,AW19,short coat,0.0188679245283018,0.005515413
5549,83,AW19,short coat,0.0,0.0041189636
5549,36,AW19,short coat,0.0377358490566037,0.0070304554
5549,46,AW19,short coat,0.0,0.0029311127
5549,18,AW19,short coat,0.0,0.001871124
5549,95,AW19,short coat,0.0,0.0023103284
5549,64,AW19,short coat,0.0,0.004821299
5549,41,AW19,short coat,0.0,0.002282967
4979,102,AW19,culottes,0.0,0.005084414
5409,57,AW19,culottes,0.0,0.004794765
5409,64,AW19,culottes,0.0,0.005175814
5549,35,AW19,short coat,0.0188679245283018,0.023739984
5549,73,AW19,short coat,0.0,0.006644995
5549,80,AW19,short coat,0.0,0.007168636
5549,43,AW19,short coat,0.0,0.009156656
5495,81,AW19,solid color top,0.0188679245283018,0.005995266
5495,95,AW19,solid color top,0.0188679245283018,0.012100653
5495,104,AW19,solid color top,0.0377358490566037,0.018033564
4845,13,AW19,sleeveless,0.0,0.0025959422
5444,31,AW19,long sleeve,0.0,0.004869701
5444,93,AW19,long sleeve,0.0,0.00281538
5444,33,AW19,long sleeve,0.0,0.0065282043
5444,77,AW19,long sleeve,0.0,0.0035993815
5444,87,AW19,long sleeve,0.0188679245283018,0.0060675726
5444,85,AW19,long sleeve,0.0188679245283018,0.022467833
4980,83,AW19,long sleeve,0.0377358490566037,0.012872635
4980,41,AW19,long sleeve,0.0,0.0027519313
5549,30,AW19,short coat,0.0188679245283018,0.005766837
5549,12,AW19,short coat,0.0377358490566037,0.016820645
5549,10,AW19,short coat,0.0,0.006351228
5549,15,AW19,short coat,0.0,0.004801057
5549,31,AW19,short coat,0.0,0.006818167
5549,94,AW19,short coat,0.0,0.0027227914
5549,19,AW19,short coat,0.0,0.0024798594
5549,48,AW19,short coat,0.0,0.00856957
5549,86,AW19,short coat,0.0188679245283018,0.006872449
4925,108,AW19,culottes,0.0,0.0045791925
5462,51,AW19,medium coat,0.0,0.0029389733
5462,68,AW19,medium coat,0.0,0.0034748183
5462,83,AW19,medium coat,0.0188679245283018,0.0052411235
5447,73,AW19,solid color top,0.0,0.0031959093
5447,29,AW19,solid color top,0.0,0.00403108
5045,22,AW19,solid color top,0.0,0.003385131
5057,15,AW19,solid color top,0.0,0.010887863
5057,29,AW19,solid color top,0.0,0.0045398786
5449,103,AW19,medium coat,0.0,0.0035487774
5449,4,AW19,medium coat,0.0,0.01032689
4591,89,AW19,patterned top,0.0188679245283018,0.026833368
5492,49,AW19,solid color top,0.0188679245283018,0.0068122335
5447,75,AW19,solid color top,0.0,0.0041953227
5492,75,AW19,solid color top,0.0,0.005660466
5449,39,AW19,medium coat,0.0,0.011202052
5492,73,AW19,solid color top,0.0,0.0025481398
5449,94,AW19,medium coat,0.0188679245283018,0.0077625806
5451,23,AW19,medium coat,0.0,0.0030295185
5492,33,AW19,solid color top,0.0,0.0020585451
5451,50,AW19,medium coat,0.0188679245283018,0.017878087
5451,13,AW19,medium coat,0.0,0.010570289
5451,3,AW19,medium coat,0.0566037735849056,0.016003791
5451,9,AW19,medium coat,0.0,0.0067047286
5449,13,AW19,medium coat,0.0,0.0045011113
5492,83,AW19,solid color top,0.0188679245283018,0.008230717
5490,44,AW19,culottes,0.0,0.008372653
5490,108,AW19,culottes,0.0,0.0023224715
5542,14,AW19,kimono dress,0.0,0.0038445273
5542,56,AW19,kimono dress,0.0,0.0028102705
5542,51,AW19,kimono dress,0.0,0.007801526
5542,77,AW19,kimono dress,0.0,0.0028485495
5542,68,AW19,kimono dress,0.0,0.0068643102
5542,81,AW19,kimono dress,0.0,0.0032335036
5542,36,AW19,kimono dress,0.0,0.00455473
5542,95,AW19,kimono dress,0.0,0.0031364898
4985,87,AW19,doll dress,0.0,0.003994619
5490,77,AW19,culottes,0.0,0.0032285675
5542,0,AW19,kimono dress,0.0,0.001969751
5542,115,AW19,kimono dress,0.0188679245283018,0.0058205393
5542,64,AW19,kimono dress,0.0,0.004360535
5542,41,AW19,kimono dress,0.0,0.0038320425
4987,65,AW19,long dress,0.0188679245283018,0.020995708
4981,8,AW19,doll dress,0.0,0.0031465606
4985,108,AW19,doll dress,0.0188679245283018,0.021673145
5490,7,AW19,culottes,0.0,0.0041100397
5490,94,AW19,culottes,0.0,0.0019045649
5490,88,AW19,culottes,0.0,0.001966136
5542,8,AW19,kimono dress,0.0,0.0030386876
5451,15,AW19,medium coat,0.0,0.00759748
4950,4,AW19,medium coat,0.0,0.0057735154
5492,104,AW19,solid color top,0.0,0.0049630217
5459,74,AW19,culottes,0.0,0.010505611
4950,54,AW19,medium coat,0.0377358490566037,0.005136603
5459,81,AW19,culottes,0.0188679245283018,0.020228656
4733,19,AW19,drop sleeve,0.0,0.005150651
5459,90,AW19,culottes,0.0188679245283018,0.010683312
5454,2,AW19,culottes,0.0,0.010706279
5454,14,AW19,culottes,0.0,0.0016387234
5454,108,AW19,culottes,0.0,0.0012922423
5454,22,AW19,culottes,0.0,0.00440653
5459,13,AW19,culottes,0.0,0.0011395686
5454,83,AW19,culottes,0.0,0.0075563523
4839,74,AW19,culottes,0.0188679245283018,0.020581996
4758,74,AW19,culottes,0.0188679245283018,0.015785107
5468,54,AW19,culottes,0.0,0.0090601845
5468,10,AW19,culottes,0.0,0.0077583264
5468,108,AW19,culottes,0.0,0.037154045
5046,13,AW19,medium coat,0.0,0.01565018
5046,26,AW19,medium coat,0.0,0.006436982
5073,19,AW19,medium coat,0.0,0.014625756
5073,22,AW19,medium coat,0.0188679245283018,0.024623934
5454,41,AW19,culottes,0.0,0.005365684
4950,48,AW19,medium coat,0.0,0.0025066144
5459,99,AW19,culottes,0.0,0.0059573846
5459,66,AW19,culottes,0.0,0.0034367163
5505,91,AW19,sleeveless,0.0188679245283018,0.018568775
5505,105,AW19,sleeveless,0.0,0.004096132
5505,13,AW19,sleeveless,0.0,0.0031540021
5505,83,AW19,sleeveless,0.0188679245283018,0.0031731492
5505,40,AW19,sleeveless,0.0,0.00242226
5493,7,AW19,sleeveless,0.0,0.0017261403
5493,105,AW19,sleeveless,0.0,0.00386748
5493,80,AW19,sleeveless,0.0,0.0026792109
5493,3,AW19,sleeveless,0.0,0.004171328
5493,93,AW19,sleeveless,0.0,0.008537758
5493,76,AW19,sleeveless,0.0,0.0044151167
5408,90,AW19,long sleeve,0.0,0.010538098
5493,109,AW19,sleeveless,0.0,0.00523542
5493,83,AW19,sleeveless,0.0,0.0020588955
5408,23,AW19,long sleeve,0.0566037735849056,0.021872856
4950,101,AW19,medium coat,0.0,0.0032333042
4844,21,AW19,doll dress,0.0,0.0016874812
5060,65,AW19,culottes,0.0,0.0042355466
5459,96,AW19,culottes,0.0188679245283018,0.008224533
5459,15,AW19,culottes,0.0,0.003470093
4950,108,AW19,medium coat,0.0,0.004551121
5542,65,AW19,kimono dress,0.0,0.0019375809
5542,31,AW19,kimono dress,0.0,0.0031312353
5542,15,AW19,kimono dress,0.0,0.006359813
5542,12,AW19,kimono dress,0.0,0.004509184
5524,7,AW19,sleeveless,0.0,0.0030639288
5524,108,AW19,sleeveless,0.0,0.0057053273
5524,35,AW19,sleeveless,0.0,0.0045165266
5482,12,AW19,sleeveless,0.0,0.00581214
5482,10,AW19,sleeveless,0.0188679245283018,0.0060957028
5482,105,AW19,sleeveless,0.0188679245283018,0.0070012757
5482,19,AW19,sleeveless,0.0188679245283018,0.00742364
5482,108,AW19,sleeveless,0.0,0.00043872208
5482,56,AW19,sleeveless,0.0188679245283018,0.023098703
5524,10,AW19,sleeveless,0.0,0.011402004
5482,13,AW19,sleeveless,0.0,0.008189523
5482,26,AW19,sleeveless,0.0188679245283018,0.023479428
5523,19,AW19,sleeveless,0.0188679245283018,0.021082547
5523,43,AW19,sleeveless,0.0,0.0053903107
5523,89,AW19,sleeveless,0.0566037735849056,0.019579848
5523,1,AW19,sleeveless,0.0188679245283018,0.006744589
5523,53,AW19,sleeveless,0.0,0.004361634
5523,40,AW19,sleeveless,0.0,0.005983873
5334,50,AW19,long sleeve,0.0,0.0033893536
5334,87,AW19,long sleeve,0.0188679245283018,0.01066021
5482,53,AW19,sleeveless,0.0188679245283018,0.008805418
5524,12,AW19,sleeveless,0.0,0.018026048
5419,47,AW19,sleeveless,0.0,0.013464012
5419,87,AW19,sleeveless,0.0188679245283018,0.0072398707
5462,85,AW19,medium coat,0.0188679245283018,0.007282703
5462,121,AW19,medium coat,0.0,0.0031999724
5471,94,AW19,medium coat,0.0,0.0023697698
5471,80,AW19,medium coat,0.0,0.0047526546
5471,108,AW19,medium coat,0.0,0.007037286
5471,5,AW19,medium coat,0.0,0.0054074386
5471,22,AW19,medium coat,0.0,0.006354942
5471,101,AW19,medium coat,0.0,0.008605564
5471,26,AW19,medium coat,0.0377358490566037,0.01844066
5471,103,AW19,medium coat,0.0188679245283018,0.01759822
5471,8,AW19,medium coat,0.0,0.003418997
5471,115,AW19,medium coat,0.0,0.0034664639
5471,125,AW19,medium coat,0.0,0.0041590016
5462,26,AW19,medium coat,0.0,0.003048625
5462,90,AW19,medium coat,0.0,0.015046194
5462,57,AW19,medium coat,0.0,0.0021263256
5450,54,AW19,medium coat,0.0,0.0029593934
5450,108,AW19,medium coat,0.0,0.005914617
5450,76,AW19,medium coat,0.0188679245283018,0.0071367077
5419,10,AW19,sleeveless,0.0188679245283018,0.020114325
5419,108,AW19,sleeveless,0.0,0.01285387
5334,8,AW19,long sleeve,0.0,0.004288226
5335,88,AW19,shirt dress,0.0,0.0033865867
5334,23,AW19,long sleeve,0.0377358490566037,0.0035487944
5548,12,AW19,kimono dress,0.0,0.005825269
5541,48,AW19,kimono dress,0.0,0.008706194
5541,14,AW19,kimono dress,0.0,0.0037034408
5541,43,AW19,kimono dress,0.0,0.0057929615
5541,73,AW19,kimono dress,0.0188679245283018,0.0047628772
5541,3,AW19,kimono dress,0.0,0.004710149
5541,108,AW19,kimono dress,0.0,0.001432455
5541,99,AW19,kimono dress,0.0,0.010022549
5541,16,AW19,kimono dress,0.0,0.004789133
5541,22,AW19,kimono dress,0.0,0.005559312
5541,19,AW19,kimono dress,0.0,0.0037053474
5541,51,AW19,kimono dress,0.0,0.002875711
5541,82,AW19,kimono dress,0.0,0.0054111043
5541,26,AW19,kimono dress,0.0,0.0027426388
5541,46,AW19,kimono dress,0.0,0.0035853768
5541,18,AW19,kimono dress,0.0,0.008708947
5541,0,AW19,kimono dress,0.0,0.009878544
5541,4,AW19,kimono dress,0.0,0.0060393154
5541,8,AW19,kimono dress,0.0,0.0017898829
5541,41,AW19,kimono dress,0.0188679245283018,0.0051911594
5542,2,AW19,kimono dress,0.0,0.008455839
5541,42,AW19,kimono dress,0.0377358490566037,0.020837333
5541,31,AW19,kimono dress,0.0,0.0018164191
5541,15,AW19,kimono dress,0.0188679245283018,0.020582264
5541,7,AW19,kimono dress,0.0,0.00443951
5548,7,AW19,kimono dress,0.0188679245283018,0.009112587
5548,15,AW19,kimono dress,0.0,0.0030785454
5548,31,AW19,kimono dress,0.0,0.0064267903
5548,94,AW19,kimono dress,0.0,0.0042760335
5548,14,AW19,kimono dress,0.0,0.0032870157
5548,3,AW19,kimono dress,0.0566037735849056,0.019449897
5548,108,AW19,kimono dress,0.0,0.005447237
5548,28,AW19,kimono dress,0.0,0.0028369518
5548,13,AW19,kimono dress,0.0,0.005685012
5548,93,AW19,kimono dress,0.0188679245283018,0.019268613
5548,33,AW19,kimono dress,0.0,0.0024933096
5548,24,AW19,kimono dress,0.0,0.003372195
5548,20,AW19,kimono dress,0.0,0.0045920867
5548,67,AW19,kimono dress,0.0,0.0038916806
5548,36,AW19,kimono dress,0.0,0.0053059254
5548,26,AW19,kimono dress,0.0,0.0039105783
5548,18,AW19,kimono dress,0.0,0.004176215
5548,95,AW19,kimono dress,0.0,0.0031393387
5548,104,AW19,kimono dress,0.0377358490566037,0.024887735
5541,30,AW19,kimono dress,0.0,0.0030124001
5541,12,AW19,kimono dress,0.0188679245283018,0.025331525
5548,2,AW19,kimono dress,0.0,0.0068873377
5463,35,AW19,sheath dress,0.0,0.002494999
5463,69,AW19,sheath dress,0.0,0.0046894345
5463,32,AW19,sheath dress,0.0188679245283018,0.018353967
5532,85,AW19,kimono dress,0.0,0.011170011
5532,72,AW19,kimono dress,0.0,0.0071650236
5532,83,AW19,kimono dress,0.0,0.0054415395
5532,106,AW19,kimono dress,0.0377358490566037,0.033017606
5532,61,AW19,kimono dress,0.0188679245283018,0.025912132
5532,101,AW19,kimono dress,0.0,0.0063790753
5532,20,AW19,kimono dress,0.0,0.015810763
5532,1,AW19,kimono dress,0.0377358490566037,0.026536679
5532,68,AW19,kimono dress,0.0,0.007154459
5532,40,AW19,kimono dress,0.0,0.016588742
5532,77,AW19,kimono dress,0.0,0.014575606
5532,76,AW19,kimono dress,0.0,0.005455109
5532,24,AW19,kimono dress,0.0188679245283018,0.014118742
5532,45,AW19,kimono dress,0.0,0.014519479
5532,52,AW19,kimono dress,0.0,0.015740234
5532,22,AW19,kimono dress,0.0377358490566037,0.017981244
5532,93,AW19,kimono dress,0.0,0.012751481
5532,13,AW19,kimono dress,0.0,0.013639571
5532,16,AW19,kimono dress,0.0,0.013854452
5532,99,AW19,kimono dress,0.0,0.0038211579
5532,51,AW19,kimono dress,0.0,0.010873172
5532,108,AW19,kimono dress,0.0,0.025722004
5532,35,AW19,kimono dress,0.0,0.010081603
5532,36,AW19,kimono dress,0.0,0.004936941
5533,15,AW19,kimono dress,0.0377358490566037,0.006487765
5533,7,AW19,kimono dress,0.0,0.007358571
5533,10,AW19,kimono dress,0.0,0.010207455
5533,12,AW19,kimono dress,0.0188679245283018,0.049848437
5533,2,AW19,kimono dress,0.0,0.043356303
5533,62,AW19,kimono dress,0.0,0.005203014
5533,30,AW19,kimono dress,0.0,0.0076018767
5533,96,AW19,kimono dress,0.0,0.0061572553
5532,41,AW19,kimono dress,0.0,0.010216071
5532,81,AW19,kimono dress,0.0,0.006696286
5532,64,AW19,kimono dress,0.0754716981132075,0.021125399
5532,125,AW19,kimono dress,0.0,0.009647916
5532,115,AW19,kimono dress,0.0943396226415094,0.014941027
5532,102,AW19,kimono dress,0.0377358490566037,0.025318258
5532,63,AW19,kimono dress,0.0,0.011810856
5532,59,AW19,kimono dress,0.0,0.007206611
5532,4,AW19,kimono dress,0.0188679245283018,0.010770935
5532,95,AW19,kimono dress,0.0,0.00455401
5532,18,AW19,kimono dress,0.0,0.005973168
5532,46,AW19,kimono dress,0.0,0.0055265524
5532,29,AW19,kimono dress,0.0,0.010369834
5532,3,AW19,kimono dress,0.0,0.021515694
5532,110,AW19,kimono dress,0.0,0.015959969
5532,9,AW19,kimono dress,0.0,0.0038814812
5489,49,AW19,long sleeve,0.0,0.0037919632
5350,31,AW19,solid color top,0.0,0.0038122907
5350,46,AW19,solid color top,0.0,0.0060180724
5461,108,AW19,long coat,0.0,0.020843241
5461,63,AW19,long coat,0.0,0.0045709973
5043,108,AW19,short sleeves,0.0,0.0038801606
4613,105,AW19,short sleeves,0.0188679245283018,0.007960967
4593,51,AW19,sleeveless,0.0377358490566037,0.0050580394
4593,82,AW19,sleeveless,0.0377358490566037,0.015006156
5489,94,AW19,long sleeve,0.0,0.003852783
5458,30,AW19,sleeveless,0.0,0.0061016004
5458,65,AW19,sleeveless,0.0,0.0019177127
5458,14,AW19,sleeveless,0.0,0.0015172923
5458,3,AW19,sleeveless,0.0,0.0045850496
5458,89,AW19,sleeveless,0.0188679245283018,0.00521685
5458,69,AW19,sleeveless,0.0,0.006464357
5458,81,AW19,sleeveless,0.0,0.0012527881
5458,36,AW19,sleeveless,0.0,0.004160253
5458,100,AW19,sleeveless,0.0,0.007016096
5457,41,AW19,long duster,0.0566037735849056,0.015814256
5458,10,AW19,sleeveless,0.0,0.0035773423
5489,84,AW19,long sleeve,0.0,0.002545267
5489,4,AW19,long sleeve,0.0,0.003273421
5489,41,AW19,long sleeve,0.0,0.0038675435
5532,80,AW19,kimono dress,0.0,0.01832077
5532,39,AW19,kimono dress,0.0,0.014949808
5532,86,AW19,kimono dress,0.0,0.0073398203
5532,14,AW19,kimono dress,0.0,0.005648988
5532,60,AW19,kimono dress,0.0,0.008784279
5532,75,AW19,kimono dress,0.0,0.0051291753
5532,19,AW19,kimono dress,0.0,0.0114343045
5532,105,AW19,kimono dress,0.0188679245283018,0.010066629
5532,94,AW19,kimono dress,0.0,0.009669587
5532,65,AW19,kimono dress,0.0,0.0115826465
5532,31,AW19,kimono dress,0.0,0.006725086
5532,91,AW19,kimono dress,0.0188679245283018,0.0060775816
5532,15,AW19,kimono dress,0.0,0.007220679
5532,7,AW19,kimono dress,0.0,0.007222605
5532,10,AW19,kimono dress,0.0377358490566037,0.014617634
5532,12,AW19,kimono dress,0.0,0.02348727
5532,2,AW19,kimono dress,0.0,0.057585884
5532,62,AW19,kimono dress,0.0188679245283018,0.007454833
5532,54,AW19,kimono dress,0.0,0.008222505
5532,30,AW19,kimono dress,0.0,0.011473395
5532,96,AW19,kimono dress,0.0,0.007188972
5533,31,AW19,kimono dress,0.0,0.011037978
5533,65,AW19,kimono dress,0.0,0.017264389
5533,94,AW19,kimono dress,0.0,0.012374152
5533,105,AW19,kimono dress,0.0188679245283018,0.009379937
5535,39,AW19,kimono dress,0.0,0.013661078
5535,43,AW19,kimono dress,0.0,0.019435257
5535,86,AW19,kimono dress,0.0,0.010180731
5535,79,AW19,kimono dress,0.0,0.006143475
5535,14,AW19,kimono dress,0.0,0.005347707
5535,75,AW19,kimono dress,0.0,0.00528517
5535,19,AW19,kimono dress,0.0,0.010215891
5535,105,AW19,kimono dress,0.0,0.013770564
5535,94,AW19,kimono dress,0.0,0.013917999
5535,80,AW19,kimono dress,0.0,0.015231667
5535,65,AW19,kimono dress,0.0,0.0094417175
5535,91,AW19,kimono dress,0.0,0.014292762
5535,15,AW19,kimono dress,0.0,0.017964257
5535,7,AW19,kimono dress,0.0,0.0070467126
5535,49,AW19,kimono dress,0.0,0.011392028
5535,10,AW19,kimono dress,0.0,0.006482576
5535,12,AW19,kimono dress,0.0,0.043360963
5535,2,AW19,kimono dress,0.0,0.021138964
5535,30,AW19,kimono dress,0.0,0.03760431
5535,96,AW19,kimono dress,0.0,0.011657674
5535,31,AW19,kimono dress,0.0,0.026475955
5535,9,AW19,kimono dress,0.0188679245283018,0.017944984
5535,110,AW19,kimono dress,0.0,0.021708023
5535,3,AW19,kimono dress,0.0,0.01436521
4960,44,AW19,culottes,0.0377358490566037,0.021527974
4928,13,AW19,medium coat,0.0188679245283018,0.008410292
5395,102,AW19,doll dress,0.0,0.0065389937
5535,20,AW19,kimono dress,0.0,0.011948927
5535,1,AW19,kimono dress,0.0,0.014642735
5535,68,AW19,kimono dress,0.0,0.0052717496
5535,77,AW19,kimono dress,0.0,0.007324515
5535,51,AW19,kimono dress,0.0,0.013027613
5535,89,AW19,kimono dress,0.0566037735849056,0.039766584
5535,76,AW19,kimono dress,0.0,0.0133643355
5535,24,AW19,kimono dress,0.0188679245283018,0.019777393
5535,45,AW19,kimono dress,0.0,0.00454597
5535,52,AW19,kimono dress,0.0,0.0067229285
5535,22,AW19,kimono dress,0.0377358490566037,0.020200819
5535,33,AW19,kimono dress,0.0,0.0145264305
5535,93,AW19,kimono dress,0.0,0.00285996
5535,13,AW19,kimono dress,0.0,0.008691822
5535,16,AW19,kimono dress,0.0,0.013078808
5535,28,AW19,kimono dress,0.0,0.006331284
5535,99,AW19,kimono dress,0.0,0.011942146
5535,108,AW19,kimono dress,0.0,0.015489644
5533,41,AW19,kimono dress,0.0,0.041880243
5457,95,AW19,long duster,0.0188679245283018,0.026887784
5533,29,AW19,kimono dress,0.0,0.008485126
5533,125,AW19,kimono dress,0.0,0.0054444443
5533,24,AW19,kimono dress,0.0,0.01722727
5533,45,AW19,kimono dress,0.0,0.0075429357
5533,52,AW19,kimono dress,0.0,0.009723541
5533,22,AW19,kimono dress,0.0377358490566037,0.031905286
5533,33,AW19,kimono dress,0.0,0.0068263635
5533,93,AW19,kimono dress,0.0,0.012173152
5533,13,AW19,kimono dress,0.0,0.0055121984
5533,16,AW19,kimono dress,0.0,0.006448351
5533,28,AW19,kimono dress,0.0,0.011394843
5533,76,AW19,kimono dress,0.0,0.006951419
5533,99,AW19,kimono dress,0.0,0.010931599
5533,3,AW19,kimono dress,0.0188679245283018,0.023983536
5533,9,AW19,kimono dress,0.0,0.0078109154
5533,80,AW19,kimono dress,0.0,0.008221395
5533,39,AW19,kimono dress,0.0,0.014765535
5533,43,AW19,kimono dress,0.0,0.009291957
5533,79,AW19,kimono dress,0.0,0.0066238786
5533,14,AW19,kimono dress,0.0,0.015700364
5533,75,AW19,kimono dress,0.0,0.0021515607
5533,19,AW19,kimono dress,0.0,0.01733836
5533,108,AW19,kimono dress,0.0,0.00752547
5533,89,AW19,kimono dress,0.0,0.026464224
5533,51,AW19,kimono dress,0.0,0.0106827365
5533,77,AW19,kimono dress,0.0,0.0052389214
5533,115,AW19,kimono dress,0.0,0.012025855
5533,57,AW19,kimono dress,0.0,0.009538976
5533,63,AW19,kimono dress,0.0,0.0045594224
5533,59,AW19,kimono dress,0.0,0.0051052966
5533,95,AW19,kimono dress,0.0,0.0060420875
5533,18,AW19,kimono dress,0.0,0.010477276
5533,46,AW19,kimono dress,0.0,0.0071847327
5533,36,AW19,kimono dress,0.0,0.009944738
5533,81,AW19,kimono dress,0.0188679245283018,0.0067281094
5533,35,AW19,kimono dress,0.0,0.0043704323
5533,69,AW19,kimono dress,0.0,0.01211154
5533,40,AW19,kimono dress,0.0,0.011873888
5533,53,AW19,kimono dress,0.0,0.0151552
5533,85,AW19,kimono dress,0.0,0.0075432016
5533,72,AW19,kimono dress,0.0,0.007088617
5533,83,AW19,kimono dress,0.0,0.009525275
5533,106,AW19,kimono dress,0.0188679245283018,0.010402669
5533,61,AW19,kimono dress,0.0188679245283018,0.011222619
5533,1,AW19,kimono dress,0.0188679245283018,0.007065001
5533,68,AW19,kimono dress,0.0,0.006111764
5533,87,AW19,kimono dress,0.0,0.0068836194
5533,104,AW19,kimono dress,0.0,0.0076627037
4697,87,AW19,short cardigan,0.0,0.006594036
5440,108,AW19,sleeveless,0.0,0.0067979093
5457,3,AW19,long duster,0.0,0.0037385395
5538,102,AW19,kimono dress,0.0188679245283018,0.0055099293
5538,21,AW19,kimono dress,0.0,0.007760367
5538,4,AW19,kimono dress,0.0,0.009974693
5538,18,AW19,kimono dress,0.0,0.012348229
5538,46,AW19,kimono dress,0.0,0.013692977
5538,36,AW19,kimono dress,0.0,0.04764394
5538,81,AW19,kimono dress,0.0,0.013289463
5538,35,AW19,kimono dress,0.0,0.01160887
5538,69,AW19,kimono dress,0.0,0.017580621
5538,115,AW19,kimono dress,0.0,0.01075888
5538,40,AW19,kimono dress,0.0,0.015318188
5538,67,AW19,kimono dress,0.0,0.04958444
5538,85,AW19,kimono dress,0.0,0.013446887
5538,72,AW19,kimono dress,0.0188679245283018,0.021619204
5538,83,AW19,kimono dress,0.0,0.0070535224
5538,101,AW19,kimono dress,0.0,0.0057392293
5538,42,AW19,kimono dress,0.0,0.005705711
5538,20,AW19,kimono dress,0.0,0.0142461555
5538,1,AW19,kimono dress,0.0,0.0070354566
5538,68,AW19,kimono dress,0.0,0.010411405
5538,53,AW19,kimono dress,0.0,0.014740799
5538,87,AW19,kimono dress,0.0,0.034690626
5538,104,AW19,kimono dress,0.0,0.011730213
5538,64,AW19,kimono dress,0.0,0.0071365316
5544,80,AW19,kimono dress,0.0,0.05055191
5544,86,AW19,kimono dress,0.0,0.0093118735
5544,79,AW19,kimono dress,0.0377358490566037,0.028867105
5544,14,AW19,kimono dress,0.0,0.039440412
5544,60,AW19,kimono dress,0.0,0.0067209913
5544,75,AW19,kimono dress,0.0,0.009676251
5544,19,AW19,kimono dress,0.0,0.016245626
5544,105,AW19,kimono dress,0.0943396226415094,0.022859173
5544,94,AW19,kimono dress,0.0,0.048375156
5538,29,AW19,kimono dress,0.0377358490566037,0.042501405
5544,65,AW19,kimono dress,0.0188679245283018,0.033898927
5544,91,AW19,kimono dress,0.0188679245283018,0.01718871
5544,15,AW19,kimono dress,0.0,0.034837853
5544,7,AW19,kimono dress,0.0,0.008786134
5544,49,AW19,kimono dress,0.0,0.009373144
5544,10,AW19,kimono dress,0.0,0.017001871
5544,12,AW19,kimono dress,0.0,0.049040798
5544,62,AW19,kimono dress,0.0188679245283018,0.06499774
5544,30,AW19,kimono dress,0.0,0.018223139
5544,96,AW19,kimono dress,0.0188679245283018,0.053083118
5544,31,AW19,kimono dress,0.0,0.009650252
5538,77,AW19,kimono dress,0.0,0.020382397
5538,51,AW19,kimono dress,0.0566037735849056,0.024984447
5538,89,AW19,kimono dress,0.0,0.014453563
5538,91,AW19,kimono dress,0.0,0.0050751744
5538,15,AW19,kimono dress,0.0,0.021818822
5538,7,AW19,kimono dress,0.0,0.0368539
5538,49,AW19,kimono dress,0.0,0.009945457
5538,10,AW19,kimono dress,0.0188679245283018,0.05863857
5538,12,AW19,kimono dress,0.0,0.061123364
5538,2,AW19,kimono dress,0.0,0.017350715
5538,62,AW19,kimono dress,0.0,0.010722403
5538,54,AW19,kimono dress,0.0,0.0087803025
5538,31,AW19,kimono dress,0.0,0.018687474
5538,30,AW19,kimono dress,0.0,0.021780698
4860,29,AW19,sleeveless,0.0,0.0056627654
5440,40,AW19,sleeveless,0.0,0.003913624
4860,96,AW19,sleeveless,0.0188679245283018,0.025308928
5439,3,AW19,solid color top,0.0,0.0058699124
5463,65,AW19,sheath dress,0.0754716981132075,0.024649333
5463,14,AW19,sheath dress,0.0,0.0059455684
5463,56,AW19,sheath dress,0.0,0.0065544625
5463,93,AW19,sheath dress,0.0,0.0023087193
5463,85,AW19,sheath dress,0.0,0.0076262937
5538,96,AW19,kimono dress,0.0,0.02722432
5538,65,AW19,kimono dress,0.0377358490566037,0.025817797
5538,94,AW19,kimono dress,0.0,0.015700495
5538,105,AW19,kimono dress,0.0188679245283018,0.021151077
5538,76,AW19,kimono dress,0.0,0.00749656
5538,24,AW19,kimono dress,0.0,0.012036267
5538,45,AW19,kimono dress,0.0188679245283018,0.015374003
5538,52,AW19,kimono dress,0.0,0.0048748157
5538,22,AW19,kimono dress,0.0,0.031465802
5538,33,AW19,kimono dress,0.0,0.036295544
5538,93,AW19,kimono dress,0.0,0.008681938
5538,13,AW19,kimono dress,0.0,0.013573675
5538,16,AW19,kimono dress,0.0188679245283018,0.064068206
5538,99,AW19,kimono dress,0.0,0.027530279
5538,108,AW19,kimono dress,0.0188679245283018,0.044845738
5538,3,AW19,kimono dress,0.0,0.013612649
5538,9,AW19,kimono dress,0.0,0.029929103
5538,80,AW19,kimono dress,0.0188679245283018,0.07672497
5538,39,AW19,kimono dress,0.0,0.010992534
5538,43,AW19,kimono dress,0.0,0.02225693
5538,86,AW19,kimono dress,0.0,0.0050429823
5538,79,AW19,kimono dress,0.0188679245283018,0.007676098
5538,14,AW19,kimono dress,0.0377358490566037,0.053699024
5538,75,AW19,kimono dress,0.0188679245283018,0.036018815
5538,19,AW19,kimono dress,0.0,0.009153198
5544,9,AW19,kimono dress,0.0,0.018729236
5544,6,AW19,kimono dress,0.0,0.013314638
5544,3,AW19,kimono dress,0.0,0.031473294
5544,108,AW19,kimono dress,0.0,0.015791329
5547,68,AW19,kimono dress,0.0,0.008045838
5547,87,AW19,kimono dress,0.0,0.004966714
5547,77,AW19,kimono dress,0.0,0.015468558
5547,51,AW19,kimono dress,0.0,0.00786326
5547,89,AW19,kimono dress,0.0,0.0059188744
5547,76,AW19,kimono dress,0.0,0.0044276365
5547,22,AW19,kimono dress,0.0,0.014009291
5547,33,AW19,kimono dress,0.0,0.021653926
5547,93,AW19,kimono dress,0.0,0.0038387026
5547,1,AW19,kimono dress,0.0377358490566037,0.020787114
5547,50,AW19,kimono dress,0.0188679245283018,0.0059771216
5547,16,AW19,kimono dress,0.0,0.008825522
5547,28,AW19,kimono dress,0.0,0.005904354
5547,108,AW19,kimono dress,0.0,0.00948026
5547,9,AW19,kimono dress,0.0,0.008323495
5547,80,AW19,kimono dress,0.0,0.025725802
5547,43,AW19,kimono dress,0.0,0.0041755717
5547,86,AW19,kimono dress,0.0,0.005596707
5547,14,AW19,kimono dress,0.0,0.006411617
5547,19,AW19,kimono dress,0.0,0.009780174
5547,13,AW19,kimono dress,0.0,0.006676572
5547,20,AW19,kimono dress,0.0,0.006090512
5547,106,AW19,kimono dress,0.0,0.004141482
5547,83,AW19,kimono dress,0.0,0.003878071
5440,93,AW19,sleeveless,0.0,0.005931355
5440,76,AW19,sleeveless,0.0,0.005073216
5457,7,AW19,long duster,0.0188679245283018,0.024105456
5469,46,AW19,long duster,0.0,0.010401817
5440,101,AW19,sleeveless,0.0,0.0049869106
5469,30,AW19,long duster,0.0,0.011847823
5547,41,AW19,kimono dress,0.0,0.010365586
5547,29,AW19,kimono dress,0.0,0.0091389455
5547,104,AW19,kimono dress,0.0,0.003783922
5547,44,AW19,kimono dress,0.0,0.0053755366
5547,102,AW19,kimono dress,0.0,0.0055511403
5547,21,AW19,kimono dress,0.0,0.0046448233
5547,95,AW19,kimono dress,0.0,0.003931287
5547,46,AW19,kimono dress,0.0,0.009729171
5547,36,AW19,kimono dress,0.0,0.013684248
5547,81,AW19,kimono dress,0.0,0.00818771
5547,35,AW19,kimono dress,0.0,0.0148254065
5547,69,AW19,kimono dress,0.0,0.0043691015
5547,40,AW19,kimono dress,0.0,0.012449533
5547,67,AW19,kimono dress,0.0,0.0127656385
5547,85,AW19,kimono dress,0.0,0.011645877
5547,94,AW19,kimono dress,0.0,0.01155625
5457,89,AW19,long duster,0.0,0.005139001
5547,65,AW19,kimono dress,0.0,0.0076211933
5547,7,AW19,kimono dress,0.0,0.010505063
5544,85,AW19,kimono dress,0.0,0.015058334
5544,72,AW19,kimono dress,0.0,0.012437687
5544,83,AW19,kimono dress,0.0,0.008380073
5544,106,AW19,kimono dress,0.0,0.012063928
5544,61,AW19,kimono dress,0.0188679245283018,0.00778555
5544,101,AW19,kimono dress,0.0,0.0056746663
5544,20,AW19,kimono dress,0.0,0.011689828
5544,68,AW19,kimono dress,0.0,0.012692914
5544,77,AW19,kimono dress,0.0,0.039177872
5544,67,AW19,kimono dress,0.0377358490566037,0.041762054
5544,89,AW19,kimono dress,0.0,0.016611839
5544,24,AW19,kimono dress,0.0,0.01851355
5544,45,AW19,kimono dress,0.0188679245283018,0.03566928
5544,52,AW19,kimono dress,0.0377358490566037,0.021594753
5544,22,AW19,kimono dress,0.0188679245283018,0.02611661
5544,33,AW19,kimono dress,0.0,0.018799754
5544,93,AW19,kimono dress,0.0,0.020259555
5544,13,AW19,kimono dress,0.0,0.009759899
5544,16,AW19,kimono dress,0.0,0.015659582
5544,99,AW19,kimono dress,0.0,0.02643739
5544,76,AW19,kimono dress,0.0,0.014483505
5544,53,AW19,kimono dress,0.0,0.019597854
5544,40,AW19,kimono dress,0.0,0.02704864
5544,69,AW19,kimono dress,0.0,0.008224898
5547,10,AW19,kimono dress,0.0,0.007737426
5547,2,AW19,kimono dress,0.0,0.018995205
5547,62,AW19,kimono dress,0.0,0.003802747
5547,30,AW19,kimono dress,0.0,0.016710952
5547,96,AW19,kimono dress,0.0,0.014733982
5544,41,AW19,kimono dress,0.0,0.01478701
5544,64,AW19,kimono dress,0.0754716981132075,0.0080185495
5544,29,AW19,kimono dress,0.0,0.0142465625
5544,104,AW19,kimono dress,0.0,0.015881767
5544,125,AW19,kimono dress,0.0,0.010133003
5544,115,AW19,kimono dress,0.0188679245283018,0.020956218
5544,57,AW19,kimono dress,0.0,0.011086736
5544,44,AW19,kimono dress,0.0,0.007686518
5544,63,AW19,kimono dress,0.0,0.006807825
5544,59,AW19,kimono dress,0.0,0.012265862
5544,95,AW19,kimono dress,0.0,0.0038306944
5544,18,AW19,kimono dress,0.0,0.012374652
5544,46,AW19,kimono dress,0.0,0.019169934
5544,36,AW19,kimono dress,0.0,0.034361947
5544,81,AW19,kimono dress,0.0188679245283018,0.031052705
5544,35,AW19,kimono dress,0.0,0.014484518
5547,91,AW19,kimono dress,0.0,0.0061343764
5500,43,AW19,culottes,0.0,0.0035963973
5521,108,AW19,long coat,0.0,0.006675853
5452,45,AW19,long coat,0.0,0.0038897635
5382,10,AW19,long sleeve,0.0,0.0017424177
5382,15,AW19,long sleeve,0.0,0.0030704627
5037,125,AW19,solid color top,0.0188679245283018,0.0029971146
5382,22,AW19,long sleeve,0.0,0.0015505588
5382,83,AW19,long sleeve,0.0188679245283018,0.009678688
4930,95,AW19,solid color top,0.0,0.004068439
5382,46,AW19,long sleeve,0.0377358490566037,0.025014222
5382,0,AW19,long sleeve,0.0188679245283018,0.022650547
5416,14,AW19,long sleeve,0.0,0.0082570445
5358,14,AW19,long sleeve,0.0,0.0036686503
4908,88,AW19,solid color top,0.0,0.018632194
5358,64,AW19,long sleeve,0.0,0.0051721106
5358,41,AW19,long sleeve,0.0377358490566037,0.020515028
5374,108,AW19,long sleeve,0.0,0.0032289254
5422,59,AW19,long sleeve,0.0,0.004002625
5374,29,AW19,long sleeve,0.0,0.0037625595
5487,87,AW19,long sleeve,0.0,0.005217414
4946,6,AW19,short sleeves,0.0,0.0031138211
5345,95,AW19,long sleeve,0.0188679245283018,0.0060001495
5507,30,AW19,long sleeve,0.0,0.0051171575
5507,12,AW19,long sleeve,0.0,0.005926529
5507,10,AW19,long sleeve,0.0,0.0063370164
5507,15,AW19,long sleeve,0.0377358490566037,0.0053118975
5507,43,AW19,long sleeve,0.0188679245283018,0.013870384
5507,108,AW19,long sleeve,0.0,0.0137054045
5507,13,AW19,long sleeve,0.0,0.007158715
5507,77,AW19,long sleeve,0.0,0.010588679
5507,121,AW19,long sleeve,0.0,0.0025936344
5477,15,AW19,long sleeve,0.0,0.01732021
5477,43,AW19,long sleeve,0.0377358490566037,0.022522362
4908,87,AW19,solid color top,0.0188679245283018,0.018187834
5422,42,AW19,long sleeve,0.0,0.0027832927
5422,47,AW19,long sleeve,0.0,0.003166027
5422,5,AW19,long sleeve,0.0188679245283018,0.007919638
5491,54,AW19,short cardigan,0.0,0.003423966
4605,11,AW19,doll dress,0.0377358490566037,0.02269058
4562,105,AW19,trapeze dress,0.0,0.0034422383
4628,103,AW19,sleeveless,0.0377358490566037,0.015299366
5491,105,AW19,short cardigan,0.0,0.003668379
5491,19,AW19,short cardigan,0.0,0.008631153
4988,19,AW19,medium coat,0.0377358490566037,0.0036137823
5491,48,AW19,short cardigan,0.0,0.007573436
5491,73,AW19,short cardigan,0.0,0.0037050303
5491,3,AW19,short cardigan,0.0,0.0024951356
5491,5,AW19,short cardigan,0.0,0.0028785479
5491,52,AW19,short cardigan,0.0,0.0049127005
5491,51,AW19,short cardigan,0.0,0.008938368
5491,68,AW19,short cardigan,0.0,0.0041009425
5491,1,AW19,short cardigan,0.0,0.006068601
5491,38,AW19,short cardigan,0.0,0.00600756
5491,121,AW19,short cardigan,0.0,0.0017806222
5005,1,AW19,short sleeves,0.0,0.007636064
5478,8,AW19,short cardigan,0.0,0.006555187
5478,85,AW19,short cardigan,0.0,0.0030508183
5478,61,AW19,short cardigan,0.0,0.0030647155
5478,73,AW19,short cardigan,0.0,0.0061141094
5478,39,AW19,short cardigan,0.0,0.0029193724
5477,121,AW19,long sleeve,0.0,0.0110796895
5478,75,AW19,short cardigan,0.0,0.0018181968
5491,4,AW19,short cardigan,0.0,0.0056840023
5491,18,AW19,short cardigan,0.0,0.0056050634
5491,26,AW19,short cardigan,0.0,0.0039471523
5491,81,AW19,short cardigan,0.0,0.006592135
5491,53,AW19,short cardigan,0.0,0.005580453
5491,32,AW19,short cardigan,0.0,0.01168673
5491,8,AW19,short cardigan,0.0188679245283018,0.0044890307
5336,32,AW19,long sleeve,0.0,0.0030325183
5512,12,AW19,long sleeve,0.0,0.005322507
5512,75,AW19,long sleeve,0.0,0.009285669
5485,7,AW19,short sleeves,0.0,0.0037732115
5485,80,AW19,short sleeves,0.0,0.012706357
5485,9,AW19,short sleeves,0.0188679245283018,0.018346664
5485,3,AW19,short sleeves,0.0,0.013595908
5485,108,AW19,short sleeves,0.0,0.0017434352
5485,5,AW19,short sleeves,0.0377358490566037,0.0075909565
5485,13,AW19,short sleeves,0.0,0.01607722
5485,89,AW19,short sleeves,0.0,0.011062742
5485,51,AW19,short sleeves,0.0188679245283018,0.014282405
5485,1,AW19,short sleeves,0.0,0.005177057
5485,20,AW19,short sleeves,0.0,0.01267574
5344,108,AW19,doll dress,0.0188679245283018,0.013531934
5485,82,AW19,short sleeves,0.0,0.008523357
5485,74,AW19,short sleeves,0.0,0.0075396863
5485,10,AW19,short sleeves,0.0188679245283018,0.0043850476
5485,35,AW19,short sleeves,0.0,0.008216118
5485,64,AW19,short sleeves,0.0,0.009833056
5485,41,AW19,short sleeves,0.0,0.0060456456
5510,10,AW19,short sleeves,0.0,0.0045464467
5344,87,AW19,doll dress,0.0566037735849056,0.010028332
5510,75,AW19,short sleeves,0.0,0.010098373
5510,80,AW19,short sleeves,0.0,0.0052880957
5510,73,AW19,short sleeves,0.0,0.0029145451
5510,99,AW19,short sleeves,0.0,0.00825364
5510,13,AW19,short sleeves,0.0,0.0075850016
5510,45,AW19,short sleeves,0.0,0.00424207
5510,51,AW19,short sleeves,0.0,0.002847944
5510,106,AW19,short sleeves,0.0,0.0066857925
5510,81,AW19,short sleeves,0.0,0.00646346
5510,26,AW19,short sleeves,0.0,0.0062618987
5485,103,AW19,short sleeves,0.0,0.012630262
5485,62,AW19,short sleeves,0.0,0.0075350013
4861,54,AW19,long sleeve,0.0,0.002178154
4904,26,AW19,long sleeve,0.0,0.0055058068
5512,88,AW19,long sleeve,0.0188679245283018,0.008856267
5512,93,AW19,long sleeve,0.0188679245283018,0.013738756
5512,1,AW19,long sleeve,0.0,0.008274305
5512,36,AW19,long sleeve,0.0,0.00433972
5020,87,AW19,trapeze dress,0.0,0.010857574
5513,15,AW19,sleeveless,0.0943396226415094,0.030802183
5513,65,AW19,sleeveless,0.0188679245283018,0.025510069
5513,19,AW19,sleeveless,0.1132075471698113,0.015228337
5513,48,AW19,sleeveless,0.0,0.008901356
5513,76,AW19,sleeveless,0.0754716981132075,0.0057181227
5513,51,AW19,sleeveless,0.0377358490566037,0.03024563
5513,1,AW19,sleeveless,0.0188679245283018,0.018551212
5513,121,AW19,sleeveless,0.0188679245283018,0.022839943
5513,46,AW19,sleeveless,0.0,0.013433551
5020,21,AW19,trapeze dress,0.0,0.0076189563
5513,8,AW19,sleeveless,0.0,0.0067259767
5528,7,AW19,long sleeve,0.0,0.015398293
5059,74,AW19,kimono dress,0.0188679245283018,0.011208219
5059,39,AW19,kimono dress,0.0,0.004682372
5059,15,AW19,kimono dress,0.0,0.0031775935
5503,25,AW19,long sleeve,0.0188679245283018,0.00584329
5503,106,AW19,long sleeve,0.0,0.024525918
4744,108,AW19,sheath dress,0.0188679245283018,0.0074834735
5512,19,AW19,long sleeve,0.0188679245283018,0.007760293
5503,19,AW19,long sleeve,0.0188679245283018,0.014075856
5528,36,AW19,long sleeve,0.0,0.033542007
5050,40,AW19,solid color top,0.0566037735849056,0.005266262
5528,3,AW19,long sleeve,0.0943396226415094,0.01614347
5528,43,AW19,long sleeve,0.0,0.014997792
5528,105,AW19,long sleeve,0.0188679245283018,0.024204168
5050,105,AW19,solid color top,0.0,0.006052596
5503,12,AW19,long sleeve,0.0,0.027597265
5344,63,AW19,doll dress,0.0188679245283018,0.012168048
5506,81,AW19,long sleeve,0.0,0.0056154216
5506,82,AW19,long sleeve,0.0,0.0062374
5484,121,AW19,long sleeve,0.0188679245283018,0.0046412772
5484,77,AW19,long sleeve,0.0,0.004786369
5484,89,AW19,long sleeve,0.0,0.0026940596
5484,13,AW19,long sleeve,0.0,0.0037714182
5484,99,AW19,long sleeve,0.0188679245283018,0.0041851588
5484,3,AW19,long sleeve,0.0,0.0043636183
5484,43,AW19,long sleeve,0.0,0.004145389
5484,10,AW19,long sleeve,0.0,0.008639671
4790,108,AW19,doll dress,0.0188679245283018,0.006774703
5368,104,AW19,long sleeve,0.0188679245283018,0.0029240956
5368,63,AW19,long sleeve,0.0,0.0040674345
5368,85,AW19,long sleeve,0.0377358490566037,0.023035076
5368,76,AW19,long sleeve,0.0,0.0035813155
5368,14,AW19,long sleeve,0.0,0.007956307
5470,36,AW19,medium coat,0.0,0.005826996
5071,108,AW19,long coat,0.0,0.0051284605
5378,65,AW19,long sleeve,0.0,0.002950081
5378,28,AW19,long sleeve,0.0,0.002446025
5378,56,AW19,long sleeve,0.0377358490566037,0.0030895558
5378,25,AW19,long sleeve,0.0188679245283018,0.022578632
5453,83,AW19,miniskirt,0.0,0.002973044
5354,51,AW19,long sleeve,0.0,0.0046739588
5354,77,AW19,long sleeve,0.0188679245283018,0.009991918
5354,20,AW19,long sleeve,0.0,0.0093396045
5361,3,AW19,long sleeve,0.0188679245283018,0.020048914
5369,26,AW19,medium cardigan,0.0188679245283018,0.0045914967
5356,5,AW19,long sleeve,0.0188679245283018,0.018659063
5356,13,AW19,long sleeve,0.0188679245283018,0.025680939
5356,26,AW19,long sleeve,0.0,0.0061424454
5380,80,AW19,long sleeve,0.0566037735849056,0.031266715
5368,94,AW19,long sleeve,0.0,0.0045855325
5470,45,AW19,medium coat,0.0,0.006441768
5470,5,AW19,medium coat,0.0,0.0046443134
5470,43,AW19,medium coat,0.0,0.0044339094
5514,108,AW19,long sleeve,0.0,0.0026593856
5080,87,AW19,kimono dress,0.0,0.0038488125
5514,80,AW19,long sleeve,0.0,0.008916874
5514,14,AW19,long sleeve,0.0,0.005468097
5514,19,AW19,long sleeve,0.0,0.0032588956
5514,65,AW19,long sleeve,0.0,0.0034806393
5514,7,AW19,long sleeve,0.0,0.008515581
5514,54,AW19,long sleeve,0.0,0.00386447
4834,24,AW19,long sleeve,0.0,0.001337511
5508,29,AW19,long sleeve,0.0,0.0017123866
5508,36,AW19,long sleeve,0.0,0.0020521462
5508,35,AW19,long sleeve,0.0,0.0029869215
5508,20,AW19,long sleeve,0.0,0.0033208595
5508,3,AW19,long sleeve,0.0,0.009122979
5508,80,AW19,long sleeve,0.0188679245283018,0.009946057
5508,39,AW19,long sleeve,0.0,0.0019220645
5508,43,AW19,long sleeve,0.0,0.0011350189
5470,48,AW19,medium coat,0.0,0.0018943894
5470,31,AW19,medium coat,0.0,0.003666264
5470,12,AW19,medium coat,0.0188679245283018,0.017965175
5509,21,AW19,medium coat,0.0,0.0055501834
5509,8,AW19,medium coat,0.0377358490566037,0.019694481
5509,83,AW19,medium coat,0.0377358490566037,0.022587804
5380,121,AW19,long sleeve,0.0566037735849056,0.005289288
5509,88,AW19,medium coat,0.0188679245283018,0.00441171
5484,95,AW19,long sleeve,0.0,0.005145802
5484,115,AW19,long sleeve,0.0,0.0058763167
5484,29,AW19,long sleeve,0.0,0.0057491413
5508,12,AW19,long sleeve,0.0,0.012699727
5508,31,AW19,long sleeve,0.0,0.0031920336
5508,75,AW19,long sleeve,0.0566037735849056,0.012568367
5509,49,AW19,medium coat,0.0,0.0035958171
5506,121,AW19,long sleeve,0.0,0.0024924886
5380,40,AW19,long sleeve,0.0943396226415094,0.008903359
5404,54,AW19,long sleeve,0.0,0.00206053
5481,75,AW19,long sleeve,0.0,0.0063317055
5481,39,AW19,long sleeve,0.0,0.024571886
5481,73,AW19,long sleeve,0.0,0.0059010163
5481,108,AW19,long sleeve,0.0,0.0042696395
5481,51,AW19,long sleeve,0.0,0.0013177842
5481,1,AW19,long sleeve,0.0,0.004421348
5481,42,AW19,long sleeve,0.0,0.00249762
5481,107,AW19,long sleeve,0.0,0.005715988
5481,36,AW19,long sleeve,0.0,0.0011673424
5481,4,AW19,long sleeve,0.0377358490566037,0.003909262
5481,100,AW19,long sleeve,0.0,0.0049652047
5481,41,AW19,long sleeve,0.0188679245283018,0.01729515
5366,108,AW19,long sleeve,0.0,0.004016941
5366,87,AW19,long sleeve,0.0,0.0019580764
5481,30,AW19,long sleeve,0.0,0.011186549
5366,29,AW19,long sleeve,0.0,0.0034732923
5347,75,AW19,long sleeve,0.0,0.0031867556
5347,94,AW19,long sleeve,0.0377358490566037,0.00872781
5347,15,AW19,long sleeve,0.0188679245283018,0.0040778215
5362,36,AW19,long sleeve,0.0,0.0046372665
5362,15,AW19,long sleeve,0.0188679245283018,0.020562911
4453,24,AW19,long sleeve,0.0,0.004715656
5370,16,AW19,long sleeve,0.0,0.0034192381
5375,49,AW19,long sleeve,0.0,0.0038597716
5375,105,AW19,long sleeve,0.0,0.0023897458
5375,75,AW19,long sleeve,0.0,0.0013830807
5375,93,AW19,long sleeve,0.0,0.0016356482
5375,81,AW19,long sleeve,0.0,0.0025714277
5375,36,AW19,long sleeve,0.0,0.002471799
5506,75,AW19,long sleeve,0.0,0.0036924127
5347,14,AW19,long sleeve,0.0188679245283018,0.023890218
5480,41,AW19,long sleeve,0.0,0.0027387182
5480,104,AW19,long sleeve,0.0,0.0040725847
5480,8,AW19,long sleeve,0.0,0.0025660733
5404,107,AW19,long sleeve,0.0,0.0022821224
5421,117,AW19,long sleeve,0.0,0.0030503434
5347,57,AW19,long sleeve,0.0,0.008431668
5347,0,AW19,long sleeve,0.0,0.0021901438
5347,106,AW19,long sleeve,0.0,0.0022205983
5347,76,AW19,long sleeve,0.0188679245283018,0.017498292
5437,12,AW19,long sleeve,0.0566037735849056,0.027619474
5437,19,AW19,long sleeve,0.0943396226415094,0.02700368
5437,80,AW19,long sleeve,0.0566037735849056,0.01278095
5437,28,AW19,long sleeve,0.0566037735849056,0.025930932
5437,76,AW19,long sleeve,0.0188679245283018,0.024551757
5437,21,AW19,long sleeve,0.0,0.010438658
5424,75,AW19,long sleeve,0.0188679245283018,0.015905079
5424,108,AW19,long sleeve,0.0188679245283018,0.012441181
4949,29,AW19,long cardigan,0.0377358490566037,0.011285867
5000,88,AW19,long sleeve,0.0,0.004899331
5480,7,AW19,long sleeve,0.0,0.003604836
5480,36,AW19,long sleeve,0.0,0.0030887395
5480,69,AW19,long sleeve,0.0,0.0039270753
5480,121,AW19,long sleeve,0.0,0.0060301316
5480,107,AW19,long sleeve,0.0,0.0033734592
5480,82,AW19,long sleeve,0.0,0.0021993092
5480,1,AW19,long sleeve,0.0,0.0030860063
5418,57,AW19,short cardigan,0.0,0.0041828877
5480,87,AW19,long sleeve,0.0,0.0019628701
5480,52,AW19,long sleeve,0.0,0.002184395
5480,3,AW19,long sleeve,0.0188679245283018,0.018360756
5480,73,AW19,long sleeve,0.0,0.0029828507
5480,75,AW19,long sleeve,0.0,0.0028789707
5480,94,AW19,long sleeve,0.0,0.004351037
5480,31,AW19,long sleeve,0.0,0.0011266212
5480,76,AW19,long sleeve,0.0,0.0019285992
5510,41,AW19,short sleeves,0.0,0.0032564735
5417,108,AW19,long sleeve,0.0188679245283018,0.002366135
5407,93,AW19,long sleeve,0.0188679245283018,0.023227682
5397,68,AW19,patterned top,0.0,0.059411976
5397,87,AW19,patterned top,0.0,0.016880028
5397,77,AW19,patterned top,0.0,0.013373202
5061,1,AW19,long coat,0.0,0.019073958
5397,51,AW19,patterned top,0.0,0.024163034
5061,56,AW19,long coat,0.0,0.012044609
5397,89,AW19,patterned top,0.0,0.009812396
5397,76,AW19,patterned top,0.0,0.0046820585
5397,45,AW19,patterned top,0.0188679245283018,0.006311237
5397,22,AW19,patterned top,0.0377358490566037,0.046522968
5397,93,AW19,patterned top,0.0,0.012364425
5397,13,AW19,patterned top,0.0,0.029123275
5397,16,AW19,patterned top,0.0,0.030099908
5397,56,AW19,patterned top,0.0,0.040237244
5397,20,AW19,patterned top,0.0,0.0066180574
5397,28,AW19,patterned top,0.0,0.0054878877
5397,5,AW19,patterned top,0.0,0.004285911
5397,108,AW19,patterned top,0.0,0.06856575
5397,3,AW19,patterned top,0.0,0.030308628
5397,9,AW19,patterned top,0.0,0.017248547
5397,80,AW19,patterned top,0.0188679245283018,0.09247546
5397,39,AW19,patterned top,0.0,0.0510666
5397,43,AW19,patterned top,0.0,0.04519181
5397,48,AW19,patterned top,0.0,0.012870887
5397,75,AW19,patterned top,0.0,0.01781293
5397,19,AW19,patterned top,0.0,0.020891584
5397,94,AW19,patterned top,0.0,0.020549092
5397,65,AW19,patterned top,0.0,0.010406138
5397,31,AW19,patterned top,0.0,0.064777635
5539,96,AW19,maxi,0.0188679245283018,0.002231887
5397,99,AW19,patterned top,0.0188679245283018,0.040091082
5061,100,AW19,long coat,0.0188679245283018,0.012224132
5397,27,AW19,patterned top,0.0,0.00567532
5397,61,AW19,patterned top,0.0,0.0025792639
5497,89,AW19,long coat,0.0,0.007238154
5497,9,AW19,long coat,0.0188679245283018,0.0024027156
5497,80,AW19,long coat,0.0,0.005213766
5497,7,AW19,long coat,0.0,0.0050376244
5497,12,AW19,long coat,0.0,0.009049205
5497,62,AW19,long coat,0.0,0.0018796934
5497,54,AW19,long coat,0.0,0.0027020685
5519,103,AW19,long coat,0.0,0.0039555263
5519,46,AW19,long coat,0.0,0.0033783966
5519,42,AW19,long coat,0.0,0.0059435884
5519,87,AW19,long coat,0.0188679245283018,0.006715909
5519,51,AW19,long coat,0.0188679245283018,0.0033292118
5519,33,AW19,long coat,0.0,0.005312527
5519,80,AW19,long coat,0.0,0.005721438
5519,86,AW19,long coat,0.0,0.0040147146
5519,65,AW19,long coat,0.0,0.0077207927
5519,12,AW19,long coat,0.0,0.002827185
5397,82,AW19,patterned top,0.0,0.018709794
5397,83,AW19,patterned top,0.0188679245283018,0.008955971
5397,72,AW19,patterned top,0.0,0.007608034
5397,121,AW19,patterned top,0.0,0.0070341527
5397,67,AW19,patterned top,0.0,0.004866098
5530,86,AW19,medium coat,0.0377358490566037,0.011047284
5539,30,AW19,maxi,0.0188679245283018,0.03831984
5530,16,AW19,medium coat,0.0188679245283018,0.010928983
5530,89,AW19,medium coat,0.0,0.006390335
5504,19,AW19,medium coat,0.0,0.010789971
5504,1,AW19,medium coat,0.0377358490566037,0.021927884
5504,47,AW19,medium coat,0.0,0.009991925
5504,35,AW19,medium coat,0.0,0.01665922
5519,54,AW19,long coat,0.0,0.00669879
5530,22,AW19,medium coat,0.0,0.01151031
5497,51,AW19,long coat,0.0,0.010492666
5539,54,AW19,maxi,0.0,0.0029851592
5539,10,AW19,maxi,0.0,0.0055144
5539,53,AW19,maxi,0.0566037735849056,0.0128747085
5539,40,AW19,maxi,0.0377358490566037,0.059010353
5539,69,AW19,maxi,0.0377358490566037,0.018663384
5539,35,AW19,maxi,0.0,0.015922753
5539,81,AW19,maxi,0.0,0.017897435
5539,36,AW19,maxi,0.0,0.028230088
5539,46,AW19,maxi,0.0,0.016497327
5539,90,AW19,maxi,0.0188679245283018,0.0076523656
5539,18,AW19,maxi,0.0943396226415094,0.024887599
5539,95,AW19,maxi,0.0188679245283018,0.015328484
5539,4,AW19,maxi,0.0,0.011546927
5539,8,AW19,maxi,0.0,0.046315297
5539,100,AW19,maxi,0.0,0.021636171
5539,21,AW19,maxi,0.0566037735849056,0.017129341
5539,67,AW19,maxi,0.0,0.033368416
5539,57,AW19,maxi,0.0,0.014009118
5539,29,AW19,maxi,0.0,0.016374977
5539,64,AW19,maxi,0.0,0.010739614
5539,41,AW19,maxi,0.0,0.042541888
5397,15,AW19,patterned top,0.0,0.024790874
5397,7,AW19,patterned top,0.0,0.006844221
5429,105,AW19,patterned top,0.0,0.006832258
5397,12,AW19,patterned top,0.0,0.07387168
5429,108,AW19,patterned top,0.0,0.0024992113
5397,2,AW19,patterned top,0.0,0.054646146
5397,54,AW19,patterned top,0.0,0.020888224
5397,30,AW19,patterned top,0.0,0.022260804
5397,96,AW19,patterned top,0.0,0.002763492
5429,83,AW19,patterned top,0.0,0.009605596
5429,121,AW19,patterned top,0.0188679245283018,0.0041301646
5539,115,AW19,maxi,0.0188679245283018,0.07813964
5539,121,AW19,maxi,0.0,0.015399922
5539,85,AW19,maxi,0.0566037735849056,0.06336623
5539,72,AW19,maxi,0.0566037735849056,0.07001707
5539,7,AW19,maxi,0.0,0.013176064
5539,15,AW19,maxi,0.0377358490566037,0.034365796
5539,91,AW19,maxi,0.0377358490566037,0.034938723
5539,31,AW19,maxi,0.0943396226415094,0.053731076
5539,94,AW19,maxi,0.0,0.020809762
5539,105,AW19,maxi,0.0,0.037054077
5539,19,AW19,maxi,0.0377358490566037,0.048629582
5539,75,AW19,maxi,0.0377358490566037,0.0023502498
5539,14,AW19,maxi,0.0,0.042366832
5539,86,AW19,maxi,0.0,0.026124341
5539,43,AW19,maxi,0.0,0.014578521
5539,39,AW19,maxi,0.0,0.019223437
5539,80,AW19,maxi,0.0566037735849056,0.06947144
5539,73,AW19,maxi,0.0,0.017789867
5539,9,AW19,maxi,0.0566037735849056,0.025471369
5539,3,AW19,maxi,0.1320754716981132,0.06668896
5539,108,AW19,maxi,0.0188679245283018,0.027804134
5539,83,AW19,maxi,0.0188679245283018,0.019683152
5539,82,AW19,maxi,0.0377358490566037,0.041283205
5539,20,AW19,maxi,0.0188679245283018,0.0041962033
5539,1,AW19,maxi,0.0188679245283018,0.043087136
5539,51,AW19,maxi,0.0,0.0040615294
5539,89,AW19,maxi,0.0,0.020196373
5539,12,AW19,maxi,0.0,0.070515044
5539,76,AW19,maxi,0.0188679245283018,0.019086918
5539,22,AW19,maxi,0.0377358490566037,0.106794156
5539,93,AW19,maxi,0.0,0.04908589
5539,16,AW19,maxi,0.0188679245283018,0.031472325
5539,56,AW19,maxi,0.0188679245283018,0.018216873
5539,99,AW19,maxi,0.0566037735849056,0.024466125
5539,5,AW19,maxi,0.0,0.0034146854
5539,45,AW19,maxi,0.0566037735849056,0.03932935
5497,59,AW19,long coat,0.0,0.006514774
5497,41,AW19,long coat,0.0,0.006624637
5397,53,AW19,patterned top,0.0,0.0070718876
5474,79,AW19,long dress,0.0,0.0070769233
5474,110,AW19,long dress,0.0,0.013969021
5474,3,AW19,long dress,0.0,0.009079226
5474,108,AW19,long dress,0.0,0.00634243
5474,28,AW19,long dress,0.0,0.0071329097
5474,93,AW19,long dress,0.0,0.010363979
5474,33,AW19,long dress,0.0,0.0019836344
5474,87,AW19,long dress,0.0,0.005339887
5474,68,AW19,long dress,0.0,0.0064529614
5474,27,AW19,long dress,0.0188679245283018,0.02176466
5474,106,AW19,long dress,0.0,0.0031744747
5474,67,AW19,long dress,0.0,0.007394981
5474,40,AW19,long dress,0.0754716981132075,0.007666831
5474,81,AW19,long dress,0.0188679245283018,0.015284402
5474,105,AW19,long dress,0.0,0.001962424
5474,103,AW19,long dress,0.0,0.0027501595
5474,64,AW19,long dress,0.0,0.0044294214
5498,88,AW19,doll dress,0.0,0.0020366483
5498,73,AW19,doll dress,0.0,0.004777085
5498,110,AW19,doll dress,0.0377358490566037,0.013533765
5498,76,AW19,doll dress,0.0,0.005299863
5498,85,AW19,doll dress,0.0,0.002696321
5498,53,AW19,doll dress,0.0,0.0018983221
5498,104,AW19,doll dress,0.0,0.0046090623
5332,87,AW19,doll dress,0.0,0.0037398257
5332,83,AW19,doll dress,0.0,0.00466376
5543,46,AW19,long sleeve,0.0566037735849056,0.023871057
5543,53,AW19,long sleeve,0.0,0.015659425
5543,106,AW19,long sleeve,0.0,0.008806883
5543,47,AW19,long sleeve,0.0,0.0075275903
5474,57,AW19,long dress,0.0,0.0023986853
5474,7,AW19,long dress,0.0,0.0037282335
5051,108,AW19,trapeze dress,0.0,0.00021585972
5056,32,AW19,sheath dress,0.0,0.0074693332
5389,100,AW19,long sleeve,0.0,0.0059627434
5389,87,AW19,long sleeve,0.0,0.0033486248
5389,93,AW19,long sleeve,0.0,0.008511357
5389,56,AW19,long sleeve,0.0,0.005301446
5389,108,AW19,long sleeve,0.0,0.010074152
5389,14,AW19,long sleeve,0.0188679245283018,0.009969048
5389,31,AW19,long sleeve,0.0,0.013512541
5386,90,AW19,long sleeve,0.0,0.0011106104
5386,67,AW19,long sleeve,0.0188679245283018,0.017112423
5386,87,AW19,long sleeve,0.0,0.0033423977
5386,51,AW19,long sleeve,0.0,0.0024277605
5386,22,AW19,long sleeve,0.0,0.0017140867
5386,50,AW19,long sleeve,0.0,0.0049779187
5386,117,AW19,long sleeve,0.0,0.004216382
5386,13,AW19,long sleeve,0.0,0.0033348456
5386,28,AW19,long sleeve,0.0,0.0024575763
5386,14,AW19,long sleeve,0.0,0.003800044
5445,57,AW19,long dress,0.0188679245283018,0.020885373
5445,40,AW19,long dress,0.0,0.0061636292
5445,28,AW19,long dress,0.0,0.010557256
5445,108,AW19,long dress,0.0,0.0028022863
5483,103,AW19,sheath dress,0.0,0.00436227
5483,95,AW19,sheath dress,0.0,0.0047192182
5543,15,AW19,long sleeve,0.0,0.01906516
5483,83,AW19,sheath dress,0.0,0.0036940211
5483,51,AW19,sheath dress,0.0,0.0049889665
5483,73,AW19,sheath dress,0.0188679245283018,0.019676289
5500,92,AW19,culottes,0.0188679245283018,0.0033786315
5483,88,AW19,sheath dress,0.0188679245283018,0.011432655
5483,86,AW19,sheath dress,0.0,0.002871035
5386,31,AW19,long sleeve,0.0,0.002809949
5483,106,AW19,sheath dress,0.0188679245283018,0.01659607
5543,12,AW19,long sleeve,0.0,0.012107864
5531,107,AW19,long sleeve,0.0188679245283018,0.026571032
5531,39,AW19,long sleeve,0.0377358490566037,0.012925215
5537,12,AW19,long sleeve,0.0188679245283018,0.0033153803
4934,88,AW19,long coat,0.0377358490566037,0.021799339
4853,74,AW19,trapeze dress,0.0,0.00416644
5376,40,AW19,long coat,0.0,0.008121075
5376,31,AW19,long coat,0.0,0.011905235
5062,77,AW19,medium coat,0.0188679245283018,0.01966681
5394,18,AW19,maxi,0.0,0.0053735827
5394,67,AW19,maxi,0.0,0.0050194087
5394,107,AW19,maxi,0.0,0.004361459
5394,108,AW19,maxi,0.0,0.002689626
5394,79,AW19,maxi,0.0,0.0062479954
5397,41,AW19,patterned top,0.0,0.015808215
5397,64,AW19,patterned top,0.0188679245283018,0.01244303
5397,29,AW19,patterned top,0.0,0.013408034
5397,104,AW19,patterned top,0.0,0.0051760655
5397,115,AW19,patterned top,0.0,0.0059539895
5397,57,AW19,patterned top,0.0,0.02588169
5397,40,AW19,patterned top,0.0,0.008423407
5397,69,AW19,patterned top,0.0,0.008611058
5397,35,AW19,patterned top,0.0,0.02002719
5072,84,AW19,medium coat,0.0377358490566037,0.027757246
5397,81,AW19,patterned top,0.0,0.010628297
5397,36,AW19,patterned top,0.0,0.015805464
5537,15,AW19,long sleeve,0.0,0.013598696
5397,46,AW19,patterned top,0.0,0.010907994
5397,18,AW19,patterned top,0.0,0.0058332826
5397,0,AW19,patterned top,0.0,0.013480397
5397,4,AW19,patterned top,0.0,0.0025846774
5397,100,AW19,patterned top,0.0188679245283018,0.009474164
5397,21,AW19,patterned top,0.0,0.0076940022
5397,25,AW19,patterned top,0.0188679245283018,0.011177484
5397,90,AW19,patterned top,0.0,0.0049024187
4936,21,AW19,short sleeves,0.0,0.0031459362
5537,31,AW19,long sleeve,0.0,0.006542736
5537,80,AW19,long sleeve,0.0,0.0031823455
5534,103,AW19,long sleeve,0.0,0.012702846
5534,90,AW19,long sleeve,0.0188679245283018,0.01940546
5534,53,AW19,long sleeve,0.0,0.012240668
5534,83,AW19,long sleeve,0.0188679245283018,0.0058134138
5534,77,AW19,long sleeve,0.0,0.009461988
5534,14,AW19,long sleeve,0.0377358490566037,0.010945733
5534,15,AW19,long sleeve,0.0188679245283018,0.014531063
5534,12,AW19,long sleeve,0.0,0.009102814
5550,95,AW19,long sleeve,0.0,0.0055035944
5550,67,AW19,long sleeve,0.0,0.009727907
5550,1,AW19,long sleeve,0.0,0.0025110883
5550,77,AW19,long sleeve,0.0,0.00287483
5550,80,AW19,long sleeve,0.0,0.0060541225
5550,19,AW19,long sleeve,0.0188679245283018,0.00090841285
5550,31,AW19,long sleeve,0.0,0.007482061
4850,87,AW19,trapeze dress,0.0,0.005149375
5550,15,AW19,long sleeve,0.0188679245283018,0.025466887
5537,76,AW19,long sleeve,0.0188679245283018,0.008058503
5537,1,AW19,long sleeve,0.0,0.007594402
5537,20,AW19,long sleeve,0.0,0.0034341244
5546,30,AW19,long sleeve,0.0,0.00787207
5546,75,AW19,long sleeve,0.0,0.0019407097
5546,9,AW19,long sleeve,0.0,0.0056407303
5537,75,AW19,long sleeve,0.0,0.0058347904
5546,24,AW19,long sleeve,0.0,0.0015677082
5546,77,AW19,long sleeve,0.0,0.003635779
5546,53,AW19,long sleeve,0.0188679245283018,0.0064769713
5546,69,AW19,long sleeve,0.0188679245283018,0.022120103
5546,18,AW19,long sleeve,0.0,0.007134443
5546,95,AW19,long sleeve,0.0,0.0051250476
5550,30,AW19,long sleeve,0.0,0.0018943985
5546,51,AW19,long sleeve,0.0188679245283018,0.017544633
4936,90,AW19,short sleeves,0.0188679245283018,0.024226204
5073,8,AW19,medium coat,0.0,0.010204248
5365,108,AW19,culottes,0.0,0.0024319019
5516,3,AW19,long sleeve,0.0,0.005856843
5516,13,AW19,long sleeve,0.0,0.00649634
5516,93,AW19,long sleeve,0.0188679245283018,0.003797706
5526,12,AW19,short cardigan,0.0,0.0055457894
5516,87,AW19,long sleeve,0.0,0.0031212382
5526,2,AW19,short cardigan,0.0,0.0061514573
5526,54,AW19,short cardigan,0.0188679245283018,0.016619125
5514,115,AW19,long sleeve,0.0,0.0025963436
5435,33,AW19,kimono dress,0.0,0.002829643
5514,8,AW19,long sleeve,0.0,0.0034997943
5435,93,AW19,kimono dress,0.0188679245283018,0.014584737
5514,18,AW19,long sleeve,0.0,0.008991115
5516,68,AW19,long sleeve,0.0,0.0026030361
5516,72,AW19,long sleeve,0.0,0.00398541
5008,24,AW19,long sleeve,0.0,0.006775332
5516,40,AW19,long sleeve,0.0377358490566037,0.0055747963
5435,110,AW19,kimono dress,0.0377358490566037,0.024296723
5516,39,AW19,long sleeve,0.0,0.003614148
5516,115,AW19,long sleeve,0.0,0.0028245447
5486,21,AW19,long sleeve,0.0,0.0030358806
5401,96,AW19,kimono dress,0.0,0.0030536887
5486,75,AW19,long sleeve,0.0188679245283018,0.00096361456
5486,56,AW19,long sleeve,0.0566037735849056,0.02058645
5486,13,AW19,long sleeve,0.0,0.003111167
5526,75,AW19,short cardigan,0.0,0.005597455
5400,93,AW19,medium cardigan,0.0188679245283018,0.023810886
4686,105,AW19,doll dress,0.0,0.0059807776
5486,22,AW19,long sleeve,0.0188679245283018,0.0074242163
5486,52,AW19,long sleeve,0.0,0.005813248
5486,68,AW19,long sleeve,0.0,0.009611861
5486,1,AW19,long sleeve,0.0,0.011163178
5401,82,AW19,kimono dress,0.0188679245283018,0.007931543
5486,40,AW19,long sleeve,0.0188679245283018,0.02216932
5486,69,AW19,long sleeve,0.0,0.0031276485
5486,35,AW19,long sleeve,0.0,0.0038686048
5401,16,AW19,kimono dress,0.0377358490566037,0.007205877
5521,7,AW19,long coat,0.0188679245283018,0.004165139
5486,0,AW19,long sleeve,0.0,0.008961283
5486,63,AW19,long sleeve,0.0,0.0042283162
5526,60,AW19,short cardigan,0.0188679245283018,0.021538353
4971,54,AW19,doll dress,0.0,0.004954095
4971,85,AW19,doll dress,0.0188679245283018,0.020245157
5399,29,AW19,long sleeve,0.0,0.0040531713
4684,88,AW19,culottes,0.0,0.0068138125
4684,73,AW19,culottes,0.0,0.0030554726
4684,3,AW19,culottes,0.0,0.0065068314
4684,99,AW19,culottes,0.0,0.012950885
4684,28,AW19,culottes,0.0,0.0048818053
5009,102,AW19,long sleeve,0.0,0.00476148
4684,16,AW19,culottes,0.0,0.00509091
5476,43,AW19,solid color top,0.0,0.0057435497
5476,3,AW19,solid color top,0.0,0.0041227634
5079,28,AW19,kimono dress,0.0188679245283018,0.0055399938
4684,22,AW19,culottes,0.0,0.008040969
5032,95,AW19,long duster,0.0,0.0050877896
4684,51,AW19,culottes,0.0,0.0039698877
4684,1,AW19,culottes,0.0,0.007064058
4684,38,AW19,culottes,0.0,0.004220492
5079,33,AW19,kimono dress,0.0,0.0027461632
4684,48,AW19,culottes,0.0,0.0068099997
4971,105,AW19,doll dress,0.0,0.0029527126
4684,75,AW19,culottes,0.0188679245283018,0.003745945
5079,88,AW19,kimono dress,0.0,0.0028316928
5399,10,AW19,long sleeve,0.0,0.0037697891
5527,125,AW19,long coat,0.0188679245283018,0.024859063
4971,103,AW19,doll dress,0.0,0.003034669
5438,83,AW19,long sleeve,0.0,0.0026454446
5527,103,AW19,long coat,0.0188679245283018,0.01413688
5476,12,AW19,solid color top,0.0,0.0030654976
5476,65,AW19,solid color top,0.0,0.0023985982
5527,46,AW19,long coat,0.0188679245283018,0.0055216462
5399,14,AW19,long sleeve,0.0,0.0022277033
5399,22,AW19,long sleeve,0.0188679245283018,0.018123154
5476,60,AW19,solid color top,0.0188679245283018,0.008209209
5399,76,AW19,long sleeve,0.0,0.013118296
4684,49,AW19,culottes,0.0,0.010322962
5476,79,AW19,solid color top,0.0,0.0014651283
5399,47,AW19,long sleeve,0.0,0.0028068894
4684,31,AW19,culottes,0.0,0.00070725294
5399,85,AW19,long sleeve,0.0,0.0058715977
4684,19,AW19,culottes,0.0,0.0041772304
5427,57,AW19,medium cardigan,0.0188679245283018,0.014012645
5427,4,AW19,medium cardigan,0.0188679245283018,0.018961422
5486,94,AW19,long sleeve,0.0188679245283018,0.012517693
5465,13,AW19,long coat,0.0,0.003504316
5460,105,AW19,kimono dress,0.0,0.0053754174
5526,29,AW19,short cardigan,0.0,0.005468512
5460,75,AW19,kimono dress,0.0,0.0038252082
5460,68,AW19,kimono dress,0.0,0.005416779
5465,72,AW19,long coat,0.0,0.0021434126
5460,82,AW19,kimono dress,0.0,0.005979228
5001,108,AW19,long sleeve,0.0,0.0055752224
4781,105,AW19,culottes,0.0566037735849056,0.0050330698
5472,54,AW19,long sleeve,0.0,0.0060975454
4592,26,AW19,trapeze dress,0.0188679245283018,0.013604152
5472,15,AW19,long sleeve,0.0,0.0049368334
5460,74,AW19,kimono dress,0.0,0.0019939616
5472,94,AW19,long sleeve,0.0,0.008767102
5074,101,AW19,long sleeve,0.0,0.015538719
5472,105,AW19,long sleeve,0.0,0.0037203033
5472,3,AW19,long sleeve,0.0,0.0045321155
5488,4,AW19,long sleeve,0.0,0.004890308
5472,13,AW19,long sleeve,0.0,0.0031487555
5488,18,AW19,long sleeve,0.0,0.0010275954
5488,69,AW19,long sleeve,0.0,0.004917782
5526,107,AW19,short cardigan,0.0,0.004795797
5526,106,AW19,short cardigan,0.0,0.009944136
5526,87,AW19,short cardigan,0.0,0.004913228
5526,72,AW19,short cardigan,0.0,0.0039697993
5521,45,AW19,long coat,0.0,0.0048143636
5488,96,AW19,long sleeve,0.0377358490566037,0.0036241857
5488,52,AW19,long sleeve,0.0,0.0031519474
5521,76,AW19,long coat,0.0188679245283018,0.0051318817
5488,89,AW19,long sleeve,0.0,0.0021442357
5001,26,AW19,long sleeve,0.0,0.0016494375
5488,87,AW19,long sleeve,0.0,0.0037564333
5488,61,AW19,long sleeve,0.0,0.0040226323
5488,82,AW19,long sleeve,0.0,0.0029107868
5488,83,AW19,long sleeve,0.0,0.00251993
5526,40,AW19,short cardigan,0.0754716981132075,0.0066762906
5521,115,AW19,long coat,0.0,0.011019924
5488,40,AW19,long sleeve,0.0,0.0040944666
5526,18,AW19,short cardigan,0.0,0.003238113
5074,121,AW19,long sleeve,0.0,0.0016340944
5466,15,AW19,kimono dress,0.0,0.0016684756
5472,52,AW19,long sleeve,0.0,0.0014061991
5518,121,AW19,long sleeve,0.0,0.00483264
5518,53,AW19,long sleeve,0.0188679245283018,0.01707196
5518,46,AW19,long sleeve,0.0,0.0039421963
5413,3,AW19,long sleeve,0.0,0.0051523466
5486,96,AW19,long sleeve,0.0188679245283018,0.010493794
5479,49,AW19,long sleeve,0.0,0.0027718942
5486,30,AW19,long sleeve,0.0,0.0052480153
5479,27,AW19,long sleeve,0.0,0.0027212135
5479,109,AW19,long sleeve,0.0,0.0028517137
5479,32,AW19,long sleeve,0.0,0.0015075061
5413,46,AW19,long sleeve,0.0,0.0064269756
5486,7,AW19,long sleeve,0.0,0.0048405747
5486,65,AW19,long sleeve,0.0188679245283018,0.02182474
5526,3,AW19,short cardigan,0.0754716981132075,0.013487964
5427,106,AW19,medium cardigan,0.0,0.002340989
5427,82,AW19,medium cardigan,0.0,0.0027358686
5526,39,AW19,short cardigan,0.0,0.0072346297
5518,82,AW19,long sleeve,0.0,0.0020673682
5518,3,AW19,long sleeve,0.0,0.005242884
5388,27,AW19,long sleeve,0.0188679245283018,0.021990186
5518,88,AW19,long sleeve,0.0,0.009277314
5074,59,AW19,long sleeve,0.0,0.0036566935
5472,87,AW19,long sleeve,0.0377358490566037,0.016752595
5466,108,AW19,kimono dress,0.0,0.004650267
5472,68,AW19,long sleeve,0.0,0.0028867319
5466,16,AW19,kimono dress,0.0377358490566037,0.013271487
5058,10,AW19,long sleeve,0.0,0.006809845
5058,15,AW19,long sleeve,0.0377358490566037,0.0061138426
5472,53,AW19,long sleeve,0.0188679245283018,0.008390919
5430,40,AW19,kimono dress,0.0,0.0028787232
5472,81,AW19,long sleeve,0.0,0.0042968844
5466,53,AW19,kimono dress,0.0188679245283018,0.00665383
5466,90,AW19,kimono dress,0.0,0.003679908
5472,57,AW19,long sleeve,0.0,0.008976651
5518,15,AW19,long sleeve,0.0,0.0037676808
5388,15,AW19,long sleeve,0.0188679245283018,0.0045623854
5388,31,AW19,long sleeve,0.0,0.0062914644
5388,65,AW19,long sleeve,0.0,0.0053577907
5518,43,AW19,long sleeve,0.0,0.0029270577
5466,47,AW19,kimono dress,0.0,0.004843148
4684,53,AW19,culottes,0.0,0.005807407
4881,105,AW19,trapeze dress,0.0,0.013502999
5455,88,AW19,solid color top,0.0,0.008589286
4771,59,AW19,medium coat,0.0,0.0055925376
4771,67,AW19,medium coat,0.0,0.013657512
4771,101,AW19,medium coat,0.0188679245283018,0.012831734
5455,93,AW19,solid color top,0.0,0.008015991
4771,88,AW19,medium coat,0.0,0.0045353887
5009,108,AW19,long sleeve,0.0,0.007587657
5514,68,AW19,long sleeve,0.0,0.007777138
5079,103,AW19,kimono dress,0.0,0.0020811993
5514,51,AW19,long sleeve,0.0,0.0035072374
5514,89,AW19,long sleeve,0.0,0.0062749516
5455,108,AW19,solid color top,0.0,0.014690792
5338,13,AW19,kimono dress,0.0,0.0064333114
5341,46,AW19,kimono dress,0.0377358490566037,0.02275901
4806,81,AW19,culottes,0.0188679245283018,0.016180407
4963,108,AW19,long cardigan,0.0,0.004336455
5455,91,AW19,solid color top,0.0,0.0061881333
5436,88,AW19,long sleeve,0.0,0.0043328092
5038,82,AW19,long sleeve,0.0,0.010676703
5430,88,AW19,kimono dress,0.0754716981132075,0.0075193555
5452,64,AW19,long coat,0.0188679245283018,0.005710276
5436,24,AW19,long sleeve,0.0,0.0028584606
5430,3,AW19,kimono dress,0.0754716981132075,0.0043368656
5027,105,AW19,long coat,0.0,0.0068744635
5338,89,AW19,kimono dress,0.0,0.0028297687
5514,82,AW19,long sleeve,0.0,0.004926365
4771,44,AW19,medium coat,0.0188679245283018,0.010115536
4762,92,AW19,medium coat,0.0,0.0019802023
4778,26,AW19,medium coat,0.0,0.0057853763
5383,87,AW19,culottes,0.0,0.010991733
4778,101,AW19,medium coat,0.0188679245283018,0.031081386
4973,49,AW19,culottes,0.0,0.0059422576
5455,95,AW19,solid color top,0.0377358490566037,0.014844215
5455,57,AW19,solid color top,0.0188679245283018,0.014003308
5455,64,AW19,solid color top,0.0,0.013963642
4778,10,AW19,medium coat,0.0754716981132075,0.020907244
4973,22,AW19,culottes,0.0,0.005112963
5455,35,AW19,solid color top,0.0,0.018573707
5455,69,AW19,solid color top,0.0,0.003018233
5359,94,AW19,culottes,0.0188679245283018,0.009108916
5455,74,AW19,solid color top,0.0,0.011325664
4779,85,AW19,medium coat,0.0188679245283018,0.019538546
4597,53,AW19,solid color top,0.0,0.0035195865
5377,88,AW19,long sleeve,0.0188679245283018,0.0062393816
4779,108,AW19,medium coat,0.0377358490566037,0.013183959
5015,87,AW19,medium coat,0.0188679245283018,0.022346485
5455,68,AW19,solid color top,0.0,0.016255192
5455,87,AW19,solid color top,0.0,0.010395273
5015,41,AW19,medium coat,0.0,0.002629647
4779,60,AW19,medium coat,0.0,0.011022332
4779,7,AW19,medium coat,0.0377358490566037,0.033384193
5338,20,AW19,kimono dress,0.0,0.0074966727
5436,46,AW19,long sleeve,0.0,0.004241433
5455,100,AW19,solid color top,0.0,0.008419858
5500,94,AW19,culottes,0.0188679245283018,0.011183725
4684,95,AW19,culottes,0.0,0.0030506016
5514,72,AW19,long sleeve,0.0,0.0021065574
5514,69,AW19,long sleeve,0.0,0.003931421
4872,96,AW19,culottes,0.0,0.005575798
4684,64,AW19,culottes,0.0188679245283018,0.00656995
5079,40,AW19,kimono dress,0.0,0.008628934
5514,26,AW19,long sleeve,0.0,0.004844208
5079,20,AW19,kimono dress,0.0,0.0060444903
4684,102,AW19,culottes,0.0188679245283018,0.0039547062
5514,36,AW19,long sleeve,0.0,0.0026646263
5500,12,AW19,culottes,0.0,0.005357808
5500,15,AW19,culottes,0.0,0.004745226
5476,85,AW19,solid color top,0.0,0.0034301814
4684,29,AW19,culottes,0.0,0.0102836825
4684,4,AW19,culottes,0.0188679245283018,0.022094788
5021,76,AW19,long sleeve,0.0188679245283018,0.026727522
4854,21,AW19,doll dress,0.0,0.0020687648
5021,87,AW19,long sleeve,0.0,0.0041501042
5434,36,AW19,culottes,0.0,0.0043265056
5377,77,AW19,long sleeve,0.0,0.0045744646
4684,81,AW19,culottes,0.0188679245283018,0.0069581866
4763,44,AW19,medium coat,0.0377358490566037,0.018728193
4684,74,AW19,culottes,0.0,0.0023832358
5377,45,AW19,long sleeve,0.0377358490566037,0.009374184
4684,46,AW19,culottes,0.0,0.0030889292
5009,24,AW19,long sleeve,0.0,0.004830111
5434,63,AW19,culottes,0.0377358490566037,0.014328723
5452,74,AW19,long coat,0.0,0.0030636345
5476,26,AW19,solid color top,0.0,0.0064600385
5377,108,AW19,long sleeve,0.0,0.006302886
5527,73,AW19,long coat,0.0,0.0060078963
5527,12,AW19,long coat,0.0188679245283018,0.013609064
5079,85,AW19,kimono dress,0.0,0.008608358
5494,48,AW19,long sleeve,0.0,0.0020131692
5430,16,AW19,kimono dress,0.0188679245283018,0.0069169556
5027,16,AW19,long coat,0.0,0.011046748
5452,77,AW19,long coat,0.0,0.0080326395
5455,30,AW19,solid color top,0.0,0.007112964
4684,18,AW19,culottes,0.0,0.010274835
5558,19,AW19,medium coat,0.0,0.004659243
5558,43,AW19,medium coat,0.0,0.002933981
5551,108,AW19,long sleeve,0.0188679245283018,0.0053050704
5558,31,AW19,medium coat,0.0,0.0012571677
5551,76,AW19,long sleeve,0.0188679245283018,0.013081031
5558,75,AW19,medium coat,0.0377358490566037,0.0064705615
5551,51,AW19,long sleeve,0.0,0.0013853722
5552,29,AW19,long sleeve,0.0,0.001250753
5557,99,AW19,medium coat,0.0188679245283018,0.013393444
5464,108,AW19,sheath dress,0.0,0.0062167174
5483,26,AW19,sheath dress,0.0188679245283018,0.02036557
5536,64,AW19,medium coat,0.0188679245283018,0.012593869
5556,69,AW19,long sleeve,0.0,0.0033618726
5556,8,AW19,long sleeve,0.0,0.0126926005
5464,15,AW19,sheath dress,0.0,0.0035225444
5556,102,AW19,long sleeve,0.0,0.0011416161
5556,29,AW19,long sleeve,0.0,0.012209098
5551,80,AW19,long sleeve,0.0566037735849056,0.001773249
5536,4,AW19,medium coat,0.0188679245283018,0.0045680613
5536,13,AW19,medium coat,0.0188679245283018,0.003969388
5551,12,AW19,long sleeve,0.0188679245283018,0.0017740417
5536,101,AW19,medium coat,0.0566037735849056,0.024861267
5551,31,AW19,long sleeve,0.0,0.0040650587
5558,39,AW19,medium coat,0.0,0.0014487746
5551,94,AW19,long sleeve,0.0,0.004593544
5441,76,AW19,long dress,0.0,0.00026056514
5381,90,AW19,long sleeve,0.0188679245283018,0.0048837736
5551,15,AW19,long sleeve,0.0,0.0030401957
5551,29,AW19,long sleeve,0.0,0.0011224216
5551,74,AW19,long sleeve,0.0,0.00080484216
5557,47,AW19,medium coat,0.0,0.00058514357
5552,56,AW19,long sleeve,0.0,0.0036135202
5552,13,AW19,long sleeve,0.0,0.0028356044
5557,1,AW19,medium coat,0.0188679245283018,0.0033470022
5557,87,AW19,medium coat,0.0188679245283018,0.025689214
5557,51,AW19,medium coat,0.0188679245283018,0.0055422587
5557,15,AW19,medium coat,0.0,0.0007451632
5552,69,AW19,long sleeve,0.0,0.0031661084
5557,20,AW19,medium coat,0.0,0.0019134448
5557,89,AW19,medium coat,0.0377358490566037,0.008399046
5552,22,AW19,long sleeve,0.0188679245283018,0.0047345376
5557,76,AW19,medium coat,0.0188679245283018,0.0032555365
5552,76,AW19,long sleeve,0.0377358490566037,0.019550078
5557,93,AW19,medium coat,0.0,0.0029076324
5552,89,AW19,long sleeve,0.0,0.0031299377
5552,101,AW19,long sleeve,0.0,0.008923065
5557,56,AW19,medium coat,0.0188679245283018,0.0028154158
5557,28,AW19,medium coat,0.0188679245283018,0.0038495453
5557,86,AW19,medium coat,0.0,0.001672268
5551,1,AW19,long sleeve,0.0,0.008060477
5556,51,AW19,long sleeve,0.0,0.007337123
5552,80,AW19,long sleeve,0.0,0.003194873
5551,69,AW19,long sleeve,0.0,0.0
5551,36,AW19,long sleeve,0.0,0.007485392
5551,26,AW19,long sleeve,0.0,0.005990141
5551,18,AW19,long sleeve,0.0,0.0017234809
5558,12,AW19,medium coat,0.0377358490566037,0.006535763
5551,8,AW19,long sleeve,0.0188679245283018,0.0030271732
5557,39,AW19,medium coat,0.0,0.0010794089
5536,22,AW19,medium coat,0.0377358490566037,0.016807713
5511,26,AW19,long sleeve,0.0,0.00055344874
5552,43,AW19,long sleeve,0.0377358490566037,0.003223261
5464,57,AW19,sheath dress,0.0,0.0015662104
5557,12,AW19,medium coat,0.0,0.002503979
5557,103,AW19,medium coat,0.0,0.0007549013
5464,8,AW19,sheath dress,0.0,0.0010864354
5557,46,AW19,medium coat,0.0,0.0047767553
5557,81,AW19,medium coat,0.0,0.0024140235
5464,4,AW19,sheath dress,0.0566037735849056,0.0036190383
5557,85,AW19,medium coat,0.0566037735849056,0.020723004
5557,8,AW19,medium coat,0.0,0.0
5529,19,AW19,culottes,0.0188679245283018,0.012531444
5553,43,AW19,long sleeve,0.0,0.005295779
5556,56,AW19,long sleeve,0.0,0.004322574
5549,103,AW19,short coat,0.0,0.011113152
5549,4,AW19,short coat,0.0377358490566037,0.012478351
5540,108,AW19,culottes,0.0,0.0
5498,108,AW19,doll dress,0.0188679245283018,0.00876904
5540,56,AW19,culottes,0.0188679245283018,0.0033144208
5498,109,AW19,doll dress,0.0188679245283018,0.005035285
5540,45,AW19,culottes,0.0188679245283018,0.005451461
5521,2,AW19,long coat,0.0,0.0062534194
5498,4,AW19,doll dress,0.0,0.0018666903
5540,1,AW19,culottes,0.0,0.0038679766
5498,8,AW19,doll dress,0.0,0.0
5501,35,AW19,long dress,0.0,0.002840827
5554,47,AW19,long sleeve,0.0,0.0003356353
5549,26,AW19,short coat,0.0,0.0035490724
5549,121,AW19,short coat,0.0,0.0021445632
5540,67,AW19,culottes,0.0188679245283018,0.0010547291
5554,13,AW19,long sleeve,0.0,0.005314377
5549,51,AW19,short coat,0.0,0.008043771
5549,3,AW19,short coat,0.0,0.0021653583
5554,80,AW19,long sleeve,0.0,0.0023046266
5554,86,AW19,long sleeve,0.0188679245283018,0.006891049
5549,105,AW19,short coat,0.0,0.0016923863
5554,14,AW19,long sleeve,0.0,0.0
5549,59,AW19,short coat,0.0,0.0017574937
5549,54,AW19,short coat,0.0188679245283018,0.023984244
4656,108,AW19,culottes,0.1132075471698113,0.006285422
5567,54,AW19,long sleeve,0.0188679245283018,0.0057251034
5527,5,AW19,long coat,0.0,0.006385749
5520,69,AW19,doll dress,0.0,0.00026700506
4931,74,AW19,culottes,0.0,0.005521978
5527,22,AW19,long coat,0.0188679245283018,0.022016177
4931,6,AW19,culottes,0.0188679245283018,0.004219471
5529,87,AW19,culottes,0.0,0.001532808
5474,109,AW19,long dress,0.0,0.008386675
5474,72,AW19,long dress,0.0566037735849056,0.0075909384
5527,80,AW19,long coat,0.0188679245283018,0.023357905
4938,88,AW19,culottes,0.0,0.0016595396
5527,1,AW19,long coat,0.0566037735849056,0.015061219
5474,95,AW19,long dress,0.0188679245283018,0.023847828
5540,2,AW19,culottes,0.0,0.00479172
5527,43,AW19,long coat,0.0,0.003964514
4933,87,AW19,culottes,0.0,0.0033355367
5520,43,AW19,doll dress,0.0188679245283018,0.0067895125
5527,20,AW19,long coat,0.0,0.004169448
5540,31,AW19,culottes,0.0,0.0006491015
4977,23,AW19,doll dress,0.0,0.0027445536
5498,39,AW19,doll dress,0.0,0.00552955
5554,8,AW19,long sleeve,0.0,0.0032261082
5554,104,AW19,long sleeve,0.0188679245283018,0.02054142
4970,75,AW19,long coat,0.0,0.004135781
5540,80,AW19,culottes,0.0,0.0010982732
5556,22,AW19,long sleeve,0.0188679245283018,0.017163716
5554,12,AW19,long sleeve,0.0,0.002380241
5444,13,AW19,long sleeve,0.0,0.0022708217
5558,56,AW19,medium coat,0.0188679245283018,0.0022854249
5558,28,AW19,medium coat,0.0,0.0022710585
5567,121,AW19,long sleeve,0.0,0.005111308
5558,108,AW19,medium coat,0.0,0.0092317
5558,9,AW19,medium coat,0.0188679245283018,0.02093118
5553,15,AW19,long sleeve,0.0,0.006788645
5553,12,AW19,long sleeve,0.0,0.003094281
5553,96,AW19,long sleeve,0.0188679245283018,0.022682989
5521,105,AW19,long coat,0.0,0.0016260268
5567,74,AW19,long sleeve,0.0,0.0061655813
5556,15,AW19,long sleeve,0.0377358490566037,0.017028354
5545,76,AW19,medium coat,0.0,0.0036933077
5001,29,AW19,long sleeve,0.0,0.0
5556,91,AW19,long sleeve,0.0188679245283018,0.020387447
5545,40,AW19,medium coat,0.0188679245283018,0.023226818
5545,35,AW19,medium coat,0.0188679245283018,0.0043695895
5545,81,AW19,medium coat,0.0,0.007165309
5556,31,AW19,long sleeve,0.0,0.0045655556
5381,108,AW19,long sleeve,0.0,0.0013769678
5556,86,AW19,long sleeve,0.0188679245283018,0.0011117713
5545,64,AW19,medium coat,0.0,0.005296425
5536,12,AW19,medium coat,0.0188679245283018,0.00652416
5536,7,AW19,medium coat,0.0,0.008698183
5558,93,AW19,medium coat,0.0,0.0023157878
5553,104,AW19,long sleeve,0.0,0.0020327193
5558,89,AW19,medium coat,0.0377358490566037,0.008421954
5558,20,AW19,medium coat,0.0,0.0
4845,46,AW19,sleeveless,0.0566037735849056,0.0072591277
5553,115,AW19,long sleeve,0.0,0.004575813
5495,8,AW19,solid color top,0.0,0.003243909
5495,107,AW19,solid color top,0.0566037735849056,0.011884365
5495,87,AW19,solid color top,0.0188679245283018,0.009275411
5553,8,AW19,long sleeve,0.0188679245283018,0.0053699315
5545,30,AW19,medium coat,0.0,0.0057815267
4874,108,AW19,doll dress,0.0,0.003761084
5553,101,AW19,long sleeve,0.0,0.0020308066
5553,47,AW19,long sleeve,0.0,0.023422929
5553,89,AW19,long sleeve,0.0377358490566037,0.021850942
5553,56,AW19,long sleeve,0.0,0.004006549
5553,73,AW19,long sleeve,0.0377358490566037,0.01032782
5558,115,AW19,medium coat,0.0,0.0013426767
5558,57,AW19,medium coat,0.0188679245283018,0.018938757
5558,44,AW19,medium coat,0.0566037735849056,0.022184368
5558,103,AW19,medium coat,0.0,0.0061765923
5558,46,AW19,medium coat,0.0,0.0035447176
5558,81,AW19,medium coat,0.0,0.0031469325
5558,53,AW19,medium coat,0.0566037735849056,0.0069509493
5567,19,AW19,long sleeve,0.0,0.008450516
5567,80,AW19,long sleeve,0.0,0.026013134
5558,27,AW19,medium coat,0.0188679245283018,0.022110775
5558,1,AW19,medium coat,0.0,0.0063003413
5543,108,AW19,long sleeve,0.0,0.01399302
5555,28,AW19,long sleeve,0.0,0.0
5429,95,AW19,patterned top,0.0,0.0
5522,76,AW19,solid color top,0.0188679245283018,0.0026394923
5061,108,AW19,long coat,0.0,0.005952898
5061,3,AW19,long coat,0.0377358490566037,0.01477774
5397,24,AW19,patterned top,0.0,0.011703136
5061,10,AW19,long coat,0.0188679245283018,0.02348886
5561,41,AW19,long coat,0.0188679245283018,0.0063514463
5561,104,AW19,long coat,0.0188679245283018,0.023599867
5561,18,AW19,long coat,0.0,0.0037085616
5451,26,AW19,medium coat,0.0188679245283018,0.020307397
5561,69,AW19,long coat,0.0,0.005394716
5561,20,AW19,long coat,0.0,0.0017346437
5561,47,AW19,long coat,0.0,0.0016866565
5561,24,AW19,long coat,0.0,0.005770529
5492,101,AW19,solid color top,0.0,0.009714078
5451,22,AW19,medium coat,0.0188679245283018,0.022473093
5561,28,AW19,long coat,0.0,0.004399995
5561,108,AW19,long coat,0.0,0.0056235744
5397,92,AW19,patterned top,0.0188679245283018,0.004449148
5522,65,AW19,solid color top,0.0,0.008695021
5397,73,AW19,patterned top,0.0,0.006066753
5492,26,AW19,solid color top,0.0,0.0023287837
4771,108,AW19,medium coat,0.0,0.0038999247
5522,3,AW19,solid color top,0.0,0.0055919234
5372,30,AW19,gitana skirt,0.0,0.00030868378
5397,117,AW19,patterned top,0.0,0.0013558115
5522,56,AW19,solid color top,0.0,0.0051906067
5561,19,AW19,long coat,0.0,0.0074468814
5561,75,AW19,long coat,0.0,0.0031702407
5561,48,AW19,long coat,0.0,0.009197363
5561,92,AW19,long coat,0.0,0.0011395907
5561,3,AW19,long coat,0.0188679245283018,0.0011349003
5522,108,AW19,solid color top,0.0,0.0048047667
5397,79,AW19,patterned top,0.0,0.00092354906
5397,106,AW19,patterned top,0.0566037735849056,0.0073366268
5397,109,AW19,patterned top,0.0,0.0016970445
5397,102,AW19,patterned top,0.0188679245283018,0.010788951
5542,35,AW19,kimono dress,0.0,0.0019742968
5397,59,AW19,patterned top,0.0377358490566037,0.0062459377
5072,108,AW19,medium coat,0.0,0.00068946404
5517,79,AW19,long sleeve,0.0,0.00247939
4983,10,AW19,short sleeves,0.0,0.0018117697
4981,88,AW19,doll dress,0.0188679245283018,0.021744441
4684,15,AW19,culottes,0.0,0.011952829
5497,8,AW19,long coat,0.0,0.00076338736
5497,77,AW19,long coat,0.0,0.010701678
5497,15,AW19,long coat,0.0,0.0033889394
5490,84,AW19,culottes,0.0,0.0
5519,107,AW19,long coat,0.0,0.00541535
5428,110,AW19,sheath dress,0.0,0.011023419
4684,93,AW19,culottes,0.0188679245283018,0.019879995
5519,16,AW19,long coat,0.0,0.006475055
5519,99,AW19,long coat,0.0,0.009467477
5397,107,AW19,patterned top,0.0,0.00091239053
5530,30,AW19,medium coat,0.0,0.005737958
5530,12,AW19,medium coat,0.0188679245283018,0.018059647
5530,94,AW19,medium coat,0.0,0.0072598117
5447,18,AW19,solid color top,0.0,0.0045232987
5351,24,AW19,kimono dress,0.0188679245283018,0.015767038
5066,66,AW19,long coat,0.0,0.01244261
5447,80,AW19,solid color top,0.0,0.0018895676
5504,2,AW19,medium coat,0.0188679245283018,0.0035113788
5504,31,AW19,medium coat,0.0188679245283018,0.012354814
5504,22,AW19,medium coat,0.0,0.0026422155
4684,87,AW19,culottes,0.0188679245283018,0.023407185
5351,108,AW19,kimono dress,0.0,0.0025426117
5428,48,AW19,sheath dress,0.0,0.003933669
5530,87,AW19,medium coat,0.0188679245283018,0.015257083
5541,115,AW19,kimono dress,0.0,0.0026235522
5397,14,AW19,patterned top,0.0,0.0077606286
4779,121,AW19,medium coat,0.0188679245283018,0.0056470414
5070,107,AW19,long coat,0.0,0.0012298757
5539,107,AW19,maxi,0.0,0.0040168143
5459,104,AW19,culottes,0.0,0.0034204342
5559,99,AW19,long sleeve,0.0,0.0019683044
5559,108,AW19,long sleeve,0.0,0.00053711695
5559,80,AW19,long sleeve,0.0,0.0010475141
5559,88,AW19,long sleeve,0.0,0.00049594545
5559,43,AW19,long sleeve,0.0,2.5799978e-05
5539,32,AW19,maxi,0.0377358490566037,0.036886107
5559,86,AW19,long sleeve,0.0,0.0
5559,84,AW19,long sleeve,0.0,0.0028662821
5539,26,AW19,maxi,0.0,0.0
5040,3,AW19,solid color top,0.0,3.8231155e-06
5500,69,AW19,culottes,0.0,0.0034780134
5436,80,AW19,long sleeve,0.0,0.0058241026
5436,22,AW19,long sleeve,0.0,0.0049430444
5436,87,AW19,long sleeve,0.0188679245283018,0.022827014
5500,80,AW19,culottes,0.0188679245283018,0.014978781
5500,79,AW19,culottes,0.0,0.00095842866
5073,87,AW19,medium coat,0.0,0.005730022
5452,87,AW19,long coat,0.0,0.0056040166
5348,108,AW19,culottes,0.0,0.00045548208
5500,108,AW19,culottes,0.0,0.0043209246
5459,59,AW19,culottes,0.0,0.003277576
5397,62,AW19,patterned top,0.0,0.005523662
5468,61,AW19,culottes,0.0188679245283018,0.0021499086
5397,10,AW19,patterned top,0.0,0.004493408
5046,88,AW19,medium coat,0.0,0.0052747065
5429,15,AW19,patterned top,0.0,0.0016522873
5539,23,AW19,maxi,0.0,0.008596233
5500,87,AW19,culottes,0.0188679245283018,0.024582598
5468,40,AW19,culottes,0.0,0.010668996
5397,105,AW19,patterned top,0.0,0.016097398
5459,95,AW19,culottes,0.0188679245283018,0.003297327
5539,27,AW19,maxi,0.0377358490566037,0.011977209
4779,59,AW19,medium coat,0.0188679245283018,0.01297838
5560,76,AW19,medium coat,0.0,0.0045819357
5560,66,AW19,medium coat,0.0,0.0018664772
5493,91,AW19,sleeveless,0.0,0.0061056144
4778,108,AW19,medium coat,0.0,0.00123917
5493,87,AW19,sleeveless,0.0188679245283018,0.019527372
5539,49,AW19,maxi,0.0377358490566037,0.013405243
5408,104,AW19,long sleeve,0.0,0.014778035
5029,10,AW19,culottes,0.0,0.0015830831
5493,104,AW19,sleeveless,0.0,0.0014662097
5539,79,AW19,maxi,0.0,0.0
5539,92,AW19,maxi,0.0,0.0035110041
5047,89,AW19,long sleeve,0.0,0.0033892451
5359,99,AW19,culottes,0.0,0.00649308
5047,79,AW19,long sleeve,0.0188679245283018,0.02099826
5539,6,AW19,maxi,0.0,0.0029893029
4989,44,AW19,miniskirt,0.0188679245283018,0.020712165
5539,101,AW19,maxi,0.0188679245283018,0.025609039
5559,28,AW19,long sleeve,0.0,0.0007190658
5539,68,AW19,maxi,0.0377358490566037,0.025076112
5559,16,AW19,long sleeve,0.0,0.0030018634
5559,76,AW19,long sleeve,0.0,0.002453545
5459,27,AW19,culottes,0.0,0.0030834582
5539,106,AW19,maxi,0.0,0.019430935
5559,95,AW19,long sleeve,0.0,0.0018503935
5539,52,AW19,maxi,0.0188679245283018,0.040571038
5559,103,AW19,long sleeve,0.0,0.00195844
5539,33,AW19,maxi,0.0,0.0029139242
5559,63,AW19,long sleeve,0.0,0.0008157305
5539,117,AW19,maxi,0.0377358490566037,0.009341898
5539,28,AW19,maxi,0.0188679245283018,0.030135496
5539,24,AW19,maxi,0.0,0.0039093164
5001,125,AW19,long sleeve,0.0,0.0037053693
5541,57,AW19,kimono dress,0.0,0.0019169227
5394,95,AW19,maxi,0.0,0.004745575
5570,9,AW19,maxi,0.0,0.0034459832
5570,80,AW19,maxi,0.0,0.018190904
5570,43,AW19,maxi,0.0,0.012510373
5570,14,AW19,maxi,0.0,0.0024034893
5570,7,AW19,maxi,0.0,0.0014291988
5570,10,AW19,maxi,0.0,6.883143e-05
5527,30,AW19,long coat,0.0377358490566037,0.013374305
5570,12,AW19,maxi,0.0,0.016870132
5569,41,AW19,maxi,0.0,0.012359888
5569,100,AW19,maxi,0.0188679245283018,0.0029648142
5569,95,AW19,maxi,0.0188679245283018,0.02099984
5569,36,AW19,maxi,0.0,0.0067624333
5569,69,AW19,maxi,0.0566037735849056,0.004083726
5419,5,AW19,sleeveless,0.0188679245283018,0.024554035
5419,16,AW19,sleeveless,0.0,0.0035832946
5569,22,AW19,maxi,0.0,0.008043194
5569,56,AW19,maxi,0.0754716981132075,0.012201246
5562,103,AW19,maxi,0.0,0.011192796
5562,8,AW19,maxi,0.0,0.013330569
5562,100,AW19,maxi,0.0,0.003391495
5562,21,AW19,maxi,0.0754716981132075,0.02591161
5562,57,AW19,maxi,0.0,0.005212342
5482,46,AW19,sleeveless,0.0,0.0043031108
5570,5,AW19,maxi,0.0,0.0008707541
5562,115,AW19,maxi,0.0,0.018455535
5562,64,AW19,maxi,0.0188679245283018,0.005737841
5562,41,AW19,maxi,0.0,0.013062189
5482,89,AW19,sleeveless,0.0,0.010767783
5569,12,AW19,maxi,0.0188679245283018,0.017832344
5569,14,AW19,maxi,0.0188679245283018,0.002523898
5482,96,AW19,sleeveless,0.0,0.0
5562,29,AW19,maxi,0.0,0.011010263
5562,4,AW19,maxi,0.0188679245283018,0.013553957
5570,56,AW19,maxi,0.0,0.005704458
5406,108,AW19,long coat,0.0,0.00410349
5501,79,AW19,long dress,0.0,0.003574702
5531,19,AW19,long sleeve,0.0188679245283018,0.014720397
5531,12,AW19,long sleeve,0.0377358490566037,0.0071207215
5001,18,AW19,long sleeve,0.0,0.0001359211
5501,10,AW19,long dress,0.0,0.0004960322
5534,101,AW19,long sleeve,0.0,0.0067229737
5534,93,AW19,long sleeve,0.0188679245283018,0.023895675
5337,88,AW19,kimono dress,0.0,0.005900401
5502,103,AW19,long sleeve,0.0,0.005155071
5502,81,AW19,long sleeve,0.0,0.001360129
5462,108,AW19,medium coat,0.0,0.007552339
5337,108,AW19,kimono dress,0.0,0.0055725547
5550,12,AW19,long sleeve,0.0,0.0042088293
5465,12,AW19,long coat,0.0,0.0056205313
5462,87,AW19,medium coat,0.0,0.003267085
5465,43,AW19,long coat,0.0377358490566037,0.02239406
5465,93,AW19,long coat,0.0188679245283018,0.02308973
5433,23,AW19,long coat,0.0,0.0065052756
5450,94,AW19,medium coat,0.0,0.0012776237
5048,21,AW19,doll dress,0.0,0.0030463622
5462,4,AW19,medium coat,0.0,0.0024271745
5571,10,AW19,patterned top,0.0,0.00030813157
5571,56,AW19,patterned top,0.0,0.00021581289
5406,36,AW19,long coat,0.0188679245283018,0.008713376
5471,106,AW19,medium coat,0.0,0.0013310771
5001,16,AW19,long sleeve,0.0,0.0029004621
5471,15,AW19,medium coat,0.0,0.0022136508
5471,2,AW19,medium coat,0.0,0.0
5537,4,AW19,long sleeve,0.0,0.010616869
5502,75,AW19,long sleeve,0.0,0.0015899678
5546,60,AW19,long sleeve,0.0,0.0027689761
5571,125,AW19,patterned top,0.0,0.0008778641
5337,74,AW19,kimono dress,0.0,0.0020655207
5562,95,AW19,maxi,0.0,0.012541261
5562,81,AW19,maxi,0.0377358490566037,0.005335571
5566,75,AW19,short coat,0.0,0.0060757743
5566,14,AW19,short coat,0.0,0.0040152795
5566,3,AW19,short coat,0.0,0.004601899
5566,5,AW19,short coat,0.0,0.0023508363
5566,53,AW19,short coat,0.0,0.003964277
5566,46,AW19,short coat,0.0,0.0051867208
5564,49,AW19,short coat,0.0188679245283018,0.007566007
5564,7,AW19,short coat,0.0,0.010534641
5564,15,AW19,short coat,0.0,0.0145088835
5564,31,AW19,short coat,0.0377358490566037,0.024765315
5564,105,AW19,short coat,0.0,0.008087104
5564,14,AW19,short coat,0.0566037735849056,0.009553641
5564,3,AW19,short coat,0.0188679245283018,0.004916503
5564,56,AW19,short coat,0.0566037735849056,0.01185756
5564,93,AW19,short coat,0.0,0.01536797
5564,76,AW19,short coat,0.0188679245283018,0.008659637
5564,47,AW19,short coat,0.0,0.008434099
5541,13,AW19,kimono dress,0.0,0.004868396
5562,96,AW19,maxi,0.0188679245283018,0.014618893
5562,30,AW19,maxi,0.0,0.016470306
5562,2,AW19,maxi,0.0188679245283018,0.0053147967
5562,12,AW19,maxi,0.0,0.022938665
5562,7,AW19,maxi,0.0,0.0036379572
5562,15,AW19,maxi,0.0566037735849056,0.00402008
5564,64,AW19,short coat,0.0377358490566037,0.007098174
5564,18,AW19,short coat,0.0,0.010522779
5564,53,AW19,short coat,0.0188679245283018,0.016486432
5564,32,AW19,short coat,0.0188679245283018,0.026139865
5564,85,AW19,short coat,0.0188679245283018,0.02265295
5564,61,AW19,short coat,0.0377358490566037,0.01677891
5564,20,AW19,short coat,0.0,0.00928357
5564,0,AW19,short coat,0.0,0.017134996
5562,46,AW19,maxi,0.0,0.0016075955
5562,31,AW19,maxi,0.0,0.022852408
5562,94,AW19,maxi,0.0,0.01227397
5562,35,AW19,maxi,0.0,0.010177809
5562,69,AW19,maxi,0.0,0.0063866135
5562,40,AW19,maxi,0.0377358490566037,0.0031061545
5334,60,AW19,long sleeve,0.0377358490566037,0.0132227745
5562,85,AW19,maxi,0.0377358490566037,0.026982194
5334,108,AW19,long sleeve,0.0,0.0035321
5562,87,AW19,maxi,0.0,0.011578988
5562,51,AW19,maxi,0.0,0.0018284953
5562,89,AW19,maxi,0.0188679245283018,0.029177636
5562,76,AW19,maxi,0.0,0.0
5562,22,AW19,maxi,0.0377358490566037,0.02351946
5562,93,AW19,maxi,0.0,0.0022644007
5334,44,AW19,long sleeve,0.0,0.008363128
5562,16,AW19,maxi,0.0188679245283018,0.010624643
5562,56,AW19,maxi,0.0566037735849056,0.020414324
5562,99,AW19,maxi,0.0377358490566037,0.010630283
5562,5,AW19,maxi,0.0,0.004556367
5548,29,AW19,kimono dress,0.0,0.006266051
5548,59,AW19,kimono dress,0.0,0.002175048
5562,105,AW19,maxi,0.0188679245283018,0.019003382
5379,10,AW19,long coat,0.0188679245283018,0.013701922
5562,19,AW19,maxi,0.0,0.014905638
5548,101,AW19,kimono dress,0.0,0.006590008
5562,65,AW19,maxi,0.0,0.0040545748
5562,48,AW19,maxi,0.0,0.015567299
5562,86,AW19,maxi,0.0754716981132075,0.0072736773
5562,43,AW19,maxi,0.0,0.018971827
5562,39,AW19,maxi,0.0566037735849056,0.0016857578
5562,80,AW19,maxi,0.0,0.005201828
5562,73,AW19,maxi,0.0,0.015886016
5562,108,AW19,maxi,0.0,0.0039060975
5562,14,AW19,maxi,0.0,0.0008087534
5036,108,AW19,medium coat,0.0,7.990711e-06
5554,85,AW19,long sleeve,0.0188679245283018,0.019702997
5463,46,AW19,sheath dress,0.0,0.004067606
5563,10,AW19,solid color top,0.0377358490566037,0.009685589
5563,7,AW19,solid color top,0.0,0.0003619619
5368,108,AW19,long sleeve,0.0,0.0
5535,47,AW19,kimono dress,0.0,0.0004668035
5538,56,AW19,kimono dress,0.0,0.02480003
5065,105,AW19,long coat,0.0188679245283018,0.00672519
5399,1,AW19,long sleeve,0.0,0.0028111455
5532,56,AW19,kimono dress,0.0,0.007359437
5544,103,AW19,kimono dress,0.0,0.05124697
5430,108,AW19,kimono dress,0.0,0.0018279871
5538,5,AW19,kimono dress,0.0,0.020122886
4966,75,AW19,long duster,0.0188679245283018,0.02813096
5538,73,AW19,kimono dress,0.0,0.0064356383
5532,74,AW19,kimono dress,0.0,0.0034396125
5485,93,AW19,short sleeves,0.0,0.005221676
5544,100,AW19,kimono dress,0.0,0.017507281
5532,109,AW19,kimono dress,0.0188679245283018,0.002593958
5532,28,AW19,kimono dress,0.0,0.0031790505
5071,87,AW19,long coat,0.0188679245283018,0.0056191008
5532,5,AW19,kimono dress,0.0377358490566037,0.014183552
5476,57,AW19,solid color top,0.0,0.003997782
5371,108,AW19,long sleeve,0.0188679245283018,0.01758845
4928,117,AW19,medium coat,0.0188679245283018,0.0014542367
4928,22,AW19,medium coat,0.0188679245283018,0.020004025
5362,10,AW19,long sleeve,0.0,0.012802278
5544,90,AW19,kimono dress,0.0,0.012695833
5343,93,AW19,long sleeve,0.0377358490566037,0.023129974
5006,87,AW19,short sleeves,0.0188679245283018,0.02248863
5354,56,AW19,long sleeve,0.0377358490566037,0.021555468
5466,94,AW19,kimono dress,0.0,0.0035739895
5563,54,AW19,solid color top,0.0,0.0019204008
5532,79,AW19,kimono dress,0.0,0.0016568407
5466,7,AW19,kimono dress,0.0,0.0004671689
5563,62,AW19,solid color top,0.0,0.012734054
5378,26,AW19,long sleeve,0.0,0.0055603427
5563,2,AW19,solid color top,0.0,0.008105363
5563,12,AW19,solid color top,0.0188679245283018,0.011862792
5532,69,AW19,kimono dress,0.0,0.0027484822
5079,108,AW19,kimono dress,0.0,0.006620082
5484,72,AW19,long sleeve,0.0,0.0033734904
5484,40,AW19,long sleeve,0.0,0.007745091
5547,75,AW19,kimono dress,0.0,0.0015985838
5508,15,AW19,long sleeve,0.0188679245283018,0.013230038
5547,79,AW19,kimono dress,0.0188679245283018,0.008443841
5526,21,AW19,short cardigan,0.0,0.002546616
5547,39,AW19,kimono dress,0.0,0.009791003
5526,36,AW19,short cardigan,0.0,0.00076546444
5533,56,AW19,kimono dress,0.0,0.009500002
5526,81,AW19,short cardigan,0.0188679245283018,0.005011587
5373,36,AW19,long cardigan,0.0,0.006410786
5341,53,AW19,kimono dress,0.0,0.0015540197
5508,50,AW19,long sleeve,0.0,0.0
5547,3,AW19,kimono dress,0.0,0.007165672
5373,3,AW19,long cardigan,0.0,0.0067185154
5508,89,AW19,long sleeve,0.0188679245283018,0.00585145
5568,51,AW19,solid color top,0.0,0.0018104997
5568,33,AW19,solid color top,0.0,0.00017481022
5568,13,AW19,solid color top,0.0,0.0029689968
5535,92,AW19,kimono dress,0.0,0.00034253945
5369,102,AW19,medium cardigan,0.0188679245283018,0.02267094
5547,105,AW19,kimono dress,0.0,0.008357846
5533,60,AW19,kimono dress,0.0,0.003879357
5532,103,AW19,kimono dress,0.0,0.0035335799
5460,104,AW19,kimono dress,0.0,0.008075579
5532,21,AW19,kimono dress,0.0377358490566037,0.012579396
5535,103,AW19,kimono dress,0.0,0.0011806977
5535,56,AW19,kimono dress,0.0,0.0057804086
5079,22,AW19,kimono dress,0.0377358490566037,0.010992582
5535,8,AW19,kimono dress,0.0,0.0016922347
5544,23,AW19,kimono dress,0.0,0.0004915973
5358,69,AW19,long sleeve,0.0,0.00783942
5538,92,AW19,kimono dress,0.0,0.0014986406
5470,30,AW19,medium coat,0.0566037735849056,0.009048937
5533,54,AW19,kimono dress,0.0,0.0038687608
5023,106,AW19,medium cardigan,0.0,0.0008522652
5509,56,AW19,medium coat,0.0,0.00057687896
5535,73,AW19,kimono dress,0.0,0.008222534
5350,93,AW19,solid color top,0.0,0.0032432065
4930,93,AW19,solid color top,0.0,0.0026262472
5547,66,AW19,kimono dress,0.0,0.007668047
4906,20,AW19,long cardigan,0.0188679245283018,0.0023485024
5369,41,AW19,medium cardigan,0.0,0.003276911
5356,4,AW19,long sleeve,0.0,0.003918344
5544,39,AW19,kimono dress,0.0,0.008967372
5565,61,AW19,solid color top,0.0,5.8817157e-05
4949,121,AW19,long cardigan,0.0,0.007717844
5544,92,AW19,kimono dress,0.0,0.010215255
5513,3,AW19,sleeveless,0.0,0.009592449
5565,87,AW19,solid color top,0.0188679245283018,0.024250453
4697,108,AW19,short cardigan,0.0,0.004366053
5507,29,AW19,long sleeve,0.0,0.005192721
5544,109,AW19,kimono dress,0.0377358490566037,0.008847952
5565,89,AW19,solid color top,0.0188679245283018,0.023514349
5020,57,AW19,trapeze dress,0.0,0.0042505893
5565,33,AW19,solid color top,0.0188679245283018,0.007658487
5565,13,AW19,solid color top,0.0,0.003727165
5565,28,AW19,solid color top,0.0188679245283018,0.003201892
5544,107,AW19,kimono dress,0.0,0.014356754
5427,108,AW19,medium cardigan,0.0,0.0038662713
5528,2,AW19,long sleeve,0.0,0.006814684
5544,27,AW19,kimono dress,0.0,0.0015056931
5544,54,AW19,kimono dress,0.0,0.004476994
5565,69,AW19,solid color top,0.0188679245283018,0.004098477
4313,105,AW19,short sleeves,0.0,0.0035873854
5461,12,AW19,long coat,0.0377358490566037,0.013441534
5477,108,AW19,long sleeve,0.0,0.0052451366
5544,87,AW19,kimono dress,0.0,0.005275686
5526,31,AW19,short cardigan,0.0,0.006844015
5544,56,AW19,kimono dress,0.0,0.014622956
5544,28,AW19,kimono dress,0.0,0.0063838265
5526,10,AW19,short cardigan,0.0,0.0012081637
5565,57,AW19,solid color top,0.0,0.012098357
5512,0,AW19,long sleeve,0.0188679245283018,0.0248784
5544,5,AW19,kimono dress,0.0188679245283018,0.0079148915
5020,108,AW19,trapeze dress,0.0,0.0011111757
4914,108,AW19,solid color top,0.0,0.0041563357
5486,26,AW19,long sleeve,0.0,0.0059586954
5544,1,AW19,kimono dress,0.0188679245283018,0.026143296
5544,73,AW19,kimono dress,0.0,0.03806771
5473,1,AW19,culottes,0.0,0.0015307446
5437,87,AW19,long sleeve,0.0566037735849056,0.022368003
5565,103,AW19,solid color top,0.0,0.0049082264
5568,108,AW19,solid color top,0.0,0.0017853057
5538,23,AW19,kimono dress,0.0,0.0013936573
5565,19,AW19,solid color top,0.0,0.0003730114
5568,68,AW19,solid color top,0.0,0.0017435161
5538,74,AW19,kimono dress,0.0,0.014183371
5544,74,AW19,kimono dress,0.0,0.013956596
5503,36,AW19,long sleeve,0.0,0.009985134
5489,15,AW19,long sleeve,0.0,0.0015135829
5395,39,AW19,doll dress,0.0,0.0024127357
5395,32,AW19,doll dress,0.0,0.0003951828
5538,107,AW19,kimono dress,0.0,0.009159173
5538,82,AW19,kimono dress,0.0,0.00394759
5458,77,AW19,sleeveless,0.0,0.0010861227
5538,109,AW19,kimono dress,0.0,0.001993514
5538,106,AW19,kimono dress,0.0,0.012384833
5380,1,AW19,long sleeve,0.0188679245283018,0.0006929628
5535,42,AW19,kimono dress,0.0,0.0012121885
5059,108,AW19,kimono dress,0.0,0.0021603669
5538,47,AW19,kimono dress,0.0,0.002315888
5059,87,AW19,kimono dress,0.0,0.0016278552
5544,32,AW19,kimono dress,0.0,0.0033452297
5538,41,AW19,kimono dress,0.0,0.004019804
5526,52,AW19,short cardigan,0.0,0.010529217
5538,95,AW19,kimono dress,0.0,0.0
5565,94,AW19,solid color top,0.0188679245283018,0.0018485192
5538,125,AW19,kimono dress,0.0,0.0032885429
5565,15,AW19,solid color top,0.0,0.017218126
5538,44,AW19,kimono dress,0.0566037735849056,0.02334369
5538,25,AW19,kimono dress,0.0,0.0021391723
5565,12,AW19,solid color top,0.0,0.00048489156
5565,30,AW19,solid color top,0.0,0.0007312591
5568,41,AW19,solid color top,0.0,0.0005330011
5050,21,AW19,solid color top,0.0,0.0024959943
5568,57,AW19,solid color top,0.0,0.0
5538,63,AW19,kimono dress,0.0,0.0048125396
5526,5,AW19,short cardigan,0.0188679245283018,0.0029809193
5568,95,AW19,solid color top,0.0188679245283018,0.005794539
5568,18,AW19,solid color top,0.0,0.00022897618
5568,26,AW19,solid color top,0.0,0.003747588
5538,103,AW19,kimono dress,0.0,0.0011957063
5538,0,AW19,kimono dress,0.0,0.0016232926
5503,108,AW19,long sleeve,0.0188679245283018,0.017985342
5568,48,AW19,solid color top,0.0,0.0
5475,94,AW19,culottes,0.0188679245283018,0.0054720775
5485,106,AW19,short sleeves,0.0,0.002606633
5547,103,AW19,kimono dress,0.0,0.016926661
5563,14,AW19,solid color top,0.0188679245283018,0.0064412486
5563,48,AW19,solid color top,0.0,0.0002702829
5455,23,AW19,solid color top,0.0188679245283018,0.0074632852
5510,35,AW19,short sleeves,0.0,0.008019161
5475,87,AW19,culottes,0.0,0.011472617
5525,7,AW19,long sleeve,0.0,0.0027319784
5491,77,AW19,short cardigan,0.0,0.0011265217
5563,19,AW19,solid color top,0.0,0.011968342
5439,76,AW19,solid color top,0.0,0.002392973
5563,94,AW19,solid color top,0.0188679245283018,0.0027844994
5563,65,AW19,solid color top,0.0188679245283018,0.007232941
5563,31,AW19,solid color top,0.0,0.026645258
5547,90,AW19,kimono dress,0.0,0.0033279196
5463,15,AW19,sheath dress,0.0188679245283018,0.006105654
5080,40,AW19,kimono dress,0.0188679245283018,0.005171427
5463,12,AW19,sheath dress,0.0,0.003698372
5440,21,AW19,sleeveless,0.0,0.001086136
5563,79,AW19,solid color top,0.0377358490566037,0.01476637
5510,89,AW19,short sleeves,0.0,0.0017495375
5563,89,AW19,solid color top,0.0,0.009626371
4667,30,AW19,doll dress,0.0,0.005800267
5563,52,AW19,solid color top,0.0,0.012977304
5563,22,AW19,solid color top,0.0,0.006689018
5563,93,AW19,solid color top,0.0,0.0075757233
5491,31,AW19,short cardigan,0.0,0.0031469685
5510,15,AW19,short sleeves,0.0,0.0
5563,13,AW19,solid color top,0.0188679245283018,0.010162882
5563,28,AW19,solid color top,0.0,0.0033624838
5510,9,AW19,short sleeves,0.0,0.0033038966
5563,99,AW19,solid color top,0.0,0.0034488877
5547,23,AW19,kimono dress,0.0,0.004045621
5491,16,AW19,short cardigan,0.0,0.0
5568,75,AW19,solid color top,0.0,0.0007250823
5563,6,AW19,solid color top,0.0,0.013665275
5563,9,AW19,solid color top,0.0943396226415094,0.028292576
5563,80,AW19,solid color top,0.0188679245283018,0.00065599877
5533,11,AW19,kimono dress,0.0,0.0058705383
5463,105,AW19,sheath dress,0.0188679245283018,0.0221278
5463,19,AW19,sheath dress,0.0,0.005137324
4948,104,AW19,sheath dress,0.0,0.008244228
5555,77,AW19,long sleeve,0.0,0.0
5555,51,AW19,long sleeve,0.0,0.0
5533,21,AW19,kimono dress,0.0,0.0041358178
5027,29,AW19,long coat,0.0,0.010842808
5547,45,AW19,kimono dress,0.0377358490566037,0.004951444
5478,94,AW19,short cardigan,0.0,0.0015982072
5483,105,AW19,sheath dress,0.0,0.00066687516
4570,6,AW19,long sleeve,0.0377358490566037,0.013091711
5555,76,AW19,long sleeve,0.0,0.0012618479
5526,76,AW19,short cardigan,0.0,0.003212002
5555,22,AW19,long sleeve,0.0,0.0005181804
5555,93,AW19,long sleeve,0.0,0.00010075215
5335,86,AW19,shirt dress,0.0,0.0016586425
5483,80,AW19,sheath dress,0.0,0.0077805286
5555,56,AW19,long sleeve,0.0,0.0
5463,103,AW19,sheath dress,0.0,0.004183697
5533,64,AW19,kimono dress,0.0,0.005789786
5547,107,AW19,kimono dress,0.0,0.0020225071
5563,51,AW19,solid color top,0.0188679245283018,0.015293793
5555,35,AW19,long sleeve,0.0,0.0013892024
5386,77,AW19,long sleeve,0.0,0.0015058868
5475,89,AW19,culottes,0.0377358490566037,0.010519014
5475,45,AW19,culottes,0.0,0.0024928083
5547,74,AW19,kimono dress,0.0,0.0039165765
5463,43,AW19,sheath dress,0.0,0.0031829935
5555,54,AW19,long sleeve,0.0,0.0018690522
5555,10,AW19,long sleeve,0.0,0.0014881792
5555,15,AW19,long sleeve,0.0,0.0056079524
5555,75,AW19,long sleeve,0.0,0.0
4936,104,AW19,short sleeves,0.0188679245283018,0.011742073
5389,50,AW19,long sleeve,0.0,8.681101e-05
5555,39,AW19,long sleeve,0.0,0.0010755304
5555,99,AW19,long sleeve,0.0,0.0004437491
5555,104,AW19,long sleeve,0.0,0.002463208
5463,33,AW19,sheath dress,0.0,0.0041893236
5555,115,AW19,long sleeve,0.0,0.0012828471
5555,57,AW19,long sleeve,0.0,0.0
5038,7,AW19,long sleeve,0.0,0.0007468348
5555,103,AW19,long sleeve,0.0,0.00031411508
5455,52,AW19,solid color top,0.0188679245283018,0.006312548
5563,108,AW19,solid color top,0.0,0.020783225
5437,30,AW19,long sleeve,0.0,0.019108394
5563,61,AW19,solid color top,0.0,0.0019052115
5563,115,AW19,solid color top,0.0,0.0049759154
5563,57,AW19,solid color top,0.0,0.02165814
5422,15,AW19,long sleeve,0.0,0.0017513854
5563,21,AW19,solid color top,0.0,0.0018506497
5563,100,AW19,solid color top,0.0,0.0050533977
5563,82,AW19,solid color top,0.0,0.005020414
5563,103,AW19,solid color top,0.0,0.0034890745
5563,95,AW19,solid color top,0.0,0.0027076926
5563,107,AW19,solid color top,0.0188679245283018,0.0047959527
5039,3,AW19,solid color top,0.0188679245283018,0.014154645
5563,46,AW19,solid color top,0.0,0.0054905205
5563,83,AW19,solid color top,0.0,0.0009465307
5563,67,AW19,solid color top,0.0,0.002807197
5563,36,AW19,solid color top,0.0,0.001680875
5515,30,AW19,long sleeve,0.0,0.008516213
5547,52,AW19,kimono dress,0.0,0.0014667475
5563,35,AW19,solid color top,0.0,0.013329225
5563,74,AW19,solid color top,0.0,0.0023438185
5563,27,AW19,solid color top,0.0,0.004095157
5455,117,AW19,solid color top,0.0,0.009969918
5563,8,AW19,solid color top,0.0,0.015679184
5563,41,AW19,solid color top,0.0,0.0025710068
5563,77,AW19,solid color top,0.0,0.0066234088
5039,64,AW19,solid color top,0.0,0.0069843577
5485,81,AW19,short sleeves,0.0,0.0081845205
5526,85,AW19,short cardigan,0.0,0.0030282994
5568,65,AW19,solid color top,0.0,0.002177507
5563,68,AW19,solid color top,0.0566037735849056,0.0047787605
5568,15,AW19,solid color top,0.0188679245283018,0.017431758
5563,40,AW19,solid color top,0.0,0.005073958
5568,12,AW19,solid color top,0.0,0.0018593561
5568,30,AW19,solid color top,0.0,0.00033439574
5460,100,AW19,kimono dress,0.0,0.0071536675
5571,96,AW19,patterned top,0.0,0.004462752
5571,13,AW19,patterned top,0.0,0.001690498
5570,95,AW19,maxi,0.0,0.000398274
5570,18,AW19,maxi,0.0,0.002498315
5547,82,AW19,kimono dress,0.0,0.003365125
5571,31,AW19,patterned top,0.0,0.0039584474
5543,96,AW19,long sleeve,0.0188679245283018,0.008915488
5570,90,AW19,maxi,0.0,0.003770983
5571,76,AW19,patterned top,0.0,0.002230224
5534,79,AW19,long sleeve,0.0,0.0029576698
5039,105,AW19,solid color top,0.0,0.0033345404
5521,103,AW19,long coat,0.0,0.0037537084
5570,115,AW19,maxi,0.0,0.011575041
5569,108,AW19,maxi,0.0,0.0008204303
5570,125,AW19,maxi,0.0,0.0022849175
5535,100,AW19,kimono dress,0.0,0.0062090317
5571,51,AW19,patterned top,0.0,0.013660121
5570,104,AW19,maxi,0.0,0.000205642
5433,63,AW19,long coat,0.0,0.005622144
5475,21,AW19,culottes,0.0,0.008473679
5547,32,AW19,kimono dress,0.0,0.0025482292
5569,3,AW19,maxi,0.0,0.0021317475
5535,102,AW19,kimono dress,0.0,0.0038985824
5571,14,AW19,patterned top,0.0,0.0017321546
5570,21,AW19,maxi,0.0,0.003166327
5570,57,AW19,maxi,0.0,0.00050582155
5570,100,AW19,maxi,0.0,0.00069413724
5570,26,AW19,maxi,0.0,0.0033331232
5437,108,AW19,long sleeve,0.0188679245283018,0.007528611
5569,96,AW19,maxi,0.0,0.010691826
5571,43,AW19,patterned top,0.0,0.004225825
5547,121,AW19,kimono dress,0.0,0.0075521865
5571,80,AW19,patterned top,0.0,0.023233224
5569,31,AW19,maxi,0.0,0.0022491748
5569,105,AW19,maxi,0.0,0.0070589776
5526,82,AW19,short cardigan,0.0,0.0029441412
5571,108,AW19,patterned top,0.0,0.017061766
5570,8,AW19,maxi,0.0,0.0050246296
5571,30,AW19,patterned top,0.0,0.0038054432
5569,43,AW19,maxi,0.0,0.010453971
5424,102,AW19,long sleeve,0.0,0.0034519413
5569,80,AW19,maxi,0.0,0.012826829
5570,25,AW19,maxi,0.0,0.00013940173
5534,121,AW19,long sleeve,0.0188679245283018,0.014628059
5570,89,AW19,maxi,0.0,0.004124368
5569,13,AW19,maxi,0.0,0.0063188644
5570,84,AW19,maxi,0.0,0.0055474895
5570,75,AW19,maxi,0.0,0.00348999
5571,35,AW19,patterned top,0.0,0.008035371
5535,121,AW19,kimono dress,0.0,0.00898476
5440,5,AW19,sleeveless,0.0,0.003774051
5570,72,AW19,maxi,0.0,0.009737796
5546,61,AW19,long sleeve,0.0,0.005837241
5570,79,AW19,maxi,0.0,0.0007530155
5571,36,AW19,patterned top,0.0,0.0029186446
5488,63,AW19,long sleeve,0.0,0.0028769805
5570,86,AW19,maxi,0.0,0.0007665063
5546,14,AW19,long sleeve,0.0,0.0042652776
5570,39,AW19,maxi,0.0,0.0020718537
5471,13,AW19,medium coat,0.0,0.008622917
5457,21,AW19,long duster,0.0,0.006045291
5462,40,AW19,medium coat,0.0,0.003082109
5570,83,AW19,maxi,0.0,0.003660695
5537,64,AW19,long sleeve,0.0,0.002357095
5570,82,AW19,maxi,0.0,0.0007302448
5074,87,AW19,long sleeve,0.0,0.0073771263
5570,16,AW19,maxi,0.0,0.013878258
5571,26,AW19,patterned top,0.0,0.0033239801
5517,100,AW19,long sleeve,0.0,0.0037154139
5570,50,AW19,maxi,0.0,0.0029474797
5537,14,AW19,long sleeve,0.0,0.0046425457
5570,45,AW19,maxi,0.0,0.0019034141
5570,47,AW19,maxi,0.0,0.0018694174
5535,0,AW19,kimono dress,0.0,0.0040751146
5570,24,AW19,maxi,0.0,0.0033130166
5571,8,AW19,patterned top,0.0,0.0037768988
5502,19,AW19,long sleeve,0.0,0.001695484
5547,18,AW19,kimono dress,0.0,0.006151487
5450,8,AW19,medium coat,0.0,0.00425144
5570,2,AW19,maxi,0.0,0.01593374
5550,51,AW19,long sleeve,0.0,0.012027643
5570,1,AW19,maxi,0.0,0.007663725
5419,29,AW19,sleeveless,0.0,0.007851503
5569,76,AW19,maxi,0.0,0.0023618361
5571,87,AW19,patterned top,0.0,0.0011377697
5570,40,AW19,maxi,0.0,0.0011380729
5569,87,AW19,maxi,0.0377358490566037,0.003414992
5475,36,AW19,culottes,0.0,0.0063507725
5054,86,AW19,doll dress,0.0,0.00092093024
5571,20,AW19,patterned top,0.0,0.004503288
5571,83,AW19,patterned top,0.0,0.0020261644
5569,20,AW19,maxi,0.0,0.0067232763
5570,74,AW19,maxi,0.0,0.0018879822
5419,19,AW19,sleeveless,0.0,0.0021996356
5465,49,AW19,long coat,0.0,0.0033391167
5570,53,AW19,maxi,0.0,0.0018999835
5569,83,AW19,maxi,0.0,0.0059553287
5569,35,AW19,maxi,0.0,0.006467492
5571,121,AW19,patterned top,0.0,0.009017011
5569,46,AW19,maxi,0.0,0.00993234
5462,16,AW19,medium coat,0.0,0.002984279
5569,18,AW19,maxi,0.0,0.0016436323
5475,61,AW19,culottes,0.0,0.003939246
5547,25,AW19,kimono dress,0.0,0.0075557367
5571,69,AW19,patterned top,0.0,0.0030654648
5547,115,AW19,kimono dress,0.0188679245283018,0.0049900473
5570,32,AW19,maxi,0.0,0.0026356662
5569,115,AW19,maxi,0.0,0.0013242177
5502,1,AW19,long sleeve,0.0,0.0064091897
5570,96,AW19,maxi,0.0,0.012156465
5569,82,AW19,maxi,0.0,0.0013100317
5571,77,AW19,patterned top,0.0,0.004849286
5564,99,AW19,short coat,0.0,0.010767792
5562,74,AW19,maxi,0.0,0.02662038
5492,74,AW19,solid color top,0.0,0.0015780465
5563,102,AW19,solid color top,0.0377358490566037,0.013632762
5563,0,AW19,solid color top,0.0,0.0159677
4895,108,AW19,long sleeve,0.0,0.008932972
4950,103,AW19,medium coat,0.0188679245283018,0.017947778
4895,74,AW19,long sleeve,0.0,0.014024647
5397,6,AW19,patterned top,0.0,0.0035826303
5563,90,AW19,solid color top,0.0,0.0027264168
5397,52,AW19,patterned top,0.0,0.0028517977
5563,26,AW19,solid color top,0.0377358490566037,0.01704155
5563,53,AW19,solid color top,0.0,0.00869044
4779,61,AW19,medium coat,0.0188679245283018,0.027343256
5563,32,AW19,solid color top,0.0377358490566037,0.022025937
5560,102,AW19,medium coat,0.0,0.0057246624
5560,36,AW19,medium coat,0.0,0.0021195153
5560,51,AW19,medium coat,0.0188679245283018,0.020079346
5560,108,AW19,medium coat,0.0,0.002497533
5560,94,AW19,medium coat,0.0,0.0056498214
5563,69,AW19,solid color top,0.0,0.003364112
5563,29,AW19,solid color top,0.0,0.012673269
5451,19,AW19,medium coat,0.0188679245283018,0.0095984405
5563,23,AW19,solid color top,0.0188679245283018,0.024953507
5066,32,AW19,long coat,0.0,0.0055714054
5508,30,AW19,long sleeve,0.0,0.0024741471
5066,50,AW19,long coat,0.0188679245283018,0.010715538
5533,92,AW19,kimono dress,0.0,0.0036509156
5508,49,AW19,long sleeve,0.0188679245283018,0.003133698
5533,88,AW19,kimono dress,0.0566037735849056,0.004963261
5533,73,AW19,kimono dress,0.0,0.01402921
5522,107,AW19,solid color top,0.0,0.006188367
5397,47,AW19,patterned top,0.0,0.014007377
5533,5,AW19,kimono dress,0.0,0.0034565527
5009,87,AW19,long sleeve,0.0,0.0030527746
5373,108,AW19,long cardigan,0.0,0.005672907
5561,103,AW19,long coat,0.0188679245283018,0.021588493
5561,74,AW19,long coat,0.0,0.004290141
5568,73,AW19,solid color top,0.0,0.0034705435
5568,43,AW19,solid color top,0.0,0.0016230099
5561,93,AW19,long coat,0.0,0.0075436714
5535,84,AW19,kimono dress,0.0188679245283018,0.0039605447
5568,10,AW19,solid color top,0.0,0.005163566
5560,49,AW19,medium coat,0.0,0.0021280793
5066,104,AW19,long coat,0.0,0.009032599
5563,1,AW19,solid color top,0.0,0.009803993
5408,63,AW19,long sleeve,0.0,0.002696266
5563,66,AW19,solid color top,0.0188679245283018,0.0030128786
5535,66,AW19,kimono dress,0.0,0.012494255
5533,47,AW19,kimono dress,0.0,0.003430988
5539,74,AW19,maxi,0.0377358490566037,0.024552632
5436,62,AW19,long sleeve,0.0188679245283018,0.023393506
5533,109,AW19,kimono dress,0.0,0.0044176145
5533,82,AW19,kimono dress,0.0,0.0051785232
5454,47,AW19,culottes,0.0,0.0023729017
5563,105,AW19,solid color top,0.0188679245283018,0.016290886
5539,63,AW19,maxi,0.0,0.0045474106
5533,4,AW19,kimono dress,0.0377358490566037,0.0036780464
5533,8,AW19,kimono dress,0.0,0.0043825805
5073,31,AW19,medium coat,0.0,0.0029369364
5533,102,AW19,kimono dress,0.0,0.0048295297
5073,3,AW19,medium coat,0.0,0.026970366
5073,89,AW19,medium coat,0.0188679245283018,0.0037749105
5073,47,AW19,medium coat,0.0,0.010721695
5555,13,AW19,long sleeve,0.0,0.0021316588
5436,69,AW19,long sleeve,0.0,0.008119282
5563,75,AW19,solid color top,0.0,0.00043141804
5563,60,AW19,solid color top,0.0188679245283018,0.020233128
4784,13,AW19,culottes,0.0188679245283018,0.020787463
5563,45,AW19,solid color top,0.0,0.010208338
4844,108,AW19,doll dress,0.0,0.004636005
5563,33,AW19,solid color top,0.0,0.0090331
5047,46,AW19,long sleeve,0.0,0.0047703353
4989,107,AW19,miniskirt,0.0,0.00432281
5563,50,AW19,solid color top,0.0,0.009028212
5563,16,AW19,solid color top,0.0,0.010922128
5563,56,AW19,solid color top,0.0188679245283018,0.017681554
5359,91,AW19,culottes,0.0,0.002590652
5359,12,AW19,culottes,0.0,0.0037438099
5359,30,AW19,culottes,0.0,0.004528829
5563,5,AW19,solid color top,0.0566037735849056,0.014431165
5539,50,AW19,maxi,0.0,0.0065038186
4969,5,AW19,long sleeve,0.0,0.0025415793
5563,73,AW19,solid color top,0.0,0.0048555047
5563,88,AW19,solid color top,0.0,0.0065986053
5563,39,AW19,solid color top,0.0,0.006696776
5563,43,AW19,solid color top,0.0,0.009285999
5539,47,AW19,maxi,0.0,0.002441521
5563,87,AW19,solid color top,0.0,0.0046431124
5025,46,AW19,long sleeve,0.0188679245283018,0.022607788
5533,84,AW19,kimono dress,0.0377358490566037,0.020611072
4684,69,AW19,culottes,0.0,0.0045294
5562,91,AW19,maxi,0.0,0.008676372
5568,121,AW19,solid color top,0.0188679245283018,0.020840814
5566,15,AW19,short coat,0.0566037735849056,0.0105214575
5566,91,AW19,short coat,0.0,0.00960435
5566,31,AW19,short coat,0.0,0.0021359583
5025,74,AW19,long sleeve,0.0,0.01792772
5566,43,AW19,short coat,0.0,0.004686969
5566,108,AW19,short coat,0.0188679245283018,0.015733656
5568,103,AW19,solid color top,0.0,0.0018832893
5566,93,AW19,short coat,0.0,0.007970043
5025,16,AW19,long sleeve,0.0,0.0063905176
5566,0,AW19,short coat,0.0,0.0048427423
5566,103,AW19,short coat,0.0,0.00073266623
5564,30,AW19,short coat,0.0188679245283018,0.0071648895
5564,12,AW19,short coat,0.0188679245283018,0.01232444
5423,102,AW19,long sleeve,0.0,0.0015760591
5564,91,AW19,short coat,0.0,0.013518879
5380,18,AW19,long sleeve,0.0,0.0037707682
5566,1,AW19,short coat,0.0,0.0060901744
5562,84,AW19,maxi,0.0188679245283018,0.014666758
5562,92,AW19,maxi,0.0,0.015593466
5565,79,AW19,solid color top,0.0,0.004817985
5562,67,AW19,maxi,0.0,0.0023772519
5562,83,AW19,maxi,0.0,0.01114449
5562,106,AW19,maxi,0.0,0.012447666
5562,38,AW19,maxi,0.0,0.0066073164
5562,47,AW19,maxi,0.0754716981132075,0.014527406
5562,1,AW19,maxi,0.0,0.01216392
5562,24,AW19,maxi,0.0188679245283018,0.020802924
5562,45,AW19,maxi,0.0,0.0007649626
5565,27,AW19,solid color top,0.0,0.0064570974
5562,50,AW19,maxi,0.0,0.0037946498
5562,117,AW19,maxi,0.0,0.003862613
5562,13,AW19,maxi,0.0,0.0125454385
5565,22,AW19,solid color top,0.0188679245283018,0.01089999
5562,3,AW19,maxi,0.0,0.01467748
5562,6,AW19,maxi,0.0188679245283018,0.0123907635
5548,19,AW19,kimono dress,0.0,0.017505622
5562,9,AW19,maxi,0.0,0.006712328
5548,43,AW19,kimono dress,0.0188679245283018,0.010079197
5565,88,AW19,solid color top,0.0,0.00422805
5564,19,AW19,short coat,0.0188679245283018,0.0045018275
5533,91,AW19,kimono dress,0.0,0.0056183916
5564,75,AW19,short coat,0.0,0.0076218224
5564,73,AW19,short coat,0.0,0.006702155
4760,103,AW19,long cardigan,0.0,0.0023101724
5532,27,AW19,kimono dress,0.0,0.0026828318
5532,82,AW19,kimono dress,0.0,0.0033437067
5532,107,AW19,kimono dress,0.0,0.0024686577
5532,121,AW19,kimono dress,0.0,0.0031156917
5428,33,AW19,sheath dress,0.0,0.005704636
5428,117,AW19,sheath dress,0.0188679245283018,0.026460161
4760,108,AW19,long cardigan,0.0188679245283018,0.020875039
5497,100,AW19,long coat,0.0,0.0038809136
5470,103,AW19,medium coat,0.0,0.0062762746
5470,3,AW19,medium coat,0.0,0.0035401443
5490,4,AW19,culottes,0.0,0.0031262764
5504,89,AW19,medium coat,0.0,0.006460111
5504,86,AW19,medium coat,0.0188679245283018,0.026291136
5535,5,AW19,kimono dress,0.0,0.011091604
5532,23,AW19,kimono dress,0.0,0.0020985191
5530,46,AW19,medium coat,0.0,0.0029460075
5509,76,AW19,medium coat,0.0,0.007191374
5532,8,AW19,kimono dress,0.0,0.011403672
5072,66,AW19,medium coat,0.0188679245283018,0.008694462
4987,88,AW19,long dress,0.0188679245283018,0.008798888
5397,8,AW19,patterned top,0.0,0.02783866
5543,105,AW19,long sleeve,0.0,0.006627695
4928,108,AW19,medium coat,0.0,0.0013473906
5564,68,AW19,short coat,0.0,0.017367773
5356,10,AW19,long sleeve,0.0,0.01062724
5564,27,AW19,short coat,0.0,0.008396712
5564,83,AW19,short coat,0.0188679245283018,0.0077728657
5564,46,AW19,short coat,0.0188679245283018,0.012103922
5532,84,AW19,kimono dress,0.0377358490566037,0.01316542
5564,103,AW19,short coat,0.0,0.008268237
5563,96,AW19,solid color top,0.0377358490566037,0.0023116795
5562,49,AW19,maxi,0.0,0.00636862
5563,30,AW19,solid color top,0.0,0.009973861
5562,62,AW19,maxi,0.0,0.011394551
5337,53,AW19,kimono dress,0.0,0.0062236683
5532,88,AW19,kimono dress,0.0,0.007189526
5394,62,AW19,maxi,0.0188679245283018,0.021847012
5397,23,AW19,patterned top,0.0,0.0022818092
5337,0,AW19,kimono dress,0.0188679245283018,0.02628382
5076,64,AW19,sheath dress,0.0,0.005723565
5564,43,AW19,short coat,0.0,0.005695778
5543,79,AW19,long sleeve,0.0754716981132075,0.017283771
5483,76,AW19,sheath dress,0.0,0.0023154293
5558,2,AW19,medium coat,0.0,0.0022540549
5063,15,AW19,kimono dress,0.0566037735849056,0.011522384
5527,87,AW19,long coat,0.0,0.0036520334
5544,0,AW19,kimono dress,0.0,0.0047562285
4938,95,AW19,culottes,0.0,0.009119266
5538,121,AW19,kimono dress,0.0,0.00386438
5473,41,AW19,culottes,0.0,0.0014650295
5381,20,AW19,long sleeve,0.0,0.0037293315
5474,0,AW19,long dress,0.0,0.0058662184
5495,94,AW19,solid color top,0.0,0.0063571804
5503,82,AW19,long sleeve,0.0,0.0174771
5485,45,AW19,short sleeves,0.0,0.004009578
5495,110,AW19,solid color top,0.0,0.0031937268
5540,94,AW19,culottes,0.0,0.0026905579
5503,30,AW19,long sleeve,0.0,0.014244159
5498,3,AW19,doll dress,0.0,0.0060858396
5507,94,AW19,long sleeve,0.0,0.0065814625
5538,8,AW19,kimono dress,0.0,0.015289715
5538,59,AW19,kimono dress,0.0,0.006582194
5538,66,AW19,kimono dress,0.0377358490566037,0.011348492
5529,41,AW19,culottes,0.0,0.0051442008
5529,103,AW19,culottes,0.0,0.012738653
5529,18,AW19,culottes,0.0188679245283018,0.005555745
5544,4,AW19,kimono dress,0.0188679245283018,0.012070071
5557,94,AW19,medium coat,0.0,0.005889106
5526,121,AW19,short cardigan,0.0,0.018471291
5557,22,AW19,medium coat,0.0,0.005251215
5547,48,AW19,kimono dress,0.0,0.008325687
4930,88,AW19,solid color top,0.0,0.002146808
5557,67,AW19,medium coat,0.0188679245283018,0.007727433
5358,15,AW19,long sleeve,0.0,0.008660298
5059,73,AW19,kimono dress,0.0566037735849056,0.023895565
5557,21,AW19,medium coat,0.0,0.002328962
5501,18,AW19,long dress,0.0,0.007205021
5557,115,AW19,medium coat,0.0,0.0041585322
5529,56,AW19,culottes,0.0,0.0078233965
5529,22,AW19,culottes,0.0,0.0048834295
5558,94,AW19,medium coat,0.0,0.007908997
5538,88,AW19,kimono dress,0.0,0.009591575
5558,14,AW19,medium coat,0.0188679245283018,0.0033460297
5544,8,AW19,kimono dress,0.0,0.008850101
5558,73,AW19,medium coat,0.0,0.0026582892
5529,106,AW19,culottes,0.0,0.0022889366
5529,82,AW19,culottes,0.0,0.0015153502
4908,108,AW19,solid color top,0.0,0.004966365
5567,75,AW19,long sleeve,0.0,0.009382644
5538,100,AW19,kimono dress,0.0,0.009608768
5538,57,AW19,kimono dress,0.0,0.008914644
5020,63,AW19,trapeze dress,0.0,0.0024749043
5444,51,AW19,long sleeve,0.0,0.0014210398
5544,84,AW19,kimono dress,0.0377358490566037,0.0041243657
5553,107,AW19,long sleeve,0.0188679245283018,0.026612412
5553,20,AW19,long sleeve,0.0,0.00035069702
5558,117,AW19,medium coat,0.0,0.0059796395
5558,22,AW19,medium coat,0.0,0.0059399935
5545,15,AW19,medium coat,0.0188679245283018,0.021203995
5544,88,AW19,kimono dress,0.0,0.006438898
5558,45,AW19,medium coat,0.0188679245283018,0.0024629773
5477,3,AW19,long sleeve,0.0,0.003660701
5521,15,AW19,long coat,0.0,0.0035172994
5477,77,AW19,long sleeve,0.0,0.004235608
5473,32,AW19,culottes,0.0,0.0048084036
5558,36,AW19,medium coat,0.0188679245283018,0.008471555
5558,26,AW19,medium coat,0.0,0.0014323121
5558,18,AW19,medium coat,0.0,0.0016868326
5553,22,AW19,long sleeve,0.0,0.0018942483
5545,14,AW19,medium coat,0.0,0.007027402
5558,5,AW19,medium coat,0.0,0.008156091
5553,59,AW19,long sleeve,0.0188679245283018,0.020082217
5513,57,AW19,sleeveless,0.0,0.004565228
5553,29,AW19,long sleeve,0.0,0.002208968
5540,83,AW19,culottes,0.0,0.0045378264
4886,108,AW19,long sleeve,0.0,0.0027822566
5544,121,AW19,kimono dress,0.0,0.011087911
5540,121,AW19,culottes,0.0,0.006330396
5545,109,AW19,medium coat,0.0,0.005666414
5554,51,AW19,long sleeve,0.0,0.0069910805
5554,108,AW19,long sleeve,0.0,0.0037527117
5545,47,AW19,medium coat,0.0,0.005625087
5540,90,AW19,culottes,0.0188679245283018,0.0054688924
5521,10,AW19,long coat,0.0,0.002370745
5486,3,AW19,long sleeve,0.0,0.0064623626
5545,22,AW19,medium coat,0.0188679245283018,0.015460741
5554,15,AW19,long sleeve,0.0188679245283018,0.0108151175
5554,10,AW19,long sleeve,0.0,0.004656506
5540,4,AW19,culottes,0.0,0.006903842
5544,82,AW19,kimono dress,0.0,0.012810861
5553,19,AW19,long sleeve,0.0,0.0011278586
5553,75,AW19,long sleeve,0.0,0.0026907756
5477,30,AW19,long sleeve,0.0,0.003790652
5513,29,AW19,sleeveless,0.0,0.0053340453
5543,8,AW19,long sleeve,0.0,0.013590657
5567,88,AW19,long sleeve,0.0188679245283018,0.0033970843
5553,13,AW19,long sleeve,0.0,0.0025532302
5554,74,AW19,long sleeve,0.0,0.0018918199
5338,33,AW19,kimono dress,0.0,0.011995965
5551,49,AW19,long sleeve,0.0,0.005396213
5441,85,AW19,long dress,0.0,0.006797544
5510,20,AW19,short sleeves,0.0,0.0002334116
5556,57,AW19,long sleeve,0.0,0.011561944
5389,79,AW19,long sleeve,0.0,0.005258397
5464,104,AW19,sheath dress,0.0,0.0065819663
5554,83,AW19,long sleeve,0.0,0.0050630514
5552,3,AW19,long sleeve,0.0,0.007933045
5533,23,AW19,kimono dress,0.0,0.0033218712
5510,22,AW19,short sleeves,0.0,0.0026184083
5389,82,AW19,long sleeve,0.0,0.0038872196
5554,46,AW19,long sleeve,0.0,0.0047238218
5441,25,AW19,long dress,0.0188679245283018,0.020326836
5053,4,AW19,culottes,0.0188679245283018,0.023096316
4977,44,AW19,doll dress,0.0188679245283018,0.0233222
5525,93,AW19,long sleeve,0.0,0.0010235539
5551,14,AW19,long sleeve,0.0,0.0030640566
5389,74,AW19,long sleeve,0.0,0.0028801973
5554,101,AW19,long sleeve,0.0,0.0033293657
5552,12,AW19,long sleeve,0.0,0.0040040826
5551,46,AW19,long sleeve,0.0,0.008698211
5485,15,AW19,short sleeves,0.0,0.0067927535
5389,44,AW19,long sleeve,0.0,0.004628813
5551,75,AW19,long sleeve,0.0,0.0025899126
5552,19,AW19,long sleeve,0.0,0.006742666
5551,82,AW19,long sleeve,0.0,0.0037530744
5527,94,AW19,long coat,0.0188679245283018,0.00994393
5551,56,AW19,long sleeve,0.0,0.0032853484
5536,77,AW19,medium coat,0.0,0.007472461
5551,73,AW19,long sleeve,0.0,0.0039657927
5554,20,AW19,long sleeve,0.0,0.00052477897
5552,75,AW19,long sleeve,0.0,0.0033366214
5485,65,AW19,short sleeves,0.0,0.003112038
5554,61,AW19,long sleeve,0.0,0.002544303
5554,44,AW19,long sleeve,0.0,0.005100528
5567,69,AW19,long sleeve,0.0,0.007201088
5556,30,AW19,long sleeve,0.0,0.0042732707
5455,83,AW19,solid color top,0.0,0.0028466724
5463,83,AW19,sheath dress,0.0,0.004538983
5455,62,AW19,solid color top,0.0,0.001966212
5463,4,AW19,sheath dress,0.0,0.009058665
5536,85,AW19,medium coat,0.0,0.006278627
5538,28,AW19,kimono dress,0.0,0.0064012357
5341,105,AW19,kimono dress,0.0,0.0049296375
5467,51,AW19,sleeveless,0.0,0.0
5556,105,AW19,long sleeve,0.0,0.008024333
4992,10,AW19,long coat,0.0,0.0019227498
5536,53,AW19,medium coat,0.0188679245283018,0.0053898585
4931,117,AW19,culottes,0.0,0.0065756193
5552,61,AW19,long sleeve,0.0,0.002636227
5467,19,AW19,sleeveless,0.0,0.0063846335
5538,50,AW19,kimono dress,0.0,0.004868595
5567,72,AW19,long sleeve,0.0188679245283018,0.003615093
5529,49,AW19,culottes,0.0566037735849056,0.0064527337
5543,77,AW19,long sleeve,0.0,0.008659475
5556,73,AW19,long sleeve,0.0,0.0041289735
5038,102,AW19,long sleeve,0.0,0.0029074294
5464,87,AW19,sheath dress,0.0,0.006012528
5554,57,AW19,long sleeve,0.0,0.0023614531
5556,13,AW19,long sleeve,0.0,0.0054943073
5483,46,AW19,sheath dress,0.0,0.0025230106
5447,35,AW19,solid color top,0.0,0.0044331015
5572,80,AW19,doll dress,0.0,0.006833375
5575,40,AW19,trapeze dress,0.0566037735849056,0.008429546
5575,106,AW19,trapeze dress,0.0,0.0045256778
5530,3,AW19,medium coat,0.0,0.0011907084
5577,8,AW19,trapeze dress,0.0,0.003160673
5577,74,AW19,trapeze dress,0.0,0.003898355
5575,32,AW19,trapeze dress,0.0,0.0046642493
5577,103,AW19,trapeze dress,0.0377358490566037,0.0036928316
4940,89,AW19,sheath dress,0.0188679245283018,0.007876642
5577,40,AW19,trapeze dress,0.0,0.0042693675
5577,95,AW19,trapeze dress,0.0,0.009176511
5563,49,AW19,solid color top,0.0,0.0051026335
5577,90,AW19,trapeze dress,0.0,0.008760931
5577,81,AW19,trapeze dress,0.0,0.007306717
5572,88,AW19,doll dress,0.0,0.0074193706
5575,67,AW19,trapeze dress,0.0,0.004845705
5575,85,AW19,trapeze dress,0.0,0.0071438914
5577,13,AW19,trapeze dress,0.0,0.003435428
5572,45,AW19,doll dress,0.0,0.0064150095
5572,13,AW19,doll dress,0.0,0.0049782065
5577,47,AW19,trapeze dress,0.0,0.0040122946
5577,1,AW19,trapeze dress,0.0,0.0037114322
5577,86,AW19,trapeze dress,0.0,0.0010812748
5572,4,AW19,doll dress,0.0,0.0063395123
5532,90,AW19,kimono dress,0.0,0.0044202115
5572,21,AW19,doll dress,0.0,0.002253979
5572,125,AW19,doll dress,0.0,0.0075932564
5577,77,AW19,trapeze dress,0.0,0.005789677
5577,39,AW19,trapeze dress,0.0,0.0057337596
5577,89,AW19,trapeze dress,0.0,0.009060249
5577,76,AW19,trapeze dress,0.0188679245283018,0.004819622
5057,43,AW19,solid color top,0.0,0.0038654155
5577,88,AW19,trapeze dress,0.0188679245283018,0.004962569
4966,30,AW19,long duster,0.0,0.0048520067
5577,108,AW19,trapeze dress,0.0,0.0072782193
5577,52,AW19,trapeze dress,0.0,0.0024313207
5532,32,AW19,kimono dress,0.0,0.0047645383
5577,56,AW19,trapeze dress,0.0,0.0049746167
5577,33,AW19,trapeze dress,0.0,0.008530782
5577,105,AW19,trapeze dress,0.0,0.004892132
5530,50,AW19,medium coat,0.0,0.006108621
5490,87,AW19,culottes,0.0,0.0035848154
5572,81,AW19,doll dress,0.0,0.0033930142
5575,90,AW19,trapeze dress,0.0,0.007960751
5509,36,AW19,medium coat,0.0,0.0030333758
5575,8,AW19,trapeze dress,0.0,0.003144723
5575,59,AW19,trapeze dress,0.0,0.006415872
5575,115,AW19,trapeze dress,0.0,0.010977538
5575,104,AW19,trapeze dress,0.0,0.0033291506
5337,44,AW19,kimono dress,0.0,0.005665162
5575,29,AW19,trapeze dress,0.0,0.007223982
5575,41,AW19,trapeze dress,0.0,0.011804662
5504,3,AW19,medium coat,0.0,0.005790056
5577,30,AW19,trapeze dress,0.0,0.00674237
5572,76,AW19,doll dress,0.0,0.004273189
5577,12,AW19,trapeze dress,0.0,0.0076065976
5577,61,AW19,trapeze dress,0.0,0.014590217
5532,25,AW19,kimono dress,0.0,0.008206619
5577,31,AW19,trapeze dress,0.0,0.0058320733
5572,51,AW19,doll dress,0.0,0.0066268304
5360,45,AW19,long sleeve,0.0,0.0050488394
5577,84,AW19,trapeze dress,0.0,0.012917868
5428,19,AW19,sheath dress,0.0188679245283018,0.025761763
5543,56,AW19,long sleeve,0.0,0.006371166
5575,15,AW19,trapeze dress,0.0,0.004254694
5575,61,AW19,trapeze dress,0.0188679245283018,0.015820796
5563,3,AW19,solid color top,0.0,0.0053531458
4860,1,AW19,sleeveless,0.0,0.0019357457
5556,108,AW19,long sleeve,0.0,0.0036378284
5556,39,AW19,long sleeve,0.0188679245283018,0.022083782
5359,15,AW19,culottes,0.0,0.0042201136
5556,60,AW19,long sleeve,0.0,0.011397595
5556,75,AW19,long sleeve,0.0,0.004624049
5511,57,AW19,long sleeve,0.0,0.0033443295
5510,49,AW19,short sleeves,0.0,0.0059065577
5556,12,AW19,long sleeve,0.0,0.0039562024
4844,25,AW19,doll dress,0.0377358490566037,0.021388266
5510,2,AW19,short sleeves,0.0,0.0024353466
4389,110,AW19,culottes,0.0,0.003475077
5441,57,AW19,long dress,0.0,0.003427564
5563,76,AW19,solid color top,0.0,0.0064256266
5567,22,AW19,long sleeve,0.0,0.011468035
5574,2,AW19,trapeze dress,0.0,0.00276411
5574,49,AW19,trapeze dress,0.0,0.0
5574,7,AW19,trapeze dress,0.0,0.0032889636
5574,15,AW19,trapeze dress,0.0188679245283018,0.015362936
5574,31,AW19,trapeze dress,0.0,0.0068110162
4895,64,AW19,long sleeve,0.0,0.0072878604
5560,31,AW19,medium coat,0.0,0.004297741
5563,106,AW19,solid color top,0.0,0.0052323756
5560,105,AW19,medium coat,0.0,0.0054398472
5574,86,AW19,trapeze dress,0.0,0.0073978743
5560,16,AW19,medium coat,0.0,0.005333917
5574,92,AW19,trapeze dress,0.0,0.007573359
5567,89,AW19,long sleeve,0.0566037735849056,0.011237425
5459,76,AW19,culottes,0.0,0.0043804003
5556,82,AW19,long sleeve,0.0,0.0020311705
5441,4,AW19,long dress,0.0,0.009641103
5463,25,AW19,sheath dress,0.0188679245283018,0.0030209105
5527,62,AW19,long coat,0.0,0.0055575133
5511,74,AW19,long sleeve,0.0,0.0033412923
5511,40,AW19,long sleeve,0.0,0.0017605777
5533,44,AW19,kimono dress,0.0188679245283018,0.004562472
5552,107,AW19,long sleeve,0.0,0.014263174
5527,65,AW19,long coat,0.0,0.0070626
5046,46,AW19,medium coat,0.0,0.0030946124
5552,1,AW19,long sleeve,0.0188679245283018,0.004364921
5468,87,AW19,culottes,0.0188679245283018,0.026810857
5500,30,AW19,culottes,0.0,0.0066460897
5525,81,AW19,long sleeve,0.0188679245283018,0.004526385
5468,76,AW19,culottes,0.0,0.007829473
5046,19,AW19,medium coat,0.0,0.0035753422
5468,93,AW19,culottes,0.0,0.003349315
5468,16,AW19,culottes,0.0188679245283018,0.02270757
4806,107,AW19,culottes,0.0,0.0033025981
4899,87,AW19,culottes,0.0188679245283018,0.021801949
5539,102,AW19,maxi,0.0,0.010035119
5552,94,AW19,long sleeve,0.0,0.008148412
5533,107,AW19,kimono dress,0.0,0.00403272
5436,10,AW19,long sleeve,0.0,0.0028067545
5533,27,AW19,kimono dress,0.0188679245283018,0.024051877
5551,40,AW19,long sleeve,0.0,0.0033230449
5425,1,AW19,long sleeve,0.0,0.005640418
5525,43,AW19,long sleeve,0.0188679245283018,0.015278802
5563,84,AW19,solid color top,0.0,0.003935063
5515,57,AW19,long sleeve,0.0,0.008926621
5441,0,AW19,long dress,0.0,0.0030872878
5574,88,AW19,trapeze dress,0.0,0.0070143277
5574,110,AW19,trapeze dress,0.0188679245283018,0.0054486096
5574,6,AW19,trapeze dress,0.0,0.0036930921
5563,85,AW19,solid color top,0.0,0.004494805
4764,47,AW19,sleeveless,0.0,0.0009260816
4892,105,AW19,long sleeve,0.0,0.0033719135
5575,12,AW19,trapeze dress,0.0,0.0053703743
5575,10,AW19,trapeze dress,0.0,0.0026578568
5577,29,AW19,trapeze dress,0.0,0.008890932
5575,31,AW19,trapeze dress,0.0,0.007692452
5575,94,AW19,trapeze dress,0.0188679245283018,0.00836481
5561,21,AW19,long coat,0.0188679245283018,0.02416197
5575,105,AW19,trapeze dress,0.0754716981132075,0.01138857
5561,64,AW19,long coat,0.0,0.0062756375
5508,87,AW19,long sleeve,0.0,0.01190385
5575,86,AW19,trapeze dress,0.0,0.013281769
5575,92,AW19,trapeze dress,0.0,0.008471129
5575,39,AW19,trapeze dress,0.0,0.0096535925
5373,82,AW19,long cardigan,0.0,0.0082016
4763,108,AW19,medium coat,0.0188679245283018,0.019523144
5575,80,AW19,trapeze dress,0.0,0.0080438405
5575,3,AW19,trapeze dress,0.0,0.0055867084
5575,108,AW19,trapeze dress,0.0,0.007907808
5575,99,AW19,trapeze dress,0.0,0.005758786
5535,48,AW19,kimono dress,0.0,0.004699284
5575,13,AW19,trapeze dress,0.0,0.006673536
5575,22,AW19,trapeze dress,0.0,0.0048463214
5575,52,AW19,trapeze dress,0.0,0.007582464
5575,24,AW19,trapeze dress,0.0,0.008579057
5575,76,AW19,trapeze dress,0.0188679245283018,0.019667193
5575,89,AW19,trapeze dress,0.0188679245283018,0.024558801
5575,77,AW19,trapeze dress,0.0,0.003725997
5575,20,AW19,trapeze dress,0.0188679245283018,0.006990207
5575,30,AW19,trapeze dress,0.0,0.010014177
5057,108,AW19,solid color top,0.0188679245283018,0.0038841593
5574,23,AW19,trapeze dress,0.0,0.0052529373
5561,5,AW19,long coat,0.0,0.006313204
5574,99,AW19,trapeze dress,0.0,0.008020589
5574,56,AW19,trapeze dress,0.0,0.0050657084
5574,13,AW19,trapeze dress,0.0,0.0058908937
5397,60,AW19,patterned top,0.0,0.01541724
5574,33,AW19,trapeze dress,0.0,0.004346798
5574,22,AW19,trapeze dress,0.0,0.008744983
5574,24,AW19,trapeze dress,0.0,0.006746178
5397,88,AW19,patterned top,0.0,0.007555255
5495,62,AW19,solid color top,0.0,0.0060447655
5397,110,AW19,patterned top,0.0,0.0064876713
5574,47,AW19,trapeze dress,0.0188679245283018,0.0048573683
5574,20,AW19,trapeze dress,0.0,0.0049331114
5574,106,AW19,trapeze dress,0.0,0.0033250405
5574,82,AW19,trapeze dress,0.0,0.0024504566
5574,72,AW19,trapeze dress,0.0,0.0031072441
5574,32,AW19,trapeze dress,0.0,0.0020578972
5574,53,AW19,trapeze dress,0.0188679245283018,0.008103956
5495,13,AW19,solid color top,0.0,0.0039006115
5574,74,AW19,trapeze dress,0.0,0.005180647
5563,25,AW19,solid color top,0.0,0.0037130541
5574,81,AW19,trapeze dress,0.0,0.0060154162
5563,125,AW19,solid color top,0.0,0.008157333
4771,60,AW19,medium coat,0.0188679245283018,0.011496632
5574,0,AW19,trapeze dress,0.0,0.008422301
5561,12,AW19,long coat,0.0,0.0041875914
5574,63,AW19,trapeze dress,0.0,0.0104332855
5574,100,AW19,trapeze dress,0.0,0.0048886933
5574,29,AW19,trapeze dress,0.0,0.0051966463
5574,64,AW19,trapeze dress,0.0,0.011151433
5574,41,AW19,trapeze dress,0.0,0.00799511
5577,41,AW19,trapeze dress,0.0188679245283018,0.0069121514
5453,43,AW19,miniskirt,0.0188679245283018,0.021428704
4853,88,AW19,trapeze dress,0.0,0.0028802075
5558,16,AW19,medium coat,0.0,0.0049514854
5573,41,AW19,trapeze dress,0.0,0.010753648
5562,59,AW19,maxi,0.0,0.0065284595
5573,64,AW19,trapeze dress,0.0,0.005310549
5562,102,AW19,maxi,0.0,0.005949286
5405,16,AW19,sleeveless,0.0,0.0046365918
5573,115,AW19,trapeze dress,0.0,0.0050387885
5573,59,AW19,trapeze dress,0.0,0.005950553
5571,93,AW19,patterned top,0.0,0.004954126
5536,18,AW19,medium coat,0.0,0.0069343965
5536,35,AW19,medium coat,0.0,0.0056887963
5573,90,AW19,trapeze dress,0.0,0.009741035
5569,10,AW19,maxi,0.0,0.01676116
5569,75,AW19,maxi,0.0,0.0072895987
5521,39,AW19,long coat,0.0,0.004547461
5482,31,AW19,sleeveless,0.0,0.0033234796
5573,81,AW19,trapeze dress,0.0,0.0030889343
5576,30,AW19,trapeze dress,0.0566037735849056,0.020532442
5545,87,AW19,medium coat,0.0,0.01103252
5576,54,AW19,trapeze dress,0.0,0.007944027
5576,12,AW19,trapeze dress,0.0377358490566037,0.013759013
5050,80,AW19,solid color top,0.0,0.005885221
5554,19,AW19,long sleeve,0.0,0.003527091
5565,106,AW19,solid color top,0.0,0.0037266214
5573,5,AW19,trapeze dress,0.0,0.0053230324
5565,95,AW19,solid color top,0.0,0.0118848635
5576,105,AW19,trapeze dress,0.0188679245283018,0.013803533
5553,93,AW19,long sleeve,0.0,0.0044407146
5558,64,AW19,medium coat,0.0,0.0068352325
5562,101,AW19,maxi,0.0,0.011699003
5576,94,AW19,trapeze dress,0.0,0.005015646
5576,65,AW19,trapeze dress,0.0,0.02143358
5576,31,AW19,trapeze dress,0.0,0.012257999
5512,57,AW19,long sleeve,0.0,0.0054571605
5558,87,AW19,medium coat,0.0,0.010817055
5350,104,AW19,solid color top,0.0,0.0045969468
5025,23,AW19,long sleeve,0.0188679245283018,0.023749052
5562,0,AW19,maxi,0.0,0.004424759
5571,53,AW19,patterned top,0.0,0.004042731
5545,68,AW19,medium coat,0.0,0.0042934394
5524,57,AW19,sleeveless,0.0188679245283018,0.02580154
5055,103,AW19,culottes,0.0,0.0038986339
5536,93,AW19,medium coat,0.0188679245283018,0.02564917
5570,20,AW19,maxi,0.0,0.0034120544
5573,106,AW19,trapeze dress,0.0,0.016813768
5535,107,AW19,kimono dress,0.0,0.008526035
5573,76,AW19,trapeze dress,0.0,0.0019632545
5573,92,AW19,trapeze dress,0.0,0.006779986
5570,68,AW19,maxi,0.0,0.00996059
5573,43,AW19,trapeze dress,0.0,0.011401407
5570,48,AW19,maxi,0.0,0.0024998868
5573,88,AW19,trapeze dress,0.0,0.002974554
5573,24,AW19,trapeze dress,0.0,0.007465229
5573,52,AW19,trapeze dress,0.0,0.0041480185
5573,22,AW19,trapeze dress,0.0,0.006357434
5570,33,AW19,maxi,0.0,0.0043017273
5573,80,AW19,trapeze dress,0.0,0.020358866
5573,6,AW19,trapeze dress,0.0188679245283018,0.0058744997
5573,108,AW19,trapeze dress,0.0,0.008676368
5458,104,AW19,sleeveless,0.0,0.0027654176
5507,91,AW19,long sleeve,0.0,0.0037809757
5573,86,AW19,trapeze dress,0.0,0.0027039605
5573,60,AW19,trapeze dress,0.0,0.02216471
5573,32,AW19,trapeze dress,0.0,0.0064759497
5573,85,AW19,trapeze dress,0.0,0.0049637607
5545,53,AW19,medium coat,0.0188679245283018,0.011838168
5573,54,AW19,trapeze dress,0.0,0.005482253
5422,117,AW19,long sleeve,0.0188679245283018,0.020388408
5573,12,AW19,trapeze dress,0.0,0.0050880793
5507,86,AW19,long sleeve,0.0,0.0032030444
5557,75,AW19,medium coat,0.0188679245283018,0.005890271
5565,3,AW19,solid color top,0.0,0.0050648605
5545,26,AW19,medium coat,0.0,0.006258768
5545,46,AW19,medium coat,0.0,0.0043781856
5573,7,AW19,trapeze dress,0.0,0.005317489
5557,26,AW19,medium coat,0.0,0.0044391477
5573,31,AW19,trapeze dress,0.0,0.0017875922
5358,63,AW19,long sleeve,0.0,0.009609637
5573,94,AW19,trapeze dress,0.0,0.0070116916
5406,79,AW19,long coat,0.0,0.0069916043
4945,109,AW19,short sleeves,0.0,0.0045687966
5573,10,AW19,trapeze dress,0.0,0.004958244
5540,87,AW19,culottes,0.0188679245283018,0.00553942
5573,99,AW19,trapeze dress,0.0,0.0068595717
5576,1,AW19,trapeze dress,0.0,0.0054164454
5402,102,AW19,short cardigan,0.0,0.0036019622
5562,10,AW19,maxi,0.0,0.007585338
5576,100,AW19,trapeze dress,0.0188679245283018,0.02904842
5576,8,AW19,trapeze dress,0.0,0.020174008
5576,22,AW19,trapeze dress,0.0,0.014456772
5576,52,AW19,trapeze dress,0.0,0.012186977
5354,1,AW19,long sleeve,0.0,0.00426479
5529,79,AW19,culottes,0.0,0.009539575
5576,24,AW19,trapeze dress,0.0188679245283018,0.007631669
5527,108,AW19,long coat,0.0,0.01001551
5564,80,AW19,short coat,0.0,0.018865021
5380,105,AW19,long sleeve,0.0,0.004383554
5564,104,AW19,short coat,0.0,0.01341189
5576,103,AW19,trapeze dress,0.0,0.007931471
5564,108,AW19,short coat,0.0,0.004002727
5562,75,AW19,maxi,0.0,0.017766895
5576,47,AW19,trapeze dress,0.0188679245283018,0.016724862
5564,28,AW19,short coat,0.0,0.007711716
4392,88,AW19,long sleeve,0.0188679245283018,0.014799967
5564,35,AW19,short coat,0.0,0.015640613
5547,0,AW19,kimono dress,0.0,0.005080031
5564,40,AW19,short coat,0.0,0.0031348874
5502,26,AW19,long sleeve,0.0,0.0027799797
5511,29,AW19,long sleeve,0.0,0.0066001066
5564,67,AW19,short coat,0.0,0.0070513138
5521,44,AW19,long coat,0.0,0.0054333857
5564,1,AW19,short coat,0.0,0.0041936534
5521,32,AW19,long coat,0.0,0.0046175304
5485,49,AW19,short sleeves,0.0,0.0072325883
5446,1,AW19,long sleeve,0.0,0.0028505677
5576,21,AW19,trapeze dress,0.0377358490566037,0.015660608
5564,62,AW19,short coat,0.0188679245283018,0.008987687
5527,76,AW19,long coat,0.0,0.00822816
5521,80,AW19,long coat,0.0,0.009959999
5379,15,AW19,long coat,0.0,0.0016361843
5498,32,AW19,doll dress,0.0,0.005297525
5568,104,AW19,solid color top,0.0,0.003837044
5526,83,AW19,short cardigan,0.0,0.003814075
5576,29,AW19,trapeze dress,0.0,0.016712988
5498,107,AW19,doll dress,0.0,0.0052984897
5531,28,AW19,long sleeve,0.0,0.008175918
4988,10,AW19,medium coat,0.0188679245283018,0.0018474164
5576,86,AW19,trapeze dress,0.0,0.018852102
5503,76,AW19,long sleeve,0.0,0.009141289
5576,110,AW19,trapeze dress,0.0,0.013906687
5566,62,AW19,short coat,0.0,0.0035964646
5576,43,AW19,trapeze dress,0.0,0.009901301
5071,41,AW19,long coat,0.0,0.00266762
5527,74,AW19,long coat,0.0,0.0032984307
5394,59,AW19,maxi,0.0,0.0048879357
5566,89,AW19,short coat,0.0,0.003888054
5538,32,AW19,kimono dress,0.0,0.0054217996
5576,115,AW19,trapeze dress,0.0,0.0065915817
5576,9,AW19,trapeze dress,0.0,0.013362197
5566,73,AW19,short coat,0.0,0.0023087503
5498,75,AW19,doll dress,0.0,0.0035662833
5521,87,AW19,long coat,0.0,0.0046947915
5576,104,AW19,trapeze dress,0.0,0.006380445
5503,51,AW19,long sleeve,0.0188679245283018,0.021367915
5576,80,AW19,trapeze dress,0.0566037735849056,0.03532806
5521,50,AW19,long coat,0.0,0.008445257
5576,73,AW19,trapeze dress,0.0,0.0069617135
5574,48,AW19,trapeze dress,0.0,0.0018857851
4973,69,AW19,culottes,0.0,0.007953342
5576,18,AW19,trapeze dress,0.0,0.02389761
5576,0,AW19,trapeze dress,0.0,0.008910967
5574,65,AW19,trapeze dress,0.0,0.004748334
5576,25,AW19,trapeze dress,0.0,0.01134049
5574,9,AW19,trapeze dress,0.0,0.002838271
5439,104,AW19,solid color top,0.0,0.010590037
4778,88,AW19,medium coat,0.0,0.006641121
5563,86,AW19,solid color top,0.0,0.0033504013
5465,53,AW19,long coat,0.0,0.0066039795
5576,75,AW19,trapeze dress,0.0,0.013314907
5511,8,AW19,long sleeve,0.0,0.002442216
5434,115,AW19,culottes,0.0,0.0013214607
5535,44,AW19,kimono dress,0.0,0.003960729
5441,28,AW19,long dress,0.0,0.0028543535
4988,117,AW19,medium coat,0.0,0.0037642473
5576,15,AW19,trapeze dress,0.0,0.026618062
5535,25,AW19,kimono dress,0.0,0.004776365
5502,16,AW19,long sleeve,0.0,0.0020983221
5563,117,AW19,solid color top,0.0,0.0051940978
5502,22,AW19,long sleeve,0.0,0.007986346
5511,10,AW19,long sleeve,0.0,0.0021230457
5536,29,AW19,medium coat,0.0,0.0041555003
5040,13,AW19,solid color top,0.0,0.0021295368
5536,36,AW19,medium coat,0.0,0.0
5502,74,AW19,long sleeve,0.0,0.0017651395
5069,69,AW19,long sleeve,0.0,0.002852856
5573,40,AW19,trapeze dress,0.0,0.0017235512
5521,41,AW19,long coat,0.0,0.0024335887
5576,121,AW19,trapeze dress,0.0,0.0149800815
5436,32,AW19,long sleeve,0.0,0.0030058126
5054,108,AW19,doll dress,0.0,0.0010181083
5576,69,AW19,trapeze dress,0.0,0.012314606
5576,36,AW19,trapeze dress,0.0,0.014409076
5576,46,AW19,trapeze dress,0.0,0.005123543
5557,35,AW19,medium coat,0.0,0.004942472
4974,108,AW19,long cardigan,0.0,0.0047364477
4860,19,AW19,sleeveless,0.0,0.0061470256
5577,64,AW19,trapeze dress,0.0,0.00032744696
5574,89,AW19,trapeze dress,0.0,0.01209428
5504,7,AW19,medium coat,0.0,0.0045024147
5573,16,AW19,trapeze dress,0.0,0.0063864007
5528,108,AW19,long sleeve,0.0,0.008483697
5565,73,AW19,solid color top,0.0,0.00059332803
5540,25,AW19,culottes,0.0,0.003791792
4905,108,AW19,doll dress,0.0,0.0018540516
5484,0,AW19,long sleeve,0.0,0.003718104
5575,11,AW19,trapeze dress,0.0,0.0038813627
5376,108,AW19,long coat,0.0,0.005211199
5565,8,AW19,solid color top,0.0,0.008612783
5575,56,AW19,trapeze dress,0.0,0.0028796152
5061,103,AW19,long coat,0.0,0.005080533
4990,46,AW19,long sleeve,0.0,0.0054562828
4803,32,AW19,sleeveless,0.0,0.0017810859
5373,27,AW19,long cardigan,0.0,0.0036516543
5078,2,AW19,medium coat,0.0,0.0024583598
5061,80,AW19,long coat,0.0,0.013823505
5470,91,AW19,medium coat,0.0,0.0011466658
5577,15,AW19,trapeze dress,0.0,0.0039534243
5577,21,AW19,trapeze dress,0.0,0.002404936
5567,12,AW19,long sleeve,0.0,0.002506026
5567,30,AW19,long sleeve,0.0,0.0015157701
5577,18,AW19,trapeze dress,0.0,0.0030492037
5336,22,AW19,long sleeve,0.0,0.0011592234
5564,41,AW19,short coat,0.0,0.002525984
5532,117,AW19,kimono dress,0.0,0.0039893305
5564,89,AW19,short coat,0.0,0.007076151
5577,68,AW19,trapeze dress,0.0,0.001819676
4911,87,AW19,medium coat,0.0,0.0057622297
5497,60,AW19,long coat,0.0,0.0037798472
5577,22,AW19,trapeze dress,0.0,0.004721516
5380,51,AW19,long sleeve,0.0,0.0027361952
5577,73,AW19,trapeze dress,0.0,0.0007676165
5566,59,AW19,short coat,0.0,0.0040387707
5577,49,AW19,trapeze dress,0.0,0.0022635031
5347,110,AW19,long sleeve,0.0,0.0034165564
5447,105,AW19,solid color top,0.0,0.006228756
5573,66,AW19,trapeze dress,0.0,0.00416398
5573,96,AW19,trapeze dress,0.0,0.001024924
5573,62,AW19,trapeze dress,0.0,0.0044859783
5574,8,AW19,trapeze dress,0.0,0.0031028916
5573,15,AW19,trapeze dress,0.0,0.009632014
5475,64,AW19,culottes,0.0,0.004582705
5573,105,AW19,trapeze dress,0.0,0.0009814284
5574,40,AW19,trapeze dress,0.0,0.004219792
5466,104,AW19,kimono dress,0.0,0.0053996546
5394,48,AW19,maxi,0.0,0.0026671288
5381,76,AW19,long sleeve,0.0,0.0019510911
5574,83,AW19,trapeze dress,0.0,0.0026613288
5367,50,AW19,long sleeve,0.0,0.002634622
5574,1,AW19,trapeze dress,0.0,0.0014954213
4813,47,AW19,long coat,0.0,0.005305813
5536,10,AW19,medium coat,0.0,0.0041233515
5543,42,AW19,long sleeve,0.0,0.0026571194
5524,31,AW19,sleeveless,0.0,0.0007254074
5469,51,AW19,long duster,0.0,0.0068518855
5575,84,AW19,trapeze dress,0.0,0.0021791738
5575,19,AW19,trapeze dress,0.0,0.0021939843
5061,2,AW19,long coat,0.0,0.0020962704
4572,105,AW19,doll dress,0.0,0.0
4538,90,AW19,culottes,0.0,0.0
4931,110,AW19,culottes,0.0,0.002842898
5064,79,AW19,kimono dress,0.0,0.0027692306
4409,105,AW19,printed shirt,0.0,0.0
4790,56,AW19,doll dress,0.0,0.0017941009
5497,125,AW19,long coat,0.0,0.0038452824
5576,74,AW19,trapeze dress,0.0,0.0069140084
5576,32,AW19,trapeze dress,0.0,0.004413424
5577,87,AW19,trapeze dress,0.0,0.0067804204
5552,39,AW19,long sleeve,0.0,0.0038509844
5484,75,AW19,long sleeve,0.0,0.0007387875
5564,45,AW19,short coat,0.0,0.00073469384
5549,57,AW19,short coat,0.0,0.0015280596
5576,82,AW19,trapeze dress,0.0,0.010123563
5576,27,AW19,trapeze dress,0.0,0.0045327963
5575,28,AW19,trapeze dress,0.0,0.0014541668
5046,108,AW19,medium coat,0.0,0.002924445
4721,88,AW19,long sleeve,0.0,0.0033366648
5433,16,AW19,long coat,0.0,0.0016232107
5564,8,AW19,short coat,0.0,0.004826848
5567,31,AW19,long sleeve,0.0,0.0019067184
4978,4,AW19,culottes,0.0,0.0017298451
5576,41,AW19,trapeze dress,0.0,0.0049520824
4813,7,AW19,long coat,0.0,0.011217118
4698,66,AW19,culottes,0.0,0.0052476027
4867,108,AW19,sheath dress,0.0,0.0025038645
4878,26,AW19,long sleeve,0.0,0.0039936914
4884,40,AW19,long sleeve,0.0,0.0029997483
5016,15,AW19,printed shirt,0.0,0.0016139391
4884,121,AW19,long sleeve,0.0,0.0033334207
5076,16,AW19,sheath dress,0.0,0.002967924
5069,80,AW19,long sleeve,0.0,0.0039851665
5073,15,AW19,medium coat,0.0,0.0
5576,102,AW19,trapeze dress,0.0,0.0017162035
4791,108,AW19,sleeveless,0.0,0.0
5046,115,AW19,medium coat,0.0,0.0015215204
5545,23,AW19,medium coat,0.0,6.706611e-05
5576,63,AW19,trapeze dress,0.0,0.006320183
5069,31,AW19,long sleeve,0.0,0.0
5577,53,AW19,trapeze dress,0.0,0.002640669
4279,105,AW19,sleeveless,0.0,0.001079158
5556,19,AW19,long sleeve,0.0,0.0023928774
5576,2,AW19,trapeze dress,0.0,0.006395998
5475,85,AW19,culottes,0.0,0.002829951
5465,83,AW19,long coat,0.0,0.00094108697
4812,103,AW19,long sleeve,0.0,0.0007735615
5576,14,AW19,trapeze dress,0.0,0.005173087
5576,48,AW19,trapeze dress,0.0,0.007770556
4645,115,AW19,short sleeves,0.0,7.997934e-05
4397,105,AW19,long sleeve,0.0,0.0
5576,79,AW19,trapeze dress,0.0,0.0058551594
5459,60,AW19,culottes,0.0,0.0051032393
5576,19,AW19,trapeze dress,0.0,0.0129120415
5469,104,AW19,long duster,0.0,0.0026405388
4559,0,AW19,culottes,0.0,0.001989356
5556,93,AW19,long sleeve,0.0,0.005480778
4523,115,AW19,doll dress,0.0,0.0
5451,63,AW19,medium coat,0.0,0.0
4623,103,AW19,sleeveless,0.0,0.0056262636
4768,10,AW19,short cardigan,0.0,0.0005682524
5530,19,AW19,medium coat,0.0,0.0014356094
5574,46,AW19,trapeze dress,0.0,0.0031838499
5504,108,AW19,medium coat,0.0,0.0015292823
5469,108,AW19,long duster,0.0,0.0038410274
5574,19,AW19,trapeze dress,0.0,0.0026321057
4409,31,AW19,printed shirt,0.0,0.000705994
5527,13,AW19,long coat,0.0,0.00014672606
5418,105,AW19,short cardigan,0.0,0.0014895966
5040,76,AW19,solid color top,0.0,0.0034665356
4966,13,AW19,long duster,0.0,0.002637223
5576,28,AW19,trapeze dress,0.0,0.0141210165
5461,3,AW19,long coat,0.0,0.0023991289
5011,90,AW19,long sleeve,0.0,0.001212515
5011,69,AW19,long sleeve,0.0,0.0048179617
5470,76,AW19,medium coat,0.0,0.0025699928
5566,83,AW19,short coat,0.0,0.0015102018
5025,20,AW19,long sleeve,0.0,0.00078617694
4991,36,AW19,long cardigan,0.0,0.0021529733
5566,80,AW19,short coat,0.0,0.004809608
5417,104,AW19,long sleeve,0.0,0.0015491414
5504,51,AW19,medium coat,0.0,0.0007771031
5558,10,AW19,medium coat,0.0,0.0027356613
4988,108,AW19,medium coat,0.0,0.0013462632
4280,105,AW19,culottes,0.0,0.0
4791,28,AW19,sleeveless,0.0,0.0014060307
